stamp,elapsed,x,y,z,yaw
1784880993.799869299,0.000000181,-0.261959000,-0.006230000,1.200000000,-0.039639000
1784880993.809869289,0.010000181,-0.261958995,-0.006229999,1.200000000,-0.039641273
1784880993.819869280,0.020000181,-0.261958926,-0.006229992,1.200000000,-0.039648002
1784880993.829869270,0.030000181,-0.261958631,-0.006229958,1.200000000,-0.039659050
1784880993.839869261,0.040000181,-0.261957848,-0.006229868,1.200000000,-0.039674280
1784880993.849869251,0.050000181,-0.261956219,-0.006229681,1.200000000,-0.039693557
1784880993.859869242,0.060000181,-0.261953301,-0.006229345,1.200000000,-0.039716743
1784880993.869869232,0.070000181,-0.261948564,-0.006228801,1.200000000,-0.039743702
1784880993.879869223,0.080000181,-0.261941405,-0.006227978,1.200000000,-0.039774298
1784880993.889869213,0.090000181,-0.261931148,-0.006226799,1.200000000,-0.039808394
1784880993.899869204,0.100000181,-0.261917048,-0.006225177,1.200000000,-0.039845854
1784880993.909869194,0.110000181,-0.261898301,-0.006223020,1.200000000,-0.039886541
1784880993.919869184,0.120000181,-0.261874048,-0.006220228,1.200000000,-0.039930318
1784880993.929869175,0.130000181,-0.261843375,-0.006216696,1.200000000,-0.039977050
1784880993.939869165,0.140000181,-0.261805323,-0.006212313,1.200000000,-0.040026600
1784880993.949869156,0.150000181,-0.261758890,-0.006206963,1.200000000,-0.040078831
1784880993.959869146,0.160000181,-0.261703036,-0.006200525,1.200000000,-0.040133607
1784880993.969869137,0.170000181,-0.261636686,-0.006192875,1.200000000,-0.040190791
1784880993.979869127,0.180000181,-0.261558737,-0.006183884,1.200000000,-0.040250247
1784880993.989869356,0.190000181,-0.261468057,-0.006173421,1.200000000,-0.040311839
1784880993.999869347,0.200000181,-0.261363493,-0.006161352,1.200000000,-0.040375429
1784880994.009869337,0.210000181,-0.261243873,-0.006147540,1.200000000,-0.040440882
1784880994.019869328,0.220000181,-0.261108009,-0.006131847,1.200000000,-0.040508061
1784880994.029869318,0.230000181,-0.260954703,-0.006114133,1.200000000,-0.040576829
1784880994.039869308,0.240000181,-0.260782744,-0.006094256,1.200000000,-0.040647050
1784880994.049869299,0.250000181,-0.260590918,-0.006072075,1.200000000,-0.040718588
1784880994.059869289,0.260000181,-0.260378008,-0.006047447,1.200000000,-0.040791305
1784880994.069869280,0.270000181,-0.260142795,-0.006020229,1.200000000,-0.040865067
1784880994.079869270,0.280000181,-0.259884063,-0.005990279,1.200000000,-0.040939735
1784880994.089869261,0.290000181,-0.259600603,-0.005957453,1.200000000,-0.041015174
1784880994.099869251,0.300000181,-0.259291209,-0.005921612,1.200000000,-0.041091247
1784880994.109869242,0.310000181,-0.258954689,-0.005882612,1.200000000,-0.041167818
1784880994.119869232,0.320000181,-0.258589860,-0.005840317,1.200000000,-0.041244750
1784880994.129869223,0.330000181,-0.258195555,-0.005794586,1.200000000,-0.041321906
1784880994.139869213,0.340000181,-0.257770620,-0.005745285,1.200000000,-0.041399151
1784880994.149869204,0.350000181,-0.257313921,-0.005692278,1.200000000,-0.041476348
1784880994.159869194,0.360000181,-0.256824343,-0.005635432,1.200000000,-0.041553360
1784880994.169869184,0.370000181,-0.256300791,-0.005574619,1.200000000,-0.041630050
1784880994.179869175,0.380000181,-0.255742194,-0.005509709,1.200000000,-0.041706283
1784880994.189869165,0.390000181,-0.255147504,-0.005440578,1.200000000,-0.041781922
1784880994.199869156,0.400000181,-0.254515698,-0.005367104,1.200000000,-0.041856830
1784880994.209869146,0.410000181,-0.253845780,-0.005289168,1.200000000,-0.041930870
1784880994.219869137,0.420000181,-0.253136783,-0.005206652,1.200000000,-0.042003908
1784880994.229869127,0.430000181,-0.252387765,-0.005119443,1.200000000,-0.042075805
1784880994.239869356,0.440000181,-0.251597818,-0.005027433,1.200000000,-0.042146425
1784880994.249869347,0.450000181,-0.250766062,-0.004930514,1.200000000,-0.042215633
1784880994.259869337,0.460000181,-0.249891648,-0.004828584,1.200000000,-0.042283291
1784880994.269869328,0.470000181,-0.248973761,-0.004721543,1.200000000,-0.042349263
1784880994.279869318,0.480000181,-0.248011617,-0.004609295,1.200000000,-0.042413412
1784880994.289869308,0.490000181,-0.247004466,-0.004491750,1.200000000,-0.042475602
1784880994.299869299,0.500000181,-0.245951590,-0.004368818,1.200000000,-0.042535697
1784880994.309869289,0.510000181,-0.244852308,-0.004240416,1.200000000,-0.042593561
1784880994.319869280,0.520000181,-0.243705970,-0.004106462,1.200000000,-0.042649055
1784880994.329869270,0.530000181,-0.242511963,-0.003966882,1.200000000,-0.042702045
1784880994.339869261,0.540000181,-0.241269707,-0.003821602,1.200000000,-0.042752393
1784880994.349869251,0.550000181,-0.239978659,-0.003670555,1.200000000,-0.042799964
1784880994.359869242,0.560000181,-0.238638308,-0.003513675,1.200000000,-0.042844620
1784880994.369869232,0.570000181,-0.237248181,-0.003350902,1.200000000,-0.042886225
1784880994.379869223,0.580000181,-0.235807838,-0.003182181,1.200000000,-0.042924644
1784880994.389869213,0.590000181,-0.234316873,-0.003007458,1.200000000,-0.042959738
1784880994.399869204,0.600000181,-0.232774917,-0.002826686,1.200000000,-0.042991372
1784880994.409869194,0.610000181,-0.231181633,-0.002639821,1.200000000,-0.043019410
1784880994.419869184,0.620000181,-0.229536720,-0.002446821,1.200000000,-0.043043714
1784880994.429869175,0.630000181,-0.227839907,-0.002247651,1.200000000,-0.043064148
1784880994.439869165,0.640000181,-0.226090962,-0.002042278,1.200000000,-0.043080577
1784880994.449869156,0.650000181,-0.224289680,-0.001830674,1.200000000,-0.043092862
1784880994.459869146,0.660000181,-0.222435893,-0.001612813,1.200000000,-0.043100869
1784880994.469869137,0.670000181,-0.220529461,-0.001388675,1.200000000,-0.043104460
1784880994.479869127,0.680000181,-0.218570280,-0.001158243,1.200000000,-0.043103499
1784880994.489869356,0.690000181,-0.216558273,-0.000921503,1.200000000,-0.043097849
1784880994.499869347,0.700000181,-0.214493395,-0.000678445,1.200000000,-0.043087375
1784880994.509869337,0.710000181,-0.212375629,-0.000429062,1.200000000,-0.043071939
1784880994.519869328,0.720000181,-0.210204989,-0.000173352,1.200000000,-0.043051405
1784880994.529869318,0.730000181,-0.207981516,0.000088684,1.200000000,-0.043025636
1784880994.539869308,0.740000181,-0.205705279,0.000357044,1.200000000,-0.042994497
1784880994.549869299,0.750000181,-0.203376374,0.000631719,1.200000000,-0.042957850
1784880994.559869289,0.760000181,-0.200994923,0.000912700,1.200000000,-0.042915559
1784880994.569869280,0.770000181,-0.198561072,0.001199973,1.200000000,-0.042867488
1784880994.579869270,0.780000181,-0.196074993,0.001493522,1.200000000,-0.042813500
1784880994.589869261,0.790000181,-0.193536882,0.001793326,1.200000000,-0.042753458
1784880994.599869251,0.800000181,-0.190946957,0.002099365,1.200000000,-0.042687227
1784880994.609869242,0.810000181,-0.188305459,0.002411612,1.200000000,-0.042614669
1784880994.619869232,0.820000181,-0.185612650,0.002730040,1.200000000,-0.042535649
1784880994.629869223,0.830000181,-0.182868811,0.003054619,1.200000000,-0.042450030
1784880994.639869213,0.840000181,-0.180074246,0.003385316,1.200000000,-0.042357674
1784880994.649869204,0.850000181,-0.177229275,0.003722094,1.200000000,-0.042258447
1784880994.659869194,0.860000181,-0.174334238,0.004064917,1.200000000,-0.042152211
1784880994.669869184,0.870000181,-0.171389490,0.004413745,1.200000000,-0.042038830
1784880994.679869175,0.880000181,-0.168395406,0.004768535,1.200000000,-0.041918167
1784880994.689869165,0.890000181,-0.165352374,0.005129243,1.200000000,-0.041790120
1784880994.699869156,0.900000181,-0.162260797,0.005495823,1.200000000,-0.041654739
1784880994.709869146,0.910000181,-0.159121093,0.005868226,1.200000000,-0.041512112
1784880994.719869137,0.920000181,-0.155933694,0.006246403,1.200000000,-0.041362329
1784880994.729869127,0.930000181,-0.152699045,0.006630301,1.200000000,-0.041205479
1784880994.739869356,0.940000181,-0.149417600,0.007019866,1.200000000,-0.041041651
1784880994.749869347,0.950000181,-0.146089827,0.007415045,1.200000000,-0.040870935
1784880994.759869337,0.960000181,-0.142716205,0.007815780,1.200000000,-0.040693420
1784880994.769869328,0.970000181,-0.139297222,0.008222012,1.200000000,-0.040509196
1784880994.779869318,0.980000181,-0.135833374,0.008633683,1.200000000,-0.040318351
1784880994.789869308,0.990000181,-0.132325168,0.009050731,1.200000000,-0.040120976
1784880994.799869299,1.000000181,-0.128773118,0.009473094,1.200000000,-0.039917159
1784880994.809869289,1.010000181,-0.125177746,0.009900708,1.200000000,-0.039706990
1784880994.819869280,1.020000181,-0.121539579,0.010333510,1.200000000,-0.039490558
1784880994.829869270,1.030000181,-0.117859152,0.010771434,1.200000000,-0.039267953
1784880994.839869261,1.040000181,-0.114137006,0.011214413,1.200000000,-0.039039264
1784880994.849869251,1.050000181,-0.110373685,0.011662380,1.200000000,-0.038804580
1784880994.859869242,1.060000181,-0.106569739,0.012115266,1.200000000,-0.038563990
1784880994.869869232,1.070000181,-0.102725722,0.012573003,1.200000000,-0.038317584
1784880994.879869223,1.080000181,-0.098842192,0.013035521,1.200000000,-0.038065452
1784880994.889869213,1.090000181,-0.094919709,0.013502749,1.200000000,-0.037807682
1784880994.899869204,1.100000181,-0.090958835,0.013974616,1.200000000,-0.037544364
1784880994.909869194,1.110000181,-0.086960135,0.014451051,1.200000000,-0.037275587
1784880994.919869184,1.120000181,-0.082924176,0.014931981,1.200000000,-0.037001441
1784880994.929869175,1.130000181,-0.078851525,0.015417334,1.200000000,-0.036722015
1784880994.939869165,1.140000181,-0.074742749,0.015907038,1.200000000,-0.036437398
1784880994.949869156,1.150000181,-0.070598418,0.016401018,1.200000000,-0.036147680
1784880994.959869146,1.160000181,-0.066419098,0.016899201,1.200000000,-0.035852949
1784880994.969869137,1.170000181,-0.062205357,0.017401513,1.200000000,-0.035553296
1784880994.979869127,1.180000181,-0.057957762,0.017907882,1.200000000,-0.035248810
1784880994.989869356,1.190000181,-0.053676876,0.018418231,1.200000000,-0.034939580
1784880994.999869347,1.200000181,-0.049363263,0.018932488,1.200000000,-0.034625695
1784880995.009869337,1.210000181,-0.045017484,0.019450577,1.200000000,-0.034307245
1784880995.019869328,1.220000181,-0.040640096,0.019972426,1.200000000,-0.033984319
1784880995.029869318,1.230000181,-0.036231656,0.020497959,1.200000000,-0.033657006
1784880995.039869308,1.240000181,-0.031792714,0.021027103,1.200000000,-0.033325396
1784880995.049869299,1.250000181,-0.027323820,0.021559783,1.200000000,-0.032989578
1784880995.059869289,1.260000181,-0.022825518,0.022095927,1.200000000,-0.032649641
1784880995.069869280,1.270000181,-0.018298348,0.022635460,1.200000000,-0.032305676
1784880995.079869270,1.280000181,-0.013742847,0.023178309,1.200000000,-0.031957770
1784880995.089869261,1.290000181,-0.009159546,0.023724402,1.200000000,-0.031606014
1784880995.099869251,1.300000181,-0.004548971,0.024273666,1.200000000,-0.031250496
1784880995.109869242,1.310000181,0.000088356,0.024826028,1.200000000,-0.030891307
1784880995.119869232,1.320000181,0.004751921,0.025381417,1.200000000,-0.030528535
1784880995.129869223,1.330000181,0.009441214,0.025939762,1.200000000,-0.030162270
1784880995.139869213,1.340000181,0.014155730,0.026500991,1.200000000,-0.029792601
1784880995.149869204,1.350000181,0.018894972,0.027065034,1.200000000,-0.029419618
1784880995.159869194,1.360000181,0.023658449,0.027631822,1.200000000,-0.029043409
1784880995.169869184,1.370000181,0.028445676,0.028201286,1.200000000,-0.028664065
1784880995.179869175,1.380000181,0.033256176,0.028773355,1.200000000,-0.028281674
1784880995.189869165,1.390000181,0.038089478,0.029347964,1.200000000,-0.027896326
1784880995.199869156,1.400000181,0.042945117,0.029925044,1.200000000,-0.027508110
1784880995.209869146,1.410000181,0.047822639,0.030504528,1.200000000,-0.027117116
1784880995.219869137,1.420000181,0.052721593,0.031086352,1.200000000,-0.026723433
1784880995.229869127,1.430000181,0.057641540,0.031670449,1.200000000,-0.026327149
1784880995.239869356,1.440000181,0.062582044,0.032256755,1.200000000,-0.025928356
1784880995.249869347,1.450000181,0.067542682,0.032845208,1.200000000,-0.025527141
1784880995.259869337,1.460000181,0.072523035,0.033435743,1.200000000,-0.025123595
1784880995.269869328,1.470000181,0.077522694,0.034028299,1.200000000,-0.024717806
1784880995.279869318,1.480000181,0.082541258,0.034622815,1.200000000,-0.024309865
1784880995.289869308,1.490000181,0.087578333,0.035219231,1.200000000,-0.023899859
1784880995.299869299,1.500000181,0.092633537,0.035817487,1.200000000,-0.023487879
1784880995.309869289,1.510000181,0.097706492,0.036417525,1.200000000,-0.023074015
1784880995.319869280,1.520000181,0.102796831,0.037019288,1.200000000,-0.022658354
1784880995.329869270,1.530000181,0.107904197,0.037622720,1.200000000,-0.022240987
1784880995.339869261,1.540000181,0.113028238,0.038227764,1.200000000,-0.021822004
1784880995.349869251,1.550000181,0.118168613,0.038834366,1.200000000,-0.021401492
1784880995.359869242,1.560000181,0.123324991,0.039442473,1.200000000,-0.020979542
1784880995.369869232,1.570000181,0.128497048,0.040052032,1.200000000,-0.020556244
1784880995.379869223,1.580000181,0.133684469,0.040662992,1.200000000,-0.020131685
1784880995.389869213,1.590000181,0.138886947,0.041275303,1.200000000,-0.019705957
1784880995.399869204,1.600000181,0.144104187,0.041888914,1.200000000,-0.019279147
1784880995.409869194,1.610000181,0.149335901,0.042503779,1.200000000,-0.018851346
1784880995.419869184,1.620000181,0.154581808,0.043119849,1.200000000,-0.018422643
1784880995.429869175,1.630000181,0.159841640,0.043737078,1.200000000,-0.017993127
1784880995.439869165,1.640000181,0.165115134,0.044355422,1.200000000,-0.017562887
1784880995.449869156,1.650000181,0.170402039,0.044974837,1.200000000,-0.017132013
1784880995.459869146,1.660000181,0.175702111,0.045595279,1.200000000,-0.016700594
1784880995.469869137,1.670000181,0.181015115,0.046216708,1.200000000,-0.016268719
1784880995.479869127,1.680000181,0.186340826,0.046839083,1.200000000,-0.015836479
1784880995.489869356,1.690000181,0.191679027,0.047462364,1.200000000,-0.015403961
1784880995.499869347,1.700000181,0.197029509,0.048086513,1.200000000,-0.014971256
1784880995.509869337,1.710000181,0.202392073,0.048711493,1.200000000,-0.014538453
1784880995.519869328,1.720000181,0.207766527,0.049337269,1.200000000,-0.014105641
1784880995.529869318,1.730000181,0.213152689,0.049963805,1.200000000,-0.013672910
1784880995.539869308,1.740000181,0.218550386,0.050591067,1.200000000,-0.013240349
1784880995.549869299,1.750000181,0.223959451,0.051219024,1.200000000,-0.012808046
1784880995.559869289,1.760000181,0.229379729,0.051847644,1.200000000,-0.012376093
1784880995.569869280,1.770000181,0.234811069,0.052476897,1.200000000,-0.011944577
1784880995.579869270,1.780000181,0.240253331,0.053106755,1.200000000,-0.011513588
1784880995.589869261,1.790000181,0.245706382,0.053737188,1.200000000,-0.011083216
1784880995.599869251,1.800000181,0.251170099,0.054368171,1.200000000,-0.010653550
1784880995.609869242,1.810000181,0.256644363,0.054999679,1.200000000,-0.010224679
1784880995.619869232,1.820000181,0.262129067,0.055631686,1.200000000,-0.009796693
1784880995.629869223,1.830000181,0.267624110,0.056264170,1.200000000,-0.009369681
1784880995.639869213,1.840000181,0.273129397,0.056897110,1.200000000,-0.008943732
1784880995.649869204,1.850000181,0.278644843,0.057530483,1.200000000,-0.008518935
1784880995.659869194,1.860000181,0.284170368,0.058164271,1.200000000,-0.008095381
1784880995.669869184,1.870000181,0.289705902,0.058798455,1.200000000,-0.007673158
1784880995.679869175,1.880000181,0.295251380,0.059433017,1.200000000,-0.007252356
1784880995.689869165,1.890000181,0.300806745,0.060067942,1.200000000,-0.006833064
1784880995.699869156,1.900000181,0.306371945,0.060703215,1.200000000,-0.006415371
1784880995.709869146,1.910000181,0.311946939,0.061338821,1.200000000,-0.005999366
1784880995.719869137,1.920000181,0.317531687,0.061974747,1.200000000,-0.005585140
1784880995.729869127,1.930000181,0.323126160,0.062610983,1.200000000,-0.005172781
1784880995.739869356,1.940000181,0.328730333,0.063247517,1.200000000,-0.004762379
1784880995.749869347,1.950000181,0.334344187,0.063884340,1.200000000,-0.004354023
1784880995.759869337,1.960000181,0.339967711,0.064521443,1.200000000,-0.003947803
1784880995.769869328,1.970000181,0.345600898,0.065158820,1.200000000,-0.003543807
1784880995.779869318,1.980000181,0.351243748,0.065796464,1.200000000,-0.003142125
1784880995.789869308,1.990000181,0.356896264,0.066434370,1.200000000,-0.002742847
1784880995.799869299,2.000000181,0.362558458,0.067072533,1.200000000,-0.002346061
1784880995.809869289,2.010000181,0.368230345,0.067710952,1.200000000,-0.001951858
1784880995.819869280,2.020000181,0.373911946,0.068349623,1.200000000,-0.001560326
1784880995.829869270,2.030000181,0.379603286,0.068988546,1.200000000,-0.001171555
1784880995.839869261,2.040000181,0.385304395,0.069627720,1.200000000,-0.000785634
1784880995.849869251,2.050000181,0.391015308,0.070267148,1.200000000,-0.000402653
1784880995.859869242,2.060000181,0.396736065,0.070906831,1.200000000,-0.000022700
1784880995.869869232,2.070000181,0.402466710,0.071546771,1.200000000,0.000354134
1784880995.879869223,2.080000181,0.408207288,0.072186974,1.200000000,0.000727761
1784880995.889869213,2.090000181,0.413957854,0.072827444,1.200000000,0.001098091
1784880995.899869204,2.100000181,0.419718460,0.073468186,1.200000000,0.001465035
1784880995.909869194,2.110000181,0.425489168,0.074109208,1.200000000,0.001828503
1784880995.919869184,2.120000181,0.431270038,0.074750518,1.200000000,0.002188407
1784880995.929869175,2.130000181,0.437061137,0.075392123,1.200000000,0.002544656
1784880995.939869165,2.140000181,0.442862532,0.076034035,1.200000000,0.002897161
1784880995.949869156,2.150000181,0.448674296,0.076676262,1.200000000,0.003245834
1784880995.959869146,2.160000181,0.454496503,0.077318817,1.200000000,0.003590584
1784880995.969869137,2.170000181,0.460329229,0.077961711,1.200000000,0.003931323
1784880995.979869127,2.180000181,0.466172554,0.078604958,1.200000000,0.004267960
1784880995.989869356,2.190000181,0.472026559,0.079248572,1.200000000,0.004600408
1784880995.999869347,2.200000181,0.477891328,0.079892566,1.200000000,0.004928576
1784880996.009869337,2.210000181,0.483766945,0.080536956,1.200000000,0.005252374
1784880996.019869328,2.220000181,0.489653497,0.081181759,1.200000000,0.005571715
1784880996.029869318,2.230000181,0.495551073,0.081826992,1.200000000,0.005886508
1784880996.039869308,2.240000181,0.501459763,0.082472671,1.200000000,0.006196663
1784880996.049869299,2.250000181,0.507379658,0.083118816,1.200000000,0.006502093
1784880996.059869289,2.260000181,0.513310849,0.083765446,1.200000000,0.006802706
1784880996.069869280,2.270000181,0.519253429,0.084412579,1.200000000,0.007098415
1784880996.079869270,2.280000181,0.525207492,0.085060238,1.200000000,0.007389129
1784880996.089869261,2.290000181,0.531173132,0.085708443,1.200000000,0.007674760
1784880996.099869251,2.300000181,0.537150443,0.086357215,1.200000000,0.007955217
1784880996.109869242,2.310000181,0.543139520,0.087006577,1.200000000,0.008230412
1784880996.119869232,2.320000181,0.549140457,0.087656552,1.200000000,0.008500256
1784880996.129869223,2.330000181,0.555153348,0.088307164,1.200000000,0.008764658
1784880996.139869213,2.340000181,0.561178288,0.088958437,1.200000000,0.009023529
1784880996.149869204,2.350000181,0.567215371,0.089610396,1.200000000,0.009276781
1784880996.159869194,2.360000181,0.573264688,0.090263065,1.200000000,0.009524324
1784880996.169869184,2.370000181,0.579326334,0.090916470,1.200000000,0.009766069
1784880996.179869175,2.380000181,0.585400398,0.091570639,1.200000000,0.010001925
1784880996.189869165,2.390000181,0.591486973,0.092225597,1.200000000,0.010231804
1784880996.199869156,2.400000181,0.597586146,0.092881372,1.200000000,0.010455617
1784880996.209869146,2.410000181,0.603698006,0.093537992,1.200000000,0.010673274
1784880996.219869137,2.420000181,0.609822639,0.094195485,1.200000000,0.010884686
1784880996.229869127,2.430000181,0.615960131,0.094853878,1.200000000,0.011089763
1784880996.239869356,2.440000181,0.622110564,0.095513202,1.200000000,0.011288417
1784880996.249869347,2.450000181,0.628274019,0.096173486,1.200000000,0.011480557
1784880996.259869337,2.460000181,0.634450577,0.096834758,1.200000000,0.011666095
1784880996.269869328,2.470000181,0.640640315,0.097497050,1.200000000,0.011844940
1784880996.279869318,2.480000181,0.646843307,0.098160392,1.200000000,0.012017008
1784880996.289869308,2.490000181,0.653059626,0.098824813,1.200000000,0.012182294
1784880996.299869299,2.500000181,0.659289344,0.099490346,1.200000000,0.012340882
1784880996.309869289,2.510000181,0.665532527,0.100157022,1.200000000,0.012492859
1784880996.319869280,2.520000181,0.671789241,0.100824872,1.200000000,0.012638312
1784880996.329869270,2.530000181,0.678059549,0.101493927,1.200000000,0.012777329
1784880996.339869261,2.540000181,0.684343511,0.102164220,1.200000000,0.012909996
1784880996.349869251,2.550000181,0.690641182,0.102835783,1.200000000,0.013036402
1784880996.359869242,2.560000181,0.696952618,0.103508649,1.200000000,0.013156633
1784880996.369869232,2.570000181,0.703277869,0.104182849,1.200000000,0.013270776
1784880996.379869223,2.580000181,0.709616982,0.104858417,1.200000000,0.013378920
1784880996.389869213,2.590000181,0.715970003,0.105535386,1.200000000,0.013481151
1784880996.399869204,2.600000181,0.722336971,0.106213788,1.200000000,0.013577557
1784880996.409869194,2.610000181,0.728717925,0.106893656,1.200000000,0.013668225
1784880996.419869184,2.620000181,0.735112900,0.107575024,1.200000000,0.013753242
1784880996.429869175,2.630000181,0.741521926,0.108257925,1.200000000,0.013832695
1784880996.439869165,2.640000181,0.747945031,0.108942393,1.200000000,0.013906672
1784880996.449869156,2.650000181,0.754382238,0.109628460,1.200000000,0.013975261
1784880996.459869146,2.660000181,0.760833567,0.110316160,1.200000000,0.014038548
1784880996.469869137,2.670000181,0.767299035,0.111005526,1.200000000,0.014096620
1784880996.479869127,2.680000181,0.773778654,0.111696592,1.200000000,0.014149566
1784880996.489869356,2.690000181,0.780272434,0.112389391,1.200000000,0.014197472
1784880996.499869347,2.700000181,0.786780380,0.113083957,1.200000000,0.014240426
1784880996.509869337,2.710000181,0.793302492,0.113780322,1.200000000,0.014278515
1784880996.519869328,2.720000181,0.799838767,0.114478520,1.200000000,0.014311826
1784880996.529869318,2.730000181,0.806389201,0.115178584,1.200000000,0.014340446
1784880996.539869308,2.740000181,0.812953781,0.115880547,1.200000000,0.014364464
1784880996.549869299,2.750000181,0.819532493,0.116584442,1.200000000,0.014383965
1784880996.559869289,2.760000181,0.826125320,0.117290301,1.200000000,0.014399038
1784880996.569869280,2.770000181,0.832732237,0.117998158,1.200000000,0.014409770
1784880996.579869270,2.780000181,0.839353220,0.118708044,1.200000000,0.014416248
1784880996.589869261,2.790000181,0.845988237,0.119419992,1.200000000,0.014418559
1784880996.599869251,2.800000181,0.852637254,0.120134034,1.200000000,0.014416791
1784880996.609869242,2.810000181,0.859300232,0.120850202,1.200000000,0.014411031
1784880996.619869232,2.820000181,0.865977128,0.121568527,1.200000000,0.014401366
1784880996.629869223,2.830000181,0.872667897,0.122289041,1.200000000,0.014387883
1784880996.639869213,2.840000181,0.879372486,0.123011775,1.200000000,0.014370671
1784880996.649869204,2.850000181,0.886090842,0.123736760,1.200000000,0.014349816
1784880996.659869194,2.860000181,0.892822905,0.124464027,1.200000000,0.014325405
1784880996.669869184,2.870000181,0.899568613,0.125193605,1.200000000,0.014297526
1784880996.679869175,2.880000181,0.906327898,0.125925525,1.200000000,0.014266266
1784880996.689869165,2.890000181,0.913100690,0.126659816,1.200000000,0.014231712
1784880996.699869156,2.900000181,0.919886914,0.127396507,1.200000000,0.014193952
1784880996.709869146,2.910000181,0.926686492,0.128135629,1.200000000,0.014153073
1784880996.719869137,2.920000181,0.933499339,0.128877208,1.200000000,0.014109163
1784880996.729869127,2.930000181,0.940325370,0.129621274,1.200000000,0.014062307
1784880996.739869356,2.940000181,0.947164494,0.130367854,1.200000000,0.014012595
1784880996.749869347,2.950000181,0.954016617,0.131116976,1.200000000,0.013960113
1784880996.759869337,2.960000181,0.960881640,0.131868667,1.200000000,0.013904949
1784880996.769869328,2.970000181,0.967759460,0.132622952,1.200000000,0.013847189
1784880996.779869318,2.980000181,0.974649973,0.133379859,1.200000000,0.013786921
1784880996.789869308,2.990000181,0.981553068,0.134139413,1.200000000,0.013724233
1784880996.799869299,3.000000181,0.988468631,0.134901639,1.200000000,0.013659211
1784880996.809869289,3.010000181,0.995396547,0.135666562,1.200000000,0.013591944
1784880996.819869280,3.020000181,1.002336694,0.136434205,1.200000000,0.013522518
1784880996.829869270,3.030000181,1.009288948,0.137204594,1.200000000,0.013451020
1784880996.839869261,3.040000181,1.016253181,0.137977750,1.200000000,0.013377538
1784880996.849869251,3.050000181,1.023229261,0.138753696,1.200000000,0.013302159
1784880996.859869242,3.060000181,1.030217055,0.139532455,1.200000000,0.013224971
1784880996.869869232,3.070000181,1.037216423,0.140314047,1.200000000,0.013146061
1784880996.879869223,3.080000181,1.044227225,0.141098495,1.200000000,0.013065516
1784880996.889869213,3.090000181,1.051249315,0.141885817,1.200000000,0.012983423
1784880996.899869204,3.100000181,1.058282545,0.142676035,1.200000000,0.012899870
1784880996.909869194,3.110000181,1.065326765,0.143469166,1.200000000,0.012814944
1784880996.919869184,3.120000181,1.072381820,0.144265231,1.200000000,0.012728732
1784880996.929869175,3.130000181,1.079447552,0.145064245,1.200000000,0.012641321
1784880996.939869165,3.140000181,1.086523801,0.145866227,1.200000000,0.012552800
1784880996.949869156,3.150000181,1.093610403,0.146671193,1.200000000,0.012463255
1784880996.959869146,3.160000181,1.100707193,0.147479160,1.200000000,0.012372773
1784880996.969869137,3.170000181,1.107814001,0.148290141,1.200000000,0.012281442
1784880996.979869127,3.180000181,1.114930656,0.149104153,1.200000000,0.012189350
1784880996.989869356,3.190000181,1.122056982,0.149921208,1.200000000,0.012096582
1784880996.999869347,3.200000181,1.129192803,0.150741321,1.200000000,0.012003228
1784880997.009869337,3.210000181,1.136337939,0.151564502,1.200000000,0.011909373
1784880997.019869328,3.220000181,1.143492208,0.152390765,1.200000000,0.011815106
1784880997.029869318,3.230000181,1.150655425,0.153220120,1.200000000,0.011720513
1784880997.039869308,3.240000181,1.157827403,0.154052577,1.200000000,0.011625683
1784880997.049869299,3.250000181,1.165007953,0.154888146,1.200000000,0.011530701
1784880997.059869289,3.260000181,1.172196883,0.155726835,1.200000000,0.011435656
1784880997.069869280,3.270000181,1.179394000,0.156568652,1.200000000,0.011340635
1784880997.079869270,3.280000181,1.186599109,0.157413605,1.200000000,0.011245725
1784880997.089869261,3.290000181,1.193812012,0.158261700,1.200000000,0.011151013
1784880997.099869251,3.300000181,1.201032509,0.159112942,1.200000000,0.011056587
1784880997.109869242,3.310000181,1.208260399,0.159967337,1.200000000,0.010962534
1784880997.119869232,3.320000181,1.215495479,0.160824887,1.200000000,0.010868942
1784880997.129869223,3.330000181,1.222737545,0.161685596,1.200000000,0.010775897
1784880997.139869213,3.340000181,1.229986390,0.162549467,1.200000000,0.010683487
1784880997.149869204,3.350000181,1.237241806,0.163416501,1.200000000,0.010591799
1784880997.159869194,3.360000181,1.244503584,0.164286698,1.200000000,0.010500921
1784880997.169869184,3.370000181,1.251771515,0.165160058,1.200000000,0.010410939
1784880997.179869175,3.380000181,1.259045385,0.166036579,1.200000000,0.010321942
1784880997.189869165,3.390000181,1.266324982,0.166916261,1.200000000,0.010234016
1784880997.199869156,3.400000181,1.273610092,0.167799100,1.200000000,0.010147249
1784880997.209869146,3.410000181,1.280900500,0.168685091,1.200000000,0.010061728
1784880997.219869137,3.420000181,1.288195990,0.169574231,1.200000000,0.009977540
1784880997.229869127,3.430000181,1.295496345,0.170466514,1.200000000,0.009894773
1784880997.239869356,3.440000181,1.302801348,0.171361933,1.200000000,0.009813514
1784880997.249869347,3.450000181,1.310110780,0.172260481,1.200000000,0.009733850
1784880997.259869337,3.460000181,1.317424422,0.173162149,1.200000000,0.009655868
1784880997.269869328,3.470000181,1.324742055,0.174066929,1.200000000,0.009579657
1784880997.279869318,3.480000181,1.332063459,0.174974810,1.200000000,0.009505302
1784880997.289869308,3.490000181,1.339388414,0.175885780,1.200000000,0.009432892
1784880997.299869299,3.500000181,1.346716699,0.176799828,1.200000000,0.009362514
1784880997.309869289,3.510000181,1.354048094,0.177716941,1.200000000,0.009294255
1784880997.319869280,3.520000181,1.361382379,0.178637105,1.200000000,0.009228202
1784880997.329869270,3.530000181,1.368719331,0.179560304,1.200000000,0.009164442
1784880997.339869261,3.540000181,1.376058732,0.180486523,1.200000000,0.009103064
1784880997.349869251,3.550000181,1.383400359,0.181415745,1.200000000,0.009044154
1784880997.359869242,3.560000181,1.390743994,0.182347953,1.200000000,0.008987800
1784880997.369869232,3.570000181,1.398089415,0.183283126,1.200000000,0.008934088
1784880997.379869223,3.580000181,1.405436403,0.184221246,1.200000000,0.008883106
1784880997.389869213,3.590000181,1.412784740,0.185162291,1.200000000,0.008834942
1784880997.399869204,3.600000181,1.420134206,0.186106241,1.200000000,0.008789683
1784880997.409869194,3.610000181,1.427484583,0.187053071,1.200000000,0.008747416
1784880997.419869184,3.620000181,1.434835655,0.188002759,1.200000000,0.008708228
1784880997.429869175,3.630000181,1.442187205,0.188955279,1.200000000,0.008672207
1784880997.439869165,3.640000181,1.449539017,0.189910606,1.200000000,0.008639440
1784880997.449869156,3.650000181,1.456890877,0.190868713,1.200000000,0.008610014
1784880997.459869146,3.660000181,1.464242571,0.191829572,1.200000000,0.008584016
1784880997.469869137,3.670000181,1.471593887,0.192793154,1.200000000,0.008561535
1784880997.479869127,3.680000181,1.478944613,0.193759431,1.200000000,0.008542656
1784880997.489869356,3.690000181,1.486294540,0.194728369,1.200000000,0.008527468
1784880997.499869347,3.700000181,1.493643458,0.195699939,1.200000000,0.008516058
1784880997.509869337,3.710000181,1.500991160,0.196674107,1.200000000,0.008508513
1784880997.519869328,3.720000181,1.508337440,0.197650839,1.200000000,0.008504920
1784880997.529869318,3.730000181,1.515682095,0.198630101,1.200000000,0.008505367
1784880997.539869308,3.740000181,1.523024921,0.199611856,1.200000000,0.008509941
1784880997.549869299,3.750000181,1.530365717,0.200596067,1.200000000,0.008518729
1784880997.559869289,3.760000181,1.537704284,0.201582698,1.200000000,0.008531819
1784880997.569869280,3.770000181,1.545040424,0.202571708,1.200000000,0.008549298
1784880997.579869270,3.780000181,1.552373943,0.203563057,1.200000000,0.008571252
1784880997.589869261,3.790000181,1.559704645,0.204556706,1.200000000,0.008597771
1784880997.599869251,3.800000181,1.567032341,0.205552611,1.200000000,0.008628940
1784880997.609869242,3.810000181,1.574356839,0.206550731,1.200000000,0.008664847
1784880997.619869232,3.820000181,1.581677953,0.207551020,1.200000000,0.008705579
1784880997.629869223,3.830000181,1.588995497,0.208553433,1.200000000,0.008751225
1784880997.639869213,3.840000181,1.596309288,0.209557926,1.200000000,0.008801870
1784880997.649869204,3.850000181,1.603619146,0.210564450,1.200000000,0.008857602
1784880997.659869194,3.860000181,1.610924893,0.211572957,1.200000000,0.008918509
1784880997.669869184,3.870000181,1.618226352,0.212583399,1.200000000,0.008984678
1784880997.679869175,3.880000181,1.625523349,0.213595726,1.200000000,0.009056196
1784880997.689869165,3.890000181,1.632815715,0.214609885,1.200000000,0.009133151
1784880997.699869156,3.900000181,1.640103279,0.215625826,1.200000000,0.009215629
1784880997.709869146,3.910000181,1.647385878,0.216643495,1.200000000,0.009303719
1784880997.719869137,3.920000181,1.654663347,0.217662838,1.200000000,0.009397496
1784880997.729869127,3.930000181,1.661935527,0.218683800,1.200000000,0.009496898
1784880997.739869356,3.940000181,1.669202259,0.219706325,1.200000000,0.009601768
1784880997.749869347,3.950000181,1.676463388,0.220730356,1.200000000,0.009711947
1784880997.759869337,3.960000181,1.683718763,0.221755835,1.200000000,0.009827274
1784880997.769869328,3.970000181,1.690968234,0.222782702,1.200000000,0.009947590
1784880997.779869318,3.980000181,1.698211655,0.223810899,1.200000000,0.010072735
1784880997.789869308,3.990000181,1.705448882,0.224840363,1.200000000,0.010202550
1784880997.799869299,4.000000181,1.712679775,0.225871034,1.200000000,0.010336876
1784880997.809869289,4.010000181,1.719904196,0.226902848,1.200000000,0.010475553
1784880997.819869280,4.020000181,1.727122012,0.227935742,1.200000000,0.010618420
1784880997.829869270,4.030000181,1.734333089,0.228969650,1.200000000,0.010765319
1784880997.839869261,4.040000181,1.741537301,0.230004508,1.200000000,0.010916090
1784880997.849869251,4.050000181,1.748734521,0.231040248,1.200000000,0.011070574
1784880997.859869242,4.060000181,1.755924628,0.232076803,1.200000000,0.011228610
1784880997.869869232,4.070000181,1.763107502,0.233114105,1.200000000,0.011390040
1784880997.879869223,4.080000181,1.770283027,0.234152085,1.200000000,0.011554703
1784880997.889869213,4.090000181,1.777451091,0.235190671,1.200000000,0.011722440
1784880997.899869204,4.100000181,1.784611584,0.236229793,1.200000000,0.011893092
1784880997.909869194,4.110000181,1.791764399,0.237269379,1.200000000,0.012066499
1784880997.919869184,4.120000181,1.798909434,0.238309356,1.200000000,0.012242501
1784880997.929869175,4.130000181,1.806046587,0.239349650,1.200000000,0.012420939
1784880997.939869165,4.140000181,1.813175763,0.240390187,1.200000000,0.012601653
1784880997.949869156,4.150000181,1.820296867,0.241430891,1.200000000,0.012784484
1784880997.959869146,4.160000181,1.827409810,0.242471686,1.200000000,0.012969272
1784880997.969869137,4.170000181,1.834514504,0.243512494,1.200000000,0.013155857
1784880997.979869127,4.180000181,1.841610865,0.244553237,1.200000000,0.013344080
1784880997.989869356,4.190000181,1.848698813,0.245593837,1.200000000,0.013533782
1784880997.999869347,4.200000181,1.855778270,0.246634214,1.200000000,0.013724802
1784880998.009869337,4.210000181,1.862849161,0.247674288,1.200000000,0.013916982
1784880998.019869328,4.220000181,1.869911417,0.248713976,1.200000000,0.014110161
1784880998.029869318,4.230000181,1.876964969,0.249753198,1.200000000,0.014304179
1784880998.039869308,4.240000181,1.884009752,0.250791870,1.200000000,0.014498879
1784880998.049869299,4.250000181,1.891045707,0.251829908,1.200000000,0.014694099
1784880998.059869289,4.260000181,1.898072773,0.252867229,1.200000000,0.014889681
1784880998.069869280,4.270000181,1.905090897,0.253903747,1.200000000,0.015085464
1784880998.079869270,4.280000181,1.912100027,0.254939377,1.200000000,0.015281289
1784880998.089869261,4.290000181,1.919100115,0.255974031,1.200000000,0.015476997
1784880998.099869251,4.300000181,1.926091114,0.257007622,1.200000000,0.015672428
1784880998.109869242,4.310000181,1.933072984,0.258040063,1.200000000,0.015867422
1784880998.119869232,4.320000181,1.940045685,0.259071265,1.200000000,0.016061820
1784880998.129869223,4.330000181,1.947009181,0.260101138,1.200000000,0.016255462
1784880998.139869213,4.340000181,1.953963440,0.261129592,1.200000000,0.016448189
1784880998.149869204,4.350000181,1.960908432,0.262156537,1.200000000,0.016639841
1784880998.159869194,4.360000181,1.967844130,0.263181881,1.200000000,0.016830259
1784880998.169869184,4.370000181,1.974770511,0.264205533,1.200000000,0.017019282
1784880998.179869175,4.380000181,1.981687554,0.265227398,1.200000000,0.017206752
1784880998.189869165,4.390000181,1.988595243,0.266247385,1.200000000,0.017392508
1784880998.199869156,4.400000181,1.995493562,0.267265400,1.200000000,0.017576392
1784880998.209869146,4.410000181,2.002382500,0.268281347,1.200000000,0.017758243
1784880998.219869137,4.420000181,2.009262050,0.269295132,1.200000000,0.017937902
1784880998.229869127,4.430000181,2.016132204,0.270306659,1.200000000,0.018115210
1784880998.239869356,4.440000181,2.022992961,0.271315833,1.200000000,0.018290006
1784880998.249869347,4.450000181,2.029844320,0.272322556,1.200000000,0.018462132
1784880998.259869337,4.460000181,2.036686286,0.273326730,1.200000000,0.018631427
1784880998.269869328,4.470000181,2.043518863,0.274328260,1.200000000,0.018797733
1784880998.279869318,4.480000181,2.050342060,0.275327045,1.200000000,0.018960889
1784880998.289869308,4.490000181,2.057155889,0.276322987,1.200000000,0.019120736
1784880998.299869299,4.500000181,2.063960364,0.277315987,1.200000000,0.019277115
1784880998.309869289,4.510000181,2.070755501,0.278305946,1.200000000,0.019429865
1784880998.319869280,4.520000181,2.077541320,0.279292762,1.200000000,0.019578828
1784880998.329869270,4.530000181,2.084317844,0.280276336,1.200000000,0.019723843
1784880998.339869261,4.540000181,2.091085096,0.281256566,1.200000000,0.019864751
1784880998.349869251,4.550000181,2.097843105,0.282233351,1.200000000,0.020001393
1784880998.359869242,4.560000181,2.104591899,0.283206589,1.200000000,0.020133609
1784880998.369869232,4.570000181,2.111331512,0.284176177,1.200000000,0.020261239
1784880998.379869223,4.580000181,2.118061977,0.285142013,1.200000000,0.020384124
1784880998.389869213,4.590000181,2.124783332,0.286103994,1.200000000,0.020502104
1784880998.399869204,4.600000181,2.131495617,0.287062017,1.200000000,0.020615020
1784880998.409869194,4.610000181,2.138198873,0.288015977,1.200000000,0.020722711
1784880998.419869184,4.620000181,2.144893144,0.288965771,1.200000000,0.020825019
1784880998.429869175,4.630000181,2.151578477,0.289911294,1.200000000,0.020921784
1784880998.439869165,4.640000181,2.158254920,0.290852442,1.200000000,0.021012847
1784880998.449869156,4.650000181,2.164922523,0.291789110,1.200000000,0.021098047
1784880998.459869146,4.660000181,2.171581341,0.292721191,1.200000000,0.021177225
1784880998.469869137,4.670000181,2.178231427,0.293648582,1.200000000,0.021250222
1784880998.479869127,4.680000181,2.184872839,0.294571176,1.200000000,0.021316878
1784880998.489869356,4.690000181,2.191505636,0.295488867,1.200000000,0.021377033
1784880998.499869347,4.700000181,2.198129878,0.296401549,1.200000000,0.021430528
1784880998.509869337,4.710000181,2.204745628,0.297309115,1.200000000,0.021477203
1784880998.519869328,4.720000181,2.211352952,0.298211460,1.200000000,0.021516899
1784880998.529869318,4.730000181,2.217951915,0.299108476,1.200000000,0.021549456
1784880998.539869308,4.740000181,2.224542587,0.300000056,1.200000000,0.021574714
1784880998.549869299,4.750000181,2.231125036,0.300886093,1.200000000,0.021592515
1784880998.559869289,4.760000181,2.237699336,0.301766480,1.200000000,0.021602698
1784880998.569869280,4.770000181,2.244265558,0.302641110,1.200000000,0.021605103
1784880998.579869270,4.780000181,2.250823779,0.303509876,1.200000000,0.021599572
1784880998.589869261,4.790000181,2.257374075,0.304372669,1.200000000,0.021585945
1784880998.599869251,4.800000181,2.263916523,0.305229382,1.200000000,0.021564061
1784880998.609869242,4.810000181,2.270451204,0.306079908,1.200000000,0.021533762
1784880998.619869232,4.820000181,2.276978197,0.306924138,1.200000000,0.021494888
1784880998.629869223,4.830000181,2.283497587,0.307761965,1.200000000,0.021447279
1784880998.639869213,4.840000181,2.290009455,0.308593282,1.200000000,0.021390776
1784880998.649869204,4.850000181,2.296513887,0.309417980,1.200000000,0.021325219
1784880998.659869194,4.860000181,2.303010969,0.310235952,1.200000000,0.021250449
1784880998.669869184,4.870000181,2.309500788,0.311047089,1.200000000,0.021166305
1784880998.679869175,4.880000181,2.315983432,0.311851284,1.200000000,0.021072630
1784880998.689869165,4.890000181,2.322458991,0.312648430,1.200000000,0.020969262
1784880998.699869156,4.900000181,2.328927556,0.313438419,1.200000000,0.020856042
1784880998.709869146,4.910000181,2.335389217,0.314221143,1.200000000,0.020732811
1784880998.719869137,4.920000181,2.341844068,0.314996495,1.200000000,0.020599409
1784880998.729869127,4.930000181,2.348292200,0.315764367,1.200000000,0.020455676
1784880998.739869356,4.940000181,2.354733710,0.316524652,1.200000000,0.020301454
1784880998.749869347,4.950000181,2.361168690,0.317277243,1.200000000,0.020136582
1784880998.759869337,4.960000181,2.367597237,0.318022033,1.200000000,0.019960900
1784880998.769869328,4.970000181,2.374019447,0.318758915,1.200000000,0.019774250
1784880998.779869318,4.980000181,2.380435417,0.319487783,1.200000000,0.019576472
1784880998.789869308,4.990000181,2.386845244,0.320208530,1.200000000,0.019367405
1784880998.799869299,5.000000181,2.393249026,0.320921050,1.200000000,0.019146891
1784880998.809869289,5.010000181,2.399646863,0.321625236,1.200000000,0.018914770
1784880998.819869280,5.020000181,2.406038852,0.322320983,1.200000000,0.018670883
1784880998.829869270,5.030000181,2.412425094,0.323008185,1.200000000,0.018415069
1784880998.839869261,5.040000181,2.418805688,0.323686737,1.200000000,0.018147169
1784880998.849869251,5.050000181,2.425180733,0.324356534,1.200000000,0.017867024
1784880998.859869242,5.060000181,2.431550331,0.325017471,1.200000000,0.017574474
1784880998.869869232,5.070000181,2.437914581,0.325669443,1.200000000,0.017269359
1784880998.879869223,5.080000181,2.444273585,0.326312346,1.200000000,0.016951520
1784880998.889869213,5.090000181,2.450627443,0.326946076,1.200000000,0.016620798
1784880998.899869204,5.100000181,2.456976255,0.327570530,1.200000000,0.016277032
1784880998.909869194,5.110000181,2.463320123,0.328185604,1.200000000,0.015920063
1784880998.919869184,5.120000181,2.469659148,0.328791196,1.200000000,0.015549732
1784880998.929869175,5.130000181,2.475993430,0.329387203,1.200000000,0.015165879
1784880998.939869165,5.140000181,2.482323071,0.329973522,1.200000000,0.014768344
1784880998.949869156,5.150000181,2.488648169,0.330550052,1.200000000,0.014356968
1784880998.959869146,5.160000181,2.494968827,0.331116692,1.200000000,0.013931591
1784880998.969869137,5.170000181,2.501285143,0.331673340,1.200000000,0.013492054
1784880998.979869127,5.180000181,2.507597218,0.332219896,1.200000000,0.013038197
1784880998.989869356,5.190000181,2.513905150,0.332756261,1.200000000,0.012569861
1784880998.999869347,5.200000181,2.520209040,0.333282333,1.200000000,0.012086885
1784880999.009869337,5.210000181,2.526508986,0.333798015,1.200000000,0.011589111
1784880999.019869328,5.220000181,2.532805086,0.334303207,1.200000000,0.011076379
1784880999.029869318,5.230000181,2.539097437,0.334797811,1.200000000,0.010548528
1784880999.039869308,5.240000181,2.545386137,0.335281730,1.200000000,0.010005401
1784880999.049869299,5.250000181,2.551671283,0.335754866,1.200000000,0.009446836
1784880999.059869289,5.260000181,2.557952971,0.336217122,1.200000000,0.008872675
1784880999.069869280,5.270000181,2.564231295,0.336668402,1.200000000,0.008282758
1784880999.079869270,5.280000181,2.570506351,0.337108612,1.200000000,0.007676925
1784880999.089869261,5.290000181,2.576778232,0.337537654,1.200000000,0.007055017
1784880999.099869251,5.300000181,2.583047032,0.337955436,1.200000000,0.006416874
1784880999.109869242,5.310000181,2.589312844,0.338361863,1.200000000,0.005762336
1784880999.119869232,5.320000181,2.595575758,0.338756842,1.200000000,0.005091244
1784880999.129869223,5.330000181,2.601835865,0.339140279,1.200000000,0.004403439
1784880999.139869213,5.340000181,2.608093256,0.339512083,1.200000000,0.003698761
1784880999.149869204,5.350000181,2.614348019,0.339872163,1.200000000,0.002977050
1784880999.159869194,5.360000181,2.620600241,0.340220426,1.200000000,0.002238147
1784880999.169869184,5.370000181,2.626850011,0.340556784,1.200000000,0.001481891
1784880999.179869175,5.380000181,2.633097414,0.340881145,1.200000000,0.000708124
1784880999.189869165,5.390000181,2.639342534,0.341193422,1.200000000,-0.000083313
1784880999.199869156,5.400000181,2.645585456,0.341493526,1.200000000,-0.000892582
1784880999.209869146,5.410000181,2.651826262,0.341781369,1.200000000,-0.001719840
1784880999.219869137,5.420000181,2.658065034,0.342056864,1.200000000,-0.002565229
1784880999.229869127,5.430000181,2.664301852,0.342319925,1.200000000,-0.003428696
1784880999.239869356,5.440000181,2.670536795,0.342570466,1.200000000,-0.004310086
1784880999.249869347,5.450000181,2.676769941,0.342808402,1.200000000,-0.005209241
1784880999.259869337,5.460000181,2.683001367,0.343033649,1.200000000,-0.006126004
1784880999.269869328,5.470000181,2.689231149,0.343246124,1.200000000,-0.007060217
1784880999.279869318,5.480000181,2.695459360,0.343445743,1.200000000,-0.008011723
1784880999.289869308,5.490000181,2.701686074,0.343632425,1.200000000,-0.008980365
1784880999.299869299,5.500000181,2.707911362,0.343806089,1.200000000,-0.009965985
1784880999.309869289,5.510000181,2.714135295,0.343966653,1.200000000,-0.010968426
1784880999.319869280,5.520000181,2.720357940,0.344114039,1.200000000,-0.011987530
1784880999.329869270,5.530000181,2.726579367,0.344248166,1.200000000,-0.013023141
1784880999.339869261,5.540000181,2.732799640,0.344368958,1.200000000,-0.014075100
1784880999.349869251,5.550000181,2.739018826,0.344476335,1.200000000,-0.015143251
1784880999.359869242,5.560000181,2.745236986,0.344570223,1.200000000,-0.016227436
1784880999.369869232,5.570000181,2.751454183,0.344650544,1.200000000,-0.017327497
1784880999.379869223,5.580000181,2.757670477,0.344717223,1.200000000,-0.018443277
1784880999.389869213,5.590000181,2.763885928,0.344770187,1.200000000,-0.019574620
1784880999.399869204,5.600000181,2.770100592,0.344809362,1.200000000,-0.020721367
1784880999.409869194,5.610000181,2.776314526,0.344834675,1.200000000,-0.021883361
1784880999.419869184,5.620000181,2.782527784,0.344846054,1.200000000,-0.023060444
1784880999.429869175,5.630000181,2.788740420,0.344843429,1.200000000,-0.024252460
1784880999.439869165,5.640000181,2.794952485,0.344826728,1.200000000,-0.025459251
1784880999.449869156,5.650000181,2.801164028,0.344795884,1.200000000,-0.026680660
1784880999.459869146,5.660000181,2.807375099,0.344750826,1.200000000,-0.027916529
1784880999.469869137,5.670000181,2.813585744,0.344691488,1.200000000,-0.029166700
1784880999.479869127,5.680000181,2.819796009,0.344617803,1.200000000,-0.030431017
1784880999.489869356,5.690000181,2.826005938,0.344529704,1.200000000,-0.031709322
1784880999.499869347,5.700000181,2.832215572,0.344427127,1.200000000,-0.033001458
1784880999.509869337,5.710000181,2.838424953,0.344310007,1.200000000,-0.034307267
1784880999.519869328,5.720000181,2.844634121,0.344178281,1.200000000,-0.035626592
1784880999.529869318,5.730000181,2.850843112,0.344031887,1.200000000,-0.036959275
1784880999.539869308,5.740000181,2.857051962,0.343870763,1.200000000,-0.038305160
1784880999.549869299,5.750000181,2.863260707,0.343694847,1.200000000,-0.039664088
1784880999.559869289,5.760000181,2.869469380,0.343504081,1.200000000,-0.041035903
1784880999.569869280,5.770000181,2.875678011,0.343298405,1.200000000,-0.042420447
1784880999.579869270,5.780000181,2.881886631,0.343077761,1.200000000,-0.043817562
1784880999.589869261,5.790000181,2.888095269,0.342842092,1.200000000,-0.045227092
1784880999.599869251,5.800000181,2.894303950,0.342591342,1.200000000,-0.046648878
1784880999.609869242,5.810000181,2.900512701,0.342325455,1.200000000,-0.048082764
1784880999.619869232,5.820000181,2.906721544,0.342044377,1.200000000,-0.049528593
1784880999.629869223,5.830000181,2.912930503,0.341748054,1.200000000,-0.050986205
1784880999.639869213,5.840000181,2.919139598,0.341436434,1.200000000,-0.052455446
1784880999.649869204,5.850000181,2.925348848,0.341109464,1.200000000,-0.053936156
1784880999.659869194,5.860000181,2.931558270,0.340767095,1.200000000,-0.055428179
1784880999.669869184,5.870000181,2.937767881,0.340409275,1.200000000,-0.056931357
1784880999.679869175,5.880000181,2.943977696,0.340035956,1.200000000,-0.058445533
1784880999.689869165,5.890000181,2.950187726,0.339647090,1.200000000,-0.059970549
1784880999.699869156,5.900000181,2.956397985,0.339242630,1.200000000,-0.061506249
1784880999.709869146,5.910000181,2.962608482,0.338822529,1.200000000,-0.063052474
1784880999.719869137,5.920000181,2.968819226,0.338386742,1.200000000,-0.064609067
1784880999.729869127,5.930000181,2.975030224,0.337935225,1.200000000,-0.066175872
1784880999.739869356,5.940000181,2.981241482,0.337467934,1.200000000,-0.067752730
1784880999.749869347,5.950000181,2.987453003,0.336984826,1.200000000,-0.069339484
1784880999.759869337,5.960000181,2.993664792,0.336485861,1.200000000,-0.070935977
1784880999.769869328,5.970000181,2.999876849,0.335970997,1.200000000,-0.072542051
1784880999.779869318,5.980000181,3.006089174,0.335440195,1.200000000,-0.074157550
1784880999.789869308,5.990000181,3.012301766,0.334893415,1.200000000,-0.075782315
1784880999.799869299,6.000000181,3.018514622,0.334330620,1.200000000,-0.077416189
1784880999.809869289,6.010000181,3.024727739,0.333751774,1.200000000,-0.079059016
1784880999.819869280,6.020000181,3.030941110,0.333156839,1.200000000,-0.080710636
1784880999.829869270,6.030000181,3.037154729,0.332545781,1.200000000,-0.082370894
1784880999.839869261,6.040000181,3.043368587,0.331918566,1.200000000,-0.084039632
1784880999.849869251,6.050000181,3.049582676,0.331275160,1.200000000,-0.085716692
1784880999.859869242,6.060000181,3.055796984,0.330615532,1.200000000,-0.087401918
1784880999.869869232,6.070000181,3.062011500,0.329939649,1.200000000,-0.089095150
1784880999.879869223,6.080000181,3.068226209,0.329247482,1.200000000,-0.090796233
1784880999.889869213,6.090000181,3.074441099,0.328539001,1.200000000,-0.092505009
1784880999.899869204,6.100000181,3.080656152,0.327814178,1.200000000,-0.094221321
1784880999.909869194,6.110000181,3.086871352,0.327072985,1.200000000,-0.095945010
1784880999.919869184,6.120000181,3.093086681,0.326315395,1.200000000,-0.097675920
1784880999.929869175,6.130000181,3.099302119,0.325541382,1.200000000,-0.099413894
1784880999.939869165,6.140000181,3.105517646,0.324750922,1.200000000,-0.101158773
1784880999.949869156,6.150000181,3.111733240,0.323943992,1.200000000,-0.102910402
1784880999.959869146,6.160000181,3.117948879,0.323120567,1.200000000,-0.104668621
1784880999.969869137,6.170000181,3.124164538,0.322280627,1.200000000,-0.106433274
1784880999.979869127,6.180000181,3.130380192,0.321424150,1.200000000,-0.108204204
1784880999.989869356,6.190000181,3.136595817,0.320551115,1.200000000,-0.109981253
1784880999.999869347,6.200000181,3.142811384,0.319661505,1.200000000,-0.111764263
1784881000.009869337,6.210000181,3.149026865,0.318755299,1.200000000,-0.113553078
1784881000.019869328,6.220000181,3.155242232,0.317832482,1.200000000,-0.115347539
1784881000.029869318,6.230000181,3.161457454,0.316893037,1.200000000,-0.117147490
1784881000.039869308,6.240000181,3.167672501,0.315936948,1.200000000,-0.118952774
1784881000.049869299,6.250000181,3.173887340,0.314964201,1.200000000,-0.120763232
1784881000.059869289,6.260000181,3.180101938,0.313974782,1.200000000,-0.122578708
1784881000.069869280,6.270000181,3.186316263,0.312968678,1.200000000,-0.124399043
1784881000.079869270,6.280000181,3.192530278,0.311945878,1.200000000,-0.126224082
1784881000.089869261,6.290000181,3.198743950,0.310906371,1.200000000,-0.128053665
1784881000.099869251,6.300000181,3.204957241,0.309850146,1.200000000,-0.129887637
1784881000.109869242,6.310000181,3.211170114,0.308777195,1.200000000,-0.131725839
1784881000.119869232,6.320000181,3.217382532,0.307687510,1.200000000,-0.133568114
1784881000.129869223,6.330000181,3.223594455,0.306581082,1.200000000,-0.135414305
1784881000.139869213,6.340000181,3.229805846,0.305457907,1.200000000,-0.137264254
1784881000.149869204,6.350000181,3.236016663,0.304317978,1.200000000,-0.139117804
1784881000.159869194,6.360000181,3.242226865,0.303161292,1.200000000,-0.140974798
1784881000.169869184,6.370000181,3.248436412,0.301987843,1.200000000,-0.142835078
1784881000.179869175,6.380000181,3.254645261,0.300797631,1.200000000,-0.144698487
1784881000.189869165,6.390000181,3.260853370,0.299590652,1.200000000,-0.146564868
1784881000.199869156,6.400000181,3.267060695,0.298366906,1.200000000,-0.148434062
1784881000.209869146,6.410000181,3.273267193,0.297126393,1.200000000,-0.150305913
1784881000.219869137,6.420000181,3.279472819,0.295869113,1.200000000,-0.152180264
1784881000.229869127,6.430000181,3.285677528,0.294595069,1.200000000,-0.154056957
1784881000.239869356,6.440000181,3.291881275,0.293304263,1.200000000,-0.155935834
1784881000.249869347,6.450000181,3.298084015,0.291996698,1.200000000,-0.157816738
1784881000.259869337,6.460000181,3.304285700,0.290672379,1.200000000,-0.159699512
1784881000.269869328,6.470000181,3.310486284,0.289331311,1.200000000,-0.161583999
1784881000.279869318,6.480000181,3.316685721,0.287973500,1.200000000,-0.163470041
1784881000.289869308,6.490000181,3.322883962,0.286598954,1.200000000,-0.165357480
1784881000.299869299,6.500000181,3.329080960,0.285207679,1.200000000,-0.167246160
1784881000.309869289,6.510000181,3.335276666,0.283799684,1.200000000,-0.169135922
1784881000.319869280,6.520000181,3.341471033,0.282374980,1.200000000,-0.171026611
1784881000.329869270,6.530000181,3.347664012,0.280933576,1.200000000,-0.172918067
1784881000.339869261,6.540000181,3.353855553,0.279475484,1.200000000,-0.174810134
1784881000.349869251,6.550000181,3.360045607,0.278000716,1.200000000,-0.176702655
1784881000.359869242,6.560000181,3.366234126,0.276509285,1.200000000,-0.178595471
1784881000.369869232,6.570000181,3.372421059,0.275001204,1.200000000,-0.180488426
1784881000.379869223,6.580000181,3.378606357,0.273476488,1.200000000,-0.182381363
1784881000.389869213,6.590000181,3.384789971,0.271935153,1.200000000,-0.184274123
1784881000.399869204,6.600000181,3.390971849,0.270377215,1.200000000,-0.186166550
1784881000.409869194,6.610000181,3.397151943,0.268802691,1.200000000,-0.188058486
1784881000.419869184,6.620000181,3.403330202,0.267211599,1.200000000,-0.189949774
1784881000.429869175,6.630000181,3.409506577,0.265603958,1.200000000,-0.191840256
1784881000.439869165,6.640000181,3.415681017,0.263979787,1.200000000,-0.193729775
1784881000.449869156,6.650000181,3.421853472,0.262339106,1.200000000,-0.195618174
1784881000.459869146,6.660000181,3.428023892,0.260681938,1.200000000,-0.197505295
1784881000.469869137,6.670000181,3.434192228,0.259008303,1.200000000,-0.199390981
1784881000.479869127,6.680000181,3.440358429,0.257318225,1.200000000,-0.201275074
1784881000.489869356,6.690000181,3.446522446,0.255611727,1.200000000,-0.203157417
1784881000.499869347,6.700000181,3.452684230,0.253888834,1.200000000,-0.205037853
1784881000.509869337,6.710000181,3.458843730,0.252149571,1.200000000,-0.206916225
1784881000.519869328,6.720000181,3.465000899,0.250393963,1.200000000,-0.208792374
1784881000.529869318,6.730000181,3.471155687,0.248622038,1.200000000,-0.210666144
1784881000.539869308,6.740000181,3.477308044,0.246833823,1.200000000,-0.212537377
1784881000.549869299,6.750000181,3.483457924,0.245029346,1.200000000,-0.214405916
1784881000.559869289,6.760000181,3.489605277,0.243208637,1.200000000,-0.216271604
1784881000.569869280,6.770000181,3.495750056,0.241371725,1.200000000,-0.218134282
1784881000.579869270,6.780000181,3.501892213,0.239518641,1.200000000,-0.219993794
1784881000.589869261,6.790000181,3.508031700,0.237649417,1.200000000,-0.221849983
1784881000.599869251,6.800000181,3.514168472,0.235764083,1.200000000,-0.223702690
1784881000.609869242,6.810000181,3.520302482,0.233862674,1.200000000,-0.225551759
1784881000.619869232,6.820000181,3.526433683,0.231945223,1.200000000,-0.227397032
1784881000.629869223,6.830000181,3.532562031,0.230011764,1.200000000,-0.229238352
1784881000.639869213,6.840000181,3.538687479,0.228062332,1.200000000,-0.231075561
1784881000.649869204,6.850000181,3.544809984,0.226096963,1.200000000,-0.232908502
1784881000.659869194,6.860000181,3.550929501,0.224115694,1.200000000,-0.234737018
1784881000.669869184,6.870000181,3.557045986,0.222118563,1.200000000,-0.236560951
1784881000.679869175,6.880000181,3.563159396,0.220105606,1.200000000,-0.238380144
1784881000.689869165,6.890000181,3.569269689,0.218076863,1.200000000,-0.240194440
1784881000.699869156,6.900000181,3.575376823,0.216032373,1.200000000,-0.242003680
1784881000.709869146,6.910000181,3.581480756,0.213972177,1.200000000,-0.243807708
1784881000.719869137,6.920000181,3.587581448,0.211896314,1.200000000,-0.245606367
1784881000.729869127,6.930000181,3.593678858,0.209804828,1.200000000,-0.247399499
1784881000.739869356,6.940000181,3.599772947,0.207697760,1.200000000,-0.249186946
1784881000.749869347,6.950000181,3.605863676,0.205575153,1.200000000,-0.250968552
1784881000.759869337,6.960000181,3.611951007,0.203437050,1.200000000,-0.252744158
1784881000.769869328,6.970000181,3.618034902,0.201283497,1.200000000,-0.254513608
1784881000.779869318,6.980000181,3.624115325,0.199114538,1.200000000,-0.256276744
1784881000.789869308,6.990000181,3.630192239,0.196930218,1.200000000,-0.258033409
1784881000.799869299,7.000000181,3.636265609,0.194730585,1.200000000,-0.259783445
1784881000.809869289,7.010000181,3.642335401,0.192515685,1.200000000,-0.261526694
1784881000.819869280,7.020000181,3.648401581,0.190285566,1.200000000,-0.263263001
1784881000.829869270,7.030000181,3.654464116,0.188040276,1.200000000,-0.264992207
1784881000.839869261,7.040000181,3.660522973,0.185779865,1.200000000,-0.266714154
1784881000.849869251,7.050000181,3.666578122,0.183504381,1.200000000,-0.268428686
1784881000.859869242,7.060000181,3.672629531,0.181213876,1.200000000,-0.270135645
1784881000.869869232,7.070000181,3.678677171,0.178908401,1.200000000,-0.271834873
1784881000.879869223,7.080000181,3.684721014,0.176588006,1.200000000,-0.273526214
1784881000.889869213,7.090000181,3.690761031,0.174252745,1.200000000,-0.275209510
1784881000.899869204,7.100000181,3.696797195,0.171902670,1.200000000,-0.276884648
1784881000.909869194,7.110000181,3.702829480,0.169537835,1.200000000,-0.278551655
1784881000.919869184,7.120000181,3.708857860,0.167158294,1.200000000,-0.280210583
1784881000.929869175,7.130000181,3.714882311,0.164764101,1.200000000,-0.281861484
1784881000.939869165,7.140000181,3.720902810,0.162355313,1.200000000,-0.283504412
1784881000.949869156,7.150000181,3.726919334,0.159931985,1.200000000,-0.285139419
1784881000.959869146,7.160000181,3.732931861,0.157494173,1.200000000,-0.286766558
1784881000.969869137,7.170000181,3.738940371,0.155041936,1.200000000,-0.288385880
1784881000.979869127,7.180000181,3.744944844,0.152575331,1.200000000,-0.289997440
1784881000.989869356,7.190000181,3.750945260,0.150094416,1.200000000,-0.291601289
1784881000.999869347,7.200000181,3.756941602,0.147599250,1.200000000,-0.293197480
1784881001.009869337,7.210000181,3.762933854,0.145089894,1.200000000,-0.294786066
1784881001.019869328,7.220000181,3.768921999,0.142566407,1.200000000,-0.296367100
1784881001.029869318,7.230000181,3.774906022,0.140028850,1.200000000,-0.297940633
1784881001.039869308,7.240000181,3.780885909,0.137477285,1.200000000,-0.299506720
1784881001.049869299,7.250000181,3.786861648,0.134911773,1.200000000,-0.301065411
1784881001.059869289,7.260000181,3.792833225,0.132332378,1.200000000,-0.302616761
1784881001.069869280,7.270000181,3.798800631,0.129739162,1.200000000,-0.304160821
1784881001.079869270,7.280000181,3.804763855,0.127132189,1.200000000,-0.305697645
1784881001.089869261,7.290000181,3.810722888,0.124511523,1.200000000,-0.307227284
1784881001.099869251,7.300000181,3.816677722,0.121877230,1.200000000,-0.308749792
1784881001.109869242,7.310000181,3.822628350,0.119229374,1.200000000,-0.310265221
1784881001.119869232,7.320000181,3.828574766,0.116568022,1.200000000,-0.311773624
1784881001.129869223,7.330000181,3.834516965,0.113893239,1.200000000,-0.313275053
1784881001.139869213,7.340000181,3.840454942,0.111205094,1.200000000,-0.314769561
1784881001.149869204,7.350000181,3.846388696,0.108503654,1.200000000,-0.316257201
1784881001.159869194,7.360000181,3.852318223,0.105788986,1.200000000,-0.317738025
1784881001.169869184,7.370000181,3.858243522,0.103061161,1.200000000,-0.319212087
1784881001.179869175,7.380000181,3.864164595,0.100320246,1.200000000,-0.320679437
1784881001.189869165,7.390000181,3.870081440,0.097566311,1.200000000,-0.322140130
1784881001.199869156,7.400000181,3.875994062,0.094799428,1.200000000,-0.323594218
1784881001.209869146,7.410000181,3.881902461,0.092019666,1.200000000,-0.325041754
1784881001.219869137,7.420000181,3.887806643,0.089227098,1.200000000,-0.326482789
1784881001.229869127,7.430000181,3.893706612,0.086421794,1.200000000,-0.327917378
1784881001.239869356,7.440000181,3.899602374,0.083603828,1.200000000,-0.329345572
1784881001.249869347,7.450000181,3.905493936,0.080773272,1.200000000,-0.330767423
1784881001.259869337,7.460000181,3.911381306,0.077930199,1.200000000,-0.332182986
1784881001.269869328,7.470000181,3.917264493,0.075074684,1.200000000,-0.333592312
1784881001.279869318,7.480000181,3.923143506,0.072206802,1.200000000,-0.334995453
1784881001.289869308,7.490000181,3.929018356,0.069326626,1.200000000,-0.336392464
1784881001.299869299,7.500000181,3.934889055,0.066434232,1.200000000,-0.337783395
1784881001.309869289,7.510000181,3.940755615,0.063529697,1.200000000,-0.339168301
1784881001.319869280,7.520000181,3.946618051,0.060613096,1.200000000,-0.340547233
1784881001.329869270,7.530000181,3.952476376,0.057684507,1.200000000,-0.341920244
1784881001.339869261,7.540000181,3.958330606,0.054744007,1.200000000,-0.343287387
1784881001.349869251,7.550000181,3.964180758,0.051791674,1.200000000,-0.344648714
1784881001.359869242,7.560000181,3.970026849,0.048827586,1.200000000,-0.346004278
1784881001.369869232,7.570000181,3.975868896,0.045851822,1.200000000,-0.347354132
1784881001.379869223,7.580000181,3.981706920,0.042864462,1.200000000,-0.348698328
1784881001.389869213,7.590000181,3.987540940,0.039865584,1.200000000,-0.350036919
1784881001.399869204,7.600000181,3.993370977,0.036855270,1.200000000,-0.351369958
1784881001.409869194,7.610000181,3.999197053,0.033833600,1.200000000,-0.352697497
1784881001.419869184,7.620000181,4.005019191,0.030800655,1.200000000,-0.354019589
1784881001.429869175,7.630000181,4.010837413,0.027756518,1.200000000,-0.355336286
1784881001.439869165,7.640000181,4.016651745,0.024701269,1.200000000,-0.356647641
1784881001.449869156,7.650000181,4.022462212,0.021634991,1.200000000,-0.357953708
1784881001.459869146,7.660000181,4.028268839,0.018557768,1.200000000,-0.359254537
1784881001.469869137,7.670000181,4.034071654,0.015469684,1.200000000,-0.360550183
1784881001.479869127,7.680000181,4.039870684,0.012370821,1.200000000,-0.361840697
1784881001.489869356,7.690000181,4.045665958,0.009261264,1.200000000,-0.363126132
1784881001.499869347,7.700000181,4.051457505,0.006141098,1.200000000,-0.364406542
1784881001.509869337,7.710000181,4.057245355,0.003010408,1.200000000,-0.365681978
1784881001.519869328,7.720000181,4.063029538,-0.000130719,1.200000000,-0.366952493
1784881001.529869318,7.730000181,4.068810088,-0.003282199,1.200000000,-0.368218140
1784881001.539869308,7.740000181,4.074587035,-0.006443945,1.200000000,-0.369478972
1784881001.549869299,7.750000181,4.080360413,-0.009615869,1.200000000,-0.370735040
1784881001.559869289,7.760000181,4.086130255,-0.012797884,1.200000000,-0.371986399
1784881001.569869280,7.770000181,4.091896597,-0.015989903,1.200000000,-0.373233099
1784881001.579869270,7.780000181,4.097659473,-0.019191837,1.200000000,-0.374475195
1784881001.589869261,7.790000181,4.103418919,-0.022403598,1.200000000,-0.375712738
1784881001.599869251,7.800000181,4.109174972,-0.025625097,1.200000000,-0.376945782
1784881001.609869242,7.810000181,4.114927669,-0.028856244,1.200000000,-0.378174379
1784881001.619869232,7.820000181,4.120677047,-0.032096949,1.200000000,-0.379398581
1784881001.629869223,7.830000181,4.126423146,-0.035347122,1.200000000,-0.380618441
1784881001.639869213,7.840000181,4.132166005,-0.038606673,1.200000000,-0.381834012
1784881001.649869204,7.850000181,4.137905662,-0.041875510,1.200000000,-0.383045347
1784881001.659869194,7.860000181,4.143642159,-0.045153543,1.200000000,-0.384252497
1784881001.669869184,7.870000181,4.149375536,-0.048440678,1.200000000,-0.385455517
1784881001.679869175,7.880000181,4.155105835,-0.051736824,1.200000000,-0.386654458
1784881001.689869165,7.890000181,4.160833098,-0.055041889,1.200000000,-0.387849372
1784881001.699869156,7.900000181,4.166557367,-0.058355779,1.200000000,-0.389040314
1784881001.709869146,7.910000181,4.172278685,-0.061678401,1.200000000,-0.390227335
1784881001.719869137,7.920000181,4.177997097,-0.065009661,1.200000000,-0.391410487
1784881001.729869127,7.930000181,4.183712645,-0.068349465,1.200000000,-0.392589824
1784881001.739869356,7.940000181,4.189425375,-0.071697719,1.200000000,-0.393765399
1784881001.749869347,7.950000181,4.195135331,-0.075054327,1.200000000,-0.394937263
1784881001.759869337,7.960000181,4.200842559,-0.078419194,1.200000000,-0.396105469
1784881001.769869328,7.970000181,4.206547105,-0.081792226,1.200000000,-0.397270071
1784881001.779869318,7.980000181,4.212249015,-0.085173324,1.200000000,-0.398431120
1784881001.789869308,7.990000181,4.217948336,-0.088562395,1.200000000,-0.399588670
1784881001.799869299,8.000000181,4.223645115,-0.091959339,1.200000000,-0.400742773
1784881001.809869289,8.010000181,4.229339399,-0.095364062,1.200000000,-0.401893481
1784881001.819869280,8.020000181,4.235031236,-0.098776464,1.200000000,-0.403040848
1784881001.829869270,8.030000181,4.240720675,-0.102196449,1.200000000,-0.404184925
1784881001.839869261,8.040000181,4.246407763,-0.105623918,1.200000000,-0.405325766
1784881001.849869251,8.050000181,4.252092550,-0.109058772,1.200000000,-0.406463424
1784881001.859869242,8.060000181,4.257775085,-0.112500914,1.200000000,-0.407597950
1784881001.869869232,8.070000181,4.263455416,-0.115950243,1.200000000,-0.408729397
1784881001.879869223,8.080000181,4.269133594,-0.119406660,1.200000000,-0.409857818
1784881001.889869213,8.090000181,4.274809669,-0.122870066,1.200000000,-0.410983267
1784881001.899869204,8.100000181,4.280483690,-0.126340359,1.200000000,-0.412105794
1784881001.909869194,8.110000181,4.286155708,-0.129817441,1.200000000,-0.413225454
1784881001.919869184,8.120000181,4.291825773,-0.133301209,1.200000000,-0.414342298
1784881001.929869175,8.130000181,4.297493936,-0.136791563,1.200000000,-0.415456379
1784881001.939869165,8.140000181,4.303160248,-0.140288401,1.200000000,-0.416567751
1784881001.949869156,8.150000181,4.308824760,-0.143791621,1.200000000,-0.417676464
1784881001.959869146,8.160000181,4.314487522,-0.147301121,1.200000000,-0.418782573
1784881001.969869137,8.170000181,4.320148587,-0.150816799,1.200000000,-0.419886130
1784881001.979869127,8.180000181,4.325808005,-0.154338552,1.200000000,-0.420987187
1784881001.989869356,8.190000181,4.331465828,-0.157866277,1.200000000,-0.422085797
1784881001.999869347,8.200000181,4.337122107,-0.161399870,1.200000000,-0.423182013
1784881002.009869337,8.210000181,4.342776894,-0.164939229,1.200000000,-0.424275888
1784881002.019869328,8.220000181,4.348430240,-0.168484247,1.200000000,-0.425367473
1784881002.029869318,8.230000181,4.354082198,-0.172034823,1.200000000,-0.426456822
1784881002.039869308,8.240000181,4.359732818,-0.175590850,1.200000000,-0.427543987
1784881002.049869299,8.250000181,4.365382152,-0.179152224,1.200000000,-0.428629021
1784881002.059869289,8.260000181,4.371030251,-0.182718840,1.200000000,-0.429711976
1784881002.069869280,8.270000181,4.376677168,-0.186290592,1.200000000,-0.430792906
1784881002.079869270,8.280000181,4.382322953,-0.189867375,1.200000000,-0.431871862
1784881002.089869261,8.290000181,4.387967658,-0.193449082,1.200000000,-0.432948898
1784881002.099869251,8.300000181,4.393611334,-0.197035607,1.200000000,-0.434024066
1784881002.109869242,8.310000181,4.399254033,-0.200626844,1.200000000,-0.435097418
1784881002.119869232,8.320000181,4.404895804,-0.204222685,1.200000000,-0.436169008
1784881002.129869223,8.330000181,4.410536700,-0.207823024,1.200000000,-0.437238888
1784881002.139869213,8.340000181,4.416176770,-0.211427753,1.200000000,-0.438307110
1784881002.149869204,8.350000181,4.421816066,-0.215036763,1.200000000,-0.439373728
1784881002.159869194,8.360000181,4.427454637,-0.218649948,1.200000000,-0.440438793
1784881002.169869184,8.370000181,4.433092534,-0.222267199,1.200000000,-0.441502359
1784881002.179869175,8.380000181,4.438729807,-0.225888408,1.200000000,-0.442564478
1784881002.189869165,8.390000181,4.444366504,-0.229513464,1.200000000,-0.443625203
1784881002.199869156,8.400000181,4.450002677,-0.233142261,1.200000000,-0.444684586
1784881002.209869146,8.410000181,4.455638373,-0.236774687,1.200000000,-0.445742680
1784881002.219869137,8.420000181,4.461273643,-0.240410635,1.200000000,-0.446799538
1784881002.229869127,8.430000181,4.466908533,-0.244049993,1.200000000,-0.447855213
1784881002.239869356,8.440000181,4.472543093,-0.247692652,1.200000000,-0.448909756
1784881002.249869347,8.450000181,4.478177370,-0.251338501,1.200000000,-0.449963221
1784881002.259869337,8.460000181,4.483811413,-0.254987431,1.200000000,-0.451015660
1784881002.269869328,8.470000181,4.489445268,-0.258639329,1.200000000,-0.452067126
1784881002.279869318,8.480000181,4.495078981,-0.262294086,1.200000000,-0.453117671
1784881002.289869308,8.490000181,4.500712601,-0.265951589,1.200000000,-0.454167348
1784881002.299869299,8.500000181,4.506346172,-0.269611728,1.200000000,-0.455216211
1784881002.309869289,8.510000181,4.511979740,-0.273274390,1.200000000,-0.456264310
1784881002.319869280,8.520000181,4.517613351,-0.276939464,1.200000000,-0.457311700
1784881002.329869270,8.530000181,4.523247049,-0.280606838,1.200000000,-0.458358432
1784881002.339869261,8.540000181,4.528880879,-0.284276398,1.200000000,-0.459404560
1784881002.349869251,8.550000181,4.534514884,-0.287948033,1.200000000,-0.460450135
1784881002.359869242,8.560000181,4.540149108,-0.291621629,1.200000000,-0.461495211
1784881002.369869232,8.570000181,4.545783594,-0.295297074,1.200000000,-0.462539841
1784881002.379869223,8.580000181,4.551418384,-0.298974254,1.200000000,-0.463584076
1784881002.389869213,8.590000181,4.557053521,-0.302653056,1.200000000,-0.464627969
1784881002.399869204,8.600000181,4.562689044,-0.306333366,1.200000000,-0.465671574
1784881002.409869194,8.610000181,4.568324996,-0.310015070,1.200000000,-0.466714943
1784881002.419869184,8.620000181,4.573961416,-0.313698054,1.200000000,-0.467758127
1784881002.429869175,8.630000181,4.579598344,-0.317382204,1.200000000,-0.468801181
1784881002.439869165,8.640000181,4.585235819,-0.321067405,1.200000000,-0.469844157
1784881002.449869156,8.650000181,4.590873879,-0.324753542,1.200000000,-0.470887107
1784881002.459869146,8.660000181,4.596512563,-0.328440501,1.200000000,-0.471930083
1784881002.469869137,8.670000181,4.602151908,-0.332128167,1.200000000,-0.472973140
1784881002.479869127,8.680000181,4.607791950,-0.335816424,1.200000000,-0.474016328
1784881002.489869356,8.690000181,4.613432726,-0.339505157,1.200000000,-0.475059701
1784881002.499869347,8.700000181,4.619074270,-0.343194250,1.200000000,-0.476103312
1784881002.509869337,8.710000181,4.624716618,-0.346883588,1.200000000,-0.477147213
1784881002.519869328,8.720000181,4.630359803,-0.350573054,1.200000000,-0.478191457
1784881002.529869318,8.730000181,4.636003858,-0.354262532,1.200000000,-0.479236095
1784881002.539869308,8.740000181,4.641648818,-0.357951907,1.200000000,-0.480281182
1784881002.549869299,8.750000181,4.647294713,-0.361641061,1.200000000,-0.481326770
1784881002.559869289,8.760000181,4.652941574,-0.365329878,1.200000000,-0.482372911
1784881002.569869280,8.770000181,4.658589433,-0.369018241,1.200000000,-0.483419658
1784881002.579869270,8.780000181,4.664238319,-0.372706033,1.200000000,-0.484467063
1784881002.589869261,8.790000181,4.669888262,-0.376393137,1.200000000,-0.485515180
1784881002.599869251,8.800000181,4.675539288,-0.380079435,1.200000000,-0.486564060
1784881002.609869242,8.810000181,4.681191428,-0.383764811,1.200000000,-0.487613757
1784881002.619869232,8.820000181,4.686844706,-0.387449147,1.200000000,-0.488664322
1784881002.629869223,8.830000181,4.692499149,-0.391132325,1.200000000,-0.489715810
1784881002.639869213,8.840000181,4.698154783,-0.394814227,1.200000000,-0.490768272
1784881002.649869204,8.850000181,4.703811633,-0.398494735,1.200000000,-0.491821761
1784881002.659869194,8.860000181,4.709469721,-0.402173731,1.200000000,-0.492876329
1784881002.669869184,8.870000181,4.715129071,-0.405851097,1.200000000,-0.493932030
1784881002.679869175,8.880000181,4.720789706,-0.409526714,1.200000000,-0.494988916
1784881002.689869165,8.890000181,4.726451646,-0.413200464,1.200000000,-0.496047039
1784881002.699869156,8.900000181,4.732114912,-0.416872228,1.200000000,-0.497106453
1784881002.709869146,8.910000181,4.737779525,-0.420541887,1.200000000,-0.498167209
1784881002.719869137,8.920000181,4.743445502,-0.424209323,1.200000000,-0.499229361
1784881002.729869127,8.930000181,4.749112863,-0.427874417,1.200000000,-0.500292960
1784881002.739869356,8.940000181,4.754781625,-0.431537049,1.200000000,-0.501358061
1784881002.749869347,8.950000181,4.760451804,-0.435197100,1.200000000,-0.502424715
1784881002.759869337,8.960000181,4.766123416,-0.438854451,1.200000000,-0.503492974
1784881002.769869328,8.970000181,4.771796476,-0.442508983,1.200000000,-0.504562893
1784881002.779869318,8.980000181,4.777470998,-0.446160575,1.200000000,-0.505634522
1784881002.789869308,8.990000181,4.783146995,-0.449809109,1.200000000,-0.506707916
1784881002.799869299,9.000000181,4.788824480,-0.453454465,1.200000000,-0.507783126
1784881002.809869289,9.010000181,4.794503465,-0.457096522,1.200000000,-0.508860205
1784881002.819869280,9.020000181,4.800183959,-0.460735161,1.200000000,-0.509939206
1784881002.829869270,9.030000181,4.805865974,-0.464370262,1.200000000,-0.511020182
1784881002.839869261,9.040000181,4.811549517,-0.468001705,1.200000000,-0.512103184
1784881002.849869251,9.050000181,4.817234599,-0.471629370,1.200000000,-0.513188266
1784881002.859869242,9.060000181,4.822921225,-0.475253136,1.200000000,-0.514275481
1784881002.869869232,9.070000181,4.828609402,-0.478872883,1.200000000,-0.515364880
1784881002.879869223,9.080000181,4.834299137,-0.482488491,1.200000000,-0.516456518
1784881002.889869213,9.090000181,4.839990434,-0.486099840,1.200000000,-0.517550445
1784881002.899869204,9.100000181,4.845683298,-0.489706809,1.200000000,-0.518646715
1784881002.909869194,9.110000181,4.851377731,-0.493309277,1.200000000,-0.519745381
1784881002.919869184,9.120000181,4.857073737,-0.496907124,1.200000000,-0.520846495
1784881002.929869175,9.130000181,4.862771316,-0.500500230,1.200000000,-0.521950109
1784881002.939869165,9.140000181,4.868470470,-0.504088473,1.200000000,-0.523056278
1784881002.949869156,9.150000181,4.874171199,-0.507671732,1.200000000,-0.524165052
1784881002.959869146,9.160000181,4.879873502,-0.511249888,1.200000000,-0.525276484
1784881002.969869137,9.170000181,4.885577378,-0.514822819,1.200000000,-0.526390629
1784881002.979869127,9.180000181,4.891282824,-0.518390405,1.200000000,-0.527507537
1784881002.989869356,9.190000181,4.896989837,-0.521952524,1.200000000,-0.528627261
1784881002.999869347,9.200000181,4.902698413,-0.525509055,1.200000000,-0.529749850
1784881003.009869337,9.210000181,4.908408548,-0.529059878,1.200000000,-0.530875145
1784881003.019869328,9.220000181,4.914120237,-0.532604872,1.200000000,-0.532002726
1784881003.029869318,9.230000181,4.919833472,-0.536143916,1.200000000,-0.533132159
1784881003.039869308,9.240000181,4.925548248,-0.539676888,1.200000000,-0.534263006
1784881003.049869299,9.250000181,4.931264556,-0.543203669,1.200000000,-0.535394831
1784881003.059869289,9.260000181,4.936982389,-0.546724136,1.200000000,-0.536527199
1784881003.069869280,9.270000181,4.942701737,-0.550238169,1.200000000,-0.537659673
1784881003.079869270,9.280000181,4.948422590,-0.553745646,1.200000000,-0.538791816
1784881003.089869261,9.290000181,4.954144938,-0.557246448,1.200000000,-0.539923193
1784881003.099869251,9.300000181,4.959868771,-0.560740452,1.200000000,-0.541053368
1784881003.109869242,9.310000181,4.965594075,-0.564227538,1.200000000,-0.542181903
1784881003.119869232,9.320000181,4.971320838,-0.567707585,1.200000000,-0.543308364
1784881003.129869223,9.330000181,4.977049048,-0.571180472,1.200000000,-0.544432313
1784881003.139869213,9.340000181,4.982778691,-0.574646078,1.200000000,-0.545553315
1784881003.149869204,9.350000181,4.988509752,-0.578104282,1.200000000,-0.546670933
1784881003.159869194,9.360000181,4.994242217,-0.581554964,1.200000000,-0.547784731
1784881003.169869184,9.370000181,4.999976069,-0.584998001,1.200000000,-0.548894273
1784881003.179869175,9.380000181,5.005711293,-0.588433275,1.200000000,-0.549999123
1784881003.189869165,9.390000181,5.011447871,-0.591860663,1.200000000,-0.551098845
1784881003.199869156,9.400000181,5.017185787,-0.595280046,1.200000000,-0.552193002
1784881003.209869146,9.410000181,5.022925024,-0.598691302,1.200000000,-0.553281158
1784881003.219869137,9.420000181,5.028665561,-0.602094311,1.200000000,-0.554362876
1784881003.229869127,9.430000181,5.034407381,-0.605488952,1.200000000,-0.555437722
1784881003.239869356,9.440000181,5.040150465,-0.608875106,1.200000000,-0.556505258
1784881003.249869347,9.450000181,5.045894792,-0.612252651,1.200000000,-0.557565048
1784881003.259869337,9.460000181,5.051640343,-0.615621467,1.200000000,-0.558616657
1784881003.269869328,9.470000181,5.057387096,-0.618981434,1.200000000,-0.559659647
1784881003.279869318,9.480000181,5.063135031,-0.622332432,1.200000000,-0.560693583
1784881003.289869308,9.490000181,5.068884127,-0.625674340,1.200000000,-0.561718028
1784881003.299869299,9.500000181,5.074634360,-0.629007039,1.200000000,-0.562732547
1784881003.309869289,9.510000181,5.080385709,-0.632330409,1.200000000,-0.563736702
1784881003.319869280,9.520000181,5.086138152,-0.635644330,1.200000000,-0.564730059
1784881003.329869270,9.530000181,5.091891665,-0.638948682,1.200000000,-0.565712180
1784881003.339869261,9.540000181,5.097646225,-0.642243345,1.200000000,-0.566682629
1784881003.349869251,9.550000181,5.103401809,-0.645528201,1.200000000,-0.567640971
1784881003.359869242,9.560000181,5.109158393,-0.648803129,1.200000000,-0.568586769
1784881003.369869232,9.570000181,5.114915953,-0.652068010,1.200000000,-0.569519587
1784881003.379869223,9.580000181,5.120674464,-0.655322726,1.200000000,-0.570438988
1784881003.389869213,9.590000181,5.126433902,-0.658567156,1.200000000,-0.571344536
1784881003.399869204,9.600000181,5.132194242,-0.661801183,1.200000000,-0.572235796
1784881003.409869194,9.610000181,5.137955459,-0.665024688,1.200000000,-0.573112331
1784881003.419869184,9.620000181,5.143717528,-0.668237551,1.200000000,-0.573973705
1784881003.429869175,9.630000181,5.149480424,-0.671439654,1.200000000,-0.574819481
1784881003.439869165,9.640000181,5.155244122,-0.674630880,1.200000000,-0.575649223
1784881003.449869156,9.650000181,5.161008595,-0.677811109,1.200000000,-0.576462496
1784881003.459869146,9.660000181,5.166773819,-0.680980224,1.200000000,-0.577258863
1784881003.469869137,9.670000181,5.172539768,-0.684138108,1.200000000,-0.578037887
1784881003.479869127,9.680000181,5.178306416,-0.687284641,1.200000000,-0.578799133
1784881003.489869356,9.690000181,5.184073738,-0.690419707,1.200000000,-0.579542165
1784881003.499869347,9.700000181,5.189841708,-0.693543189,1.200000000,-0.580266545
1784881003.509869337,9.710000181,5.195610299,-0.696654968,1.200000000,-0.580971838
1784881003.519869328,9.720000181,5.201379487,-0.699754930,1.200000000,-0.581657608
1784881003.529869318,9.730000181,5.207149246,-0.702842955,1.200000000,-0.582323419
1784881003.539869308,9.740000181,5.212919551,-0.705918929,1.200000000,-0.582968834
1784881003.549869299,9.750000181,5.218690375,-0.708982734,1.200000000,-0.583593417
1784881003.559869289,9.760000181,5.224461694,-0.712034255,1.200000000,-0.584196732
1784881003.569869280,9.770000181,5.230233482,-0.715073375,1.200000000,-0.584778343
1784881003.579869270,9.780000181,5.236005715,-0.718099979,1.200000000,-0.585337813
1784881003.589869261,9.790000181,5.241778367,-0.721113952,1.200000000,-0.585874706
1784881003.599869251,9.800000181,5.247551415,-0.724115177,1.200000000,-0.586388587
1784881003.609869242,9.810000181,5.253324833,-0.727103541,1.200000000,-0.586879018
1784881003.619869232,9.820000181,5.259098597,-0.730078927,1.200000000,-0.587345564
1784881003.629869223,9.830000181,5.264872684,-0.733041223,1.200000000,-0.587787789
1784881003.639869213,9.840000181,5.270647069,-0.735990313,1.200000000,-0.588205255
1784881003.649869204,9.850000181,5.276421730,-0.738926083,1.200000000,-0.588597528
1784881003.659869194,9.860000181,5.282196643,-0.741848420,1.200000000,-0.588964171
1784881003.669869184,9.870000181,5.287971785,-0.744757210,1.200000000,-0.589304747
1784881003.679869175,9.880000181,5.293747135,-0.747652340,1.200000000,-0.589618821
1784881003.689869165,9.890000181,5.299522669,-0.750533697,1.200000000,-0.589905956
1784881003.699869156,9.900000181,5.305298367,-0.753401169,1.200000000,-0.590165716
1784881003.709869146,9.910000181,5.311074208,-0.756254642,1.200000000,-0.590397664
1784881003.719869137,9.920000181,5.316850170,-0.759094006,1.200000000,-0.590601366
1784881003.729869127,9.930000181,5.322626233,-0.761919147,1.200000000,-0.590776384
1784881003.739869356,9.940000181,5.328402377,-0.764729956,1.200000000,-0.590922282
1784881003.749869347,9.950000181,5.334178583,-0.767526320,1.200000000,-0.591038623
1784881003.759869337,9.960000181,5.339954832,-0.770308129,1.200000000,-0.591124973
1784881003.769869328,9.970000181,5.345731106,-0.773075272,1.200000000,-0.591180895
1784881003.779869318,9.980000181,5.351507386,-0.775827640,1.200000000,-0.591205951
1784881003.789869308,9.990000181,5.357283656,-0.778565122,1.200000000,-0.591199707
1784881003.799869299,10.000000181,5.363059898,-0.781287609,1.200000000,-0.591161726
1784881003.809869289,10.010000181,5.368836097,-0.783994992,1.200000000,-0.591091571
1784881003.819869280,10.020000181,5.374612236,-0.786687162,1.200000000,-0.590988808
1784881003.829869270,10.030000181,5.380388302,-0.789364011,1.200000000,-0.590852998
1784881003.839869261,10.040000181,5.386164280,-0.792025432,1.200000000,-0.590683707
1784881003.849869251,10.050000181,5.391940155,-0.794671315,1.200000000,-0.590480497
1784881003.859869242,10.060000181,5.397715916,-0.797301555,1.200000000,-0.590242933
1784881003.869869232,10.070000181,5.403491550,-0.799916043,1.200000000,-0.589970579
1784881003.879869223,10.080000181,5.409267045,-0.802514675,1.200000000,-0.589662998
1784881003.889869213,10.090000181,5.415042390,-0.805097344,1.200000000,-0.589319755
1784881003.899869204,10.100000181,5.420817575,-0.807663943,1.200000000,-0.588940412
1784881003.909869194,10.110000181,5.426592591,-0.810214369,1.200000000,-0.588524533
1784881003.919869184,10.120000181,5.432367429,-0.812748517,1.200000000,-0.588071684
1784881003.929869175,10.130000181,5.438142082,-0.815266281,1.200000000,-0.587581426
1784881003.939869165,10.140000181,5.443916541,-0.817767559,1.200000000,-0.587053325
1784881003.949869156,10.150000181,5.449690801,-0.820252246,1.200000000,-0.586486943
1784881003.959869146,10.160000181,5.455464856,-0.822720241,1.200000000,-0.585881846
1784881003.969869137,10.170000181,5.461238702,-0.825171439,1.200000000,-0.585237595
1784881003.979869127,10.180000181,5.467012334,-0.827605740,1.200000000,-0.584553756
1784881003.989869356,10.190000181,5.472785750,-0.830023042,1.200000000,-0.583829892
1784881003.999869347,10.200000181,5.478558947,-0.832423244,1.200000000,-0.583065567
1784881004.009869337,10.210000181,5.484331924,-0.834806245,1.200000000,-0.582260344
1784881004.019869328,10.220000181,5.490104680,-0.837171946,1.200000000,-0.581413788
1784881004.029869318,10.230000181,5.495877217,-0.839520245,1.200000000,-0.580525462
1784881004.039869308,10.240000181,5.501649534,-0.841851046,1.200000000,-0.579594930
1784881004.049869299,10.250000181,5.507421635,-0.844164249,1.200000000,-0.578621756
1784881004.059869289,10.260000181,5.513193522,-0.846459756,1.200000000,-0.577605504
1784881004.069869280,10.270000181,5.518965200,-0.848737470,1.200000000,-0.576545737
1784881004.079869270,10.280000181,5.524736673,-0.850997294,1.200000000,-0.575442019
1784881004.089869261,10.290000181,5.530507947,-0.853239132,1.200000000,-0.574293914
1784881004.099869251,10.300000181,5.536279029,-0.855462888,1.200000000,-0.573100986
1784881004.109869242,10.310000181,5.542049927,-0.857668466,1.200000000,-0.571862798
1784881004.119869232,10.320000181,5.547820649,-0.859855773,1.200000000,-0.570578915
1784881004.129869223,10.330000181,5.553591205,-0.862024714,1.200000000,-0.569248900
1784881004.139869213,10.340000181,5.559361605,-0.864175196,1.200000000,-0.567872317
1784881004.149869204,10.350000181,5.565131862,-0.866307126,1.200000000,-0.566448730
1784881004.159869194,10.360000181,5.570901986,-0.868420412,1.200000000,-0.564977702
1784881004.169869184,10.370000181,5.576671993,-0.870514962,1.200000000,-0.563458798
1784881004.179869175,10.380000181,5.582441896,-0.872590686,1.200000000,-0.561891581
1784881004.189869165,10.390000181,5.588211710,-0.874647493,1.200000000,-0.560275614
1784881004.199869156,10.400000181,5.593981452,-0.876685294,1.200000000,-0.558610463
1784881004.209869146,10.410000181,5.599751138,-0.878704000,1.200000000,-0.556895690
1784881004.219869137,10.420000181,5.605520789,-0.880703522,1.200000000,-0.555130859
1784881004.229869127,10.430000181,5.611290421,-0.882683773,1.200000000,-0.553315534
1784881004.239869356,10.440000181,5.617060056,-0.884644666,1.200000000,-0.551449280
1784881004.249869347,10.450000181,5.622829715,-0.886586115,1.200000000,-0.549531659
1784881004.259869337,10.460000181,5.628599419,-0.888508034,1.200000000,-0.547562235
1784881004.269869328,10.470000181,5.634369192,-0.890410339,1.200000000,-0.545540573
1784881004.279869318,10.480000181,5.640139058,-0.892292945,1.200000000,-0.543466235
1784881004.289869308,10.490000181,5.645909041,-0.894155769,1.200000000,-0.541338787
1784881004.299869299,10.500000181,5.651679168,-0.895998729,1.200000000,-0.539157851
1784881004.309869289,10.510000181,5.657449464,-0.897821743,1.200000000,-0.536923612
1784881004.319869280,10.520000181,5.663219958,-0.899624730,1.200000000,-0.534636569
1784881004.329869270,10.530000181,5.668990679,-0.901407609,1.200000000,-0.532297220
1784881004.339869261,10.540000181,5.674761655,-0.903170300,1.200000000,-0.529906066
1784881004.349869251,10.550000181,5.680532917,-0.904912727,1.200000000,-0.527463608
1784881004.359869242,10.560000181,5.686304497,-0.906634809,1.200000000,-0.524970345
1784881004.369869232,10.570000181,5.692076426,-0.908336471,1.200000000,-0.522426777
1784881004.379869223,10.580000181,5.697848737,-0.910017636,1.200000000,-0.519833405
1784881004.389869213,10.590000181,5.703621465,-0.911678228,1.200000000,-0.517190729
1784881004.399869204,10.600000181,5.709394644,-0.913318174,1.200000000,-0.514499249
1784881004.409869194,10.610000181,5.715168309,-0.914937398,1.200000000,-0.511759464
1784881004.419869184,10.620000181,5.720942497,-0.916535830,1.200000000,-0.508971877
1784881004.429869175,10.630000181,5.726717245,-0.918113395,1.200000000,-0.506136985
1784881004.439869165,10.640000181,5.732492590,-0.919670024,1.200000000,-0.503255290
1784881004.449869156,10.650000181,5.738268573,-0.921205647,1.200000000,-0.500327291
1784881004.459869146,10.660000181,5.744045231,-0.922720193,1.200000000,-0.497353490
1784881004.469869137,10.670000181,5.749822605,-0.924213594,1.200000000,-0.494334385
1784881004.479869127,10.680000181,5.755600736,-0.925685784,1.200000000,-0.491270478
1784881004.489869356,10.690000181,5.761379666,-0.927136695,1.200000000,-0.488162267
1784881004.499869347,10.700000181,5.767159436,-0.928566262,1.200000000,-0.485010254
1784881004.509869337,10.710000181,5.772940090,-0.929974421,1.200000000,-0.481814939
1784881004.519869328,10.720000181,5.778721672,-0.931361107,1.200000000,-0.478576821
1784881004.529869318,10.730000181,5.784504225,-0.932726258,1.200000000,-0.475296401
1784881004.539869308,10.740000181,5.790287794,-0.934069813,1.200000000,-0.471974179
1784881004.549869299,10.750000181,5.796072425,-0.935391710,1.200000000,-0.468610656
1784881004.559869289,10.760000181,5.801858164,-0.936691891,1.200000000,-0.465206330
1784881004.569869280,10.770000181,5.807645057,-0.937970296,1.200000000,-0.461761703
1784881004.579869270,10.780000181,5.813433151,-0.939226868,1.200000000,-0.458277274
1784881004.589869261,10.790000181,5.819222494,-0.940461551,1.200000000,-0.454753544
1784881004.599869251,10.800000181,5.825013134,-0.941674288,1.200000000,-0.451191013
1784881004.609869242,10.810000181,5.830805120,-0.942865026,1.200000000,-0.447590181
1784881004.619869232,10.820000181,5.836598499,-0.944033711,1.200000000,-0.443951548
1784881004.629869223,10.830000181,5.842393323,-0.945180291,1.200000000,-0.440275614
1784881004.639869213,10.840000181,5.848189639,-0.946304715,1.200000000,-0.436562880
1784881004.649869204,10.850000181,5.853987499,-0.947406932,1.200000000,-0.432813845
1784881004.659869194,10.860000181,5.859786953,-0.948486894,1.200000000,-0.429029010
1784881004.669869184,10.870000181,5.865588052,-0.949544552,1.200000000,-0.425208875
1784881004.679869175,10.880000181,5.871390847,-0.950579861,1.200000000,-0.421353939
1784881004.689869165,10.890000181,5.877195388,-0.951592775,1.200000000,-0.417464704
1784881004.699869156,10.900000181,5.883001728,-0.952583249,1.200000000,-0.413541669
1784881004.709869146,10.910000181,5.888809918,-0.953551241,1.200000000,-0.409585335
1784881004.719869137,10.920000181,5.894620011,-0.954496707,1.200000000,-0.405596201
1784881004.729869127,10.930000181,5.900432058,-0.955419608,1.200000000,-0.401574768
1784881004.739869356,10.940000181,5.906246112,-0.956319903,1.200000000,-0.397521536
1784881004.749869347,10.950000181,5.912062225,-0.957197554,1.200000000,-0.393437004
1784881004.759869337,10.960000181,5.917880449,-0.958052525,1.200000000,-0.389321674
1784881004.769869328,10.970000181,5.923700837,-0.958884779,1.200000000,-0.385176045
1784881004.779869318,10.980000181,5.929523442,-0.959694281,1.200000000,-0.381000618
1784881004.789869308,10.990000181,5.935348316,-0.960480998,1.200000000,-0.376795892
1784881004.799869299,11.000000181,5.941175512,-0.961244898,1.200000000,-0.372562368
1784881004.809869289,11.010000181,5.947005081,-0.961985949,1.200000000,-0.368300546
1784881004.819869280,11.020000181,5.952837077,-0.962704122,1.200000000,-0.364010925
1784881004.829869270,11.030000181,5.958671552,-0.963399389,1.200000000,-0.359694007
1784881004.839869261,11.040000181,5.964508558,-0.964071723,1.200000000,-0.355350292
1784881004.849869251,11.050000181,5.970348147,-0.964721097,1.200000000,-0.350980278
1784881004.859869242,11.060000181,5.976190370,-0.965347488,1.200000000,-0.346584467
1784881004.869869232,11.070000181,5.982035279,-0.965950872,1.200000000,-0.342163359
1784881004.879869223,11.080000181,5.987882926,-0.966531227,1.200000000,-0.337717454
1784881004.889869213,11.090000181,5.993733362,-0.967088532,1.200000000,-0.333247252
1784881004.899869204,11.100000181,5.999586636,-0.967622770,1.200000000,-0.328753253
1784881004.909869194,11.110000181,6.005442801,-0.968133921,1.200000000,-0.324235958
1784881004.919869184,11.120000181,6.011301904,-0.968621970,1.200000000,-0.319695866
1784881004.929869175,11.130000181,6.017163998,-0.969086901,1.200000000,-0.315133477
1784881004.939869165,11.140000181,6.023029129,-0.969528701,1.200000000,-0.310549293
1784881004.949869156,11.150000181,6.028897348,-0.969947358,1.200000000,-0.305943812
1784881004.959869146,11.160000181,6.034768703,-0.970342860,1.200000000,-0.301317535
1784881004.969869137,11.170000181,6.040643240,-0.970715198,1.200000000,-0.296670962
1784881004.979869127,11.180000181,6.046521009,-0.971064365,1.200000000,-0.292004594
1784881004.989869356,11.190000181,6.052402054,-0.971390353,1.200000000,-0.287318930
1784881004.999869347,11.200000181,6.058286423,-0.971693157,1.200000000,-0.282614471
1784881005.009869337,11.210000181,6.064174160,-0.971972774,1.200000000,-0.277891717
1784881005.019869328,11.220000181,6.070065311,-0.972229201,1.200000000,-0.273151167
1784881005.029869318,11.230000181,6.075959920,-0.972462438,1.200000000,-0.268393323
1784881005.039869308,11.240000181,6.081858030,-0.972672484,1.200000000,-0.263618683
1784881005.049869299,11.250000181,6.087759684,-0.972859343,1.200000000,-0.258827749
1784881005.059869289,11.260000181,6.093664923,-0.973023017,1.200000000,-0.254021021
1784881005.069869280,11.270000181,6.099573789,-0.973163511,1.200000000,-0.249198998
1784881005.079869270,11.280000181,6.105486323,-0.973280832,1.200000000,-0.244362181
1784881005.089869261,11.290000181,6.111402563,-0.973374988,1.200000000,-0.239511070
1784881005.099869251,11.300000181,6.117322549,-0.973445989,1.200000000,-0.234646165
1784881005.109869242,11.310000181,6.123246318,-0.973493845,1.200000000,-0.229767966
1784881005.119869232,11.320000181,6.129173906,-0.973518568,1.200000000,-0.224876974
1784881005.129869223,11.330000181,6.135105350,-0.973520174,1.200000000,-0.219973688
1784881005.139869213,11.340000181,6.141040685,-0.973498676,1.200000000,-0.215058609
1784881005.149869204,11.350000181,6.146979944,-0.973454093,1.200000000,-0.210132236
1784881005.159869194,11.360000181,6.152923161,-0.973386442,1.200000000,-0.205195071
1784881005.169869184,11.370000181,6.158870367,-0.973295744,1.200000000,-0.200247612
1784881005.179869175,11.380000181,6.164821592,-0.973182020,1.200000000,-0.195290361
1784881005.189869165,11.390000181,6.170776867,-0.973045294,1.200000000,-0.190323817
1784881005.199869156,11.400000181,6.176736220,-0.972885590,1.200000000,-0.185348481
1784881005.209869146,11.410000181,6.182699678,-0.972702934,1.200000000,-0.180364852
1784881005.219869137,11.420000181,6.188667267,-0.972497354,1.200000000,-0.175373431
1784881005.229869127,11.430000181,6.194639013,-0.972268879,1.200000000,-0.170374718
1784881005.239869356,11.440000181,6.200614938,-0.972017540,1.200000000,-0.165369213
1784881005.249869347,11.450000181,6.206595066,-0.971743370,1.200000000,-0.160357417
1784881005.259869337,11.460000181,6.212579418,-0.971446402,1.200000000,-0.155339828
1784881005.269869328,11.470000181,6.218568013,-0.971126671,1.200000000,-0.150316949
1784881005.279869318,11.480000181,6.224560871,-0.970784216,1.200000000,-0.145289278
1784881005.289869308,11.490000181,6.230558008,-0.970419075,1.200000000,-0.140257315
1784881005.299869299,11.500000181,6.236559440,-0.970031287,1.200000000,-0.135221562
1784881005.309869289,11.510000181,6.242565182,-0.969620894,1.200000000,-0.130182518
1784881005.319869280,11.520000181,6.248575247,-0.969187941,1.200000000,-0.125140683
1784881005.329869270,11.530000181,6.254589647,-0.968732471,1.200000000,-0.120096558
1784881005.339869261,11.540000181,6.260608392,-0.968254532,1.200000000,-0.115050642
1784881005.349869251,11.550000181,6.266631491,-0.967754170,1.200000000,-0.110003436
1784881005.359869242,11.560000181,6.272658950,-0.967231436,1.200000000,-0.104955439
1784881005.369869232,11.570000181,6.278690777,-0.966686382,1.200000000,-0.099907153
1784881005.379869223,11.580000181,6.284726975,-0.966119059,1.200000000,-0.094859076
1784881005.389869213,11.590000181,6.290767547,-0.965529521,1.200000000,-0.089811710
1784881005.399869204,11.600000181,6.296812494,-0.964917826,1.200000000,-0.084765555
1784881005.409869194,11.610000181,6.302861816,-0.964284030,1.200000000,-0.079721110
1784881005.419869184,11.620000181,6.308915512,-0.963628192,1.200000000,-0.074678875
1784881005.429869175,11.630000181,6.314973577,-0.962950372,1.200000000,-0.069639352
1784881005.439869165,11.640000181,6.321036007,-0.962250634,1.200000000,-0.064603039
1784881005.449869156,11.650000181,6.327102794,-0.961529039,1.200000000,-0.059570438
1784881005.459869146,11.660000181,6.333173931,-0.960785655,1.200000000,-0.054542048
1784881005.469869137,11.670000181,6.339249408,-0.960020547,1.200000000,-0.049518369
1784881005.479869127,11.680000181,6.345329212,-0.959233783,1.200000000,-0.044499902
1784881005.489869356,11.690000181,6.351413332,-0.958425434,1.200000000,-0.039487147
1784881005.499869347,11.700000181,6.357501750,-0.957595571,1.200000000,-0.034480603
1784881005.509869337,11.710000181,6.363594452,-0.956744266,1.200000000,-0.029480772
1784881005.519869328,11.720000181,6.369691418,-0.955871594,1.200000000,-0.024488152
1784881005.529869318,11.730000181,6.375792629,-0.954977632,1.200000000,-0.019503245
1784881005.539869308,11.740000181,6.381898063,-0.954062456,1.200000000,-0.014526550
1784881005.549869299,11.750000181,6.388007695,-0.953126146,1.200000000,-0.009558568
1784881005.559869289,11.760000181,6.394121502,-0.952168782,1.200000000,-0.004599799
1784881005.569869280,11.770000181,6.400239456,-0.951190445,1.200000000,0.000349257
1784881005.579869270,11.780000181,6.406361527,-0.950191221,1.200000000,0.005288101
1784881005.589869261,11.790000181,6.412487687,-0.949171192,1.200000000,0.010216231
1784881005.599869251,11.800000181,6.418617902,-0.948130447,1.200000000,0.015133148
1784881005.609869242,11.810000181,6.424752138,-0.947069072,1.200000000,0.020038352
1784881005.619869232,11.820000181,6.430890360,-0.945987157,1.200000000,0.024931429
1784881005.629869223,11.830000181,6.437032530,-0.944884793,1.200000000,0.029812216
1784881005.639869213,11.840000181,6.443178609,-0.943762072,1.200000000,0.034680592
1784881005.649869204,11.850000181,6.449328557,-0.942619089,1.200000000,0.039536434
1784881005.659869194,11.860000181,6.455482329,-0.941455937,1.200000000,0.044379624
1784881005.669869184,11.870000181,6.461639882,-0.940272714,1.200000000,0.049210039
1784881005.679869175,11.880000181,6.467801169,-0.939069517,1.200000000,0.054027559
1784881005.689869165,11.890000181,6.473966143,-0.937846447,1.200000000,0.058832062
1784881005.699869156,11.900000181,6.480134753,-0.936603603,1.200000000,0.063623429
1784881005.709869146,11.910000181,6.486306948,-0.935341087,1.200000000,0.068401537
1784881005.719869137,11.920000181,6.492482675,-0.934059004,1.200000000,0.073166267
1784881005.729869127,11.930000181,6.498661878,-0.932757458,1.200000000,0.077917497
1784881005.739869356,11.940000181,6.504844501,-0.931436555,1.200000000,0.082655106
1784881005.749869347,11.950000181,6.511030486,-0.930096403,1.200000000,0.087378974
1784881005.759869337,11.960000181,6.517219772,-0.928737110,1.200000000,0.092088979
1784881005.769869328,11.970000181,6.523412298,-0.927358787,1.200000000,0.096785001
1784881005.779869318,11.980000181,6.529607999,-0.925961545,1.200000000,0.101466919
1784881005.789869308,11.990000181,6.535806811,-0.924545496,1.200000000,0.106134611
1784881005.799869299,12.000000181,6.542008667,-0.923110755,1.200000000,0.110787957
1784881005.809869289,12.010000181,6.548213498,-0.921657437,1.200000000,0.115426836
1784881005.819869280,12.020000181,6.554421234,-0.920185658,1.200000000,0.120051127
1784881005.829869270,12.030000181,6.560631802,-0.918695535,1.200000000,0.124660709
1784881005.839869261,12.040000181,6.566845131,-0.917187189,1.200000000,0.129255462
1784881005.849869251,12.050000181,6.573061143,-0.915660738,1.200000000,0.133835263
1784881005.859869242,12.060000181,6.579279764,-0.914116304,1.200000000,0.138399994
1784881005.869869232,12.070000181,6.585500914,-0.912554009,1.200000000,0.142949531
1784881005.879869223,12.080000181,6.591724513,-0.910973976,1.200000000,0.147483755
1784881005.889869213,12.090000181,6.597950480,-0.909376332,1.200000000,0.152002545
1784881005.899869204,12.100000181,6.604178733,-0.907761200,1.200000000,0.156505780
1784881005.909869194,12.110000181,6.610409186,-0.906128708,1.200000000,0.160993339
1784881005.919869184,12.120000181,6.616641754,-0.904478983,1.200000000,0.165465100
1784881005.929869175,12.130000181,6.622876349,-0.902812156,1.200000000,0.169920944
1784881005.939869165,12.140000181,6.629112882,-0.901128355,1.200000000,0.174360748
1784881005.949869156,12.150000181,6.635351263,-0.899427712,1.200000000,0.178784393
1784881005.959869146,12.160000181,6.641591401,-0.897710359,1.200000000,0.183191757
1784881005.969869137,12.170000181,6.647833201,-0.895976428,1.200000000,0.187582720
1784881005.979869127,12.180000181,6.654076569,-0.894226054,1.200000000,0.191957160
1784881005.989869356,12.190000181,6.660321410,-0.892459372,1.200000000,0.196314957
1784881005.999869347,12.200000181,6.666567626,-0.890676518,1.200000000,0.200655989
1784881006.009869337,12.210000181,6.672815118,-0.888877628,1.200000000,0.204980136
1784881006.019869328,12.220000181,6.679063786,-0.887062840,1.200000000,0.209287277
1784881006.029869318,12.230000181,6.685313529,-0.885232293,1.200000000,0.213577291
1784881006.039869308,12.240000181,6.691564246,-0.883386126,1.200000000,0.217850057
1784881006.049869299,12.250000181,6.697815830,-0.881524479,1.200000000,0.222105454
1784881006.059869289,12.260000181,6.704068179,-0.879647494,1.200000000,0.226343362
1784881006.069869280,12.270000181,6.710321186,-0.877755312,1.200000000,0.230563658
1784881006.079869270,12.280000181,6.716574743,-0.875848077,1.200000000,0.234766223
1784881006.089869261,12.290000181,6.722828742,-0.873925930,1.200000000,0.238950936
1784881006.099869251,12.300000181,6.729083074,-0.871989018,1.200000000,0.243117675
1784881006.109869242,12.310000181,6.735337628,-0.870037484,1.200000000,0.247266320
1784881006.119869232,12.320000181,6.741592291,-0.868071474,1.200000000,0.251396750
1784881006.129869223,12.330000181,6.747846953,-0.866091135,1.200000000,0.255508843
1784881006.139869213,12.340000181,6.754101498,-0.864096613,1.200000000,0.259602480
1784881006.149869204,12.350000181,6.760355812,-0.862088056,1.200000000,0.263677538
1784881006.159869194,12.360000181,6.766609779,-0.860065613,1.200000000,0.267733898
1784881006.169869184,12.370000181,6.772863283,-0.858029432,1.200000000,0.271771437
1784881006.179869175,12.380000181,6.779116206,-0.855979662,1.200000000,0.275790037
1784881006.189869165,12.390000181,6.785368430,-0.853916453,1.200000000,0.279789574
1784881006.199869156,12.400000181,6.791619836,-0.851839957,1.200000000,0.283769929
1784881006.209869146,12.410000181,6.797870303,-0.849750323,1.200000000,0.287730981
1784881006.219869137,12.420000181,6.804119711,-0.847647704,1.200000000,0.291672608
1784881006.229869127,12.430000181,6.810367938,-0.845532251,1.200000000,0.295594690
1784881006.239869356,12.440000181,6.816614861,-0.843404117,1.200000000,0.299497106
1784881006.249869347,12.450000181,6.822860359,-0.841263454,1.200000000,0.303379735
1784881006.259869337,12.460000181,6.829104306,-0.839110417,1.200000000,0.307242456
1784881006.269869328,12.470000181,6.835346579,-0.836945158,1.200000000,0.311085148
1784881006.279869318,12.480000181,6.841587053,-0.834767831,1.200000000,0.314907691
1784881006.289869308,12.490000181,6.847825602,-0.832578592,1.200000000,0.318709962
1784881006.299869299,12.500000181,6.854062100,-0.830377594,1.200000000,0.322491842
1784881006.309869289,12.510000181,6.860296420,-0.828164993,1.200000000,0.326253210
1784881006.319869280,12.520000181,6.866528436,-0.825940944,1.200000000,0.329993944
1784881006.329869270,12.530000181,6.872758020,-0.823705602,1.200000000,0.333713924
1784881006.339869261,12.540000181,6.878985043,-0.821459123,1.200000000,0.337413029
1784881006.349869251,12.550000181,6.885209378,-0.819201663,1.200000000,0.341091137
1784881006.359869242,12.560000181,6.891430896,-0.816933378,1.200000000,0.344748129
1784881006.369869232,12.570000181,6.897649467,-0.814654425,1.200000000,0.348383882
1784881006.379869223,12.580000181,6.903864962,-0.812364960,1.200000000,0.351998277
1784881006.389869213,12.590000181,6.910077252,-0.810065140,1.200000000,0.355591192
1784881006.399869204,12.600000181,6.916286206,-0.807755121,1.200000000,0.359162506
1784881006.409869194,12.610000181,6.922491695,-0.805435060,1.200000000,0.362712098
1784881006.419869184,12.620000181,6.928693588,-0.803105114,1.200000000,0.366239848
1784881006.429869175,12.630000181,6.934891755,-0.800765439,1.200000000,0.369745635
1784881006.439869165,12.640000181,6.941086065,-0.798416194,1.200000000,0.373229338
1784881006.449869156,12.650000181,6.947276387,-0.796057534,1.200000000,0.376690835
1784881006.459869146,12.660000181,6.953462591,-0.793689617,1.200000000,0.380130006
1784881006.469869137,12.670000181,6.959644546,-0.791312599,1.200000000,0.383546730
1784881006.479869127,12.680000181,6.965822122,-0.788926637,1.200000000,0.386940886
1784881006.489869356,12.690000181,6.971995187,-0.786531887,1.200000000,0.390312353
1784881006.499869347,12.700000181,6.978163611,-0.784128507,1.200000000,0.393661010
1784881006.509869337,12.710000181,6.984327264,-0.781716652,1.200000000,0.396986737
1784881006.519869328,12.720000181,6.990486014,-0.779296480,1.200000000,0.400289412
1784881006.529869318,12.730000181,6.996639733,-0.776868145,1.200000000,0.403568915
1784881006.539869308,12.740000181,7.002788290,-0.774431804,1.200000000,0.406825124
1784881006.549869299,12.750000181,7.008931555,-0.771987612,1.200000000,0.410057919
1784881006.559869289,12.760000181,7.015069398,-0.769535725,1.200000000,0.413267179
1784881006.569869280,12.770000181,7.021201691,-0.767076298,1.200000000,0.416452782
1784881006.579869270,12.780000181,7.027328305,-0.764609486,1.200000000,0.419614609
1784881006.589869261,12.790000181,7.033449111,-0.762135443,1.200000000,0.422752537
1784881006.599869251,12.800000181,7.039563981,-0.759654324,1.200000000,0.425866447
1784881006.609869242,12.810000181,7.045672787,-0.757166282,1.200000000,0.428956217
1784881006.619869232,12.820000181,7.051775402,-0.754671471,1.200000000,0.432021726
1784881006.629869223,12.830000181,7.057871699,-0.752170044,1.200000000,0.435062854
1784881006.639869213,12.840000181,7.063961552,-0.749662154,1.200000000,0.438079479
1784881006.649869204,12.850000181,7.070044835,-0.747147952,1.200000000,0.441071481
1784881006.659869194,12.860000181,7.076121424,-0.744627592,1.200000000,0.444038738
1784881006.669869184,12.870000181,7.082191192,-0.742101223,1.200000000,0.446981131
1784881006.679869175,12.880000181,7.088254017,-0.739568998,1.200000000,0.449898537
1784881006.689869165,12.890000181,7.094309775,-0.737031065,1.200000000,0.452790836
1784881006.699869156,12.900000181,7.100358344,-0.734487576,1.200000000,0.455657907
1784881006.709869146,12.910000181,7.106399602,-0.731938680,1.200000000,0.458499629
1784881006.719869137,12.920000181,7.112433427,-0.729384524,1.200000000,0.461315882
1784881006.729869127,12.930000181,7.118459699,-0.726825258,1.200000000,0.464106544
1784881006.739869356,12.940000181,7.124478299,-0.724261028,1.200000000,0.466871494
1784881006.749869347,12.950000181,7.130489108,-0.721691982,1.200000000,0.469610612
1784881006.759869337,12.960000181,7.136492008,-0.719118266,1.200000000,0.472323776
1784881006.769869328,12.970000181,7.142486882,-0.716540025,1.200000000,0.475010866
1784881006.779869318,12.980000181,7.148473615,-0.713957404,1.200000000,0.477671761
1784881006.789869308,12.990000181,7.154452090,-0.711370548,1.200000000,0.480306340
1784881006.799869299,13.000000181,7.160422194,-0.708779600,1.200000000,0.482914482
1784881006.809869289,13.010000181,7.166383813,-0.706184702,1.200000000,0.485496065
1784881006.819869280,13.020000181,7.172336836,-0.703585997,1.200000000,0.488050970
1784881006.829869270,13.030000181,7.178281152,-0.700983625,1.200000000,0.490579075
1784881006.839869261,13.040000181,7.184216650,-0.698377728,1.200000000,0.493080260
1784881006.849869251,13.050000181,7.190143222,-0.695768445,1.200000000,0.495554403
1784881006.859869242,13.060000181,7.196060759,-0.693155914,1.200000000,0.498001383
1784881006.869869232,13.070000181,7.201969156,-0.690540274,1.200000000,0.500421080
1784881006.879869223,13.080000181,7.207868306,-0.687921662,1.200000000,0.502813373
1784881006.889869213,13.090000181,7.213758105,-0.685300213,1.200000000,0.505178140
1784881006.899869204,13.100000181,7.219638451,-0.682676064,1.200000000,0.507515261
1784881006.909869194,13.110000181,7.225509241,-0.680049348,1.200000000,0.509824616
1784881006.919869184,13.120000181,7.231370376,-0.677420200,1.200000000,0.512106082
1784881006.929869175,13.130000181,7.237221755,-0.674788751,1.200000000,0.514359539
1784881006.939869165,13.140000181,7.243063281,-0.672155134,1.200000000,0.516584867
1784881006.949869156,13.150000181,7.248894857,-0.669519478,1.200000000,0.518781944
1784881006.959869146,13.160000181,7.254716388,-0.666881914,1.200000000,0.520950650
1784881006.969869137,13.170000181,7.260527780,-0.664242571,1.200000000,0.523090863
1784881006.979869127,13.180000181,7.266328940,-0.661601576,1.200000000,0.525202462
1784881006.989869356,13.190000181,7.272119778,-0.658959055,1.200000000,0.527285328
1784881006.999869347,13.200000181,7.277900203,-0.656315135,1.200000000,0.529339338
1784881007.009869337,13.210000181,7.283670128,-0.653669940,1.200000000,0.531364372
1784881007.019869328,13.220000181,7.289429466,-0.651023594,1.200000000,0.533360308
1784881007.029869318,13.230000181,7.295178131,-0.648376218,1.200000000,0.535327027
1784881007.039869308,13.240000181,7.300916040,-0.645727935,1.200000000,0.537264407
1784881007.049869299,13.250000181,7.306643110,-0.643078865,1.200000000,0.539172328
1784881007.059869289,13.260000181,7.312359261,-0.640429126,1.200000000,0.541050667
1784881007.069869280,13.270000181,7.318064414,-0.637778837,1.200000000,0.542899306
1784881007.079869270,13.280000181,7.323758491,-0.635128116,1.200000000,0.544718121
1784881007.089869261,13.290000181,7.329441415,-0.632477077,1.200000000,0.546506993
1784881007.099869251,13.300000181,7.335113113,-0.629825835,1.200000000,0.548265801
1784881007.109869242,13.310000181,7.340773511,-0.627174504,1.200000000,0.549994424
1784881007.119869232,13.320000181,7.346422539,-0.624523196,1.200000000,0.551692741
1784881007.129869223,13.330000181,7.352060127,-0.621872022,1.200000000,0.553360630
1784881007.139869213,13.340000181,7.357686206,-0.619221092,1.200000000,0.554997972
1784881007.149869204,13.350000181,7.363300711,-0.616570516,1.200000000,0.556604644
1784881007.159869194,13.360000181,7.368903577,-0.613920400,1.200000000,0.558180527
1784881007.169869184,13.370000181,7.374494741,-0.611270850,1.200000000,0.559725500
1784881007.179869175,13.380000181,7.380074141,-0.608621973,1.200000000,0.561239441
1784881007.189869165,13.390000181,7.385641718,-0.605973872,1.200000000,0.562722229
1784881007.199869156,13.400000181,7.391197414,-0.603326649,1.200000000,0.564173744
1784881007.209869146,13.410000181,7.396741173,-0.600680406,1.200000000,0.565593864
1784881007.219869137,13.420000181,7.402272940,-0.598035244,1.200000000,0.566982470
1784881007.229869127,13.430000181,7.407792663,-0.595391260,1.200000000,0.568339439
1784881007.239869356,13.440000181,7.413300290,-0.592748553,1.200000000,0.569664651
1784881007.249869347,13.450000181,7.418795772,-0.590107220,1.200000000,0.570957985
1784881007.259869337,13.460000181,7.424279061,-0.587467354,1.200000000,0.572219321
1784881007.269869328,13.470000181,7.429750111,-0.584829051,1.200000000,0.573448536
1784881007.279869318,13.480000181,7.435208879,-0.582192403,1.200000000,0.574645511
1784881007.289869308,13.490000181,7.440655322,-0.579557501,1.200000000,0.575810125
1784881007.299869299,13.500000181,7.446089398,-0.576924435,1.200000000,0.576942256
1784881007.309869289,13.510000181,7.451511069,-0.574293295,1.200000000,0.578041783
1784881007.319869280,13.520000181,7.456920298,-0.571664166,1.200000000,0.579108586
1784881007.329869270,13.530000181,7.462317049,-0.569037137,1.200000000,0.580142544
1784881007.339869261,13.540000181,7.467701288,-0.566412291,1.200000000,0.581143536
1784881007.349869251,13.550000181,7.473072984,-0.563789712,1.200000000,0.582111441
1784881007.359869242,13.560000181,7.478432105,-0.561169483,1.200000000,0.583046138
1784881007.369869232,13.570000181,7.483778622,-0.558551685,1.200000000,0.583947506
1784881007.379869223,13.580000181,7.489112510,-0.555936397,1.200000000,0.584815424
1784881007.389869213,13.590000181,7.494433742,-0.553323698,1.200000000,0.585649772
1784881007.399869204,13.600000181,7.499742296,-0.550713665,1.200000000,0.586450428
1784881007.409869194,13.610000181,7.505038148,-0.548106375,1.200000000,0.587217272
1784881007.419869184,13.620000181,7.510321279,-0.545501901,1.200000000,0.587950182
1784881007.429869175,13.630000181,7.515591670,-0.542900317,1.200000000,0.588649038
1784881007.439869165,13.640000181,7.520849305,-0.540301696,1.200000000,0.589313718
1784881007.449869156,13.650000181,7.526094167,-0.537706108,1.200000000,0.589944103
1784881007.459869146,13.660000181,7.531326243,-0.535113623,1.200000000,0.590540071
1784881007.469869137,13.670000181,7.536545521,-0.532524309,1.200000000,0.591101500
1784881007.479869127,13.680000181,7.541751990,-0.529938233,1.200000000,0.591628271
1784881007.489869356,13.690000181,7.546945642,-0.527355462,1.200000000,0.592120262
1784881007.499869347,13.700000181,7.552126468,-0.524776059,1.200000000,0.592577352
1784881007.509869337,13.710000181,7.557294464,-0.522200088,1.200000000,0.592999421
1784881007.519869328,13.720000181,7.562449625,-0.519627611,1.200000000,0.593386347
1784881007.529869318,13.730000181,7.567591947,-0.517058689,1.200000000,0.593738010
1784881007.539869308,13.740000181,7.572721430,-0.514493383,1.200000000,0.594054289
1784881007.549869299,13.750000181,7.577838074,-0.511931749,1.200000000,0.594335062
1784881007.559869289,13.760000181,7.582941880,-0.509373847,1.200000000,0.594580210
1784881007.569869280,13.770000181,7.588032851,-0.506819731,1.200000000,0.594789610
1784881007.579869270,13.780000181,7.593110991,-0.504269458,1.200000000,0.594963142
1784881007.589869261,13.790000181,7.598176307,-0.501723080,1.200000000,0.595100686
1784881007.599869251,13.800000181,7.603228805,-0.499180652,1.200000000,0.595202119
1784881007.609869242,13.810000181,7.608268494,-0.496642223,1.200000000,0.595267322
1784881007.619869232,13.820000181,7.613295382,-0.494107845,1.200000000,0.595296174
1784881007.629869223,13.830000181,7.618309482,-0.491577567,1.200000000,0.595288553
1784881007.639869213,13.840000181,7.623310805,-0.489051437,1.200000000,0.595244338
1784881007.649869204,13.850000181,7.628299364,-0.486529503,1.200000000,0.595163410
1784881007.659869194,13.860000181,7.633275173,-0.484011810,1.200000000,0.595045646
1784881007.669869184,13.870000181,7.638238249,-0.481498405,1.200000000,0.594890926
1784881007.679869175,13.880000181,7.643188608,-0.478989330,1.200000000,0.594699129
1784881007.689869165,13.890000181,7.648126267,-0.476484629,1.200000000,0.594470134
1784881007.699869156,13.900000181,7.653051246,-0.473984345,1.200000000,0.594203820
1784881007.709869146,13.910000181,7.657963563,-0.471488517,1.200000000,0.593900066
1784881007.719869137,13.920000181,7.662863240,-0.468997187,1.200000000,0.593558752
1784881007.729869127,13.930000181,7.667750297,-0.466510394,1.200000000,0.593179756
1784881007.739869356,13.940000181,7.672624757,-0.464028176,1.200000000,0.592762958
1784881007.749869347,13.950000181,7.677486644,-0.461550570,1.200000000,0.592308237
1784881007.759869337,13.960000181,7.682335980,-0.459077613,1.200000000,0.591815471
1784881007.769869328,13.970000181,7.687172791,-0.456609341,1.200000000,0.591284539
1784881007.779869318,13.980000181,7.691997101,-0.454145789,1.200000000,0.590715322
1784881007.789869308,13.990000181,7.696808937,-0.451686990,1.200000000,0.590107698
1784881007.799869299,14.000000181,7.701608324,-0.449232979,1.200000000,0.589461546
1784881007.809869289,14.010000181,7.706395290,-0.446783787,1.200000000,0.588776745
1784881007.819869280,14.020000181,7.711169863,-0.444339447,1.200000000,0.588053174
1784881007.829869270,14.030000181,7.715932069,-0.441899990,1.200000000,0.587290712
1784881007.839869261,14.040000181,7.720681937,-0.439465445,1.200000000,0.586489239
1784881007.849869251,14.050000181,7.725419495,-0.437035844,1.200000000,0.585648634
1784881007.859869242,14.060000181,7.730144772,-0.434611215,1.200000000,0.584768775
1784881007.869869232,14.070000181,7.734857797,-0.432191587,1.200000000,0.583849542
1784881007.879869223,14.080000181,7.739558599,-0.429776988,1.200000000,0.582890813
1784881007.889869213,14.090000181,7.744247206,-0.427367446,1.200000000,0.581892469
1784881007.899869204,14.100000181,7.748923648,-0.424962987,1.200000000,0.580854387
1784881007.909869194,14.110000181,7.753587953,-0.422563638,1.200000000,0.579776448
1784881007.919869184,14.120000181,7.758240151,-0.420169426,1.200000000,0.578658529
1784881007.929869175,14.130000181,7.762880270,-0.417780376,1.200000000,0.577500511
1784881007.939869165,14.140000181,7.767508338,-0.415396513,1.200000000,0.576302273
1784881007.949869156,14.150000181,7.772124384,-0.413017863,1.200000000,0.575063692
1784881007.959869146,14.160000181,7.776728434,-0.410644451,1.200000000,0.573784650
1784881007.969869137,14.170000181,7.781320517,-0.408276300,1.200000000,0.572465023
1784881007.979869127,14.180000181,7.785900658,-0.405913436,1.200000000,0.571104693
1784881007.989869356,14.190000181,7.790468883,-0.403555882,1.200000000,0.569703537
1784881007.999869347,14.200000181,7.795025218,-0.401203662,1.200000000,0.568261436
1784881008.009869337,14.210000181,7.799569688,-0.398856800,1.200000000,0.566778267
1784881008.019869328,14.220000181,7.804102315,-0.396515321,1.200000000,0.565253910
1784881008.029869318,14.230000181,7.808623123,-0.394179247,1.200000000,0.563688245
1784881008.039869308,14.240000181,7.813132132,-0.391848602,1.200000000,0.562081149
1784881008.049869299,14.250000181,7.817629365,-0.389523411,1.200000000,0.560432503
1784881008.059869289,14.260000181,7.822114839,-0.387203697,1.200000000,0.558742186
1784881008.069869280,14.270000181,7.826588574,-0.384889484,1.200000000,0.557010076
1784881008.079869270,14.280000181,7.831050585,-0.382580797,1.200000000,0.555236053
1784881008.089869261,14.290000181,7.835500888,-0.380277660,1.200000000,0.553419995
1784881008.099869251,14.300000181,7.839939497,-0.377980098,1.200000000,0.551561782
1784881008.109869242,14.310000181,7.844366423,-0.375688136,1.200000000,0.549661293
1784881008.119869232,14.320000181,7.848781678,-0.373401799,1.200000000,0.547718407
1784881008.129869223,14.330000181,7.853185270,-0.371121114,1.200000000,0.545733003
1784881008.139869213,14.340000181,7.857577205,-0.368846106,1.200000000,0.543704961
1784881008.149869204,14.350000181,7.861957488,-0.366576803,1.200000000,0.541634158
1784881008.159869194,14.360000181,7.866326121,-0.364313232,1.200000000,0.539520475
1784881008.169869184,14.370000181,7.870683104,-0.362055422,1.200000000,0.537363790
1784881008.179869175,14.380000181,7.875028437,-0.359803400,1.200000000,0.535163983
1784881008.189869165,14.390000181,7.879362113,-0.357557196,1.200000000,0.532920932
1784881008.199869156,14.400000181,7.883684126,-0.355316841,1.200000000,0.530634518
1784881008.209869146,14.410000181,7.887994467,-0.353082366,1.200000000,0.528304618
1784881008.219869137,14.420000181,7.892293123,-0.350853803,1.200000000,0.525931111
1784881008.229869127,14.430000181,7.896580078,-0.348631184,1.200000000,0.523513878
1784881008.239869356,14.440000181,7.900855314,-0.346414544,1.200000000,0.521052797
1784881008.249869347,14.450000181,7.905118811,-0.344203918,1.200000000,0.518547747
1784881008.259869337,14.460000181,7.909370543,-0.341999342,1.200000000,0.515998608
1784881008.269869328,14.470000181,7.913610482,-0.339800852,1.200000000,0.513405257
1784881008.279869318,14.480000181,7.917838598,-0.337608489,1.200000000,0.510767575
1784881008.289869308,14.490000181,7.922054855,-0.335422292,1.200000000,0.508085441
1784881008.299869299,14.500000181,7.926259215,-0.333242301,1.200000000,0.505358733
1784881008.309869289,14.510000181,7.930451635,-0.331068560,1.200000000,0.502587331
1784881008.319869280,14.520000181,7.934632070,-0.328901113,1.200000000,0.499771114
1784881008.329869270,14.530000181,7.938800468,-0.326740006,1.200000000,0.496909961
1784881008.339869261,14.540000181,7.942956775,-0.324585285,1.200000000,0.494003750
1784881008.349869251,14.550000181,7.947100932,-0.322437001,1.200000000,0.491052362
1784881008.359869242,14.560000181,7.951232876,-0.320295204,1.200000000,0.488055675
1784881008.369869232,14.570000181,7.955352539,-0.318159947,1.200000000,0.485013568
1784881008.379869223,14.580000181,7.959459848,-0.316031284,1.200000000,0.481925921
1784881008.389869213,14.590000181,7.963554725,-0.313909273,1.200000000,0.478792612
1784881008.399869204,14.600000181,7.967637089,-0.311793970,1.200000000,0.475613520
1784881008.409869194,14.610000181,7.971706850,-0.309685439,1.200000000,0.472388525
1784881008.419869184,14.620000181,7.975763917,-0.307583740,1.200000000,0.469117506
1784881008.429869175,14.630000181,7.979808191,-0.305488941,1.200000000,0.465800342
1784881008.439869165,14.640000181,7.983839568,-0.303401107,1.200000000,0.462436911
1784881008.449869156,14.650000181,7.987857937,-0.301320310,1.200000000,0.459027094
1784881008.459869146,14.660000181,7.991863184,-0.299246622,1.200000000,0.455570768
1784881008.469869137,14.670000181,7.995855186,-0.297180118,1.200000000,0.452067814
1784881008.479869127,14.680000181,7.999833817,-0.295120875,1.200000000,0.448518110
1784881008.489869356,14.690000181,8.003798940,-0.293068974,1.200000000,0.444921535
1784881008.499869347,14.700000181,8.007750416,-0.291024499,1.200000000,0.441277969
1784881008.509869337,14.710000181,8.011688098,-0.288987535,1.200000000,0.437587290
1784881008.519869328,14.720000181,8.015611830,-0.286958173,1.200000000,0.433849378
1784881008.529869318,14.730000181,8.019521452,-0.284936503,1.200000000,0.430064112
1784881008.539869308,14.740000181,8.023416795,-0.282922623,1.200000000,0.426231370
1784881008.549869299,14.750000181,8.027297684,-0.280916629,1.200000000,0.422351033
1784881008.559869289,14.760000181,8.031163935,-0.278918625,1.200000000,0.418422978
1784881008.569869280,14.770000181,8.035015357,-0.276928716,1.200000000,0.414447085
1784881008.579869270,14.780000181,8.038851752,-0.274947010,1.200000000,0.410423234
1784881008.589869261,14.790000181,8.042672913,-0.272973621,1.200000000,0.406351303
1784881008.599869251,14.800000181,8.046478624,-0.271008664,1.200000000,0.402231171
1784881008.609869242,14.810000181,8.050268662,-0.269052260,1.200000000,0.398062718
1784881008.619869232,14.820000181,8.054042796,-0.267104533,1.200000000,0.393845822
1784881008.629869223,14.830000181,8.057800785,-0.265165610,1.200000000,0.389580363
1784881008.639869213,14.840000181,8.061542378,-0.263235623,1.200000000,0.385266219
1784881008.649869204,14.850000181,8.065267318,-0.261314709,1.200000000,0.380903278
1784881008.659869194,14.860000181,8.068975336,-0.259403007,1.200000000,0.376492160
1784881008.669869184,14.870000181,8.072666155,-0.257500663,1.200000000,0.372034818
1784881008.679869175,14.880000181,8.076339487,-0.255607827,1.200000000,0.367533348
1784881008.689869165,14.890000181,8.079995036,-0.253724650,1.200000000,0.362989846
1784881008.699869156,14.900000181,8.083632494,-0.251851293,1.200000000,0.358406408
1784881008.709869146,14.910000181,8.087251543,-0.249987918,1.200000000,0.353785129
1784881008.719869137,14.920000181,8.090851856,-0.248134693,1.200000000,0.349128104
1784881008.729869127,14.930000181,8.094433094,-0.246291792,1.200000000,0.344437429
1784881008.739869356,14.940000181,8.097994908,-0.244459391,1.200000000,0.339715200
1784881008.749869347,14.950000181,8.101536938,-0.242637676,1.200000000,0.334963512
1784881008.759869337,14.960000181,8.105058812,-0.240826833,1.200000000,0.330184460
1784881008.769869328,14.970000181,8.108560147,-0.239027056,1.200000000,0.325380141
1784881008.779869318,14.980000181,8.112040550,-0.237238545,1.200000000,0.320552650
1784881008.789869308,14.990000181,8.115499614,-0.235461503,1.200000000,0.315704083
1784881008.799869299,15.000000181,8.118936924,-0.233696141,1.200000000,0.310836534
1784881008.809869289,15.010000181,8.122352050,-0.231942673,1.200000000,0.305952101
1784881008.819869280,15.020000181,8.125744553,-0.230201320,1.200000000,0.301052877
1784881008.829869270,15.030000181,8.129113979,-0.228472309,1.200000000,0.296140959
1784881008.839869261,15.040000181,8.132459866,-0.226755871,1.200000000,0.291218442
1784881008.849869251,15.050000181,8.135781738,-0.225052243,1.200000000,0.286287422
1784881008.859869242,15.060000181,8.139079108,-0.223361669,1.200000000,0.281349995
1784881008.869869232,15.070000181,8.142351478,-0.221684395,1.200000000,0.276408255
1784881008.879869223,15.080000181,8.145598338,-0.220020677,1.200000000,0.271464299
1784881008.889869213,15.090000181,8.148819167,-0.218370772,1.200000000,0.266520223
1784881008.899869204,15.100000181,8.152013432,-0.216734946,1.200000000,0.261578120
1784881008.909869194,15.110000181,8.155180590,-0.215113466,1.200000000,0.256640089
1784881008.919869184,15.120000181,8.158320087,-0.213506608,1.200000000,0.251708222
1784881008.929869175,15.130000181,8.161431360,-0.211914650,1.200000000,0.246784618
1784881008.939869165,15.140000181,8.164513834,-0.210337877,1.200000000,0.241871370
1784881008.949869156,15.150000181,8.167566925,-0.208776576,1.200000000,0.236970575
1784881008.959869146,15.160000181,8.170590041,-0.207231041,1.200000000,0.232084328
1784881008.969869137,15.170000181,8.173582579,-0.205701569,1.200000000,0.227214724
1784881008.979869127,15.180000181,8.176543930,-0.204188460,1.200000000,0.222363860
1784881008.989869356,15.190000181,8.179473475,-0.202692018,1.200000000,0.217533830
1784881008.999869347,15.200000181,8.182370590,-0.201212552,1.200000000,0.212726731
1784881009.009869337,15.210000181,8.185234643,-0.199750371,1.200000000,0.207944657
1784881009.019869328,15.220000181,8.188064998,-0.198305789,1.200000000,0.203189705
1784881009.029869318,15.230000181,8.190861011,-0.196879121,1.200000000,0.198463970
1784881009.039869308,15.240000181,8.193622038,-0.195470685,1.200000000,0.193769548
1784881009.049869299,15.250000181,8.196347427,-0.194080799,1.200000000,0.189108534
1784881009.059869289,15.260000181,8.199036528,-0.192709782,1.200000000,0.184483023
1784881009.069869280,15.270000181,8.201688686,-0.191357956,1.200000000,0.179895112
1784881009.079869270,15.280000181,8.204303249,-0.190025640,1.200000000,0.175346896
1784881009.089869261,15.290000181,8.206879563,-0.188713153,1.200000000,0.170840470
1784881009.099869251,15.300000181,8.209416978,-0.187420813,1.200000000,0.166377930
1784881009.109869242,15.310000181,8.211914845,-0.186148937,1.200000000,0.161961371
1784881009.119869232,15.320000181,8.214372523,-0.184897839,1.200000000,0.157592890
1784881009.129869223,15.330000181,8.216789373,-0.183667828,1.200000000,0.153274581
1784881009.139869213,15.340000181,8.219164767,-0.182459213,1.200000000,0.149008540
1784881009.149869204,15.350000181,8.221498083,-0.181272294,1.200000000,0.144796864
1784881009.159869194,15.360000181,8.223788712,-0.180107368,1.200000000,0.140641646
1784881009.169869184,15.370000181,8.226036056,-0.178964726,1.200000000,0.136544984
1784881009.179869175,15.380000181,8.228239531,-0.177844649,1.200000000,0.132508796
1784881009.189869165,15.390000181,8.230398569,-0.176747415,1.200000000,0.128533673
1784881009.199869156,15.400000181,8.232512622,-0.175673286,1.200000000,0.124619594
1784881009.209869146,15.410000181,8.234581157,-0.174622520,1.200000000,0.120766534
1784881009.219869137,15.420000181,8.236603668,-0.173595362,1.200000000,0.116974471
1784881009.229869127,15.430000181,8.238579671,-0.172592042,1.200000000,0.113243381
1784881009.239869356,15.440000181,8.240508707,-0.171612780,1.200000000,0.109573240
1784881009.249869347,15.450000181,8.242390347,-0.170657781,1.200000000,0.105964024
1784881009.259869337,15.460000181,8.244224192,-0.169727234,1.200000000,0.102415710
1784881009.269869328,15.470000181,8.246009876,-0.168821312,1.200000000,0.098928274
1784881009.279869318,15.480000181,8.247747067,-0.167940170,1.200000000,0.095501693
1784881009.289869308,15.490000181,8.249435474,-0.167083944,1.200000000,0.092135942
1784881009.299869299,15.500000181,8.251074840,-0.166252749,1.200000000,0.088830998
1784881009.309869289,15.510000181,8.252664954,-0.165446683,1.200000000,0.085586837
1784881009.319869280,15.520000181,8.254205647,-0.164665818,1.200000000,0.082403436
1784881009.329869270,15.530000181,8.255696795,-0.163910205,1.200000000,0.079280771
1784881009.339869261,15.540000181,8.257138323,-0.163179869,1.200000000,0.076218818
1784881009.349869251,15.550000181,8.258530207,-0.162474813,1.200000000,0.073217554
1784881009.359869242,15.560000181,8.259872471,-0.161795013,1.200000000,0.070276954
1784881009.369869232,15.570000181,8.261165196,-0.161140416,1.200000000,0.067396996
1784881009.379869223,15.580000181,8.262408515,-0.160510944,1.200000000,0.064577656
1784881009.389869213,15.590000181,8.263602620,-0.159906490,1.200000000,0.061818909
1784881009.399869204,15.600000181,8.264747760,-0.159326919,1.200000000,0.059120732
1784881009.409869194,15.610000181,8.265844243,-0.158772064,1.200000000,0.056483103
1784881009.419869184,15.620000181,8.266892436,-0.158241729,1.200000000,0.053905995
1784881009.429869175,15.630000181,8.267892770,-0.157735688,1.200000000,0.051389387
1784881009.439869165,15.640000181,8.268845735,-0.157253684,1.200000000,0.048933255
1784881009.449869156,15.650000181,8.269751886,-0.156795427,1.200000000,0.046537574
1784881009.459869146,15.660000181,8.270611840,-0.156360597,1.200000000,0.044202322
1784881009.469869137,15.670000181,8.271426278,-0.155948842,1.200000000,0.041927474
1784881009.479869127,15.680000181,8.272195942,-0.155559779,1.200000000,0.039713006
1784881009.489869356,15.690000181,8.272921641,-0.155192991,1.200000000,0.037558896
1784881009.499869347,15.700000181,8.273604242,-0.154848034,1.200000000,0.035465119
1784881009.509869337,15.710000181,8.274244677,-0.154524429,1.200000000,0.033431652
1784881009.519869328,15.720000181,8.274843938,-0.154221668,1.200000000,0.031458471
1784881009.529869318,15.730000181,8.275403077,-0.153939216,1.200000000,0.029545553
1784881009.539869308,15.740000181,8.275923204,-0.153676503,1.200000000,0.027692873
1784881009.549869299,15.750000181,8.276405485,-0.153432937,1.200000000,0.025900408
1784881009.559869289,15.760000181,8.276851140,-0.153207895,1.200000000,0.024168134
1784881009.569869280,15.770000181,8.277261444,-0.153000730,1.200000000,0.022496028
1784881009.579869270,15.780000181,8.277637717,-0.152810769,1.200000000,0.020884067
1784881009.589869261,15.790000181,8.277981328,-0.152637318,1.200000000,0.019332225
1784881009.599869251,15.800000181,8.278293688,-0.152479659,1.200000000,0.017840480
1784881009.609869242,15.810000181,8.278576249,-0.152337058,1.200000000,0.016408808
1784881009.619869232,15.820000181,8.278830495,-0.152208760,1.200000000,0.015037185
1784881009.629869223,15.830000181,8.279057942,-0.152093997,1.200000000,0.013725588
1784881009.639869213,15.840000181,8.279260134,-0.151991989,1.200000000,0.012473993
1784881009.649869204,15.850000181,8.279438632,-0.151901943,1.200000000,0.011282376
1784881009.659869194,15.860000181,8.279595015,-0.151823062,1.200000000,0.010150713
1784881009.669869184,15.870000181,8.279730869,-0.151754542,1.200000000,0.009078982
1784881009.679869175,15.880000181,8.279847785,-0.151695580,1.200000000,0.008067157
1784881009.689869165,15.890000181,8.279947347,-0.151645374,1.200000000,0.007115216
1784881009.699869156,15.900000181,8.280031128,-0.151603130,1.200000000,0.006223135
1784881009.709869146,15.910000181,8.280100684,-0.151568062,1.200000000,0.005390890
1784881009.719869137,15.920000181,8.280157539,-0.151539399,1.200000000,0.004618458
1784881009.729869127,15.930000181,8.280203186,-0.151516390,1.200000000,0.003905814
1784881009.739869356,15.940000181,8.280239067,-0.151498304,1.200000000,0.003252936
1784881009.749869347,15.950000181,8.280266572,-0.151484442,1.200000000,0.002659799
1784881009.759869337,15.960000181,8.280287025,-0.151474134,1.200000000,0.002126379
1784881009.769869328,15.970000181,8.280301674,-0.151466752,1.200000000,0.001652654
1784881009.779869318,15.980000181,8.280311678,-0.151461712,1.200000000,0.001238600
1784881009.789869308,15.990000181,8.280318097,-0.151458478,1.200000000,0.000884191
1784881009.799869299,16.000000181,8.280321881,-0.151456571,1.200000000,0.000589406
1784881009.809869289,16.010000181,8.280323855,-0.151455577,1.200000000,0.000354221
1784881009.819869280,16.020000181,8.280324704,-0.151455149,1.200000000,0.000178611
1784881009.829869270,16.030000181,8.280324963,-0.151455019,1.200000000,0.000062553
1784881009.839869261,16.040000181,8.280325000,-0.151455000,1.200000000,0.000006023
1784881009.844368935,16.044499944,8.280325000,-0.151455000,1.200000000,-0.000000000
