trajectory_index,trajectory_id,trajectory_stamp,point_index,t,x,y,z,yaw
0,286,1784880993.799869061,0,0.000000181,-0.261959000,-0.006230000,1.200000000,-0.039639000
0,286,1784880993.799869061,1,0.010000181,-0.261958995,-0.006229999,1.200000000,-0.039641273
0,286,1784880993.799869061,2,0.020000181,-0.261958926,-0.006229992,1.200000000,-0.039648002
0,286,1784880993.799869061,3,0.030000181,-0.261958631,-0.006229958,1.200000000,-0.039659050
0,286,1784880993.799869061,4,0.040000181,-0.261957848,-0.006229868,1.200000000,-0.039674280
0,286,1784880993.799869061,5,0.050000181,-0.261956219,-0.006229681,1.200000000,-0.039693557
0,286,1784880993.799869061,6,0.060000181,-0.261953301,-0.006229345,1.200000000,-0.039716743
0,286,1784880993.799869061,7,0.070000181,-0.261948564,-0.006228801,1.200000000,-0.039743702
0,286,1784880993.799869061,8,0.080000181,-0.261941405,-0.006227978,1.200000000,-0.039774298
0,286,1784880993.799869061,9,0.090000181,-0.261931148,-0.006226799,1.200000000,-0.039808394
0,286,1784880993.799869061,10,0.100000181,-0.261917048,-0.006225177,1.200000000,-0.039845854
0,286,1784880993.799869061,11,0.110000181,-0.261898301,-0.006223020,1.200000000,-0.039886541
0,286,1784880993.799869061,12,0.120000181,-0.261874048,-0.006220228,1.200000000,-0.039930318
0,286,1784880993.799869061,13,0.130000181,-0.261843375,-0.006216696,1.200000000,-0.039977050
0,286,1784880993.799869061,14,0.140000181,-0.261805323,-0.006212313,1.200000000,-0.040026600
0,286,1784880993.799869061,15,0.150000181,-0.261758890,-0.006206963,1.200000000,-0.040078831
0,286,1784880993.799869061,16,0.160000181,-0.261703036,-0.006200525,1.200000000,-0.040133607
0,286,1784880993.799869061,17,0.170000181,-0.261636686,-0.006192875,1.200000000,-0.040190791
0,286,1784880993.799869061,18,0.180000181,-0.261558737,-0.006183884,1.200000000,-0.040250247
0,286,1784880993.799869061,19,0.190000181,-0.261468057,-0.006173421,1.200000000,-0.040311839
0,286,1784880993.799869061,20,0.200000181,-0.261363493,-0.006161352,1.200000000,-0.040375429
0,286,1784880993.799869061,21,0.210000181,-0.261243873,-0.006147540,1.200000000,-0.040440882
0,286,1784880993.799869061,22,0.220000181,-0.261108009,-0.006131847,1.200000000,-0.040508061
0,286,1784880993.799869061,23,0.230000181,-0.260954703,-0.006114133,1.200000000,-0.040576829
0,286,1784880993.799869061,24,0.240000181,-0.260782744,-0.006094256,1.200000000,-0.040647050
0,286,1784880993.799869061,25,0.250000181,-0.260590918,-0.006072075,1.200000000,-0.040718588
0,286,1784880993.799869061,26,0.260000181,-0.260378008,-0.006047447,1.200000000,-0.040791305
0,286,1784880993.799869061,27,0.270000181,-0.260142795,-0.006020229,1.200000000,-0.040865067
0,286,1784880993.799869061,28,0.280000181,-0.259884063,-0.005990279,1.200000000,-0.040939735
0,286,1784880993.799869061,29,0.290000181,-0.259600603,-0.005957453,1.200000000,-0.041015174
0,286,1784880993.799869061,30,0.300000181,-0.259291209,-0.005921612,1.200000000,-0.041091247
0,286,1784880993.799869061,31,0.310000181,-0.258954689,-0.005882612,1.200000000,-0.041167818
0,286,1784880993.799869061,32,0.320000181,-0.258589860,-0.005840317,1.200000000,-0.041244750
0,286,1784880993.799869061,33,0.330000181,-0.258195555,-0.005794586,1.200000000,-0.041321906
0,286,1784880993.799869061,34,0.340000181,-0.257770620,-0.005745285,1.200000000,-0.041399151
0,286,1784880993.799869061,35,0.350000181,-0.257313921,-0.005692278,1.200000000,-0.041476348
0,286,1784880993.799869061,36,0.360000181,-0.256824343,-0.005635432,1.200000000,-0.041553360
0,286,1784880993.799869061,37,0.370000181,-0.256300791,-0.005574619,1.200000000,-0.041630050
0,286,1784880993.799869061,38,0.380000181,-0.255742194,-0.005509709,1.200000000,-0.041706283
0,286,1784880993.799869061,39,0.390000181,-0.255147504,-0.005440578,1.200000000,-0.041781922
0,286,1784880993.799869061,40,0.400000181,-0.254515698,-0.005367104,1.200000000,-0.041856830
0,286,1784880993.799869061,41,0.410000181,-0.253845780,-0.005289168,1.200000000,-0.041930870
0,286,1784880993.799869061,42,0.420000181,-0.253136783,-0.005206652,1.200000000,-0.042003908
0,286,1784880993.799869061,43,0.430000181,-0.252387765,-0.005119443,1.200000000,-0.042075805
0,286,1784880993.799869061,44,0.440000181,-0.251597818,-0.005027433,1.200000000,-0.042146425
0,286,1784880993.799869061,45,0.450000181,-0.250766062,-0.004930514,1.200000000,-0.042215633
0,286,1784880993.799869061,46,0.460000181,-0.249891648,-0.004828584,1.200000000,-0.042283291
0,286,1784880993.799869061,47,0.470000181,-0.248973761,-0.004721543,1.200000000,-0.042349263
0,286,1784880993.799869061,48,0.480000181,-0.248011617,-0.004609295,1.200000000,-0.042413412
0,286,1784880993.799869061,49,0.490000181,-0.247004466,-0.004491750,1.200000000,-0.042475602
0,286,1784880993.799869061,50,0.500000181,-0.245951590,-0.004368818,1.200000000,-0.042535697
0,286,1784880993.799869061,51,0.510000181,-0.244852308,-0.004240416,1.200000000,-0.042593561
0,286,1784880993.799869061,52,0.520000181,-0.243705970,-0.004106462,1.200000000,-0.042649055
0,286,1784880993.799869061,53,0.530000181,-0.242511963,-0.003966882,1.200000000,-0.042702045
0,286,1784880993.799869061,54,0.540000181,-0.241269707,-0.003821602,1.200000000,-0.042752393
0,286,1784880993.799869061,55,0.550000181,-0.239978659,-0.003670555,1.200000000,-0.042799964
0,286,1784880993.799869061,56,0.560000181,-0.238638308,-0.003513675,1.200000000,-0.042844620
0,286,1784880993.799869061,57,0.570000181,-0.237248181,-0.003350902,1.200000000,-0.042886225
0,286,1784880993.799869061,58,0.580000181,-0.235807838,-0.003182181,1.200000000,-0.042924644
0,286,1784880993.799869061,59,0.590000181,-0.234316873,-0.003007458,1.200000000,-0.042959738
0,286,1784880993.799869061,60,0.600000181,-0.232774917,-0.002826686,1.200000000,-0.042991372
0,286,1784880993.799869061,61,0.610000181,-0.231181633,-0.002639821,1.200000000,-0.043019410
0,286,1784880993.799869061,62,0.620000181,-0.229536720,-0.002446821,1.200000000,-0.043043714
0,286,1784880993.799869061,63,0.630000181,-0.227839907,-0.002247651,1.200000000,-0.043064148
0,286,1784880993.799869061,64,0.640000181,-0.226090962,-0.002042278,1.200000000,-0.043080577
0,286,1784880993.799869061,65,0.650000181,-0.224289680,-0.001830674,1.200000000,-0.043092862
0,286,1784880993.799869061,66,0.660000181,-0.222435893,-0.001612813,1.200000000,-0.043100869
0,286,1784880993.799869061,67,0.670000181,-0.220529461,-0.001388675,1.200000000,-0.043104460
0,286,1784880993.799869061,68,0.680000181,-0.218570280,-0.001158243,1.200000000,-0.043103499
0,286,1784880993.799869061,69,0.690000181,-0.216558273,-0.000921503,1.200000000,-0.043097849
0,286,1784880993.799869061,70,0.700000181,-0.214493395,-0.000678445,1.200000000,-0.043087375
0,286,1784880993.799869061,71,0.710000181,-0.212375629,-0.000429062,1.200000000,-0.043071939
0,286,1784880993.799869061,72,0.720000181,-0.210204989,-0.000173352,1.200000000,-0.043051405
0,286,1784880993.799869061,73,0.730000181,-0.207981516,0.000088684,1.200000000,-0.043025636
0,286,1784880993.799869061,74,0.740000181,-0.205705279,0.000357044,1.200000000,-0.042994497
0,286,1784880993.799869061,75,0.750000181,-0.203376374,0.000631719,1.200000000,-0.042957850
0,286,1784880993.799869061,76,0.760000181,-0.200994923,0.000912700,1.200000000,-0.042915559
0,286,1784880993.799869061,77,0.770000181,-0.198561072,0.001199973,1.200000000,-0.042867488
0,286,1784880993.799869061,78,0.780000181,-0.196074993,0.001493522,1.200000000,-0.042813500
0,286,1784880993.799869061,79,0.790000181,-0.193536882,0.001793326,1.200000000,-0.042753458
0,286,1784880993.799869061,80,0.800000181,-0.190946957,0.002099365,1.200000000,-0.042687227
0,286,1784880993.799869061,81,0.810000181,-0.188305459,0.002411612,1.200000000,-0.042614669
0,286,1784880993.799869061,82,0.820000181,-0.185612650,0.002730040,1.200000000,-0.042535649
0,286,1784880993.799869061,83,0.830000181,-0.182868811,0.003054619,1.200000000,-0.042450030
0,286,1784880993.799869061,84,0.840000181,-0.180074246,0.003385316,1.200000000,-0.042357674
0,286,1784880993.799869061,85,0.850000181,-0.177229275,0.003722094,1.200000000,-0.042258447
0,286,1784880993.799869061,86,0.860000181,-0.174334238,0.004064917,1.200000000,-0.042152211
0,286,1784880993.799869061,87,0.870000181,-0.171389490,0.004413745,1.200000000,-0.042038830
0,286,1784880993.799869061,88,0.880000181,-0.168395406,0.004768535,1.200000000,-0.041918167
0,286,1784880993.799869061,89,0.890000181,-0.165352374,0.005129243,1.200000000,-0.041790120
0,286,1784880993.799869061,90,0.900000181,-0.162260797,0.005495823,1.200000000,-0.041654739
0,286,1784880993.799869061,91,0.910000181,-0.159121093,0.005868226,1.200000000,-0.041512112
0,286,1784880993.799869061,92,0.920000181,-0.155933694,0.006246403,1.200000000,-0.041362329
0,286,1784880993.799869061,93,0.930000181,-0.152699045,0.006630301,1.200000000,-0.041205479
0,286,1784880993.799869061,94,0.940000181,-0.149417600,0.007019866,1.200000000,-0.041041651
0,286,1784880993.799869061,95,0.950000181,-0.146089827,0.007415045,1.200000000,-0.040870935
0,286,1784880993.799869061,96,0.960000181,-0.142716205,0.007815780,1.200000000,-0.040693420
0,286,1784880993.799869061,97,0.970000181,-0.139297222,0.008222012,1.200000000,-0.040509196
0,286,1784880993.799869061,98,0.980000181,-0.135833374,0.008633683,1.200000000,-0.040318351
0,286,1784880993.799869061,99,0.990000181,-0.132325168,0.009050731,1.200000000,-0.040120976
0,286,1784880993.799869061,100,1.000000181,-0.128773118,0.009473094,1.200000000,-0.039917159
0,286,1784880993.799869061,101,1.010000181,-0.125177746,0.009900708,1.200000000,-0.039706990
0,286,1784880993.799869061,102,1.020000181,-0.121539579,0.010333510,1.200000000,-0.039490558
0,286,1784880993.799869061,103,1.030000181,-0.117859152,0.010771434,1.200000000,-0.039267953
0,286,1784880993.799869061,104,1.040000181,-0.114137006,0.011214413,1.200000000,-0.039039264
0,286,1784880993.799869061,105,1.050000181,-0.110373685,0.011662380,1.200000000,-0.038804580
0,286,1784880993.799869061,106,1.060000181,-0.106569739,0.012115266,1.200000000,-0.038563990
0,286,1784880993.799869061,107,1.070000181,-0.102725722,0.012573003,1.200000000,-0.038317584
0,286,1784880993.799869061,108,1.080000181,-0.098842192,0.013035521,1.200000000,-0.038065452
0,286,1784880993.799869061,109,1.090000181,-0.094919709,0.013502749,1.200000000,-0.037807682
0,286,1784880993.799869061,110,1.100000181,-0.090958835,0.013974616,1.200000000,-0.037544364
0,286,1784880993.799869061,111,1.110000181,-0.086960135,0.014451051,1.200000000,-0.037275587
0,286,1784880993.799869061,112,1.120000181,-0.082924176,0.014931981,1.200000000,-0.037001441
0,286,1784880993.799869061,113,1.130000181,-0.078851525,0.015417334,1.200000000,-0.036722015
0,286,1784880993.799869061,114,1.140000181,-0.074742749,0.015907038,1.200000000,-0.036437398
0,286,1784880993.799869061,115,1.150000181,-0.070598418,0.016401018,1.200000000,-0.036147680
0,286,1784880993.799869061,116,1.160000181,-0.066419098,0.016899201,1.200000000,-0.035852949
0,286,1784880993.799869061,117,1.170000181,-0.062205357,0.017401513,1.200000000,-0.035553296
0,286,1784880993.799869061,118,1.180000181,-0.057957762,0.017907882,1.200000000,-0.035248810
0,286,1784880993.799869061,119,1.190000181,-0.053676876,0.018418231,1.200000000,-0.034939580
0,286,1784880993.799869061,120,1.200000181,-0.049363263,0.018932488,1.200000000,-0.034625695
0,286,1784880993.799869061,121,1.210000181,-0.045017484,0.019450577,1.200000000,-0.034307245
0,286,1784880993.799869061,122,1.220000181,-0.040640096,0.019972426,1.200000000,-0.033984319
0,286,1784880993.799869061,123,1.230000181,-0.036231656,0.020497959,1.200000000,-0.033657006
0,286,1784880993.799869061,124,1.240000181,-0.031792714,0.021027103,1.200000000,-0.033325396
0,286,1784880993.799869061,125,1.250000181,-0.027323820,0.021559783,1.200000000,-0.032989578
0,286,1784880993.799869061,126,1.260000181,-0.022825518,0.022095927,1.200000000,-0.032649641
0,286,1784880993.799869061,127,1.270000181,-0.018298348,0.022635460,1.200000000,-0.032305676
0,286,1784880993.799869061,128,1.280000181,-0.013742847,0.023178309,1.200000000,-0.031957770
0,286,1784880993.799869061,129,1.290000181,-0.009159546,0.023724402,1.200000000,-0.031606014
0,286,1784880993.799869061,130,1.300000181,-0.004548971,0.024273666,1.200000000,-0.031250496
0,286,1784880993.799869061,131,1.310000181,0.000088356,0.024826028,1.200000000,-0.030891307
0,286,1784880993.799869061,132,1.320000181,0.004751921,0.025381417,1.200000000,-0.030528535
0,286,1784880993.799869061,133,1.330000181,0.009441214,0.025939762,1.200000000,-0.030162270
0,286,1784880993.799869061,134,1.340000181,0.014155730,0.026500991,1.200000000,-0.029792601
0,286,1784880993.799869061,135,1.350000181,0.018894972,0.027065034,1.200000000,-0.029419618
0,286,1784880993.799869061,136,1.360000181,0.023658449,0.027631822,1.200000000,-0.029043409
0,286,1784880993.799869061,137,1.370000181,0.028445676,0.028201286,1.200000000,-0.028664065
0,286,1784880993.799869061,138,1.380000181,0.033256176,0.028773355,1.200000000,-0.028281674
0,286,1784880993.799869061,139,1.390000181,0.038089478,0.029347964,1.200000000,-0.027896326
0,286,1784880993.799869061,140,1.400000181,0.042945117,0.029925044,1.200000000,-0.027508110
0,286,1784880993.799869061,141,1.410000181,0.047822639,0.030504528,1.200000000,-0.027117116
0,286,1784880993.799869061,142,1.420000181,0.052721593,0.031086352,1.200000000,-0.026723433
0,286,1784880993.799869061,143,1.430000181,0.057641540,0.031670449,1.200000000,-0.026327149
0,286,1784880993.799869061,144,1.440000181,0.062582044,0.032256755,1.200000000,-0.025928356
0,286,1784880993.799869061,145,1.450000181,0.067542682,0.032845208,1.200000000,-0.025527141
0,286,1784880993.799869061,146,1.460000181,0.072523035,0.033435743,1.200000000,-0.025123595
0,286,1784880993.799869061,147,1.470000181,0.077522694,0.034028299,1.200000000,-0.024717806
0,286,1784880993.799869061,148,1.480000181,0.082541258,0.034622815,1.200000000,-0.024309865
0,286,1784880993.799869061,149,1.490000181,0.087578333,0.035219231,1.200000000,-0.023899859
0,286,1784880993.799869061,150,1.500000181,0.092633537,0.035817487,1.200000000,-0.023487879
0,286,1784880993.799869061,151,1.510000181,0.097706492,0.036417525,1.200000000,-0.023074015
0,286,1784880993.799869061,152,1.520000181,0.102796831,0.037019288,1.200000000,-0.022658354
0,286,1784880993.799869061,153,1.530000181,0.107904197,0.037622720,1.200000000,-0.022240987
0,286,1784880993.799869061,154,1.540000181,0.113028238,0.038227764,1.200000000,-0.021822004
0,286,1784880993.799869061,155,1.550000181,0.118168613,0.038834366,1.200000000,-0.021401492
0,286,1784880993.799869061,156,1.560000181,0.123324991,0.039442473,1.200000000,-0.020979542
0,286,1784880993.799869061,157,1.570000181,0.128497048,0.040052032,1.200000000,-0.020556244
0,286,1784880993.799869061,158,1.580000181,0.133684469,0.040662992,1.200000000,-0.020131685
0,286,1784880993.799869061,159,1.590000181,0.138886947,0.041275303,1.200000000,-0.019705957
0,286,1784880993.799869061,160,1.600000181,0.144104187,0.041888914,1.200000000,-0.019279147
0,286,1784880993.799869061,161,1.610000181,0.149335901,0.042503779,1.200000000,-0.018851346
0,286,1784880993.799869061,162,1.620000181,0.154581808,0.043119849,1.200000000,-0.018422643
0,286,1784880993.799869061,163,1.630000181,0.159841640,0.043737078,1.200000000,-0.017993127
0,286,1784880993.799869061,164,1.640000181,0.165115134,0.044355422,1.200000000,-0.017562887
0,286,1784880993.799869061,165,1.650000181,0.170402039,0.044974837,1.200000000,-0.017132013
0,286,1784880993.799869061,166,1.660000181,0.175702111,0.045595279,1.200000000,-0.016700594
0,286,1784880993.799869061,167,1.670000181,0.181015115,0.046216708,1.200000000,-0.016268719
0,286,1784880993.799869061,168,1.680000181,0.186340826,0.046839083,1.200000000,-0.015836479
0,286,1784880993.799869061,169,1.690000181,0.191679027,0.047462364,1.200000000,-0.015403961
0,286,1784880993.799869061,170,1.700000181,0.197029509,0.048086513,1.200000000,-0.014971256
0,286,1784880993.799869061,171,1.710000181,0.202392073,0.048711493,1.200000000,-0.014538453
0,286,1784880993.799869061,172,1.720000181,0.207766527,0.049337269,1.200000000,-0.014105641
0,286,1784880993.799869061,173,1.730000181,0.213152689,0.049963805,1.200000000,-0.013672910
0,286,1784880993.799869061,174,1.740000181,0.218550386,0.050591067,1.200000000,-0.013240349
0,286,1784880993.799869061,175,1.750000181,0.223959451,0.051219024,1.200000000,-0.012808046
0,286,1784880993.799869061,176,1.760000181,0.229379729,0.051847644,1.200000000,-0.012376093
0,286,1784880993.799869061,177,1.770000181,0.234811069,0.052476897,1.200000000,-0.011944577
0,286,1784880993.799869061,178,1.780000181,0.240253331,0.053106755,1.200000000,-0.011513588
0,286,1784880993.799869061,179,1.790000181,0.245706382,0.053737188,1.200000000,-0.011083216
0,286,1784880993.799869061,180,1.800000181,0.251170099,0.054368171,1.200000000,-0.010653550
0,286,1784880993.799869061,181,1.810000181,0.256644363,0.054999679,1.200000000,-0.010224679
0,286,1784880993.799869061,182,1.820000181,0.262129067,0.055631686,1.200000000,-0.009796693
0,286,1784880993.799869061,183,1.830000181,0.267624110,0.056264170,1.200000000,-0.009369681
0,286,1784880993.799869061,184,1.840000181,0.273129397,0.056897110,1.200000000,-0.008943732
0,286,1784880993.799869061,185,1.850000181,0.278644843,0.057530483,1.200000000,-0.008518935
0,286,1784880993.799869061,186,1.860000181,0.284170368,0.058164271,1.200000000,-0.008095381
0,286,1784880993.799869061,187,1.870000181,0.289705902,0.058798455,1.200000000,-0.007673158
0,286,1784880993.799869061,188,1.880000181,0.295251380,0.059433017,1.200000000,-0.007252356
0,286,1784880993.799869061,189,1.890000181,0.300806745,0.060067942,1.200000000,-0.006833064
0,286,1784880993.799869061,190,1.900000181,0.306371945,0.060703215,1.200000000,-0.006415371
0,286,1784880993.799869061,191,1.910000181,0.311946939,0.061338821,1.200000000,-0.005999366
0,286,1784880993.799869061,192,1.920000181,0.317531687,0.061974747,1.200000000,-0.005585140
0,286,1784880993.799869061,193,1.930000181,0.323126160,0.062610983,1.200000000,-0.005172781
0,286,1784880993.799869061,194,1.940000181,0.328730333,0.063247517,1.200000000,-0.004762379
0,286,1784880993.799869061,195,1.950000181,0.334344187,0.063884340,1.200000000,-0.004354023
0,286,1784880993.799869061,196,1.960000181,0.339967711,0.064521443,1.200000000,-0.003947803
0,286,1784880993.799869061,197,1.970000181,0.345600898,0.065158820,1.200000000,-0.003543807
0,286,1784880993.799869061,198,1.980000181,0.351243748,0.065796464,1.200000000,-0.003142125
0,286,1784880993.799869061,199,1.990000181,0.356896264,0.066434370,1.200000000,-0.002742847
0,286,1784880993.799869061,200,2.000000181,0.362558458,0.067072533,1.200000000,-0.002346061
0,286,1784880993.799869061,201,2.010000181,0.368230345,0.067710952,1.200000000,-0.001951858
0,286,1784880993.799869061,202,2.020000181,0.373911946,0.068349623,1.200000000,-0.001560326
0,286,1784880993.799869061,203,2.030000181,0.379603286,0.068988546,1.200000000,-0.001171555
0,286,1784880993.799869061,204,2.040000181,0.385304395,0.069627720,1.200000000,-0.000785634
0,286,1784880993.799869061,205,2.050000181,0.391015308,0.070267148,1.200000000,-0.000402653
0,286,1784880993.799869061,206,2.060000181,0.396736065,0.070906831,1.200000000,-0.000022700
0,286,1784880993.799869061,207,2.070000181,0.402466710,0.071546771,1.200000000,0.000354134
0,286,1784880993.799869061,208,2.080000181,0.408207288,0.072186974,1.200000000,0.000727761
0,286,1784880993.799869061,209,2.090000181,0.413957854,0.072827444,1.200000000,0.001098091
0,286,1784880993.799869061,210,2.100000181,0.419718460,0.073468186,1.200000000,0.001465035
0,286,1784880993.799869061,211,2.110000181,0.425489168,0.074109208,1.200000000,0.001828503
0,286,1784880993.799869061,212,2.120000181,0.431270038,0.074750518,1.200000000,0.002188407
0,286,1784880993.799869061,213,2.130000181,0.437061137,0.075392123,1.200000000,0.002544656
0,286,1784880993.799869061,214,2.140000181,0.442862532,0.076034035,1.200000000,0.002897161
0,286,1784880993.799869061,215,2.150000181,0.448674296,0.076676262,1.200000000,0.003245834
0,286,1784880993.799869061,216,2.160000181,0.454496503,0.077318817,1.200000000,0.003590584
0,286,1784880993.799869061,217,2.170000181,0.460329229,0.077961711,1.200000000,0.003931323
0,286,1784880993.799869061,218,2.180000181,0.466172554,0.078604958,1.200000000,0.004267960
0,286,1784880993.799869061,219,2.190000181,0.472026559,0.079248572,1.200000000,0.004600408
0,286,1784880993.799869061,220,2.200000181,0.477891328,0.079892566,1.200000000,0.004928576
0,286,1784880993.799869061,221,2.210000181,0.483766945,0.080536956,1.200000000,0.005252374
0,286,1784880993.799869061,222,2.220000181,0.489653497,0.081181759,1.200000000,0.005571715
0,286,1784880993.799869061,223,2.230000181,0.495551073,0.081826992,1.200000000,0.005886508
0,286,1784880993.799869061,224,2.240000181,0.501459763,0.082472671,1.200000000,0.006196663
0,286,1784880993.799869061,225,2.250000181,0.507379658,0.083118816,1.200000000,0.006502093
0,286,1784880993.799869061,226,2.260000181,0.513310849,0.083765446,1.200000000,0.006802706
0,286,1784880993.799869061,227,2.270000181,0.519253429,0.084412579,1.200000000,0.007098415
0,286,1784880993.799869061,228,2.280000181,0.525207492,0.085060238,1.200000000,0.007389129
0,286,1784880993.799869061,229,2.290000181,0.531173132,0.085708443,1.200000000,0.007674760
0,286,1784880993.799869061,230,2.300000181,0.537150443,0.086357215,1.200000000,0.007955217
0,286,1784880993.799869061,231,2.310000181,0.543139520,0.087006577,1.200000000,0.008230412
0,286,1784880993.799869061,232,2.320000181,0.549140457,0.087656552,1.200000000,0.008500256
0,286,1784880993.799869061,233,2.330000181,0.555153348,0.088307164,1.200000000,0.008764658
0,286,1784880993.799869061,234,2.340000181,0.561178288,0.088958437,1.200000000,0.009023529
0,286,1784880993.799869061,235,2.350000181,0.567215371,0.089610396,1.200000000,0.009276781
0,286,1784880993.799869061,236,2.360000181,0.573264688,0.090263065,1.200000000,0.009524324
0,286,1784880993.799869061,237,2.370000181,0.579326334,0.090916470,1.200000000,0.009766069
0,286,1784880993.799869061,238,2.380000181,0.585400398,0.091570639,1.200000000,0.010001925
0,286,1784880993.799869061,239,2.390000181,0.591486973,0.092225597,1.200000000,0.010231804
0,286,1784880993.799869061,240,2.400000181,0.597586146,0.092881372,1.200000000,0.010455617
0,286,1784880993.799869061,241,2.410000181,0.603698006,0.093537992,1.200000000,0.010673274
0,286,1784880993.799869061,242,2.420000181,0.609822639,0.094195485,1.200000000,0.010884686
0,286,1784880993.799869061,243,2.430000181,0.615960131,0.094853878,1.200000000,0.011089763
0,286,1784880993.799869061,244,2.440000181,0.622110564,0.095513202,1.200000000,0.011288417
0,286,1784880993.799869061,245,2.450000181,0.628274019,0.096173486,1.200000000,0.011480557
0,286,1784880993.799869061,246,2.460000181,0.634450577,0.096834758,1.200000000,0.011666095
0,286,1784880993.799869061,247,2.470000181,0.640640315,0.097497050,1.200000000,0.011844940
0,286,1784880993.799869061,248,2.480000181,0.646843307,0.098160392,1.200000000,0.012017008
0,286,1784880993.799869061,249,2.490000181,0.653059626,0.098824813,1.200000000,0.012182294
0,286,1784880993.799869061,250,2.500000181,0.659289344,0.099490346,1.200000000,0.012340882
0,286,1784880993.799869061,251,2.510000181,0.665532527,0.100157022,1.200000000,0.012492859
0,286,1784880993.799869061,252,2.520000181,0.671789241,0.100824872,1.200000000,0.012638312
0,286,1784880993.799869061,253,2.530000181,0.678059549,0.101493927,1.200000000,0.012777329
0,286,1784880993.799869061,254,2.540000181,0.684343511,0.102164220,1.200000000,0.012909996
0,286,1784880993.799869061,255,2.550000181,0.690641182,0.102835783,1.200000000,0.013036402
0,286,1784880993.799869061,256,2.560000181,0.696952618,0.103508649,1.200000000,0.013156633
0,286,1784880993.799869061,257,2.570000181,0.703277869,0.104182849,1.200000000,0.013270776
0,286,1784880993.799869061,258,2.580000181,0.709616982,0.104858417,1.200000000,0.013378920
0,286,1784880993.799869061,259,2.590000181,0.715970003,0.105535386,1.200000000,0.013481151
0,286,1784880993.799869061,260,2.600000181,0.722336971,0.106213788,1.200000000,0.013577557
0,286,1784880993.799869061,261,2.610000181,0.728717925,0.106893656,1.200000000,0.013668225
0,286,1784880993.799869061,262,2.620000181,0.735112900,0.107575024,1.200000000,0.013753242
0,286,1784880993.799869061,263,2.630000181,0.741521926,0.108257925,1.200000000,0.013832695
0,286,1784880993.799869061,264,2.640000181,0.747945031,0.108942393,1.200000000,0.013906672
0,286,1784880993.799869061,265,2.650000181,0.754382238,0.109628460,1.200000000,0.013975261
0,286,1784880993.799869061,266,2.660000181,0.760833567,0.110316160,1.200000000,0.014038548
0,286,1784880993.799869061,267,2.670000181,0.767299035,0.111005526,1.200000000,0.014096620
0,286,1784880993.799869061,268,2.680000181,0.773778654,0.111696592,1.200000000,0.014149566
0,286,1784880993.799869061,269,2.690000181,0.780272434,0.112389391,1.200000000,0.014197472
0,286,1784880993.799869061,270,2.700000181,0.786780380,0.113083957,1.200000000,0.014240426
0,286,1784880993.799869061,271,2.710000181,0.793302492,0.113780322,1.200000000,0.014278515
0,286,1784880993.799869061,272,2.720000181,0.799838767,0.114478520,1.200000000,0.014311826
0,286,1784880993.799869061,273,2.730000181,0.806389201,0.115178584,1.200000000,0.014340446
0,286,1784880993.799869061,274,2.740000181,0.812953781,0.115880547,1.200000000,0.014364464
0,286,1784880993.799869061,275,2.750000181,0.819532493,0.116584442,1.200000000,0.014383965
0,286,1784880993.799869061,276,2.760000181,0.826125320,0.117290301,1.200000000,0.014399038
0,286,1784880993.799869061,277,2.770000181,0.832732237,0.117998158,1.200000000,0.014409770
0,286,1784880993.799869061,278,2.780000181,0.839353220,0.118708044,1.200000000,0.014416248
0,286,1784880993.799869061,279,2.790000181,0.845988237,0.119419992,1.200000000,0.014418559
0,286,1784880993.799869061,280,2.800000181,0.852637254,0.120134034,1.200000000,0.014416791
0,286,1784880993.799869061,281,2.810000181,0.859300232,0.120850202,1.200000000,0.014411031
0,286,1784880993.799869061,282,2.820000181,0.865977128,0.121568527,1.200000000,0.014401366
0,286,1784880993.799869061,283,2.830000181,0.872667897,0.122289041,1.200000000,0.014387883
0,286,1784880993.799869061,284,2.840000181,0.879372486,0.123011775,1.200000000,0.014370671
0,286,1784880993.799869061,285,2.850000181,0.886090842,0.123736760,1.200000000,0.014349816
0,286,1784880993.799869061,286,2.860000181,0.892822905,0.124464027,1.200000000,0.014325405
0,286,1784880993.799869061,287,2.870000181,0.899568613,0.125193605,1.200000000,0.014297526
0,286,1784880993.799869061,288,2.880000181,0.906327898,0.125925525,1.200000000,0.014266266
0,286,1784880993.799869061,289,2.890000181,0.913100690,0.126659816,1.200000000,0.014231712
0,286,1784880993.799869061,290,2.900000181,0.919886914,0.127396507,1.200000000,0.014193952
0,286,1784880993.799869061,291,2.910000181,0.926686492,0.128135629,1.200000000,0.014153073
0,286,1784880993.799869061,292,2.920000181,0.933499339,0.128877208,1.200000000,0.014109163
0,286,1784880993.799869061,293,2.930000181,0.940325370,0.129621274,1.200000000,0.014062307
0,286,1784880993.799869061,294,2.940000181,0.947164494,0.130367854,1.200000000,0.014012595
0,286,1784880993.799869061,295,2.950000181,0.954016617,0.131116976,1.200000000,0.013960113
0,286,1784880993.799869061,296,2.960000181,0.960881640,0.131868667,1.200000000,0.013904949
0,286,1784880993.799869061,297,2.970000181,0.967759460,0.132622952,1.200000000,0.013847189
0,286,1784880993.799869061,298,2.980000181,0.974649973,0.133379859,1.200000000,0.013786921
0,286,1784880993.799869061,299,2.990000181,0.981553068,0.134139413,1.200000000,0.013724233
0,286,1784880993.799869061,300,3.000000181,0.988468631,0.134901639,1.200000000,0.013659211
0,286,1784880993.799869061,301,3.010000181,0.995396547,0.135666562,1.200000000,0.013591944
0,286,1784880993.799869061,302,3.020000181,1.002336694,0.136434205,1.200000000,0.013522518
0,286,1784880993.799869061,303,3.030000181,1.009288948,0.137204594,1.200000000,0.013451020
0,286,1784880993.799869061,304,3.040000181,1.016253181,0.137977750,1.200000000,0.013377538
0,286,1784880993.799869061,305,3.050000181,1.023229261,0.138753696,1.200000000,0.013302159
0,286,1784880993.799869061,306,3.060000181,1.030217055,0.139532455,1.200000000,0.013224971
0,286,1784880993.799869061,307,3.070000181,1.037216423,0.140314047,1.200000000,0.013146061
0,286,1784880993.799869061,308,3.080000181,1.044227225,0.141098495,1.200000000,0.013065516
0,286,1784880993.799869061,309,3.090000181,1.051249315,0.141885817,1.200000000,0.012983423
0,286,1784880993.799869061,310,3.100000181,1.058282545,0.142676035,1.200000000,0.012899870
0,286,1784880993.799869061,311,3.110000181,1.065326765,0.143469166,1.200000000,0.012814944
0,286,1784880993.799869061,312,3.120000181,1.072381820,0.144265231,1.200000000,0.012728732
0,286,1784880993.799869061,313,3.130000181,1.079447552,0.145064245,1.200000000,0.012641321
0,286,1784880993.799869061,314,3.140000181,1.086523801,0.145866227,1.200000000,0.012552800
0,286,1784880993.799869061,315,3.150000181,1.093610403,0.146671193,1.200000000,0.012463255
0,286,1784880993.799869061,316,3.160000181,1.100707193,0.147479160,1.200000000,0.012372773
0,286,1784880993.799869061,317,3.170000181,1.107814001,0.148290141,1.200000000,0.012281442
0,286,1784880993.799869061,318,3.180000181,1.114930656,0.149104153,1.200000000,0.012189350
0,286,1784880993.799869061,319,3.190000181,1.122056982,0.149921208,1.200000000,0.012096582
0,286,1784880993.799869061,320,3.200000181,1.129192803,0.150741321,1.200000000,0.012003228
0,286,1784880993.799869061,321,3.210000181,1.136337939,0.151564502,1.200000000,0.011909373
0,286,1784880993.799869061,322,3.220000181,1.143492208,0.152390765,1.200000000,0.011815106
0,286,1784880993.799869061,323,3.230000181,1.150655425,0.153220120,1.200000000,0.011720513
0,286,1784880993.799869061,324,3.240000181,1.157827403,0.154052577,1.200000000,0.011625683
0,286,1784880993.799869061,325,3.250000181,1.165007953,0.154888146,1.200000000,0.011530701
0,286,1784880993.799869061,326,3.260000181,1.172196883,0.155726835,1.200000000,0.011435656
0,286,1784880993.799869061,327,3.270000181,1.179394000,0.156568652,1.200000000,0.011340635
0,286,1784880993.799869061,328,3.280000181,1.186599109,0.157413605,1.200000000,0.011245725
0,286,1784880993.799869061,329,3.290000181,1.193812012,0.158261700,1.200000000,0.011151013
0,286,1784880993.799869061,330,3.300000181,1.201032509,0.159112942,1.200000000,0.011056587
0,286,1784880993.799869061,331,3.310000181,1.208260399,0.159967337,1.200000000,0.010962534
0,286,1784880993.799869061,332,3.320000181,1.215495479,0.160824887,1.200000000,0.010868942
0,286,1784880993.799869061,333,3.330000181,1.222737545,0.161685596,1.200000000,0.010775897
0,286,1784880993.799869061,334,3.340000181,1.229986390,0.162549467,1.200000000,0.010683487
0,286,1784880993.799869061,335,3.350000181,1.237241806,0.163416501,1.200000000,0.010591799
0,286,1784880993.799869061,336,3.360000181,1.244503584,0.164286698,1.200000000,0.010500921
0,286,1784880993.799869061,337,3.370000181,1.251771515,0.165160058,1.200000000,0.010410939
0,286,1784880993.799869061,338,3.380000181,1.259045385,0.166036579,1.200000000,0.010321942
0,286,1784880993.799869061,339,3.390000181,1.266324982,0.166916261,1.200000000,0.010234016
0,286,1784880993.799869061,340,3.400000181,1.273610092,0.167799100,1.200000000,0.010147249
0,286,1784880993.799869061,341,3.410000181,1.280900500,0.168685091,1.200000000,0.010061728
0,286,1784880993.799869061,342,3.420000181,1.288195990,0.169574231,1.200000000,0.009977540
0,286,1784880993.799869061,343,3.430000181,1.295496345,0.170466514,1.200000000,0.009894773
0,286,1784880993.799869061,344,3.440000181,1.302801348,0.171361933,1.200000000,0.009813514
0,286,1784880993.799869061,345,3.450000181,1.310110780,0.172260481,1.200000000,0.009733850
0,286,1784880993.799869061,346,3.460000181,1.317424422,0.173162149,1.200000000,0.009655868
0,286,1784880993.799869061,347,3.470000181,1.324742055,0.174066929,1.200000000,0.009579657
0,286,1784880993.799869061,348,3.480000181,1.332063459,0.174974810,1.200000000,0.009505302
0,286,1784880993.799869061,349,3.490000181,1.339388414,0.175885780,1.200000000,0.009432892
0,286,1784880993.799869061,350,3.500000181,1.346716699,0.176799828,1.200000000,0.009362514
0,286,1784880993.799869061,351,3.510000181,1.354048094,0.177716941,1.200000000,0.009294255
0,286,1784880993.799869061,352,3.520000181,1.361382379,0.178637105,1.200000000,0.009228202
0,286,1784880993.799869061,353,3.530000181,1.368719331,0.179560304,1.200000000,0.009164442
0,286,1784880993.799869061,354,3.540000181,1.376058732,0.180486523,1.200000000,0.009103064
0,286,1784880993.799869061,355,3.550000181,1.383400359,0.181415745,1.200000000,0.009044154
0,286,1784880993.799869061,356,3.560000181,1.390743994,0.182347953,1.200000000,0.008987800
0,286,1784880993.799869061,357,3.570000181,1.398089415,0.183283126,1.200000000,0.008934088
0,286,1784880993.799869061,358,3.580000181,1.405436403,0.184221246,1.200000000,0.008883106
0,286,1784880993.799869061,359,3.590000181,1.412784740,0.185162291,1.200000000,0.008834942
0,286,1784880993.799869061,360,3.600000181,1.420134206,0.186106241,1.200000000,0.008789683
0,286,1784880993.799869061,361,3.610000181,1.427484583,0.187053071,1.200000000,0.008747416
0,286,1784880993.799869061,362,3.620000181,1.434835655,0.188002759,1.200000000,0.008708228
0,286,1784880993.799869061,363,3.630000181,1.442187205,0.188955279,1.200000000,0.008672207
0,286,1784880993.799869061,364,3.640000181,1.449539017,0.189910606,1.200000000,0.008639440
0,286,1784880993.799869061,365,3.650000181,1.456890877,0.190868713,1.200000000,0.008610014
0,286,1784880993.799869061,366,3.660000181,1.464242571,0.191829572,1.200000000,0.008584016
0,286,1784880993.799869061,367,3.670000181,1.471593887,0.192793154,1.200000000,0.008561535
0,286,1784880993.799869061,368,3.680000181,1.478944613,0.193759431,1.200000000,0.008542656
0,286,1784880993.799869061,369,3.690000181,1.486294540,0.194728369,1.200000000,0.008527468
0,286,1784880993.799869061,370,3.700000181,1.493643458,0.195699939,1.200000000,0.008516058
0,286,1784880993.799869061,371,3.710000181,1.500991160,0.196674107,1.200000000,0.008508513
0,286,1784880993.799869061,372,3.720000181,1.508337440,0.197650839,1.200000000,0.008504920
0,286,1784880993.799869061,373,3.730000181,1.515682095,0.198630101,1.200000000,0.008505367
0,286,1784880993.799869061,374,3.740000181,1.523024921,0.199611856,1.200000000,0.008509941
0,286,1784880993.799869061,375,3.750000181,1.530365717,0.200596067,1.200000000,0.008518729
0,286,1784880993.799869061,376,3.760000181,1.537704284,0.201582698,1.200000000,0.008531819
0,286,1784880993.799869061,377,3.770000181,1.545040424,0.202571708,1.200000000,0.008549298
0,286,1784880993.799869061,378,3.780000181,1.552373943,0.203563057,1.200000000,0.008571252
0,286,1784880993.799869061,379,3.790000181,1.559704645,0.204556706,1.200000000,0.008597771
0,286,1784880993.799869061,380,3.800000181,1.567032341,0.205552611,1.200000000,0.008628940
0,286,1784880993.799869061,381,3.810000181,1.574356839,0.206550731,1.200000000,0.008664847
0,286,1784880993.799869061,382,3.820000181,1.581677953,0.207551020,1.200000000,0.008705579
0,286,1784880993.799869061,383,3.830000181,1.588995497,0.208553433,1.200000000,0.008751225
0,286,1784880993.799869061,384,3.840000181,1.596309288,0.209557926,1.200000000,0.008801870
0,286,1784880993.799869061,385,3.850000181,1.603619146,0.210564450,1.200000000,0.008857602
0,286,1784880993.799869061,386,3.860000181,1.610924893,0.211572957,1.200000000,0.008918509
0,286,1784880993.799869061,387,3.870000181,1.618226352,0.212583399,1.200000000,0.008984678
0,286,1784880993.799869061,388,3.880000181,1.625523349,0.213595726,1.200000000,0.009056196
0,286,1784880993.799869061,389,3.890000181,1.632815715,0.214609885,1.200000000,0.009133151
0,286,1784880993.799869061,390,3.900000181,1.640103279,0.215625826,1.200000000,0.009215629
0,286,1784880993.799869061,391,3.910000181,1.647385878,0.216643495,1.200000000,0.009303719
0,286,1784880993.799869061,392,3.920000181,1.654663347,0.217662838,1.200000000,0.009397496
0,286,1784880993.799869061,393,3.930000181,1.661935527,0.218683800,1.200000000,0.009496898
0,286,1784880993.799869061,394,3.940000181,1.669202259,0.219706325,1.200000000,0.009601768
0,286,1784880993.799869061,395,3.950000181,1.676463388,0.220730356,1.200000000,0.009711947
0,286,1784880993.799869061,396,3.960000181,1.683718763,0.221755835,1.200000000,0.009827274
0,286,1784880993.799869061,397,3.970000181,1.690968234,0.222782702,1.200000000,0.009947590
0,286,1784880993.799869061,398,3.980000181,1.698211655,0.223810899,1.200000000,0.010072735
0,286,1784880993.799869061,399,3.990000181,1.705448882,0.224840363,1.200000000,0.010202550
0,286,1784880993.799869061,400,4.000000181,1.712679775,0.225871034,1.200000000,0.010336876
0,286,1784880993.799869061,401,4.010000181,1.719904196,0.226902848,1.200000000,0.010475553
0,286,1784880993.799869061,402,4.020000181,1.727122012,0.227935742,1.200000000,0.010618420
0,286,1784880993.799869061,403,4.030000181,1.734333089,0.228969650,1.200000000,0.010765319
0,286,1784880993.799869061,404,4.040000181,1.741537301,0.230004508,1.200000000,0.010916090
0,286,1784880993.799869061,405,4.050000181,1.748734521,0.231040248,1.200000000,0.011070574
0,286,1784880993.799869061,406,4.060000181,1.755924628,0.232076803,1.200000000,0.011228610
0,286,1784880993.799869061,407,4.070000181,1.763107502,0.233114105,1.200000000,0.011390040
0,286,1784880993.799869061,408,4.080000181,1.770283027,0.234152085,1.200000000,0.011554703
0,286,1784880993.799869061,409,4.090000181,1.777451091,0.235190671,1.200000000,0.011722440
0,286,1784880993.799869061,410,4.100000181,1.784611584,0.236229793,1.200000000,0.011893092
0,286,1784880993.799869061,411,4.110000181,1.791764399,0.237269379,1.200000000,0.012066499
0,286,1784880993.799869061,412,4.120000181,1.798909434,0.238309356,1.200000000,0.012242501
0,286,1784880993.799869061,413,4.130000181,1.806046587,0.239349650,1.200000000,0.012420939
0,286,1784880993.799869061,414,4.140000181,1.813175763,0.240390187,1.200000000,0.012601653
0,286,1784880993.799869061,415,4.150000181,1.820296867,0.241430891,1.200000000,0.012784484
0,286,1784880993.799869061,416,4.160000181,1.827409810,0.242471686,1.200000000,0.012969272
0,286,1784880993.799869061,417,4.170000181,1.834514504,0.243512494,1.200000000,0.013155857
0,286,1784880993.799869061,418,4.180000181,1.841610865,0.244553237,1.200000000,0.013344080
0,286,1784880993.799869061,419,4.190000181,1.848698813,0.245593837,1.200000000,0.013533782
0,286,1784880993.799869061,420,4.200000181,1.855778270,0.246634214,1.200000000,0.013724802
0,286,1784880993.799869061,421,4.210000181,1.862849161,0.247674288,1.200000000,0.013916982
0,286,1784880993.799869061,422,4.220000181,1.869911417,0.248713976,1.200000000,0.014110161
0,286,1784880993.799869061,423,4.230000181,1.876964969,0.249753198,1.200000000,0.014304179
0,286,1784880993.799869061,424,4.240000181,1.884009752,0.250791870,1.200000000,0.014498879
0,286,1784880993.799869061,425,4.250000181,1.891045707,0.251829908,1.200000000,0.014694099
0,286,1784880993.799869061,426,4.260000181,1.898072773,0.252867229,1.200000000,0.014889681
0,286,1784880993.799869061,427,4.270000181,1.905090897,0.253903747,1.200000000,0.015085464
0,286,1784880993.799869061,428,4.280000181,1.912100027,0.254939377,1.200000000,0.015281289
0,286,1784880993.799869061,429,4.290000181,1.919100115,0.255974031,1.200000000,0.015476997
0,286,1784880993.799869061,430,4.300000181,1.926091114,0.257007622,1.200000000,0.015672428
0,286,1784880993.799869061,431,4.310000181,1.933072984,0.258040063,1.200000000,0.015867422
0,286,1784880993.799869061,432,4.320000181,1.940045685,0.259071265,1.200000000,0.016061820
0,286,1784880993.799869061,433,4.330000181,1.947009181,0.260101138,1.200000000,0.016255462
0,286,1784880993.799869061,434,4.340000181,1.953963440,0.261129592,1.200000000,0.016448189
0,286,1784880993.799869061,435,4.350000181,1.960908432,0.262156537,1.200000000,0.016639841
0,286,1784880993.799869061,436,4.360000181,1.967844130,0.263181881,1.200000000,0.016830259
0,286,1784880993.799869061,437,4.370000181,1.974770511,0.264205533,1.200000000,0.017019282
0,286,1784880993.799869061,438,4.380000181,1.981687554,0.265227398,1.200000000,0.017206752
0,286,1784880993.799869061,439,4.390000181,1.988595243,0.266247385,1.200000000,0.017392508
0,286,1784880993.799869061,440,4.400000181,1.995493562,0.267265400,1.200000000,0.017576392
0,286,1784880993.799869061,441,4.410000181,2.002382500,0.268281347,1.200000000,0.017758243
0,286,1784880993.799869061,442,4.420000181,2.009262050,0.269295132,1.200000000,0.017937902
0,286,1784880993.799869061,443,4.430000181,2.016132204,0.270306659,1.200000000,0.018115210
0,286,1784880993.799869061,444,4.440000181,2.022992961,0.271315833,1.200000000,0.018290006
0,286,1784880993.799869061,445,4.450000181,2.029844320,0.272322556,1.200000000,0.018462132
0,286,1784880993.799869061,446,4.460000181,2.036686286,0.273326730,1.200000000,0.018631427
0,286,1784880993.799869061,447,4.470000181,2.043518863,0.274328260,1.200000000,0.018797733
0,286,1784880993.799869061,448,4.480000181,2.050342060,0.275327045,1.200000000,0.018960889
0,286,1784880993.799869061,449,4.490000181,2.057155889,0.276322987,1.200000000,0.019120736
0,286,1784880993.799869061,450,4.500000181,2.063960364,0.277315987,1.200000000,0.019277115
0,286,1784880993.799869061,451,4.510000181,2.070755501,0.278305946,1.200000000,0.019429865
0,286,1784880993.799869061,452,4.520000181,2.077541320,0.279292762,1.200000000,0.019578828
0,286,1784880993.799869061,453,4.530000181,2.084317844,0.280276336,1.200000000,0.019723843
0,286,1784880993.799869061,454,4.540000181,2.091085096,0.281256566,1.200000000,0.019864751
0,286,1784880993.799869061,455,4.550000181,2.097843105,0.282233351,1.200000000,0.020001393
0,286,1784880993.799869061,456,4.560000181,2.104591899,0.283206589,1.200000000,0.020133609
0,286,1784880993.799869061,457,4.570000181,2.111331512,0.284176177,1.200000000,0.020261239
0,286,1784880993.799869061,458,4.580000181,2.118061977,0.285142013,1.200000000,0.020384124
0,286,1784880993.799869061,459,4.590000181,2.124783332,0.286103994,1.200000000,0.020502104
0,286,1784880993.799869061,460,4.600000181,2.131495617,0.287062017,1.200000000,0.020615020
0,286,1784880993.799869061,461,4.610000181,2.138198873,0.288015977,1.200000000,0.020722711
0,286,1784880993.799869061,462,4.620000181,2.144893144,0.288965771,1.200000000,0.020825019
0,286,1784880993.799869061,463,4.630000181,2.151578477,0.289911294,1.200000000,0.020921784
0,286,1784880993.799869061,464,4.640000181,2.158254920,0.290852442,1.200000000,0.021012847
0,286,1784880993.799869061,465,4.650000181,2.164922523,0.291789110,1.200000000,0.021098047
0,286,1784880993.799869061,466,4.660000181,2.171581341,0.292721191,1.200000000,0.021177225
0,286,1784880993.799869061,467,4.670000181,2.178231427,0.293648582,1.200000000,0.021250222
0,286,1784880993.799869061,468,4.680000181,2.184872839,0.294571176,1.200000000,0.021316878
0,286,1784880993.799869061,469,4.690000181,2.191505636,0.295488867,1.200000000,0.021377033
0,286,1784880993.799869061,470,4.700000181,2.198129878,0.296401549,1.200000000,0.021430528
0,286,1784880993.799869061,471,4.710000181,2.204745628,0.297309115,1.200000000,0.021477203
0,286,1784880993.799869061,472,4.720000181,2.211352952,0.298211460,1.200000000,0.021516899
0,286,1784880993.799869061,473,4.730000181,2.217951915,0.299108476,1.200000000,0.021549456
0,286,1784880993.799869061,474,4.740000181,2.224542587,0.300000056,1.200000000,0.021574714
0,286,1784880993.799869061,475,4.750000181,2.231125036,0.300886093,1.200000000,0.021592515
0,286,1784880993.799869061,476,4.760000181,2.237699336,0.301766480,1.200000000,0.021602698
0,286,1784880993.799869061,477,4.770000181,2.244265558,0.302641110,1.200000000,0.021605103
0,286,1784880993.799869061,478,4.780000181,2.250823779,0.303509876,1.200000000,0.021599572
0,286,1784880993.799869061,479,4.790000181,2.257374075,0.304372669,1.200000000,0.021585945
0,286,1784880993.799869061,480,4.800000181,2.263916523,0.305229382,1.200000000,0.021564061
0,286,1784880993.799869061,481,4.810000181,2.270451204,0.306079908,1.200000000,0.021533762
0,286,1784880993.799869061,482,4.820000181,2.276978197,0.306924138,1.200000000,0.021494888
0,286,1784880993.799869061,483,4.830000181,2.283497587,0.307761965,1.200000000,0.021447279
0,286,1784880993.799869061,484,4.840000181,2.290009455,0.308593282,1.200000000,0.021390776
0,286,1784880993.799869061,485,4.850000181,2.296513887,0.309417980,1.200000000,0.021325219
0,286,1784880993.799869061,486,4.860000181,2.303010969,0.310235952,1.200000000,0.021250449
0,286,1784880993.799869061,487,4.870000181,2.309500788,0.311047089,1.200000000,0.021166305
0,286,1784880993.799869061,488,4.880000181,2.315983432,0.311851284,1.200000000,0.021072630
0,286,1784880993.799869061,489,4.890000181,2.322458991,0.312648430,1.200000000,0.020969262
0,286,1784880993.799869061,490,4.900000181,2.328927556,0.313438419,1.200000000,0.020856042
0,286,1784880993.799869061,491,4.910000181,2.335389217,0.314221143,1.200000000,0.020732811
0,286,1784880993.799869061,492,4.920000181,2.341844068,0.314996495,1.200000000,0.020599409
0,286,1784880993.799869061,493,4.930000181,2.348292200,0.315764367,1.200000000,0.020455676
0,286,1784880993.799869061,494,4.940000181,2.354733710,0.316524652,1.200000000,0.020301454
0,286,1784880993.799869061,495,4.950000181,2.361168690,0.317277243,1.200000000,0.020136582
0,286,1784880993.799869061,496,4.960000181,2.367597237,0.318022033,1.200000000,0.019960900
0,286,1784880993.799869061,497,4.970000181,2.374019447,0.318758915,1.200000000,0.019774250
0,286,1784880993.799869061,498,4.980000181,2.380435417,0.319487783,1.200000000,0.019576472
0,286,1784880993.799869061,499,4.990000181,2.386845244,0.320208530,1.200000000,0.019367405
0,286,1784880993.799869061,500,5.000000181,2.393249026,0.320921050,1.200000000,0.019146891
0,286,1784880993.799869061,501,5.010000181,2.399646863,0.321625236,1.200000000,0.018914770
0,286,1784880993.799869061,502,5.020000181,2.406038852,0.322320983,1.200000000,0.018670883
0,286,1784880993.799869061,503,5.030000181,2.412425094,0.323008185,1.200000000,0.018415069
0,286,1784880993.799869061,504,5.040000181,2.418805688,0.323686737,1.200000000,0.018147169
0,286,1784880993.799869061,505,5.050000181,2.425180733,0.324356534,1.200000000,0.017867024
0,286,1784880993.799869061,506,5.060000181,2.431550331,0.325017471,1.200000000,0.017574474
0,286,1784880993.799869061,507,5.070000181,2.437914581,0.325669443,1.200000000,0.017269359
0,286,1784880993.799869061,508,5.080000181,2.444273585,0.326312346,1.200000000,0.016951520
0,286,1784880993.799869061,509,5.090000181,2.450627443,0.326946076,1.200000000,0.016620798
0,286,1784880993.799869061,510,5.100000181,2.456976255,0.327570530,1.200000000,0.016277032
0,286,1784880993.799869061,511,5.110000181,2.463320123,0.328185604,1.200000000,0.015920063
0,286,1784880993.799869061,512,5.120000181,2.469659148,0.328791196,1.200000000,0.015549732
0,286,1784880993.799869061,513,5.130000181,2.475993430,0.329387203,1.200000000,0.015165879
0,286,1784880993.799869061,514,5.140000181,2.482323071,0.329973522,1.200000000,0.014768344
0,286,1784880993.799869061,515,5.150000181,2.488648169,0.330550052,1.200000000,0.014356968
0,286,1784880993.799869061,516,5.160000181,2.494968827,0.331116692,1.200000000,0.013931591
0,286,1784880993.799869061,517,5.170000181,2.501285143,0.331673340,1.200000000,0.013492054
0,286,1784880993.799869061,518,5.180000181,2.507597218,0.332219896,1.200000000,0.013038197
0,286,1784880993.799869061,519,5.190000181,2.513905150,0.332756261,1.200000000,0.012569861
0,286,1784880993.799869061,520,5.200000181,2.520209040,0.333282333,1.200000000,0.012086885
0,286,1784880993.799869061,521,5.210000181,2.526508986,0.333798015,1.200000000,0.011589111
0,286,1784880993.799869061,522,5.220000181,2.532805086,0.334303207,1.200000000,0.011076379
0,286,1784880993.799869061,523,5.230000181,2.539097437,0.334797811,1.200000000,0.010548528
0,286,1784880993.799869061,524,5.240000181,2.545386137,0.335281730,1.200000000,0.010005401
0,286,1784880993.799869061,525,5.250000181,2.551671283,0.335754866,1.200000000,0.009446836
0,286,1784880993.799869061,526,5.260000181,2.557952971,0.336217122,1.200000000,0.008872675
0,286,1784880993.799869061,527,5.270000181,2.564231295,0.336668402,1.200000000,0.008282758
0,286,1784880993.799869061,528,5.280000181,2.570506351,0.337108612,1.200000000,0.007676925
0,286,1784880993.799869061,529,5.290000181,2.576778232,0.337537654,1.200000000,0.007055017
0,286,1784880993.799869061,530,5.300000181,2.583047032,0.337955436,1.200000000,0.006416874
0,286,1784880993.799869061,531,5.310000181,2.589312844,0.338361863,1.200000000,0.005762336
0,286,1784880993.799869061,532,5.320000181,2.595575758,0.338756842,1.200000000,0.005091244
0,286,1784880993.799869061,533,5.330000181,2.601835865,0.339140279,1.200000000,0.004403439
0,286,1784880993.799869061,534,5.340000181,2.608093256,0.339512083,1.200000000,0.003698761
0,286,1784880993.799869061,535,5.350000181,2.614348019,0.339872163,1.200000000,0.002977050
0,286,1784880993.799869061,536,5.360000181,2.620600241,0.340220426,1.200000000,0.002238147
0,286,1784880993.799869061,537,5.370000181,2.626850011,0.340556784,1.200000000,0.001481891
0,286,1784880993.799869061,538,5.380000181,2.633097414,0.340881145,1.200000000,0.000708124
0,286,1784880993.799869061,539,5.390000181,2.639342534,0.341193422,1.200000000,-0.000083313
0,286,1784880993.799869061,540,5.400000181,2.645585456,0.341493526,1.200000000,-0.000892582
0,286,1784880993.799869061,541,5.410000181,2.651826262,0.341781369,1.200000000,-0.001719840
0,286,1784880993.799869061,542,5.420000181,2.658065034,0.342056864,1.200000000,-0.002565229
0,286,1784880993.799869061,543,5.430000181,2.664301852,0.342319925,1.200000000,-0.003428696
0,286,1784880993.799869061,544,5.440000181,2.670536795,0.342570466,1.200000000,-0.004310086
0,286,1784880993.799869061,545,5.450000181,2.676769941,0.342808402,1.200000000,-0.005209241
0,286,1784880993.799869061,546,5.460000181,2.683001367,0.343033649,1.200000000,-0.006126004
0,286,1784880993.799869061,547,5.470000181,2.689231149,0.343246124,1.200000000,-0.007060217
0,286,1784880993.799869061,548,5.480000181,2.695459360,0.343445743,1.200000000,-0.008011723
0,286,1784880993.799869061,549,5.490000181,2.701686074,0.343632425,1.200000000,-0.008980365
0,286,1784880993.799869061,550,5.500000181,2.707911362,0.343806089,1.200000000,-0.009965985
0,286,1784880993.799869061,551,5.510000181,2.714135295,0.343966653,1.200000000,-0.010968426
0,286,1784880993.799869061,552,5.520000181,2.720357940,0.344114039,1.200000000,-0.011987530
0,286,1784880993.799869061,553,5.530000181,2.726579367,0.344248166,1.200000000,-0.013023141
0,286,1784880993.799869061,554,5.540000181,2.732799640,0.344368958,1.200000000,-0.014075100
0,286,1784880993.799869061,555,5.550000181,2.739018826,0.344476335,1.200000000,-0.015143251
0,286,1784880993.799869061,556,5.560000181,2.745236986,0.344570223,1.200000000,-0.016227436
0,286,1784880993.799869061,557,5.570000181,2.751454183,0.344650544,1.200000000,-0.017327497
0,286,1784880993.799869061,558,5.580000181,2.757670477,0.344717223,1.200000000,-0.018443277
0,286,1784880993.799869061,559,5.590000181,2.763885928,0.344770187,1.200000000,-0.019574620
0,286,1784880993.799869061,560,5.600000181,2.770100592,0.344809362,1.200000000,-0.020721367
0,286,1784880993.799869061,561,5.610000181,2.776314526,0.344834675,1.200000000,-0.021883361
0,286,1784880993.799869061,562,5.620000181,2.782527784,0.344846054,1.200000000,-0.023060444
0,286,1784880993.799869061,563,5.630000181,2.788740420,0.344843429,1.200000000,-0.024252460
0,286,1784880993.799869061,564,5.640000181,2.794952485,0.344826728,1.200000000,-0.025459251
0,286,1784880993.799869061,565,5.650000181,2.801164028,0.344795884,1.200000000,-0.026680660
0,286,1784880993.799869061,566,5.660000181,2.807375099,0.344750826,1.200000000,-0.027916529
0,286,1784880993.799869061,567,5.670000181,2.813585744,0.344691488,1.200000000,-0.029166700
0,286,1784880993.799869061,568,5.680000181,2.819796009,0.344617803,1.200000000,-0.030431017
0,286,1784880993.799869061,569,5.690000181,2.826005938,0.344529704,1.200000000,-0.031709322
0,286,1784880993.799869061,570,5.700000181,2.832215572,0.344427127,1.200000000,-0.033001458
0,286,1784880993.799869061,571,5.710000181,2.838424953,0.344310007,1.200000000,-0.034307267
0,286,1784880993.799869061,572,5.720000181,2.844634121,0.344178281,1.200000000,-0.035626592
0,286,1784880993.799869061,573,5.730000181,2.850843112,0.344031887,1.200000000,-0.036959275
0,286,1784880993.799869061,574,5.740000181,2.857051962,0.343870763,1.200000000,-0.038305160
0,286,1784880993.799869061,575,5.750000181,2.863260707,0.343694847,1.200000000,-0.039664088
0,286,1784880993.799869061,576,5.760000181,2.869469380,0.343504081,1.200000000,-0.041035903
0,286,1784880993.799869061,577,5.770000181,2.875678011,0.343298405,1.200000000,-0.042420447
0,286,1784880993.799869061,578,5.780000181,2.881886631,0.343077761,1.200000000,-0.043817562
0,286,1784880993.799869061,579,5.790000181,2.888095269,0.342842092,1.200000000,-0.045227092
0,286,1784880993.799869061,580,5.800000181,2.894303950,0.342591342,1.200000000,-0.046648878
0,286,1784880993.799869061,581,5.810000181,2.900512701,0.342325455,1.200000000,-0.048082764
0,286,1784880993.799869061,582,5.820000181,2.906721544,0.342044377,1.200000000,-0.049528593
0,286,1784880993.799869061,583,5.830000181,2.912930503,0.341748054,1.200000000,-0.050986205
0,286,1784880993.799869061,584,5.840000181,2.919139598,0.341436434,1.200000000,-0.052455446
0,286,1784880993.799869061,585,5.850000181,2.925348848,0.341109464,1.200000000,-0.053936156
0,286,1784880993.799869061,586,5.860000181,2.931558270,0.340767095,1.200000000,-0.055428179
0,286,1784880993.799869061,587,5.870000181,2.937767881,0.340409275,1.200000000,-0.056931357
0,286,1784880993.799869061,588,5.880000181,2.943977696,0.340035956,1.200000000,-0.058445533
0,286,1784880993.799869061,589,5.890000181,2.950187726,0.339647090,1.200000000,-0.059970549
0,286,1784880993.799869061,590,5.900000181,2.956397985,0.339242630,1.200000000,-0.061506249
0,286,1784880993.799869061,591,5.910000181,2.962608482,0.338822529,1.200000000,-0.063052474
0,286,1784880993.799869061,592,5.920000181,2.968819226,0.338386742,1.200000000,-0.064609067
0,286,1784880993.799869061,593,5.930000181,2.975030224,0.337935225,1.200000000,-0.066175872
0,286,1784880993.799869061,594,5.940000181,2.981241482,0.337467934,1.200000000,-0.067752730
0,286,1784880993.799869061,595,5.950000181,2.987453003,0.336984826,1.200000000,-0.069339484
0,286,1784880993.799869061,596,5.960000181,2.993664792,0.336485861,1.200000000,-0.070935977
0,286,1784880993.799869061,597,5.970000181,2.999876849,0.335970997,1.200000000,-0.072542051
0,286,1784880993.799869061,598,5.980000181,3.006089174,0.335440195,1.200000000,-0.074157550
0,286,1784880993.799869061,599,5.990000181,3.012301766,0.334893415,1.200000000,-0.075782315
0,286,1784880993.799869061,600,6.000000181,3.018514622,0.334330620,1.200000000,-0.077416189
0,286,1784880993.799869061,601,6.010000181,3.024727739,0.333751774,1.200000000,-0.079059016
0,286,1784880993.799869061,602,6.020000181,3.030941110,0.333156839,1.200000000,-0.080710636
0,286,1784880993.799869061,603,6.030000181,3.037154729,0.332545781,1.200000000,-0.082370894
0,286,1784880993.799869061,604,6.040000181,3.043368587,0.331918566,1.200000000,-0.084039632
0,286,1784880993.799869061,605,6.050000181,3.049582676,0.331275160,1.200000000,-0.085716692
0,286,1784880993.799869061,606,6.060000181,3.055796984,0.330615532,1.200000000,-0.087401918
0,286,1784880993.799869061,607,6.070000181,3.062011500,0.329939649,1.200000000,-0.089095150
0,286,1784880993.799869061,608,6.080000181,3.068226209,0.329247482,1.200000000,-0.090796233
0,286,1784880993.799869061,609,6.090000181,3.074441099,0.328539001,1.200000000,-0.092505009
0,286,1784880993.799869061,610,6.100000181,3.080656152,0.327814178,1.200000000,-0.094221321
0,286,1784880993.799869061,611,6.110000181,3.086871352,0.327072985,1.200000000,-0.095945010
0,286,1784880993.799869061,612,6.120000181,3.093086681,0.326315395,1.200000000,-0.097675920
0,286,1784880993.799869061,613,6.130000181,3.099302119,0.325541382,1.200000000,-0.099413894
0,286,1784880993.799869061,614,6.140000181,3.105517646,0.324750922,1.200000000,-0.101158773
0,286,1784880993.799869061,615,6.150000181,3.111733240,0.323943992,1.200000000,-0.102910402
0,286,1784880993.799869061,616,6.160000181,3.117948879,0.323120567,1.200000000,-0.104668621
0,286,1784880993.799869061,617,6.170000181,3.124164538,0.322280627,1.200000000,-0.106433274
0,286,1784880993.799869061,618,6.180000181,3.130380192,0.321424150,1.200000000,-0.108204204
0,286,1784880993.799869061,619,6.190000181,3.136595817,0.320551115,1.200000000,-0.109981253
0,286,1784880993.799869061,620,6.200000181,3.142811384,0.319661505,1.200000000,-0.111764263
0,286,1784880993.799869061,621,6.210000181,3.149026865,0.318755299,1.200000000,-0.113553078
0,286,1784880993.799869061,622,6.220000181,3.155242232,0.317832482,1.200000000,-0.115347539
0,286,1784880993.799869061,623,6.230000181,3.161457454,0.316893037,1.200000000,-0.117147490
0,286,1784880993.799869061,624,6.240000181,3.167672501,0.315936948,1.200000000,-0.118952774
0,286,1784880993.799869061,625,6.250000181,3.173887340,0.314964201,1.200000000,-0.120763232
0,286,1784880993.799869061,626,6.260000181,3.180101938,0.313974782,1.200000000,-0.122578708
0,286,1784880993.799869061,627,6.270000181,3.186316263,0.312968678,1.200000000,-0.124399043
0,286,1784880993.799869061,628,6.280000181,3.192530278,0.311945878,1.200000000,-0.126224082
0,286,1784880993.799869061,629,6.290000181,3.198743950,0.310906371,1.200000000,-0.128053665
0,286,1784880993.799869061,630,6.300000181,3.204957241,0.309850146,1.200000000,-0.129887637
0,286,1784880993.799869061,631,6.310000181,3.211170114,0.308777195,1.200000000,-0.131725839
0,286,1784880993.799869061,632,6.320000181,3.217382532,0.307687510,1.200000000,-0.133568114
0,286,1784880993.799869061,633,6.330000181,3.223594455,0.306581082,1.200000000,-0.135414305
0,286,1784880993.799869061,634,6.340000181,3.229805846,0.305457907,1.200000000,-0.137264254
0,286,1784880993.799869061,635,6.350000181,3.236016663,0.304317978,1.200000000,-0.139117804
0,286,1784880993.799869061,636,6.360000181,3.242226865,0.303161292,1.200000000,-0.140974798
0,286,1784880993.799869061,637,6.370000181,3.248436412,0.301987843,1.200000000,-0.142835078
0,286,1784880993.799869061,638,6.380000181,3.254645261,0.300797631,1.200000000,-0.144698487
0,286,1784880993.799869061,639,6.390000181,3.260853370,0.299590652,1.200000000,-0.146564868
0,286,1784880993.799869061,640,6.400000181,3.267060695,0.298366906,1.200000000,-0.148434062
0,286,1784880993.799869061,641,6.410000181,3.273267193,0.297126393,1.200000000,-0.150305913
0,286,1784880993.799869061,642,6.420000181,3.279472819,0.295869113,1.200000000,-0.152180264
0,286,1784880993.799869061,643,6.430000181,3.285677528,0.294595069,1.200000000,-0.154056957
0,286,1784880993.799869061,644,6.440000181,3.291881275,0.293304263,1.200000000,-0.155935834
0,286,1784880993.799869061,645,6.450000181,3.298084015,0.291996698,1.200000000,-0.157816738
0,286,1784880993.799869061,646,6.460000181,3.304285700,0.290672379,1.200000000,-0.159699512
0,286,1784880993.799869061,647,6.470000181,3.310486284,0.289331311,1.200000000,-0.161583999
0,286,1784880993.799869061,648,6.480000181,3.316685721,0.287973500,1.200000000,-0.163470041
0,286,1784880993.799869061,649,6.490000181,3.322883962,0.286598954,1.200000000,-0.165357480
0,286,1784880993.799869061,650,6.500000181,3.329080960,0.285207679,1.200000000,-0.167246160
0,286,1784880993.799869061,651,6.510000181,3.335276666,0.283799684,1.200000000,-0.169135922
0,286,1784880993.799869061,652,6.520000181,3.341471033,0.282374980,1.200000000,-0.171026611
0,286,1784880993.799869061,653,6.530000181,3.347664012,0.280933576,1.200000000,-0.172918067
0,286,1784880993.799869061,654,6.540000181,3.353855553,0.279475484,1.200000000,-0.174810134
0,286,1784880993.799869061,655,6.550000181,3.360045607,0.278000716,1.200000000,-0.176702655
0,286,1784880993.799869061,656,6.560000181,3.366234126,0.276509285,1.200000000,-0.178595471
0,286,1784880993.799869061,657,6.570000181,3.372421059,0.275001204,1.200000000,-0.180488426
0,286,1784880993.799869061,658,6.580000181,3.378606357,0.273476488,1.200000000,-0.182381363
0,286,1784880993.799869061,659,6.590000181,3.384789971,0.271935153,1.200000000,-0.184274123
0,286,1784880993.799869061,660,6.600000181,3.390971849,0.270377215,1.200000000,-0.186166550
0,286,1784880993.799869061,661,6.610000181,3.397151943,0.268802691,1.200000000,-0.188058486
0,286,1784880993.799869061,662,6.620000181,3.403330202,0.267211599,1.200000000,-0.189949774
0,286,1784880993.799869061,663,6.630000181,3.409506577,0.265603958,1.200000000,-0.191840256
0,286,1784880993.799869061,664,6.640000181,3.415681017,0.263979787,1.200000000,-0.193729775
0,286,1784880993.799869061,665,6.650000181,3.421853472,0.262339106,1.200000000,-0.195618174
0,286,1784880993.799869061,666,6.660000181,3.428023892,0.260681938,1.200000000,-0.197505295
0,286,1784880993.799869061,667,6.670000181,3.434192228,0.259008303,1.200000000,-0.199390981
0,286,1784880993.799869061,668,6.680000181,3.440358429,0.257318225,1.200000000,-0.201275074
0,286,1784880993.799869061,669,6.690000181,3.446522446,0.255611727,1.200000000,-0.203157417
0,286,1784880993.799869061,670,6.700000181,3.452684230,0.253888834,1.200000000,-0.205037853
0,286,1784880993.799869061,671,6.710000181,3.458843730,0.252149571,1.200000000,-0.206916225
0,286,1784880993.799869061,672,6.720000181,3.465000899,0.250393963,1.200000000,-0.208792374
0,286,1784880993.799869061,673,6.730000181,3.471155687,0.248622038,1.200000000,-0.210666144
0,286,1784880993.799869061,674,6.740000181,3.477308044,0.246833823,1.200000000,-0.212537377
0,286,1784880993.799869061,675,6.750000181,3.483457924,0.245029346,1.200000000,-0.214405916
0,286,1784880993.799869061,676,6.760000181,3.489605277,0.243208637,1.200000000,-0.216271604
0,286,1784880993.799869061,677,6.770000181,3.495750056,0.241371725,1.200000000,-0.218134282
0,286,1784880993.799869061,678,6.780000181,3.501892213,0.239518641,1.200000000,-0.219993794
0,286,1784880993.799869061,679,6.790000181,3.508031700,0.237649417,1.200000000,-0.221849983
0,286,1784880993.799869061,680,6.800000181,3.514168472,0.235764083,1.200000000,-0.223702690
0,286,1784880993.799869061,681,6.810000181,3.520302482,0.233862674,1.200000000,-0.225551759
0,286,1784880993.799869061,682,6.820000181,3.526433683,0.231945223,1.200000000,-0.227397032
0,286,1784880993.799869061,683,6.830000181,3.532562031,0.230011764,1.200000000,-0.229238352
0,286,1784880993.799869061,684,6.840000181,3.538687479,0.228062332,1.200000000,-0.231075561
0,286,1784880993.799869061,685,6.850000181,3.544809984,0.226096963,1.200000000,-0.232908502
0,286,1784880993.799869061,686,6.860000181,3.550929501,0.224115694,1.200000000,-0.234737018
0,286,1784880993.799869061,687,6.870000181,3.557045986,0.222118563,1.200000000,-0.236560951
0,286,1784880993.799869061,688,6.880000181,3.563159396,0.220105606,1.200000000,-0.238380144
0,286,1784880993.799869061,689,6.890000181,3.569269689,0.218076863,1.200000000,-0.240194440
0,286,1784880993.799869061,690,6.900000181,3.575376823,0.216032373,1.200000000,-0.242003680
0,286,1784880993.799869061,691,6.910000181,3.581480756,0.213972177,1.200000000,-0.243807708
0,286,1784880993.799869061,692,6.920000181,3.587581448,0.211896314,1.200000000,-0.245606367
0,286,1784880993.799869061,693,6.930000181,3.593678858,0.209804828,1.200000000,-0.247399499
0,286,1784880993.799869061,694,6.940000181,3.599772947,0.207697760,1.200000000,-0.249186946
0,286,1784880993.799869061,695,6.950000181,3.605863676,0.205575153,1.200000000,-0.250968552
0,286,1784880993.799869061,696,6.960000181,3.611951007,0.203437050,1.200000000,-0.252744158
0,286,1784880993.799869061,697,6.970000181,3.618034902,0.201283497,1.200000000,-0.254513608
0,286,1784880993.799869061,698,6.980000181,3.624115325,0.199114538,1.200000000,-0.256276744
0,286,1784880993.799869061,699,6.990000181,3.630192239,0.196930218,1.200000000,-0.258033409
0,286,1784880993.799869061,700,7.000000181,3.636265609,0.194730585,1.200000000,-0.259783445
0,286,1784880993.799869061,701,7.010000181,3.642335401,0.192515685,1.200000000,-0.261526694
0,286,1784880993.799869061,702,7.020000181,3.648401581,0.190285566,1.200000000,-0.263263001
0,286,1784880993.799869061,703,7.030000181,3.654464116,0.188040276,1.200000000,-0.264992207
0,286,1784880993.799869061,704,7.040000181,3.660522973,0.185779865,1.200000000,-0.266714154
0,286,1784880993.799869061,705,7.050000181,3.666578122,0.183504381,1.200000000,-0.268428686
0,286,1784880993.799869061,706,7.060000181,3.672629531,0.181213876,1.200000000,-0.270135645
0,286,1784880993.799869061,707,7.070000181,3.678677171,0.178908401,1.200000000,-0.271834873
0,286,1784880993.799869061,708,7.080000181,3.684721014,0.176588006,1.200000000,-0.273526214
0,286,1784880993.799869061,709,7.090000181,3.690761031,0.174252745,1.200000000,-0.275209510
0,286,1784880993.799869061,710,7.100000181,3.696797195,0.171902670,1.200000000,-0.276884648
0,286,1784880993.799869061,711,7.110000181,3.702829480,0.169537835,1.200000000,-0.278551655
0,286,1784880993.799869061,712,7.120000181,3.708857860,0.167158294,1.200000000,-0.280210583
0,286,1784880993.799869061,713,7.130000181,3.714882311,0.164764101,1.200000000,-0.281861484
0,286,1784880993.799869061,714,7.140000181,3.720902810,0.162355313,1.200000000,-0.283504412
0,286,1784880993.799869061,715,7.150000181,3.726919334,0.159931985,1.200000000,-0.285139419
0,286,1784880993.799869061,716,7.160000181,3.732931861,0.157494173,1.200000000,-0.286766558
0,286,1784880993.799869061,717,7.170000181,3.738940371,0.155041936,1.200000000,-0.288385880
0,286,1784880993.799869061,718,7.180000181,3.744944844,0.152575331,1.200000000,-0.289997440
0,286,1784880993.799869061,719,7.190000181,3.750945260,0.150094416,1.200000000,-0.291601289
0,286,1784880993.799869061,720,7.200000181,3.756941602,0.147599250,1.200000000,-0.293197480
0,286,1784880993.799869061,721,7.210000181,3.762933854,0.145089894,1.200000000,-0.294786066
0,286,1784880993.799869061,722,7.220000181,3.768921999,0.142566407,1.200000000,-0.296367100
0,286,1784880993.799869061,723,7.230000181,3.774906022,0.140028850,1.200000000,-0.297940633
0,286,1784880993.799869061,724,7.240000181,3.780885909,0.137477285,1.200000000,-0.299506720
0,286,1784880993.799869061,725,7.250000181,3.786861648,0.134911773,1.200000000,-0.301065411
0,286,1784880993.799869061,726,7.260000181,3.792833225,0.132332378,1.200000000,-0.302616761
0,286,1784880993.799869061,727,7.270000181,3.798800631,0.129739162,1.200000000,-0.304160821
0,286,1784880993.799869061,728,7.280000181,3.804763855,0.127132189,1.200000000,-0.305697645
0,286,1784880993.799869061,729,7.290000181,3.810722888,0.124511523,1.200000000,-0.307227284
0,286,1784880993.799869061,730,7.300000181,3.816677722,0.121877230,1.200000000,-0.308749792
0,286,1784880993.799869061,731,7.310000181,3.822628350,0.119229374,1.200000000,-0.310265221
0,286,1784880993.799869061,732,7.320000181,3.828574766,0.116568022,1.200000000,-0.311773624
0,286,1784880993.799869061,733,7.330000181,3.834516965,0.113893239,1.200000000,-0.313275053
0,286,1784880993.799869061,734,7.340000181,3.840454942,0.111205094,1.200000000,-0.314769561
0,286,1784880993.799869061,735,7.350000181,3.846388696,0.108503654,1.200000000,-0.316257201
0,286,1784880993.799869061,736,7.360000181,3.852318223,0.105788986,1.200000000,-0.317738025
0,286,1784880993.799869061,737,7.370000181,3.858243522,0.103061161,1.200000000,-0.319212087
0,286,1784880993.799869061,738,7.380000181,3.864164595,0.100320246,1.200000000,-0.320679437
0,286,1784880993.799869061,739,7.390000181,3.870081440,0.097566311,1.200000000,-0.322140130
0,286,1784880993.799869061,740,7.400000181,3.875994062,0.094799428,1.200000000,-0.323594218
0,286,1784880993.799869061,741,7.410000181,3.881902461,0.092019666,1.200000000,-0.325041754
0,286,1784880993.799869061,742,7.420000181,3.887806643,0.089227098,1.200000000,-0.326482789
0,286,1784880993.799869061,743,7.430000181,3.893706612,0.086421794,1.200000000,-0.327917378
0,286,1784880993.799869061,744,7.440000181,3.899602374,0.083603828,1.200000000,-0.329345572
0,286,1784880993.799869061,745,7.450000181,3.905493936,0.080773272,1.200000000,-0.330767423
0,286,1784880993.799869061,746,7.460000181,3.911381306,0.077930199,1.200000000,-0.332182986
0,286,1784880993.799869061,747,7.470000181,3.917264493,0.075074684,1.200000000,-0.333592312
0,286,1784880993.799869061,748,7.480000181,3.923143506,0.072206802,1.200000000,-0.334995453
0,286,1784880993.799869061,749,7.490000181,3.929018356,0.069326626,1.200000000,-0.336392464
0,286,1784880993.799869061,750,7.500000181,3.934889055,0.066434232,1.200000000,-0.337783395
0,286,1784880993.799869061,751,7.510000181,3.940755615,0.063529697,1.200000000,-0.339168301
0,286,1784880993.799869061,752,7.520000181,3.946618051,0.060613096,1.200000000,-0.340547233
0,286,1784880993.799869061,753,7.530000181,3.952476376,0.057684507,1.200000000,-0.341920244
0,286,1784880993.799869061,754,7.540000181,3.958330606,0.054744007,1.200000000,-0.343287387
0,286,1784880993.799869061,755,7.550000181,3.964180758,0.051791674,1.200000000,-0.344648714
0,286,1784880993.799869061,756,7.560000181,3.970026849,0.048827586,1.200000000,-0.346004278
0,286,1784880993.799869061,757,7.570000181,3.975868896,0.045851822,1.200000000,-0.347354132
0,286,1784880993.799869061,758,7.580000181,3.981706920,0.042864462,1.200000000,-0.348698328
0,286,1784880993.799869061,759,7.590000181,3.987540940,0.039865584,1.200000000,-0.350036919
0,286,1784880993.799869061,760,7.600000181,3.993370977,0.036855270,1.200000000,-0.351369958
0,286,1784880993.799869061,761,7.610000181,3.999197053,0.033833600,1.200000000,-0.352697497
0,286,1784880993.799869061,762,7.620000181,4.005019191,0.030800655,1.200000000,-0.354019589
0,286,1784880993.799869061,763,7.630000181,4.010837413,0.027756518,1.200000000,-0.355336286
0,286,1784880993.799869061,764,7.640000181,4.016651745,0.024701269,1.200000000,-0.356647641
0,286,1784880993.799869061,765,7.650000181,4.022462212,0.021634991,1.200000000,-0.357953708
0,286,1784880993.799869061,766,7.660000181,4.028268839,0.018557768,1.200000000,-0.359254537
0,286,1784880993.799869061,767,7.670000181,4.034071654,0.015469684,1.200000000,-0.360550183
0,286,1784880993.799869061,768,7.680000181,4.039870684,0.012370821,1.200000000,-0.361840697
0,286,1784880993.799869061,769,7.690000181,4.045665958,0.009261264,1.200000000,-0.363126132
0,286,1784880993.799869061,770,7.700000181,4.051457505,0.006141098,1.200000000,-0.364406542
0,286,1784880993.799869061,771,7.710000181,4.057245355,0.003010408,1.200000000,-0.365681978
0,286,1784880993.799869061,772,7.720000181,4.063029538,-0.000130719,1.200000000,-0.366952493
0,286,1784880993.799869061,773,7.730000181,4.068810088,-0.003282199,1.200000000,-0.368218140
0,286,1784880993.799869061,774,7.740000181,4.074587035,-0.006443945,1.200000000,-0.369478972
0,286,1784880993.799869061,775,7.750000181,4.080360413,-0.009615869,1.200000000,-0.370735040
0,286,1784880993.799869061,776,7.760000181,4.086130255,-0.012797884,1.200000000,-0.371986399
0,286,1784880993.799869061,777,7.770000181,4.091896597,-0.015989903,1.200000000,-0.373233099
0,286,1784880993.799869061,778,7.780000181,4.097659473,-0.019191837,1.200000000,-0.374475195
0,286,1784880993.799869061,779,7.790000181,4.103418919,-0.022403598,1.200000000,-0.375712738
0,286,1784880993.799869061,780,7.800000181,4.109174972,-0.025625097,1.200000000,-0.376945782
0,286,1784880993.799869061,781,7.810000181,4.114927669,-0.028856244,1.200000000,-0.378174379
0,286,1784880993.799869061,782,7.820000181,4.120677047,-0.032096949,1.200000000,-0.379398581
0,286,1784880993.799869061,783,7.830000181,4.126423146,-0.035347122,1.200000000,-0.380618441
0,286,1784880993.799869061,784,7.840000181,4.132166005,-0.038606673,1.200000000,-0.381834012
0,286,1784880993.799869061,785,7.850000181,4.137905662,-0.041875510,1.200000000,-0.383045347
0,286,1784880993.799869061,786,7.860000181,4.143642159,-0.045153543,1.200000000,-0.384252497
0,286,1784880993.799869061,787,7.870000181,4.149375536,-0.048440678,1.200000000,-0.385455517
0,286,1784880993.799869061,788,7.880000181,4.155105835,-0.051736824,1.200000000,-0.386654458
0,286,1784880993.799869061,789,7.890000181,4.160833098,-0.055041889,1.200000000,-0.387849372
0,286,1784880993.799869061,790,7.900000181,4.166557367,-0.058355779,1.200000000,-0.389040314
0,286,1784880993.799869061,791,7.910000181,4.172278685,-0.061678401,1.200000000,-0.390227335
0,286,1784880993.799869061,792,7.920000181,4.177997097,-0.065009661,1.200000000,-0.391410487
0,286,1784880993.799869061,793,7.930000181,4.183712645,-0.068349465,1.200000000,-0.392589824
0,286,1784880993.799869061,794,7.940000181,4.189425375,-0.071697719,1.200000000,-0.393765399
0,286,1784880993.799869061,795,7.950000181,4.195135331,-0.075054327,1.200000000,-0.394937263
0,286,1784880993.799869061,796,7.960000181,4.200842559,-0.078419194,1.200000000,-0.396105469
0,286,1784880993.799869061,797,7.970000181,4.206547105,-0.081792226,1.200000000,-0.397270071
0,286,1784880993.799869061,798,7.980000181,4.212249015,-0.085173324,1.200000000,-0.398431120
0,286,1784880993.799869061,799,7.990000181,4.217948336,-0.088562395,1.200000000,-0.399588670
0,286,1784880993.799869061,800,8.000000181,4.223645115,-0.091959339,1.200000000,-0.400742773
0,286,1784880993.799869061,801,8.010000181,4.229339399,-0.095364062,1.200000000,-0.401893481
0,286,1784880993.799869061,802,8.020000181,4.235031236,-0.098776464,1.200000000,-0.403040848
0,286,1784880993.799869061,803,8.030000181,4.240720675,-0.102196449,1.200000000,-0.404184925
0,286,1784880993.799869061,804,8.040000181,4.246407763,-0.105623918,1.200000000,-0.405325766
0,286,1784880993.799869061,805,8.050000181,4.252092550,-0.109058772,1.200000000,-0.406463424
0,286,1784880993.799869061,806,8.060000181,4.257775085,-0.112500914,1.200000000,-0.407597950
0,286,1784880993.799869061,807,8.070000181,4.263455416,-0.115950243,1.200000000,-0.408729397
0,286,1784880993.799869061,808,8.080000181,4.269133594,-0.119406660,1.200000000,-0.409857818
0,286,1784880993.799869061,809,8.090000181,4.274809669,-0.122870066,1.200000000,-0.410983267
0,286,1784880993.799869061,810,8.100000181,4.280483690,-0.126340359,1.200000000,-0.412105794
0,286,1784880993.799869061,811,8.110000181,4.286155708,-0.129817441,1.200000000,-0.413225454
0,286,1784880993.799869061,812,8.120000181,4.291825773,-0.133301209,1.200000000,-0.414342298
0,286,1784880993.799869061,813,8.130000181,4.297493936,-0.136791563,1.200000000,-0.415456379
0,286,1784880993.799869061,814,8.140000181,4.303160248,-0.140288401,1.200000000,-0.416567751
0,286,1784880993.799869061,815,8.150000181,4.308824760,-0.143791621,1.200000000,-0.417676464
0,286,1784880993.799869061,816,8.160000181,4.314487522,-0.147301121,1.200000000,-0.418782573
0,286,1784880993.799869061,817,8.170000181,4.320148587,-0.150816799,1.200000000,-0.419886130
0,286,1784880993.799869061,818,8.180000181,4.325808005,-0.154338552,1.200000000,-0.420987187
0,286,1784880993.799869061,819,8.190000181,4.331465828,-0.157866277,1.200000000,-0.422085797
0,286,1784880993.799869061,820,8.200000181,4.337122107,-0.161399870,1.200000000,-0.423182013
0,286,1784880993.799869061,821,8.210000181,4.342776894,-0.164939229,1.200000000,-0.424275888
0,286,1784880993.799869061,822,8.220000181,4.348430240,-0.168484247,1.200000000,-0.425367473
0,286,1784880993.799869061,823,8.230000181,4.354082198,-0.172034823,1.200000000,-0.426456822
0,286,1784880993.799869061,824,8.240000181,4.359732818,-0.175590850,1.200000000,-0.427543987
0,286,1784880993.799869061,825,8.250000181,4.365382152,-0.179152224,1.200000000,-0.428629021
0,286,1784880993.799869061,826,8.260000181,4.371030251,-0.182718840,1.200000000,-0.429711976
0,286,1784880993.799869061,827,8.270000181,4.376677168,-0.186290592,1.200000000,-0.430792906
0,286,1784880993.799869061,828,8.280000181,4.382322953,-0.189867375,1.200000000,-0.431871862
0,286,1784880993.799869061,829,8.290000181,4.387967658,-0.193449082,1.200000000,-0.432948898
0,286,1784880993.799869061,830,8.300000181,4.393611334,-0.197035607,1.200000000,-0.434024066
0,286,1784880993.799869061,831,8.310000181,4.399254033,-0.200626844,1.200000000,-0.435097418
0,286,1784880993.799869061,832,8.320000181,4.404895804,-0.204222685,1.200000000,-0.436169008
0,286,1784880993.799869061,833,8.330000181,4.410536700,-0.207823024,1.200000000,-0.437238888
0,286,1784880993.799869061,834,8.340000181,4.416176770,-0.211427753,1.200000000,-0.438307110
0,286,1784880993.799869061,835,8.350000181,4.421816066,-0.215036763,1.200000000,-0.439373728
0,286,1784880993.799869061,836,8.360000181,4.427454637,-0.218649948,1.200000000,-0.440438793
0,286,1784880993.799869061,837,8.370000181,4.433092534,-0.222267199,1.200000000,-0.441502359
0,286,1784880993.799869061,838,8.380000181,4.438729807,-0.225888408,1.200000000,-0.442564478
0,286,1784880993.799869061,839,8.390000181,4.444366504,-0.229513464,1.200000000,-0.443625203
0,286,1784880993.799869061,840,8.400000181,4.450002677,-0.233142261,1.200000000,-0.444684586
0,286,1784880993.799869061,841,8.410000181,4.455638373,-0.236774687,1.200000000,-0.445742680
0,286,1784880993.799869061,842,8.420000181,4.461273643,-0.240410635,1.200000000,-0.446799538
0,286,1784880993.799869061,843,8.430000181,4.466908533,-0.244049993,1.200000000,-0.447855213
0,286,1784880993.799869061,844,8.440000181,4.472543093,-0.247692652,1.200000000,-0.448909756
0,286,1784880993.799869061,845,8.450000181,4.478177370,-0.251338501,1.200000000,-0.449963221
0,286,1784880993.799869061,846,8.460000181,4.483811413,-0.254987431,1.200000000,-0.451015660
0,286,1784880993.799869061,847,8.470000181,4.489445268,-0.258639329,1.200000000,-0.452067126
0,286,1784880993.799869061,848,8.480000181,4.495078981,-0.262294086,1.200000000,-0.453117671
0,286,1784880993.799869061,849,8.490000181,4.500712601,-0.265951589,1.200000000,-0.454167348
0,286,1784880993.799869061,850,8.500000181,4.506346172,-0.269611728,1.200000000,-0.455216211
0,286,1784880993.799869061,851,8.510000181,4.511979740,-0.273274390,1.200000000,-0.456264310
0,286,1784880993.799869061,852,8.520000181,4.517613351,-0.276939464,1.200000000,-0.457311700
0,286,1784880993.799869061,853,8.530000181,4.523247049,-0.280606838,1.200000000,-0.458358432
0,286,1784880993.799869061,854,8.540000181,4.528880879,-0.284276398,1.200000000,-0.459404560
0,286,1784880993.799869061,855,8.550000181,4.534514884,-0.287948033,1.200000000,-0.460450135
0,286,1784880993.799869061,856,8.560000181,4.540149108,-0.291621629,1.200000000,-0.461495211
0,286,1784880993.799869061,857,8.570000181,4.545783594,-0.295297074,1.200000000,-0.462539841
0,286,1784880993.799869061,858,8.580000181,4.551418384,-0.298974254,1.200000000,-0.463584076
0,286,1784880993.799869061,859,8.590000181,4.557053521,-0.302653056,1.200000000,-0.464627969
0,286,1784880993.799869061,860,8.600000181,4.562689044,-0.306333366,1.200000000,-0.465671574
0,286,1784880993.799869061,861,8.610000181,4.568324996,-0.310015070,1.200000000,-0.466714943
0,286,1784880993.799869061,862,8.620000181,4.573961416,-0.313698054,1.200000000,-0.467758127
0,286,1784880993.799869061,863,8.630000181,4.579598344,-0.317382204,1.200000000,-0.468801181
0,286,1784880993.799869061,864,8.640000181,4.585235819,-0.321067405,1.200000000,-0.469844157
0,286,1784880993.799869061,865,8.650000181,4.590873879,-0.324753542,1.200000000,-0.470887107
0,286,1784880993.799869061,866,8.660000181,4.596512563,-0.328440501,1.200000000,-0.471930083
0,286,1784880993.799869061,867,8.670000181,4.602151908,-0.332128167,1.200000000,-0.472973140
0,286,1784880993.799869061,868,8.680000181,4.607791950,-0.335816424,1.200000000,-0.474016328
0,286,1784880993.799869061,869,8.690000181,4.613432726,-0.339505157,1.200000000,-0.475059701
0,286,1784880993.799869061,870,8.700000181,4.619074270,-0.343194250,1.200000000,-0.476103312
0,286,1784880993.799869061,871,8.710000181,4.624716618,-0.346883588,1.200000000,-0.477147213
0,286,1784880993.799869061,872,8.720000181,4.630359803,-0.350573054,1.200000000,-0.478191457
0,286,1784880993.799869061,873,8.730000181,4.636003858,-0.354262532,1.200000000,-0.479236095
0,286,1784880993.799869061,874,8.740000181,4.641648818,-0.357951907,1.200000000,-0.480281182
0,286,1784880993.799869061,875,8.750000181,4.647294713,-0.361641061,1.200000000,-0.481326770
0,286,1784880993.799869061,876,8.760000181,4.652941574,-0.365329878,1.200000000,-0.482372911
0,286,1784880993.799869061,877,8.770000181,4.658589433,-0.369018241,1.200000000,-0.483419658
0,286,1784880993.799869061,878,8.780000181,4.664238319,-0.372706033,1.200000000,-0.484467063
0,286,1784880993.799869061,879,8.790000181,4.669888262,-0.376393137,1.200000000,-0.485515180
0,286,1784880993.799869061,880,8.800000181,4.675539288,-0.380079435,1.200000000,-0.486564060
0,286,1784880993.799869061,881,8.810000181,4.681191428,-0.383764811,1.200000000,-0.487613757
0,286,1784880993.799869061,882,8.820000181,4.686844706,-0.387449147,1.200000000,-0.488664322
0,286,1784880993.799869061,883,8.830000181,4.692499149,-0.391132325,1.200000000,-0.489715810
0,286,1784880993.799869061,884,8.840000181,4.698154783,-0.394814227,1.200000000,-0.490768272
0,286,1784880993.799869061,885,8.850000181,4.703811633,-0.398494735,1.200000000,-0.491821761
0,286,1784880993.799869061,886,8.860000181,4.709469721,-0.402173731,1.200000000,-0.492876329
0,286,1784880993.799869061,887,8.870000181,4.715129071,-0.405851097,1.200000000,-0.493932030
0,286,1784880993.799869061,888,8.880000181,4.720789706,-0.409526714,1.200000000,-0.494988916
0,286,1784880993.799869061,889,8.890000181,4.726451646,-0.413200464,1.200000000,-0.496047039
0,286,1784880993.799869061,890,8.900000181,4.732114912,-0.416872228,1.200000000,-0.497106453
0,286,1784880993.799869061,891,8.910000181,4.737779525,-0.420541887,1.200000000,-0.498167209
0,286,1784880993.799869061,892,8.920000181,4.743445502,-0.424209323,1.200000000,-0.499229361
0,286,1784880993.799869061,893,8.930000181,4.749112863,-0.427874417,1.200000000,-0.500292960
0,286,1784880993.799869061,894,8.940000181,4.754781625,-0.431537049,1.200000000,-0.501358061
0,286,1784880993.799869061,895,8.950000181,4.760451804,-0.435197100,1.200000000,-0.502424715
0,286,1784880993.799869061,896,8.960000181,4.766123416,-0.438854451,1.200000000,-0.503492974
0,286,1784880993.799869061,897,8.970000181,4.771796476,-0.442508983,1.200000000,-0.504562893
0,286,1784880993.799869061,898,8.980000181,4.777470998,-0.446160575,1.200000000,-0.505634522
0,286,1784880993.799869061,899,8.990000181,4.783146995,-0.449809109,1.200000000,-0.506707916
0,286,1784880993.799869061,900,9.000000181,4.788824480,-0.453454465,1.200000000,-0.507783126
0,286,1784880993.799869061,901,9.010000181,4.794503465,-0.457096522,1.200000000,-0.508860205
0,286,1784880993.799869061,902,9.020000181,4.800183959,-0.460735161,1.200000000,-0.509939206
0,286,1784880993.799869061,903,9.030000181,4.805865974,-0.464370262,1.200000000,-0.511020182
0,286,1784880993.799869061,904,9.040000181,4.811549517,-0.468001705,1.200000000,-0.512103184
0,286,1784880993.799869061,905,9.050000181,4.817234599,-0.471629370,1.200000000,-0.513188266
0,286,1784880993.799869061,906,9.060000181,4.822921225,-0.475253136,1.200000000,-0.514275481
0,286,1784880993.799869061,907,9.070000181,4.828609402,-0.478872883,1.200000000,-0.515364880
0,286,1784880993.799869061,908,9.080000181,4.834299137,-0.482488491,1.200000000,-0.516456518
0,286,1784880993.799869061,909,9.090000181,4.839990434,-0.486099840,1.200000000,-0.517550445
0,286,1784880993.799869061,910,9.100000181,4.845683298,-0.489706809,1.200000000,-0.518646715
0,286,1784880993.799869061,911,9.110000181,4.851377731,-0.493309277,1.200000000,-0.519745381
0,286,1784880993.799869061,912,9.120000181,4.857073737,-0.496907124,1.200000000,-0.520846495
0,286,1784880993.799869061,913,9.130000181,4.862771316,-0.500500230,1.200000000,-0.521950109
0,286,1784880993.799869061,914,9.140000181,4.868470470,-0.504088473,1.200000000,-0.523056278
0,286,1784880993.799869061,915,9.150000181,4.874171199,-0.507671732,1.200000000,-0.524165052
0,286,1784880993.799869061,916,9.160000181,4.879873502,-0.511249888,1.200000000,-0.525276484
0,286,1784880993.799869061,917,9.170000181,4.885577378,-0.514822819,1.200000000,-0.526390629
0,286,1784880993.799869061,918,9.180000181,4.891282824,-0.518390405,1.200000000,-0.527507537
0,286,1784880993.799869061,919,9.190000181,4.896989837,-0.521952524,1.200000000,-0.528627261
0,286,1784880993.799869061,920,9.200000181,4.902698413,-0.525509055,1.200000000,-0.529749850
0,286,1784880993.799869061,921,9.210000181,4.908408548,-0.529059878,1.200000000,-0.530875145
0,286,1784880993.799869061,922,9.220000181,4.914120237,-0.532604872,1.200000000,-0.532002726
0,286,1784880993.799869061,923,9.230000181,4.919833472,-0.536143916,1.200000000,-0.533132159
0,286,1784880993.799869061,924,9.240000181,4.925548248,-0.539676888,1.200000000,-0.534263006
0,286,1784880993.799869061,925,9.250000181,4.931264556,-0.543203669,1.200000000,-0.535394831
0,286,1784880993.799869061,926,9.260000181,4.936982389,-0.546724136,1.200000000,-0.536527199
0,286,1784880993.799869061,927,9.270000181,4.942701737,-0.550238169,1.200000000,-0.537659673
0,286,1784880993.799869061,928,9.280000181,4.948422590,-0.553745646,1.200000000,-0.538791816
0,286,1784880993.799869061,929,9.290000181,4.954144938,-0.557246448,1.200000000,-0.539923193
0,286,1784880993.799869061,930,9.300000181,4.959868771,-0.560740452,1.200000000,-0.541053368
0,286,1784880993.799869061,931,9.310000181,4.965594075,-0.564227538,1.200000000,-0.542181903
0,286,1784880993.799869061,932,9.320000181,4.971320838,-0.567707585,1.200000000,-0.543308364
0,286,1784880993.799869061,933,9.330000181,4.977049048,-0.571180472,1.200000000,-0.544432313
0,286,1784880993.799869061,934,9.340000181,4.982778691,-0.574646078,1.200000000,-0.545553315
0,286,1784880993.799869061,935,9.350000181,4.988509752,-0.578104282,1.200000000,-0.546670933
0,286,1784880993.799869061,936,9.360000181,4.994242217,-0.581554964,1.200000000,-0.547784731
0,286,1784880993.799869061,937,9.370000181,4.999976069,-0.584998001,1.200000000,-0.548894273
0,286,1784880993.799869061,938,9.380000181,5.005711293,-0.588433275,1.200000000,-0.549999123
0,286,1784880993.799869061,939,9.390000181,5.011447871,-0.591860663,1.200000000,-0.551098845
0,286,1784880993.799869061,940,9.400000181,5.017185787,-0.595280046,1.200000000,-0.552193002
0,286,1784880993.799869061,941,9.410000181,5.022925024,-0.598691302,1.200000000,-0.553281158
0,286,1784880993.799869061,942,9.420000181,5.028665561,-0.602094311,1.200000000,-0.554362876
0,286,1784880993.799869061,943,9.430000181,5.034407381,-0.605488952,1.200000000,-0.555437722
0,286,1784880993.799869061,944,9.440000181,5.040150465,-0.608875106,1.200000000,-0.556505258
0,286,1784880993.799869061,945,9.450000181,5.045894792,-0.612252651,1.200000000,-0.557565048
0,286,1784880993.799869061,946,9.460000181,5.051640343,-0.615621467,1.200000000,-0.558616657
0,286,1784880993.799869061,947,9.470000181,5.057387096,-0.618981434,1.200000000,-0.559659647
0,286,1784880993.799869061,948,9.480000181,5.063135031,-0.622332432,1.200000000,-0.560693583
0,286,1784880993.799869061,949,9.490000181,5.068884127,-0.625674340,1.200000000,-0.561718028
0,286,1784880993.799869061,950,9.500000181,5.074634360,-0.629007039,1.200000000,-0.562732547
0,286,1784880993.799869061,951,9.510000181,5.080385709,-0.632330409,1.200000000,-0.563736702
0,286,1784880993.799869061,952,9.520000181,5.086138152,-0.635644330,1.200000000,-0.564730059
0,286,1784880993.799869061,953,9.530000181,5.091891665,-0.638948682,1.200000000,-0.565712180
0,286,1784880993.799869061,954,9.540000181,5.097646225,-0.642243345,1.200000000,-0.566682629
0,286,1784880993.799869061,955,9.550000181,5.103401809,-0.645528201,1.200000000,-0.567640971
0,286,1784880993.799869061,956,9.560000181,5.109158393,-0.648803129,1.200000000,-0.568586769
0,286,1784880993.799869061,957,9.570000181,5.114915953,-0.652068010,1.200000000,-0.569519587
0,286,1784880993.799869061,958,9.580000181,5.120674464,-0.655322726,1.200000000,-0.570438988
0,286,1784880993.799869061,959,9.590000181,5.126433902,-0.658567156,1.200000000,-0.571344536
0,286,1784880993.799869061,960,9.600000181,5.132194242,-0.661801183,1.200000000,-0.572235796
0,286,1784880993.799869061,961,9.610000181,5.137955459,-0.665024688,1.200000000,-0.573112331
0,286,1784880993.799869061,962,9.620000181,5.143717528,-0.668237551,1.200000000,-0.573973705
0,286,1784880993.799869061,963,9.630000181,5.149480424,-0.671439654,1.200000000,-0.574819481
0,286,1784880993.799869061,964,9.640000181,5.155244122,-0.674630880,1.200000000,-0.575649223
0,286,1784880993.799869061,965,9.650000181,5.161008595,-0.677811109,1.200000000,-0.576462496
0,286,1784880993.799869061,966,9.660000181,5.166773819,-0.680980224,1.200000000,-0.577258863
0,286,1784880993.799869061,967,9.670000181,5.172539768,-0.684138108,1.200000000,-0.578037887
0,286,1784880993.799869061,968,9.680000181,5.178306416,-0.687284641,1.200000000,-0.578799133
0,286,1784880993.799869061,969,9.690000181,5.184073738,-0.690419707,1.200000000,-0.579542165
0,286,1784880993.799869061,970,9.700000181,5.189841708,-0.693543189,1.200000000,-0.580266545
0,286,1784880993.799869061,971,9.710000181,5.195610299,-0.696654968,1.200000000,-0.580971838
0,286,1784880993.799869061,972,9.720000181,5.201379487,-0.699754930,1.200000000,-0.581657608
0,286,1784880993.799869061,973,9.730000181,5.207149246,-0.702842955,1.200000000,-0.582323419
0,286,1784880993.799869061,974,9.740000181,5.212919551,-0.705918929,1.200000000,-0.582968834
0,286,1784880993.799869061,975,9.750000181,5.218690375,-0.708982734,1.200000000,-0.583593417
0,286,1784880993.799869061,976,9.760000181,5.224461694,-0.712034255,1.200000000,-0.584196732
0,286,1784880993.799869061,977,9.770000181,5.230233482,-0.715073375,1.200000000,-0.584778343
0,286,1784880993.799869061,978,9.780000181,5.236005715,-0.718099979,1.200000000,-0.585337813
0,286,1784880993.799869061,979,9.790000181,5.241778367,-0.721113952,1.200000000,-0.585874706
0,286,1784880993.799869061,980,9.800000181,5.247551415,-0.724115177,1.200000000,-0.586388587
0,286,1784880993.799869061,981,9.810000181,5.253324833,-0.727103541,1.200000000,-0.586879018
0,286,1784880993.799869061,982,9.820000181,5.259098597,-0.730078927,1.200000000,-0.587345564
0,286,1784880993.799869061,983,9.830000181,5.264872684,-0.733041223,1.200000000,-0.587787789
0,286,1784880993.799869061,984,9.840000181,5.270647069,-0.735990313,1.200000000,-0.588205255
0,286,1784880993.799869061,985,9.850000181,5.276421730,-0.738926083,1.200000000,-0.588597528
0,286,1784880993.799869061,986,9.860000181,5.282196643,-0.741848420,1.200000000,-0.588964171
0,286,1784880993.799869061,987,9.870000181,5.287971785,-0.744757210,1.200000000,-0.589304747
0,286,1784880993.799869061,988,9.880000181,5.293747135,-0.747652340,1.200000000,-0.589618821
0,286,1784880993.799869061,989,9.890000181,5.299522669,-0.750533697,1.200000000,-0.589905956
0,286,1784880993.799869061,990,9.900000181,5.305298367,-0.753401169,1.200000000,-0.590165716
0,286,1784880993.799869061,991,9.910000181,5.311074208,-0.756254642,1.200000000,-0.590397664
0,286,1784880993.799869061,992,9.920000181,5.316850170,-0.759094006,1.200000000,-0.590601366
0,286,1784880993.799869061,993,9.930000181,5.322626233,-0.761919147,1.200000000,-0.590776384
0,286,1784880993.799869061,994,9.940000181,5.328402377,-0.764729956,1.200000000,-0.590922282
0,286,1784880993.799869061,995,9.950000181,5.334178583,-0.767526320,1.200000000,-0.591038623
0,286,1784880993.799869061,996,9.960000181,5.339954832,-0.770308129,1.200000000,-0.591124973
0,286,1784880993.799869061,997,9.970000181,5.345731106,-0.773075272,1.200000000,-0.591180895
0,286,1784880993.799869061,998,9.980000181,5.351507386,-0.775827640,1.200000000,-0.591205951
0,286,1784880993.799869061,999,9.990000181,5.357283656,-0.778565122,1.200000000,-0.591199707
0,286,1784880993.799869061,1000,10.000000181,5.363059898,-0.781287609,1.200000000,-0.591161726
0,286,1784880993.799869061,1001,10.010000181,5.368836097,-0.783994992,1.200000000,-0.591091571
0,286,1784880993.799869061,1002,10.020000181,5.374612236,-0.786687162,1.200000000,-0.590988808
0,286,1784880993.799869061,1003,10.030000181,5.380388302,-0.789364011,1.200000000,-0.590852998
0,286,1784880993.799869061,1004,10.040000181,5.386164280,-0.792025432,1.200000000,-0.590683707
0,286,1784880993.799869061,1005,10.050000181,5.391940155,-0.794671315,1.200000000,-0.590480497
0,286,1784880993.799869061,1006,10.060000181,5.397715916,-0.797301555,1.200000000,-0.590242933
0,286,1784880993.799869061,1007,10.070000181,5.403491550,-0.799916043,1.200000000,-0.589970579
0,286,1784880993.799869061,1008,10.080000181,5.409267045,-0.802514675,1.200000000,-0.589662998
0,286,1784880993.799869061,1009,10.090000181,5.415042390,-0.805097344,1.200000000,-0.589319755
0,286,1784880993.799869061,1010,10.100000181,5.420817575,-0.807663943,1.200000000,-0.588940412
0,286,1784880993.799869061,1011,10.110000181,5.426592591,-0.810214369,1.200000000,-0.588524533
0,286,1784880993.799869061,1012,10.120000181,5.432367429,-0.812748517,1.200000000,-0.588071684
0,286,1784880993.799869061,1013,10.130000181,5.438142082,-0.815266281,1.200000000,-0.587581426
0,286,1784880993.799869061,1014,10.140000181,5.443916541,-0.817767559,1.200000000,-0.587053325
0,286,1784880993.799869061,1015,10.150000181,5.449690801,-0.820252246,1.200000000,-0.586486943
0,286,1784880993.799869061,1016,10.160000181,5.455464856,-0.822720241,1.200000000,-0.585881846
0,286,1784880993.799869061,1017,10.170000181,5.461238702,-0.825171439,1.200000000,-0.585237595
0,286,1784880993.799869061,1018,10.180000181,5.467012334,-0.827605740,1.200000000,-0.584553756
0,286,1784880993.799869061,1019,10.190000181,5.472785750,-0.830023042,1.200000000,-0.583829892
0,286,1784880993.799869061,1020,10.200000181,5.478558947,-0.832423244,1.200000000,-0.583065567
0,286,1784880993.799869061,1021,10.210000181,5.484331924,-0.834806245,1.200000000,-0.582260344
0,286,1784880993.799869061,1022,10.220000181,5.490104680,-0.837171946,1.200000000,-0.581413788
0,286,1784880993.799869061,1023,10.230000181,5.495877217,-0.839520245,1.200000000,-0.580525462
0,286,1784880993.799869061,1024,10.240000181,5.501649534,-0.841851046,1.200000000,-0.579594930
0,286,1784880993.799869061,1025,10.250000181,5.507421635,-0.844164249,1.200000000,-0.578621756
0,286,1784880993.799869061,1026,10.260000181,5.513193522,-0.846459756,1.200000000,-0.577605504
0,286,1784880993.799869061,1027,10.270000181,5.518965200,-0.848737470,1.200000000,-0.576545737
0,286,1784880993.799869061,1028,10.280000181,5.524736673,-0.850997294,1.200000000,-0.575442019
0,286,1784880993.799869061,1029,10.290000181,5.530507947,-0.853239132,1.200000000,-0.574293914
0,286,1784880993.799869061,1030,10.300000181,5.536279029,-0.855462888,1.200000000,-0.573100986
0,286,1784880993.799869061,1031,10.310000181,5.542049927,-0.857668466,1.200000000,-0.571862798
0,286,1784880993.799869061,1032,10.320000181,5.547820649,-0.859855773,1.200000000,-0.570578915
0,286,1784880993.799869061,1033,10.330000181,5.553591205,-0.862024714,1.200000000,-0.569248900
0,286,1784880993.799869061,1034,10.340000181,5.559361605,-0.864175196,1.200000000,-0.567872317
0,286,1784880993.799869061,1035,10.350000181,5.565131862,-0.866307126,1.200000000,-0.566448730
0,286,1784880993.799869061,1036,10.360000181,5.570901986,-0.868420412,1.200000000,-0.564977702
0,286,1784880993.799869061,1037,10.370000181,5.576671993,-0.870514962,1.200000000,-0.563458798
0,286,1784880993.799869061,1038,10.380000181,5.582441896,-0.872590686,1.200000000,-0.561891581
0,286,1784880993.799869061,1039,10.390000181,5.588211710,-0.874647493,1.200000000,-0.560275614
0,286,1784880993.799869061,1040,10.400000181,5.593981452,-0.876685294,1.200000000,-0.558610463
0,286,1784880993.799869061,1041,10.410000181,5.599751138,-0.878704000,1.200000000,-0.556895690
0,286,1784880993.799869061,1042,10.420000181,5.605520789,-0.880703522,1.200000000,-0.555130859
0,286,1784880993.799869061,1043,10.430000181,5.611290421,-0.882683773,1.200000000,-0.553315534
0,286,1784880993.799869061,1044,10.440000181,5.617060056,-0.884644666,1.200000000,-0.551449280
0,286,1784880993.799869061,1045,10.450000181,5.622829715,-0.886586115,1.200000000,-0.549531659
0,286,1784880993.799869061,1046,10.460000181,5.628599419,-0.888508034,1.200000000,-0.547562235
0,286,1784880993.799869061,1047,10.470000181,5.634369192,-0.890410339,1.200000000,-0.545540573
0,286,1784880993.799869061,1048,10.480000181,5.640139058,-0.892292945,1.200000000,-0.543466235
0,286,1784880993.799869061,1049,10.490000181,5.645909041,-0.894155769,1.200000000,-0.541338787
0,286,1784880993.799869061,1050,10.500000181,5.651679168,-0.895998729,1.200000000,-0.539157851
0,286,1784880993.799869061,1051,10.510000181,5.657449464,-0.897821743,1.200000000,-0.536923612
0,286,1784880993.799869061,1052,10.520000181,5.663219958,-0.899624730,1.200000000,-0.534636569
0,286,1784880993.799869061,1053,10.530000181,5.668990679,-0.901407609,1.200000000,-0.532297220
0,286,1784880993.799869061,1054,10.540000181,5.674761655,-0.903170300,1.200000000,-0.529906066
0,286,1784880993.799869061,1055,10.550000181,5.680532917,-0.904912727,1.200000000,-0.527463608
0,286,1784880993.799869061,1056,10.560000181,5.686304497,-0.906634809,1.200000000,-0.524970345
0,286,1784880993.799869061,1057,10.570000181,5.692076426,-0.908336471,1.200000000,-0.522426777
0,286,1784880993.799869061,1058,10.580000181,5.697848737,-0.910017636,1.200000000,-0.519833405
0,286,1784880993.799869061,1059,10.590000181,5.703621465,-0.911678228,1.200000000,-0.517190729
0,286,1784880993.799869061,1060,10.600000181,5.709394644,-0.913318174,1.200000000,-0.514499249
0,286,1784880993.799869061,1061,10.610000181,5.715168309,-0.914937398,1.200000000,-0.511759464
0,286,1784880993.799869061,1062,10.620000181,5.720942497,-0.916535830,1.200000000,-0.508971877
0,286,1784880993.799869061,1063,10.630000181,5.726717245,-0.918113395,1.200000000,-0.506136985
0,286,1784880993.799869061,1064,10.640000181,5.732492590,-0.919670024,1.200000000,-0.503255290
0,286,1784880993.799869061,1065,10.650000181,5.738268573,-0.921205647,1.200000000,-0.500327291
0,286,1784880993.799869061,1066,10.660000181,5.744045231,-0.922720193,1.200000000,-0.497353490
0,286,1784880993.799869061,1067,10.670000181,5.749822605,-0.924213594,1.200000000,-0.494334385
0,286,1784880993.799869061,1068,10.680000181,5.755600736,-0.925685784,1.200000000,-0.491270478
0,286,1784880993.799869061,1069,10.690000181,5.761379666,-0.927136695,1.200000000,-0.488162267
0,286,1784880993.799869061,1070,10.700000181,5.767159436,-0.928566262,1.200000000,-0.485010254
0,286,1784880993.799869061,1071,10.710000181,5.772940090,-0.929974421,1.200000000,-0.481814939
0,286,1784880993.799869061,1072,10.720000181,5.778721672,-0.931361107,1.200000000,-0.478576821
0,286,1784880993.799869061,1073,10.730000181,5.784504225,-0.932726258,1.200000000,-0.475296401
0,286,1784880993.799869061,1074,10.740000181,5.790287794,-0.934069813,1.200000000,-0.471974179
0,286,1784880993.799869061,1075,10.750000181,5.796072425,-0.935391710,1.200000000,-0.468610656
0,286,1784880993.799869061,1076,10.760000181,5.801858164,-0.936691891,1.200000000,-0.465206330
0,286,1784880993.799869061,1077,10.770000181,5.807645057,-0.937970296,1.200000000,-0.461761703
0,286,1784880993.799869061,1078,10.780000181,5.813433151,-0.939226868,1.200000000,-0.458277274
0,286,1784880993.799869061,1079,10.790000181,5.819222494,-0.940461551,1.200000000,-0.454753544
0,286,1784880993.799869061,1080,10.800000181,5.825013134,-0.941674288,1.200000000,-0.451191013
0,286,1784880993.799869061,1081,10.810000181,5.830805120,-0.942865026,1.200000000,-0.447590181
0,286,1784880993.799869061,1082,10.820000181,5.836598499,-0.944033711,1.200000000,-0.443951548
0,286,1784880993.799869061,1083,10.830000181,5.842393323,-0.945180291,1.200000000,-0.440275614
0,286,1784880993.799869061,1084,10.840000181,5.848189639,-0.946304715,1.200000000,-0.436562880
0,286,1784880993.799869061,1085,10.850000181,5.853987499,-0.947406932,1.200000000,-0.432813845
0,286,1784880993.799869061,1086,10.860000181,5.859786953,-0.948486894,1.200000000,-0.429029010
0,286,1784880993.799869061,1087,10.870000181,5.865588052,-0.949544552,1.200000000,-0.425208875
0,286,1784880993.799869061,1088,10.880000181,5.871390847,-0.950579861,1.200000000,-0.421353939
0,286,1784880993.799869061,1089,10.890000181,5.877195388,-0.951592775,1.200000000,-0.417464704
0,286,1784880993.799869061,1090,10.900000181,5.883001728,-0.952583249,1.200000000,-0.413541669
0,286,1784880993.799869061,1091,10.910000181,5.888809918,-0.953551241,1.200000000,-0.409585335
0,286,1784880993.799869061,1092,10.920000181,5.894620011,-0.954496707,1.200000000,-0.405596201
0,286,1784880993.799869061,1093,10.930000181,5.900432058,-0.955419608,1.200000000,-0.401574768
0,286,1784880993.799869061,1094,10.940000181,5.906246112,-0.956319903,1.200000000,-0.397521536
0,286,1784880993.799869061,1095,10.950000181,5.912062225,-0.957197554,1.200000000,-0.393437004
0,286,1784880993.799869061,1096,10.960000181,5.917880449,-0.958052525,1.200000000,-0.389321674
0,286,1784880993.799869061,1097,10.970000181,5.923700837,-0.958884779,1.200000000,-0.385176045
0,286,1784880993.799869061,1098,10.980000181,5.929523442,-0.959694281,1.200000000,-0.381000618
0,286,1784880993.799869061,1099,10.990000181,5.935348316,-0.960480998,1.200000000,-0.376795892
0,286,1784880993.799869061,1100,11.000000181,5.941175512,-0.961244898,1.200000000,-0.372562368
0,286,1784880993.799869061,1101,11.010000181,5.947005081,-0.961985949,1.200000000,-0.368300546
0,286,1784880993.799869061,1102,11.020000181,5.952837077,-0.962704122,1.200000000,-0.364010925
0,286,1784880993.799869061,1103,11.030000181,5.958671552,-0.963399389,1.200000000,-0.359694007
0,286,1784880993.799869061,1104,11.040000181,5.964508558,-0.964071723,1.200000000,-0.355350292
0,286,1784880993.799869061,1105,11.050000181,5.970348147,-0.964721097,1.200000000,-0.350980278
0,286,1784880993.799869061,1106,11.060000181,5.976190370,-0.965347488,1.200000000,-0.346584467
0,286,1784880993.799869061,1107,11.070000181,5.982035279,-0.965950872,1.200000000,-0.342163359
0,286,1784880993.799869061,1108,11.080000181,5.987882926,-0.966531227,1.200000000,-0.337717454
0,286,1784880993.799869061,1109,11.090000181,5.993733362,-0.967088532,1.200000000,-0.333247252
0,286,1784880993.799869061,1110,11.100000181,5.999586636,-0.967622770,1.200000000,-0.328753253
0,286,1784880993.799869061,1111,11.110000181,6.005442801,-0.968133921,1.200000000,-0.324235958
0,286,1784880993.799869061,1112,11.120000181,6.011301904,-0.968621970,1.200000000,-0.319695866
0,286,1784880993.799869061,1113,11.130000181,6.017163998,-0.969086901,1.200000000,-0.315133477
0,286,1784880993.799869061,1114,11.140000181,6.023029129,-0.969528701,1.200000000,-0.310549293
0,286,1784880993.799869061,1115,11.150000181,6.028897348,-0.969947358,1.200000000,-0.305943812
0,286,1784880993.799869061,1116,11.160000181,6.034768703,-0.970342860,1.200000000,-0.301317535
0,286,1784880993.799869061,1117,11.170000181,6.040643240,-0.970715198,1.200000000,-0.296670962
0,286,1784880993.799869061,1118,11.180000181,6.046521009,-0.971064365,1.200000000,-0.292004594
0,286,1784880993.799869061,1119,11.190000181,6.052402054,-0.971390353,1.200000000,-0.287318930
0,286,1784880993.799869061,1120,11.200000181,6.058286423,-0.971693157,1.200000000,-0.282614471
0,286,1784880993.799869061,1121,11.210000181,6.064174160,-0.971972774,1.200000000,-0.277891717
0,286,1784880993.799869061,1122,11.220000181,6.070065311,-0.972229201,1.200000000,-0.273151167
0,286,1784880993.799869061,1123,11.230000181,6.075959920,-0.972462438,1.200000000,-0.268393323
0,286,1784880993.799869061,1124,11.240000181,6.081858030,-0.972672484,1.200000000,-0.263618683
0,286,1784880993.799869061,1125,11.250000181,6.087759684,-0.972859343,1.200000000,-0.258827749
0,286,1784880993.799869061,1126,11.260000181,6.093664923,-0.973023017,1.200000000,-0.254021021
0,286,1784880993.799869061,1127,11.270000181,6.099573789,-0.973163511,1.200000000,-0.249198998
0,286,1784880993.799869061,1128,11.280000181,6.105486323,-0.973280832,1.200000000,-0.244362181
0,286,1784880993.799869061,1129,11.290000181,6.111402563,-0.973374988,1.200000000,-0.239511070
0,286,1784880993.799869061,1130,11.300000181,6.117322549,-0.973445989,1.200000000,-0.234646165
0,286,1784880993.799869061,1131,11.310000181,6.123246318,-0.973493845,1.200000000,-0.229767966
0,286,1784880993.799869061,1132,11.320000181,6.129173906,-0.973518568,1.200000000,-0.224876974
0,286,1784880993.799869061,1133,11.330000181,6.135105350,-0.973520174,1.200000000,-0.219973688
0,286,1784880993.799869061,1134,11.340000181,6.141040685,-0.973498676,1.200000000,-0.215058609
0,286,1784880993.799869061,1135,11.350000181,6.146979944,-0.973454093,1.200000000,-0.210132236
0,286,1784880993.799869061,1136,11.360000181,6.152923161,-0.973386442,1.200000000,-0.205195071
0,286,1784880993.799869061,1137,11.370000181,6.158870367,-0.973295744,1.200000000,-0.200247612
0,286,1784880993.799869061,1138,11.380000181,6.164821592,-0.973182020,1.200000000,-0.195290361
0,286,1784880993.799869061,1139,11.390000181,6.170776867,-0.973045294,1.200000000,-0.190323817
0,286,1784880993.799869061,1140,11.400000181,6.176736220,-0.972885590,1.200000000,-0.185348481
0,286,1784880993.799869061,1141,11.410000181,6.182699678,-0.972702934,1.200000000,-0.180364852
0,286,1784880993.799869061,1142,11.420000181,6.188667267,-0.972497354,1.200000000,-0.175373431
0,286,1784880993.799869061,1143,11.430000181,6.194639013,-0.972268879,1.200000000,-0.170374718
0,286,1784880993.799869061,1144,11.440000181,6.200614938,-0.972017540,1.200000000,-0.165369213
0,286,1784880993.799869061,1145,11.450000181,6.206595066,-0.971743370,1.200000000,-0.160357417
0,286,1784880993.799869061,1146,11.460000181,6.212579418,-0.971446402,1.200000000,-0.155339828
0,286,1784880993.799869061,1147,11.470000181,6.218568013,-0.971126671,1.200000000,-0.150316949
0,286,1784880993.799869061,1148,11.480000181,6.224560871,-0.970784216,1.200000000,-0.145289278
0,286,1784880993.799869061,1149,11.490000181,6.230558008,-0.970419075,1.200000000,-0.140257315
0,286,1784880993.799869061,1150,11.500000181,6.236559440,-0.970031287,1.200000000,-0.135221562
0,286,1784880993.799869061,1151,11.510000181,6.242565182,-0.969620894,1.200000000,-0.130182518
0,286,1784880993.799869061,1152,11.520000181,6.248575247,-0.969187941,1.200000000,-0.125140683
0,286,1784880993.799869061,1153,11.530000181,6.254589647,-0.968732471,1.200000000,-0.120096558
0,286,1784880993.799869061,1154,11.540000181,6.260608392,-0.968254532,1.200000000,-0.115050642
0,286,1784880993.799869061,1155,11.550000181,6.266631491,-0.967754170,1.200000000,-0.110003436
0,286,1784880993.799869061,1156,11.560000181,6.272658950,-0.967231436,1.200000000,-0.104955439
0,286,1784880993.799869061,1157,11.570000181,6.278690777,-0.966686382,1.200000000,-0.099907153
0,286,1784880993.799869061,1158,11.580000181,6.284726975,-0.966119059,1.200000000,-0.094859076
0,286,1784880993.799869061,1159,11.590000181,6.290767547,-0.965529521,1.200000000,-0.089811710
0,286,1784880993.799869061,1160,11.600000181,6.296812494,-0.964917826,1.200000000,-0.084765555
0,286,1784880993.799869061,1161,11.610000181,6.302861816,-0.964284030,1.200000000,-0.079721110
0,286,1784880993.799869061,1162,11.620000181,6.308915512,-0.963628192,1.200000000,-0.074678875
0,286,1784880993.799869061,1163,11.630000181,6.314973577,-0.962950372,1.200000000,-0.069639352
0,286,1784880993.799869061,1164,11.640000181,6.321036007,-0.962250634,1.200000000,-0.064603039
0,286,1784880993.799869061,1165,11.650000181,6.327102794,-0.961529039,1.200000000,-0.059570438
0,286,1784880993.799869061,1166,11.660000181,6.333173931,-0.960785655,1.200000000,-0.054542048
0,286,1784880993.799869061,1167,11.670000181,6.339249408,-0.960020547,1.200000000,-0.049518369
0,286,1784880993.799869061,1168,11.680000181,6.345329212,-0.959233783,1.200000000,-0.044499902
0,286,1784880993.799869061,1169,11.690000181,6.351413332,-0.958425434,1.200000000,-0.039487147
0,286,1784880993.799869061,1170,11.700000181,6.357501750,-0.957595571,1.200000000,-0.034480603
0,286,1784880993.799869061,1171,11.710000181,6.363594452,-0.956744266,1.200000000,-0.029480772
0,286,1784880993.799869061,1172,11.720000181,6.369691418,-0.955871594,1.200000000,-0.024488152
0,286,1784880993.799869061,1173,11.730000181,6.375792629,-0.954977632,1.200000000,-0.019503245
0,286,1784880993.799869061,1174,11.740000181,6.381898063,-0.954062456,1.200000000,-0.014526550
0,286,1784880993.799869061,1175,11.750000181,6.388007695,-0.953126146,1.200000000,-0.009558568
0,286,1784880993.799869061,1176,11.760000181,6.394121502,-0.952168782,1.200000000,-0.004599799
0,286,1784880993.799869061,1177,11.770000181,6.400239456,-0.951190445,1.200000000,0.000349257
0,286,1784880993.799869061,1178,11.780000181,6.406361527,-0.950191221,1.200000000,0.005288101
0,286,1784880993.799869061,1179,11.790000181,6.412487687,-0.949171192,1.200000000,0.010216231
0,286,1784880993.799869061,1180,11.800000181,6.418617902,-0.948130447,1.200000000,0.015133148
0,286,1784880993.799869061,1181,11.810000181,6.424752138,-0.947069072,1.200000000,0.020038352
0,286,1784880993.799869061,1182,11.820000181,6.430890360,-0.945987157,1.200000000,0.024931429
0,286,1784880993.799869061,1183,11.830000181,6.437032530,-0.944884793,1.200000000,0.029812216
0,286,1784880993.799869061,1184,11.840000181,6.443178609,-0.943762072,1.200000000,0.034680592
0,286,1784880993.799869061,1185,11.850000181,6.449328557,-0.942619089,1.200000000,0.039536434
0,286,1784880993.799869061,1186,11.860000181,6.455482329,-0.941455937,1.200000000,0.044379624
0,286,1784880993.799869061,1187,11.870000181,6.461639882,-0.940272714,1.200000000,0.049210039
0,286,1784880993.799869061,1188,11.880000181,6.467801169,-0.939069517,1.200000000,0.054027559
0,286,1784880993.799869061,1189,11.890000181,6.473966143,-0.937846447,1.200000000,0.058832062
0,286,1784880993.799869061,1190,11.900000181,6.480134753,-0.936603603,1.200000000,0.063623429
0,286,1784880993.799869061,1191,11.910000181,6.486306948,-0.935341087,1.200000000,0.068401537
0,286,1784880993.799869061,1192,11.920000181,6.492482675,-0.934059004,1.200000000,0.073166267
0,286,1784880993.799869061,1193,11.930000181,6.498661878,-0.932757458,1.200000000,0.077917497
0,286,1784880993.799869061,1194,11.940000181,6.504844501,-0.931436555,1.200000000,0.082655106
0,286,1784880993.799869061,1195,11.950000181,6.511030486,-0.930096403,1.200000000,0.087378974
0,286,1784880993.799869061,1196,11.960000181,6.517219772,-0.928737110,1.200000000,0.092088979
0,286,1784880993.799869061,1197,11.970000181,6.523412298,-0.927358787,1.200000000,0.096785001
0,286,1784880993.799869061,1198,11.980000181,6.529607999,-0.925961545,1.200000000,0.101466919
0,286,1784880993.799869061,1199,11.990000181,6.535806811,-0.924545496,1.200000000,0.106134611
0,286,1784880993.799869061,1200,12.000000181,6.542008667,-0.923110755,1.200000000,0.110787957
0,286,1784880993.799869061,1201,12.010000181,6.548213498,-0.921657437,1.200000000,0.115426836
0,286,1784880993.799869061,1202,12.020000181,6.554421234,-0.920185658,1.200000000,0.120051127
0,286,1784880993.799869061,1203,12.030000181,6.560631802,-0.918695535,1.200000000,0.124660709
0,286,1784880993.799869061,1204,12.040000181,6.566845131,-0.917187189,1.200000000,0.129255462
0,286,1784880993.799869061,1205,12.050000181,6.573061143,-0.915660738,1.200000000,0.133835263
0,286,1784880993.799869061,1206,12.060000181,6.579279764,-0.914116304,1.200000000,0.138399994
0,286,1784880993.799869061,1207,12.070000181,6.585500914,-0.912554009,1.200000000,0.142949531
0,286,1784880993.799869061,1208,12.080000181,6.591724513,-0.910973976,1.200000000,0.147483755
0,286,1784880993.799869061,1209,12.090000181,6.597950480,-0.909376332,1.200000000,0.152002545
0,286,1784880993.799869061,1210,12.100000181,6.604178733,-0.907761200,1.200000000,0.156505780
0,286,1784880993.799869061,1211,12.110000181,6.610409186,-0.906128708,1.200000000,0.160993339
0,286,1784880993.799869061,1212,12.120000181,6.616641754,-0.904478983,1.200000000,0.165465100
0,286,1784880993.799869061,1213,12.130000181,6.622876349,-0.902812156,1.200000000,0.169920944
0,286,1784880993.799869061,1214,12.140000181,6.629112882,-0.901128355,1.200000000,0.174360748
0,286,1784880993.799869061,1215,12.150000181,6.635351263,-0.899427712,1.200000000,0.178784393
0,286,1784880993.799869061,1216,12.160000181,6.641591401,-0.897710359,1.200000000,0.183191757
0,286,1784880993.799869061,1217,12.170000181,6.647833201,-0.895976428,1.200000000,0.187582720
0,286,1784880993.799869061,1218,12.180000181,6.654076569,-0.894226054,1.200000000,0.191957160
0,286,1784880993.799869061,1219,12.190000181,6.660321410,-0.892459372,1.200000000,0.196314957
0,286,1784880993.799869061,1220,12.200000181,6.666567626,-0.890676518,1.200000000,0.200655989
0,286,1784880993.799869061,1221,12.210000181,6.672815118,-0.888877628,1.200000000,0.204980136
0,286,1784880993.799869061,1222,12.220000181,6.679063786,-0.887062840,1.200000000,0.209287277
0,286,1784880993.799869061,1223,12.230000181,6.685313529,-0.885232293,1.200000000,0.213577291
0,286,1784880993.799869061,1224,12.240000181,6.691564246,-0.883386126,1.200000000,0.217850057
0,286,1784880993.799869061,1225,12.250000181,6.697815830,-0.881524479,1.200000000,0.222105454
0,286,1784880993.799869061,1226,12.260000181,6.704068179,-0.879647494,1.200000000,0.226343362
0,286,1784880993.799869061,1227,12.270000181,6.710321186,-0.877755312,1.200000000,0.230563658
0,286,1784880993.799869061,1228,12.280000181,6.716574743,-0.875848077,1.200000000,0.234766223
0,286,1784880993.799869061,1229,12.290000181,6.722828742,-0.873925930,1.200000000,0.238950936
0,286,1784880993.799869061,1230,12.300000181,6.729083074,-0.871989018,1.200000000,0.243117675
0,286,1784880993.799869061,1231,12.310000181,6.735337628,-0.870037484,1.200000000,0.247266320
0,286,1784880993.799869061,1232,12.320000181,6.741592291,-0.868071474,1.200000000,0.251396750
0,286,1784880993.799869061,1233,12.330000181,6.747846953,-0.866091135,1.200000000,0.255508843
0,286,1784880993.799869061,1234,12.340000181,6.754101498,-0.864096613,1.200000000,0.259602480
0,286,1784880993.799869061,1235,12.350000181,6.760355812,-0.862088056,1.200000000,0.263677538
0,286,1784880993.799869061,1236,12.360000181,6.766609779,-0.860065613,1.200000000,0.267733898
0,286,1784880993.799869061,1237,12.370000181,6.772863283,-0.858029432,1.200000000,0.271771437
0,286,1784880993.799869061,1238,12.380000181,6.779116206,-0.855979662,1.200000000,0.275790037
0,286,1784880993.799869061,1239,12.390000181,6.785368430,-0.853916453,1.200000000,0.279789574
0,286,1784880993.799869061,1240,12.400000181,6.791619836,-0.851839957,1.200000000,0.283769929
0,286,1784880993.799869061,1241,12.410000181,6.797870303,-0.849750323,1.200000000,0.287730981
0,286,1784880993.799869061,1242,12.420000181,6.804119711,-0.847647704,1.200000000,0.291672608
0,286,1784880993.799869061,1243,12.430000181,6.810367938,-0.845532251,1.200000000,0.295594690
0,286,1784880993.799869061,1244,12.440000181,6.816614861,-0.843404117,1.200000000,0.299497106
0,286,1784880993.799869061,1245,12.450000181,6.822860359,-0.841263454,1.200000000,0.303379735
0,286,1784880993.799869061,1246,12.460000181,6.829104306,-0.839110417,1.200000000,0.307242456
0,286,1784880993.799869061,1247,12.470000181,6.835346579,-0.836945158,1.200000000,0.311085148
0,286,1784880993.799869061,1248,12.480000181,6.841587053,-0.834767831,1.200000000,0.314907691
0,286,1784880993.799869061,1249,12.490000181,6.847825602,-0.832578592,1.200000000,0.318709962
0,286,1784880993.799869061,1250,12.500000181,6.854062100,-0.830377594,1.200000000,0.322491842
0,286,1784880993.799869061,1251,12.510000181,6.860296420,-0.828164993,1.200000000,0.326253210
0,286,1784880993.799869061,1252,12.520000181,6.866528436,-0.825940944,1.200000000,0.329993944
0,286,1784880993.799869061,1253,12.530000181,6.872758020,-0.823705602,1.200000000,0.333713924
0,286,1784880993.799869061,1254,12.540000181,6.878985043,-0.821459123,1.200000000,0.337413029
0,286,1784880993.799869061,1255,12.550000181,6.885209378,-0.819201663,1.200000000,0.341091137
0,286,1784880993.799869061,1256,12.560000181,6.891430896,-0.816933378,1.200000000,0.344748129
0,286,1784880993.799869061,1257,12.570000181,6.897649467,-0.814654425,1.200000000,0.348383882
0,286,1784880993.799869061,1258,12.580000181,6.903864962,-0.812364960,1.200000000,0.351998277
0,286,1784880993.799869061,1259,12.590000181,6.910077252,-0.810065140,1.200000000,0.355591192
0,286,1784880993.799869061,1260,12.600000181,6.916286206,-0.807755121,1.200000000,0.359162506
0,286,1784880993.799869061,1261,12.610000181,6.922491695,-0.805435060,1.200000000,0.362712098
0,286,1784880993.799869061,1262,12.620000181,6.928693588,-0.803105114,1.200000000,0.366239848
0,286,1784880993.799869061,1263,12.630000181,6.934891755,-0.800765439,1.200000000,0.369745635
0,286,1784880993.799869061,1264,12.640000181,6.941086065,-0.798416194,1.200000000,0.373229338
0,286,1784880993.799869061,1265,12.650000181,6.947276387,-0.796057534,1.200000000,0.376690835
0,286,1784880993.799869061,1266,12.660000181,6.953462591,-0.793689617,1.200000000,0.380130006
0,286,1784880993.799869061,1267,12.670000181,6.959644546,-0.791312599,1.200000000,0.383546730
0,286,1784880993.799869061,1268,12.680000181,6.965822122,-0.788926637,1.200000000,0.386940886
0,286,1784880993.799869061,1269,12.690000181,6.971995187,-0.786531887,1.200000000,0.390312353
0,286,1784880993.799869061,1270,12.700000181,6.978163611,-0.784128507,1.200000000,0.393661010
0,286,1784880993.799869061,1271,12.710000181,6.984327264,-0.781716652,1.200000000,0.396986737
0,286,1784880993.799869061,1272,12.720000181,6.990486014,-0.779296480,1.200000000,0.400289412
0,286,1784880993.799869061,1273,12.730000181,6.996639733,-0.776868145,1.200000000,0.403568915
0,286,1784880993.799869061,1274,12.740000181,7.002788290,-0.774431804,1.200000000,0.406825124
0,286,1784880993.799869061,1275,12.750000181,7.008931555,-0.771987612,1.200000000,0.410057919
0,286,1784880993.799869061,1276,12.760000181,7.015069398,-0.769535725,1.200000000,0.413267179
0,286,1784880993.799869061,1277,12.770000181,7.021201691,-0.767076298,1.200000000,0.416452782
0,286,1784880993.799869061,1278,12.780000181,7.027328305,-0.764609486,1.200000000,0.419614609
0,286,1784880993.799869061,1279,12.790000181,7.033449111,-0.762135443,1.200000000,0.422752537
0,286,1784880993.799869061,1280,12.800000181,7.039563981,-0.759654324,1.200000000,0.425866447
0,286,1784880993.799869061,1281,12.810000181,7.045672787,-0.757166282,1.200000000,0.428956217
0,286,1784880993.799869061,1282,12.820000181,7.051775402,-0.754671471,1.200000000,0.432021726
0,286,1784880993.799869061,1283,12.830000181,7.057871699,-0.752170044,1.200000000,0.435062854
0,286,1784880993.799869061,1284,12.840000181,7.063961552,-0.749662154,1.200000000,0.438079479
0,286,1784880993.799869061,1285,12.850000181,7.070044835,-0.747147952,1.200000000,0.441071481
0,286,1784880993.799869061,1286,12.860000181,7.076121424,-0.744627592,1.200000000,0.444038738
0,286,1784880993.799869061,1287,12.870000181,7.082191192,-0.742101223,1.200000000,0.446981131
0,286,1784880993.799869061,1288,12.880000181,7.088254017,-0.739568998,1.200000000,0.449898537
0,286,1784880993.799869061,1289,12.890000181,7.094309775,-0.737031065,1.200000000,0.452790836
0,286,1784880993.799869061,1290,12.900000181,7.100358344,-0.734487576,1.200000000,0.455657907
0,286,1784880993.799869061,1291,12.910000181,7.106399602,-0.731938680,1.200000000,0.458499629
0,286,1784880993.799869061,1292,12.920000181,7.112433427,-0.729384524,1.200000000,0.461315882
0,286,1784880993.799869061,1293,12.930000181,7.118459699,-0.726825258,1.200000000,0.464106544
0,286,1784880993.799869061,1294,12.940000181,7.124478299,-0.724261028,1.200000000,0.466871494
0,286,1784880993.799869061,1295,12.950000181,7.130489108,-0.721691982,1.200000000,0.469610612
0,286,1784880993.799869061,1296,12.960000181,7.136492008,-0.719118266,1.200000000,0.472323776
0,286,1784880993.799869061,1297,12.970000181,7.142486882,-0.716540025,1.200000000,0.475010866
0,286,1784880993.799869061,1298,12.980000181,7.148473615,-0.713957404,1.200000000,0.477671761
0,286,1784880993.799869061,1299,12.990000181,7.154452090,-0.711370548,1.200000000,0.480306340
0,286,1784880993.799869061,1300,13.000000181,7.160422194,-0.708779600,1.200000000,0.482914482
0,286,1784880993.799869061,1301,13.010000181,7.166383813,-0.706184702,1.200000000,0.485496065
0,286,1784880993.799869061,1302,13.020000181,7.172336836,-0.703585997,1.200000000,0.488050970
0,286,1784880993.799869061,1303,13.030000181,7.178281152,-0.700983625,1.200000000,0.490579075
0,286,1784880993.799869061,1304,13.040000181,7.184216650,-0.698377728,1.200000000,0.493080260
0,286,1784880993.799869061,1305,13.050000181,7.190143222,-0.695768445,1.200000000,0.495554403
0,286,1784880993.799869061,1306,13.060000181,7.196060759,-0.693155914,1.200000000,0.498001383
0,286,1784880993.799869061,1307,13.070000181,7.201969156,-0.690540274,1.200000000,0.500421080
0,286,1784880993.799869061,1308,13.080000181,7.207868306,-0.687921662,1.200000000,0.502813373
0,286,1784880993.799869061,1309,13.090000181,7.213758105,-0.685300213,1.200000000,0.505178140
0,286,1784880993.799869061,1310,13.100000181,7.219638451,-0.682676064,1.200000000,0.507515261
0,286,1784880993.799869061,1311,13.110000181,7.225509241,-0.680049348,1.200000000,0.509824616
0,286,1784880993.799869061,1312,13.120000181,7.231370376,-0.677420200,1.200000000,0.512106082
0,286,1784880993.799869061,1313,13.130000181,7.237221755,-0.674788751,1.200000000,0.514359539
0,286,1784880993.799869061,1314,13.140000181,7.243063281,-0.672155134,1.200000000,0.516584867
0,286,1784880993.799869061,1315,13.150000181,7.248894857,-0.669519478,1.200000000,0.518781944
0,286,1784880993.799869061,1316,13.160000181,7.254716388,-0.666881914,1.200000000,0.520950650
0,286,1784880993.799869061,1317,13.170000181,7.260527780,-0.664242571,1.200000000,0.523090863
0,286,1784880993.799869061,1318,13.180000181,7.266328940,-0.661601576,1.200000000,0.525202462
0,286,1784880993.799869061,1319,13.190000181,7.272119778,-0.658959055,1.200000000,0.527285328
0,286,1784880993.799869061,1320,13.200000181,7.277900203,-0.656315135,1.200000000,0.529339338
0,286,1784880993.799869061,1321,13.210000181,7.283670128,-0.653669940,1.200000000,0.531364372
0,286,1784880993.799869061,1322,13.220000181,7.289429466,-0.651023594,1.200000000,0.533360308
0,286,1784880993.799869061,1323,13.230000181,7.295178131,-0.648376218,1.200000000,0.535327027
0,286,1784880993.799869061,1324,13.240000181,7.300916040,-0.645727935,1.200000000,0.537264407
0,286,1784880993.799869061,1325,13.250000181,7.306643110,-0.643078865,1.200000000,0.539172328
0,286,1784880993.799869061,1326,13.260000181,7.312359261,-0.640429126,1.200000000,0.541050667
0,286,1784880993.799869061,1327,13.270000181,7.318064414,-0.637778837,1.200000000,0.542899306
0,286,1784880993.799869061,1328,13.280000181,7.323758491,-0.635128116,1.200000000,0.544718121
0,286,1784880993.799869061,1329,13.290000181,7.329441415,-0.632477077,1.200000000,0.546506993
0,286,1784880993.799869061,1330,13.300000181,7.335113113,-0.629825835,1.200000000,0.548265801
0,286,1784880993.799869061,1331,13.310000181,7.340773511,-0.627174504,1.200000000,0.549994424
0,286,1784880993.799869061,1332,13.320000181,7.346422539,-0.624523196,1.200000000,0.551692741
0,286,1784880993.799869061,1333,13.330000181,7.352060127,-0.621872022,1.200000000,0.553360630
0,286,1784880993.799869061,1334,13.340000181,7.357686206,-0.619221092,1.200000000,0.554997972
0,286,1784880993.799869061,1335,13.350000181,7.363300711,-0.616570516,1.200000000,0.556604644
0,286,1784880993.799869061,1336,13.360000181,7.368903577,-0.613920400,1.200000000,0.558180527
0,286,1784880993.799869061,1337,13.370000181,7.374494741,-0.611270850,1.200000000,0.559725500
0,286,1784880993.799869061,1338,13.380000181,7.380074141,-0.608621973,1.200000000,0.561239441
0,286,1784880993.799869061,1339,13.390000181,7.385641718,-0.605973872,1.200000000,0.562722229
0,286,1784880993.799869061,1340,13.400000181,7.391197414,-0.603326649,1.200000000,0.564173744
0,286,1784880993.799869061,1341,13.410000181,7.396741173,-0.600680406,1.200000000,0.565593864
0,286,1784880993.799869061,1342,13.420000181,7.402272940,-0.598035244,1.200000000,0.566982470
0,286,1784880993.799869061,1343,13.430000181,7.407792663,-0.595391260,1.200000000,0.568339439
0,286,1784880993.799869061,1344,13.440000181,7.413300290,-0.592748553,1.200000000,0.569664651
0,286,1784880993.799869061,1345,13.450000181,7.418795772,-0.590107220,1.200000000,0.570957985
0,286,1784880993.799869061,1346,13.460000181,7.424279061,-0.587467354,1.200000000,0.572219321
0,286,1784880993.799869061,1347,13.470000181,7.429750111,-0.584829051,1.200000000,0.573448536
0,286,1784880993.799869061,1348,13.480000181,7.435208879,-0.582192403,1.200000000,0.574645511
0,286,1784880993.799869061,1349,13.490000181,7.440655322,-0.579557501,1.200000000,0.575810125
0,286,1784880993.799869061,1350,13.500000181,7.446089398,-0.576924435,1.200000000,0.576942256
0,286,1784880993.799869061,1351,13.510000181,7.451511069,-0.574293295,1.200000000,0.578041783
0,286,1784880993.799869061,1352,13.520000181,7.456920298,-0.571664166,1.200000000,0.579108586
0,286,1784880993.799869061,1353,13.530000181,7.462317049,-0.569037137,1.200000000,0.580142544
0,286,1784880993.799869061,1354,13.540000181,7.467701288,-0.566412291,1.200000000,0.581143536
0,286,1784880993.799869061,1355,13.550000181,7.473072984,-0.563789712,1.200000000,0.582111441
0,286,1784880993.799869061,1356,13.560000181,7.478432105,-0.561169483,1.200000000,0.583046138
0,286,1784880993.799869061,1357,13.570000181,7.483778622,-0.558551685,1.200000000,0.583947506
0,286,1784880993.799869061,1358,13.580000181,7.489112510,-0.555936397,1.200000000,0.584815424
0,286,1784880993.799869061,1359,13.590000181,7.494433742,-0.553323698,1.200000000,0.585649772
0,286,1784880993.799869061,1360,13.600000181,7.499742296,-0.550713665,1.200000000,0.586450428
0,286,1784880993.799869061,1361,13.610000181,7.505038148,-0.548106375,1.200000000,0.587217272
0,286,1784880993.799869061,1362,13.620000181,7.510321279,-0.545501901,1.200000000,0.587950182
0,286,1784880993.799869061,1363,13.630000181,7.515591670,-0.542900317,1.200000000,0.588649038
0,286,1784880993.799869061,1364,13.640000181,7.520849305,-0.540301696,1.200000000,0.589313718
0,286,1784880993.799869061,1365,13.650000181,7.526094167,-0.537706108,1.200000000,0.589944103
0,286,1784880993.799869061,1366,13.660000181,7.531326243,-0.535113623,1.200000000,0.590540071
0,286,1784880993.799869061,1367,13.670000181,7.536545521,-0.532524309,1.200000000,0.591101500
0,286,1784880993.799869061,1368,13.680000181,7.541751990,-0.529938233,1.200000000,0.591628271
0,286,1784880993.799869061,1369,13.690000181,7.546945642,-0.527355462,1.200000000,0.592120262
0,286,1784880993.799869061,1370,13.700000181,7.552126468,-0.524776059,1.200000000,0.592577352
0,286,1784880993.799869061,1371,13.710000181,7.557294464,-0.522200088,1.200000000,0.592999421
0,286,1784880993.799869061,1372,13.720000181,7.562449625,-0.519627611,1.200000000,0.593386347
0,286,1784880993.799869061,1373,13.730000181,7.567591947,-0.517058689,1.200000000,0.593738010
0,286,1784880993.799869061,1374,13.740000181,7.572721430,-0.514493383,1.200000000,0.594054289
0,286,1784880993.799869061,1375,13.750000181,7.577838074,-0.511931749,1.200000000,0.594335062
0,286,1784880993.799869061,1376,13.760000181,7.582941880,-0.509373847,1.200000000,0.594580210
0,286,1784880993.799869061,1377,13.770000181,7.588032851,-0.506819731,1.200000000,0.594789610
0,286,1784880993.799869061,1378,13.780000181,7.593110991,-0.504269458,1.200000000,0.594963142
0,286,1784880993.799869061,1379,13.790000181,7.598176307,-0.501723080,1.200000000,0.595100686
0,286,1784880993.799869061,1380,13.800000181,7.603228805,-0.499180652,1.200000000,0.595202119
0,286,1784880993.799869061,1381,13.810000181,7.608268494,-0.496642223,1.200000000,0.595267322
0,286,1784880993.799869061,1382,13.820000181,7.613295382,-0.494107845,1.200000000,0.595296174
0,286,1784880993.799869061,1383,13.830000181,7.618309482,-0.491577567,1.200000000,0.595288553
0,286,1784880993.799869061,1384,13.840000181,7.623310805,-0.489051437,1.200000000,0.595244338
0,286,1784880993.799869061,1385,13.850000181,7.628299364,-0.486529503,1.200000000,0.595163410
0,286,1784880993.799869061,1386,13.860000181,7.633275173,-0.484011810,1.200000000,0.595045646
0,286,1784880993.799869061,1387,13.870000181,7.638238249,-0.481498405,1.200000000,0.594890926
0,286,1784880993.799869061,1388,13.880000181,7.643188608,-0.478989330,1.200000000,0.594699129
0,286,1784880993.799869061,1389,13.890000181,7.648126267,-0.476484629,1.200000000,0.594470134
0,286,1784880993.799869061,1390,13.900000181,7.653051246,-0.473984345,1.200000000,0.594203820
0,286,1784880993.799869061,1391,13.910000181,7.657963563,-0.471488517,1.200000000,0.593900066
0,286,1784880993.799869061,1392,13.920000181,7.662863240,-0.468997187,1.200000000,0.593558752
0,286,1784880993.799869061,1393,13.930000181,7.667750297,-0.466510394,1.200000000,0.593179756
0,286,1784880993.799869061,1394,13.940000181,7.672624757,-0.464028176,1.200000000,0.592762958
0,286,1784880993.799869061,1395,13.950000181,7.677486644,-0.461550570,1.200000000,0.592308237
0,286,1784880993.799869061,1396,13.960000181,7.682335980,-0.459077613,1.200000000,0.591815471
0,286,1784880993.799869061,1397,13.970000181,7.687172791,-0.456609341,1.200000000,0.591284539
0,286,1784880993.799869061,1398,13.980000181,7.691997101,-0.454145789,1.200000000,0.590715322
0,286,1784880993.799869061,1399,13.990000181,7.696808937,-0.451686990,1.200000000,0.590107698
0,286,1784880993.799869061,1400,14.000000181,7.701608324,-0.449232979,1.200000000,0.589461546
0,286,1784880993.799869061,1401,14.010000181,7.706395290,-0.446783787,1.200000000,0.588776745
0,286,1784880993.799869061,1402,14.020000181,7.711169863,-0.444339447,1.200000000,0.588053174
0,286,1784880993.799869061,1403,14.030000181,7.715932069,-0.441899990,1.200000000,0.587290712
0,286,1784880993.799869061,1404,14.040000181,7.720681937,-0.439465445,1.200000000,0.586489239
0,286,1784880993.799869061,1405,14.050000181,7.725419495,-0.437035844,1.200000000,0.585648634
0,286,1784880993.799869061,1406,14.060000181,7.730144772,-0.434611215,1.200000000,0.584768775
0,286,1784880993.799869061,1407,14.070000181,7.734857797,-0.432191587,1.200000000,0.583849542
0,286,1784880993.799869061,1408,14.080000181,7.739558599,-0.429776988,1.200000000,0.582890813
0,286,1784880993.799869061,1409,14.090000181,7.744247206,-0.427367446,1.200000000,0.581892469
0,286,1784880993.799869061,1410,14.100000181,7.748923648,-0.424962987,1.200000000,0.580854387
0,286,1784880993.799869061,1411,14.110000181,7.753587953,-0.422563638,1.200000000,0.579776448
0,286,1784880993.799869061,1412,14.120000181,7.758240151,-0.420169426,1.200000000,0.578658529
0,286,1784880993.799869061,1413,14.130000181,7.762880270,-0.417780376,1.200000000,0.577500511
0,286,1784880993.799869061,1414,14.140000181,7.767508338,-0.415396513,1.200000000,0.576302273
0,286,1784880993.799869061,1415,14.150000181,7.772124384,-0.413017863,1.200000000,0.575063692
0,286,1784880993.799869061,1416,14.160000181,7.776728434,-0.410644451,1.200000000,0.573784650
0,286,1784880993.799869061,1417,14.170000181,7.781320517,-0.408276300,1.200000000,0.572465023
0,286,1784880993.799869061,1418,14.180000181,7.785900658,-0.405913436,1.200000000,0.571104693
0,286,1784880993.799869061,1419,14.190000181,7.790468883,-0.403555882,1.200000000,0.569703537
0,286,1784880993.799869061,1420,14.200000181,7.795025218,-0.401203662,1.200000000,0.568261436
0,286,1784880993.799869061,1421,14.210000181,7.799569688,-0.398856800,1.200000000,0.566778267
0,286,1784880993.799869061,1422,14.220000181,7.804102315,-0.396515321,1.200000000,0.565253910
0,286,1784880993.799869061,1423,14.230000181,7.808623123,-0.394179247,1.200000000,0.563688245
0,286,1784880993.799869061,1424,14.240000181,7.813132132,-0.391848602,1.200000000,0.562081149
0,286,1784880993.799869061,1425,14.250000181,7.817629365,-0.389523411,1.200000000,0.560432503
0,286,1784880993.799869061,1426,14.260000181,7.822114839,-0.387203697,1.200000000,0.558742186
0,286,1784880993.799869061,1427,14.270000181,7.826588574,-0.384889484,1.200000000,0.557010076
0,286,1784880993.799869061,1428,14.280000181,7.831050585,-0.382580797,1.200000000,0.555236053
0,286,1784880993.799869061,1429,14.290000181,7.835500888,-0.380277660,1.200000000,0.553419995
0,286,1784880993.799869061,1430,14.300000181,7.839939497,-0.377980098,1.200000000,0.551561782
0,286,1784880993.799869061,1431,14.310000181,7.844366423,-0.375688136,1.200000000,0.549661293
0,286,1784880993.799869061,1432,14.320000181,7.848781678,-0.373401799,1.200000000,0.547718407
0,286,1784880993.799869061,1433,14.330000181,7.853185270,-0.371121114,1.200000000,0.545733003
0,286,1784880993.799869061,1434,14.340000181,7.857577205,-0.368846106,1.200000000,0.543704961
0,286,1784880993.799869061,1435,14.350000181,7.861957488,-0.366576803,1.200000000,0.541634158
0,286,1784880993.799869061,1436,14.360000181,7.866326121,-0.364313232,1.200000000,0.539520475
0,286,1784880993.799869061,1437,14.370000181,7.870683104,-0.362055422,1.200000000,0.537363790
0,286,1784880993.799869061,1438,14.380000181,7.875028437,-0.359803400,1.200000000,0.535163983
0,286,1784880993.799869061,1439,14.390000181,7.879362113,-0.357557196,1.200000000,0.532920932
0,286,1784880993.799869061,1440,14.400000181,7.883684126,-0.355316841,1.200000000,0.530634518
0,286,1784880993.799869061,1441,14.410000181,7.887994467,-0.353082366,1.200000000,0.528304618
0,286,1784880993.799869061,1442,14.420000181,7.892293123,-0.350853803,1.200000000,0.525931111
0,286,1784880993.799869061,1443,14.430000181,7.896580078,-0.348631184,1.200000000,0.523513878
0,286,1784880993.799869061,1444,14.440000181,7.900855314,-0.346414544,1.200000000,0.521052797
0,286,1784880993.799869061,1445,14.450000181,7.905118811,-0.344203918,1.200000000,0.518547747
0,286,1784880993.799869061,1446,14.460000181,7.909370543,-0.341999342,1.200000000,0.515998608
0,286,1784880993.799869061,1447,14.470000181,7.913610482,-0.339800852,1.200000000,0.513405257
0,286,1784880993.799869061,1448,14.480000181,7.917838598,-0.337608489,1.200000000,0.510767575
0,286,1784880993.799869061,1449,14.490000181,7.922054855,-0.335422292,1.200000000,0.508085441
0,286,1784880993.799869061,1450,14.500000181,7.926259215,-0.333242301,1.200000000,0.505358733
0,286,1784880993.799869061,1451,14.510000181,7.930451635,-0.331068560,1.200000000,0.502587331
0,286,1784880993.799869061,1452,14.520000181,7.934632070,-0.328901113,1.200000000,0.499771114
0,286,1784880993.799869061,1453,14.530000181,7.938800468,-0.326740006,1.200000000,0.496909961
0,286,1784880993.799869061,1454,14.540000181,7.942956775,-0.324585285,1.200000000,0.494003750
0,286,1784880993.799869061,1455,14.550000181,7.947100932,-0.322437001,1.200000000,0.491052362
0,286,1784880993.799869061,1456,14.560000181,7.951232876,-0.320295204,1.200000000,0.488055675
0,286,1784880993.799869061,1457,14.570000181,7.955352539,-0.318159947,1.200000000,0.485013568
0,286,1784880993.799869061,1458,14.580000181,7.959459848,-0.316031284,1.200000000,0.481925921
0,286,1784880993.799869061,1459,14.590000181,7.963554725,-0.313909273,1.200000000,0.478792612
0,286,1784880993.799869061,1460,14.600000181,7.967637089,-0.311793970,1.200000000,0.475613520
0,286,1784880993.799869061,1461,14.610000181,7.971706850,-0.309685439,1.200000000,0.472388525
0,286,1784880993.799869061,1462,14.620000181,7.975763917,-0.307583740,1.200000000,0.469117506
0,286,1784880993.799869061,1463,14.630000181,7.979808191,-0.305488941,1.200000000,0.465800342
0,286,1784880993.799869061,1464,14.640000181,7.983839568,-0.303401107,1.200000000,0.462436911
0,286,1784880993.799869061,1465,14.650000181,7.987857937,-0.301320310,1.200000000,0.459027094
0,286,1784880993.799869061,1466,14.660000181,7.991863184,-0.299246622,1.200000000,0.455570768
0,286,1784880993.799869061,1467,14.670000181,7.995855186,-0.297180118,1.200000000,0.452067814
0,286,1784880993.799869061,1468,14.680000181,7.999833817,-0.295120875,1.200000000,0.448518110
0,286,1784880993.799869061,1469,14.690000181,8.003798940,-0.293068974,1.200000000,0.444921535
0,286,1784880993.799869061,1470,14.700000181,8.007750416,-0.291024499,1.200000000,0.441277969
0,286,1784880993.799869061,1471,14.710000181,8.011688098,-0.288987535,1.200000000,0.437587290
0,286,1784880993.799869061,1472,14.720000181,8.015611830,-0.286958173,1.200000000,0.433849378
0,286,1784880993.799869061,1473,14.730000181,8.019521452,-0.284936503,1.200000000,0.430064112
0,286,1784880993.799869061,1474,14.740000181,8.023416795,-0.282922623,1.200000000,0.426231370
0,286,1784880993.799869061,1475,14.750000181,8.027297684,-0.280916629,1.200000000,0.422351033
0,286,1784880993.799869061,1476,14.760000181,8.031163935,-0.278918625,1.200000000,0.418422978
0,286,1784880993.799869061,1477,14.770000181,8.035015357,-0.276928716,1.200000000,0.414447085
0,286,1784880993.799869061,1478,14.780000181,8.038851752,-0.274947010,1.200000000,0.410423234
0,286,1784880993.799869061,1479,14.790000181,8.042672913,-0.272973621,1.200000000,0.406351303
0,286,1784880993.799869061,1480,14.800000181,8.046478624,-0.271008664,1.200000000,0.402231171
0,286,1784880993.799869061,1481,14.810000181,8.050268662,-0.269052260,1.200000000,0.398062718
0,286,1784880993.799869061,1482,14.820000181,8.054042796,-0.267104533,1.200000000,0.393845822
0,286,1784880993.799869061,1483,14.830000181,8.057800785,-0.265165610,1.200000000,0.389580363
0,286,1784880993.799869061,1484,14.840000181,8.061542378,-0.263235623,1.200000000,0.385266219
0,286,1784880993.799869061,1485,14.850000181,8.065267318,-0.261314709,1.200000000,0.380903278
0,286,1784880993.799869061,1486,14.860000181,8.068975336,-0.259403007,1.200000000,0.376492160
0,286,1784880993.799869061,1487,14.870000181,8.072666155,-0.257500663,1.200000000,0.372034818
0,286,1784880993.799869061,1488,14.880000181,8.076339487,-0.255607827,1.200000000,0.367533348
0,286,1784880993.799869061,1489,14.890000181,8.079995036,-0.253724650,1.200000000,0.362989846
0,286,1784880993.799869061,1490,14.900000181,8.083632494,-0.251851293,1.200000000,0.358406408
0,286,1784880993.799869061,1491,14.910000181,8.087251543,-0.249987918,1.200000000,0.353785129
0,286,1784880993.799869061,1492,14.920000181,8.090851856,-0.248134693,1.200000000,0.349128104
0,286,1784880993.799869061,1493,14.930000181,8.094433094,-0.246291792,1.200000000,0.344437429
0,286,1784880993.799869061,1494,14.940000181,8.097994908,-0.244459391,1.200000000,0.339715200
0,286,1784880993.799869061,1495,14.950000181,8.101536938,-0.242637676,1.200000000,0.334963512
0,286,1784880993.799869061,1496,14.960000181,8.105058812,-0.240826833,1.200000000,0.330184460
0,286,1784880993.799869061,1497,14.970000181,8.108560147,-0.239027056,1.200000000,0.325380141
0,286,1784880993.799869061,1498,14.980000181,8.112040550,-0.237238545,1.200000000,0.320552650
0,286,1784880993.799869061,1499,14.990000181,8.115499614,-0.235461503,1.200000000,0.315704083
0,286,1784880993.799869061,1500,15.000000181,8.118936924,-0.233696141,1.200000000,0.310836534
0,286,1784880993.799869061,1501,15.010000181,8.122352050,-0.231942673,1.200000000,0.305952101
0,286,1784880993.799869061,1502,15.020000181,8.125744553,-0.230201320,1.200000000,0.301052877
0,286,1784880993.799869061,1503,15.030000181,8.129113979,-0.228472309,1.200000000,0.296140959
0,286,1784880993.799869061,1504,15.040000181,8.132459866,-0.226755871,1.200000000,0.291218442
0,286,1784880993.799869061,1505,15.050000181,8.135781738,-0.225052243,1.200000000,0.286287422
0,286,1784880993.799869061,1506,15.060000181,8.139079108,-0.223361669,1.200000000,0.281349995
0,286,1784880993.799869061,1507,15.070000181,8.142351478,-0.221684395,1.200000000,0.276408255
0,286,1784880993.799869061,1508,15.080000181,8.145598338,-0.220020677,1.200000000,0.271464299
0,286,1784880993.799869061,1509,15.090000181,8.148819167,-0.218370772,1.200000000,0.266520223
0,286,1784880993.799869061,1510,15.100000181,8.152013432,-0.216734946,1.200000000,0.261578120
0,286,1784880993.799869061,1511,15.110000181,8.155180590,-0.215113466,1.200000000,0.256640089
0,286,1784880993.799869061,1512,15.120000181,8.158320087,-0.213506608,1.200000000,0.251708222
0,286,1784880993.799869061,1513,15.130000181,8.161431360,-0.211914650,1.200000000,0.246784618
0,286,1784880993.799869061,1514,15.140000181,8.164513834,-0.210337877,1.200000000,0.241871370
0,286,1784880993.799869061,1515,15.150000181,8.167566925,-0.208776576,1.200000000,0.236970575
0,286,1784880993.799869061,1516,15.160000181,8.170590041,-0.207231041,1.200000000,0.232084328
0,286,1784880993.799869061,1517,15.170000181,8.173582579,-0.205701569,1.200000000,0.227214724
0,286,1784880993.799869061,1518,15.180000181,8.176543930,-0.204188460,1.200000000,0.222363860
0,286,1784880993.799869061,1519,15.190000181,8.179473475,-0.202692018,1.200000000,0.217533830
0,286,1784880993.799869061,1520,15.200000181,8.182370590,-0.201212552,1.200000000,0.212726731
0,286,1784880993.799869061,1521,15.210000181,8.185234643,-0.199750371,1.200000000,0.207944657
0,286,1784880993.799869061,1522,15.220000181,8.188064998,-0.198305789,1.200000000,0.203189705
0,286,1784880993.799869061,1523,15.230000181,8.190861011,-0.196879121,1.200000000,0.198463970
0,286,1784880993.799869061,1524,15.240000181,8.193622038,-0.195470685,1.200000000,0.193769548
0,286,1784880993.799869061,1525,15.250000181,8.196347427,-0.194080799,1.200000000,0.189108534
0,286,1784880993.799869061,1526,15.260000181,8.199036528,-0.192709782,1.200000000,0.184483023
0,286,1784880993.799869061,1527,15.270000181,8.201688686,-0.191357956,1.200000000,0.179895112
0,286,1784880993.799869061,1528,15.280000181,8.204303249,-0.190025640,1.200000000,0.175346896
0,286,1784880993.799869061,1529,15.290000181,8.206879563,-0.188713153,1.200000000,0.170840470
0,286,1784880993.799869061,1530,15.300000181,8.209416978,-0.187420813,1.200000000,0.166377930
0,286,1784880993.799869061,1531,15.310000181,8.211914845,-0.186148937,1.200000000,0.161961371
0,286,1784880993.799869061,1532,15.320000181,8.214372523,-0.184897839,1.200000000,0.157592890
0,286,1784880993.799869061,1533,15.330000181,8.216789373,-0.183667828,1.200000000,0.153274581
0,286,1784880993.799869061,1534,15.340000181,8.219164767,-0.182459213,1.200000000,0.149008540
0,286,1784880993.799869061,1535,15.350000181,8.221498083,-0.181272294,1.200000000,0.144796864
0,286,1784880993.799869061,1536,15.360000181,8.223788712,-0.180107368,1.200000000,0.140641646
0,286,1784880993.799869061,1537,15.370000181,8.226036056,-0.178964726,1.200000000,0.136544984
0,286,1784880993.799869061,1538,15.380000181,8.228239531,-0.177844649,1.200000000,0.132508796
0,286,1784880993.799869061,1539,15.390000181,8.230398569,-0.176747415,1.200000000,0.128533673
0,286,1784880993.799869061,1540,15.400000181,8.232512622,-0.175673286,1.200000000,0.124619594
0,286,1784880993.799869061,1541,15.410000181,8.234581157,-0.174622520,1.200000000,0.120766534
0,286,1784880993.799869061,1542,15.420000181,8.236603668,-0.173595362,1.200000000,0.116974471
0,286,1784880993.799869061,1543,15.430000181,8.238579671,-0.172592042,1.200000000,0.113243381
0,286,1784880993.799869061,1544,15.440000181,8.240508707,-0.171612780,1.200000000,0.109573240
0,286,1784880993.799869061,1545,15.450000181,8.242390347,-0.170657781,1.200000000,0.105964024
0,286,1784880993.799869061,1546,15.460000181,8.244224192,-0.169727234,1.200000000,0.102415710
0,286,1784880993.799869061,1547,15.470000181,8.246009876,-0.168821312,1.200000000,0.098928274
0,286,1784880993.799869061,1548,15.480000181,8.247747067,-0.167940170,1.200000000,0.095501693
0,286,1784880993.799869061,1549,15.490000181,8.249435474,-0.167083944,1.200000000,0.092135942
0,286,1784880993.799869061,1550,15.500000181,8.251074840,-0.166252749,1.200000000,0.088830998
0,286,1784880993.799869061,1551,15.510000181,8.252664954,-0.165446683,1.200000000,0.085586837
0,286,1784880993.799869061,1552,15.520000181,8.254205647,-0.164665818,1.200000000,0.082403436
0,286,1784880993.799869061,1553,15.530000181,8.255696795,-0.163910205,1.200000000,0.079280771
0,286,1784880993.799869061,1554,15.540000181,8.257138323,-0.163179869,1.200000000,0.076218818
0,286,1784880993.799869061,1555,15.550000181,8.258530207,-0.162474813,1.200000000,0.073217554
0,286,1784880993.799869061,1556,15.560000181,8.259872471,-0.161795013,1.200000000,0.070276954
0,286,1784880993.799869061,1557,15.570000181,8.261165196,-0.161140416,1.200000000,0.067396996
0,286,1784880993.799869061,1558,15.580000181,8.262408515,-0.160510944,1.200000000,0.064577656
0,286,1784880993.799869061,1559,15.590000181,8.263602620,-0.159906490,1.200000000,0.061818909
0,286,1784880993.799869061,1560,15.600000181,8.264747760,-0.159326919,1.200000000,0.059120732
0,286,1784880993.799869061,1561,15.610000181,8.265844243,-0.158772064,1.200000000,0.056483103
0,286,1784880993.799869061,1562,15.620000181,8.266892436,-0.158241729,1.200000000,0.053905995
0,286,1784880993.799869061,1563,15.630000181,8.267892770,-0.157735688,1.200000000,0.051389387
0,286,1784880993.799869061,1564,15.640000181,8.268845735,-0.157253684,1.200000000,0.048933255
0,286,1784880993.799869061,1565,15.650000181,8.269751886,-0.156795427,1.200000000,0.046537574
0,286,1784880993.799869061,1566,15.660000181,8.270611840,-0.156360597,1.200000000,0.044202322
0,286,1784880993.799869061,1567,15.670000181,8.271426278,-0.155948842,1.200000000,0.041927474
0,286,1784880993.799869061,1568,15.680000181,8.272195942,-0.155559779,1.200000000,0.039713006
0,286,1784880993.799869061,1569,15.690000181,8.272921641,-0.155192991,1.200000000,0.037558896
0,286,1784880993.799869061,1570,15.700000181,8.273604242,-0.154848034,1.200000000,0.035465119
0,286,1784880993.799869061,1571,15.710000181,8.274244677,-0.154524429,1.200000000,0.033431652
0,286,1784880993.799869061,1572,15.720000181,8.274843938,-0.154221668,1.200000000,0.031458471
0,286,1784880993.799869061,1573,15.730000181,8.275403077,-0.153939216,1.200000000,0.029545553
0,286,1784880993.799869061,1574,15.740000181,8.275923204,-0.153676503,1.200000000,0.027692873
0,286,1784880993.799869061,1575,15.750000181,8.276405485,-0.153432937,1.200000000,0.025900408
0,286,1784880993.799869061,1576,15.760000181,8.276851140,-0.153207895,1.200000000,0.024168134
0,286,1784880993.799869061,1577,15.770000181,8.277261444,-0.153000730,1.200000000,0.022496028
0,286,1784880993.799869061,1578,15.780000181,8.277637717,-0.152810769,1.200000000,0.020884067
0,286,1784880993.799869061,1579,15.790000181,8.277981328,-0.152637318,1.200000000,0.019332225
0,286,1784880993.799869061,1580,15.800000181,8.278293688,-0.152479659,1.200000000,0.017840480
0,286,1784880993.799869061,1581,15.810000181,8.278576249,-0.152337058,1.200000000,0.016408808
0,286,1784880993.799869061,1582,15.820000181,8.278830495,-0.152208760,1.200000000,0.015037185
0,286,1784880993.799869061,1583,15.830000181,8.279057942,-0.152093997,1.200000000,0.013725588
0,286,1784880993.799869061,1584,15.840000181,8.279260134,-0.151991989,1.200000000,0.012473993
0,286,1784880993.799869061,1585,15.850000181,8.279438632,-0.151901943,1.200000000,0.011282376
0,286,1784880993.799869061,1586,15.860000181,8.279595015,-0.151823062,1.200000000,0.010150713
0,286,1784880993.799869061,1587,15.870000181,8.279730869,-0.151754542,1.200000000,0.009078982
0,286,1784880993.799869061,1588,15.880000181,8.279847785,-0.151695580,1.200000000,0.008067157
0,286,1784880993.799869061,1589,15.890000181,8.279947347,-0.151645374,1.200000000,0.007115216
0,286,1784880993.799869061,1590,15.900000181,8.280031128,-0.151603130,1.200000000,0.006223135
0,286,1784880993.799869061,1591,15.910000181,8.280100684,-0.151568062,1.200000000,0.005390890
0,286,1784880993.799869061,1592,15.920000181,8.280157539,-0.151539399,1.200000000,0.004618458
0,286,1784880993.799869061,1593,15.930000181,8.280203186,-0.151516390,1.200000000,0.003905814
0,286,1784880993.799869061,1594,15.940000181,8.280239067,-0.151498304,1.200000000,0.003252936
0,286,1784880993.799869061,1595,15.950000181,8.280266572,-0.151484442,1.200000000,0.002659799
0,286,1784880993.799869061,1596,15.960000181,8.280287025,-0.151474134,1.200000000,0.002126379
0,286,1784880993.799869061,1597,15.970000181,8.280301674,-0.151466752,1.200000000,0.001652654
0,286,1784880993.799869061,1598,15.980000181,8.280311678,-0.151461712,1.200000000,0.001238600
0,286,1784880993.799869061,1599,15.990000181,8.280318097,-0.151458478,1.200000000,0.000884191
0,286,1784880993.799869061,1600,16.000000181,8.280321881,-0.151456571,1.200000000,0.000589406
0,286,1784880993.799869061,1601,16.010000181,8.280323855,-0.151455577,1.200000000,0.000354221
0,286,1784880993.799869061,1602,16.020000181,8.280324704,-0.151455149,1.200000000,0.000178611
0,286,1784880993.799869061,1603,16.030000181,8.280324963,-0.151455019,1.200000000,0.000062553
0,286,1784880993.799869061,1604,16.040000181,8.280325000,-0.151455000,1.200000000,0.000006023
0,286,1784880993.799869061,1605,16.044499944,8.280325000,-0.151455000,1.200000000,-0.000000000
