stamp,elapsed,x,y,z,yaw
1784881099.182408094,0.000000139,-0.261959000,-0.006230000,1.200000000,-0.039639000
1784881099.192408085,0.010000139,-0.261958995,-0.006229999,1.200000000,-0.039642139
1784881099.202408075,0.020000139,-0.261958920,-0.006229987,1.200000000,-0.039651432
1784881099.212408066,0.030000139,-0.261958602,-0.006229936,1.200000000,-0.039666691
1784881099.222408056,0.040000139,-0.261957756,-0.006229799,1.200000000,-0.039687728
1784881099.232408047,0.050000139,-0.261955999,-0.006229516,1.200000000,-0.039714356
1784881099.242408037,0.060000139,-0.261952852,-0.006229008,1.200000000,-0.039746387
1784881099.252408028,0.070000139,-0.261947748,-0.006228184,1.200000000,-0.039783632
1784881099.262408018,0.080000139,-0.261940035,-0.006226939,1.200000000,-0.039825906
1784881099.272408009,0.090000139,-0.261928988,-0.006225157,1.200000000,-0.039873019
1784881099.282407999,0.100000139,-0.261913810,-0.006222708,1.200000000,-0.039924784
1784881099.292407990,0.110000139,-0.261893639,-0.006219455,1.200000000,-0.039981014
1784881099.302407980,0.120000139,-0.261867554,-0.006215249,1.200000000,-0.040041520
1784881099.312407970,0.130000139,-0.261834579,-0.006209932,1.200000000,-0.040106116
1784881099.322407961,0.140000139,-0.261793689,-0.006203341,1.200000000,-0.040174612
1784881099.332407951,0.150000139,-0.261743816,-0.006195302,1.200000000,-0.040246823
1784881099.342407942,0.160000139,-0.261683849,-0.006185639,1.200000000,-0.040322560
1784881099.352407932,0.170000139,-0.261612647,-0.006174168,1.200000000,-0.040401635
1784881099.362407923,0.180000139,-0.261529033,-0.006160699,1.200000000,-0.040483861
1784881099.372407913,0.190000139,-0.261431807,-0.006145041,1.200000000,-0.040569049
1784881099.382407904,0.200000139,-0.261319746,-0.006126998,1.200000000,-0.040657013
1784881099.392407894,0.210000139,-0.261191607,-0.006106369,1.200000000,-0.040747565
1784881099.402407885,0.220000139,-0.261046134,-0.006082956,1.200000000,-0.040840516
1784881099.412408113,0.230000139,-0.260882060,-0.006056554,1.200000000,-0.040935680
1784881099.422408104,0.240000139,-0.260698107,-0.006026959,1.200000000,-0.041032868
1784881099.432408094,0.250000139,-0.260492997,-0.005993969,1.200000000,-0.041131894
1784881099.442408085,0.260000139,-0.260265447,-0.005957377,1.200000000,-0.041232568
1784881099.452408075,0.270000139,-0.260014177,-0.005916980,1.200000000,-0.041334704
1784881099.462408066,0.280000139,-0.259737913,-0.005872575,1.200000000,-0.041438114
1784881099.472408056,0.290000139,-0.259435384,-0.005823960,1.200000000,-0.041542610
1784881099.482408047,0.300000139,-0.259105334,-0.005770935,1.200000000,-0.041648004
1784881099.492408037,0.310000139,-0.258746514,-0.005713303,1.200000000,-0.041754109
1784881099.502408028,0.320000139,-0.258357694,-0.005650868,1.200000000,-0.041860738
1784881099.512408018,0.330000139,-0.257937657,-0.005583438,1.200000000,-0.041967701
1784881099.522408009,0.340000139,-0.257485207,-0.005510824,1.200000000,-0.042074813
1784881099.532407999,0.350000139,-0.256999168,-0.005432839,1.200000000,-0.042181884
1784881099.542407990,0.360000139,-0.256478386,-0.005349303,1.200000000,-0.042288728
1784881099.552407980,0.370000139,-0.255921731,-0.005260038,1.200000000,-0.042395156
1784881099.562407970,0.380000139,-0.255328099,-0.005164870,1.200000000,-0.042500982
1784881099.572407961,0.390000139,-0.254696414,-0.005063631,1.200000000,-0.042606017
1784881099.582407951,0.400000139,-0.254025628,-0.004956157,1.200000000,-0.042710073
1784881099.592407942,0.410000139,-0.253314721,-0.004842288,1.200000000,-0.042812964
1784881099.602407932,0.420000139,-0.252562706,-0.004721873,1.200000000,-0.042914500
1784881099.612407923,0.430000139,-0.251768627,-0.004594762,1.200000000,-0.043014495
1784881099.622407913,0.440000139,-0.250931561,-0.004460812,1.200000000,-0.043112761
1784881099.632407904,0.450000139,-0.250050620,-0.004319887,1.200000000,-0.043209111
1784881099.642407894,0.460000139,-0.249124947,-0.004171856,1.200000000,-0.043303356
1784881099.652407885,0.470000139,-0.248153724,-0.004016592,1.200000000,-0.043395308
1784881099.662408113,0.480000139,-0.247136167,-0.003853978,1.200000000,-0.043484781
1784881099.672408104,0.490000139,-0.246071527,-0.003683898,1.200000000,-0.043571586
1784881099.682408094,0.500000139,-0.244959093,-0.003506247,1.200000000,-0.043655537
1784881099.692408085,0.510000139,-0.243798191,-0.003320924,1.200000000,-0.043736444
1784881099.702408075,0.520000139,-0.242588183,-0.003127833,1.200000000,-0.043814120
1784881099.712408066,0.530000139,-0.241328469,-0.002926886,1.200000000,-0.043888379
1784881099.722408056,0.540000139,-0.240018486,-0.002718001,1.200000000,-0.043959031
1784881099.732408047,0.550000139,-0.238657710,-0.002501101,1.200000000,-0.044025890
1784881099.742408037,0.560000139,-0.237245650,-0.002276118,1.200000000,-0.044088768
1784881099.752408028,0.570000139,-0.235781858,-0.002042987,1.200000000,-0.044147476
1784881099.762408018,0.580000139,-0.234265919,-0.001801652,1.200000000,-0.044201828
1784881099.772408009,0.590000139,-0.232697455,-0.001552061,1.200000000,-0.044251635
1784881099.782407999,0.600000139,-0.231076126,-0.001294169,1.200000000,-0.044296711
1784881099.792407990,0.610000139,-0.229401628,-0.001027937,1.200000000,-0.044336866
1784881099.802407980,0.620000139,-0.227673692,-0.000753332,1.200000000,-0.044371915
1784881099.812407970,0.630000139,-0.225892085,-0.000470327,1.200000000,-0.044401668
1784881099.822407961,0.640000139,-0.224056608,-0.000178900,1.200000000,-0.044425938
1784881099.832407951,0.650000139,-0.222167096,0.000120963,1.200000000,-0.044444538
1784881099.842407942,0.660000139,-0.220223420,0.000429273,1.200000000,-0.044457280
1784881099.852407932,0.670000139,-0.218225481,0.000746034,1.200000000,-0.044463976
1784881099.862407923,0.680000139,-0.216173214,0.001071246,1.200000000,-0.044464438
1784881099.872407913,0.690000139,-0.214066587,0.001404901,1.200000000,-0.044458480
1784881099.882407904,0.700000139,-0.211905596,0.001746988,1.200000000,-0.044445912
1784881099.892407894,0.710000139,-0.209690270,0.002097490,1.200000000,-0.044426548
1784881099.902407885,0.720000139,-0.207420666,0.002456386,1.200000000,-0.044400199
1784881099.912408113,0.730000139,-0.205096870,0.002823650,1.200000000,-0.044366679
1784881099.922408104,0.740000139,-0.202718996,0.003199250,1.200000000,-0.044325799
1784881099.932408094,0.750000139,-0.200287185,0.003583151,1.200000000,-0.044277372
1784881099.942408085,0.760000139,-0.197801605,0.003975313,1.200000000,-0.044221209
1784881099.952408075,0.770000139,-0.195262447,0.004375691,1.200000000,-0.044157124
1784881099.962408066,0.780000139,-0.192669929,0.004784237,1.200000000,-0.044084929
1784881099.972408056,0.790000139,-0.190024292,0.005200898,1.200000000,-0.044004436
1784881099.982408047,0.800000139,-0.187325799,0.005625620,1.200000000,-0.043915457
1784881099.992408037,0.810000139,-0.184574735,0.006058340,1.200000000,-0.043817804
1784881100.002408028,0.820000139,-0.181771406,0.006498998,1.200000000,-0.043711290
1784881100.012408018,0.830000139,-0.178916139,0.006947524,1.200000000,-0.043595728
1784881100.022408009,0.840000139,-0.176009278,0.007403851,1.200000000,-0.043470929
1784881100.032407999,0.850000139,-0.173051189,0.007867904,1.200000000,-0.043336707
1784881100.042407990,0.860000139,-0.170042251,0.008339607,1.200000000,-0.043192967
1784881100.052407980,0.870000139,-0.166982863,0.008818882,1.200000000,-0.043039806
1784881100.062407970,0.880000139,-0.163873439,0.009305648,1.200000000,-0.042877343
1784881100.072407961,0.890000139,-0.160714408,0.009799819,1.200000000,-0.042705696
1784881100.082407951,0.900000139,-0.157506212,0.010301310,1.200000000,-0.042524985
1784881100.092407942,0.910000139,-0.154249308,0.010810033,1.200000000,-0.042335329
1784881100.102407932,0.920000139,-0.150944165,0.011325895,1.200000000,-0.042136847
1784881100.112407923,0.930000139,-0.147591264,0.011848805,1.200000000,-0.041929659
1784881100.122407913,0.940000139,-0.144191098,0.012378667,1.200000000,-0.041713883
1784881100.132407904,0.950000139,-0.140744170,0.012915386,1.200000000,-0.041489638
1784881100.142407894,0.960000139,-0.137250992,0.013458862,1.200000000,-0.041257044
1784881100.152407885,0.970000139,-0.133712086,0.014008996,1.200000000,-0.041016220
1784881100.162408113,0.980000139,-0.130127982,0.014565688,1.200000000,-0.040767285
1784881100.172408104,0.990000139,-0.126499220,0.015128833,1.200000000,-0.040510358
1784881100.182408094,1.000000139,-0.122826343,0.015698329,1.200000000,-0.040245558
1784881100.192408085,1.010000139,-0.119109904,0.016274071,1.200000000,-0.039973004
1784881100.202408075,1.020000139,-0.115350461,0.016855953,1.200000000,-0.039692816
1784881100.212408066,1.030000139,-0.111548576,0.017443868,1.200000000,-0.039405112
1784881100.222408056,1.040000139,-0.107704819,0.018037710,1.200000000,-0.039110012
1784881100.232408047,1.050000139,-0.103819760,0.018637368,1.200000000,-0.038807635
1784881100.242408037,1.060000139,-0.099893977,0.019242735,1.200000000,-0.038498100
1784881100.252408028,1.070000139,-0.095928047,0.019853702,1.200000000,-0.038181526
1784881100.262408018,1.080000139,-0.091922553,0.020470158,1.200000000,-0.037858032
1784881100.272408009,1.090000139,-0.087878078,0.021091993,1.200000000,-0.037527737
1784881100.282407999,1.100000139,-0.083795207,0.021719097,1.200000000,-0.037190761
1784881100.292407990,1.110000139,-0.079674527,0.022351360,1.200000000,-0.036847222
1784881100.302407980,1.120000139,-0.075516624,0.022988670,1.200000000,-0.036497240
1784881100.312407970,1.130000139,-0.071322085,0.023630918,1.200000000,-0.036140934
1784881100.322407961,1.140000139,-0.067091498,0.024277991,1.200000000,-0.035778422
1784881100.332407951,1.150000139,-0.062825448,0.024929781,1.200000000,-0.035409825
1784881100.342407942,1.160000139,-0.058524520,0.025586177,1.200000000,-0.035035261
1784881100.352407932,1.170000139,-0.054189298,0.026247069,1.200000000,-0.034654850
1784881100.362407923,1.180000139,-0.049820362,0.026912347,1.200000000,-0.034268709
1784881100.372407913,1.190000139,-0.045418292,0.027581902,1.200000000,-0.033876960
1784881100.382407904,1.200000139,-0.040983665,0.028255626,1.200000000,-0.033479720
1784881100.392407894,1.210000139,-0.036517053,0.028933410,1.200000000,-0.033077109
1784881100.402407885,1.220000139,-0.032019026,0.029615148,1.200000000,-0.032669246
1784881100.412408113,1.230000139,-0.027490151,0.030300731,1.200000000,-0.032256250
1784881100.422408104,1.240000139,-0.022930989,0.030990054,1.200000000,-0.031838240
1784881100.432408094,1.250000139,-0.018342097,0.031683013,1.200000000,-0.031415336
1784881100.442408085,1.260000139,-0.013724030,0.032379502,1.200000000,-0.030987656
1784881100.452408075,1.270000139,-0.009077334,0.033079418,1.200000000,-0.030555319
1784881100.462408066,1.280000139,-0.004402552,0.033782658,1.200000000,-0.030118446
1784881100.472408056,1.290000139,0.000299778,0.034489121,1.200000000,-0.029677154
1784881100.482408047,1.300000139,0.005029127,0.035198707,1.200000000,-0.029231563
1784881100.492408037,1.310000139,0.009784967,0.035911315,1.200000000,-0.028781792
1784881100.502408028,1.320000139,0.014566782,0.036626849,1.200000000,-0.028327961
1784881100.512408018,1.330000139,0.019374058,0.037345210,1.200000000,-0.027870188
1784881100.522408009,1.340000139,0.024206289,0.038066303,1.200000000,-0.027408592
1784881100.532407999,1.350000139,0.029062978,0.038790033,1.200000000,-0.026943293
1784881100.542407990,1.360000139,0.033943633,0.039516307,1.200000000,-0.026474410
1784881100.552407980,1.370000139,0.038847770,0.040245033,1.200000000,-0.026002062
1784881100.562407970,1.380000139,0.043774911,0.040976121,1.200000000,-0.025526367
1784881100.572407961,1.390000139,0.048724589,0.041709480,1.200000000,-0.025047446
1784881100.582407951,1.400000139,0.053696343,0.042445025,1.200000000,-0.024565417
1784881100.592407942,1.410000139,0.058689719,0.043182668,1.200000000,-0.024080400
1784881100.602407932,1.420000139,0.063704272,0.043922324,1.200000000,-0.023592513
1784881100.612407923,1.430000139,0.068739567,0.044663910,1.200000000,-0.023101875
1784881100.622407913,1.440000139,0.073795174,0.045407345,1.200000000,-0.022608607
1784881100.632407904,1.450000139,0.078870674,0.046152549,1.200000000,-0.022112826
1784881100.642407894,1.460000139,0.083965657,0.046899442,1.200000000,-0.021614652
1784881100.652407885,1.470000139,0.089079720,0.047647948,1.200000000,-0.021114205
1784881100.662408113,1.480000139,0.094212469,0.048397992,1.200000000,-0.020611602
1784881100.672408104,1.490000139,0.099363520,0.049149500,1.200000000,-0.020106964
1784881100.682408094,1.500000139,0.104532498,0.049902400,1.200000000,-0.019600410
1784881100.692408085,1.510000139,0.109719035,0.050656622,1.200000000,-0.019092058
1784881100.702408075,1.520000139,0.114922775,0.051412096,1.200000000,-0.018582028
1784881100.712408066,1.530000139,0.120143368,0.052168757,1.200000000,-0.018070439
1784881100.722408056,1.540000139,0.125380477,0.052926539,1.200000000,-0.017557410
1784881100.732408047,1.550000139,0.130633771,0.053685378,1.200000000,-0.017043060
1784881100.742408037,1.560000139,0.135902928,0.054445213,1.200000000,-0.016527509
1784881100.752408028,1.570000139,0.141187639,0.055205984,1.200000000,-0.016010875
1784881100.762408018,1.580000139,0.146487600,0.055967633,1.200000000,-0.015493277
1784881100.772408009,1.590000139,0.151802520,0.056730103,1.200000000,-0.014974835
1784881100.782407999,1.600000139,0.157132113,0.057493339,1.200000000,-0.014455668
1784881100.792407990,1.610000139,0.162476106,0.058257290,1.200000000,-0.013935895
1784881100.802407980,1.620000139,0.167834235,0.059021902,1.200000000,-0.013415635
1784881100.812407970,1.630000139,0.173206242,0.059787128,1.200000000,-0.012895007
1784881100.822407961,1.640000139,0.178591881,0.060552919,1.200000000,-0.012374130
1784881100.832407951,1.650000139,0.183990916,0.061319230,1.200000000,-0.011853124
1784881100.842407942,1.660000139,0.189403117,0.062086016,1.200000000,-0.011332107
1784881100.852407932,1.670000139,0.194828266,0.062853235,1.200000000,-0.010811199
1784881100.862407923,1.680000139,0.200266152,0.063620848,1.200000000,-0.010290519
1784881100.872407913,1.690000139,0.205716574,0.064388814,1.200000000,-0.009770186
1784881100.882407904,1.700000139,0.211179339,0.065157097,1.200000000,-0.009250319
1784881100.892407894,1.710000139,0.216654265,0.065925661,1.200000000,-0.008731037
1784881100.902407885,1.720000139,0.222141177,0.066694474,1.200000000,-0.008212459
1784881100.912408113,1.730000139,0.227639908,0.067463502,1.200000000,-0.007694705
1784881100.922408104,1.740000139,0.233150301,0.068232717,1.200000000,-0.007177894
1784881100.932408094,1.750000139,0.238672208,0.069002089,1.200000000,-0.006662144
1784881100.942408085,1.760000139,0.244205488,0.069771592,1.200000000,-0.006147575
1784881100.952408075,1.770000139,0.249750009,0.070541200,1.200000000,-0.005634306
1784881100.962408066,1.780000139,0.255305646,0.071310891,1.200000000,-0.005122456
1784881100.972408056,1.790000139,0.260872285,0.072080642,1.200000000,-0.004612144
1784881100.982408047,1.800000139,0.266449818,0.072850434,1.200000000,-0.004103489
1784881100.992408037,1.810000139,0.272038144,0.073620247,1.200000000,-0.003596611
1784881101.002408028,1.820000139,0.277637172,0.074390065,1.200000000,-0.003091629
1784881101.012408018,1.830000139,0.283246818,0.075159873,1.200000000,-0.002588662
1784881101.022408009,1.840000139,0.288867003,0.075929657,1.200000000,-0.002087828
1784881101.032407999,1.850000139,0.294497659,0.076699404,1.200000000,-0.001589247
1784881101.042407990,1.860000139,0.300138724,0.077469104,1.200000000,-0.001093038
1784881101.052407980,1.870000139,0.305790143,0.078238748,1.200000000,-0.000599321
1784881101.062407970,1.880000139,0.311451867,0.079008328,1.200000000,-0.000108214
1784881101.072407961,1.890000139,0.317123854,0.079777838,1.200000000,0.000380164
1784881101.082407951,1.900000139,0.322806072,0.080547273,1.200000000,0.000865693
1784881101.092407942,1.910000139,0.328498490,0.081316629,1.200000000,0.001348254
1784881101.102407932,1.920000139,0.334201088,0.082085906,1.200000000,0.001827728
1784881101.112407923,1.930000139,0.339913850,0.082855101,1.200000000,0.002303997
1784881101.122407913,1.940000139,0.345636767,0.083624216,1.200000000,0.002776940
1784881101.132407904,1.950000139,0.351369835,0.084393254,1.200000000,0.003246439
1784881101.142407894,1.960000139,0.357113057,0.085162217,1.200000000,0.003712375
1784881101.152407885,1.970000139,0.362866439,0.085931110,1.200000000,0.004174628
1784881101.162408113,1.980000139,0.368629997,0.086699939,1.200000000,0.004633079
1784881101.172408104,1.990000139,0.374403747,0.087468711,1.200000000,0.005087610
1784881101.182408094,2.000000139,0.380187714,0.088237436,1.200000000,0.005538101
1784881101.192408085,2.010000139,0.385981926,0.089006121,1.200000000,0.005984433
1784881101.202408075,2.020000139,0.391786416,0.089774778,1.200000000,0.006426486
1784881101.212408066,2.030000139,0.397601223,0.090543419,1.200000000,0.006864143
1784881101.222408056,2.040000139,0.403426387,0.091312056,1.200000000,0.007297283
1784881101.232408047,2.050000139,0.409261956,0.092080704,1.200000000,0.007725787
1784881101.242408037,2.060000139,0.415107981,0.092849377,1.200000000,0.008149537
1784881101.252408028,2.070000139,0.420964514,0.093618092,1.200000000,0.008568413
1784881101.262408018,2.080000139,0.426831615,0.094386866,1.200000000,0.008982296
1784881101.272408009,2.090000139,0.432709344,0.095155716,1.200000000,0.009391067
1784881101.282407999,2.100000139,0.438597766,0.095924661,1.200000000,0.009794607
1784881101.292407990,2.110000139,0.444496950,0.096693721,1.200000000,0.010192797
1784881101.302407980,2.120000139,0.450406965,0.097462917,1.200000000,0.010585517
1784881101.312407970,2.130000139,0.456327887,0.098232269,1.200000000,0.010972649
1784881101.322407961,2.140000139,0.462259789,0.099001801,1.200000000,0.011354073
1784881101.332407951,2.150000139,0.468202753,0.099771535,1.200000000,0.011729670
1784881101.342407942,2.160000139,0.474156857,0.100541495,1.200000000,0.012099322
1784881101.352407932,2.170000139,0.480122185,0.101311705,1.200000000,0.012462908
1784881101.362407923,2.180000139,0.486098822,0.102082191,1.200000000,0.012820310
1784881101.372407913,2.190000139,0.492086854,0.102852977,1.200000000,0.013171409
1784881101.382407904,2.200000139,0.498086370,0.103624092,1.200000000,0.013516085
1784881101.392407894,2.210000139,0.504097457,0.104395560,1.200000000,0.013854220
1784881101.402407885,2.220000139,0.510120208,0.105167411,1.200000000,0.014185694
1784881101.412408113,2.230000139,0.516154713,0.105939672,1.200000000,0.014510389
1784881101.422408104,2.240000139,0.522201065,0.106712371,1.200000000,0.014828184
1784881101.432408094,2.250000139,0.528259356,0.107485538,1.200000000,0.015138961
1784881101.442408085,2.260000139,0.534329680,0.108259202,1.200000000,0.015442601
1784881101.452408075,2.270000139,0.540412131,0.109033392,1.200000000,0.015738985
1784881101.462408066,2.280000139,0.546506802,0.109808140,1.200000000,0.016027994
1784881101.472408056,2.290000139,0.552613788,0.110583475,1.200000000,0.016309507
1784881101.482408047,2.300000139,0.558733182,0.111359428,1.200000000,0.016583407
1784881101.492408037,2.310000139,0.564865077,0.112136031,1.200000000,0.016849575
1784881101.502408028,2.320000139,0.571009567,0.112913315,1.200000000,0.017107890
1784881101.512408018,2.330000139,0.577166744,0.113691312,1.200000000,0.017358234
1784881101.522408009,2.340000139,0.583336698,0.114470053,1.200000000,0.017600488
1784881101.532407999,2.350000139,0.589519521,0.115249571,1.200000000,0.017834533
1784881101.542407990,2.360000139,0.595715302,0.116029897,1.200000000,0.018060249
1784881101.552407980,2.370000139,0.601924129,0.116811064,1.200000000,0.018277517
1784881101.562407970,2.380000139,0.608146089,0.117593105,1.200000000,0.018486219
1784881101.572407961,2.390000139,0.614381267,0.118376051,1.200000000,0.018686235
1784881101.582407951,2.400000139,0.620629747,0.119159936,1.200000000,0.018877446
1784881101.592407942,2.410000139,0.626891610,0.119944791,1.200000000,0.019059733
1784881101.602407932,2.420000139,0.633166937,0.120730650,1.200000000,0.019232994
1784881101.612407923,2.430000139,0.639455806,0.121517544,1.200000000,0.019397267
1784881101.622407913,2.440000139,0.645758292,0.122305506,1.200000000,0.019552665
1784881101.632407904,2.450000139,0.652074469,0.123094568,1.200000000,0.019699300
1784881101.642407894,2.460000139,0.658404408,0.123884763,1.200000000,0.019837284
1784881101.652407885,2.470000139,0.664748179,0.124676122,1.200000000,0.019966729
1784881101.662408113,2.480000139,0.671105847,0.125468678,1.200000000,0.020087749
1784881101.672408104,2.490000139,0.677477476,0.126262461,1.200000000,0.020200454
1784881101.682408094,2.500000139,0.683863126,0.127057504,1.200000000,0.020304958
1784881101.692408085,2.510000139,0.690262856,0.127853838,1.200000000,0.020401372
1784881101.702408075,2.520000139,0.696676720,0.128651493,1.200000000,0.020489809
1784881101.712408066,2.530000139,0.703104771,0.129450501,1.200000000,0.020570381
1784881101.722408056,2.540000139,0.709547058,0.130250892,1.200000000,0.020643201
1784881101.732408047,2.550000139,0.716003626,0.131052696,1.200000000,0.020708380
1784881101.742408037,2.560000139,0.722474518,0.131855943,1.200000000,0.020766032
1784881101.752408028,2.570000139,0.728959773,0.132660662,1.200000000,0.020816267
1784881101.762408018,2.580000139,0.735459426,0.133466883,1.200000000,0.020859199
1784881101.772408009,2.590000139,0.741973511,0.134274633,1.200000000,0.020894940
1784881101.782407999,2.600000139,0.748502056,0.135083943,1.200000000,0.020923602
1784881101.792407990,2.610000139,0.755045086,0.135894838,1.200000000,0.020945297
1784881101.802407980,2.620000139,0.761602624,0.136707348,1.200000000,0.020960138
1784881101.812407970,2.630000139,0.768174686,0.137521499,1.200000000,0.020968237
1784881101.822407961,2.640000139,0.774761289,0.138337316,1.200000000,0.020969706
1784881101.832407951,2.650000139,0.781362441,0.139154828,1.200000000,0.020964657
1784881101.842407942,2.660000139,0.787978150,0.139974058,1.200000000,0.020953203
1784881101.852407932,2.670000139,0.794608420,0.140795033,1.200000000,0.020935456
1784881101.862407923,2.680000139,0.801253249,0.141617776,1.200000000,0.020911528
1784881101.872407913,2.690000139,0.807912632,0.142442311,1.200000000,0.020881532
1784881101.882407904,2.700000139,0.814586561,0.143268663,1.200000000,0.020845580
1784881101.892407894,2.710000139,0.821275024,0.144096853,1.200000000,0.020803783
1784881101.902407885,2.720000139,0.827978003,0.144926904,1.200000000,0.020756256
1784881101.912408113,2.730000139,0.834695479,0.145758838,1.200000000,0.020703108
1784881101.922408104,2.740000139,0.841427427,0.146592676,1.200000000,0.020644454
1784881101.932408094,2.750000139,0.848173818,0.147428438,1.200000000,0.020580405
1784881101.942408085,2.760000139,0.854934621,0.148266144,1.200000000,0.020511073
1784881101.952408075,2.770000139,0.861709798,0.149105812,1.200000000,0.020436571
1784881101.962408066,2.780000139,0.868499309,0.149947463,1.200000000,0.020357011
1784881101.972408056,2.790000139,0.875303110,0.150791112,1.200000000,0.020272505
1784881101.982408047,2.800000139,0.882121151,0.151636779,1.200000000,0.020183166
1784881101.992408037,2.810000139,0.888953382,0.152484478,1.200000000,0.020089106
1784881102.002408028,2.820000139,0.895799744,0.153334225,1.200000000,0.019990437
1784881102.012408018,2.830000139,0.902660177,0.154186037,1.200000000,0.019887271
1784881102.022408009,2.840000139,0.909534616,0.155039926,1.200000000,0.019779721
1784881102.032407999,2.850000139,0.916422994,0.155895907,1.200000000,0.019667899
1784881102.042407990,2.860000139,0.923325237,0.156753993,1.200000000,0.019551917
1784881102.052407980,2.870000139,0.930241269,0.157614195,1.200000000,0.019431887
1784881102.062407970,2.880000139,0.937171010,0.158476525,1.200000000,0.019307922
1784881102.072407961,2.890000139,0.944114375,0.159340993,1.200000000,0.019180135
1784881102.082407951,2.900000139,0.951071275,0.160207610,1.200000000,0.019048636
1784881102.092407942,2.910000139,0.958041619,0.161076384,1.200000000,0.018913540
1784881102.102407932,2.920000139,0.965025311,0.161947324,1.200000000,0.018774957
1784881102.112407923,2.930000139,0.972022251,0.162820437,1.200000000,0.018633000
1784881102.122407913,2.940000139,0.979032336,0.163695731,1.200000000,0.018487781
1784881102.132407904,2.950000139,0.986055457,0.164573210,1.200000000,0.018339414
1784881102.142407894,2.960000139,0.993091505,0.165452880,1.200000000,0.018188009
1784881102.152407885,2.970000139,1.000140364,0.166334745,1.200000000,0.018033679
1784881102.162408113,2.980000139,1.007201917,0.167218810,1.200000000,0.017876537
1784881102.172408104,2.990000139,1.014276041,0.168105075,1.200000000,0.017716695
1784881102.182408094,3.000000139,1.021362611,0.168993544,1.200000000,0.017554265
1784881102.192408085,3.010000139,1.028461497,0.169884218,1.200000000,0.017389359
1784881102.202408075,3.020000139,1.035572569,0.170777096,1.200000000,0.017222090
1784881102.212408066,3.030000139,1.042695690,0.171672178,1.200000000,0.017052570
1784881102.222408056,3.040000139,1.049830720,0.172569463,1.200000000,0.016880911
1784881102.232408047,3.050000139,1.056977518,0.173468948,1.200000000,0.016707225
1784881102.242408037,3.060000139,1.064135937,0.174370630,1.200000000,0.016531625
1784881102.252408028,3.070000139,1.071305830,0.175274505,1.200000000,0.016354223
1784881102.262408018,3.080000139,1.078487043,0.176180568,1.200000000,0.016175131
1784881102.272408009,3.090000139,1.085679423,0.177088814,1.200000000,0.015994462
1784881102.282407999,3.100000139,1.092882809,0.177999236,1.200000000,0.015812327
1784881102.292407990,3.110000139,1.100097043,0.178911827,1.200000000,0.015628840
1784881102.302407980,3.120000139,1.107321959,0.179826579,1.200000000,0.015444112
1784881102.312407970,3.130000139,1.114557391,0.180743482,1.200000000,0.015258256
1784881102.322407961,3.140000139,1.121803170,0.181662526,1.200000000,0.015071383
1784881102.332407951,3.150000139,1.129059122,0.182583701,1.200000000,0.014883607
1784881102.342407942,3.160000139,1.136325074,0.183506996,1.200000000,0.014695039
1784881102.352407932,3.170000139,1.143600847,0.184432397,1.200000000,0.014505792
1784881102.362407923,3.180000139,1.150886262,0.185359891,1.200000000,0.014315978
1784881102.372407913,3.190000139,1.158181135,0.186289464,1.200000000,0.014125710
1784881102.382407904,3.200000139,1.165485283,0.187221102,1.200000000,0.013935098
1784881102.392407894,3.210000139,1.172798519,0.188154787,1.200000000,0.013744257
1784881102.402407885,3.220000139,1.180120651,0.189090504,1.200000000,0.013553298
1784881102.412408113,3.230000139,1.187451491,0.190028235,1.200000000,0.013362333
1784881102.422408104,3.240000139,1.194790843,0.190967961,1.200000000,0.013171475
1784881102.432408094,3.250000139,1.202138511,0.191909663,1.200000000,0.012980836
1784881102.442408085,3.260000139,1.209494300,0.192853321,1.200000000,0.012790527
1784881102.452408075,3.270000139,1.216858009,0.193798914,1.200000000,0.012600663
1784881102.462408066,3.280000139,1.224229436,0.194746421,1.200000000,0.012411354
1784881102.472408056,3.290000139,1.231608380,0.195695817,1.200000000,0.012222713
1784881102.482408047,3.300000139,1.238994635,0.196647081,1.200000000,0.012034853
1784881102.492408037,3.310000139,1.246387996,0.197600187,1.200000000,0.011847885
1784881102.502408028,3.320000139,1.253788255,0.198555110,1.200000000,0.011661922
1784881102.512408018,3.330000139,1.261195204,0.199511825,1.200000000,0.011477076
1784881102.522408009,3.340000139,1.268608631,0.200470305,1.200000000,0.011293460
1784881102.532407999,3.350000139,1.276028325,0.201430521,1.200000000,0.011111185
1784881102.542407990,3.360000139,1.283454075,0.202392446,1.200000000,0.010930364
1784881102.552407980,3.370000139,1.290885666,0.203356051,1.200000000,0.010751110
1784881102.562407970,3.380000139,1.298322883,0.204321304,1.200000000,0.010573534
1784881102.572407961,3.390000139,1.305765512,0.205288176,1.200000000,0.010397748
1784881102.582407951,3.400000139,1.313213335,0.206256634,1.200000000,0.010223866
1784881102.592407942,3.410000139,1.320666135,0.207226646,1.200000000,0.010051999
1784881102.602407932,3.420000139,1.328123696,0.208198179,1.200000000,0.009882260
1784881102.612407923,3.430000139,1.335585797,0.209171199,1.200000000,0.009714761
1784881102.622407913,3.440000139,1.343052222,0.210145671,1.200000000,0.009549613
1784881102.632407904,3.450000139,1.350522749,0.211121559,1.200000000,0.009386931
1784881102.642407894,3.460000139,1.357997159,0.212098826,1.200000000,0.009226825
1784881102.652407885,3.470000139,1.365475233,0.213077437,1.200000000,0.009069408
1784881102.662408113,3.480000139,1.372956751,0.214057352,1.200000000,0.008914792
1784881102.672408104,3.490000139,1.380441492,0.215038532,1.200000000,0.008763089
1784881102.682408094,3.500000139,1.387929236,0.216020940,1.200000000,0.008614413
1784881102.692408085,3.510000139,1.395419762,0.217004533,1.200000000,0.008468875
1784881102.702408075,3.520000139,1.402912852,0.217989272,1.200000000,0.008326587
1784881102.712408066,3.530000139,1.410408284,0.218975115,1.200000000,0.008187661
1784881102.722408056,3.540000139,1.417905840,0.219962018,1.200000000,0.008052211
1784881102.732408047,3.550000139,1.425405300,0.220949940,1.200000000,0.007920348
1784881102.742408037,3.560000139,1.432906446,0.221938836,1.200000000,0.007792184
1784881102.752408028,3.570000139,1.440409060,0.222928661,1.200000000,0.007667832
1784881102.762408018,3.580000139,1.447912924,0.223919370,1.200000000,0.007547404
1784881102.772408009,3.590000139,1.455417821,0.224910918,1.200000000,0.007431012
1784881102.782407999,3.600000139,1.462923535,0.225903258,1.200000000,0.007318769
1784881102.792407990,3.610000139,1.470429851,0.226896341,1.200000000,0.007210786
1784881102.802407980,3.620000139,1.477936554,0.227890121,1.200000000,0.007107177
1784881102.812407970,3.630000139,1.485443432,0.228884548,1.200000000,0.007008053
1784881102.822407961,3.640000139,1.492950272,0.229879573,1.200000000,0.006913527
1784881102.832407951,3.650000139,1.500456863,0.230875146,1.200000000,0.006823710
1784881102.842407942,3.660000139,1.507962994,0.231871216,1.200000000,0.006738716
1784881102.852407932,3.670000139,1.515468458,0.232867732,1.200000000,0.006658657
1784881102.862407923,3.680000139,1.522973046,0.233864641,1.200000000,0.006583644
1784881102.872407913,3.690000139,1.530476553,0.234861892,1.200000000,0.006513790
1784881102.882407904,3.700000139,1.537978774,0.235859430,1.200000000,0.006449208
1784881102.892407894,3.710000139,1.545479507,0.236857203,1.200000000,0.006390009
1784881102.902407885,3.720000139,1.552978551,0.237855154,1.200000000,0.006336306
1784881102.912408113,3.730000139,1.560475704,0.238853230,1.200000000,0.006288211
1784881102.922408104,3.740000139,1.567970770,0.239851375,1.200000000,0.006245836
1784881102.932408094,3.750000139,1.575463553,0.240849531,1.200000000,0.006209295
1784881102.942408085,3.760000139,1.582953858,0.241847643,1.200000000,0.006178698
1784881102.952408075,3.770000139,1.590441492,0.242845653,1.200000000,0.006154158
1784881102.962408066,3.780000139,1.597926266,0.243843502,1.200000000,0.006135788
1784881102.972408056,3.790000139,1.605407991,0.244841132,1.200000000,0.006123700
1784881102.982408047,3.800000139,1.612886481,0.245838485,1.200000000,0.006118005
1784881102.992408037,3.810000139,1.620361551,0.246835499,1.200000000,0.006118818
1784881103.002408028,3.820000139,1.627833020,0.247832116,1.200000000,0.006126248
1784881103.012408018,3.830000139,1.635300708,0.248828273,1.200000000,0.006140410
1784881103.022408009,3.840000139,1.642764438,0.249823910,1.200000000,0.006161414
1784881103.032407999,3.850000139,1.650224033,0.250818965,1.200000000,0.006189309
1784881103.042407990,3.860000139,1.657679322,0.251813375,1.200000000,0.006223959
1784881103.052407980,3.870000139,1.665130135,0.252807078,1.200000000,0.006265201
1784881103.062407970,3.880000139,1.672576302,0.253800010,1.200000000,0.006312872
1784881103.072407961,3.890000139,1.680017660,0.254792108,1.200000000,0.006366808
1784881103.082407951,3.900000139,1.687454045,0.255783306,1.200000000,0.006426844
1784881103.092407942,3.910000139,1.694885297,0.256773540,1.200000000,0.006492817
1784881103.102407932,3.920000139,1.702311258,0.257762745,1.200000000,0.006564563
1784881103.112407923,3.930000139,1.709731773,0.258750855,1.200000000,0.006641918
1784881103.122407913,3.940000139,1.717146690,0.259737804,1.200000000,0.006724718
1784881103.132407904,3.950000139,1.724555859,0.260723525,1.200000000,0.006812799
1784881103.142407894,3.960000139,1.731959133,0.261707951,1.200000000,0.006905999
1784881103.152407885,3.970000139,1.739356369,0.262691014,1.200000000,0.007004151
1784881103.162408113,3.980000139,1.746747424,0.263672646,1.200000000,0.007107094
1784881103.172408104,3.990000139,1.754132161,0.264652780,1.200000000,0.007214662
1784881103.182408094,4.000000139,1.761510443,0.265631345,1.200000000,0.007326693
1784881103.192408085,4.010000139,1.768882138,0.266608274,1.200000000,0.007443021
1784881103.202408075,4.020000139,1.776247115,0.267583495,1.200000000,0.007563484
1784881103.212408066,4.030000139,1.783605248,0.268556940,1.200000000,0.007687918
1784881103.222408056,4.040000139,1.790956412,0.269528537,1.200000000,0.007816158
1784881103.232408047,4.050000139,1.798300486,0.270498217,1.200000000,0.007948041
1784881103.242408037,4.060000139,1.805637352,0.271465907,1.200000000,0.008083403
1784881103.252408028,4.070000139,1.812966895,0.272431536,1.200000000,0.008222080
1784881103.262408018,4.080000139,1.820289001,0.273395033,1.200000000,0.008363908
1784881103.272408009,4.090000139,1.827603561,0.274356325,1.200000000,0.008508723
1784881103.282407999,4.100000139,1.834910469,0.275315339,1.200000000,0.008656362
1784881103.292407990,4.110000139,1.842209622,0.276272003,1.200000000,0.008806661
1784881103.302407980,4.120000139,1.849500919,0.277226244,1.200000000,0.008959455
1784881103.312407970,4.130000139,1.856784262,0.278177987,1.200000000,0.009114581
1784881103.322407961,4.140000139,1.864059557,0.279127159,1.200000000,0.009271875
1784881103.332407951,4.150000139,1.871326712,0.280073685,1.200000000,0.009431173
1784881103.342407942,4.160000139,1.878585639,0.281017492,1.200000000,0.009592312
1784881103.352407932,4.170000139,1.885836252,0.281958504,1.200000000,0.009755127
1784881103.362407923,4.180000139,1.893078469,0.282896647,1.200000000,0.009919454
1784881103.372407913,4.190000139,1.900312210,0.283831844,1.200000000,0.010085130
1784881103.382407904,4.200000139,1.907537399,0.284764020,1.200000000,0.010251992
1784881103.392407894,4.210000139,1.914753963,0.285693100,1.200000000,0.010419874
1784881103.402407885,4.220000139,1.921961829,0.286619007,1.200000000,0.010588613
1784881103.412408113,4.230000139,1.929160932,0.287541665,1.200000000,0.010758045
1784881103.422408104,4.240000139,1.936351207,0.288460996,1.200000000,0.010928007
1784881103.432408094,4.250000139,1.943532591,0.289376925,1.200000000,0.011098335
1784881103.442408085,4.260000139,1.950705026,0.290289374,1.200000000,0.011268864
1784881103.452408075,4.270000139,1.957868456,0.291198265,1.200000000,0.011439431
1784881103.462408066,4.280000139,1.965022829,0.292103521,1.200000000,0.011609872
1784881103.472408056,4.290000139,1.972168095,0.293005065,1.200000000,0.011780023
1784881103.482408047,4.300000139,1.979304205,0.293902817,1.200000000,0.011949721
1784881103.492408037,4.310000139,1.986431118,0.294796701,1.200000000,0.012118800
1784881103.502408028,4.320000139,1.993548790,0.295686637,1.200000000,0.012287099
1784881103.512408018,4.330000139,2.000657183,0.296572546,1.200000000,0.012454451
1784881103.522408009,4.340000139,2.007756263,0.297454351,1.200000000,0.012620695
1784881103.532407999,4.350000139,2.014845995,0.298331972,1.200000000,0.012785666
1784881103.542407990,4.360000139,2.021926351,0.299205330,1.200000000,0.012949200
1784881103.552407980,4.370000139,2.028997302,0.300074346,1.200000000,0.013111133
1784881103.562407970,4.380000139,2.036058824,0.300938940,1.200000000,0.013271301
1784881103.572407961,4.390000139,2.043110896,0.301799033,1.200000000,0.013429541
1784881103.582407951,4.400000139,2.050153498,0.302654545,1.200000000,0.013585688
1784881103.592407942,4.410000139,2.057186614,0.303505396,1.200000000,0.013739580
1784881103.602407932,4.420000139,2.064210229,0.304351506,1.200000000,0.013891051
1784881103.612407923,4.430000139,2.071224334,0.305192795,1.200000000,0.014039938
1784881103.622407913,4.440000139,2.078228919,0.306029182,1.200000000,0.014186078
1784881103.632407904,4.450000139,2.085223978,0.306860589,1.200000000,0.014329306
1784881103.642407894,4.460000139,2.092209509,0.307686933,1.200000000,0.014469458
1784881103.652407885,4.470000139,2.099185509,0.308508135,1.200000000,0.014606371
1784881103.662408113,4.480000139,2.106151980,0.309324114,1.200000000,0.014739881
1784881103.672408104,4.490000139,2.113108927,0.310134789,1.200000000,0.014869823
1784881103.682408094,4.500000139,2.120056356,0.310940079,1.200000000,0.014996035
1784881103.692408085,4.510000139,2.126994275,0.311739904,1.200000000,0.015118352
1784881103.702408075,4.520000139,2.133922696,0.312534183,1.200000000,0.015236610
1784881103.712408066,4.530000139,2.140841632,0.313322835,1.200000000,0.015350646
1784881103.722408056,4.540000139,2.147751100,0.314105778,1.200000000,0.015460295
1784881103.732408047,4.550000139,2.154651116,0.314882932,1.200000000,0.015565394
1784881103.742408037,4.560000139,2.161541702,0.315654215,1.200000000,0.015665778
1784881103.752408028,4.570000139,2.168422880,0.316419547,1.200000000,0.015761285
1784881103.762408018,4.580000139,2.175294674,0.317178847,1.200000000,0.015851750
1784881103.772408009,4.590000139,2.182157111,0.317932032,1.200000000,0.015937010
1784881103.782407999,4.600000139,2.189010220,0.318679023,1.200000000,0.016016899
1784881103.792407990,4.610000139,2.195854031,0.319419737,1.200000000,0.016091256
1784881103.802407980,4.620000139,2.202688579,0.320154094,1.200000000,0.016159915
1784881103.812407970,4.630000139,2.209513896,0.320882012,1.200000000,0.016222712
1784881103.822407961,4.640000139,2.216330021,0.321603411,1.200000000,0.016279485
1784881103.832407951,4.650000139,2.223136992,0.322318209,1.200000000,0.016330069
1784881103.842407942,4.660000139,2.229934849,0.323026325,1.200000000,0.016374301
1784881103.852407932,4.670000139,2.236723634,0.323727678,1.200000000,0.016412015
1784881103.862407923,4.680000139,2.243503393,0.324422187,1.200000000,0.016443049
1784881103.872407913,4.690000139,2.250274169,0.325109771,1.200000000,0.016467239
1784881103.882407904,4.700000139,2.257036012,0.325790349,1.200000000,0.016484421
1784881103.892407894,4.710000139,2.263788970,0.326463839,1.200000000,0.016494431
1784881103.902407885,4.720000139,2.270533095,0.327130163,1.200000000,0.016497105
1784881103.912408113,4.730000139,2.277268437,0.327789237,1.200000000,0.016492279
1784881103.922408104,4.740000139,2.283995052,0.328440983,1.200000000,0.016479789
1784881103.932408094,4.750000139,2.290712994,0.329085318,1.200000000,0.016459472
1784881103.942408085,4.760000139,2.297422321,0.329722164,1.200000000,0.016431164
1784881103.952408075,4.770000139,2.304123090,0.330351438,1.200000000,0.016394700
1784881103.962408066,4.780000139,2.310815362,0.330973061,1.200000000,0.016349918
1784881103.972408056,4.790000139,2.317499197,0.331586954,1.200000000,0.016296652
1784881103.982408047,4.800000139,2.324174657,0.332193034,1.200000000,0.016234740
1784881103.992408037,4.810000139,2.330841806,0.332791223,1.200000000,0.016164017
1784881104.002408028,4.820000139,2.337500709,0.333381441,1.200000000,0.016084319
1784881104.012408018,4.830000139,2.344151431,0.333963608,1.200000000,0.015995484
1784881104.022408009,4.840000139,2.350794038,0.334537644,1.200000000,0.015897346
1784881104.032407999,4.850000139,2.357428600,0.335103470,1.200000000,0.015789741
1784881104.042407990,4.860000139,2.364055184,0.335661006,1.200000000,0.015672507
1784881104.052407980,4.870000139,2.370673862,0.336210174,1.200000000,0.015545480
1784881104.062407970,4.880000139,2.377284703,0.336750893,1.200000000,0.015408494
1784881104.072407961,4.890000139,2.383887779,0.337283086,1.200000000,0.015261387
1784881104.082407951,4.900000139,2.390483164,0.337806674,1.200000000,0.015103995
1784881104.092407942,4.910000139,2.397070930,0.338321578,1.200000000,0.014936153
1784881104.102407932,4.920000139,2.403651152,0.338827720,1.200000000,0.014757698
1784881104.112407923,4.930000139,2.410223904,0.339325021,1.200000000,0.014568467
1784881104.122407913,4.940000139,2.416789263,0.339813404,1.200000000,0.014368294
1784881104.132407904,4.950000139,2.423347303,0.340292791,1.200000000,0.014157017
1784881104.142407894,4.960000139,2.429898103,0.340763105,1.200000000,0.013934471
1784881104.152407885,4.970000139,2.436441739,0.341224267,1.200000000,0.013700493
1784881104.162408113,4.980000139,2.442978290,0.341676201,1.200000000,0.013454919
1784881104.172408104,4.990000139,2.449507833,0.342118830,1.200000000,0.013197584
1784881104.182408094,5.000000139,2.456030447,0.342552077,1.200000000,0.012928326
1784881104.192408085,5.010000139,2.462546212,0.342975865,1.200000000,0.012646979
1784881104.202408075,5.020000139,2.469055207,0.343390119,1.200000000,0.012353381
1784881104.212408066,5.030000139,2.475557511,0.343794763,1.200000000,0.012047367
1784881104.222408056,5.040000139,2.482053205,0.344189720,1.200000000,0.011728774
1784881104.232408047,5.050000139,2.488542369,0.344574915,1.200000000,0.011397438
1784881104.242408037,5.060000139,2.495025083,0.344950273,1.200000000,0.011053195
1784881104.252408028,5.070000139,2.501501427,0.345315719,1.200000000,0.010695880
1784881104.262408018,5.080000139,2.507971484,0.345671178,1.200000000,0.010325331
1784881104.272408009,5.090000139,2.514435332,0.346016575,1.200000000,0.009941382
1784881104.282407999,5.100000139,2.520893053,0.346351838,1.200000000,0.009543872
1784881104.292407990,5.110000139,2.527344727,0.346676890,1.200000000,0.009132635
1784881104.302407980,5.120000139,2.533790435,0.346991660,1.200000000,0.008707507
1784881104.312407970,5.130000139,2.540230258,0.347296074,1.200000000,0.008268325
1784881104.322407961,5.140000139,2.546664276,0.347590058,1.200000000,0.007814926
1784881104.332407951,5.150000139,2.553092569,0.347873540,1.200000000,0.007347144
1784881104.342407942,5.160000139,2.559515217,0.348146448,1.200000000,0.006864817
1784881104.352407932,5.170000139,2.565932300,0.348408709,1.200000000,0.006367780
1784881104.362407923,5.180000139,2.572343897,0.348660252,1.200000000,0.005855869
1784881104.372407913,5.190000139,2.578750088,0.348901005,1.200000000,0.005328922
1784881104.382407904,5.200000139,2.585150951,0.349130897,1.200000000,0.004786773
1784881104.392407894,5.210000139,2.591546564,0.349349857,1.200000000,0.004229259
1784881104.402407885,5.220000139,2.597937007,0.349557816,1.200000000,0.003656216
1784881104.412408113,5.230000139,2.604322356,0.349754702,1.200000000,0.003067480
1784881104.422408104,5.240000139,2.610702688,0.349940447,1.200000000,0.002462888
1784881104.432408094,5.250000139,2.617078080,0.350114980,1.200000000,0.001842275
1784881104.442408085,5.260000139,2.623448608,0.350278232,1.200000000,0.001205477
1784881104.452408075,5.270000139,2.629814347,0.350430136,1.200000000,0.000552332
1784881104.462408066,5.280000139,2.636175372,0.350570622,1.200000000,-0.000117325
1784881104.472408056,5.290000139,2.642531758,0.350699623,1.200000000,-0.000803659
1784881104.482408047,5.300000139,2.648883577,0.350817071,1.200000000,-0.001506832
1784881104.492408037,5.310000139,2.655230903,0.350922899,1.200000000,-0.002227009
1784881104.502408028,5.320000139,2.661573808,0.351017040,1.200000000,-0.002964354
1784881104.512408018,5.330000139,2.667912363,0.351099428,1.200000000,-0.003719029
1784881104.522408009,5.340000139,2.674246638,0.351169997,1.200000000,-0.004491169
1784881104.532407999,5.350000139,2.680576704,0.351228681,1.200000000,-0.005280714
1784881104.542407990,5.360000139,2.686902630,0.351275415,1.200000000,-0.006087536
1784881104.552407980,5.370000139,2.693224483,0.351310134,1.200000000,-0.006911507
1784881104.562407970,5.380000139,2.699542332,0.351332774,1.200000000,-0.007752499
1784881104.572407961,5.390000139,2.705856241,0.351343271,1.200000000,-0.008610383
1784881104.582407951,5.400000139,2.712166277,0.351341562,1.200000000,-0.009485031
1784881104.592407942,5.410000139,2.718472505,0.351327582,1.200000000,-0.010376313
1784881104.602407932,5.420000139,2.724774988,0.351301271,1.200000000,-0.011284103
1784881104.612407923,5.430000139,2.731073788,0.351262565,1.200000000,-0.012208271
1784881104.622407913,5.440000139,2.737368967,0.351211402,1.200000000,-0.013148689
1784881104.632407904,5.450000139,2.743660586,0.351147722,1.200000000,-0.014105229
1784881104.642407894,5.460000139,2.749948705,0.351071464,1.200000000,-0.015077762
1784881104.652407885,5.470000139,2.756233382,0.350982566,1.200000000,-0.016066159
1784881104.662408113,5.480000139,2.762514675,0.350880970,1.200000000,-0.017070293
1784881104.672408104,5.490000139,2.768792640,0.350766615,1.200000000,-0.018090035
1784881104.682408094,5.500000139,2.775067333,0.350639443,1.200000000,-0.019125256
1784881104.692408085,5.510000139,2.781338808,0.350499395,1.200000000,-0.020175829
1784881104.702408075,5.520000139,2.787607119,0.350346412,1.200000000,-0.021241624
1784881104.712408066,5.530000139,2.793872317,0.350180438,1.200000000,-0.022322513
1784881104.722408056,5.540000139,2.800134453,0.350001416,1.200000000,-0.023418368
1784881104.732408047,5.550000139,2.806393578,0.349809288,1.200000000,-0.024529061
1784881104.742408037,5.560000139,2.812649740,0.349603998,1.200000000,-0.025654462
1784881104.752408028,5.570000139,2.818902987,0.349385491,1.200000000,-0.026794445
1784881104.762408018,5.580000139,2.825153366,0.349153712,1.200000000,-0.027948879
1784881104.772408009,5.590000139,2.831400920,0.348908606,1.200000000,-0.029117637
1784881104.782407999,5.600000139,2.837645696,0.348650119,1.200000000,-0.030300590
1784881104.792407990,5.610000139,2.843887735,0.348378198,1.200000000,-0.031497611
1784881104.802407980,5.620000139,2.850127080,0.348092788,1.200000000,-0.032708569
1784881104.812407970,5.630000139,2.856363771,0.347793839,1.200000000,-0.033933338
1784881104.822407961,5.640000139,2.862597847,0.347481297,1.200000000,-0.035171789
1784881104.832407951,5.650000139,2.868829347,0.347155111,1.200000000,-0.036423792
1784881104.842407942,5.660000139,2.875058308,0.346815231,1.200000000,-0.037689221
1784881104.852407932,5.670000139,2.881284765,0.346461605,1.200000000,-0.038967946
1784881104.862407923,5.680000139,2.887508753,0.346094184,1.200000000,-0.040259839
1784881104.872407913,5.690000139,2.893730306,0.345712918,1.200000000,-0.041564771
1784881104.882407904,5.700000139,2.899949456,0.345317760,1.200000000,-0.042882615
1784881104.892407894,5.710000139,2.906166233,0.344908659,1.200000000,-0.044213241
1784881104.902407885,5.720000139,2.912380667,0.344485570,1.200000000,-0.045556522
1784881104.912408113,5.730000139,2.918592788,0.344048444,1.200000000,-0.046912329
1784881104.922408104,5.740000139,2.924802622,0.343597235,1.200000000,-0.048280533
1784881104.932408094,5.750000139,2.931010195,0.343131897,1.200000000,-0.049661006
1784881104.942408085,5.760000139,2.937215533,0.342652385,1.200000000,-0.051053620
1784881104.952408075,5.770000139,2.943418660,0.342158653,1.200000000,-0.052458246
1784881104.962408066,5.780000139,2.949619597,0.341650657,1.200000000,-0.053874756
1784881104.972408056,5.790000139,2.955818367,0.341128355,1.200000000,-0.055303021
1784881104.982408047,5.800000139,2.962014989,0.340591702,1.200000000,-0.056742913
1784881104.992408037,5.810000139,2.968209483,0.340040655,1.200000000,-0.058194304
1784881105.002408028,5.820000139,2.974401866,0.339475174,1.200000000,-0.059657065
1784881105.012408018,5.830000139,2.980592156,0.338895217,1.200000000,-0.061131067
1784881105.022408009,5.840000139,2.986780367,0.338300742,1.200000000,-0.062616183
1784881105.032407999,5.850000139,2.992966514,0.337691710,1.200000000,-0.064112284
1784881105.042407990,5.860000139,2.999150611,0.337068081,1.200000000,-0.065619241
1784881105.052407980,5.870000139,3.005332668,0.336429816,1.200000000,-0.067136927
1784881105.062407970,5.880000139,3.011512699,0.335776878,1.200000000,-0.068665212
1784881105.072407961,5.890000139,3.017690711,0.335109227,1.200000000,-0.070203968
1784881105.082407951,5.900000139,3.023866714,0.334426827,1.200000000,-0.071753067
1784881105.092407942,5.910000139,3.030040715,0.333729641,1.200000000,-0.073312380
1784881105.102407932,5.920000139,3.036212722,0.333017634,1.200000000,-0.074881780
1784881105.112407923,5.930000139,3.042382739,0.332290771,1.200000000,-0.076461136
1784881105.122407913,5.940000139,3.048550770,0.331549015,1.200000000,-0.078050323
1784881105.132407904,5.950000139,3.054716820,0.330792335,1.200000000,-0.079649209
1784881105.142407894,5.960000139,3.060880889,0.330020696,1.200000000,-0.081257668
1784881105.152407885,5.970000139,3.067042980,0.329234065,1.200000000,-0.082875571
1784881105.162408113,5.980000139,3.073203092,0.328432410,1.200000000,-0.084502790
1784881105.172408104,5.990000139,3.079361225,0.327615701,1.200000000,-0.086139195
1784881105.182408094,6.000000139,3.085517376,0.326783905,1.200000000,-0.087784659
1784881105.192408085,6.010000139,3.091671543,0.325936993,1.200000000,-0.089439053
1784881105.202408075,6.020000139,3.097823722,0.325074936,1.200000000,-0.091102250
1784881105.212408066,6.030000139,3.103973908,0.324197704,1.200000000,-0.092774119
1784881105.222408056,6.040000139,3.110122095,0.323305270,1.200000000,-0.094454533
1784881105.232408047,6.050000139,3.116268276,0.322397605,1.200000000,-0.096143364
1784881105.242408037,6.060000139,3.122412444,0.321474683,1.200000000,-0.097840483
1784881105.252408028,6.070000139,3.128554590,0.320536477,1.200000000,-0.099545762
1784881105.262408018,6.080000139,3.134694705,0.319582962,1.200000000,-0.101259072
1784881105.272408009,6.090000139,3.140832778,0.318614113,1.200000000,-0.102980285
1784881105.282407999,6.100000139,3.146968798,0.317629907,1.200000000,-0.104709273
1784881105.292407990,6.110000139,3.153102753,0.316630318,1.200000000,-0.106445906
1784881105.302407980,6.120000139,3.159234630,0.315615324,1.200000000,-0.108190057
1784881105.312407970,6.130000139,3.165364415,0.314584904,1.200000000,-0.109941597
1784881105.322407961,6.140000139,3.171492093,0.313539035,1.200000000,-0.111700398
1784881105.332407951,6.150000139,3.177617650,0.312477696,1.200000000,-0.113466332
1784881105.342407942,6.160000139,3.183741069,0.311400868,1.200000000,-0.115239269
1784881105.352407932,6.170000139,3.189862333,0.310308531,1.200000000,-0.117019082
1784881105.362407923,6.180000139,3.195981425,0.309200666,1.200000000,-0.118805642
1784881105.372407913,6.190000139,3.202098326,0.308077254,1.200000000,-0.120598820
1784881105.382407904,6.200000139,3.208213018,0.306938280,1.200000000,-0.122398489
1784881105.392407894,6.210000139,3.214325480,0.305783724,1.200000000,-0.124204520
1784881105.402407885,6.220000139,3.220435692,0.304613573,1.200000000,-0.126016785
1784881105.412408113,6.230000139,3.226543633,0.303427810,1.200000000,-0.127835154
1784881105.422408104,6.240000139,3.232649282,0.302226420,1.200000000,-0.129659500
1784881105.432408094,6.250000139,3.238752616,0.301009390,1.200000000,-0.131489694
1784881105.442408085,6.260000139,3.244853612,0.299776706,1.200000000,-0.133325608
1784881105.452408075,6.270000139,3.250952248,0.298528356,1.200000000,-0.135167113
1784881105.462408066,6.280000139,3.257048498,0.297264328,1.200000000,-0.137014081
1784881105.472408056,6.290000139,3.263142338,0.295984611,1.200000000,-0.138866384
1784881105.482408047,6.300000139,3.269233744,0.294689194,1.200000000,-0.140723892
1784881105.492408037,6.310000139,3.275322690,0.293378068,1.200000000,-0.142586479
1784881105.502408028,6.320000139,3.281409149,0.292051223,1.200000000,-0.144454015
1784881105.512408018,6.330000139,3.287493095,0.290708651,1.200000000,-0.146326371
1784881105.522408009,6.340000139,3.293574503,0.289350345,1.200000000,-0.148203420
1784881105.532407999,6.350000139,3.299653343,0.287976297,1.200000000,-0.150085033
1784881105.542407990,6.360000139,3.305729588,0.286586502,1.200000000,-0.151971082
1784881105.552407980,6.370000139,3.311803211,0.285180954,1.200000000,-0.153861438
1784881105.562407970,6.380000139,3.317874182,0.283759648,1.200000000,-0.155755972
1784881105.572407961,6.390000139,3.323942473,0.282322581,1.200000000,-0.157654557
1784881105.582407951,6.400000139,3.330008055,0.280869748,1.200000000,-0.159557064
1784881105.592407942,6.410000139,3.336070899,0.279401148,1.200000000,-0.161463365
1784881105.602407932,6.420000139,3.342130974,0.277916778,1.200000000,-0.163373330
1784881105.612407923,6.430000139,3.348188251,0.276416638,1.200000000,-0.165286832
1784881105.622407913,6.440000139,3.354242699,0.274900727,1.200000000,-0.167203743
1784881105.632407904,6.450000139,3.360294288,0.273369045,1.200000000,-0.169123933
1784881105.642407894,6.460000139,3.366342988,0.271821593,1.200000000,-0.171047275
1784881105.652407885,6.470000139,3.372388768,0.270258374,1.200000000,-0.172973639
1784881105.662408113,6.480000139,3.378431596,0.268679389,1.200000000,-0.174902899
1784881105.672408104,6.490000139,3.384471442,0.267084642,1.200000000,-0.176834924
1784881105.682408094,6.500000139,3.390508274,0.265474136,1.200000000,-0.178769587
1784881105.692408085,6.510000139,3.396542062,0.263847878,1.200000000,-0.180706760
1784881105.702408075,6.520000139,3.402572773,0.262205871,1.200000000,-0.182646313
1784881105.712408066,6.530000139,3.408600376,0.260548122,1.200000000,-0.184588119
1784881105.722408056,6.540000139,3.414624840,0.258874639,1.200000000,-0.186532049
1784881105.732408047,6.550000139,3.420646134,0.257185428,1.200000000,-0.188477975
1784881105.742408037,6.560000139,3.426664225,0.255480498,1.200000000,-0.190425768
1784881105.752408028,6.570000139,3.432679083,0.253759858,1.200000000,-0.192375300
1784881105.762408018,6.580000139,3.438690675,0.252023518,1.200000000,-0.194326442
1784881105.772408009,6.590000139,3.444698971,0.250271488,1.200000000,-0.196279066
1784881105.782407999,6.600000139,3.450703940,0.248503781,1.200000000,-0.198233044
1784881105.792407990,6.610000139,3.456705549,0.246720407,1.200000000,-0.200188247
1784881105.802407980,6.620000139,3.462703768,0.244921380,1.200000000,-0.202144547
1784881105.812407970,6.630000139,3.468698567,0.243106713,1.200000000,-0.204101815
1784881105.822407961,6.640000139,3.474689913,0.241276420,1.200000000,-0.206059923
1784881105.832407951,6.650000139,3.480677778,0.239430517,1.200000000,-0.208018742
1784881105.842407942,6.660000139,3.486662129,0.237569019,1.200000000,-0.209978145
1784881105.852407932,6.670000139,3.492642938,0.235691942,1.200000000,-0.211938002
1784881105.862407923,6.680000139,3.498620173,0.233799305,1.200000000,-0.213898185
1784881105.872407913,6.690000139,3.504593806,0.231891124,1.200000000,-0.215858567
1784881105.882407904,6.700000139,3.510563808,0.229967418,1.200000000,-0.217819017
1784881105.892407894,6.710000139,3.516530147,0.228028207,1.200000000,-0.219779409
1784881105.902407885,6.720000139,3.522492797,0.226073512,1.200000000,-0.221739613
1784881105.912408113,6.730000139,3.528451729,0.224103352,1.200000000,-0.223699502
1784881105.922408104,6.740000139,3.534406913,0.222117750,1.200000000,-0.225658946
1784881105.932408094,6.750000139,3.540358323,0.220116727,1.200000000,-0.227617817
1784881105.942408085,6.760000139,3.546305931,0.218100308,1.200000000,-0.229575987
1784881105.952408075,6.770000139,3.552249710,0.216068515,1.200000000,-0.231533328
1784881105.962408066,6.780000139,3.558189633,0.214021374,1.200000000,-0.233489711
1784881105.972408056,6.790000139,3.564125674,0.211958910,1.200000000,-0.235445008
1784881105.982408047,6.800000139,3.570057808,0.209881148,1.200000000,-0.237399089
1784881105.992408037,6.810000139,3.575986008,0.207788116,1.200000000,-0.239351828
1784881106.002408028,6.820000139,3.581910250,0.205679841,1.200000000,-0.241303095
1784881106.012408018,6.830000139,3.587830510,0.203556351,1.200000000,-0.243252762
1784881106.022408009,6.840000139,3.593746764,0.201417676,1.200000000,-0.245200701
1784881106.032407999,6.850000139,3.599658988,0.199263844,1.200000000,-0.247146782
1784881106.042407990,6.860000139,3.605567160,0.197094887,1.200000000,-0.249090879
1784881106.052407980,6.870000139,3.611471257,0.194910835,1.200000000,-0.251032861
1784881106.062407970,6.880000139,3.617371257,0.192711721,1.200000000,-0.252972602
1784881106.072407961,6.890000139,3.623267140,0.190497577,1.200000000,-0.254909972
1784881106.082407951,6.900000139,3.629158885,0.188268437,1.200000000,-0.256844843
1784881106.092407942,6.910000139,3.635046471,0.186024334,1.200000000,-0.258777087
1784881106.102407932,6.920000139,3.640929880,0.183765303,1.200000000,-0.260706575
1784881106.112407923,6.930000139,3.646809093,0.181491380,1.200000000,-0.262633179
1784881106.122407913,6.940000139,3.652684092,0.179202601,1.200000000,-0.264556770
1784881106.132407904,6.950000139,3.658554858,0.176899004,1.200000000,-0.266477220
1784881106.142407894,6.960000139,3.664421376,0.174580625,1.200000000,-0.268394401
1784881106.152407885,6.970000139,3.670283629,0.172247503,1.200000000,-0.270308184
1784881106.162408113,6.980000139,3.676141602,0.169899677,1.200000000,-0.272218440
1784881106.172408104,6.990000139,3.681995280,0.167537188,1.200000000,-0.274125042
1784881106.182408094,7.000000139,3.687844650,0.165160075,1.200000000,-0.276027861
1784881106.192408085,7.010000139,3.693689696,0.162768380,1.200000000,-0.277926768
1784881106.202408075,7.020000139,3.699530408,0.160362146,1.200000000,-0.279821652
1784881106.212408066,7.030000139,3.705366773,0.157941413,1.200000000,-0.281712487
1784881106.222408056,7.040000139,3.711198779,0.155506227,1.200000000,-0.283599279
1784881106.232408047,7.050000139,3.717026418,0.153056630,1.200000000,-0.285482030
1784881106.242408037,7.060000139,3.722849678,0.150592669,1.200000000,-0.287360747
1784881106.252408028,7.070000139,3.728668551,0.148114388,1.200000000,-0.289235432
1784881106.262408018,7.080000139,3.734483028,0.145621834,1.200000000,-0.291106090
1784881106.272408009,7.090000139,3.740293104,0.143115053,1.200000000,-0.292972726
1784881106.282407999,7.100000139,3.746098769,0.140594093,1.200000000,-0.294835343
1784881106.292407990,7.110000139,3.751900020,0.138059003,1.200000000,-0.296693946
1784881106.302407980,7.120000139,3.757696851,0.135509831,1.200000000,-0.298548539
1784881106.312407970,7.130000139,3.763489257,0.132946627,1.200000000,-0.300399127
1784881106.322407961,7.140000139,3.769277235,0.130369441,1.200000000,-0.302245714
1784881106.332407951,7.150000139,3.775060783,0.127778325,1.200000000,-0.304088303
1784881106.342407942,7.160000139,3.780839899,0.125173330,1.200000000,-0.305926900
1784881106.352407932,7.170000139,3.786614581,0.122554509,1.200000000,-0.307761508
1784881106.362407923,7.180000139,3.792384829,0.119921915,1.200000000,-0.309592132
1784881106.372407913,7.190000139,3.798150645,0.117275601,1.200000000,-0.311418776
1784881106.382407904,7.200000139,3.803912028,0.114615623,1.200000000,-0.313241445
1784881106.392407894,7.210000139,3.809668982,0.111942034,1.200000000,-0.315060142
1784881106.402407885,7.220000139,3.815421510,0.109254891,1.200000000,-0.316874872
1784881106.412408113,7.230000139,3.821169615,0.106554251,1.200000000,-0.318685639
1784881106.422408104,7.240000139,3.826913302,0.103840170,1.200000000,-0.320492448
1784881106.432408094,7.250000139,3.832652576,0.101112707,1.200000000,-0.322295303
1784881106.442408085,7.260000139,3.838387444,0.098371919,1.200000000,-0.324094207
1784881106.452408075,7.270000139,3.844117913,0.095617867,1.200000000,-0.325889166
1784881106.462408066,7.280000139,3.849843990,0.092850609,1.200000000,-0.327680183
1784881106.472408056,7.290000139,3.855565685,0.090070206,1.200000000,-0.329467263
1784881106.482408047,7.300000139,3.861283007,0.087276719,1.200000000,-0.331250410
1784881106.492408037,7.310000139,3.866995966,0.084470210,1.200000000,-0.333029628
1784881106.502408028,7.320000139,3.872704573,0.081650741,1.200000000,-0.334804922
1784881106.512408018,7.330000139,3.878408841,0.078818375,1.200000000,-0.336576296
1784881106.522408009,7.340000139,3.884108782,0.075973177,1.200000000,-0.338343754
1784881106.532407999,7.350000139,3.889804410,0.073115209,1.200000000,-0.340107301
1784881106.542407990,7.360000139,3.895495740,0.070244537,1.200000000,-0.341866940
1784881106.552407980,7.370000139,3.901182785,0.067361227,1.200000000,-0.343622676
1784881106.562407970,7.380000139,3.906865563,0.064465344,1.200000000,-0.345374513
1784881106.572407961,7.390000139,3.912544091,0.061556956,1.200000000,-0.347122456
1784881106.582407951,7.400000139,3.918218384,0.058636130,1.200000000,-0.348866509
1784881106.592407942,7.410000139,3.923888463,0.055702934,1.200000000,-0.350606676
1784881106.602407932,7.420000139,3.929554346,0.052757436,1.200000000,-0.352342961
1784881106.612407923,7.430000139,3.935216054,0.049799706,1.200000000,-0.354075368
1784881106.622407913,7.440000139,3.940873605,0.046829813,1.200000000,-0.355803903
1784881106.632407904,7.450000139,3.946527023,0.043847829,1.200000000,-0.357528568
1784881106.642407894,7.460000139,3.952176329,0.040853823,1.200000000,-0.359249370
1784881106.652407885,7.470000139,3.957821547,0.037847868,1.200000000,-0.360966310
1784881106.662408113,7.480000139,3.963462699,0.034830036,1.200000000,-0.362679395
1784881106.672408104,7.490000139,3.969099810,0.031800400,1.200000000,-0.364388628
1784881106.682408094,7.500000139,3.974732906,0.028759032,1.200000000,-0.366094013
1784881106.692408085,7.510000139,3.980362012,0.025706008,1.200000000,-0.367795556
1784881106.702408075,7.520000139,3.985987155,0.022641402,1.200000000,-0.369493259
1784881106.712408066,7.530000139,3.991608361,0.019565288,1.200000000,-0.371187127
1784881106.722408056,7.540000139,3.997225660,0.016477743,1.200000000,-0.372877166
1784881106.732408047,7.550000139,4.002839080,0.013378843,1.200000000,-0.374563378
1784881106.742408037,7.560000139,4.008448649,0.010268664,1.200000000,-0.376245768
1784881106.752408028,7.570000139,4.014054399,0.007147285,1.200000000,-0.377924340
1784881106.762408018,7.580000139,4.019656359,0.004014782,1.200000000,-0.379599100
1784881106.772408009,7.590000139,4.025254562,0.000871235,1.200000000,-0.381270050
1784881106.782407999,7.600000139,4.030849038,-0.002283277,1.200000000,-0.382937195
1784881106.792407990,7.610000139,4.036439822,-0.005448675,1.200000000,-0.384600540
1784881106.802407980,7.620000139,4.042026945,-0.008624879,1.200000000,-0.386260089
1784881106.812407970,7.630000139,4.047610442,-0.011811808,1.200000000,-0.387915845
1784881106.822407961,7.640000139,4.053190348,-0.015009380,1.200000000,-0.389567814
1784881106.832407951,7.650000139,4.058766697,-0.018217514,1.200000000,-0.391216000
1784881106.842407942,7.660000139,4.064339526,-0.021436128,1.200000000,-0.392860406
1784881106.852407932,7.670000139,4.069908870,-0.024665139,1.200000000,-0.394501038
1784881106.862407923,7.680000139,4.075474766,-0.027904463,1.200000000,-0.396137898
1784881106.872407913,7.690000139,4.081037253,-0.031154017,1.200000000,-0.397770993
1784881106.882407904,7.700000139,4.086596367,-0.034413716,1.200000000,-0.399400325
1784881106.892407894,7.710000139,4.092152147,-0.037683476,1.200000000,-0.401025900
1784881106.902407885,7.720000139,4.097704633,-0.040963210,1.200000000,-0.402647721
1784881106.912408113,7.730000139,4.103253864,-0.044252834,1.200000000,-0.404265793
1784881106.922408104,7.740000139,4.108799880,-0.047552261,1.200000000,-0.405880120
1784881106.932408094,7.750000139,4.114342721,-0.050861403,1.200000000,-0.407490706
1784881106.942408085,7.760000139,4.119882429,-0.054180174,1.200000000,-0.409097556
1784881106.952408075,7.770000139,4.125419045,-0.057508486,1.200000000,-0.410700673
1784881106.962408066,7.780000139,4.130952612,-0.060846251,1.200000000,-0.412300063
1784881106.972408056,7.790000139,4.136483171,-0.064193379,1.200000000,-0.413895729
1784881106.982408047,7.800000139,4.142010765,-0.067549782,1.200000000,-0.415487676
1784881106.992408037,7.810000139,4.147535438,-0.070915369,1.200000000,-0.417075907
1784881107.002408028,7.820000139,4.153057233,-0.074290051,1.200000000,-0.418660428
1784881107.012408018,7.830000139,4.158576195,-0.077673737,1.200000000,-0.420241242
1784881107.022408009,7.840000139,4.164092367,-0.081066335,1.200000000,-0.421818354
1784881107.032407999,7.850000139,4.169605796,-0.084467755,1.200000000,-0.423391768
1784881107.042407990,7.860000139,4.175116526,-0.087877904,1.200000000,-0.424961488
1784881107.052407980,7.870000139,4.180624602,-0.091296690,1.200000000,-0.426527519
1784881107.062407970,7.880000139,4.186130071,-0.094724020,1.200000000,-0.428089865
1784881107.072407961,7.890000139,4.191632978,-0.098159801,1.200000000,-0.429648529
1784881107.082407951,7.900000139,4.197133371,-0.101603939,1.200000000,-0.431203517
1784881107.092407942,7.910000139,4.202631296,-0.105056339,1.200000000,-0.432754833
1784881107.102407932,7.920000139,4.208126800,-0.108516908,1.200000000,-0.434302481
1784881107.112407923,7.930000139,4.213619931,-0.111985550,1.200000000,-0.435846464
1784881107.122407913,7.940000139,4.219110736,-0.115462170,1.200000000,-0.437386789
1784881107.132407904,7.950000139,4.224599263,-0.118946671,1.200000000,-0.438923457
1784881107.142407894,7.960000139,4.230085560,-0.122438959,1.200000000,-0.440456475
1784881107.152407885,7.970000139,4.235569676,-0.125938936,1.200000000,-0.441985847
1784881107.162408113,7.980000139,4.241051659,-0.129446505,1.200000000,-0.443511575
1784881107.172408104,7.990000139,4.246531557,-0.132961569,1.200000000,-0.445033666
1784881107.182408094,8.000000139,4.252009421,-0.136484029,1.200000000,-0.446552122
1784881107.192408085,8.010000139,4.257485298,-0.140013789,1.200000000,-0.448066949
1784881107.202408075,8.020000139,4.262959238,-0.143550749,1.200000000,-0.449578151
1784881107.212408066,8.030000139,4.268431290,-0.147094810,1.200000000,-0.451085731
1784881107.222408056,8.040000139,4.273901504,-0.150645874,1.200000000,-0.452589695
1784881107.232408047,8.050000139,4.279369929,-0.154203840,1.200000000,-0.454090046
1784881107.242408037,8.060000139,4.284836615,-0.157768608,1.200000000,-0.455586788
1784881107.252408028,8.070000139,4.290301612,-0.161340079,1.200000000,-0.457079927
1784881107.262408018,8.080000139,4.295764969,-0.164918151,1.200000000,-0.458569466
1784881107.272408009,8.090000139,4.301226736,-0.168502723,1.200000000,-0.460055409
1784881107.282407999,8.100000139,4.306686963,-0.172093694,1.200000000,-0.461537761
1784881107.292407990,8.110000139,4.312145700,-0.175690963,1.200000000,-0.463016527
1784881107.302407980,8.120000139,4.317602997,-0.179294426,1.200000000,-0.464491709
1784881107.312407970,8.130000139,4.323058904,-0.182903983,1.200000000,-0.465963313
1784881107.322407961,8.140000139,4.328513470,-0.186519529,1.200000000,-0.467431344
1784881107.332407951,8.150000139,4.333966745,-0.190140963,1.200000000,-0.468895804
1784881107.342407942,8.160000139,4.339418780,-0.193768180,1.200000000,-0.470356698
1784881107.352407932,8.170000139,4.344869623,-0.197401077,1.200000000,-0.471814032
1784881107.362407923,8.180000139,4.350319325,-0.201039550,1.200000000,-0.473267808
1784881107.372407913,8.190000139,4.355767935,-0.204683495,1.200000000,-0.474718031
1784881107.382407904,8.200000139,4.361215503,-0.208332807,1.200000000,-0.476164706
1784881107.392407894,8.210000139,4.366662077,-0.211987381,1.200000000,-0.477607837
1784881107.402407885,8.220000139,4.372107707,-0.215647113,1.200000000,-0.479047428
1784881107.412408113,8.230000139,4.377552442,-0.219311896,1.200000000,-0.480483483
1784881107.422408104,8.240000139,4.382996331,-0.222981626,1.200000000,-0.481916007
1784881107.432408094,8.250000139,4.388439422,-0.226656195,1.200000000,-0.483345004
1784881107.442408085,8.260000139,4.393881764,-0.230335499,1.200000000,-0.484770477
1784881107.452408075,8.270000139,4.399323406,-0.234019429,1.200000000,-0.486192432
1784881107.462408066,8.280000139,4.404764395,-0.237707880,1.200000000,-0.487610873
1784881107.472408056,8.290000139,4.410204780,-0.241400745,1.200000000,-0.489025804
1784881107.482408047,8.300000139,4.415644607,-0.245097915,1.200000000,-0.490437229
1784881107.492408037,8.310000139,4.421083925,-0.248799285,1.200000000,-0.491845152
1784881107.502408028,8.320000139,4.426522780,-0.252504745,1.200000000,-0.493249579
1784881107.512408018,8.330000139,4.431961219,-0.256214188,1.200000000,-0.494650512
1784881107.522408009,8.340000139,4.437399289,-0.259927505,1.200000000,-0.496047956
1784881107.532407999,8.350000139,4.442837036,-0.263644589,1.200000000,-0.497441917
1784881107.542407990,8.360000139,4.448274505,-0.267365329,1.200000000,-0.498832396
1784881107.552407980,8.370000139,4.453711743,-0.271089618,1.200000000,-0.500219401
1784881107.562407970,8.380000139,4.459148794,-0.274817347,1.200000000,-0.501602933
1784881107.572407961,8.390000139,4.464585704,-0.278548405,1.200000000,-0.502982998
1784881107.582407951,8.400000139,4.470022517,-0.282282683,1.200000000,-0.504359600
1784881107.592407942,8.410000139,4.475459277,-0.286020072,1.200000000,-0.505732744
1784881107.602407932,8.420000139,4.480896027,-0.289760461,1.200000000,-0.507102432
1784881107.612407923,8.430000139,4.486332811,-0.293503741,1.200000000,-0.508468671
1784881107.622407913,8.440000139,4.491769672,-0.297249800,1.200000000,-0.509831463
1784881107.632407904,8.450000139,4.497206653,-0.300998529,1.200000000,-0.511190814
1784881107.642407894,8.460000139,4.502643794,-0.304749817,1.200000000,-0.512546727
1784881107.652407885,8.470000139,4.508081138,-0.308503552,1.200000000,-0.513899208
1784881107.662408113,8.480000139,4.513518726,-0.312259623,1.200000000,-0.515248259
1784881107.672408104,8.490000139,4.518956598,-0.316017920,1.200000000,-0.516593886
1784881107.682408094,8.500000139,4.524394795,-0.319778331,1.200000000,-0.517936092
1784881107.692408085,8.510000139,4.529833356,-0.323540744,1.200000000,-0.519274882
1784881107.702408075,8.520000139,4.535272320,-0.327305047,1.200000000,-0.520610261
1784881107.712408066,8.530000139,4.540711725,-0.331071129,1.200000000,-0.521942231
1784881107.722408056,8.540000139,4.546151611,-0.334838877,1.200000000,-0.523270799
1784881107.732408047,8.550000139,4.551592013,-0.338608180,1.200000000,-0.524595968
1784881107.742408037,8.560000139,4.557032969,-0.342378925,1.200000000,-0.525917742
1784881107.752408028,8.570000139,4.562474516,-0.346150999,1.200000000,-0.527236125
1784881107.762408018,8.580000139,4.567916689,-0.349924289,1.200000000,-0.528551122
1784881107.772408009,8.590000139,4.573359523,-0.353698684,1.200000000,-0.529862738
1784881107.782407999,8.600000139,4.578803054,-0.357474070,1.200000000,-0.531170975
1784881107.792407990,8.610000139,4.584247314,-0.361250334,1.200000000,-0.532475840
1784881107.802407980,8.620000139,4.589692338,-0.365027363,1.200000000,-0.533777335
1784881107.812407970,8.630000139,4.595138157,-0.368805044,1.200000000,-0.535075465
1784881107.822407961,8.640000139,4.600584805,-0.372583263,1.200000000,-0.536370235
1784881107.832407951,8.650000139,4.606032312,-0.376361908,1.200000000,-0.537661649
1784881107.842407942,8.660000139,4.611480710,-0.380140863,1.200000000,-0.538949710
1784881107.852407932,8.670000139,4.616930029,-0.383920017,1.200000000,-0.540234424
1784881107.862407923,8.680000139,4.622380298,-0.387699254,1.200000000,-0.541515794
1784881107.872407913,8.690000139,4.627831546,-0.391478462,1.200000000,-0.542793826
1784881107.882407904,8.700000139,4.633283800,-0.395257526,1.200000000,-0.544068522
1784881107.892407894,8.710000139,4.638737090,-0.399036333,1.200000000,-0.545339887
1784881107.902407885,8.720000139,4.644191441,-0.402814768,1.200000000,-0.546607927
1784881107.912408113,8.730000139,4.649646879,-0.406592717,1.200000000,-0.547872644
1784881107.922408104,8.740000139,4.655103431,-0.410370065,1.200000000,-0.549134043
1784881107.932408094,8.750000139,4.660561120,-0.414146699,1.200000000,-0.550392129
1784881107.942408085,8.760000139,4.666019970,-0.417922505,1.200000000,-0.551646905
1784881107.952408075,8.770000139,4.671480004,-0.421697367,1.200000000,-0.552898377
1784881107.962408066,8.780000139,4.676941246,-0.425471172,1.200000000,-0.554146547
1784881107.972408056,8.790000139,4.682403717,-0.429243804,1.200000000,-0.555391421
1784881107.982408047,8.800000139,4.687867437,-0.433015150,1.200000000,-0.556633003
1784881107.992408037,8.810000139,4.693332428,-0.436785094,1.200000000,-0.557871297
1784881108.002408028,8.820000139,4.698798707,-0.440553523,1.200000000,-0.559106308
1784881108.012408018,8.830000139,4.704266295,-0.444320320,1.200000000,-0.560338038
1784881108.022408009,8.840000139,4.709735210,-0.448085372,1.200000000,-0.561566494
1784881108.032407999,8.850000139,4.715205467,-0.451848564,1.200000000,-0.562791679
1784881108.042407990,8.860000139,4.720677084,-0.455609781,1.200000000,-0.564013598
1784881108.052407980,8.870000139,4.726150077,-0.459368908,1.200000000,-0.565232254
1784881108.062407970,8.880000139,4.731624460,-0.463125831,1.200000000,-0.566447652
1784881108.072407961,8.890000139,4.737100248,-0.466880434,1.200000000,-0.567659796
1784881108.082407951,8.900000139,4.742577453,-0.470632602,1.200000000,-0.568868691
1784881108.092407942,8.910000139,4.748056088,-0.474382222,1.200000000,-0.570074340
1784881108.102407932,8.920000139,4.753536165,-0.478129177,1.200000000,-0.571276749
1784881108.112407923,8.930000139,4.759017696,-0.481873353,1.200000000,-0.572475921
1784881108.122407913,8.940000139,4.764500689,-0.485614635,1.200000000,-0.573671860
1784881108.132407904,8.950000139,4.769985155,-0.489352909,1.200000000,-0.574864572
1784881108.142407894,8.960000139,4.775471102,-0.493088059,1.200000000,-0.576054059
1784881108.152407885,8.970000139,4.780958538,-0.496819970,1.200000000,-0.577240327
1784881108.162408113,8.980000139,4.786447470,-0.500548528,1.200000000,-0.578423380
1784881108.172408104,8.990000139,4.791937905,-0.504273617,1.200000000,-0.579603221
1784881108.182408094,9.000000139,4.797429846,-0.507995124,1.200000000,-0.580779856
1784881108.192408085,9.010000139,4.802923300,-0.511712932,1.200000000,-0.581953288
1784881108.202408075,9.020000139,4.808418271,-0.515426928,1.200000000,-0.583123522
1784881108.212408066,9.030000139,4.813914760,-0.519136996,1.200000000,-0.584290562
1784881108.222408056,9.040000139,4.819412771,-0.522843022,1.200000000,-0.585454413
1784881108.232408047,9.050000139,4.824912305,-0.526544891,1.200000000,-0.586615078
1784881108.242408037,9.060000139,4.830413363,-0.530242489,1.200000000,-0.587772561
1784881108.252408028,9.070000139,4.835915945,-0.533935700,1.200000000,-0.588926868
1784881108.262408018,9.080000139,4.841420050,-0.537624411,1.200000000,-0.590078002
1784881108.272408009,9.090000139,4.846925676,-0.541308506,1.200000000,-0.591225968
1784881108.282407999,9.100000139,4.852432821,-0.544987871,1.200000000,-0.592370770
1784881108.292407990,9.110000139,4.857941483,-0.548662392,1.200000000,-0.593512412
1784881108.302407980,9.120000139,4.863451656,-0.552331954,1.200000000,-0.594650899
1784881108.312407970,9.130000139,4.868963337,-0.555996443,1.200000000,-0.595786234
1784881108.322407961,9.140000139,4.874476521,-0.559655744,1.200000000,-0.596918423
1784881108.332407951,9.150000139,4.879991201,-0.563309744,1.200000000,-0.598047468
1784881108.342407942,9.160000139,4.885507371,-0.566958328,1.200000000,-0.599173375
1784881108.352407932,9.170000139,4.891025022,-0.570601382,1.200000000,-0.600296148
1784881108.362407923,9.180000139,4.896544148,-0.574238792,1.200000000,-0.601415792
1784881108.372407913,9.190000139,4.902064738,-0.577870443,1.200000000,-0.602532287
1784881108.382407904,9.200000139,4.907586784,-0.581496223,1.200000000,-0.603645403
1784881108.392407894,9.210000139,4.913110275,-0.585116017,1.200000000,-0.604754786
1784881108.402407885,9.220000139,4.918635199,-0.588729712,1.200000000,-0.605860081
1784881108.412408113,9.230000139,4.924161547,-0.592337193,1.200000000,-0.606960932
1784881108.422408104,9.240000139,4.929689304,-0.595938347,1.200000000,-0.608056985
1784881108.432408094,9.250000139,4.935218458,-0.599533060,1.200000000,-0.609147886
1784881108.442408085,9.260000139,4.940748996,-0.603121220,1.200000000,-0.610233278
1784881108.452408075,9.270000139,4.946280904,-0.606702712,1.200000000,-0.611312807
1784881108.462408066,9.280000139,4.951814166,-0.610277423,1.200000000,-0.612386119
1784881108.472408056,9.290000139,4.957348767,-0.613845241,1.200000000,-0.613452857
1784881108.482408047,9.300000139,4.962884691,-0.617406051,1.200000000,-0.614512668
1784881108.492408037,9.310000139,4.968421921,-0.620959741,1.200000000,-0.615565196
1784881108.502408028,9.320000139,4.973960441,-0.624506199,1.200000000,-0.616610086
1784881108.512408018,9.330000139,4.979500232,-0.628045310,1.200000000,-0.617646983
1784881108.522408009,9.340000139,4.985041277,-0.631576963,1.200000000,-0.618675533
1784881108.532407999,9.350000139,4.990583556,-0.635101045,1.200000000,-0.619695380
1784881108.542407990,9.360000139,4.996127050,-0.638617442,1.200000000,-0.620706169
1784881108.552407980,9.370000139,5.001671739,-0.642126044,1.200000000,-0.621707546
1784881108.562407970,9.380000139,5.007217603,-0.645626736,1.200000000,-0.622699155
1784881108.572407961,9.390000139,5.012764622,-0.649119408,1.200000000,-0.623680642
1784881108.582407951,9.400000139,5.018312773,-0.652603946,1.200000000,-0.624651651
1784881108.592407942,9.410000139,5.023862036,-0.656080240,1.200000000,-0.625611828
1784881108.602407932,9.420000139,5.029412388,-0.659548176,1.200000000,-0.626560817
1784881108.612407923,9.430000139,5.034963807,-0.663007643,1.200000000,-0.627498264
1784881108.622407913,9.440000139,5.040516269,-0.666458530,1.200000000,-0.628423814
1784881108.632407904,9.450000139,5.046069752,-0.669900724,1.200000000,-0.629337112
1784881108.642407894,9.460000139,5.051624233,-0.673334115,1.200000000,-0.630237802
1784881108.652407885,9.470000139,5.057179686,-0.676758590,1.200000000,-0.631125530
1784881108.662408113,9.480000139,5.062736087,-0.680174039,1.200000000,-0.631999941
1784881108.672408104,9.490000139,5.068293413,-0.683580351,1.200000000,-0.632860679
1784881108.682408094,9.500000139,5.073851638,-0.686977414,1.200000000,-0.633707391
1784881108.692408085,9.510000139,5.079410737,-0.690365117,1.200000000,-0.634539721
1784881108.702408075,9.520000139,5.084970684,-0.693743351,1.200000000,-0.635357313
1784881108.712408066,9.530000139,5.090531454,-0.697112003,1.200000000,-0.636159814
1784881108.722408056,9.540000139,5.096093022,-0.700470964,1.200000000,-0.636946867
1784881108.732408047,9.550000139,5.101655360,-0.703820123,1.200000000,-0.637718119
1784881108.742408037,9.560000139,5.107218443,-0.707159370,1.200000000,-0.638473214
1784881108.752408028,9.570000139,5.112782244,-0.710488595,1.200000000,-0.639211797
1784881108.762408018,9.580000139,5.118346736,-0.713807687,1.200000000,-0.639933513
1784881108.772408009,9.590000139,5.123911894,-0.717116537,1.200000000,-0.640638008
1784881108.782407999,9.600000139,5.129477689,-0.720415036,1.200000000,-0.641324926
1784881108.792407990,9.610000139,5.135044096,-0.723703073,1.200000000,-0.641993912
1784881108.802407980,9.620000139,5.140611086,-0.726980539,1.200000000,-0.642644611
1784881108.812407970,9.630000139,5.146178634,-0.730247325,1.200000000,-0.643276669
1784881108.822407961,9.640000139,5.151746712,-0.733503321,1.200000000,-0.643889731
1784881108.832407951,9.650000139,5.157315293,-0.736748419,1.200000000,-0.644483441
1784881108.842407942,9.660000139,5.162884349,-0.739982509,1.200000000,-0.645057444
1784881108.852407932,9.670000139,5.168453854,-0.743205483,1.200000000,-0.645611386
1784881108.862407923,9.680000139,5.174023781,-0.746417233,1.200000000,-0.646144912
1784881108.872407913,9.690000139,5.179594102,-0.749617649,1.200000000,-0.646657666
1784881108.882407904,9.700000139,5.185164791,-0.752806624,1.200000000,-0.647149294
1784881108.892407894,9.710000139,5.190735821,-0.755984049,1.200000000,-0.647619441
1784881108.902407885,9.720000139,5.196307166,-0.759149817,1.200000000,-0.648067751
1784881108.912408113,9.730000139,5.201878798,-0.762303819,1.200000000,-0.648493870
1784881108.922408104,9.740000139,5.207450691,-0.765445948,1.200000000,-0.648897443
1784881108.932408094,9.750000139,5.213022820,-0.768576096,1.200000000,-0.649278115
1784881108.942408085,9.760000139,5.218595158,-0.771694156,1.200000000,-0.649635531
1784881108.952408075,9.770000139,5.224167679,-0.774800021,1.200000000,-0.649969336
1784881108.962408066,9.780000139,5.229740358,-0.777893583,1.200000000,-0.650279175
1784881108.972408056,9.790000139,5.235313170,-0.780974737,1.200000000,-0.650564692
1784881108.982408047,9.800000139,5.240886089,-0.784043375,1.200000000,-0.650825534
1784881108.992408037,9.810000139,5.246459091,-0.787099390,1.200000000,-0.651061345
1784881109.002408028,9.820000139,5.252032151,-0.790142677,1.200000000,-0.651271770
1784881109.012408018,9.830000139,5.257605245,-0.793173129,1.200000000,-0.651456455
1784881109.022408009,9.840000139,5.263178349,-0.796190640,1.200000000,-0.651615043
1784881109.032407999,9.850000139,5.268751441,-0.799195104,1.200000000,-0.651747181
1784881109.042407990,9.860000139,5.274324496,-0.802186416,1.200000000,-0.651852513
1784881109.052407980,9.870000139,5.279897493,-0.805164471,1.200000000,-0.651930684
1784881109.062407970,9.880000139,5.285470409,-0.808129163,1.200000000,-0.651981340
1784881109.072407961,9.890000139,5.291043223,-0.811080387,1.200000000,-0.652004125
1784881109.082407951,9.900000139,5.296615912,-0.814018038,1.200000000,-0.651998685
1784881109.092407942,9.910000139,5.302188457,-0.816942011,1.200000000,-0.651964664
1784881109.102407932,9.920000139,5.307760837,-0.819852203,1.200000000,-0.651901708
1784881109.112407923,9.930000139,5.313333033,-0.822748508,1.200000000,-0.651809461
1784881109.122407913,9.940000139,5.318905024,-0.825630823,1.200000000,-0.651687569
1784881109.132407904,9.950000139,5.324476792,-0.828499045,1.200000000,-0.651535676
1784881109.142407894,9.960000139,5.330048320,-0.831353068,1.200000000,-0.651353429
1784881109.152407885,9.970000139,5.335619588,-0.834192791,1.200000000,-0.651140470
1784881109.162408113,9.980000139,5.341190582,-0.837018109,1.200000000,-0.650896447
1784881109.172408104,9.990000139,5.346761283,-0.839828919,1.200000000,-0.650621004
1784881109.182408094,10.000000139,5.352331676,-0.842625120,1.200000000,-0.650313785
1784881109.192408085,10.010000139,5.357901747,-0.845406608,1.200000000,-0.649974436
1784881109.202408075,10.020000139,5.363471481,-0.848173282,1.200000000,-0.649602602
1784881109.212408066,10.030000139,5.369040863,-0.850925038,1.200000000,-0.649197928
1784881109.222408056,10.040000139,5.374609881,-0.853661775,1.200000000,-0.648760059
1784881109.232408047,10.050000139,5.380178523,-0.856383393,1.200000000,-0.648288640
1784881109.242408037,10.060000139,5.385746777,-0.859089788,1.200000000,-0.647783316
1784881109.252408028,10.070000139,5.391314631,-0.861780861,1.200000000,-0.647243732
1784881109.262408018,10.080000139,5.396882076,-0.864456510,1.200000000,-0.646669534
1784881109.272408009,10.090000139,5.402449103,-0.867116634,1.200000000,-0.646060365
1784881109.282407999,10.100000139,5.408015702,-0.869761134,1.200000000,-0.645415872
1784881109.292407990,10.110000139,5.413581866,-0.872389910,1.200000000,-0.644735699
1784881109.302407980,10.120000139,5.419147588,-0.875002861,1.200000000,-0.644019491
1784881109.312407970,10.130000139,5.424712862,-0.877599888,1.200000000,-0.643266894
1784881109.322407961,10.140000139,5.430277682,-0.880180892,1.200000000,-0.642477552
1784881109.332407951,10.150000139,5.435842043,-0.882745773,1.200000000,-0.641651110
1784881109.342407942,10.160000139,5.441405943,-0.885294434,1.200000000,-0.640787214
1784881109.352407932,10.170000139,5.446969377,-0.887826775,1.200000000,-0.639885509
1784881109.362407923,10.180000139,5.452532345,-0.890342700,1.200000000,-0.638945638
1784881109.372407913,10.190000139,5.458094845,-0.892842108,1.200000000,-0.637967249
1784881109.382407904,10.200000139,5.463656877,-0.895324905,1.200000000,-0.636949985
1784881109.392407894,10.210000139,5.469218442,-0.897790991,1.200000000,-0.635893492
1784881109.402407885,10.220000139,5.474779540,-0.900240271,1.200000000,-0.634797414
1784881109.412408113,10.230000139,5.480340176,-0.902672647,1.200000000,-0.633661397
1784881109.422408104,10.240000139,5.485900352,-0.905088025,1.200000000,-0.632485086
1784881109.432408094,10.250000139,5.491460073,-0.907486306,1.200000000,-0.631268126
1784881109.442408085,10.260000139,5.497019344,-0.909867397,1.200000000,-0.630010161
1784881109.452408075,10.270000139,5.502578172,-0.912231202,1.200000000,-0.628710838
1784881109.462408066,10.280000139,5.508136563,-0.914577626,1.200000000,-0.627369800
1784881109.472408056,10.290000139,5.513694526,-0.916906574,1.200000000,-0.625986693
1784881109.482408047,10.300000139,5.519252071,-0.919217952,1.200000000,-0.624561162
1784881109.492408037,10.310000139,5.524809208,-0.921511668,1.200000000,-0.623092853
1784881109.502408028,10.320000139,5.530365947,-0.923787626,1.200000000,-0.621581409
1784881109.512408018,10.330000139,5.535922301,-0.926045735,1.200000000,-0.620026476
1784881109.522408009,10.340000139,5.541478283,-0.928285901,1.200000000,-0.618427700
1784881109.532407999,10.350000139,5.547033908,-0.930508032,1.200000000,-0.616784725
1784881109.542407990,10.360000139,5.552589190,-0.932712037,1.200000000,-0.615097196
1784881109.552407980,10.370000139,5.558144147,-0.934897824,1.200000000,-0.613364758
1784881109.562407970,10.380000139,5.563698794,-0.937065302,1.200000000,-0.611587056
1784881109.572407961,10.390000139,5.569253150,-0.939214380,1.200000000,-0.609763736
1784881109.582407951,10.400000139,5.574807234,-0.941344968,1.200000000,-0.607894442
1784881109.592407942,10.410000139,5.580361067,-0.943456977,1.200000000,-0.605978820
1784881109.602407932,10.420000139,5.585914670,-0.945550316,1.200000000,-0.604016514
1784881109.612407923,10.430000139,5.591468065,-0.947624898,1.200000000,-0.602007170
1784881109.622407913,10.440000139,5.597021276,-0.949680634,1.200000000,-0.599950432
1784881109.632407904,10.450000139,5.602574326,-0.951717436,1.200000000,-0.597845946
1784881109.642407894,10.460000139,5.608127240,-0.953735216,1.200000000,-0.595693356
1784881109.652407885,10.470000139,5.613680046,-0.955733887,1.200000000,-0.593492308
1784881109.662408113,10.480000139,5.619232770,-0.957713364,1.200000000,-0.591242446
1784881109.672408104,10.490000139,5.624785440,-0.959673560,1.200000000,-0.588943417
1784881109.682408094,10.500000139,5.630338086,-0.961614389,1.200000000,-0.586594864
1784881109.692408085,10.510000139,5.635890738,-0.963535766,1.200000000,-0.584196433
1784881109.702408075,10.520000139,5.641443428,-0.965437608,1.200000000,-0.581747861
1784881109.712408066,10.530000139,5.646996186,-0.967319829,1.200000000,-0.579249434
1784881109.722408056,10.540000139,5.652549047,-0.969182348,1.200000000,-0.576701639
1784881109.732408047,10.550000139,5.658102043,-0.971025081,1.200000000,-0.574104964
1784881109.742408037,10.560000139,5.663655212,-0.972847945,1.200000000,-0.571459897
1784881109.752408028,10.570000139,5.669208587,-0.974650859,1.200000000,-0.568766925
1784881109.762408018,10.580000139,5.674762207,-0.976433743,1.200000000,-0.566026535
1784881109.772408009,10.590000139,5.680316108,-0.978196514,1.200000000,-0.563239217
1784881109.782407999,10.600000139,5.685870330,-0.979939095,1.200000000,-0.560405456
1784881109.792407990,10.610000139,5.691424912,-0.981661404,1.200000000,-0.557525741
1784881109.802407980,10.620000139,5.696979894,-0.983363364,1.200000000,-0.554600560
1784881109.812407970,10.630000139,5.702535318,-0.985044897,1.200000000,-0.551630399
1784881109.822407961,10.640000139,5.708091226,-0.986705925,1.200000000,-0.548615748
1784881109.832407951,10.650000139,5.713647661,-0.988346371,1.200000000,-0.545557093
1784881109.842407942,10.660000139,5.719204666,-0.989966159,1.200000000,-0.542454921
1784881109.852407932,10.670000139,5.724762287,-0.991565214,1.200000000,-0.539309722
1784881109.862407923,10.680000139,5.730320568,-0.993143462,1.200000000,-0.536121982
1784881109.872407913,10.690000139,5.735879556,-0.994700828,1.200000000,-0.532892189
1784881109.882407904,10.700000139,5.741439298,-0.996237238,1.200000000,-0.529620830
1784881109.892407894,10.710000139,5.746999841,-0.997752621,1.200000000,-0.526308394
1784881109.902407885,10.720000139,5.752561234,-0.999246904,1.200000000,-0.522955368
1784881109.912408113,10.730000139,5.758123526,-1.000720016,1.200000000,-0.519562239
1784881109.922408104,10.740000139,5.763686766,-1.002171887,1.200000000,-0.516129496
1784881109.932408094,10.750000139,5.769251006,-1.003602448,1.200000000,-0.512657625
1784881109.942408085,10.760000139,5.774816296,-1.005011628,1.200000000,-0.509147115
1784881109.952408075,10.770000139,5.780382688,-1.006399362,1.200000000,-0.505598453
1784881109.962408066,10.780000139,5.785950234,-1.007765580,1.200000000,-0.502012127
1784881109.972408056,10.790000139,5.791518987,-1.009110217,1.200000000,-0.498388625
1784881109.982408047,10.800000139,5.797089001,-1.010433207,1.200000000,-0.494728433
1784881109.992408037,10.810000139,5.802660331,-1.011734485,1.200000000,-0.491032041
1784881110.002408028,10.820000139,5.808233029,-1.013013988,1.200000000,-0.487299935
1784881110.012408018,10.830000139,5.813807152,-1.014271652,1.200000000,-0.483532603
1784881110.022408009,10.840000139,5.819382755,-1.015507415,1.200000000,-0.479730532
1784881110.032407999,10.850000139,5.824959894,-1.016721216,1.200000000,-0.475894211
1784881110.042407990,10.860000139,5.830538626,-1.017912994,1.200000000,-0.472024127
1784881110.052407980,10.870000139,5.836119008,-1.019082690,1.200000000,-0.468120768
1784881110.062407970,10.880000139,5.841701096,-1.020230246,1.200000000,-0.464184621
1784881110.072407961,10.890000139,5.847284948,-1.021355602,1.200000000,-0.460216174
1784881110.082407951,10.900000139,5.852870623,-1.022458704,1.200000000,-0.456215915
1784881110.092407942,10.910000139,5.858458178,-1.023539495,1.200000000,-0.452184331
1784881110.102407932,10.920000139,5.864047673,-1.024597919,1.200000000,-0.448121910
1784881110.112407923,10.930000139,5.869639165,-1.025633924,1.200000000,-0.444029140
1784881110.122407913,10.940000139,5.875232715,-1.026647457,1.200000000,-0.439906507
1784881110.132407904,10.950000139,5.880828382,-1.027638466,1.200000000,-0.435754501
1784881110.142407894,10.960000139,5.886426224,-1.028606899,1.200000000,-0.431573608
1784881110.152407885,10.970000139,5.892026302,-1.029552707,1.200000000,-0.427364316
1784881110.162408113,10.980000139,5.897628675,-1.030475842,1.200000000,-0.423127114
1784881110.172408104,10.990000139,5.903233404,-1.031376255,1.200000000,-0.418862487
1784881110.182408094,11.000000139,5.908840548,-1.032253900,1.200000000,-0.414570925
1784881110.192408085,11.010000139,5.914450167,-1.033108731,1.200000000,-0.410252914
1784881110.202408075,11.020000139,5.920062322,-1.033940705,1.200000000,-0.405908943
1784881110.212408066,11.030000139,5.925677073,-1.034749777,1.200000000,-0.401539499
1784881110.222408056,11.040000139,5.931294480,-1.035535905,1.200000000,-0.397145070
1784881110.232408047,11.050000139,5.936914602,-1.036299048,1.200000000,-0.392726143
1784881110.242408037,11.060000139,5.942537499,-1.037039166,1.200000000,-0.388283207
1784881110.252408028,11.070000139,5.948163233,-1.037756220,1.200000000,-0.383816747
1784881110.262408018,11.080000139,5.953791861,-1.038450172,1.200000000,-0.379327254
1784881110.272408009,11.090000139,5.959423445,-1.039120987,1.200000000,-0.374815213
1784881110.282407999,11.100000139,5.965058043,-1.039768627,1.200000000,-0.370281112
1784881110.292407990,11.110000139,5.970695714,-1.040393060,1.200000000,-0.365725440
1784881110.302407980,11.120000139,5.976336517,-1.040994252,1.200000000,-0.361148684
1784881110.312407970,11.130000139,5.981980511,-1.041572172,1.200000000,-0.356551332
1784881110.322407961,11.140000139,5.987627755,-1.042126789,1.200000000,-0.351933871
1784881110.332407951,11.150000139,5.993278306,-1.042658073,1.200000000,-0.347296788
1784881110.342407942,11.160000139,5.998932221,-1.043165997,1.200000000,-0.342640572
1784881110.352407932,11.170000139,6.004589560,-1.043650533,1.200000000,-0.337965711
1784881110.362407923,11.180000139,6.010250377,-1.044111657,1.200000000,-0.333272691
1784881110.372407913,11.190000139,6.015914730,-1.044549343,1.200000000,-0.328562001
1784881110.382407904,11.200000139,6.021582674,-1.044963570,1.200000000,-0.323834127
1784881110.392407894,11.210000139,6.027254266,-1.045354315,1.200000000,-0.319089559
1784881110.402407885,11.220000139,6.032929559,-1.045721557,1.200000000,-0.314328783
1784881110.412408113,11.230000139,6.038608609,-1.046065279,1.200000000,-0.309552287
1784881110.422408104,11.240000139,6.044291469,-1.046385461,1.200000000,-0.304760558
1784881110.432408094,11.250000139,6.049978193,-1.046682088,1.200000000,-0.299954085
1784881110.442408085,11.260000139,6.055668833,-1.046955145,1.200000000,-0.295133355
1784881110.452408075,11.270000139,6.061363441,-1.047204618,1.200000000,-0.290298856
1784881110.462408066,11.280000139,6.067062068,-1.047430494,1.200000000,-0.285451075
1784881110.472408056,11.290000139,6.072764765,-1.047632763,1.200000000,-0.280590500
1784881110.482408047,11.300000139,6.078471581,-1.047811416,1.200000000,-0.275717619
1784881110.492408037,11.310000139,6.084182566,-1.047966444,1.200000000,-0.270832919
1784881110.502408028,11.320000139,6.089897768,-1.048097839,1.200000000,-0.265936888
1784881110.512408018,11.330000139,6.095617235,-1.048205598,1.200000000,-0.261030013
1784881110.522408009,11.340000139,6.101341012,-1.048289716,1.200000000,-0.256112783
1784881110.532407999,11.350000139,6.107069145,-1.048350191,1.200000000,-0.251185684
1784881110.542407990,11.360000139,6.112801680,-1.048387022,1.200000000,-0.246249205
1784881110.552407980,11.370000139,6.118538660,-1.048400208,1.200000000,-0.241303833
1784881110.562407970,11.380000139,6.124280128,-1.048389752,1.200000000,-0.236350056
1784881110.572407961,11.390000139,6.130026126,-1.048355658,1.200000000,-0.231388362
1784881110.582407951,11.400000139,6.135776695,-1.048297930,1.200000000,-0.226419237
1784881110.592407942,11.410000139,6.141531874,-1.048216574,1.200000000,-0.221443170
1784881110.602407932,11.420000139,6.147291703,-1.048111598,1.200000000,-0.216460649
1784881110.612407923,11.430000139,6.153056220,-1.047983012,1.200000000,-0.211472161
1784881110.622407913,11.440000139,6.158825460,-1.047830826,1.200000000,-0.206478193
1784881110.632407904,11.450000139,6.164599460,-1.047655052,1.200000000,-0.201479234
1784881110.642407894,11.460000139,6.170378254,-1.047455705,1.200000000,-0.196475771
1784881110.652407885,11.470000139,6.176161874,-1.047232799,1.200000000,-0.191468291
1784881110.662408113,11.480000139,6.181950354,-1.046986352,1.200000000,-0.186457283
1784881110.672408104,11.490000139,6.187743724,-1.046716381,1.200000000,-0.181443234
1784881110.682408094,11.500000139,6.193542013,-1.046422907,1.200000000,-0.176426631
1784881110.692408085,11.510000139,6.199345249,-1.046105952,1.200000000,-0.171407963
1784881110.702408075,11.520000139,6.205153460,-1.045765537,1.200000000,-0.166387716
1784881110.712408066,11.530000139,6.210966672,-1.045401688,1.200000000,-0.161366380
1784881110.722408056,11.540000139,6.216784907,-1.045014431,1.200000000,-0.156344440
1784881110.732408047,11.550000139,6.222608191,-1.044603794,1.200000000,-0.151322385
1784881110.742408037,11.560000139,6.228436543,-1.044169805,1.200000000,-0.146300703
1784881110.752408028,11.570000139,6.234269985,-1.043712496,1.200000000,-0.141279880
1784881110.762408018,11.580000139,6.240108536,-1.043231898,1.200000000,-0.136260406
1784881110.772408009,11.590000139,6.245952212,-1.042728047,1.200000000,-0.131242767
1784881110.782407999,11.600000139,6.251801029,-1.042200977,1.200000000,-0.126227451
1784881110.792407990,11.610000139,6.257655002,-1.041650725,1.200000000,-0.121214946
1784881110.802407980,11.620000139,6.263514145,-1.041077330,1.200000000,-0.116205739
1784881110.812407970,11.630000139,6.269378468,-1.040480833,1.200000000,-0.111200319
1784881110.822407961,11.640000139,6.275247981,-1.039861275,1.200000000,-0.106199172
1784881110.832407951,11.650000139,6.281122693,-1.039218701,1.200000000,-0.101202786
1784881110.842407942,11.660000139,6.287002611,-1.038553153,1.200000000,-0.096211650
1784881110.852407932,11.670000139,6.292887740,-1.037864681,1.200000000,-0.091226250
1784881110.862407923,11.680000139,6.298778084,-1.037153331,1.200000000,-0.086247074
1784881110.872407913,11.690000139,6.304673645,-1.036419154,1.200000000,-0.081274610
1784881110.882407904,11.700000139,6.310574423,-1.035662201,1.200000000,-0.076309346
1784881110.892407894,11.710000139,6.316480417,-1.034882525,1.200000000,-0.071351770
1784881110.902407885,11.720000139,6.322391626,-1.034080181,1.200000000,-0.066402368
1784881110.912408113,11.730000139,6.328308043,-1.033255224,1.200000000,-0.061461628
1784881110.922408104,11.740000139,6.334229664,-1.032407714,1.200000000,-0.056530039
1784881110.932408094,11.750000139,6.340156481,-1.031537708,1.200000000,-0.051608088
1784881110.942408085,11.760000139,6.346088483,-1.030645269,1.200000000,-0.046696262
1784881110.952408075,11.770000139,6.352025661,-1.029730459,1.200000000,-0.041795049
1784881110.962408066,11.780000139,6.357968001,-1.028793341,1.200000000,-0.036904937
1784881110.972408056,11.790000139,6.363915489,-1.027833983,1.200000000,-0.032026414
1784881110.982408047,11.800000139,6.369868109,-1.026852450,1.200000000,-0.027159966
1784881110.992408037,11.810000139,6.375825842,-1.025848812,1.200000000,-0.022306083
1784881111.002408028,11.820000139,6.381788670,-1.024823140,1.200000000,-0.017465250
1784881111.012408018,11.830000139,6.387756570,-1.023775506,1.200000000,-0.012637957
1784881111.022408009,11.840000139,6.393729520,-1.022705982,1.200000000,-0.007824691
1784881111.032407999,11.850000139,6.399707495,-1.021614645,1.200000000,-0.003025939
1784881111.042407990,11.860000139,6.405690468,-1.020501572,1.200000000,0.001757812
1784881111.052407980,11.870000139,6.411678411,-1.019366839,1.200000000,0.006526204
1784881111.062407970,11.880000139,6.417671293,-1.018210529,1.200000000,0.011279136
1784881111.072407961,11.890000139,6.423669084,-1.017032720,1.200000000,0.016016536
1784881111.082407951,11.900000139,6.429671749,-1.015833498,1.200000000,0.020738335
1784881111.092407942,11.910000139,6.435679252,-1.014612946,1.200000000,0.025444461
1784881111.102407932,11.920000139,6.441691558,-1.013371149,1.200000000,0.030134844
1784881111.112407923,11.930000139,6.447708626,-1.012108197,1.200000000,0.034809413
1784881111.122407913,11.940000139,6.453730417,-1.010824177,1.200000000,0.039468099
1784881111.132407904,11.950000139,6.459756887,-1.009519180,1.200000000,0.044110829
1784881111.142407894,11.960000139,6.465787994,-1.008193298,1.200000000,0.048737533
1784881111.152407885,11.970000139,6.471823690,-1.006846624,1.200000000,0.053348142
1784881111.162408113,11.980000139,6.477863928,-1.005479254,1.200000000,0.057942583
1784881111.172408104,11.990000139,6.483908659,-1.004091284,1.200000000,0.062520788
1784881111.182408094,12.000000139,6.489957833,-1.002682811,1.200000000,0.067082684
1784881111.192408085,12.010000139,6.496011395,-1.001253936,1.200000000,0.071628201
1784881111.202408075,12.020000139,6.502069291,-0.999804758,1.200000000,0.076157268
1784881111.212408066,12.030000139,6.508131466,-0.998335379,1.200000000,0.080669816
1784881111.222408056,12.040000139,6.514197862,-0.996845904,1.200000000,0.085165773
1784881111.232408047,12.050000139,6.520268418,-0.995336437,1.200000000,0.089645069
1784881111.242408037,12.060000139,6.526343074,-0.993807084,1.200000000,0.094107633
1784881111.252408028,12.070000139,6.532421766,-0.992257954,1.200000000,0.098553394
1784881111.262408018,12.080000139,6.538504431,-0.990689154,1.200000000,0.102982281
1784881111.272408009,12.090000139,6.544591001,-0.989100797,1.200000000,0.107394225
1784881111.282407999,12.100000139,6.550681409,-0.987492992,1.200000000,0.111789155
1784881111.292407990,12.110000139,6.556775585,-0.985865854,1.200000000,0.116166999
1784881111.302407980,12.120000139,6.562873458,-0.984219496,1.200000000,0.120527688
1784881111.312407970,12.130000139,6.568974956,-0.982554035,1.200000000,0.124871150
1784881111.322407961,12.140000139,6.575080004,-0.980869586,1.200000000,0.129197315
1784881111.332407951,12.150000139,6.581188526,-0.979166269,1.200000000,0.133506112
1784881111.342407942,12.160000139,6.587300445,-0.977444203,1.200000000,0.137797471
1784881111.352407932,12.170000139,6.593415682,-0.975703509,1.200000000,0.142071320
1784881111.362407923,12.180000139,6.599534157,-0.973944307,1.200000000,0.146327591
1784881111.372407913,12.190000139,6.605655786,-0.972166722,1.200000000,0.150566211
1784881111.382407904,12.200000139,6.611780488,-0.970370878,1.200000000,0.154787110
1784881111.392407894,12.210000139,6.617908176,-0.968556900,1.200000000,0.158990217
1784881111.402407885,12.220000139,6.624038764,-0.966724915,1.200000000,0.163175462
1784881111.412408113,12.230000139,6.630172166,-0.964875050,1.200000000,0.167342775
1784881111.422408104,12.240000139,6.636308290,-0.963007434,1.200000000,0.171492084
1784881111.432408094,12.250000139,6.642447047,-0.961122198,1.200000000,0.175623319
1784881111.442408085,12.260000139,6.648588345,-0.959219473,1.200000000,0.179736409
1784881111.452408075,12.270000139,6.654732089,-0.957299390,1.200000000,0.183831283
1784881111.462408066,12.280000139,6.660878186,-0.955362084,1.200000000,0.187907872
1784881111.472408056,12.290000139,6.667026539,-0.953407687,1.200000000,0.191966104
1784881111.482408047,12.300000139,6.673177051,-0.951436336,1.200000000,0.196005909
1784881111.492408037,12.310000139,6.679329623,-0.949448167,1.200000000,0.200027215
1784881111.502408028,12.320000139,6.685484155,-0.947443316,1.200000000,0.204029953
1784881111.512408018,12.330000139,6.691640546,-0.945421923,1.200000000,0.208014052
1784881111.522408009,12.340000139,6.697798694,-0.943384127,1.200000000,0.211979441
1784881111.532407999,12.350000139,6.703958495,-0.941330067,1.200000000,0.215926050
1784881111.542407990,12.360000139,6.710119844,-0.939259886,1.200000000,0.219853807
1784881111.552407980,12.370000139,6.716282636,-0.937173723,1.200000000,0.223762643
1784881111.562407970,12.380000139,6.722446763,-0.935071724,1.200000000,0.227652486
1784881111.572407961,12.390000139,6.728612117,-0.932954031,1.200000000,0.231523266
1784881111.582407951,12.400000139,6.734778589,-0.930820788,1.200000000,0.235374913
1784881111.592407942,12.410000139,6.740946070,-0.928672142,1.200000000,0.239207355
1784881111.602407932,12.420000139,6.747114447,-0.926508238,1.200000000,0.243020522
1784881111.612407923,12.430000139,6.753283608,-0.924329223,1.200000000,0.246814343
1784881111.622407913,12.440000139,6.759453441,-0.922135246,1.200000000,0.250588749
1784881111.632407904,12.450000139,6.765623831,-0.919926454,1.200000000,0.254343667
1784881111.642407894,12.460000139,6.771794663,-0.917702996,1.200000000,0.258079028
1784881111.652407885,12.470000139,6.777965821,-0.915465023,1.200000000,0.261794761
1784881111.662408113,12.480000139,6.784137188,-0.913212685,1.200000000,0.265490794
1784881111.672408104,12.490000139,6.790308647,-0.910946134,1.200000000,0.269167059
1784881111.682408094,12.500000139,6.796480078,-0.908665521,1.200000000,0.272823483
1784881111.692408085,12.510000139,6.802651364,-0.906370998,1.200000000,0.276459997
1784881111.702408075,12.520000139,6.808822383,-0.904062719,1.200000000,0.280076529
1784881111.712408066,12.530000139,6.814993015,-0.901740837,1.200000000,0.283673009
1784881111.722408056,12.540000139,6.821163139,-0.899405507,1.200000000,0.287249366
1784881111.732408047,12.550000139,6.827332632,-0.897056884,1.200000000,0.290805531
1784881111.742408037,12.560000139,6.833501371,-0.894695122,1.200000000,0.294341431
1784881111.752408028,12.570000139,6.839669234,-0.892320378,1.200000000,0.297856997
1784881111.762408018,12.580000139,6.845836095,-0.889932807,1.200000000,0.301352157
1784881111.772408009,12.590000139,6.852001831,-0.887532567,1.200000000,0.304826842
1784881111.782407999,12.600000139,6.858166317,-0.885119815,1.200000000,0.308280980
1784881111.792407990,12.610000139,6.864329426,-0.882694707,1.200000000,0.311714501
1784881111.802407980,12.620000139,6.870491033,-0.880257403,1.200000000,0.315127335
1784881111.812407970,12.630000139,6.876651011,-0.877808060,1.200000000,0.318519410
1784881111.822407961,12.640000139,6.882809234,-0.875346838,1.200000000,0.321890656
1784881111.832407951,12.650000139,6.888965573,-0.872873894,1.200000000,0.325241002
1784881111.842407942,12.660000139,6.895119901,-0.870389389,1.200000000,0.328570378
1784881111.852407932,12.670000139,6.901272090,-0.867893482,1.200000000,0.331878713
1784881111.862407923,12.680000139,6.907422012,-0.865386333,1.200000000,0.335165936
1784881111.872407913,12.690000139,6.913569538,-0.862868102,1.200000000,0.338431977
1784881111.882407904,12.700000139,6.919714539,-0.860338949,1.200000000,0.341676765
1784881111.892407894,12.710000139,6.925856886,-0.857799035,1.200000000,0.344900230
1784881111.902407885,12.720000139,6.931996451,-0.855248521,1.200000000,0.348102301
1784881111.912408113,12.730000139,6.938133102,-0.852687567,1.200000000,0.351282907
1784881111.922408104,12.740000139,6.944266711,-0.850116334,1.200000000,0.354441977
1784881111.932408094,12.750000139,6.950397149,-0.847534984,1.200000000,0.357579441
1784881111.942408085,12.760000139,6.956524285,-0.844943677,1.200000000,0.360695229
1784881111.952408075,12.770000139,6.962647990,-0.842342576,1.200000000,0.363789269
1784881111.962408066,12.780000139,6.968768134,-0.839731841,1.200000000,0.366861491
1784881111.972408056,12.790000139,6.974884587,-0.837111633,1.200000000,0.369911825
1784881111.982408047,12.800000139,6.980997219,-0.834482115,1.200000000,0.372940199
1784881111.992408037,12.810000139,6.987105902,-0.831843447,1.200000000,0.375946544
1784881112.002408028,12.820000139,6.993210504,-0.829195790,1.200000000,0.378930788
1784881112.012408018,12.830000139,6.999310898,-0.826539307,1.200000000,0.381892861
1784881112.022408009,12.840000139,7.005406954,-0.823874157,1.200000000,0.384832691
1784881112.032407999,12.850000139,7.011498543,-0.821200503,1.200000000,0.387750210
1784881112.042407990,12.860000139,7.017585536,-0.818518505,1.200000000,0.390645345
1784881112.052407980,12.870000139,7.023667804,-0.815828324,1.200000000,0.393518027
1784881112.062407970,12.880000139,7.029745220,-0.813130121,1.200000000,0.396368184
1784881112.072407961,12.890000139,7.035817656,-0.810424055,1.200000000,0.399195746
1784881112.082407951,12.900000139,7.041884983,-0.807710289,1.200000000,0.402000643
1784881112.092407942,12.910000139,7.047947075,-0.804988980,1.200000000,0.404782803
1784881112.102407932,12.920000139,7.054003805,-0.802260290,1.200000000,0.407542157
1784881112.112407923,12.930000139,7.060055046,-0.799524378,1.200000000,0.410278632
1784881112.122407913,12.940000139,7.066100673,-0.796781403,1.200000000,0.412992160
1784881112.132407904,12.950000139,7.072140561,-0.794031523,1.200000000,0.415682669
1784881112.142407894,12.960000139,7.078174583,-0.791274899,1.200000000,0.418350088
1784881112.152407885,12.970000139,7.084202617,-0.788511688,1.200000000,0.420994347
1784881112.162408113,12.980000139,7.090224537,-0.785742047,1.200000000,0.423615375
1784881112.172408104,12.990000139,7.096240222,-0.782966135,1.200000000,0.426213102
1784881112.182408094,13.000000139,7.102249547,-0.780184109,1.200000000,0.428787457
1784881112.192408085,13.010000139,7.108252392,-0.777396125,1.200000000,0.431338369
1784881112.202408075,13.020000139,7.114248635,-0.774602339,1.200000000,0.433865768
1784881112.212408066,13.030000139,7.120238156,-0.771802908,1.200000000,0.436369583
1784881112.222408056,13.040000139,7.126220834,-0.768997987,1.200000000,0.438849744
1784881112.232408047,13.050000139,7.132196551,-0.766187730,1.200000000,0.441306179
1784881112.242408037,13.060000139,7.138165188,-0.763372293,1.200000000,0.443738818
1784881112.252408028,13.070000139,7.144126627,-0.760551828,1.200000000,0.446147591
1784881112.262408018,13.080000139,7.150080753,-0.757726489,1.200000000,0.448532426
1784881112.272408009,13.090000139,7.156027448,-0.754896429,1.200000000,0.450893254
1784881112.282407999,13.100000139,7.161966599,-0.752061799,1.200000000,0.453230003
1784881112.292407990,13.110000139,7.167898092,-0.749222751,1.200000000,0.455542603
1784881112.302407980,13.120000139,7.173821812,-0.746379437,1.200000000,0.457830984
1784881112.312407970,13.130000139,7.179737648,-0.743532005,1.200000000,0.460095074
1784881112.322407961,13.140000139,7.185645489,-0.740680606,1.200000000,0.462334803
1784881112.332407951,13.150000139,7.191545224,-0.737825389,1.200000000,0.464550101
1784881112.342407942,13.160000139,7.197436745,-0.734966501,1.200000000,0.466740896
1784881112.352407932,13.170000139,7.203319942,-0.732104090,1.200000000,0.468907118
1784881112.362407923,13.180000139,7.209194710,-0.729238303,1.200000000,0.471048697
1784881112.372407913,13.190000139,7.215060943,-0.726369286,1.200000000,0.473165561
1784881112.382407904,13.200000139,7.220918534,-0.723497184,1.200000000,0.475257641
1784881112.392407894,13.210000139,7.226767381,-0.720622140,1.200000000,0.477324866
1784881112.402407885,13.220000139,7.232607381,-0.717744300,1.200000000,0.479367164
1784881112.412408113,13.230000139,7.238438432,-0.714863805,1.200000000,0.481384465
1784881112.422408104,13.240000139,7.244260434,-0.711980798,1.200000000,0.483376699
1784881112.432408094,13.250000139,7.250073289,-0.709095420,1.200000000,0.485343795
1784881112.442408085,13.260000139,7.255876898,-0.706207811,1.200000000,0.487285683
1784881112.452408075,13.270000139,7.261671165,-0.703318110,1.200000000,0.489202291
1784881112.462408066,13.280000139,7.267455995,-0.700426456,1.200000000,0.491093549
1784881112.472408056,13.290000139,7.273231293,-0.697532987,1.200000000,0.492959386
1784881112.482408047,13.300000139,7.278996967,-0.694637839,1.200000000,0.494799733
1784881112.492408037,13.310000139,7.284752925,-0.691741148,1.200000000,0.496614517
1784881112.502408028,13.320000139,7.290499078,-0.688843050,1.200000000,0.498403669
1784881112.512408018,13.330000139,7.296235336,-0.685943677,1.200000000,0.500167118
1784881112.522408009,13.340000139,7.301961613,-0.683043162,1.200000000,0.501904793
1784881112.532407999,13.350000139,7.307677822,-0.680141638,1.200000000,0.503616624
1784881112.542407990,13.360000139,7.313383879,-0.677239236,1.200000000,0.505302539
1784881112.552407980,13.370000139,7.319079700,-0.674336086,1.200000000,0.506962469
1784881112.562407970,13.380000139,7.324765204,-0.671432316,1.200000000,0.508596343
1784881112.572407961,13.390000139,7.330440310,-0.668528054,1.200000000,0.510204090
1784881112.582407951,13.400000139,7.336104940,-0.665623428,1.200000000,0.511785639
1784881112.592407942,13.410000139,7.341759016,-0.662718563,1.200000000,0.513340919
1784881112.602407932,13.420000139,7.347402462,-0.659813583,1.200000000,0.514869861
1784881112.612407923,13.430000139,7.353035204,-0.656908613,1.200000000,0.516372394
1784881112.622407913,13.440000139,7.358657168,-0.654003776,1.200000000,0.517848446
1784881112.632407904,13.450000139,7.364268284,-0.651099192,1.200000000,0.519297947
1784881112.642407894,13.460000139,7.369868481,-0.648194982,1.200000000,0.520720827
1784881112.652407885,13.470000139,7.375457690,-0.645291266,1.200000000,0.522117015
1784881112.662408113,13.480000139,7.381035845,-0.642388161,1.200000000,0.523486440
1784881112.672408104,13.490000139,7.386602881,-0.639485785,1.200000000,0.524829032
1784881112.682408094,13.500000139,7.392158732,-0.636584254,1.200000000,0.526144720
1784881112.692408085,13.510000139,7.397703338,-0.633683683,1.200000000,0.527433433
1784881112.702408075,13.520000139,7.403236637,-0.630784184,1.200000000,0.528695101
1784881112.712408066,13.530000139,7.408758570,-0.627885872,1.200000000,0.529929652
1784881112.722408056,13.540000139,7.414269079,-0.624988856,1.200000000,0.531137018
1784881112.732408047,13.550000139,7.419768108,-0.622093249,1.200000000,0.532317126
1784881112.742408037,13.560000139,7.425255602,-0.619199157,1.200000000,0.533469906
1784881112.752408028,13.570000139,7.430731509,-0.616306690,1.200000000,0.534595288
1784881112.762408018,13.580000139,7.436195777,-0.613415953,1.200000000,0.535693201
1784881112.772408009,13.590000139,7.441648356,-0.610527053,1.200000000,0.536763574
1784881112.782407999,13.600000139,7.447089198,-0.607640094,1.200000000,0.537806337
1784881112.792407990,13.610000139,7.452518256,-0.604755179,1.200000000,0.538821418
1784881112.802407980,13.620000139,7.457935484,-0.601872410,1.200000000,0.539808748
1784881112.812407970,13.630000139,7.463340840,-0.598991887,1.200000000,0.540768256
1784881112.822407961,13.640000139,7.468734280,-0.596113710,1.200000000,0.541699870
1784881112.832407951,13.650000139,7.474115765,-0.593237977,1.200000000,0.542603521
1784881112.842407942,13.660000139,7.479485256,-0.590364786,1.200000000,0.543479138
1784881112.852407932,13.670000139,7.484842714,-0.587494233,1.200000000,0.544326650
1784881112.862407923,13.680000139,7.490188104,-0.584626412,1.200000000,0.545145987
1784881112.872407913,13.690000139,7.495521392,-0.581761416,1.200000000,0.545937077
1784881112.882407904,13.700000139,7.500842545,-0.578899338,1.200000000,0.546699850
1784881112.892407894,13.710000139,7.506151531,-0.576040269,1.200000000,0.547434237
1784881112.902407885,13.720000139,7.511448321,-0.573184300,1.200000000,0.548140165
1784881112.912408113,13.730000139,7.516732886,-0.570331517,1.200000000,0.548817564
1784881112.922408104,13.740000139,7.522005199,-0.567482010,1.200000000,0.549466364
1784881112.932408094,13.750000139,7.527265235,-0.564635864,1.200000000,0.550086494
1784881112.942408085,13.760000139,7.532512970,-0.561793165,1.200000000,0.550677884
1784881112.952408075,13.770000139,7.537748381,-0.558953996,1.200000000,0.551240462
1784881112.962408066,13.780000139,7.542971448,-0.556118440,1.200000000,0.551774158
1784881112.972408056,13.790000139,7.548182150,-0.553286578,1.200000000,0.552278902
1784881112.982408047,13.800000139,7.553380470,-0.550458492,1.200000000,0.552754622
1784881112.992408037,13.810000139,7.558566390,-0.547634259,1.200000000,0.553201249
1784881113.002408028,13.820000139,7.563739895,-0.544813959,1.200000000,0.553618711
1784881113.012408018,13.830000139,7.568900971,-0.541997667,1.200000000,0.554006939
1784881113.022408009,13.840000139,7.574049605,-0.539185459,1.200000000,0.554365860
1784881113.032407999,13.850000139,7.579185786,-0.536377411,1.200000000,0.554695405
1784881113.042407990,13.860000139,7.584309502,-0.533573595,1.200000000,0.554995503
1784881113.052407980,13.870000139,7.589420746,-0.530774083,1.200000000,0.555266084
1784881113.062407970,13.880000139,7.594519509,-0.527978948,1.200000000,0.555507076
1784881113.072407961,13.890000139,7.599605785,-0.525188258,1.200000000,0.555718409
1784881113.082407951,13.900000139,7.604679569,-0.522402082,1.200000000,0.555900013
1784881113.092407942,13.910000139,7.609740856,-0.519620489,1.200000000,0.556051816
1784881113.102407932,13.920000139,7.614789644,-0.516843545,1.200000000,0.556173749
1784881113.112407923,13.930000139,7.619825930,-0.514071315,1.200000000,0.556265740
1784881113.122407913,13.940000139,7.624849713,-0.511303865,1.200000000,0.556327719
1784881113.132407904,13.950000139,7.629860994,-0.508541257,1.200000000,0.556359616
1784881113.142407894,13.960000139,7.634859774,-0.505783555,1.200000000,0.556361358
1784881113.152407885,13.970000139,7.639846055,-0.503030819,1.200000000,0.556332877
1784881113.162408113,13.980000139,7.644819841,-0.500283110,1.200000000,0.556274101
1784881113.172408104,13.990000139,7.649781135,-0.497540488,1.200000000,0.556184960
1784881113.182408094,14.000000139,7.654729942,-0.494803010,1.200000000,0.556065383
1784881113.192408085,14.010000139,7.659666268,-0.492070735,1.200000000,0.555915300
1784881113.202408075,14.020000139,7.664590120,-0.489343719,1.200000000,0.555734639
1784881113.212408066,14.030000139,7.669501506,-0.486622018,1.200000000,0.555523330
1784881113.222408056,14.040000139,7.674400432,-0.483905686,1.200000000,0.555281302
1784881113.232408047,14.050000139,7.679286909,-0.481194776,1.200000000,0.555008486
1784881113.242408037,14.060000139,7.684160945,-0.478489343,1.200000000,0.554704810
1784881113.252408028,14.070000139,7.689022551,-0.475789438,1.200000000,0.554370203
1784881113.262408018,14.080000139,7.693871738,-0.473095112,1.200000000,0.554004595
1784881113.272408009,14.090000139,7.698708516,-0.470406416,1.200000000,0.553607916
1784881113.282407999,14.100000139,7.703532897,-0.467723399,1.200000000,0.553180094
1784881113.292407990,14.110000139,7.708344893,-0.465046110,1.200000000,0.552721059
1784881113.302407980,14.120000139,7.713144517,-0.462374597,1.200000000,0.552230741
1784881113.312407970,14.130000139,7.717931781,-0.459708908,1.200000000,0.551709068
1784881113.322407961,14.140000139,7.722706699,-0.457049089,1.200000000,0.551155971
1784881113.332407951,14.150000139,7.727469284,-0.454395185,1.200000000,0.550571378
1784881113.342407942,14.160000139,7.732219549,-0.451747244,1.200000000,0.549955218
1784881113.352407932,14.170000139,7.736957508,-0.449105308,1.200000000,0.549307422
1784881113.362407923,14.180000139,7.741683175,-0.446469422,1.200000000,0.548627919
1784881113.372407913,14.190000139,7.746396563,-0.443839630,1.200000000,0.547916637
1784881113.382407904,14.200000139,7.751097686,-0.441215975,1.200000000,0.547173506
1784881113.392407894,14.210000139,7.755786558,-0.438598498,1.200000000,0.546398457
1784881113.402407885,14.220000139,7.760463191,-0.435987242,1.200000000,0.545591417
1784881113.412408113,14.230000139,7.765127599,-0.433382248,1.200000000,0.544752316
1784881113.422408104,14.240000139,7.769779795,-0.430783558,1.200000000,0.543881085
1784881113.432408094,14.250000139,7.774419791,-0.428191212,1.200000000,0.542977651
1784881113.442408085,14.260000139,7.779047600,-0.425605249,1.200000000,0.542041945
1784881113.452408075,14.270000139,7.783663233,-0.423025711,1.200000000,0.541073895
1784881113.462408066,14.280000139,7.788266700,-0.420452636,1.200000000,0.540073432
1784881113.472408056,14.290000139,7.792858013,-0.417886064,1.200000000,0.539040484
1784881113.482408047,14.300000139,7.797437182,-0.415326034,1.200000000,0.537974981
1784881113.492408037,14.310000139,7.802004214,-0.412772584,1.200000000,0.536876853
1784881113.502408028,14.320000139,7.806559119,-0.410225754,1.200000000,0.535746027
1784881113.512408018,14.330000139,7.811101903,-0.407685583,1.200000000,0.534582435
1784881113.522408009,14.340000139,7.815632573,-0.405152107,1.200000000,0.533386005
1784881113.532407999,14.350000139,7.820151134,-0.402625367,1.200000000,0.532156667
1784881113.542407990,14.360000139,7.824657590,-0.400105400,1.200000000,0.530894350
1784881113.552407980,14.370000139,7.829151945,-0.397592244,1.200000000,0.529598983
1784881113.562407970,14.380000139,7.833634198,-0.395085939,1.200000000,0.528270497
1784881113.572407961,14.390000139,7.838104351,-0.392586522,1.200000000,0.526908819
1784881113.582407951,14.400000139,7.842562403,-0.390094033,1.200000000,0.525513879
1784881113.592407942,14.410000139,7.847008350,-0.387608510,1.200000000,0.524085608
1784881113.602407932,14.420000139,7.851442188,-0.385129993,1.200000000,0.522623934
1784881113.612407923,14.430000139,7.855863911,-0.382658520,1.200000000,0.521128786
1784881113.622407913,14.440000139,7.860273511,-0.380194132,1.200000000,0.519600094
1784881113.632407904,14.450000139,7.864670977,-0.377736869,1.200000000,0.518037787
1784881113.642407894,14.460000139,7.869056299,-0.375286770,1.200000000,0.516441796
1784881113.652407885,14.470000139,7.873429462,-0.372843878,1.200000000,0.514812048
1784881113.662408113,14.480000139,7.877790450,-0.370408233,1.200000000,0.513148473
1784881113.672408104,14.490000139,7.882139244,-0.367979877,1.200000000,0.511451001
1784881113.682408094,14.500000139,7.886475825,-0.365558854,1.200000000,0.509719562
1784881113.692408085,14.510000139,7.890800167,-0.363145205,1.200000000,0.507954083
1784881113.702408075,14.520000139,7.895112247,-0.360738976,1.200000000,0.506154496
1784881113.712408066,14.530000139,7.899412034,-0.358340211,1.200000000,0.504320729
1784881113.722408056,14.540000139,7.903699499,-0.355948955,1.200000000,0.502452711
1784881113.732408047,14.550000139,7.907974606,-0.353565254,1.200000000,0.500550372
1784881113.742408037,14.560000139,7.912237319,-0.351189157,1.200000000,0.498613642
1784881113.752408028,14.570000139,7.916487597,-0.348820711,1.200000000,0.496642449
1784881113.762408018,14.580000139,7.920725397,-0.346459965,1.200000000,0.494636723
1784881113.772408009,14.590000139,7.924950672,-0.344106970,1.200000000,0.492596393
1784881113.782407999,14.600000139,7.929163372,-0.341761777,1.200000000,0.490521389
1784881113.792407990,14.610000139,7.933363444,-0.339424439,1.200000000,0.488411640
1784881113.802407980,14.620000139,7.937550829,-0.337095010,1.200000000,0.486267076
1784881113.812407970,14.630000139,7.941725467,-0.334773545,1.200000000,0.484087625
1784881113.822407961,14.640000139,7.945887293,-0.332460100,1.200000000,0.481873218
1784881113.832407951,14.650000139,7.950036237,-0.330154734,1.200000000,0.479623783
1784881113.842407942,14.660000139,7.954172227,-0.327857507,1.200000000,0.477339249
1784881113.852407932,14.670000139,7.958295184,-0.325568478,1.200000000,0.475019547
1784881113.862407923,14.680000139,7.962405028,-0.323287712,1.200000000,0.472664606
1784881113.872407913,14.690000139,7.966501672,-0.321015272,1.200000000,0.470274355
1784881113.882407904,14.700000139,7.970585024,-0.318751225,1.200000000,0.467848723
1784881113.892407894,14.710000139,7.974654990,-0.316495638,1.200000000,0.465387639
1784881113.902407885,14.720000139,7.978711468,-0.314248582,1.200000000,0.462891034
1784881113.912408113,14.730000139,7.982754353,-0.312010128,1.200000000,0.460358836
1784881113.922408104,14.740000139,7.986783533,-0.309780350,1.200000000,0.457790974
1784881113.932408094,14.750000139,7.990798894,-0.307559325,1.200000000,0.455187379
1784881113.942408085,14.760000139,7.994800312,-0.305347130,1.200000000,0.452547980
1784881113.952408075,14.770000139,7.998787662,-0.303143846,1.200000000,0.449872705
1784881113.962408066,14.780000139,8.002760810,-0.300949555,1.200000000,0.447161484
1784881113.972408056,14.790000139,8.006719617,-0.298764343,1.200000000,0.444414247
1784881113.982408047,14.800000139,8.010663939,-0.296588297,1.200000000,0.441630923
1784881113.992408037,14.810000139,8.014593625,-0.294421508,1.200000000,0.438811441
1784881114.002408028,14.820000139,8.018508517,-0.292264068,1.200000000,0.435955731
1784881114.012408018,14.830000139,8.022408452,-0.290116072,1.200000000,0.433063722
1784881114.022408009,14.840000139,8.026293259,-0.287977619,1.200000000,0.430135343
1784881114.032407999,14.850000139,8.030162763,-0.285848810,1.200000000,0.427170524
1784881114.042407990,14.860000139,8.034016777,-0.283729748,1.200000000,0.424169193
1784881114.052407980,14.870000139,8.037855112,-0.281620542,1.200000000,0.421131282
1784881114.062407970,14.880000139,8.041677570,-0.279521301,1.200000000,0.418056718
1784881114.072407961,14.890000139,8.045483944,-0.277432137,1.200000000,0.414945431
1784881114.082407951,14.900000139,8.049274022,-0.275353169,1.200000000,0.411797351
1784881114.092407942,14.910000139,8.053047582,-0.273284516,1.200000000,0.408612407
1784881114.102407932,14.920000139,8.056804396,-0.271226301,1.200000000,0.405390528
1784881114.112407923,14.930000139,8.060544226,-0.269178651,1.200000000,0.402131644
1784881114.122407913,14.940000139,8.064266829,-0.267141697,1.200000000,0.398835683
1784881114.132407904,14.950000139,8.067971950,-0.265115573,1.200000000,0.395502576
1784881114.142407894,14.960000139,8.071659327,-0.263100417,1.200000000,0.392132272
1784881114.152407885,14.970000139,8.075328689,-0.261096371,1.200000000,0.388725144
1784881114.162408113,14.980000139,8.078979758,-0.259103580,1.200000000,0.385281966
1784881114.172408104,14.990000139,8.082612243,-0.257122196,1.200000000,0.381803527
1784881114.182408094,15.000000139,8.086225848,-0.255152371,1.200000000,0.378290616
1784881114.192408085,15.010000139,8.089820264,-0.253194265,1.200000000,0.374744022
1784881114.202408075,15.020000139,8.093395174,-0.251248040,1.200000000,0.371164535
1784881114.212408066,15.030000139,8.096950252,-0.249313863,1.200000000,0.367552943
1784881114.222408056,15.040000139,8.100485161,-0.247391906,1.200000000,0.363910036
1784881114.232408047,15.050000139,8.103999553,-0.245482346,1.200000000,0.360236603
1784881114.242408037,15.060000139,8.107493071,-0.243585363,1.200000000,0.356533433
1784881114.252408028,15.070000139,8.110965349,-0.241701143,1.200000000,0.352801315
1784881114.262408018,15.080000139,8.114416008,-0.239829876,1.200000000,0.349041039
1784881114.272408009,15.090000139,8.117844659,-0.237971759,1.200000000,0.345253393
1784881114.282407999,15.100000139,8.121250903,-0.236126991,1.200000000,0.341439166
1784881114.292407990,15.110000139,8.124634330,-0.234295778,1.200000000,0.337599149
1784881114.302407980,15.120000139,8.127994519,-0.232478329,1.200000000,0.333734129
1784881114.312407970,15.130000139,8.131331039,-0.230674860,1.200000000,0.329844897
1784881114.322407961,15.140000139,8.134643447,-0.228885592,1.200000000,0.325932241
1784881114.332407951,15.150000139,8.137931289,-0.227110749,1.200000000,0.321996951
1784881114.342407942,15.160000139,8.141194103,-0.225350562,1.200000000,0.318039815
1784881114.352407932,15.170000139,8.144431412,-0.223605266,1.200000000,0.314061623
1784881114.362407923,15.180000139,8.147642732,-0.221875100,1.200000000,0.310063164
1784881114.372407913,15.190000139,8.150827568,-0.220160311,1.200000000,0.306045227
1784881114.382407904,15.200000139,8.153985411,-0.218461146,1.200000000,0.302008602
1784881114.392407894,15.210000139,8.157115748,-0.216777862,1.200000000,0.297954077
1784881114.402407885,15.220000139,8.160218050,-0.215110716,1.200000000,0.293882441
1784881114.412408113,15.230000139,8.163291784,-0.213459971,1.200000000,0.289794485
1784881114.422408104,15.240000139,8.166336403,-0.211825897,1.200000000,0.285690996
1784881114.432408094,15.250000139,8.169351353,-0.210208763,1.200000000,0.281572764
1784881114.442408085,15.260000139,8.172336072,-0.208608846,1.200000000,0.277440579
1784881114.452408075,15.270000139,8.175289989,-0.207026425,1.200000000,0.273295229
1784881114.462408066,15.280000139,8.178212525,-0.205461782,1.200000000,0.269137504
1784881114.472408056,15.290000139,8.181103095,-0.203915204,1.200000000,0.264968192
1784881114.482408047,15.300000139,8.183961105,-0.202386980,1.200000000,0.260788084
1784881114.492408037,15.310000139,8.186785959,-0.200877401,1.200000000,0.256597967
1784881114.502408028,15.320000139,8.189577051,-0.199386760,1.200000000,0.252398632
1784881114.512408018,15.330000139,8.192333774,-0.197915354,1.200000000,0.248190867
1784881114.522408009,15.340000139,8.195055515,-0.196463480,1.200000000,0.243975461
1784881114.532407999,15.350000139,8.197741659,-0.195031436,1.200000000,0.239753205
1784881114.542407990,15.360000139,8.200391587,-0.193619522,1.200000000,0.235524886
1784881114.552407980,15.370000139,8.203004682,-0.192228036,1.200000000,0.231291294
1784881114.562407970,15.380000139,8.205580324,-0.190857278,1.200000000,0.227053218
1784881114.572407961,15.390000139,8.208117894,-0.189507546,1.200000000,0.222811448
1784881114.582407951,15.400000139,8.210616777,-0.188179136,1.200000000,0.218566772
1784881114.592407942,15.410000139,8.213076358,-0.186872345,1.200000000,0.214319980
1784881114.602407932,15.420000139,8.215496030,-0.185587463,1.200000000,0.210071861
1784881114.612407923,15.430000139,8.217875187,-0.184324781,1.200000000,0.205823204
1784881114.622407913,15.440000139,8.220213235,-0.183084582,1.200000000,0.201574798
1784881114.632407904,15.450000139,8.222509586,-0.181867148,1.200000000,0.197327432
1784881114.642407894,15.460000139,8.224763661,-0.180672753,1.200000000,0.193081896
1784881114.652407885,15.470000139,8.226974894,-0.179501666,1.200000000,0.188838978
1784881114.662408113,15.480000139,8.229142732,-0.178354148,1.200000000,0.184599469
1784881114.672408104,15.490000139,8.231266638,-0.177230452,1.200000000,0.180364240
1784881114.682408094,15.500000139,8.233346091,-0.176130824,1.200000000,0.176134803
1784881114.692408085,15.510000139,8.235380589,-0.175055498,1.200000000,0.171912959
1784881114.702408075,15.520000139,8.237369649,-0.174004697,1.200000000,0.167700511
1784881114.712408066,15.530000139,8.239312814,-0.172978633,1.200000000,0.163499263
1784881114.722408056,15.540000139,8.241209649,-0.171977505,1.200000000,0.159311018
1784881114.732408047,15.550000139,8.243059748,-0.171001497,1.200000000,0.155137578
1784881114.742408037,15.560000139,8.244862734,-0.170050779,1.200000000,0.150980748
1784881114.752408028,15.570000139,8.246618260,-0.169125503,1.200000000,0.146842330
1784881114.762408018,15.580000139,8.248326014,-0.168225807,1.200000000,0.142724128
1784881114.772408009,15.590000139,8.249985718,-0.167351806,1.200000000,0.138627945
1784881114.782407999,15.600000139,8.251597134,-0.166503599,1.200000000,0.134555584
1784881114.792407990,15.610000139,8.253160063,-0.165681262,1.200000000,0.130508848
1784881114.802407980,15.620000139,8.254674347,-0.164884852,1.200000000,0.126489541
1784881114.812407970,15.630000139,8.256139874,-0.164114400,1.200000000,0.122499466
1784881114.822407961,15.640000139,8.257556578,-0.163369915,1.200000000,0.118540425
1784881114.832407951,15.650000139,8.258924439,-0.162651382,1.200000000,0.114614223
1784881114.842407942,15.660000139,8.260243490,-0.161958758,1.200000000,0.110722661
1784881114.852407932,15.670000139,8.261513813,-0.161291977,1.200000000,0.106867545
1784881114.862407923,15.680000139,8.262735546,-0.160650941,1.200000000,0.103050676
1784881114.872407913,15.690000139,8.263908878,-0.160035527,1.200000000,0.099273858
1784881114.882407904,15.700000139,8.265034058,-0.159445584,1.200000000,0.095538895
1784881114.892407894,15.710000139,8.266111392,-0.158880928,1.200000000,0.091847589
1784881114.902407885,15.720000139,8.267141244,-0.158341348,1.200000000,0.088201743
1784881114.912408113,15.730000139,8.268124036,-0.157826601,1.200000000,0.084603162
1784881114.922408104,15.740000139,8.269060255,-0.157336413,1.200000000,0.081053647
1784881114.932408094,15.750000139,8.269950445,-0.156870479,1.200000000,0.077555003
1784881114.942408085,15.760000139,8.270795213,-0.156428462,1.200000000,0.074109032
1784881114.952408075,15.770000139,8.271595230,-0.156009995,1.200000000,0.070717538
1784881114.962408066,15.780000139,8.272351226,-0.155614679,1.200000000,0.067382324
1784881114.972408056,15.790000139,8.273063994,-0.155242080,1.200000000,0.064105193
1784881114.982408047,15.800000139,8.273734390,-0.154891738,1.200000000,0.060887949
1784881114.992408037,15.810000139,8.274363327,-0.154563158,1.200000000,0.057732394
1784881115.002408028,15.820000139,8.274951783,-0.154255818,1.200000000,0.054640331
1784881115.012408018,15.830000139,8.275500790,-0.153969161,1.200000000,0.051613565
1784881115.022408009,15.840000139,8.276011441,-0.153702607,1.200000000,0.048653898
1784881115.032407999,15.850000139,8.276484882,-0.153455544,1.200000000,0.045763134
1784881115.042407990,15.860000139,8.276922314,-0.153227333,1.200000000,0.042943075
1784881115.052407980,15.870000139,8.277324989,-0.153017310,1.200000000,0.040195524
1784881115.062407970,15.880000139,8.277694208,-0.152824787,1.200000000,0.037522286
1784881115.072407961,15.890000139,8.278031317,-0.152649052,1.200000000,0.034925164
1784881115.082407951,15.900000139,8.278337705,-0.152489371,1.200000000,0.032405959
1784881115.092407942,15.910000139,8.278614800,-0.152344993,1.200000000,0.029966477
1784881115.102407932,15.920000139,8.278864064,-0.152215146,1.200000000,0.027608519
1784881115.112407923,15.930000139,8.279086991,-0.152099046,1.200000000,0.025333890
1784881115.122407913,15.940000139,8.279285099,-0.151995896,1.200000000,0.023144392
1784881115.132407904,15.950000139,8.279459927,-0.151904887,1.200000000,0.021041828
1784881115.142407894,15.960000139,8.279613030,-0.151825206,1.200000000,0.019028002
1784881115.152407885,15.970000139,8.279745971,-0.151756032,1.200000000,0.017104717
1784881115.162408113,15.980000139,8.279860316,-0.151696548,1.200000000,0.015273777
1784881115.172408104,15.990000139,8.279957626,-0.151645936,1.200000000,0.013536984
1784881115.182408094,16.000000139,8.280039452,-0.151603386,1.200000000,0.011896141
1784881115.192408085,16.010000139,8.280107325,-0.151568098,1.200000000,0.010353052
1784881115.202408075,16.020000139,8.280162750,-0.151539289,1.200000000,0.008909521
1784881115.212408066,16.030000139,8.280207193,-0.151516192,1.200000000,0.007567349
1784881115.222408056,16.040000139,8.280242078,-0.151498066,1.200000000,0.006328342
1784881115.232408047,16.050000139,8.280268772,-0.151484198,1.200000000,0.005194300
1784881115.242408037,16.060000139,8.280288578,-0.151473910,1.200000000,0.004167029
1784881115.252408028,16.070000139,8.280302724,-0.151466564,1.200000000,0.003248331
1784881115.262408018,16.080000139,8.280312349,-0.151461566,1.200000000,0.002440009
1784881115.272408009,16.090000139,8.280318496,-0.151458375,1.200000000,0.001743867
1784881115.282407999,16.100000139,8.280322095,-0.151456507,1.200000000,0.001161708
1784881115.292407990,16.110000139,8.280323953,-0.151455543,1.200000000,0.000695334
1784881115.302407980,16.120000139,8.280324738,-0.151455136,1.200000000,0.000346550
1784881115.312407970,16.130000139,8.280324970,-0.151455016,1.200000000,0.000117158
1784881115.322407961,16.140000139,8.280325000,-0.151455000,1.200000000,0.000008962
1784881115.326218367,16.143810451,8.280325000,-0.151455000,1.200000000,-0.000000000
