trajectory_index,trajectory_id,trajectory_stamp,point_index,t,x,y,z,yaw
0,687,1784881020.828197002,0,0.000000128,-0.261959000,-0.006230000,1.200000000,-0.039639000
0,687,1784881020.828197002,1,0.010000128,-0.261958995,-0.006229999,1.200000000,-0.039641147
0,687,1784881020.828197002,2,0.020000128,-0.261958921,-0.006229991,1.200000000,-0.039647498
0,687,1784881020.828197002,3,0.030000128,-0.261958605,-0.006229954,1.200000000,-0.039657916
0,687,1784881020.828197002,4,0.040000128,-0.261957766,-0.006229858,1.200000000,-0.039672265
0,687,1784881020.828197002,5,0.050000128,-0.261956024,-0.006229657,1.200000000,-0.039690411
0,687,1784881020.828197002,6,0.060000128,-0.261952903,-0.006229298,1.200000000,-0.039712216
0,687,1784881020.828197002,7,0.070000128,-0.261947842,-0.006228715,1.200000000,-0.039737544
0,687,1784881020.828197002,8,0.080000128,-0.261940196,-0.006227834,1.200000000,-0.039766261
0,687,1784881020.828197002,9,0.090000128,-0.261929247,-0.006226572,1.200000000,-0.039798229
0,687,1784881020.828197002,10,0.100000128,-0.261914206,-0.006224839,1.200000000,-0.039833314
0,687,1784881020.828197002,11,0.110000128,-0.261894219,-0.006222537,1.200000000,-0.039871378
0,687,1784881020.828197002,12,0.120000128,-0.261868376,-0.006219560,1.200000000,-0.039912287
0,687,1784881020.828197002,13,0.130000128,-0.261835712,-0.006215797,1.200000000,-0.039955904
0,687,1784881020.828197002,14,0.140000128,-0.261795214,-0.006211131,1.200000000,-0.040002092
0,687,1784881020.828197002,15,0.150000128,-0.261745825,-0.006205441,1.200000000,-0.040050718
0,687,1784881020.828197002,16,0.160000128,-0.261686451,-0.006198601,1.200000000,-0.040101643
0,687,1784881020.828197002,17,0.170000128,-0.261615962,-0.006190481,1.200000000,-0.040154733
0,687,1784881020.828197002,18,0.180000128,-0.261533198,-0.006180946,1.200000000,-0.040209851
0,687,1784881020.828197002,19,0.190000128,-0.261436976,-0.006169861,1.200000000,-0.040266862
0,687,1784881020.828197002,20,0.200000128,-0.261326088,-0.006157087,1.200000000,-0.040325630
0,687,1784881020.828197002,21,0.210000128,-0.261199309,-0.006142482,1.200000000,-0.040386018
0,687,1784881020.828197002,22,0.220000128,-0.261055403,-0.006125904,1.200000000,-0.040447890
0,687,1784881020.828197002,23,0.230000128,-0.260893119,-0.006107209,1.200000000,-0.040511112
0,687,1784881020.828197002,24,0.240000128,-0.260711201,-0.006086253,1.200000000,-0.040575546
0,687,1784881020.828197002,25,0.250000128,-0.260508390,-0.006062890,1.200000000,-0.040641057
0,687,1784881020.828197002,26,0.260000128,-0.260283424,-0.006036975,1.200000000,-0.040707509
0,687,1784881020.828197002,27,0.270000128,-0.260035045,-0.006008364,1.200000000,-0.040774767
0,687,1784881020.828197002,28,0.280000128,-0.259761999,-0.005976911,1.200000000,-0.040842693
0,687,1784881020.828197002,29,0.290000128,-0.259463040,-0.005942474,1.200000000,-0.040911152
0,687,1784881020.828197002,30,0.300000128,-0.259136931,-0.005904909,1.200000000,-0.040980008
0,687,1784881020.828197002,31,0.310000128,-0.258782450,-0.005864077,1.200000000,-0.041049126
0,687,1784881020.828197002,32,0.320000128,-0.258398387,-0.005819839,1.200000000,-0.041118369
0,687,1784881020.828197002,33,0.330000128,-0.257983550,-0.005772056,1.200000000,-0.041187602
0,687,1784881020.828197002,34,0.340000128,-0.257536767,-0.005720594,1.200000000,-0.041256688
0,687,1784881020.828197002,35,0.350000128,-0.257056884,-0.005665320,1.200000000,-0.041325491
0,687,1784881020.828197002,36,0.360000128,-0.256542774,-0.005606105,1.200000000,-0.041393876
0,687,1784881020.828197002,37,0.370000128,-0.255993330,-0.005542821,1.200000000,-0.041461706
0,687,1784881020.828197002,38,0.380000128,-0.255407472,-0.005475344,1.200000000,-0.041528846
0,687,1784881020.828197002,39,0.390000128,-0.254784148,-0.005403553,1.200000000,-0.041595160
0,687,1784881020.828197002,40,0.400000128,-0.254122334,-0.005327331,1.200000000,-0.041660512
0,687,1784881020.828197002,41,0.410000128,-0.253421035,-0.005246562,1.200000000,-0.041724766
0,687,1784881020.828197002,42,0.420000128,-0.252679289,-0.005161137,1.200000000,-0.041787785
0,687,1784881020.828197002,43,0.430000128,-0.251896161,-0.005070948,1.200000000,-0.041849435
0,687,1784881020.828197002,44,0.440000128,-0.251070754,-0.004975891,1.200000000,-0.041909578
0,687,1784881020.828197002,45,0.450000128,-0.250202202,-0.004875868,1.200000000,-0.041968080
0,687,1784881020.828197002,46,0.460000128,-0.249289672,-0.004770783,1.200000000,-0.042024803
0,687,1784881020.828197002,47,0.470000128,-0.248332368,-0.004660545,1.200000000,-0.042079613
0,687,1784881020.828197002,48,0.480000128,-0.247329527,-0.004545065,1.200000000,-0.042132374
0,687,1784881020.828197002,49,0.490000128,-0.246280424,-0.004424262,1.200000000,-0.042182948
0,687,1784881020.828197002,50,0.500000128,-0.245184368,-0.004298055,1.200000000,-0.042231202
0,687,1784881020.828197002,51,0.510000128,-0.244040706,-0.004166370,1.200000000,-0.042276997
0,687,1784881020.828197002,52,0.520000128,-0.242848821,-0.004029136,1.200000000,-0.042320199
0,687,1784881020.828197002,53,0.530000128,-0.241608132,-0.003886287,1.200000000,-0.042360672
0,687,1784881020.828197002,54,0.540000128,-0.240318095,-0.003737760,1.200000000,-0.042398279
0,687,1784881020.828197002,55,0.550000128,-0.238978204,-0.003583499,1.200000000,-0.042432885
0,687,1784881020.828197002,56,0.560000128,-0.237587987,-0.003423448,1.200000000,-0.042464354
0,687,1784881020.828197002,57,0.570000128,-0.236147010,-0.003257559,1.200000000,-0.042492550
0,687,1784881020.828197002,58,0.580000128,-0.234654877,-0.003085787,1.200000000,-0.042517336
0,687,1784881020.828197002,59,0.590000128,-0.233111224,-0.002908089,1.200000000,-0.042538578
0,687,1784881020.828197002,60,0.600000128,-0.231515726,-0.002724431,1.200000000,-0.042556138
0,687,1784881020.828197002,61,0.610000128,-0.229868093,-0.002534778,1.200000000,-0.042569882
0,687,1784881020.828197002,62,0.620000128,-0.228168067,-0.002339101,1.200000000,-0.042579673
0,687,1784881020.828197002,63,0.630000128,-0.226415428,-0.002137377,1.200000000,-0.042585375
0,687,1784881020.828197002,64,0.640000128,-0.224609988,-0.001929584,1.200000000,-0.042586852
0,687,1784881020.828197002,65,0.650000128,-0.222751592,-0.001715704,1.200000000,-0.042583969
0,687,1784881020.828197002,66,0.660000128,-0.220840120,-0.001495726,1.200000000,-0.042576589
0,687,1784881020.828197002,67,0.670000128,-0.218875481,-0.001269639,1.200000000,-0.042564576
0,687,1784881020.828197002,68,0.680000128,-0.216857618,-0.001037437,1.200000000,-0.042547795
0,687,1784881020.828197002,69,0.690000128,-0.214786503,-0.000799119,1.200000000,-0.042526110
0,687,1784881020.828197002,70,0.700000128,-0.212662139,-0.000554684,1.200000000,-0.042499384
0,687,1784881020.828197002,71,0.710000128,-0.210484559,-0.000304139,1.200000000,-0.042467482
0,687,1784881020.828197002,72,0.720000128,-0.208253822,-0.000047491,1.200000000,-0.042430267
0,687,1784881020.828197002,73,0.730000128,-0.205970017,0.000215250,1.200000000,-0.042387605
0,687,1784881020.828197002,74,0.740000128,-0.203633260,0.000484069,1.200000000,-0.042339358
0,687,1784881020.828197002,75,0.750000128,-0.201243691,0.000758948,1.200000000,-0.042285391
0,687,1784881020.828197002,76,0.760000128,-0.198801477,0.001039867,1.200000000,-0.042225569
0,687,1784881020.828197002,77,0.770000128,-0.196306809,0.001326804,1.200000000,-0.042159754
0,687,1784881020.828197002,78,0.780000128,-0.193759902,0.001619733,1.200000000,-0.042087812
0,687,1784881020.828197002,79,0.790000128,-0.191160992,0.001918625,1.200000000,-0.042009605
0,687,1784881020.828197002,80,0.800000128,-0.188510339,0.002223449,1.200000000,-0.041924999
0,687,1784881020.828197002,81,0.810000128,-0.185808223,0.002534172,1.200000000,-0.041833857
0,687,1784881020.828197002,82,0.820000128,-0.183054944,0.002850759,1.200000000,-0.041736044
0,687,1784881020.828197002,83,0.830000128,-0.180250822,0.003173171,1.200000000,-0.041631423
0,687,1784881020.828197002,84,0.840000128,-0.177396194,0.003501368,1.200000000,-0.041519917
0,687,1784881020.828197002,85,0.850000128,-0.174491416,0.003835309,1.200000000,-0.041401585
0,687,1784881020.828197002,86,0.860000128,-0.171536861,0.004174949,1.200000000,-0.041276511
0,687,1784881020.828197002,87,0.870000128,-0.168532917,0.004520242,1.200000000,-0.041144776
0,687,1784881020.828197002,88,0.880000128,-0.165479988,0.004871140,1.200000000,-0.041006461
0,687,1784881020.828197002,89,0.890000128,-0.162378493,0.005227595,1.200000000,-0.040861650
0,687,1784881020.828197002,90,0.900000128,-0.159228864,0.005589555,1.200000000,-0.040710423
0,687,1784881020.828197002,91,0.910000128,-0.156031546,0.005956967,1.200000000,-0.040552862
0,687,1784881020.828197002,92,0.920000128,-0.152786996,0.006329778,1.200000000,-0.040389050
0,687,1784881020.828197002,93,0.930000128,-0.149495685,0.006707932,1.200000000,-0.040219069
0,687,1784881020.828197002,94,0.940000128,-0.146158091,0.007091373,1.200000000,-0.040042999
0,687,1784881020.828197002,95,0.950000128,-0.142774707,0.007480043,1.200000000,-0.039860924
0,687,1784881020.828197002,96,0.960000128,-0.139346032,0.007873884,1.200000000,-0.039672924
0,687,1784881020.828197002,97,0.970000128,-0.135872574,0.008272835,1.200000000,-0.039479083
0,687,1784881020.828197002,98,0.980000128,-0.132354853,0.008676835,1.200000000,-0.039279481
0,687,1784881020.828197002,99,0.990000128,-0.128793393,0.009085823,1.200000000,-0.039074201
0,687,1784881020.828197002,100,1.000000128,-0.125188726,0.009499736,1.200000000,-0.038863324
0,687,1784881020.828197002,101,1.010000128,-0.121541392,0.009918511,1.200000000,-0.038646933
0,687,1784881020.828197002,102,1.020000128,-0.117851935,0.010342084,1.200000000,-0.038425109
0,687,1784881020.828197002,103,1.030000128,-0.114120906,0.010770390,1.200000000,-0.038197934
0,687,1784881020.828197002,104,1.040000128,-0.110348860,0.011203365,1.200000000,-0.037965490
0,687,1784881020.828197002,105,1.050000128,-0.106536357,0.011640942,1.200000000,-0.037727859
0,687,1784881020.828197002,106,1.060000128,-0.102683959,0.012083056,1.200000000,-0.037485123
0,687,1784881020.828197002,107,1.070000128,-0.098792235,0.012529640,1.200000000,-0.037237363
0,687,1784881020.828197002,108,1.080000128,-0.094861752,0.012980627,1.200000000,-0.036984663
0,687,1784881020.828197002,109,1.090000128,-0.090893083,0.013435951,1.200000000,-0.036727102
0,687,1784881020.828197002,110,1.100000128,-0.086886801,0.013895545,1.200000000,-0.036464764
0,687,1784881020.828197002,111,1.110000128,-0.082843481,0.014359340,1.200000000,-0.036197731
0,687,1784881020.828197002,112,1.120000128,-0.078763699,0.014827271,1.200000000,-0.035926083
0,687,1784881020.828197002,113,1.130000128,-0.074648032,0.015299269,1.200000000,-0.035649904
0,687,1784881020.828197002,114,1.140000128,-0.070497055,0.015775267,1.200000000,-0.035369274
0,687,1784881020.828197002,115,1.150000128,-0.066311344,0.016255198,1.200000000,-0.035084276
0,687,1784881020.828197002,116,1.160000128,-0.062091474,0.016738995,1.200000000,-0.034794992
0,687,1784881020.828197002,117,1.170000128,-0.057838021,0.017226591,1.200000000,-0.034501503
0,687,1784881020.828197002,118,1.180000128,-0.053551555,0.017717919,1.200000000,-0.034203892
0,687,1784881020.828197002,119,1.190000128,-0.049232647,0.018212913,1.200000000,-0.033902240
0,687,1784881020.828197002,120,1.200000128,-0.044881867,0.018711507,1.200000000,-0.033596630
0,687,1784881020.828197002,121,1.210000128,-0.040499778,0.019213634,1.200000000,-0.033287142
0,687,1784881020.828197002,122,1.220000128,-0.036086944,0.019719230,1.200000000,-0.032973860
0,687,1784881020.828197002,123,1.230000128,-0.031643924,0.020228229,1.200000000,-0.032656864
0,687,1784881020.828197002,124,1.240000128,-0.027171274,0.020740567,1.200000000,-0.032336237
0,687,1784881020.828197002,125,1.250000128,-0.022669546,0.021256181,1.200000000,-0.032012061
0,687,1784881020.828197002,126,1.260000128,-0.018139287,0.021775006,1.200000000,-0.031684417
0,687,1784881020.828197002,127,1.270000128,-0.013581040,0.022296979,1.200000000,-0.031353388
0,687,1784881020.828197002,128,1.280000128,-0.008995344,0.022822039,1.200000000,-0.031019055
0,687,1784881020.828197002,129,1.290000128,-0.004382731,0.023350125,1.200000000,-0.030681500
0,687,1784881020.828197002,130,1.300000128,0.000256269,0.023881174,1.200000000,-0.030340806
0,687,1784881020.828197002,131,1.310000128,0.004921135,0.024415127,1.200000000,-0.029997053
0,687,1784881020.828197002,132,1.320000128,0.009611350,0.024951924,1.200000000,-0.029650324
0,687,1784881020.828197002,133,1.330000128,0.014326403,0.025491507,1.200000000,-0.029300701
0,687,1784881020.828197002,134,1.340000128,0.019065790,0.026033817,1.200000000,-0.028948265
0,687,1784881020.828197002,135,1.350000128,0.023829012,0.026578799,1.200000000,-0.028593099
0,687,1784881020.828197002,136,1.360000128,0.028615578,0.027126394,1.200000000,-0.028235284
0,687,1784881020.828197002,137,1.370000128,0.033425003,0.027676549,1.200000000,-0.027874903
0,687,1784881020.828197002,138,1.380000128,0.038256810,0.028229209,1.200000000,-0.027512037
0,687,1784881020.828197002,139,1.390000128,0.043110528,0.028784319,1.200000000,-0.027146768
0,687,1784881020.828197002,140,1.400000128,0.047985693,0.029341828,1.200000000,-0.026779177
0,687,1784881020.828197002,141,1.410000128,0.052881850,0.029901683,1.200000000,-0.026409348
0,687,1784881020.828197002,142,1.420000128,0.057798550,0.030463835,1.200000000,-0.026037361
0,687,1784881020.828197002,143,1.430000128,0.062735353,0.031028233,1.200000000,-0.025663299
0,687,1784881020.828197002,144,1.440000128,0.067691826,0.031594828,1.200000000,-0.025287243
0,687,1784881020.828197002,145,1.450000128,0.072667545,0.032163574,1.200000000,-0.024909276
0,687,1784881020.828197002,146,1.460000128,0.077662092,0.032734422,1.200000000,-0.024529479
0,687,1784881020.828197002,147,1.470000128,0.082675060,0.033307329,1.200000000,-0.024147934
0,687,1784881020.828197002,148,1.480000128,0.087706048,0.033882249,1.200000000,-0.023764723
0,687,1784881020.828197002,149,1.490000128,0.092754665,0.034459138,1.200000000,-0.023379928
0,687,1784881020.828197002,150,1.500000128,0.097820527,0.035037955,1.200000000,-0.022993630
0,687,1784881020.828197002,151,1.510000128,0.102903259,0.035618659,1.200000000,-0.022605913
0,687,1784881020.828197002,152,1.520000128,0.108002495,0.036201208,1.200000000,-0.022216857
0,687,1784881020.828197002,153,1.530000128,0.113117878,0.036785565,1.200000000,-0.021826544
0,687,1784881020.828197002,154,1.540000128,0.118249058,0.037371690,1.200000000,-0.021435057
0,687,1784881020.828197002,155,1.550000128,0.123395696,0.037959548,1.200000000,-0.021042477
0,687,1784881020.828197002,156,1.560000128,0.128557460,0.038549103,1.200000000,-0.020648886
0,687,1784881020.828197002,157,1.570000128,0.133734027,0.039140320,1.200000000,-0.020254366
0,687,1784881020.828197002,158,1.580000128,0.138925084,0.039733167,1.200000000,-0.019858999
0,687,1784881020.828197002,159,1.590000128,0.144130326,0.040327610,1.200000000,-0.019462866
0,687,1784881020.828197002,160,1.600000128,0.149349457,0.040923619,1.200000000,-0.019066051
0,687,1784881020.828197002,161,1.610000128,0.154582189,0.041521164,1.200000000,-0.018668633
0,687,1784881020.828197002,162,1.620000128,0.159828244,0.042120217,1.200000000,-0.018270697
0,687,1784881020.828197002,163,1.630000128,0.165087353,0.042720749,1.200000000,-0.017872322
0,687,1784881020.828197002,164,1.640000128,0.170359255,0.043322735,1.200000000,-0.017473592
0,687,1784881020.828197002,165,1.650000128,0.175643697,0.043926149,1.200000000,-0.017074588
0,687,1784881020.828197002,166,1.660000128,0.180940437,0.044530968,1.200000000,-0.016675391
0,687,1784881020.828197002,167,1.670000128,0.186249241,0.045137168,1.200000000,-0.016276085
0,687,1784881020.828197002,168,1.680000128,0.191569882,0.045744727,1.200000000,-0.015876750
0,687,1784881020.828197002,169,1.690000128,0.196902144,0.046353626,1.200000000,-0.015477469
0,687,1784881020.828197002,170,1.700000128,0.202245817,0.046963844,1.200000000,-0.015078323
0,687,1784881020.828197002,171,1.710000128,0.207600703,0.047575364,1.200000000,-0.014679395
0,687,1784881020.828197002,172,1.720000128,0.212966610,0.048188168,1.200000000,-0.014280766
0,687,1784881020.828197002,173,1.730000128,0.218343355,0.048802241,1.200000000,-0.013882518
0,687,1784881020.828197002,174,1.740000128,0.223730763,0.049417567,1.200000000,-0.013484734
0,687,1784881020.828197002,175,1.750000128,0.229128667,0.050034132,1.200000000,-0.013087494
0,687,1784881020.828197002,176,1.760000128,0.234536911,0.050651925,1.200000000,-0.012690881
0,687,1784881020.828197002,177,1.770000128,0.239955344,0.051270933,1.200000000,-0.012294976
0,687,1784881020.828197002,178,1.780000128,0.245383823,0.051891146,1.200000000,-0.011899862
0,687,1784881020.828197002,179,1.790000128,0.250822216,0.052512555,1.200000000,-0.011505621
0,687,1784881020.828197002,180,1.800000128,0.256270395,0.053135151,1.200000000,-0.011112334
0,687,1784881020.828197002,181,1.810000128,0.261728243,0.053758927,1.200000000,-0.010720083
0,687,1784881020.828197002,182,1.820000128,0.267195649,0.054383878,1.200000000,-0.010328951
0,687,1784881020.828197002,183,1.830000128,0.272672509,0.055009997,1.200000000,-0.009939018
0,687,1784881020.828197002,184,1.840000128,0.278158728,0.055637281,1.200000000,-0.009550368
0,687,1784881020.828197002,185,1.850000128,0.283654218,0.056265727,1.200000000,-0.009163081
0,687,1784881020.828197002,186,1.860000128,0.289158897,0.056895333,1.200000000,-0.008777239
0,687,1784881020.828197002,187,1.870000128,0.294672691,0.057526097,1.200000000,-0.008392926
0,687,1784881020.828197002,188,1.880000128,0.300195534,0.058158020,1.200000000,-0.008010221
0,687,1784881020.828197002,189,1.890000128,0.305727364,0.058791102,1.200000000,-0.007629208
0,687,1784881020.828197002,190,1.900000128,0.311268128,0.059425345,1.200000000,-0.007249969
0,687,1784881020.828197002,191,1.910000128,0.316817779,0.060060753,1.200000000,-0.006872584
0,687,1784881020.828197002,192,1.920000128,0.322376276,0.060697328,1.200000000,-0.006497136
0,687,1784881020.828197002,193,1.930000128,0.327943586,0.061335075,1.200000000,-0.006123707
0,687,1784881020.828197002,194,1.940000128,0.333519679,0.061974000,1.200000000,-0.005752379
0,687,1784881020.828197002,195,1.950000128,0.339104535,0.062614110,1.200000000,-0.005383234
0,687,1784881020.828197002,196,1.960000128,0.344698135,0.063255410,1.200000000,-0.005016353
0,687,1784881020.828197002,197,1.970000128,0.350300470,0.063897911,1.200000000,-0.004651818
0,687,1784881020.828197002,198,1.980000128,0.355911535,0.064541619,1.200000000,-0.004289712
0,687,1784881020.828197002,199,1.990000128,0.361531331,0.065186545,1.200000000,-0.003930116
0,687,1784881020.828197002,200,2.000000128,0.367159862,0.065832700,1.200000000,-0.003573112
0,687,1784881020.828197002,201,2.010000128,0.372797140,0.066480095,1.200000000,-0.003218782
0,687,1784881020.828197002,202,2.020000128,0.378443180,0.067128741,1.200000000,-0.002867208
0,687,1784881020.828197002,203,2.030000128,0.384098002,0.067778652,1.200000000,-0.002518471
0,687,1784881020.828197002,204,2.040000128,0.389761633,0.068429841,1.200000000,-0.002172654
0,687,1784881020.828197002,205,2.050000128,0.395434101,0.069082321,1.200000000,-0.001829839
0,687,1784881020.828197002,206,2.060000128,0.401115441,0.069736109,1.200000000,-0.001490107
0,687,1784881020.828197002,207,2.070000128,0.406805691,0.070391219,1.200000000,-0.001153540
0,687,1784881020.828197002,208,2.080000128,0.412504892,0.071047667,1.200000000,-0.000820221
0,687,1784881020.828197002,209,2.090000128,0.418213090,0.071705470,1.200000000,-0.000490230
0,687,1784881020.828197002,210,2.100000128,0.423930336,0.072364646,1.200000000,-0.000163650
0,687,1784881020.828197002,211,2.110000128,0.429656681,0.073025213,1.200000000,0.000159437
0,687,1784881020.828197002,212,2.120000128,0.435392184,0.073687188,1.200000000,0.000478949
0,687,1784881020.828197002,213,2.130000128,0.441136902,0.074350591,1.200000000,0.000794804
0,687,1784881020.828197002,214,2.140000128,0.446890898,0.075015441,1.200000000,0.001106922
0,687,1784881020.828197002,215,2.150000128,0.452654238,0.075681759,1.200000000,0.001415218
0,687,1784881020.828197002,216,2.160000128,0.458426991,0.076349565,1.200000000,0.001719613
0,687,1784881020.828197002,217,2.170000128,0.464209225,0.077018880,1.200000000,0.002020023
0,687,1784881020.828197002,218,2.180000128,0.470001015,0.077689724,1.200000000,0.002316368
0,687,1784881020.828197002,219,2.190000128,0.475802435,0.078362121,1.200000000,0.002608564
0,687,1784881020.828197002,220,2.200000128,0.481613561,0.079036092,1.200000000,0.002896531
0,687,1784881020.828197002,221,2.210000128,0.487434474,0.079711660,1.200000000,0.003180186
0,687,1784881020.828197002,222,2.220000128,0.493265254,0.080388848,1.200000000,0.003459448
0,687,1784881020.828197002,223,2.230000128,0.499105982,0.081067678,1.200000000,0.003734234
0,687,1784881020.828197002,224,2.240000128,0.504956741,0.081748175,1.200000000,0.004004463
0,687,1784881020.828197002,225,2.250000128,0.510817618,0.082430362,1.200000000,0.004270053
0,687,1784881020.828197002,226,2.260000128,0.516688696,0.083114263,1.200000000,0.004530921
0,687,1784881020.828197002,227,2.270000128,0.522570063,0.083799904,1.200000000,0.004786987
0,687,1784881020.828197002,228,2.280000128,0.528461805,0.084487307,1.200000000,0.005038168
0,687,1784881020.828197002,229,2.290000128,0.534364011,0.085176499,1.200000000,0.005284382
0,687,1784881020.828197002,230,2.300000128,0.540276769,0.085867504,1.200000000,0.005525547
0,687,1784881020.828197002,231,2.310000128,0.546200167,0.086560347,1.200000000,0.005761582
0,687,1784881020.828197002,232,2.320000128,0.552134293,0.087255054,1.200000000,0.005992404
0,687,1784881020.828197002,233,2.330000128,0.558079237,0.087951650,1.200000000,0.006217933
0,687,1784881020.828197002,234,2.340000128,0.564035086,0.088650160,1.200000000,0.006438085
0,687,1784881020.828197002,235,2.350000128,0.570001928,0.089350610,1.200000000,0.006652779
0,687,1784881020.828197002,236,2.360000128,0.575979852,0.090053026,1.200000000,0.006861933
0,687,1784881020.828197002,237,2.370000128,0.581968943,0.090757433,1.200000000,0.007065465
0,687,1784881020.828197002,238,2.380000128,0.587969289,0.091463858,1.200000000,0.007263293
0,687,1784881020.828197002,239,2.390000128,0.593980975,0.092172325,1.200000000,0.007455336
0,687,1784881020.828197002,240,2.400000128,0.600004084,0.092882861,1.200000000,0.007641512
0,687,1784881020.828197002,241,2.410000128,0.606038701,0.093595491,1.200000000,0.007821738
0,687,1784881020.828197002,242,2.420000128,0.612084907,0.094310242,1.200000000,0.007995933
0,687,1784881020.828197002,243,2.430000128,0.618142782,0.095027137,1.200000000,0.008164014
0,687,1784881020.828197002,244,2.440000128,0.624212407,0.095746204,1.200000000,0.008325919
0,687,1784881020.828197002,245,2.450000128,0.630293859,0.096467468,1.200000000,0.008481688
0,687,1784881020.828197002,246,2.460000128,0.636387213,0.097190953,1.200000000,0.008631401
0,687,1784881020.828197002,247,2.470000128,0.642492543,0.097916685,1.200000000,0.008775139
0,687,1784881020.828197002,248,2.480000128,0.648609923,0.098644689,1.200000000,0.008912982
0,687,1784881020.828197002,249,2.490000128,0.654739421,0.099374990,1.200000000,0.009045010
0,687,1784881020.828197002,250,2.500000128,0.660881107,0.100107612,1.200000000,0.009171302
0,687,1784881020.828197002,251,2.510000128,0.667035045,0.100842579,1.200000000,0.009291939
0,687,1784881020.828197002,252,2.520000128,0.673201299,0.101579917,1.200000000,0.009407001
0,687,1784881020.828197002,253,2.530000128,0.679379932,0.102319648,1.200000000,0.009516567
0,687,1784881020.828197002,254,2.540000128,0.685571001,0.103061798,1.200000000,0.009620719
0,687,1784881020.828197002,255,2.550000128,0.691774562,0.103806388,1.200000000,0.009719536
0,687,1784881020.828197002,256,2.560000128,0.697990670,0.104553442,1.200000000,0.009813098
0,687,1784881020.828197002,257,2.570000128,0.704219376,0.105302984,1.200000000,0.009901485
0,687,1784881020.828197002,258,2.580000128,0.710460727,0.106055036,1.200000000,0.009984778
0,687,1784881020.828197002,259,2.590000128,0.716714769,0.106809619,1.200000000,0.010063055
0,687,1784881020.828197002,260,2.600000128,0.722981545,0.107566756,1.200000000,0.010136398
0,687,1784881020.828197002,261,2.610000128,0.729261094,0.108326469,1.200000000,0.010204887
0,687,1784881020.828197002,262,2.620000128,0.735553452,0.109088779,1.200000000,0.010268601
0,687,1784881020.828197002,263,2.630000128,0.741858655,0.109853706,1.200000000,0.010327621
0,687,1784881020.828197002,264,2.640000128,0.748176731,0.110621271,1.200000000,0.010382026
0,687,1784881020.828197002,265,2.650000128,0.754507709,0.111391494,1.200000000,0.010431897
0,687,1784881020.828197002,266,2.660000128,0.760851612,0.112164394,1.200000000,0.010477314
0,687,1784881020.828197002,267,2.670000128,0.767208462,0.112939992,1.200000000,0.010518357
0,687,1784881020.828197002,268,2.680000128,0.773578277,0.113718305,1.200000000,0.010555105
0,687,1784881020.828197002,269,2.690000128,0.779961070,0.114499352,1.200000000,0.010587640
0,687,1784881020.828197002,270,2.700000128,0.786356853,0.115283151,1.200000000,0.010616041
0,687,1784881020.828197002,271,2.710000128,0.792765634,0.116069719,1.200000000,0.010640387
0,687,1784881020.828197002,272,2.720000128,0.799187416,0.116859074,1.200000000,0.010660760
0,687,1784881020.828197002,273,2.730000128,0.805622202,0.117651231,1.200000000,0.010677239
0,687,1784881020.828197002,274,2.740000128,0.812069988,0.118446207,1.200000000,0.010689905
0,687,1784881020.828197002,275,2.750000128,0.818530768,0.119244016,1.200000000,0.010698836
0,687,1784881020.828197002,276,2.760000128,0.825004533,0.120044675,1.200000000,0.010704115
0,687,1784881020.828197002,277,2.770000128,0.831491270,0.120848197,1.200000000,0.010705819
0,687,1784881020.828197002,278,2.780000128,0.837990963,0.121654596,1.200000000,0.010704030
0,687,1784881020.828197002,279,2.790000128,0.844503592,0.122463885,1.200000000,0.010698828
0,687,1784881020.828197002,280,2.800000128,0.851029132,0.123276078,1.200000000,0.010690293
0,687,1784881020.828197002,281,2.810000128,0.857567558,0.124091186,1.200000000,0.010678504
0,687,1784881020.828197002,282,2.820000128,0.864118839,0.124909221,1.200000000,0.010663542
0,687,1784881020.828197002,283,2.830000128,0.870682940,0.125730194,1.200000000,0.010645487
0,687,1784881020.828197002,284,2.840000128,0.877259825,0.126554116,1.200000000,0.010624419
0,687,1784881020.828197002,285,2.850000128,0.883849451,0.127380996,1.200000000,0.010600418
0,687,1784881020.828197002,286,2.860000128,0.890451775,0.128210843,1.200000000,0.010573564
0,687,1784881020.828197002,287,2.870000128,0.897066748,0.129043667,1.200000000,0.010543937
0,687,1784881020.828197002,288,2.880000128,0.903694319,0.129879475,1.200000000,0.010511617
0,687,1784881020.828197002,289,2.890000128,0.910334432,0.130718274,1.200000000,0.010476685
0,687,1784881020.828197002,290,2.900000128,0.916987030,0.131560071,1.200000000,0.010439219
0,687,1784881020.828197002,291,2.910000128,0.923652049,0.132404874,1.200000000,0.010399302
0,687,1784881020.828197002,292,2.920000128,0.930329424,0.133252686,1.200000000,0.010357011
0,687,1784881020.828197002,293,2.930000128,0.937019087,0.134103512,1.200000000,0.010312428
0,687,1784881020.828197002,294,2.940000128,0.943720966,0.134957358,1.200000000,0.010265633
0,687,1784881020.828197002,295,2.950000128,0.950434984,0.135814226,1.200000000,0.010216706
0,687,1784881020.828197002,296,2.960000128,0.957161062,0.136674120,1.200000000,0.010165726
0,687,1784881020.828197002,297,2.970000128,0.963899119,0.137537040,1.200000000,0.010112774
0,687,1784881020.828197002,298,2.980000128,0.970649068,0.138402990,1.200000000,0.010057929
0,687,1784881020.828197002,299,2.990000128,0.977410821,0.139271970,1.200000000,0.010001273
0,687,1784881020.828197002,300,3.000000128,0.984184286,0.140143979,1.200000000,0.009942885
0,687,1784881020.828197002,301,3.010000128,0.990969367,0.141019018,1.200000000,0.009882844
0,687,1784881020.828197002,302,3.020000128,0.997765966,0.141897085,1.200000000,0.009821232
0,687,1784881020.828197002,303,3.030000128,1.004573981,0.142778178,1.200000000,0.009758128
0,687,1784881020.828197002,304,3.040000128,1.011393308,0.143662294,1.200000000,0.009693612
0,687,1784881020.828197002,305,3.050000128,1.018223838,0.144549430,1.200000000,0.009627765
0,687,1784881020.828197002,306,3.060000128,1.025065462,0.145439583,1.200000000,0.009560665
0,687,1784881020.828197002,307,3.070000128,1.031918066,0.146332746,1.200000000,0.009492394
0,687,1784881020.828197002,308,3.080000128,1.038781533,0.147228915,1.200000000,0.009423032
0,687,1784881020.828197002,309,3.090000128,1.045655743,0.148128084,1.200000000,0.009352658
0,687,1784881020.828197002,310,3.100000128,1.052540575,0.149030245,1.200000000,0.009281353
0,687,1784881020.828197002,311,3.110000128,1.059435903,0.149935391,1.200000000,0.009209197
0,687,1784881020.828197002,312,3.120000128,1.066341600,0.150843514,1.200000000,0.009136269
0,687,1784881020.828197002,313,3.130000128,1.073257536,0.151754604,1.200000000,0.009062650
0,687,1784881020.828197002,314,3.140000128,1.080183577,0.152668651,1.200000000,0.008988420
0,687,1784881020.828197002,315,3.150000128,1.087119588,0.153585645,1.200000000,0.008913659
0,687,1784881020.828197002,316,3.160000128,1.094065430,0.154505575,1.200000000,0.008838447
0,687,1784881020.828197002,317,3.170000128,1.101020965,0.155428428,1.200000000,0.008762864
0,687,1784881020.828197002,318,3.180000128,1.107986047,0.156354191,1.200000000,0.008686990
0,687,1784881020.828197002,319,3.190000128,1.114960534,0.157282852,1.200000000,0.008610905
0,687,1784881020.828197002,320,3.200000128,1.121944276,0.158214395,1.200000000,0.008534689
0,687,1784881020.828197002,321,3.210000128,1.128937124,0.159148806,1.200000000,0.008458423
0,687,1784881020.828197002,322,3.220000128,1.135938927,0.160086069,1.200000000,0.008382186
0,687,1784881020.828197002,323,3.230000128,1.142949530,0.161026168,1.200000000,0.008306059
0,687,1784881020.828197002,324,3.240000128,1.149968778,0.161969084,1.200000000,0.008230121
0,687,1784881020.828197002,325,3.250000128,1.156996512,0.162914801,1.200000000,0.008154453
0,687,1784881020.828197002,326,3.260000128,1.164032573,0.163863299,1.200000000,0.008079134
0,687,1784881020.828197002,327,3.270000128,1.171076800,0.164814558,1.200000000,0.008004245
0,687,1784881020.828197002,328,3.280000128,1.178129028,0.165768560,1.200000000,0.007929866
0,687,1784881020.828197002,329,3.290000128,1.185189093,0.166725281,1.200000000,0.007856077
0,687,1784881020.828197002,330,3.300000128,1.192256828,0.167684702,1.200000000,0.007782958
0,687,1784881020.828197002,331,3.310000128,1.199332065,0.168646799,1.200000000,0.007710588
0,687,1784881020.828197002,332,3.320000128,1.206414633,0.169611549,1.200000000,0.007639049
0,687,1784881020.828197002,333,3.330000128,1.213504362,0.170578928,1.200000000,0.007568419
0,687,1784881020.828197002,334,3.340000128,1.220601079,0.171548911,1.200000000,0.007498780
0,687,1784881020.828197002,335,3.350000128,1.227704610,0.172521473,1.200000000,0.007430211
0,687,1784881020.828197002,336,3.360000128,1.234814781,0.173496588,1.200000000,0.007362793
0,687,1784881020.828197002,337,3.370000128,1.241931413,0.174474228,1.200000000,0.007296604
0,687,1784881020.828197002,338,3.380000128,1.249054332,0.175454366,1.200000000,0.007231727
0,687,1784881020.828197002,339,3.390000128,1.256183357,0.176436974,1.200000000,0.007168239
0,687,1784881020.828197002,340,3.400000128,1.263318310,0.177422022,1.200000000,0.007106222
0,687,1784881020.828197002,341,3.410000128,1.270459010,0.178409481,1.200000000,0.007045756
0,687,1784881020.828197002,342,3.420000128,1.277605277,0.179399319,1.200000000,0.006986920
0,687,1784881020.828197002,343,3.430000128,1.284756928,0.180391505,1.200000000,0.006929796
0,687,1784881020.828197002,344,3.440000128,1.291913782,0.181386008,1.200000000,0.006874462
0,687,1784881020.828197002,345,3.450000128,1.299075656,0.182382794,1.200000000,0.006820998
0,687,1784881020.828197002,346,3.460000128,1.306242365,0.183381830,1.200000000,0.006769486
0,687,1784881020.828197002,347,3.470000128,1.313413727,0.184383082,1.200000000,0.006720005
0,687,1784881020.828197002,348,3.480000128,1.320589557,0.185386514,1.200000000,0.006672635
0,687,1784881020.828197002,349,3.490000128,1.327769670,0.186392091,1.200000000,0.006627456
0,687,1784881020.828197002,350,3.500000128,1.334953881,0.187399777,1.200000000,0.006584548
0,687,1784881020.828197002,351,3.510000128,1.342142006,0.188409533,1.200000000,0.006543991
0,687,1784881020.828197002,352,3.520000128,1.349333860,0.189421323,1.200000000,0.006505866
0,687,1784881020.828197002,353,3.530000128,1.356529257,0.190435108,1.200000000,0.006470252
0,687,1784881020.828197002,354,3.540000128,1.363728013,0.191450848,1.200000000,0.006437229
0,687,1784881020.828197002,355,3.550000128,1.370929943,0.192468503,1.200000000,0.006406879
0,687,1784881020.828197002,356,3.560000128,1.378134862,0.193488034,1.200000000,0.006379279
0,687,1784881020.828197002,357,3.570000128,1.385342586,0.194509398,1.200000000,0.006354511
0,687,1784881020.828197002,358,3.580000128,1.392552930,0.195532553,1.200000000,0.006332655
0,687,1784881020.828197002,359,3.590000128,1.399765712,0.196557456,1.200000000,0.006313791
0,687,1784881020.828197002,360,3.600000128,1.406980748,0.197584065,1.200000000,0.006297999
0,687,1784881020.828197002,361,3.610000128,1.414197855,0.198612335,1.200000000,0.006285358
0,687,1784881020.828197002,362,3.620000128,1.421416852,0.199642221,1.200000000,0.006275950
0,687,1784881020.828197002,363,3.630000128,1.428637557,0.200673677,1.200000000,0.006269853
0,687,1784881020.828197002,364,3.640000128,1.435859790,0.201706658,1.200000000,0.006267148
0,687,1784881020.828197002,365,3.650000128,1.443083371,0.202741117,1.200000000,0.006267916
0,687,1784881020.828197002,366,3.660000128,1.450308121,0.203777005,1.200000000,0.006272236
0,687,1784881020.828197002,367,3.670000128,1.457533863,0.204814276,1.200000000,0.006280188
0,687,1784881020.828197002,368,3.680000128,1.464760419,0.205852880,1.200000000,0.006291853
0,687,1784881020.828197002,369,3.690000128,1.471987614,0.206892768,1.200000000,0.006307310
0,687,1784881020.828197002,370,3.700000128,1.479215273,0.207933890,1.200000000,0.006326639
0,687,1784881020.828197002,371,3.710000128,1.486443223,0.208976194,1.200000000,0.006349921
0,687,1784881020.828197002,372,3.720000128,1.493671291,0.210019630,1.200000000,0.006377236
0,687,1784881020.828197002,373,3.730000128,1.500899307,0.211064145,1.200000000,0.006408663
0,687,1784881020.828197002,374,3.740000128,1.508127101,0.212109687,1.200000000,0.006444283
0,687,1784881020.828197002,375,3.750000128,1.515354505,0.213156203,1.200000000,0.006484176
0,687,1784881020.828197002,376,3.760000128,1.522581352,0.214203639,1.200000000,0.006528421
0,687,1784881020.828197002,377,3.770000128,1.529807478,0.215251939,1.200000000,0.006577100
0,687,1784881020.828197002,378,3.780000128,1.537032719,0.216301050,1.200000000,0.006630292
0,687,1784881020.828197002,379,3.790000128,1.544256913,0.217350914,1.200000000,0.006688076
0,687,1784881020.828197002,380,3.800000128,1.551479900,0.218401477,1.200000000,0.006750534
0,687,1784881020.828197002,381,3.810000128,1.558701522,0.219452681,1.200000000,0.006817745
0,687,1784881020.828197002,382,3.820000128,1.565921623,0.220504468,1.200000000,0.006889789
0,687,1784881020.828197002,383,3.830000128,1.573140047,0.221556780,1.200000000,0.006966746
0,687,1784881020.828197002,384,3.840000128,1.580356643,0.222609559,1.200000000,0.007048697
0,687,1784881020.828197002,385,3.850000128,1.587571259,0.223662746,1.200000000,0.007135722
0,687,1784881020.828197002,386,3.860000128,1.594783747,0.224716280,1.200000000,0.007227899
0,687,1784881020.828197002,387,3.870000128,1.601993959,0.225770101,1.200000000,0.007325311
0,687,1784881020.828197002,388,3.880000128,1.609201752,0.226824148,1.200000000,0.007428036
0,687,1784881020.828197002,389,3.890000128,1.616406983,0.227878359,1.200000000,0.007536155
0,687,1784881020.828197002,390,3.900000128,1.623609511,0.228932673,1.200000000,0.007649726
0,687,1784881020.828197002,391,3.910000128,1.630809198,0.229987027,1.200000000,0.007768657
0,687,1784881020.828197002,392,3.920000128,1.638005908,0.231041358,1.200000000,0.007892792
0,687,1784881020.828197002,393,3.930000128,1.645199508,0.232095601,1.200000000,0.008021970
0,687,1784881020.828197002,394,3.940000128,1.652389867,0.233149693,1.200000000,0.008156035
0,687,1784881020.828197002,395,3.950000128,1.659576854,0.234203569,1.200000000,0.008294828
0,687,1784881020.828197002,396,3.960000128,1.666760345,0.235257163,1.200000000,0.008438192
0,687,1784881020.828197002,397,3.970000128,1.673940213,0.236310411,1.200000000,0.008585967
0,687,1784881020.828197002,398,3.980000128,1.681116339,0.237363244,1.200000000,0.008737997
0,687,1784881020.828197002,399,3.990000128,1.688288601,0.238415597,1.200000000,0.008894122
0,687,1784881020.828197002,400,4.000000128,1.695456884,0.239467402,1.200000000,0.009054186
0,687,1784881020.828197002,401,4.010000128,1.702621072,0.240518592,1.200000000,0.009218029
0,687,1784881020.828197002,402,4.020000128,1.709781054,0.241569097,1.200000000,0.009385494
0,687,1784881020.828197002,403,4.030000128,1.716936721,0.242618850,1.200000000,0.009556423
0,687,1784881020.828197002,404,4.040000128,1.724087965,0.243667781,1.200000000,0.009730657
0,687,1784881020.828197002,405,4.050000128,1.731234682,0.244715819,1.200000000,0.009908039
0,687,1784881020.828197002,406,4.060000128,1.738376771,0.245762896,1.200000000,0.010088410
0,687,1784881020.828197002,407,4.070000128,1.745514132,0.246808940,1.200000000,0.010271613
0,687,1784881020.828197002,408,4.080000128,1.752646669,0.247853880,1.200000000,0.010457489
0,687,1784881020.828197002,409,4.090000128,1.759774288,0.248897644,1.200000000,0.010645880
0,687,1784881020.828197002,410,4.100000128,1.766896898,0.249940161,1.200000000,0.010836628
0,687,1784881020.828197002,411,4.110000128,1.774014410,0.250981357,1.200000000,0.011029575
0,687,1784881020.828197002,412,4.120000128,1.781126737,0.252021161,1.200000000,0.011224564
0,687,1784881020.828197002,413,4.130000128,1.788233798,0.253059498,1.200000000,0.011421435
0,687,1784881020.828197002,414,4.140000128,1.795335510,0.254096295,1.200000000,0.011620031
0,687,1784881020.828197002,415,4.150000128,1.802431796,0.255131477,1.200000000,0.011820194
0,687,1784881020.828197002,416,4.160000128,1.809522580,0.256164970,1.200000000,0.012021765
0,687,1784881020.828197002,417,4.170000128,1.816607790,0.257196700,1.200000000,0.012224587
0,687,1784881020.828197002,418,4.180000128,1.823687356,0.258226590,1.200000000,0.012428502
0,687,1784881020.828197002,419,4.190000128,1.830761210,0.259254564,1.200000000,0.012633351
0,687,1784881020.828197002,420,4.200000128,1.837829287,0.260280547,1.200000000,0.012838976
0,687,1784881020.828197002,421,4.210000128,1.844891525,0.261304462,1.200000000,0.013045220
0,687,1784881020.828197002,422,4.220000128,1.851947865,0.262326232,1.200000000,0.013251924
0,687,1784881020.828197002,423,4.230000128,1.858998251,0.263345779,1.200000000,0.013458930
0,687,1784881020.828197002,424,4.240000128,1.866042627,0.264363026,1.200000000,0.013666080
0,687,1784881020.828197002,425,4.250000128,1.873080942,0.265377895,1.200000000,0.013873216
0,687,1784881020.828197002,426,4.260000128,1.880113147,0.266390307,1.200000000,0.014080181
0,687,1784881020.828197002,427,4.270000128,1.887139196,0.267400184,1.200000000,0.014286814
0,687,1784881020.828197002,428,4.280000128,1.894159046,0.268407446,1.200000000,0.014492960
0,687,1784881020.828197002,429,4.290000128,1.901172654,0.269412015,1.200000000,0.014698460
0,687,1784881020.828197002,430,4.300000128,1.908179983,0.270413809,1.200000000,0.014903155
0,687,1784881020.828197002,431,4.310000128,1.915180996,0.271412750,1.200000000,0.015106887
0,687,1784881020.828197002,432,4.320000128,1.922175660,0.272408756,1.200000000,0.015309499
0,687,1784881020.828197002,433,4.330000128,1.929163944,0.273401747,1.200000000,0.015510832
0,687,1784881020.828197002,434,4.340000128,1.936145819,0.274391641,1.200000000,0.015710729
0,687,1784881020.828197002,435,4.350000128,1.943121260,0.275378359,1.200000000,0.015909031
0,687,1784881020.828197002,436,4.360000128,1.950090243,0.276361817,1.200000000,0.016105580
0,687,1784881020.828197002,437,4.370000128,1.957052747,0.277341934,1.200000000,0.016300218
0,687,1784881020.828197002,438,4.380000128,1.964008754,0.278318627,1.200000000,0.016492787
0,687,1784881020.828197002,439,4.390000128,1.970958247,0.279291815,1.200000000,0.016683130
0,687,1784881020.828197002,440,4.400000128,1.977901213,0.280261414,1.200000000,0.016871086
0,687,1784881020.828197002,441,4.410000128,1.984837639,0.281227342,1.200000000,0.017056500
0,687,1784881020.828197002,442,4.420000128,1.991767518,0.282189514,1.200000000,0.017239213
0,687,1784881020.828197002,443,4.430000128,1.998690842,0.283147848,1.200000000,0.017419066
0,687,1784881020.828197002,444,4.440000128,2.005607608,0.284102260,1.200000000,0.017595901
0,687,1784881020.828197002,445,4.450000128,2.012517812,0.285052665,1.200000000,0.017769561
0,687,1784881020.828197002,446,4.460000128,2.019421455,0.285998980,1.200000000,0.017939888
0,687,1784881020.828197002,447,4.470000128,2.026318540,0.286941119,1.200000000,0.018106722
0,687,1784881020.828197002,448,4.480000128,2.033209070,0.287878999,1.200000000,0.018269907
0,687,1784881020.828197002,449,4.490000128,2.040093053,0.288812534,1.200000000,0.018429285
0,687,1784881020.828197002,450,4.500000128,2.046970498,0.289741639,1.200000000,0.018584696
0,687,1784881020.828197002,451,4.510000128,2.053841415,0.290666228,1.200000000,0.018735983
0,687,1784881020.828197002,452,4.520000128,2.060705817,0.291586217,1.200000000,0.018882988
0,687,1784881020.828197002,453,4.530000128,2.067563719,0.292501520,1.200000000,0.019025553
0,687,1784881020.828197002,454,4.540000128,2.074415139,0.293412049,1.200000000,0.019163520
0,687,1784881020.828197002,455,4.550000128,2.081260096,0.294317721,1.200000000,0.019296731
0,687,1784881020.828197002,456,4.560000128,2.088098610,0.295218447,1.200000000,0.019425027
0,687,1784881020.828197002,457,4.570000128,2.094930705,0.296114142,1.200000000,0.019548251
0,687,1784881020.828197002,458,4.580000128,2.101756405,0.297004719,1.200000000,0.019666244
0,687,1784881020.828197002,459,4.590000128,2.108575737,0.297890092,1.200000000,0.019778848
0,687,1784881020.828197002,460,4.600000128,2.115388729,0.298770173,1.200000000,0.019885906
0,687,1784881020.828197002,461,4.610000128,2.122195413,0.299644875,1.200000000,0.019987260
0,687,1784881020.828197002,462,4.620000128,2.128995819,0.300514112,1.200000000,0.020082750
0,687,1784881020.828197002,463,4.630000128,2.135789981,0.301377796,1.200000000,0.020172219
0,687,1784881020.828197002,464,4.640000128,2.142577936,0.302235839,1.200000000,0.020255510
0,687,1784881020.828197002,465,4.650000128,2.149359719,0.303088154,1.200000000,0.020332463
0,687,1784881020.828197002,466,4.660000128,2.156135370,0.303934654,1.200000000,0.020402922
0,687,1784881020.828197002,467,4.670000128,2.162904929,0.304775250,1.200000000,0.020466727
0,687,1784881020.828197002,468,4.680000128,2.169668437,0.305609856,1.200000000,0.020523720
0,687,1784881020.828197002,469,4.690000128,2.176425937,0.306438382,1.200000000,0.020573745
0,687,1784881020.828197002,470,4.700000128,2.183177475,0.307260741,1.200000000,0.020616642
0,687,1784881020.828197002,471,4.710000128,2.189923097,0.308076845,1.200000000,0.020652253
0,687,1784881020.828197002,472,4.720000128,2.196662849,0.308886605,1.200000000,0.020680421
0,687,1784881020.828197002,473,4.730000128,2.203396781,0.309689934,1.200000000,0.020700987
0,687,1784881020.828197002,474,4.740000128,2.210124942,0.310486744,1.200000000,0.020713794
0,687,1784881020.828197002,475,4.750000128,2.216847384,0.311276945,1.200000000,0.020718683
0,687,1784881020.828197002,476,4.760000128,2.223564160,0.312060449,1.200000000,0.020715495
0,687,1784881020.828197002,477,4.770000128,2.230275322,0.312837169,1.200000000,0.020704074
0,687,1784881020.828197002,478,4.780000128,2.236980927,0.313607016,1.200000000,0.020684261
0,687,1784881020.828197002,479,4.790000128,2.243681029,0.314369901,1.200000000,0.020655898
0,687,1784881020.828197002,480,4.800000128,2.250375686,0.315125735,1.200000000,0.020618826
0,687,1784881020.828197002,481,4.810000128,2.257064956,0.315874431,1.200000000,0.020572888
0,687,1784881020.828197002,482,4.820000128,2.263748897,0.316615900,1.200000000,0.020517926
0,687,1784881020.828197002,483,4.830000128,2.270427570,0.317350053,1.200000000,0.020453781
0,687,1784881020.828197002,484,4.840000128,2.277101035,0.318076803,1.200000000,0.020380296
0,687,1784881020.828197002,485,4.850000128,2.283769353,0.318796059,1.200000000,0.020297313
0,687,1784881020.828197002,486,4.860000128,2.290432588,0.319507735,1.200000000,0.020204672
0,687,1784881020.828197002,487,4.870000128,2.297090801,0.320211741,1.200000000,0.020102217
0,687,1784881020.828197002,488,4.880000128,2.303744058,0.320907990,1.200000000,0.019989789
0,687,1784881020.828197002,489,4.890000128,2.310392423,0.321596392,1.200000000,0.019867230
0,687,1784881020.828197002,490,4.900000128,2.317035960,0.322276860,1.200000000,0.019734383
0,687,1784881020.828197002,491,4.910000128,2.323674735,0.322949306,1.200000000,0.019591088
0,687,1784881020.828197002,492,4.920000128,2.330308815,0.323613641,1.200000000,0.019437188
0,687,1784881020.828197002,493,4.930000128,2.336938267,0.324269778,1.200000000,0.019272525
0,687,1784881020.828197002,494,4.940000128,2.343563157,0.324917627,1.200000000,0.019096941
0,687,1784881020.828197002,495,4.950000128,2.350183554,0.325557102,1.200000000,0.018910277
0,687,1784881020.828197002,496,4.960000128,2.356799525,0.326188114,1.200000000,0.018712376
0,687,1784881020.828197002,497,4.970000128,2.363411140,0.326810577,1.200000000,0.018503079
0,687,1784881020.828197002,498,4.980000128,2.370018465,0.327424401,1.200000000,0.018282229
0,687,1784881020.828197002,499,4.990000128,2.376621572,0.328029500,1.200000000,0.018049667
0,687,1784881020.828197002,500,5.000000128,2.383220528,0.328625786,1.200000000,0.017805236
0,687,1784881020.828197002,501,5.010000128,2.389815404,0.329213171,1.200000000,0.017548776
0,687,1784881020.828197002,502,5.020000128,2.396406268,0.329791570,1.200000000,0.017280131
0,687,1784881020.828197002,503,5.030000128,2.402993191,0.330360894,1.200000000,0.016999142
0,687,1784881020.828197002,504,5.040000128,2.409576242,0.330921057,1.200000000,0.016705651
0,687,1784881020.828197002,505,5.050000128,2.416155490,0.331471973,1.200000000,0.016399499
0,687,1784881020.828197002,506,5.060000128,2.422731006,0.332013553,1.200000000,0.016080530
0,687,1784881020.828197002,507,5.070000128,2.429302859,0.332545713,1.200000000,0.015748584
0,687,1784881020.828197002,508,5.080000128,2.435871118,0.333068366,1.200000000,0.015403504
0,687,1784881020.828197002,509,5.090000128,2.442435853,0.333581425,1.200000000,0.015045131
0,687,1784881020.828197002,510,5.100000128,2.448997134,0.334084805,1.200000000,0.014673309
0,687,1784881020.828197002,511,5.110000128,2.455555028,0.334578421,1.200000000,0.014287877
0,687,1784881020.828197002,512,5.120000128,2.462109606,0.335062186,1.200000000,0.013888679
0,687,1784881020.828197002,513,5.130000128,2.468660934,0.335536016,1.200000000,0.013475556
0,687,1784881020.828197002,514,5.140000128,2.475209082,0.335999824,1.200000000,0.013048350
0,687,1784881020.828197002,515,5.150000128,2.481754118,0.336453528,1.200000000,0.012606904
0,687,1784881020.828197002,516,5.160000128,2.488296107,0.336897041,1.200000000,0.012151058
0,687,1784881020.828197002,517,5.170000128,2.494835119,0.337330279,1.200000000,0.011680656
0,687,1784881020.828197002,518,5.180000128,2.501371218,0.337753159,1.200000000,0.011195538
0,687,1784881020.828197002,519,5.190000128,2.507904472,0.338165595,1.200000000,0.010695547
0,687,1784881020.828197002,520,5.200000128,2.514434945,0.338567506,1.200000000,0.010180525
0,687,1784881020.828197002,521,5.210000128,2.520962702,0.338958806,1.200000000,0.009650314
0,687,1784881020.828197002,522,5.220000128,2.527487808,0.339339413,1.200000000,0.009104755
0,687,1784881020.828197002,523,5.230000128,2.534010325,0.339709244,1.200000000,0.008543691
0,687,1784881020.828197002,524,5.240000128,2.540530319,0.340068217,1.200000000,0.007966963
0,687,1784881020.828197002,525,5.250000128,2.547047849,0.340416249,1.200000000,0.007374414
0,687,1784881020.828197002,526,5.260000128,2.553562979,0.340753257,1.200000000,0.006765884
0,687,1784881020.828197002,527,5.270000128,2.560075768,0.341079161,1.200000000,0.006141218
0,687,1784881020.828197002,528,5.280000128,2.566586277,0.341393878,1.200000000,0.005500255
0,687,1784881020.828197002,529,5.290000128,2.573094565,0.341697328,1.200000000,0.004842838
0,687,1784881020.828197002,530,5.300000128,2.579600690,0.341989430,1.200000000,0.004168809
0,687,1784881020.828197002,531,5.310000128,2.586104710,0.342270103,1.200000000,0.003478011
0,687,1784881020.828197002,532,5.320000128,2.592606681,0.342539268,1.200000000,0.002770284
0,687,1784881020.828197002,533,5.330000128,2.599106659,0.342796843,1.200000000,0.002045470
0,687,1784881020.828197002,534,5.340000128,2.605604698,0.343042750,1.200000000,0.001303413
0,687,1784881020.828197002,535,5.350000128,2.612100853,0.343276910,1.200000000,0.000543953
0,687,1784881020.828197002,536,5.360000128,2.618595176,0.343499244,1.200000000,-0.000233067
0,687,1784881020.828197002,537,5.370000128,2.625087718,0.343709672,1.200000000,-0.001027806
0,687,1784881020.828197002,538,5.380000128,2.631578530,0.343908119,1.200000000,-0.001840422
0,687,1784881020.828197002,539,5.390000128,2.638067662,0.344094505,1.200000000,-0.002671069
0,687,1784881020.828197002,540,5.400000128,2.644555163,0.344268753,1.200000000,-0.003519778
0,687,1784881020.828197002,541,5.410000128,2.651041079,0.344430786,1.200000000,-0.004386407
0,687,1784881020.828197002,542,5.420000128,2.657525456,0.344580529,1.200000000,-0.005270806
0,687,1784881020.828197002,543,5.430000128,2.664008341,0.344717904,1.200000000,-0.006172822
0,687,1784881020.828197002,544,5.440000128,2.670489776,0.344842836,1.200000000,-0.007092302
0,687,1784881020.828197002,545,5.450000128,2.676969805,0.344955250,1.200000000,-0.008029095
0,687,1784881020.828197002,546,5.460000128,2.683448468,0.345055072,1.200000000,-0.008983049
0,687,1784881020.828197002,547,5.470000128,2.689925807,0.345142225,1.200000000,-0.009954012
0,687,1784881020.828197002,548,5.480000128,2.696401860,0.345216637,1.200000000,-0.010941831
0,687,1784881020.828197002,549,5.490000128,2.702876666,0.345278234,1.200000000,-0.011946354
0,687,1784881020.828197002,550,5.500000128,2.709350260,0.345326943,1.200000000,-0.012967430
0,687,1784881020.828197002,551,5.510000128,2.715822679,0.345362691,1.200000000,-0.014004906
0,687,1784881020.828197002,552,5.520000128,2.722293955,0.345385406,1.200000000,-0.015058630
0,687,1784881020.828197002,553,5.530000128,2.728764123,0.345395017,1.200000000,-0.016128451
0,687,1784881020.828197002,554,5.540000128,2.735233212,0.345391451,1.200000000,-0.017214215
0,687,1784881020.828197002,555,5.550000128,2.741701254,0.345374639,1.200000000,-0.018315771
0,687,1784881020.828197002,556,5.560000128,2.748168278,0.345344510,1.200000000,-0.019432967
0,687,1784881020.828197002,557,5.570000128,2.754634310,0.345300994,1.200000000,-0.020565650
0,687,1784881020.828197002,558,5.580000128,2.761099377,0.345244022,1.200000000,-0.021713669
0,687,1784881020.828197002,559,5.590000128,2.767563504,0.345173525,1.200000000,-0.022876872
0,687,1784881020.828197002,560,5.600000128,2.774026714,0.345089435,1.200000000,-0.024055106
0,687,1784881020.828197002,561,5.610000128,2.780489030,0.344991684,1.200000000,-0.025248220
0,687,1784881020.828197002,562,5.620000128,2.786950472,0.344880206,1.200000000,-0.026456060
0,687,1784881020.828197002,563,5.630000128,2.793411059,0.344754933,1.200000000,-0.027678476
0,687,1784881020.828197002,564,5.640000128,2.799870811,0.344615799,1.200000000,-0.028915315
0,687,1784881020.828197002,565,5.650000128,2.806329742,0.344462738,1.200000000,-0.030166425
0,687,1784881020.828197002,566,5.660000128,2.812787870,0.344295686,1.200000000,-0.031431654
0,687,1784881020.828197002,567,5.670000128,2.819245207,0.344114579,1.200000000,-0.032710849
0,687,1784881020.828197002,568,5.680000128,2.825701766,0.343919351,1.200000000,-0.034003860
0,687,1784881020.828197002,569,5.690000128,2.832157559,0.343709941,1.200000000,-0.035310533
0,687,1784881020.828197002,570,5.700000128,2.838612596,0.343486284,1.200000000,-0.036630716
0,687,1784881020.828197002,571,5.710000128,2.845066884,0.343248320,1.200000000,-0.037964258
0,687,1784881020.828197002,572,5.720000128,2.851520432,0.342995986,1.200000000,-0.039311006
0,687,1784881020.828197002,573,5.730000128,2.857973245,0.342729221,1.200000000,-0.040670809
0,687,1784881020.828197002,574,5.740000128,2.864425327,0.342447966,1.200000000,-0.042043514
0,687,1784881020.828197002,575,5.750000128,2.870876682,0.342152160,1.200000000,-0.043428968
0,687,1784881020.828197002,576,5.760000128,2.877327311,0.341841743,1.200000000,-0.044827021
0,687,1784881020.828197002,577,5.770000128,2.883777215,0.341516659,1.200000000,-0.046237520
0,687,1784881020.828197002,578,5.780000128,2.890226393,0.341176847,1.200000000,-0.047660312
0,687,1784881020.828197002,579,5.790000128,2.896674843,0.340822253,1.200000000,-0.049095247
0,687,1784881020.828197002,580,5.800000128,2.903122561,0.340452818,1.200000000,-0.050542171
0,687,1784881020.828197002,581,5.810000128,2.909569542,0.340068486,1.200000000,-0.052000932
0,687,1784881020.828197002,582,5.820000128,2.916015780,0.339669203,1.200000000,-0.053471379
0,687,1784881020.828197002,583,5.830000128,2.922461267,0.339254914,1.200000000,-0.054953359
0,687,1784881020.828197002,584,5.840000128,2.928905996,0.338825565,1.200000000,-0.056446721
0,687,1784881020.828197002,585,5.850000128,2.935349955,0.338381101,1.200000000,-0.057951311
0,687,1784881020.828197002,586,5.860000128,2.941793133,0.337921472,1.200000000,-0.059466979
0,687,1784881020.828197002,587,5.870000128,2.948235518,0.337446624,1.200000000,-0.060993572
0,687,1784881020.828197002,588,5.880000128,2.954677097,0.336956506,1.200000000,-0.062530938
0,687,1784881020.828197002,589,5.890000128,2.961117853,0.336451068,1.200000000,-0.064078924
0,687,1784881020.828197002,590,5.900000128,2.967557771,0.335930260,1.200000000,-0.065637380
0,687,1784881020.828197002,591,5.910000128,2.973996833,0.335394032,1.200000000,-0.067206152
0,687,1784881020.828197002,592,5.920000128,2.980435020,0.334842336,1.200000000,-0.068785088
0,687,1784881020.828197002,593,5.930000128,2.986872313,0.334275125,1.200000000,-0.070374037
0,687,1784881020.828197002,594,5.940000128,2.993308690,0.333692350,1.200000000,-0.071972847
0,687,1784881020.828197002,595,5.950000128,2.999744129,0.333093967,1.200000000,-0.073581364
0,687,1784881020.828197002,596,5.960000128,3.006178607,0.332479928,1.200000000,-0.075199438
0,687,1784881020.828197002,597,5.970000128,3.012612099,0.331850190,1.200000000,-0.076826916
0,687,1784881020.828197002,598,5.980000128,3.019044579,0.331204708,1.200000000,-0.078463646
0,687,1784881020.828197002,599,5.990000128,3.025476021,0.330543438,1.200000000,-0.080109476
0,687,1784881020.828197002,600,6.000000128,3.031906397,0.329866339,1.200000000,-0.081764254
0,687,1784881020.828197002,601,6.010000128,3.038335678,0.329173367,1.200000000,-0.083427828
0,687,1784881020.828197002,602,6.020000128,3.044763833,0.328464483,1.200000000,-0.085100045
0,687,1784881020.828197002,603,6.030000128,3.051190832,0.327739645,1.200000000,-0.086780754
0,687,1784881020.828197002,604,6.040000128,3.057616643,0.326998814,1.200000000,-0.088469802
0,687,1784881020.828197002,605,6.050000128,3.064041233,0.326241952,1.200000000,-0.090167038
0,687,1784881020.828197002,606,6.060000128,3.070464567,0.325469019,1.200000000,-0.091872309
0,687,1784881020.828197002,607,6.070000128,3.076886610,0.324679980,1.200000000,-0.093585463
0,687,1784881020.828197002,608,6.080000128,3.083307327,0.323874797,1.200000000,-0.095306348
0,687,1784881020.828197002,609,6.090000128,3.089726681,0.323053435,1.200000000,-0.097034813
0,687,1784881020.828197002,610,6.100000128,3.096144633,0.322215858,1.200000000,-0.098770704
0,687,1784881020.828197002,611,6.110000128,3.102561146,0.321362034,1.200000000,-0.100513870
0,687,1784881020.828197002,612,6.120000128,3.108976178,0.320491928,1.200000000,-0.102264159
0,687,1784881020.828197002,613,6.130000128,3.115389691,0.319605508,1.200000000,-0.104021419
0,687,1784881020.828197002,614,6.140000128,3.121801642,0.318702743,1.200000000,-0.105785497
0,687,1784881020.828197002,615,6.150000128,3.128211989,0.317783601,1.200000000,-0.107556242
0,687,1784881020.828197002,616,6.160000128,3.134620690,0.316848054,1.200000000,-0.109333501
0,687,1784881020.828197002,617,6.170000128,3.141027701,0.315896071,1.200000000,-0.111117122
0,687,1784881020.828197002,618,6.180000128,3.147432976,0.314927624,1.200000000,-0.112906954
0,687,1784881020.828197002,619,6.190000128,3.153836472,0.313942686,1.200000000,-0.114702844
0,687,1784881020.828197002,620,6.200000128,3.160238142,0.312941231,1.200000000,-0.116504640
0,687,1784881020.828197002,621,6.210000128,3.166637939,0.311923233,1.200000000,-0.118312190
0,687,1784881020.828197002,622,6.220000128,3.173035817,0.310888666,1.200000000,-0.120125342
0,687,1784881020.828197002,623,6.230000128,3.179431727,0.309837506,1.200000000,-0.121943943
0,687,1784881020.828197002,624,6.240000128,3.185825620,0.308769732,1.200000000,-0.123767842
0,687,1784881020.828197002,625,6.250000128,3.192217448,0.307685319,1.200000000,-0.125596887
0,687,1784881020.828197002,626,6.260000128,3.198607161,0.306584247,1.200000000,-0.127430926
0,687,1784881020.828197002,627,6.270000128,3.204994709,0.305466496,1.200000000,-0.129269805
0,687,1784881020.828197002,628,6.280000128,3.211380039,0.304332045,1.200000000,-0.131113375
0,687,1784881020.828197002,629,6.290000128,3.217763103,0.303180876,1.200000000,-0.132961481
0,687,1784881020.828197002,630,6.300000128,3.224143846,0.302012970,1.200000000,-0.134813972
0,687,1784881020.828197002,631,6.310000128,3.230522218,0.300828312,1.200000000,-0.136670697
0,687,1784881020.828197002,632,6.320000128,3.236898165,0.299626884,1.200000000,-0.138531503
0,687,1784881020.828197002,633,6.330000128,3.243271634,0.298408671,1.200000000,-0.140396237
0,687,1784881020.828197002,634,6.340000128,3.249642571,0.297173660,1.200000000,-0.142264748
0,687,1784881020.828197002,635,6.350000128,3.256010923,0.295921836,1.200000000,-0.144136884
0,687,1784881020.828197002,636,6.360000128,3.262376636,0.294653187,1.200000000,-0.146012493
0,687,1784881020.828197002,637,6.370000128,3.268739654,0.293367702,1.200000000,-0.147891422
0,687,1784881020.828197002,638,6.380000128,3.275099923,0.292065370,1.200000000,-0.149773520
0,687,1784881020.828197002,639,6.390000128,3.281457387,0.290746180,1.200000000,-0.151658634
0,687,1784881020.828197002,640,6.400000128,3.287811992,0.289410125,1.200000000,-0.153546612
0,687,1784881020.828197002,641,6.410000128,3.294163681,0.288057196,1.200000000,-0.155437302
0,687,1784881020.828197002,642,6.420000128,3.300512398,0.286687387,1.200000000,-0.157330553
0,687,1784881020.828197002,643,6.430000128,3.306858088,0.285300690,1.200000000,-0.159226211
0,687,1784881020.828197002,644,6.440000128,3.313200693,0.283897101,1.200000000,-0.161124125
0,687,1784881020.828197002,645,6.450000128,3.319540159,0.282476616,1.200000000,-0.163024144
0,687,1784881020.828197002,646,6.460000128,3.325876428,0.281039232,1.200000000,-0.164926114
0,687,1784881020.828197002,647,6.470000128,3.332209443,0.279584945,1.200000000,-0.166829883
0,687,1784881020.828197002,648,6.480000128,3.338539149,0.278113755,1.200000000,-0.168735300
0,687,1784881020.828197002,649,6.490000128,3.344865487,0.276625661,1.200000000,-0.170642213
0,687,1784881020.828197002,650,6.500000128,3.351188403,0.275120664,1.200000000,-0.172550469
0,687,1784881020.828197002,651,6.510000128,3.357507839,0.273598765,1.200000000,-0.174459916
0,687,1784881020.828197002,652,6.520000128,3.363823737,0.272059966,1.200000000,-0.176370402
0,687,1784881020.828197002,653,6.530000128,3.370136043,0.270504271,1.200000000,-0.178281776
0,687,1784881020.828197002,654,6.540000128,3.376444699,0.268931684,1.200000000,-0.180193884
0,687,1784881020.828197002,655,6.550000128,3.382749649,0.267342210,1.200000000,-0.182106575
0,687,1784881020.828197002,656,6.560000128,3.389050836,0.265735856,1.200000000,-0.184019698
0,687,1784881020.828197002,657,6.570000128,3.395348205,0.264112628,1.200000000,-0.185933099
0,687,1784881020.828197002,658,6.580000128,3.401641700,0.262472535,1.200000000,-0.187846626
0,687,1784881020.828197002,659,6.590000128,3.407931264,0.260815585,1.200000000,-0.189760128
0,687,1784881020.828197002,660,6.600000128,3.414216843,0.259141789,1.200000000,-0.191673453
0,687,1784881020.828197002,661,6.610000128,3.420498381,0.257451158,1.200000000,-0.193586448
0,687,1784881020.828197002,662,6.620000128,3.426775822,0.255743704,1.200000000,-0.195498961
0,687,1784881020.828197002,663,6.630000128,3.433049114,0.254019439,1.200000000,-0.197410841
0,687,1784881020.828197002,664,6.640000128,3.439318200,0.252278377,1.200000000,-0.199321934
0,687,1784881020.828197002,665,6.650000128,3.445583027,0.250520534,1.200000000,-0.201232090
0,687,1784881020.828197002,666,6.660000128,3.451843541,0.248745925,1.200000000,-0.203141156
0,687,1784881020.828197002,667,6.670000128,3.458099689,0.246954567,1.200000000,-0.205048979
0,687,1784881020.828197002,668,6.680000128,3.464351418,0.245146478,1.200000000,-0.206955408
0,687,1784881020.828197002,669,6.690000128,3.470598676,0.243321677,1.200000000,-0.208860291
0,687,1784881020.828197002,670,6.700000128,3.476841410,0.241480182,1.200000000,-0.210763475
0,687,1784881020.828197002,671,6.710000128,3.483079569,0.239622016,1.200000000,-0.212664809
0,687,1784881020.828197002,672,6.720000128,3.489313102,0.237747199,1.200000000,-0.214564141
0,687,1784881020.828197002,673,6.730000128,3.495541959,0.235855754,1.200000000,-0.216461317
0,687,1784881020.828197002,674,6.740000128,3.501766088,0.233947706,1.200000000,-0.218356187
0,687,1784881020.828197002,675,6.750000128,3.507985442,0.232023078,1.200000000,-0.220248598
0,687,1784881020.828197002,676,6.760000128,3.514199971,0.230081895,1.200000000,-0.222138398
0,687,1784881020.828197002,677,6.770000128,3.520409627,0.228124186,1.200000000,-0.224025435
0,687,1784881020.828197002,678,6.780000128,3.526614361,0.226149976,1.200000000,-0.225909557
0,687,1784881020.828197002,679,6.790000128,3.532814128,0.224159295,1.200000000,-0.227790611
0,687,1784881020.828197002,680,6.800000128,3.539008881,0.222152173,1.200000000,-0.229668447
0,687,1784881020.828197002,681,6.810000128,3.545198573,0.220128638,1.200000000,-0.231542910
0,687,1784881020.828197002,682,6.820000128,3.551383161,0.218088724,1.200000000,-0.233413851
0,687,1784881020.828197002,683,6.830000128,3.557562600,0.216032462,1.200000000,-0.235281116
0,687,1784881020.828197002,684,6.840000128,3.563736845,0.213959886,1.200000000,-0.237144553
0,687,1784881020.828197002,685,6.850000128,3.569905855,0.211871030,1.200000000,-0.239004010
0,687,1784881020.828197002,686,6.860000128,3.576069588,0.209765929,1.200000000,-0.240859335
0,687,1784881020.828197002,687,6.870000128,3.582228002,0.207644620,1.200000000,-0.242710377
0,687,1784881020.828197002,688,6.880000128,3.588381056,0.205507140,1.200000000,-0.244556982
0,687,1784881020.828197002,689,6.890000128,3.594528711,0.203353527,1.200000000,-0.246399000
0,687,1784881020.828197002,690,6.900000128,3.600670929,0.201183820,1.200000000,-0.248236277
0,687,1784881020.828197002,691,6.910000128,3.606807671,0.198998060,1.200000000,-0.250068661
0,687,1784881020.828197002,692,6.920000128,3.612938901,0.196796287,1.200000000,-0.251896002
0,687,1784881020.828197002,693,6.930000128,3.619064581,0.194578545,1.200000000,-0.253718146
0,687,1784881020.828197002,694,6.940000128,3.625184678,0.192344874,1.200000000,-0.255534941
0,687,1784881020.828197002,695,6.950000128,3.631299156,0.190095321,1.200000000,-0.257346236
0,687,1784881020.828197002,696,6.960000128,3.637407982,0.187829929,1.200000000,-0.259151878
0,687,1784881020.828197002,697,6.970000128,3.643511124,0.185548744,1.200000000,-0.260951715
0,687,1784881020.828197002,698,6.980000128,3.649608549,0.183251814,1.200000000,-0.262745595
0,687,1784881020.828197002,699,6.990000128,3.655700228,0.180939187,1.200000000,-0.264533366
0,687,1784881020.828197002,700,7.000000128,3.661786131,0.178610910,1.200000000,-0.266314876
0,687,1784881020.828197002,701,7.010000128,3.667866230,0.176267034,1.200000000,-0.268089973
0,687,1784881020.828197002,702,7.020000128,3.673940496,0.173907609,1.200000000,-0.269858505
0,687,1784881020.828197002,703,7.030000128,3.680008902,0.171532688,1.200000000,-0.271620319
0,687,1784881020.828197002,704,7.040000128,3.686071425,0.169142321,1.200000000,-0.273375263
0,687,1784881020.828197002,705,7.050000128,3.692128039,0.166736564,1.200000000,-0.275123186
0,687,1784881020.828197002,706,7.060000128,3.698178720,0.164315470,1.200000000,-0.276863948
0,687,1784881020.828197002,707,7.070000128,3.704223446,0.161879094,1.200000000,-0.278597526
0,687,1784881020.828197002,708,7.080000128,3.710262196,0.159427494,1.200000000,-0.280323960
0,687,1784881020.828197002,709,7.090000128,3.716294950,0.156960725,1.200000000,-0.282043291
0,687,1784881020.828197002,710,7.100000128,3.722321687,0.154478847,1.200000000,-0.283755563
0,687,1784881020.828197002,711,7.110000128,3.728342392,0.151981918,1.200000000,-0.285460814
0,687,1784881020.828197002,712,7.120000128,3.734357045,0.149469997,1.200000000,-0.287159089
0,687,1784881020.828197002,713,7.130000128,3.740365632,0.146943147,1.200000000,-0.288850427
0,687,1784881020.828197002,714,7.140000128,3.746368137,0.144401428,1.200000000,-0.290534870
0,687,1784881020.828197002,715,7.150000128,3.752364548,0.141844904,1.200000000,-0.292212459
0,687,1784881020.828197002,716,7.160000128,3.758354850,0.139273637,1.200000000,-0.293883237
0,687,1784881020.828197002,717,7.170000128,3.764339034,0.136687692,1.200000000,-0.295547245
0,687,1784881020.828197002,718,7.180000128,3.770317088,0.134087135,1.200000000,-0.297204523
0,687,1784881020.828197002,719,7.190000128,3.776289004,0.131472032,1.200000000,-0.298855114
0,687,1784881020.828197002,720,7.200000128,3.782254773,0.128842449,1.200000000,-0.300499059
0,687,1784881020.828197002,721,7.210000128,3.788214388,0.126198454,1.200000000,-0.302136400
0,687,1784881020.828197002,722,7.220000128,3.794167845,0.123540118,1.200000000,-0.303767177
0,687,1784881020.828197002,723,7.230000128,3.800115137,0.120867508,1.200000000,-0.305391433
0,687,1784881020.828197002,724,7.240000128,3.806056263,0.118180696,1.200000000,-0.307009209
0,687,1784881020.828197002,725,7.250000128,3.811991219,0.115479753,1.200000000,-0.308620546
0,687,1784881020.828197002,726,7.260000128,3.817920004,0.112764751,1.200000000,-0.310225485
0,687,1784881020.828197002,727,7.270000128,3.823842618,0.110035763,1.200000000,-0.311824069
0,687,1784881020.828197002,728,7.280000128,3.829759063,0.107292864,1.200000000,-0.313416339
0,687,1784881020.828197002,729,7.290000128,3.835669341,0.104536128,1.200000000,-0.315002335
0,687,1784881020.828197002,730,7.300000128,3.841573454,0.101765630,1.200000000,-0.316582101
0,687,1784881020.828197002,731,7.310000128,3.847471409,0.098981447,1.200000000,-0.318155676
0,687,1784881020.828197002,732,7.320000128,3.853363210,0.096183657,1.200000000,-0.319723103
0,687,1784881020.828197002,733,7.330000128,3.859248864,0.093372336,1.200000000,-0.321284423
0,687,1784881020.828197002,734,7.340000128,3.865128379,0.090547565,1.200000000,-0.322839677
0,687,1784881020.828197002,735,7.350000128,3.871001765,0.087709422,1.200000000,-0.324388908
0,687,1784881020.828197002,736,7.360000128,3.876869032,0.084857989,1.200000000,-0.325932155
0,687,1784881020.828197002,737,7.370000128,3.882730191,0.081993345,1.200000000,-0.327469462
0,687,1784881020.828197002,738,7.380000128,3.888585255,0.079115574,1.200000000,-0.329000869
0,687,1784881020.828197002,739,7.390000128,3.894434237,0.076224758,1.200000000,-0.330526418
0,687,1784881020.828197002,740,7.400000128,3.900277152,0.073320981,1.200000000,-0.332046150
0,687,1784881020.828197002,741,7.410000128,3.906114017,0.070404327,1.200000000,-0.333560106
0,687,1784881020.828197002,742,7.420000128,3.911944847,0.067474880,1.200000000,-0.335068329
0,687,1784881020.828197002,743,7.430000128,3.917769662,0.064532728,1.200000000,-0.336570859
0,687,1784881020.828197002,744,7.440000128,3.923588481,0.061577955,1.200000000,-0.338067739
0,687,1784881020.828197002,745,7.450000128,3.929401323,0.058610651,1.200000000,-0.339559009
0,687,1784881020.828197002,746,7.460000128,3.935208210,0.055630902,1.200000000,-0.341044711
0,687,1784881020.828197002,747,7.470000128,3.941009165,0.052638797,1.200000000,-0.342524887
0,687,1784881020.828197002,748,7.480000128,3.946804212,0.049634427,1.200000000,-0.343999578
0,687,1784881020.828197002,749,7.490000128,3.952593374,0.046617880,1.200000000,-0.345468825
0,687,1784881020.828197002,750,7.500000128,3.958376678,0.043589248,1.200000000,-0.346932670
0,687,1784881020.828197002,751,7.510000128,3.964154150,0.040548623,1.200000000,-0.348391154
0,687,1784881020.828197002,752,7.520000128,3.969925818,0.037496097,1.200000000,-0.349844319
0,687,1784881020.828197002,753,7.530000128,3.975691711,0.034431762,1.200000000,-0.351292206
0,687,1784881020.828197002,754,7.540000128,3.981451859,0.031355713,1.200000000,-0.352734857
0,687,1784881020.828197002,755,7.550000128,3.987206292,0.028268043,1.200000000,-0.354172314
0,687,1784881020.828197002,756,7.560000128,3.992955043,0.025168848,1.200000000,-0.355604617
0,687,1784881020.828197002,757,7.570000128,3.998698144,0.022058224,1.200000000,-0.357031808
0,687,1784881020.828197002,758,7.580000128,4.004435629,0.018936265,1.200000000,-0.358453928
0,687,1784881020.828197002,759,7.590000128,4.010167533,0.015803070,1.200000000,-0.359871020
0,687,1784881020.828197002,760,7.600000128,4.015893892,0.012658736,1.200000000,-0.361283124
0,687,1784881020.828197002,761,7.610000128,4.021614742,0.009503361,1.200000000,-0.362690282
0,687,1784881020.828197002,762,7.620000128,4.027330122,0.006337043,1.200000000,-0.364092536
0,687,1784881020.828197002,763,7.630000128,4.033040069,0.003159883,1.200000000,-0.365489927
0,687,1784881020.828197002,764,7.640000128,4.038744623,-0.000028021,1.200000000,-0.366882496
0,687,1784881020.828197002,765,7.650000128,4.044443825,-0.003226566,1.200000000,-0.368270284
0,687,1784881020.828197002,766,7.660000128,4.050137717,-0.006435653,1.200000000,-0.369653335
0,687,1784881020.828197002,767,7.670000128,4.055826339,-0.009655179,1.200000000,-0.371031687
0,687,1784881020.828197002,768,7.680000128,4.061509736,-0.012885043,1.200000000,-0.372405384
0,687,1784881020.828197002,769,7.690000128,4.067187952,-0.016125141,1.200000000,-0.373774467
0,687,1784881020.828197002,770,7.700000128,4.072861031,-0.019375370,1.200000000,-0.375138977
0,687,1784881020.828197002,771,7.710000128,4.078529018,-0.022635625,1.200000000,-0.376498956
0,687,1784881020.828197002,772,7.720000128,4.084191961,-0.025905804,1.200000000,-0.377854444
0,687,1784881020.828197002,773,7.730000128,4.089849907,-0.029185799,1.200000000,-0.379205484
0,687,1784881020.828197002,774,7.740000128,4.095502904,-0.032475507,1.200000000,-0.380552118
0,687,1784881020.828197002,775,7.750000128,4.101151000,-0.035774820,1.200000000,-0.381894385
0,687,1784881020.828197002,776,7.760000128,4.106794245,-0.039083633,1.200000000,-0.383232329
0,687,1784881020.828197002,777,7.770000128,4.112432691,-0.042401838,1.200000000,-0.384565990
0,687,1784881020.828197002,778,7.780000128,4.118066387,-0.045729327,1.200000000,-0.385895410
0,687,1784881020.828197002,779,7.790000128,4.123695385,-0.049065993,1.200000000,-0.387220630
0,687,1784881020.828197002,780,7.800000128,4.129319739,-0.052411728,1.200000000,-0.388541692
0,687,1784881020.828197002,781,7.810000128,4.134939502,-0.055766421,1.200000000,-0.389858637
0,687,1784881020.828197002,782,7.820000128,4.140554727,-0.059129964,1.200000000,-0.391171507
0,687,1784881020.828197002,783,7.830000128,4.146165469,-0.062502247,1.200000000,-0.392480343
0,687,1784881020.828197002,784,7.840000128,4.151771783,-0.065883160,1.200000000,-0.393785187
0,687,1784881020.828197002,785,7.850000128,4.157373726,-0.069272591,1.200000000,-0.395086079
0,687,1784881020.828197002,786,7.860000128,4.162971354,-0.072670430,1.200000000,-0.396383063
0,687,1784881020.828197002,787,7.870000128,4.168564723,-0.076076565,1.200000000,-0.397676178
0,687,1784881020.828197002,788,7.880000128,4.174153892,-0.079490884,1.200000000,-0.398965467
0,687,1784881020.828197002,789,7.890000128,4.179738920,-0.082913274,1.200000000,-0.400250971
0,687,1784881020.828197002,790,7.900000128,4.185319863,-0.086343624,1.200000000,-0.401532731
0,687,1784881020.828197002,791,7.910000128,4.190896784,-0.089781819,1.200000000,-0.402810790
0,687,1784881020.828197002,792,7.920000128,4.196469740,-0.093227746,1.200000000,-0.404085187
0,687,1784881020.828197002,793,7.930000128,4.202038793,-0.096681292,1.200000000,-0.405355965
0,687,1784881020.828197002,794,7.940000128,4.207604003,-0.100142341,1.200000000,-0.406623166
0,687,1784881020.828197002,795,7.950000128,4.213165432,-0.103610780,1.200000000,-0.407886830
0,687,1784881020.828197002,796,7.960000128,4.218723141,-0.107086494,1.200000000,-0.409147000
0,687,1784881020.828197002,797,7.970000128,4.224277194,-0.110569367,1.200000000,-0.410403716
0,687,1784881020.828197002,798,7.980000128,4.229827652,-0.114059283,1.200000000,-0.411657021
0,687,1784881020.828197002,799,7.990000128,4.235374580,-0.117556127,1.200000000,-0.412906955
0,687,1784881020.828197002,800,8.000000128,4.240918039,-0.121059782,1.200000000,-0.414153560
0,687,1784881020.828197002,801,8.010000128,4.246458095,-0.124570133,1.200000000,-0.415396877
0,687,1784881020.828197002,802,8.020000128,4.251994811,-0.128087061,1.200000000,-0.416636949
0,687,1784881020.828197002,803,8.030000128,4.257528252,-0.131610451,1.200000000,-0.417873816
0,687,1784881020.828197002,804,8.040000128,4.263058483,-0.135140184,1.200000000,-0.419107520
0,687,1784881020.828197002,805,8.050000128,4.268585569,-0.138676144,1.200000000,-0.420338102
0,687,1784881020.828197002,806,8.060000128,4.274109575,-0.142218212,1.200000000,-0.421565604
0,687,1784881020.828197002,807,8.070000128,4.279630568,-0.145766270,1.200000000,-0.422790067
0,687,1784881020.828197002,808,8.080000128,4.285148614,-0.149320199,1.200000000,-0.424011534
0,687,1784881020.828197002,809,8.090000128,4.290663778,-0.152879883,1.200000000,-0.425230044
0,687,1784881020.828197002,810,8.100000128,4.296176127,-0.156445200,1.200000000,-0.426445640
0,687,1784881020.828197002,811,8.110000128,4.301685727,-0.160016033,1.200000000,-0.427658363
0,687,1784881020.828197002,812,8.120000128,4.307192647,-0.163592262,1.200000000,-0.428868255
0,687,1784881020.828197002,813,8.130000128,4.312696952,-0.167173768,1.200000000,-0.430075357
0,687,1784881020.828197002,814,8.140000128,4.318198709,-0.170760432,1.200000000,-0.431279711
0,687,1784881020.828197002,815,8.150000128,4.323697987,-0.174352132,1.200000000,-0.432481357
0,687,1784881020.828197002,816,8.160000128,4.329194852,-0.177948751,1.200000000,-0.433680338
0,687,1784881020.828197002,817,8.170000128,4.334689372,-0.181550166,1.200000000,-0.434876695
0,687,1784881020.828197002,818,8.180000128,4.340181614,-0.185156259,1.200000000,-0.436070469
0,687,1784881020.828197002,819,8.190000128,4.345671647,-0.188766909,1.200000000,-0.437261703
0,687,1784881020.828197002,820,8.200000128,4.351159537,-0.192381994,1.200000000,-0.438450436
0,687,1784881020.828197002,821,8.210000128,4.356645352,-0.196001396,1.200000000,-0.439636711
0,687,1784881020.828197002,822,8.220000128,4.362129161,-0.199624992,1.200000000,-0.440820570
0,687,1784881020.828197002,823,8.230000128,4.367611030,-0.203252662,1.200000000,-0.442002053
0,687,1784881020.828197002,824,8.240000128,4.373091028,-0.206884285,1.200000000,-0.443181203
0,687,1784881020.828197002,825,8.250000128,4.378569221,-0.210519739,1.200000000,-0.444358060
0,687,1784881020.828197002,826,8.260000128,4.384045678,-0.214158904,1.200000000,-0.445532666
0,687,1784881020.828197002,827,8.270000128,4.389520466,-0.217801659,1.200000000,-0.446705063
0,687,1784881020.828197002,828,8.280000128,4.394993652,-0.221447881,1.200000000,-0.447875292
0,687,1784881020.828197002,829,8.290000128,4.400465303,-0.225097450,1.200000000,-0.449043394
0,687,1784881020.828197002,830,8.300000128,4.405935487,-0.228750244,1.200000000,-0.450209411
0,687,1784881020.828197002,831,8.310000128,4.411404271,-0.232406142,1.200000000,-0.451373385
0,687,1784881020.828197002,832,8.320000128,4.416871720,-0.236065022,1.200000000,-0.452535357
0,687,1784881020.828197002,833,8.330000128,4.422337903,-0.239726762,1.200000000,-0.453695368
0,687,1784881020.828197002,834,8.340000128,4.427802884,-0.243391241,1.200000000,-0.454853459
0,687,1784881020.828197002,835,8.350000128,4.433266731,-0.247058337,1.200000000,-0.456009673
0,687,1784881020.828197002,836,8.360000128,4.438729509,-0.250727929,1.200000000,-0.457164051
0,687,1784881020.828197002,837,8.370000128,4.444191283,-0.254399895,1.200000000,-0.458316634
0,687,1784881020.828197002,838,8.380000128,4.449652120,-0.258074113,1.200000000,-0.459467464
0,687,1784881020.828197002,839,8.390000128,4.455112084,-0.261750463,1.200000000,-0.460616582
0,687,1784881020.828197002,840,8.400000128,4.460571240,-0.265428821,1.200000000,-0.461764029
0,687,1784881020.828197002,841,8.410000128,4.466029653,-0.269109067,1.200000000,-0.462909848
0,687,1784881020.828197002,842,8.420000128,4.471487386,-0.272791079,1.200000000,-0.464054079
0,687,1784881020.828197002,843,8.430000128,4.476944504,-0.276474735,1.200000000,-0.465196763
0,687,1784881020.828197002,844,8.440000128,4.482401069,-0.280159915,1.200000000,-0.466337944
0,687,1784881020.828197002,845,8.450000128,4.487857146,-0.283846496,1.200000000,-0.467477661
0,687,1784881020.828197002,846,8.460000128,4.493312795,-0.287534359,1.200000000,-0.468615957
0,687,1784881020.828197002,847,8.470000128,4.498768080,-0.291223380,1.200000000,-0.469752873
0,687,1784881020.828197002,848,8.480000128,4.504223063,-0.294913440,1.200000000,-0.470888449
0,687,1784881020.828197002,849,8.490000128,4.509677804,-0.298604416,1.200000000,-0.472022729
0,687,1784881020.828197002,850,8.500000128,4.515132364,-0.302296189,1.200000000,-0.473155753
0,687,1784881020.828197002,851,8.510000128,4.520586804,-0.305988637,1.200000000,-0.474287562
0,687,1784881020.828197002,852,8.520000128,4.526041184,-0.309681640,1.200000000,-0.475418199
0,687,1784881020.828197002,853,8.530000128,4.531495563,-0.313375076,1.200000000,-0.476547705
0,687,1784881020.828197002,854,8.540000128,4.536950000,-0.317068826,1.200000000,-0.477676120
0,687,1784881020.828197002,855,8.550000128,4.542404553,-0.320762769,1.200000000,-0.478803487
0,687,1784881020.828197002,856,8.560000128,4.547859280,-0.324456784,1.200000000,-0.479929847
0,687,1784881020.828197002,857,8.570000128,4.553314238,-0.328150752,1.200000000,-0.481055241
0,687,1784881020.828197002,858,8.580000128,4.558769483,-0.331844553,1.200000000,-0.482179712
0,687,1784881020.828197002,859,8.590000128,4.564225072,-0.335538066,1.200000000,-0.483303300
0,687,1784881020.828197002,860,8.600000128,4.569681060,-0.339231173,1.200000000,-0.484426046
0,687,1784881020.828197002,861,8.610000128,4.575137502,-0.342923753,1.200000000,-0.485547993
0,687,1784881020.828197002,862,8.620000128,4.580594452,-0.346615688,1.200000000,-0.486669182
0,687,1784881020.828197002,863,8.630000128,4.586051963,-0.350306858,1.200000000,-0.487789654
0,687,1784881020.828197002,864,8.640000128,4.591510088,-0.353997144,1.200000000,-0.488909451
0,687,1784881020.828197002,865,8.650000128,4.596968879,-0.357686428,1.200000000,-0.490028614
0,687,1784881020.828197002,866,8.660000128,4.602428388,-0.361374590,1.200000000,-0.491147184
0,687,1784881020.828197002,867,8.670000128,4.607888666,-0.365061514,1.200000000,-0.492265204
0,687,1784881020.828197002,868,8.680000128,4.613349762,-0.368747080,1.200000000,-0.493382715
0,687,1784881020.828197002,869,8.690000128,4.618811726,-0.372431170,1.200000000,-0.494499757
0,687,1784881020.828197002,870,8.700000128,4.624274607,-0.376113667,1.200000000,-0.495616373
0,687,1784881020.828197002,871,8.710000128,4.629738452,-0.379794454,1.200000000,-0.496732603
0,687,1784881020.828197002,872,8.720000128,4.635203308,-0.383473413,1.200000000,-0.497848491
0,687,1784881020.828197002,873,8.730000128,4.640669222,-0.387150427,1.200000000,-0.498964076
0,687,1784881020.828197002,874,8.740000128,4.646136239,-0.390825379,1.200000000,-0.500079400
0,687,1784881020.828197002,875,8.750000128,4.651604404,-0.394498153,1.200000000,-0.501194506
0,687,1784881020.828197002,876,8.760000128,4.657073761,-0.398168633,1.200000000,-0.502309433
0,687,1784881020.828197002,877,8.770000128,4.662544353,-0.401836702,1.200000000,-0.503424225
0,687,1784881020.828197002,878,8.780000128,4.668016223,-0.405502245,1.200000000,-0.504538921
0,687,1784881020.828197002,879,8.790000128,4.673489411,-0.409165146,1.200000000,-0.505653564
0,687,1784881020.828197002,880,8.800000128,4.678963959,-0.412825290,1.200000000,-0.506768196
0,687,1784881020.828197002,881,8.810000128,4.684439906,-0.416482562,1.200000000,-0.507882857
0,687,1784881020.828197002,882,8.820000128,4.689917292,-0.420136848,1.200000000,-0.508997589
0,687,1784881020.828197002,883,8.830000128,4.695396154,-0.423788033,1.200000000,-0.510112433
0,687,1784881020.828197002,884,8.840000128,4.700876530,-0.427436002,1.200000000,-0.511227432
0,687,1784881020.828197002,885,8.850000128,4.706358456,-0.431080643,1.200000000,-0.512342626
0,687,1784881020.828197002,886,8.860000128,4.711841967,-0.434721842,1.200000000,-0.513458057
0,687,1784881020.828197002,887,8.870000128,4.717327099,-0.438359485,1.200000000,-0.514573766
0,687,1784881020.828197002,888,8.880000128,4.722813885,-0.441993460,1.200000000,-0.515689795
0,687,1784881020.828197002,889,8.890000128,4.728302357,-0.445623653,1.200000000,-0.516806185
0,687,1784881020.828197002,890,8.900000128,4.733792548,-0.449249954,1.200000000,-0.517922979
0,687,1784881020.828197002,891,8.910000128,4.739284488,-0.452872249,1.200000000,-0.519040216
0,687,1784881020.828197002,892,8.920000128,4.744778208,-0.456490427,1.200000000,-0.520157939
0,687,1784881020.828197002,893,8.930000128,4.750273736,-0.460104377,1.200000000,-0.521276190
0,687,1784881020.828197002,894,8.940000128,4.755771102,-0.463713988,1.200000000,-0.522395008
0,687,1784881020.828197002,895,8.950000128,4.761270332,-0.467319149,1.200000000,-0.523514438
0,687,1784881020.828197002,896,8.960000128,4.766771452,-0.470919749,1.200000000,-0.524634518
0,687,1784881020.828197002,897,8.970000128,4.772274489,-0.474515680,1.200000000,-0.525755292
0,687,1784881020.828197002,898,8.980000128,4.777779465,-0.478106830,1.200000000,-0.526876800
0,687,1784881020.828197002,899,8.990000128,4.783286406,-0.481693092,1.200000000,-0.527999084
0,687,1784881020.828197002,900,9.000000128,4.788795333,-0.485274355,1.200000000,-0.529122185
0,687,1784881020.828197002,901,9.010000128,4.794306268,-0.488850512,1.200000000,-0.530246145
0,687,1784881020.828197002,902,9.020000128,4.799819232,-0.492421453,1.200000000,-0.531371006
0,687,1784881020.828197002,903,9.030000128,4.805334244,-0.495987072,1.200000000,-0.532496809
0,687,1784881020.828197002,904,9.040000128,4.810851324,-0.499547259,1.200000000,-0.533623594
0,687,1784881020.828197002,905,9.050000128,4.816370489,-0.503101909,1.200000000,-0.534751405
0,687,1784881020.828197002,906,9.060000128,4.821891755,-0.506650914,1.200000000,-0.535880281
0,687,1784881020.828197002,907,9.070000128,4.827415139,-0.510194168,1.200000000,-0.537010265
0,687,1784881020.828197002,908,9.080000128,4.832940656,-0.513731565,1.200000000,-0.538141399
0,687,1784881020.828197002,909,9.090000128,4.838468320,-0.517262998,1.200000000,-0.539273723
0,687,1784881020.828197002,910,9.100000128,4.843998143,-0.520788363,1.200000000,-0.540407279
0,687,1784881020.828197002,911,9.110000128,4.849530138,-0.524307553,1.200000000,-0.541542108
0,687,1784881020.828197002,912,9.120000128,4.855064316,-0.527820466,1.200000000,-0.542678253
0,687,1784881020.828197002,913,9.130000128,4.860600687,-0.531326995,1.200000000,-0.543815754
0,687,1784881020.828197002,914,9.140000128,4.866139261,-0.534827038,1.200000000,-0.544954652
0,687,1784881020.828197002,915,9.150000128,4.871680045,-0.538320490,1.200000000,-0.546094990
0,687,1784881020.828197002,916,9.160000128,4.877223047,-0.541807248,1.200000000,-0.547236809
0,687,1784881020.828197002,917,9.170000128,4.882768274,-0.545287209,1.200000000,-0.548380151
0,687,1784881020.828197002,918,9.180000128,4.888315731,-0.548760271,1.200000000,-0.549525056
0,687,1784881020.828197002,919,9.190000128,4.893865423,-0.552226332,1.200000000,-0.550671566
0,687,1784881020.828197002,920,9.200000128,4.899417353,-0.555685290,1.200000000,-0.551819710
0,687,1784881020.828197002,921,9.210000128,4.904971524,-0.559137043,1.200000000,-0.552969290
0,687,1784881020.828197002,922,9.220000128,4.910527938,-0.562581490,1.200000000,-0.554119904
0,687,1784881020.828197002,923,9.230000128,4.916086597,-0.566018531,1.200000000,-0.555271143
0,687,1784881020.828197002,924,9.240000128,4.921647500,-0.569448065,1.200000000,-0.556422599
0,687,1784881020.828197002,925,9.250000128,4.927210646,-0.572869992,1.200000000,-0.557573865
0,687,1784881020.828197002,926,9.260000128,4.932776034,-0.576284212,1.200000000,-0.558724530
0,687,1784881020.828197002,927,9.270000128,4.938343661,-0.579690627,1.200000000,-0.559874188
0,687,1784881020.828197002,928,9.280000128,4.943913525,-0.583089137,1.200000000,-0.561022429
0,687,1784881020.828197002,929,9.290000128,4.949485620,-0.586479644,1.200000000,-0.562168846
0,687,1784881020.828197002,930,9.300000128,4.955059943,-0.589862049,1.200000000,-0.563313029
0,687,1784881020.828197002,931,9.310000128,4.960636486,-0.593236255,1.200000000,-0.564454572
0,687,1784881020.828197002,932,9.320000128,4.966215244,-0.596602164,1.200000000,-0.565593064
0,687,1784881020.828197002,933,9.330000128,4.971796210,-0.599959680,1.200000000,-0.566728099
0,687,1784881020.828197002,934,9.340000128,4.977379374,-0.603308704,1.200000000,-0.567859267
0,687,1784881020.828197002,935,9.350000128,4.982964728,-0.606649141,1.200000000,-0.568986161
0,687,1784881020.828197002,936,9.360000128,4.988552262,-0.609980895,1.200000000,-0.570108371
0,687,1784881020.828197002,937,9.370000128,4.994141966,-0.613303869,1.200000000,-0.571225490
0,687,1784881020.828197002,938,9.380000128,4.999733829,-0.616617969,1.200000000,-0.572337109
0,687,1784881020.828197002,939,9.390000128,5.005327838,-0.619923100,1.200000000,-0.573442820
0,687,1784881020.828197002,940,9.400000128,5.010923981,-0.623219166,1.200000000,-0.574542214
0,687,1784881020.828197002,941,9.410000128,5.016522245,-0.626506073,1.200000000,-0.575634884
0,687,1784881020.828197002,942,9.420000128,5.022122616,-0.629783726,1.200000000,-0.576720420
0,687,1784881020.828197002,943,9.430000128,5.027725079,-0.633052034,1.200000000,-0.577798415
0,687,1784881020.828197002,944,9.440000128,5.033329619,-0.636310900,1.200000000,-0.578868460
0,687,1784881020.828197002,945,9.450000128,5.038936219,-0.639560234,1.200000000,-0.579930146
0,687,1784881020.828197002,946,9.460000128,5.044544864,-0.642799941,1.200000000,-0.580983066
0,687,1784881020.828197002,947,9.470000128,5.050155536,-0.646029929,1.200000000,-0.582026811
0,687,1784881020.828197002,948,9.480000128,5.055768218,-0.649250106,1.200000000,-0.583060973
0,687,1784881020.828197002,949,9.490000128,5.061382891,-0.652460381,1.200000000,-0.584085143
0,687,1784881020.828197002,950,9.500000128,5.066999536,-0.655660660,1.200000000,-0.585098912
0,687,1784881020.828197002,951,9.510000128,5.072618134,-0.658850854,1.200000000,-0.586101874
0,687,1784881020.828197002,952,9.520000128,5.078238665,-0.662030872,1.200000000,-0.587093619
0,687,1784881020.828197002,953,9.530000128,5.083861109,-0.665200621,1.200000000,-0.588073738
0,687,1784881020.828197002,954,9.540000128,5.089485445,-0.668360013,1.200000000,-0.589041824
0,687,1784881020.828197002,955,9.550000128,5.095111652,-0.671508957,1.200000000,-0.589997468
0,687,1784881020.828197002,956,9.560000128,5.100739707,-0.674647362,1.200000000,-0.590940262
0,687,1784881020.828197002,957,9.570000128,5.106369588,-0.677775141,1.200000000,-0.591869798
0,687,1784881020.828197002,958,9.580000128,5.112001274,-0.680892202,1.200000000,-0.592785667
0,687,1784881020.828197002,959,9.590000128,5.117634741,-0.683998457,1.200000000,-0.593687460
0,687,1784881020.828197002,960,9.600000128,5.123269965,-0.687093818,1.200000000,-0.594574770
0,687,1784881020.828197002,961,9.610000128,5.128906923,-0.690178196,1.200000000,-0.595447188
0,687,1784881020.828197002,962,9.620000128,5.134545590,-0.693251502,1.200000000,-0.596304306
0,687,1784881020.828197002,963,9.630000128,5.140185943,-0.696313649,1.200000000,-0.597145715
0,687,1784881020.828197002,964,9.640000128,5.145827957,-0.699364548,1.200000000,-0.597971007
0,687,1784881020.828197002,965,9.650000128,5.151471606,-0.702404113,1.200000000,-0.598779773
0,687,1784881020.828197002,966,9.660000128,5.157116866,-0.705432256,1.200000000,-0.599571606
0,687,1784881020.828197002,967,9.670000128,5.162763711,-0.708448890,1.200000000,-0.600346097
0,687,1784881020.828197002,968,9.680000128,5.168412116,-0.711453929,1.200000000,-0.601102837
0,687,1784881020.828197002,969,9.690000128,5.174062054,-0.714447285,1.200000000,-0.601841419
0,687,1784881020.828197002,970,9.700000128,5.179713500,-0.717428873,1.200000000,-0.602561434
0,687,1784881020.828197002,971,9.710000128,5.185366426,-0.720398606,1.200000000,-0.603262473
0,687,1784881020.828197002,972,9.720000128,5.191020808,-0.723356399,1.200000000,-0.603944128
0,687,1784881020.828197002,973,9.730000128,5.196676618,-0.726302165,1.200000000,-0.604605991
0,687,1784881020.828197002,974,9.740000128,5.202333830,-0.729235820,1.200000000,-0.605247654
0,687,1784881020.828197002,975,9.750000128,5.207992417,-0.732157278,1.200000000,-0.605868708
0,687,1784881020.828197002,976,9.760000128,5.213652353,-0.735066455,1.200000000,-0.606468744
0,687,1784881020.828197002,977,9.770000128,5.219313611,-0.737963264,1.200000000,-0.607047355
0,687,1784881020.828197002,978,9.780000128,5.224976163,-0.740847623,1.200000000,-0.607604132
0,687,1784881020.828197002,979,9.790000128,5.230639984,-0.743719445,1.200000000,-0.608138666
0,687,1784881020.828197002,980,9.800000128,5.236305046,-0.746578648,1.200000000,-0.608650550
0,687,1784881020.828197002,981,9.810000128,5.241971323,-0.749425146,1.200000000,-0.609139375
0,687,1784881020.828197002,982,9.820000128,5.247638787,-0.752258857,1.200000000,-0.609604733
0,687,1784881020.828197002,983,9.830000128,5.253307413,-0.755079696,1.200000000,-0.610046215
0,687,1784881020.828197002,984,9.840000128,5.258977174,-0.757887580,1.200000000,-0.610463413
0,687,1784881020.828197002,985,9.850000128,5.264648044,-0.760682426,1.200000000,-0.610855918
0,687,1784881020.828197002,986,9.860000128,5.270319996,-0.763464150,1.200000000,-0.611223323
0,687,1784881020.828197002,987,9.870000128,5.275993004,-0.766232669,1.200000000,-0.611565218
0,687,1784881020.828197002,988,9.880000128,5.281667042,-0.768987901,1.200000000,-0.611881196
0,687,1784881020.828197002,989,9.890000128,5.287342085,-0.771729763,1.200000000,-0.612170849
0,687,1784881020.828197002,990,9.900000128,5.293018107,-0.774458172,1.200000000,-0.612433767
0,687,1784881020.828197002,991,9.910000128,5.298695083,-0.777173046,1.200000000,-0.612669542
0,687,1784881020.828197002,992,9.920000128,5.304372988,-0.779874303,1.200000000,-0.612877767
0,687,1784881020.828197002,993,9.930000128,5.310051796,-0.782561860,1.200000000,-0.613058032
0,687,1784881020.828197002,994,9.940000128,5.315731485,-0.785235636,1.200000000,-0.613209930
0,687,1784881020.828197002,995,9.950000128,5.321412028,-0.787895550,1.200000000,-0.613333052
0,687,1784881020.828197002,996,9.960000128,5.327093403,-0.790541518,1.200000000,-0.613426989
0,687,1784881020.828197002,997,9.970000128,5.332775587,-0.793173460,1.200000000,-0.613491334
0,687,1784881020.828197002,998,9.980000128,5.338458555,-0.795791295,1.200000000,-0.613525678
0,687,1784881020.828197002,999,9.990000128,5.344142286,-0.798394941,1.200000000,-0.613529613
0,687,1784881020.828197002,1000,10.000000128,5.349826756,-0.800984317,1.200000000,-0.613502729
0,687,1784881020.828197002,1001,10.010000128,5.355511945,-0.803559342,1.200000000,-0.613444620
0,687,1784881020.828197002,1002,10.020000128,5.361197830,-0.806119936,1.200000000,-0.613354876
0,687,1784881020.828197002,1003,10.030000128,5.366884391,-0.808666017,1.200000000,-0.613233090
0,687,1784881020.828197002,1004,10.040000128,5.372571606,-0.811197505,1.200000000,-0.613078852
0,687,1784881020.828197002,1005,10.050000128,5.378259457,-0.813714319,1.200000000,-0.612891755
0,687,1784881020.828197002,1006,10.060000128,5.383947923,-0.816216380,1.200000000,-0.612671390
0,687,1784881020.828197002,1007,10.070000128,5.389636984,-0.818703607,1.200000000,-0.612417349
0,687,1784881020.828197002,1008,10.080000128,5.395326624,-0.821175919,1.200000000,-0.612129223
0,687,1784881020.828197002,1009,10.090000128,5.401016823,-0.823633237,1.200000000,-0.611806605
0,687,1784881020.828197002,1010,10.100000128,5.406707565,-0.826075481,1.200000000,-0.611449085
0,687,1784881020.828197002,1011,10.110000128,5.412398832,-0.828502570,1.200000000,-0.611056256
0,687,1784881020.828197002,1012,10.120000128,5.418090608,-0.830914427,1.200000000,-0.610627708
0,687,1784881020.828197002,1013,10.130000128,5.423782878,-0.833310970,1.200000000,-0.610163034
0,687,1784881020.828197002,1014,10.140000128,5.429475627,-0.835692120,1.200000000,-0.609661826
0,687,1784881020.828197002,1015,10.150000128,5.435168840,-0.838057799,1.200000000,-0.609123675
0,687,1784881020.828197002,1016,10.160000128,5.440862503,-0.840407926,1.200000000,-0.608548172
0,687,1784881020.828197002,1017,10.170000128,5.446556604,-0.842742424,1.200000000,-0.607934910
0,687,1784881020.828197002,1018,10.180000128,5.452251130,-0.845061212,1.200000000,-0.607283479
0,687,1784881020.828197002,1019,10.190000128,5.457946069,-0.847364212,1.200000000,-0.606593472
0,687,1784881020.828197002,1020,10.200000128,5.463641411,-0.849651345,1.200000000,-0.605864480
0,687,1784881020.828197002,1021,10.210000128,5.469337145,-0.851922532,1.200000000,-0.605096095
0,687,1784881020.828197002,1022,10.220000128,5.475033262,-0.854177696,1.200000000,-0.604287909
0,687,1784881020.828197002,1023,10.230000128,5.480729752,-0.856416757,1.200000000,-0.603439513
0,687,1784881020.828197002,1024,10.240000128,5.486426609,-0.858639637,1.200000000,-0.602550498
0,687,1784881020.828197002,1025,10.250000128,5.492123824,-0.860846258,1.200000000,-0.601620457
0,687,1784881020.828197002,1026,10.260000128,5.497821391,-0.863036542,1.200000000,-0.600648982
0,687,1784881020.828197002,1027,10.270000128,5.503519305,-0.865210411,1.200000000,-0.599635662
0,687,1784881020.828197002,1028,10.280000128,5.509217560,-0.867367788,1.200000000,-0.598580092
0,687,1784881020.828197002,1029,10.290000128,5.514916152,-0.869508594,1.200000000,-0.597481861
0,687,1784881020.828197002,1030,10.300000128,5.520615078,-0.871632752,1.200000000,-0.596340562
0,687,1784881020.828197002,1031,10.310000128,5.526314336,-0.873740184,1.200000000,-0.595155786
0,687,1784881020.828197002,1032,10.320000128,5.532013923,-0.875830814,1.200000000,-0.593927126
0,687,1784881020.828197002,1033,10.330000128,5.537713839,-0.877904564,1.200000000,-0.592654171
0,687,1784881020.828197002,1034,10.340000128,5.543414084,-0.879961357,1.200000000,-0.591336516
0,687,1784881020.828197002,1035,10.350000128,5.549114659,-0.882001115,1.200000000,-0.589973750
0,687,1784881020.828197002,1036,10.360000128,5.554815565,-0.884023764,1.200000000,-0.588565465
0,687,1784881020.828197002,1037,10.370000128,5.560516804,-0.886029225,1.200000000,-0.587111254
0,687,1784881020.828197002,1038,10.380000128,5.566218381,-0.888017423,1.200000000,-0.585610708
0,687,1784881020.828197002,1039,10.390000128,5.571920300,-0.889988280,1.200000000,-0.584063418
0,687,1784881020.828197002,1040,10.400000128,5.577622564,-0.891941722,1.200000000,-0.582468977
0,687,1784881020.828197002,1041,10.410000128,5.583325182,-0.893877672,1.200000000,-0.580826975
0,687,1784881020.828197002,1042,10.420000128,5.589028158,-0.895796054,1.200000000,-0.579137004
0,687,1784881020.828197002,1043,10.430000128,5.594731502,-0.897696793,1.200000000,-0.577398657
0,687,1784881020.828197002,1044,10.440000128,5.600435221,-0.899579813,1.200000000,-0.575611525
0,687,1784881020.828197002,1045,10.450000128,5.606139325,-0.901445040,1.200000000,-0.573775198
0,687,1784881020.828197002,1046,10.460000128,5.611843825,-0.903292397,1.200000000,-0.571889270
0,687,1784881020.828197002,1047,10.470000128,5.617548731,-0.905121811,1.200000000,-0.569953332
0,687,1784881020.828197002,1048,10.480000128,5.623254056,-0.906933207,1.200000000,-0.567966975
0,687,1784881020.828197002,1049,10.490000128,5.628959813,-0.908726509,1.200000000,-0.565929791
0,687,1784881020.828197002,1050,10.500000128,5.634666015,-0.910501645,1.200000000,-0.563841371
0,687,1784881020.828197002,1051,10.510000128,5.640372677,-0.912258541,1.200000000,-0.561701308
0,687,1784881020.828197002,1052,10.520000128,5.646079815,-0.913997121,1.200000000,-0.559509250
0,687,1784881020.828197002,1053,10.530000128,5.651787445,-0.915717314,1.200000000,-0.557265381
0,687,1784881020.828197002,1054,10.540000128,5.657495585,-0.917419045,1.200000000,-0.554970174
0,687,1784881020.828197002,1055,10.550000128,5.663204252,-0.919102243,1.200000000,-0.552624104
0,687,1784881020.828197002,1056,10.560000128,5.668913466,-0.920766833,1.200000000,-0.550227646
0,687,1784881020.828197002,1057,10.570000128,5.674623246,-0.922412745,1.200000000,-0.547781276
0,687,1784881020.828197002,1058,10.580000128,5.680333613,-0.924039905,1.200000000,-0.545285469
0,687,1784881020.828197002,1059,10.590000128,5.686044589,-0.925648242,1.200000000,-0.542740700
0,687,1784881020.828197002,1060,10.600000128,5.691756195,-0.927237685,1.200000000,-0.540147446
0,687,1784881020.828197002,1061,10.610000128,5.697468456,-0.928808161,1.200000000,-0.537506181
0,687,1784881020.828197002,1062,10.620000128,5.703181394,-0.930359602,1.200000000,-0.534817380
0,687,1784881020.828197002,1063,10.630000128,5.708895035,-0.931891935,1.200000000,-0.532081520
0,687,1784881020.828197002,1064,10.640000128,5.714609404,-0.933405090,1.200000000,-0.529299075
0,687,1784881020.828197002,1065,10.650000128,5.720324527,-0.934898999,1.200000000,-0.526470521
0,687,1784881020.828197002,1066,10.660000128,5.726040431,-0.936373591,1.200000000,-0.523596333
0,687,1784881020.828197002,1067,10.670000128,5.731757144,-0.937828797,1.200000000,-0.520676987
0,687,1784881020.828197002,1068,10.680000128,5.737474695,-0.939264549,1.200000000,-0.517712958
0,687,1784881020.828197002,1069,10.690000128,5.743193112,-0.940680778,1.200000000,-0.514704722
0,687,1784881020.828197002,1070,10.700000128,5.748912426,-0.942077417,1.200000000,-0.511652753
0,687,1784881020.828197002,1071,10.710000128,5.754632667,-0.943454398,1.200000000,-0.508557528
0,687,1784881020.828197002,1072,10.720000128,5.760353867,-0.944811654,1.200000000,-0.505419522
0,687,1784881020.828197002,1073,10.730000128,5.766076057,-0.946149119,1.200000000,-0.502239210
0,687,1784881020.828197002,1074,10.740000128,5.771799269,-0.947466727,1.200000000,-0.499017067
0,687,1784881020.828197002,1075,10.750000128,5.777523538,-0.948764411,1.200000000,-0.495753569
0,687,1784881020.828197002,1076,10.760000128,5.783248897,-0.950042108,1.200000000,-0.492449191
0,687,1784881020.828197002,1077,10.770000128,5.788975380,-0.951299751,1.200000000,-0.489104409
0,687,1784881020.828197002,1078,10.780000128,5.794703023,-0.952537278,1.200000000,-0.485719699
0,687,1784881020.828197002,1079,10.790000128,5.800431861,-0.953754625,1.200000000,-0.482295534
0,687,1784881020.828197002,1080,10.800000128,5.806161930,-0.954951728,1.200000000,-0.478832392
0,687,1784881020.828197002,1081,10.810000128,5.811893267,-0.956128526,1.200000000,-0.475330747
0,687,1784881020.828197002,1082,10.820000128,5.817625908,-0.957284955,1.200000000,-0.471791074
0,687,1784881020.828197002,1083,10.830000128,5.823359892,-0.958420956,1.200000000,-0.468213850
0,687,1784881020.828197002,1084,10.840000128,5.829095257,-0.959536468,1.200000000,-0.464599549
0,687,1784881020.828197002,1085,10.850000128,5.834832042,-0.960631429,1.200000000,-0.460948647
0,687,1784881020.828197002,1086,10.860000128,5.840570284,-0.961705782,1.200000000,-0.457261619
0,687,1784881020.828197002,1087,10.870000128,5.846310025,-0.962759467,1.200000000,-0.453538941
0,687,1784881020.828197002,1088,10.880000128,5.852051303,-0.963792425,1.200000000,-0.449781088
0,687,1784881020.828197002,1089,10.890000128,5.857794159,-0.964804600,1.200000000,-0.445988536
0,687,1784881020.828197002,1090,10.900000128,5.863538633,-0.965795934,1.200000000,-0.442161759
0,687,1784881020.828197002,1091,10.910000128,5.869284767,-0.966766372,1.200000000,-0.438301234
0,687,1784881020.828197002,1092,10.920000128,5.875032601,-0.967715859,1.200000000,-0.434407435
0,687,1784881020.828197002,1093,10.930000128,5.880782177,-0.968644338,1.200000000,-0.430480839
0,687,1784881020.828197002,1094,10.940000128,5.886533536,-0.969551757,1.200000000,-0.426521920
0,687,1784881020.828197002,1095,10.950000128,5.892286721,-0.970438063,1.200000000,-0.422531154
0,687,1784881020.828197002,1096,10.960000128,5.898041775,-0.971303203,1.200000000,-0.418509016
0,687,1784881020.828197002,1097,10.970000128,5.903798738,-0.972147125,1.200000000,-0.414455981
0,687,1784881020.828197002,1098,10.980000128,5.909557654,-0.972969778,1.200000000,-0.410372526
0,687,1784881020.828197002,1099,10.990000128,5.915318566,-0.973771114,1.200000000,-0.406259125
0,687,1784881020.828197002,1100,11.000000128,5.921081516,-0.974551082,1.200000000,-0.402116255
0,687,1784881020.828197002,1101,11.010000128,5.926846548,-0.975309634,1.200000000,-0.397944389
0,687,1784881020.828197002,1102,11.020000128,5.932613703,-0.976046723,1.200000000,-0.393744004
0,687,1784881020.828197002,1103,11.030000128,5.938383027,-0.976762302,1.200000000,-0.389515575
0,687,1784881020.828197002,1104,11.040000128,5.944154561,-0.977456325,1.200000000,-0.385259578
0,687,1784881020.828197002,1105,11.050000128,5.949928349,-0.978128749,1.200000000,-0.380976487
0,687,1784881020.828197002,1106,11.060000128,5.955704434,-0.978779529,1.200000000,-0.376666779
0,687,1784881020.828197002,1107,11.070000128,5.961482859,-0.979408621,1.200000000,-0.372330928
0,687,1784881020.828197002,1108,11.080000128,5.967263666,-0.980015985,1.200000000,-0.367969410
0,687,1784881020.828197002,1109,11.090000128,5.973046900,-0.980601580,1.200000000,-0.363582701
0,687,1784881020.828197002,1110,11.100000128,5.978832603,-0.981165364,1.200000000,-0.359171276
0,687,1784881020.828197002,1111,11.110000128,5.984620817,-0.981707300,1.200000000,-0.354735610
0,687,1784881020.828197002,1112,11.120000128,5.990411584,-0.982227350,1.200000000,-0.350276178
0,687,1784881020.828197002,1113,11.130000128,5.996204948,-0.982725475,1.200000000,-0.345793457
0,687,1784881020.828197002,1114,11.140000128,6.002000951,-0.983201641,1.200000000,-0.341287921
0,687,1784881020.828197002,1115,11.150000128,6.007799634,-0.983655813,1.200000000,-0.336760046
0,687,1784881020.828197002,1116,11.160000128,6.013601038,-0.984087957,1.200000000,-0.332210307
0,687,1784881020.828197002,1117,11.170000128,6.019405206,-0.984498041,1.200000000,-0.327639179
0,687,1784881020.828197002,1118,11.180000128,6.025212178,-0.984886032,1.200000000,-0.323047139
0,687,1784881020.828197002,1119,11.190000128,6.031021995,-0.985251900,1.200000000,-0.318434661
0,687,1784881020.828197002,1120,11.200000128,6.036834697,-0.985595617,1.200000000,-0.313802221
0,687,1784881020.828197002,1121,11.210000128,6.042650324,-0.985917153,1.200000000,-0.309150295
0,687,1784881020.828197002,1122,11.220000128,6.048468915,-0.986216482,1.200000000,-0.304479357
0,687,1784881020.828197002,1123,11.230000128,6.054290510,-0.986493579,1.200000000,-0.299789883
0,687,1784881020.828197002,1124,11.240000128,6.060115147,-0.986748417,1.200000000,-0.295082348
0,687,1784881020.828197002,1125,11.250000128,6.065942865,-0.986980975,1.200000000,-0.290357228
0,687,1784881020.828197002,1126,11.260000128,6.071773701,-0.987191230,1.200000000,-0.285614998
0,687,1784881020.828197002,1127,11.270000128,6.077607691,-0.987379160,1.200000000,-0.280856134
0,687,1784881020.828197002,1128,11.280000128,6.083444873,-0.987544747,1.200000000,-0.276081111
0,687,1784881020.828197002,1129,11.290000128,6.089285282,-0.987687971,1.200000000,-0.271290405
0,687,1784881020.828197002,1130,11.300000128,6.095128954,-0.987808816,1.200000000,-0.266484490
0,687,1784881020.828197002,1131,11.310000128,6.100975924,-0.987907266,1.200000000,-0.261663843
0,687,1784881020.828197002,1132,11.320000128,6.106826224,-0.987983305,1.200000000,-0.256828938
0,687,1784881020.828197002,1133,11.330000128,6.112679889,-0.988036922,1.200000000,-0.251980251
0,687,1784881020.828197002,1134,11.340000128,6.118536952,-0.988068103,1.200000000,-0.247118257
0,687,1784881020.828197002,1135,11.350000128,6.124397443,-0.988076838,1.200000000,-0.242243432
0,687,1784881020.828197002,1136,11.360000128,6.130261395,-0.988063118,1.200000000,-0.237356252
0,687,1784881020.828197002,1137,11.370000128,6.136128837,-0.988026935,1.200000000,-0.232457191
0,687,1784881020.828197002,1138,11.380000128,6.141999799,-0.987968283,1.200000000,-0.227546725
0,687,1784881020.828197002,1139,11.390000128,6.147874310,-0.987887155,1.200000000,-0.222625330
0,687,1784881020.828197002,1140,11.400000128,6.153752398,-0.987783550,1.200000000,-0.217693480
0,687,1784881020.828197002,1141,11.410000128,6.159634089,-0.987657464,1.200000000,-0.212751651
0,687,1784881020.828197002,1142,11.420000128,6.165519410,-0.987508896,1.200000000,-0.207800320
0,687,1784881020.828197002,1143,11.430000128,6.171408385,-0.987337847,1.200000000,-0.202839960
0,687,1784881020.828197002,1144,11.440000128,6.177301040,-0.987144319,1.200000000,-0.197871047
0,687,1784881020.828197002,1145,11.450000128,6.183197397,-0.986928316,1.200000000,-0.192894057
0,687,1784881020.828197002,1146,11.460000128,6.189097479,-0.986689841,1.200000000,-0.187909466
0,687,1784881020.828197002,1147,11.470000128,6.195001306,-0.986428903,1.200000000,-0.182917748
0,687,1784881020.828197002,1148,11.480000128,6.200908900,-0.986145508,1.200000000,-0.177919379
0,687,1784881020.828197002,1149,11.490000128,6.206820279,-0.985839666,1.200000000,-0.172914834
0,687,1784881020.828197002,1150,11.500000128,6.212735461,-0.985511387,1.200000000,-0.167904590
0,687,1784881020.828197002,1151,11.510000128,6.218654464,-0.985160685,1.200000000,-0.162889120
0,687,1784881020.828197002,1152,11.520000128,6.224577304,-0.984787573,1.200000000,-0.157868901
0,687,1784881020.828197002,1153,11.530000128,6.230503995,-0.984392067,1.200000000,-0.152844408
0,687,1784881020.828197002,1154,11.540000128,6.236434551,-0.983974184,1.200000000,-0.147816116
0,687,1784881020.828197002,1155,11.550000128,6.242368985,-0.983533941,1.200000000,-0.142784501
0,687,1784881020.828197002,1156,11.560000128,6.248307308,-0.983071360,1.200000000,-0.137750039
0,687,1784881020.828197002,1157,11.570000128,6.254249530,-0.982586462,1.200000000,-0.132713204
0,687,1784881020.828197002,1158,11.580000128,6.260195660,-0.982079271,1.200000000,-0.127674471
0,687,1784881020.828197002,1159,11.590000128,6.266145706,-0.981549811,1.200000000,-0.122634318
0,687,1784881020.828197002,1160,11.600000128,6.272099674,-0.980998108,1.200000000,-0.117593218
0,687,1784881020.828197002,1161,11.610000128,6.278057569,-0.980424191,1.200000000,-0.112551647
0,687,1784881020.828197002,1162,11.620000128,6.284019396,-0.979828090,1.200000000,-0.107510080
0,687,1784881020.828197002,1163,11.630000128,6.289985157,-0.979209835,1.200000000,-0.102468994
0,687,1784881020.828197002,1164,11.640000128,6.295954853,-0.978569460,1.200000000,-0.097428863
0,687,1784881020.828197002,1165,11.650000128,6.301928484,-0.977906999,1.200000000,-0.092390163
0,687,1784881020.828197002,1166,11.660000128,6.307906049,-0.977222489,1.200000000,-0.087353369
0,687,1784881020.828197002,1167,11.670000128,6.313887545,-0.976515966,1.200000000,-0.082318956
0,687,1784881020.828197002,1168,11.680000128,6.319872969,-0.975787471,1.200000000,-0.077287401
0,687,1784881020.828197002,1169,11.690000128,6.325862313,-0.975037044,1.200000000,-0.072259177
0,687,1784881020.828197002,1170,11.700000128,6.331855573,-0.974264729,1.200000000,-0.067234762
0,687,1784881020.828197002,1171,11.710000128,6.337852739,-0.973470569,1.200000000,-0.062214630
0,687,1784881020.828197002,1172,11.720000128,6.343853802,-0.972654612,1.200000000,-0.057199256
0,687,1784881020.828197002,1173,11.730000128,6.349858750,-0.971816903,1.200000000,-0.052189116
0,687,1784881020.828197002,1174,11.740000128,6.355867571,-0.970957493,1.200000000,-0.047184686
0,687,1784881020.828197002,1175,11.750000128,6.361880252,-0.970076433,1.200000000,-0.042186440
0,687,1784881020.828197002,1176,11.760000128,6.367896776,-0.969173775,1.200000000,-0.037194854
0,687,1784881020.828197002,1177,11.770000128,6.373917127,-0.968249574,1.200000000,-0.032210404
0,687,1784881020.828197002,1178,11.780000128,6.379941286,-0.967303885,1.200000000,-0.027233565
0,687,1784881020.828197002,1179,11.790000128,6.385969233,-0.966336767,1.200000000,-0.022264812
0,687,1784881020.828197002,1180,11.800000128,6.392000948,-0.965348278,1.200000000,-0.017304621
0,687,1784881020.828197002,1181,11.810000128,6.398036407,-0.964338480,1.200000000,-0.012353468
0,687,1784881020.828197002,1182,11.820000128,6.404075585,-0.963307435,1.200000000,-0.007411826
0,687,1784881020.828197002,1183,11.830000128,6.410118458,-0.962255207,1.200000000,-0.002480173
0,687,1784881020.828197002,1184,11.840000128,6.416164998,-0.961181863,1.200000000,0.002441017
0,687,1784881020.828197002,1185,11.850000128,6.422215175,-0.960087471,1.200000000,0.007351269
0,687,1784881020.828197002,1186,11.860000128,6.428268959,-0.958972099,1.200000000,0.012250123
0,687,1784881020.828197002,1187,11.870000128,6.434326319,-0.957835818,1.200000000,0.017137326
0,687,1784881020.828197002,1188,11.880000128,6.440387222,-0.956678701,1.200000000,0.022012757
0,687,1784881020.828197002,1189,11.890000128,6.446451631,-0.955500822,1.200000000,0.026876300
0,687,1784881020.828197002,1190,11.900000128,6.452519511,-0.954302258,1.200000000,0.031727837
0,687,1784881020.828197002,1191,11.910000128,6.458590824,-0.953083085,1.200000000,0.036567251
0,687,1784881020.828197002,1192,11.920000128,6.464665530,-0.951843384,1.200000000,0.041394424
0,687,1784881020.828197002,1193,11.930000128,6.470743588,-0.950583234,1.200000000,0.046209239
0,687,1784881020.828197002,1194,11.940000128,6.476824956,-0.949302718,1.200000000,0.051011578
0,687,1784881020.828197002,1195,11.950000128,6.482909589,-0.948001920,1.200000000,0.055801325
0,687,1784881020.828197002,1196,11.960000128,6.488997443,-0.946680926,1.200000000,0.060578361
0,687,1784881020.828197002,1197,11.970000128,6.495088470,-0.945339822,1.200000000,0.065342570
0,687,1784881020.828197002,1198,11.980000128,6.501182621,-0.943978699,1.200000000,0.070093833
0,687,1784881020.828197002,1199,11.990000128,6.507279846,-0.942597647,1.200000000,0.074832034
0,687,1784881020.828197002,1200,12.000000128,6.513380095,-0.941196756,1.200000000,0.079557055
0,687,1784881020.828197002,1201,12.010000128,6.519483313,-0.939776122,1.200000000,0.084268779
0,687,1784881020.828197002,1202,12.020000128,6.525589447,-0.938335838,1.200000000,0.088967089
0,687,1784881020.828197002,1203,12.030000128,6.531698441,-0.936876003,1.200000000,0.093651866
0,687,1784881020.828197002,1204,12.040000128,6.537810236,-0.935396713,1.200000000,0.098322995
0,687,1784881020.828197002,1205,12.050000128,6.543924775,-0.933898070,1.200000000,0.102980356
0,687,1784881020.828197002,1206,12.060000128,6.550041996,-0.932380173,1.200000000,0.107623833
0,687,1784881020.828197002,1207,12.070000128,6.556161839,-0.930843127,1.200000000,0.112253309
0,687,1784881020.828197002,1208,12.080000128,6.562284240,-0.929287035,1.200000000,0.116868666
0,687,1784881020.828197002,1209,12.090000128,6.568409134,-0.927712003,1.200000000,0.121469787
0,687,1784881020.828197002,1210,12.100000128,6.574536455,-0.926118139,1.200000000,0.126056554
0,687,1784881020.828197002,1211,12.110000128,6.580666137,-0.924505551,1.200000000,0.130628850
0,687,1784881020.828197002,1212,12.120000128,6.586798111,-0.922874349,1.200000000,0.135186558
0,687,1784881020.828197002,1213,12.130000128,6.592932305,-0.921224645,1.200000000,0.139729559
0,687,1784881020.828197002,1214,12.140000128,6.599068649,-0.919556553,1.200000000,0.144257738
0,687,1784881020.828197002,1215,12.150000128,6.605207071,-0.917870187,1.200000000,0.148770976
0,687,1784881020.828197002,1216,12.160000128,6.611347496,-0.916165662,1.200000000,0.153269156
0,687,1784881020.828197002,1217,12.170000128,6.617489848,-0.914443096,1.200000000,0.157752161
0,687,1784881020.828197002,1218,12.180000128,6.623634051,-0.912702607,1.200000000,0.162219873
0,687,1784881020.828197002,1219,12.190000128,6.629780027,-0.910944316,1.200000000,0.166672175
0,687,1784881020.828197002,1220,12.200000128,6.635927697,-0.909168345,1.200000000,0.171108949
0,687,1784881020.828197002,1221,12.210000128,6.642076980,-0.907374814,1.200000000,0.175530079
0,687,1784881020.828197002,1222,12.220000128,6.648227794,-0.905563850,1.200000000,0.179935446
0,687,1784881020.828197002,1223,12.230000128,6.654380057,-0.903735577,1.200000000,0.184324934
0,687,1784881020.828197002,1224,12.240000128,6.660533685,-0.901890121,1.200000000,0.188698424
0,687,1784881020.828197002,1225,12.250000128,6.666688592,-0.900027610,1.200000000,0.193055801
0,687,1784881020.828197002,1226,12.260000128,6.672844691,-0.898148175,1.200000000,0.197396945
0,687,1784881020.828197002,1227,12.270000128,6.679001896,-0.896251944,1.200000000,0.201721740
0,687,1784881020.828197002,1228,12.280000128,6.685160118,-0.894339049,1.200000000,0.206030069
0,687,1784881020.828197002,1229,12.290000128,6.691319266,-0.892409624,1.200000000,0.210321814
0,687,1784881020.828197002,1230,12.300000128,6.697479250,-0.890463802,1.200000000,0.214596857
0,687,1784881020.828197002,1231,12.310000128,6.703639977,-0.888501718,1.200000000,0.218855082
0,687,1784881020.828197002,1232,12.320000128,6.709801356,-0.886523509,1.200000000,0.223096370
0,687,1784881020.828197002,1233,12.330000128,6.715963292,-0.884529311,1.200000000,0.227320606
0,687,1784881020.828197002,1234,12.340000128,6.722125689,-0.882519264,1.200000000,0.231527670
0,687,1784881020.828197002,1235,12.350000128,6.728288453,-0.880493507,1.200000000,0.235717446
0,687,1784881020.828197002,1236,12.360000128,6.734451485,-0.878452180,1.200000000,0.239889816
0,687,1784881020.828197002,1237,12.370000128,6.740614688,-0.876395425,1.200000000,0.244044664
0,687,1784881020.828197002,1238,12.380000128,6.746777964,-0.874323385,1.200000000,0.248181870
0,687,1784881020.828197002,1239,12.390000128,6.752941213,-0.872236204,1.200000000,0.252301320
0,687,1784881020.828197002,1240,12.400000128,6.759104333,-0.870134026,1.200000000,0.256402894
0,687,1784881020.828197002,1241,12.410000128,6.765267224,-0.868016997,1.200000000,0.260486475
0,687,1784881020.828197002,1242,12.420000128,6.771429784,-0.865885264,1.200000000,0.264551947
0,687,1784881020.828197002,1243,12.430000128,6.777591909,-0.863738975,1.200000000,0.268599191
0,687,1784881020.828197002,1244,12.440000128,6.783753496,-0.861578276,1.200000000,0.272628090
0,687,1784881020.828197002,1245,12.450000128,6.789914440,-0.859403319,1.200000000,0.276638528
0,687,1784881020.828197002,1246,12.460000128,6.796074636,-0.857214254,1.200000000,0.280630386
0,687,1784881020.828197002,1247,12.470000128,6.802233978,-0.855011231,1.200000000,0.284603547
0,687,1784881020.828197002,1248,12.480000128,6.808392359,-0.852794402,1.200000000,0.288557893
0,687,1784881020.828197002,1249,12.490000128,6.814549672,-0.850563921,1.200000000,0.292493309
0,687,1784881020.828197002,1250,12.500000128,6.820705809,-0.848319940,1.200000000,0.296409675
0,687,1784881020.828197002,1251,12.510000128,6.826860661,-0.846062615,1.200000000,0.300306874
0,687,1784881020.828197002,1252,12.520000128,6.833014120,-0.843792100,1.200000000,0.304184790
0,687,1784881020.828197002,1253,12.530000128,6.839166075,-0.841508550,1.200000000,0.308043305
0,687,1784881020.828197002,1254,12.540000128,6.845316417,-0.839212123,1.200000000,0.311882302
0,687,1784881020.828197002,1255,12.550000128,6.851465035,-0.836902975,1.200000000,0.315701662
0,687,1784881020.828197002,1256,12.560000128,6.857611817,-0.834581265,1.200000000,0.319501269
0,687,1784881020.828197002,1257,12.570000128,6.863756653,-0.832247150,1.200000000,0.323281005
0,687,1784881020.828197002,1258,12.580000128,6.869899429,-0.829900791,1.200000000,0.327040754
0,687,1784881020.828197002,1259,12.590000128,6.876040033,-0.827542345,1.200000000,0.330780396
0,687,1784881020.828197002,1260,12.600000128,6.882178353,-0.825171975,1.200000000,0.334499816
0,687,1784881020.828197002,1261,12.610000128,6.888314276,-0.822789840,1.200000000,0.338198896
0,687,1784881020.828197002,1262,12.620000128,6.894447687,-0.820396101,1.200000000,0.341877518
0,687,1784881020.828197002,1263,12.630000128,6.900578474,-0.817990922,1.200000000,0.345535565
0,687,1784881020.828197002,1264,12.640000128,6.906706521,-0.815574463,1.200000000,0.349172920
0,687,1784881020.828197002,1265,12.650000128,6.912831715,-0.813146888,1.200000000,0.352789465
0,687,1784881020.828197002,1266,12.660000128,6.918953942,-0.810708359,1.200000000,0.356385082
0,687,1784881020.828197002,1267,12.670000128,6.925073085,-0.808259041,1.200000000,0.359959656
0,687,1784881020.828197002,1268,12.680000128,6.931189032,-0.805799097,1.200000000,0.363513067
0,687,1784881020.828197002,1269,12.690000128,6.937301665,-0.803328691,1.200000000,0.367045199
0,687,1784881020.828197002,1270,12.700000128,6.943410872,-0.800847989,1.200000000,0.370555934
0,687,1784881020.828197002,1271,12.710000128,6.949516535,-0.798357155,1.200000000,0.374045156
0,687,1784881020.828197002,1272,12.720000128,6.955618540,-0.795856354,1.200000000,0.377512745
0,687,1784881020.828197002,1273,12.730000128,6.961716772,-0.793345753,1.200000000,0.380958586
0,687,1784881020.828197002,1274,12.740000128,6.967811115,-0.790825516,1.200000000,0.384382561
0,687,1784881020.828197002,1275,12.750000128,6.973901454,-0.788295811,1.200000000,0.387784552
0,687,1784881020.828197002,1276,12.760000128,6.979987674,-0.785756802,1.200000000,0.391164442
0,687,1784881020.828197002,1277,12.770000128,6.986069659,-0.783208657,1.200000000,0.394522114
0,687,1784881020.828197002,1278,12.780000128,6.992147295,-0.780651542,1.200000000,0.397857450
0,687,1784881020.828197002,1279,12.790000128,6.998220467,-0.778085623,1.200000000,0.401170333
0,687,1784881020.828197002,1280,12.800000128,7.004289060,-0.775511069,1.200000000,0.404460645
0,687,1784881020.828197002,1281,12.810000128,7.010352958,-0.772928044,1.200000000,0.407728269
0,687,1784881020.828197002,1282,12.820000128,7.016412049,-0.770336717,1.200000000,0.410973088
0,687,1784881020.828197002,1283,12.830000128,7.022466217,-0.767737255,1.200000000,0.414194985
0,687,1784881020.828197002,1284,12.840000128,7.028515350,-0.765129823,1.200000000,0.417393841
0,687,1784881020.828197002,1285,12.850000128,7.034559332,-0.762514591,1.200000000,0.420569540
0,687,1784881020.828197002,1286,12.860000128,7.040598052,-0.759891723,1.200000000,0.423721964
0,687,1784881020.828197002,1287,12.870000128,7.046631396,-0.757261388,1.200000000,0.426850995
0,687,1784881020.828197002,1288,12.880000128,7.052659251,-0.754623752,1.200000000,0.429956518
0,687,1784881020.828197002,1289,12.890000128,7.058681505,-0.751978982,1.200000000,0.433038413
0,687,1784881020.828197002,1290,12.900000128,7.064698047,-0.749327244,1.200000000,0.436096564
0,687,1784881020.828197002,1291,12.910000128,7.070708766,-0.746668706,1.200000000,0.439130853
0,687,1784881020.828197002,1292,12.920000128,7.076713549,-0.744003533,1.200000000,0.442141163
0,687,1784881020.828197002,1293,12.930000128,7.082712288,-0.741331891,1.200000000,0.445127376
0,687,1784881020.828197002,1294,12.940000128,7.088704871,-0.738653946,1.200000000,0.448089376
0,687,1784881020.828197002,1295,12.950000128,7.094691190,-0.735969865,1.200000000,0.451027044
0,687,1784881020.828197002,1296,12.960000128,7.100671137,-0.733279812,1.200000000,0.453940263
0,687,1784881020.828197002,1297,12.970000128,7.106644602,-0.730583953,1.200000000,0.456828917
0,687,1784881020.828197002,1298,12.980000128,7.112611478,-0.727882452,1.200000000,0.459692887
0,687,1784881020.828197002,1299,12.990000128,7.118571659,-0.725175474,1.200000000,0.462532056
0,687,1784881020.828197002,1300,13.000000128,7.124525037,-0.722463184,1.200000000,0.465346307
0,687,1784881020.828197002,1301,13.010000128,7.130471508,-0.719745744,1.200000000,0.468135522
0,687,1784881020.828197002,1302,13.020000128,7.136410967,-0.717023319,1.200000000,0.470899585
0,687,1784881020.828197002,1303,13.030000128,7.142343309,-0.714296071,1.200000000,0.473638377
0,687,1784881020.828197002,1304,13.040000128,7.148268431,-0.711564164,1.200000000,0.476351781
0,687,1784881020.828197002,1305,13.050000128,7.154186231,-0.708827758,1.200000000,0.479039680
0,687,1784881020.828197002,1306,13.060000128,7.160096606,-0.706087016,1.200000000,0.481701957
0,687,1784881020.828197002,1307,13.070000128,7.165999456,-0.703342100,1.200000000,0.484338494
0,687,1784881020.828197002,1308,13.080000128,7.171894680,-0.700593168,1.200000000,0.486949173
0,687,1784881020.828197002,1309,13.090000128,7.177782179,-0.697840383,1.200000000,0.489533878
0,687,1784881020.828197002,1310,13.100000128,7.183661854,-0.695083903,1.200000000,0.492092491
0,687,1784881020.828197002,1311,13.110000128,7.189533609,-0.692323887,1.200000000,0.494624894
0,687,1784881020.828197002,1312,13.120000128,7.195397346,-0.689560493,1.200000000,0.497130970
0,687,1784881020.828197002,1313,13.130000128,7.201252970,-0.686793880,1.200000000,0.499610603
0,687,1784881020.828197002,1314,13.140000128,7.207100386,-0.684024204,1.200000000,0.502063673
0,687,1784881020.828197002,1315,13.150000128,7.212939500,-0.681251622,1.200000000,0.504490065
0,687,1784881020.828197002,1316,13.160000128,7.218770220,-0.678476290,1.200000000,0.506889660
0,687,1784881020.828197002,1317,13.170000128,7.224592453,-0.675698362,1.200000000,0.509262342
0,687,1784881020.828197002,1318,13.180000128,7.230406110,-0.672917994,1.200000000,0.511607992
0,687,1784881020.828197002,1319,13.190000128,7.236211100,-0.670135338,1.200000000,0.513926494
0,687,1784881020.828197002,1320,13.200000128,7.242007335,-0.667350548,1.200000000,0.516217731
0,687,1784881020.828197002,1321,13.210000128,7.247794728,-0.664563775,1.200000000,0.518481583
0,687,1784881020.828197002,1322,13.220000128,7.253573191,-0.661775171,1.200000000,0.520717935
0,687,1784881020.828197002,1323,13.230000128,7.259342640,-0.658984887,1.200000000,0.522926670
0,687,1784881020.828197002,1324,13.240000128,7.265102991,-0.656193071,1.200000000,0.525107668
0,687,1784881020.828197002,1325,13.250000128,7.270854161,-0.653399874,1.200000000,0.527260814
0,687,1784881020.828197002,1326,13.260000128,7.276596067,-0.650605442,1.200000000,0.529385990
0,687,1784881020.828197002,1327,13.270000128,7.282328630,-0.647809923,1.200000000,0.531483078
0,687,1784881020.828197002,1328,13.280000128,7.288051769,-0.645013463,1.200000000,0.533551961
0,687,1784881020.828197002,1329,13.290000128,7.293765407,-0.642216207,1.200000000,0.535592522
0,687,1784881020.828197002,1330,13.300000128,7.299469467,-0.639418299,1.200000000,0.537604643
0,687,1784881020.828197002,1331,13.310000128,7.305163872,-0.636619884,1.200000000,0.539588207
0,687,1784881020.828197002,1332,13.320000128,7.310848548,-0.633821102,1.200000000,0.541543096
0,687,1784881020.828197002,1333,13.330000128,7.316523423,-0.631022096,1.200000000,0.543469194
0,687,1784881020.828197002,1334,13.340000128,7.322188424,-0.628223007,1.200000000,0.545366382
0,687,1784881020.828197002,1335,13.350000128,7.327843479,-0.625423972,1.200000000,0.547234543
0,687,1784881020.828197002,1336,13.360000128,7.333488521,-0.622625132,1.200000000,0.549073561
0,687,1784881020.828197002,1337,13.370000128,7.339123480,-0.619826623,1.200000000,0.550883317
0,687,1784881020.828197002,1338,13.380000128,7.344748290,-0.617028581,1.200000000,0.552663694
0,687,1784881020.828197002,1339,13.390000128,7.350362886,-0.614231142,1.200000000,0.554414576
0,687,1784881020.828197002,1340,13.400000128,7.355967202,-0.611434439,1.200000000,0.556135843
0,687,1784881020.828197002,1341,13.410000128,7.361561177,-0.608638606,1.200000000,0.557827380
0,687,1784881020.828197002,1342,13.420000128,7.367144749,-0.605843775,1.200000000,0.559489068
0,687,1784881020.828197002,1343,13.430000128,7.372717857,-0.603050076,1.200000000,0.561120791
0,687,1784881020.828197002,1344,13.440000128,7.378280443,-0.600257640,1.200000000,0.562722430
0,687,1784881020.828197002,1345,13.450000128,7.383832449,-0.597466594,1.200000000,0.564293869
0,687,1784881020.828197002,1346,13.460000128,7.389373819,-0.594677066,1.200000000,0.565834990
0,687,1784881020.828197002,1347,13.470000128,7.394904499,-0.591889182,1.200000000,0.567345676
0,687,1784881020.828197002,1348,13.480000128,7.400424435,-0.589103067,1.200000000,0.568825809
0,687,1784881020.828197002,1349,13.490000128,7.405933575,-0.586318846,1.200000000,0.570275272
0,687,1784881020.828197002,1350,13.500000128,7.411431869,-0.583536639,1.200000000,0.571693948
0,687,1784881020.828197002,1351,13.510000128,7.416919266,-0.580756570,1.200000000,0.573081719
0,687,1784881020.828197002,1352,13.520000128,7.422395720,-0.577978757,1.200000000,0.574438467
0,687,1784881020.828197002,1353,13.530000128,7.427861184,-0.575203320,1.200000000,0.575764077
0,687,1784881020.828197002,1354,13.540000128,7.433315613,-0.572430377,1.200000000,0.577058429
0,687,1784881020.828197002,1355,13.550000128,7.438758962,-0.569660044,1.200000000,0.578321407
0,687,1784881020.828197002,1356,13.560000128,7.444191190,-0.566892437,1.200000000,0.579552893
0,687,1784881020.828197002,1357,13.570000128,7.449612256,-0.564127668,1.200000000,0.580752770
0,687,1784881020.828197002,1358,13.580000128,7.455022119,-0.561365851,1.200000000,0.581920920
0,687,1784881020.828197002,1359,13.590000128,7.460420742,-0.558607096,1.200000000,0.583057227
0,687,1784881020.828197002,1360,13.600000128,7.465808088,-0.555851515,1.200000000,0.584161573
0,687,1784881020.828197002,1361,13.610000128,7.471184121,-0.553099216,1.200000000,0.585233839
0,687,1784881020.828197002,1362,13.620000128,7.476548806,-0.550350306,1.200000000,0.586273910
0,687,1784881020.828197002,1363,13.630000128,7.481902112,-0.547604891,1.200000000,0.587281668
0,687,1784881020.828197002,1364,13.640000128,7.487244006,-0.544863076,1.200000000,0.588256994
0,687,1784881020.828197002,1365,13.650000128,7.492574459,-0.542124965,1.200000000,0.589199773
0,687,1784881020.828197002,1366,13.660000128,7.497893441,-0.539390660,1.200000000,0.590109885
0,687,1784881020.828197002,1367,13.670000128,7.503200924,-0.536660262,1.200000000,0.590987215
0,687,1784881020.828197002,1368,13.680000128,7.508496883,-0.533933870,1.200000000,0.591831645
0,687,1784881020.828197002,1369,13.690000128,7.513781293,-0.531211582,1.200000000,0.592643057
0,687,1784881020.828197002,1370,13.700000128,7.519054129,-0.528493496,1.200000000,0.593421334
0,687,1784881020.828197002,1371,13.710000128,7.524315369,-0.525779707,1.200000000,0.594166358
0,687,1784881020.828197002,1372,13.720000128,7.529564992,-0.523070308,1.200000000,0.594878012
0,687,1784881020.828197002,1373,13.730000128,7.534802978,-0.520365393,1.200000000,0.595556179
0,687,1784881020.828197002,1374,13.740000128,7.540029308,-0.517665054,1.200000000,0.596200742
0,687,1784881020.828197002,1375,13.750000128,7.545243965,-0.514969381,1.200000000,0.596811583
0,687,1784881020.828197002,1376,13.760000128,7.550446932,-0.512278461,1.200000000,0.597388584
0,687,1784881020.828197002,1377,13.770000128,7.555638193,-0.509592384,1.200000000,0.597931628
0,687,1784881020.828197002,1378,13.780000128,7.560817736,-0.506911234,1.200000000,0.598440598
0,687,1784881020.828197002,1379,13.790000128,7.565985546,-0.504235098,1.200000000,0.598915377
0,687,1784881020.828197002,1380,13.800000128,7.571141612,-0.501564057,1.200000000,0.599355847
0,687,1784881020.828197002,1381,13.810000128,7.576285924,-0.498898195,1.200000000,0.599761890
0,687,1784881020.828197002,1382,13.820000128,7.581418471,-0.496237593,1.200000000,0.600133390
0,687,1784881020.828197002,1383,13.830000128,7.586539245,-0.493582329,1.200000000,0.600470228
0,687,1784881020.828197002,1384,13.840000128,7.591648238,-0.490932482,1.200000000,0.600772288
0,687,1784881020.828197002,1385,13.850000128,7.596745443,-0.488288129,1.200000000,0.601039453
0,687,1784881020.828197002,1386,13.860000128,7.601830855,-0.485649345,1.200000000,0.601271604
0,687,1784881020.828197002,1387,13.870000128,7.606904470,-0.483016205,1.200000000,0.601468624
0,687,1784881020.828197002,1388,13.880000128,7.611966282,-0.480388782,1.200000000,0.601630397
0,687,1784881020.828197002,1389,13.890000128,7.617016290,-0.477767146,1.200000000,0.601756804
0,687,1784881020.828197002,1390,13.900000128,7.622054491,-0.475151370,1.200000000,0.601847728
0,687,1784881020.828197002,1391,13.910000128,7.627080884,-0.472541521,1.200000000,0.601903052
0,687,1784881020.828197002,1392,13.920000128,7.632095468,-0.469937667,1.200000000,0.601922658
0,687,1784881020.828197002,1393,13.930000128,7.637098244,-0.467339876,1.200000000,0.601906430
0,687,1784881020.828197002,1394,13.940000128,7.642089213,-0.464748212,1.200000000,0.601854249
0,687,1784881020.828197002,1395,13.950000128,7.647068376,-0.462162740,1.200000000,0.601765999
0,687,1784881020.828197002,1396,13.960000128,7.652035736,-0.459583522,1.200000000,0.601641561
0,687,1784881020.828197002,1397,13.970000128,7.656991296,-0.457010620,1.200000000,0.601480819
0,687,1784881020.828197002,1398,13.980000128,7.661935059,-0.454444095,1.200000000,0.601283656
0,687,1784881020.828197002,1399,13.990000128,7.666867030,-0.451884005,1.200000000,0.601049953
0,687,1784881020.828197002,1400,14.000000128,7.671787213,-0.449330409,1.200000000,0.600779593
0,687,1784881020.828197002,1401,14.010000128,7.676695613,-0.446783364,1.200000000,0.600472459
0,687,1784881020.828197002,1402,14.020000128,7.681592235,-0.444242926,1.200000000,0.600128434
0,687,1784881020.828197002,1403,14.030000128,7.686477086,-0.441709149,1.200000000,0.599747400
0,687,1784881020.828197002,1404,14.040000128,7.691350173,-0.439182087,1.200000000,0.599329240
0,687,1784881020.828197002,1405,14.050000128,7.696211500,-0.436661791,1.200000000,0.598873837
0,687,1784881020.828197002,1406,14.060000128,7.701061076,-0.434148314,1.200000000,0.598381073
0,687,1784881020.828197002,1407,14.070000128,7.705898907,-0.431641706,1.200000000,0.597850830
0,687,1784881020.828197002,1408,14.080000128,7.710725000,-0.429142016,1.200000000,0.597282991
0,687,1784881020.828197002,1409,14.090000128,7.715539363,-0.426649292,1.200000000,0.596677440
0,687,1784881020.828197002,1410,14.100000128,7.720342002,-0.424163581,1.200000000,0.596034058
0,687,1784881020.828197002,1411,14.110000128,7.725132926,-0.421684930,1.200000000,0.595352728
0,687,1784881020.828197002,1412,14.120000128,7.729912141,-0.419213384,1.200000000,0.594633333
0,687,1784881020.828197002,1413,14.130000128,7.734679655,-0.416748986,1.200000000,0.593875756
0,687,1784881020.828197002,1414,14.140000128,7.739435475,-0.414291781,1.200000000,0.593079878
0,687,1784881020.828197002,1415,14.150000128,7.744179607,-0.411841810,1.200000000,0.592245583
0,687,1784881020.828197002,1416,14.160000128,7.748912058,-0.409399116,1.200000000,0.591372753
0,687,1784881020.828197002,1417,14.170000128,7.753632834,-0.406963738,1.200000000,0.590461271
0,687,1784881020.828197002,1418,14.180000128,7.758341941,-0.404535718,1.200000000,0.589511020
0,687,1784881020.828197002,1419,14.190000128,7.763039385,-0.402115093,1.200000000,0.588521882
0,687,1784881020.828197002,1420,14.200000128,7.767725170,-0.399701903,1.200000000,0.587493739
0,687,1784881020.828197002,1421,14.210000128,7.772399300,-0.397296184,1.200000000,0.586426475
0,687,1784881020.828197002,1422,14.220000128,7.777061780,-0.394897974,1.200000000,0.585319971
0,687,1784881020.828197002,1423,14.230000128,7.781712611,-0.392507308,1.200000000,0.584174112
0,687,1784881020.828197002,1424,14.240000128,7.786351798,-0.390124222,1.200000000,0.582988778
0,687,1784881020.828197002,1425,14.250000128,7.790979340,-0.387748751,1.200000000,0.581763853
0,687,1784881020.828197002,1426,14.260000128,7.795595238,-0.385380930,1.200000000,0.580499220
0,687,1784881020.828197002,1427,14.270000128,7.800199492,-0.383020790,1.200000000,0.579194760
0,687,1784881020.828197002,1428,14.280000128,7.804792101,-0.380668367,1.200000000,0.577850357
0,687,1784881020.828197002,1429,14.290000128,7.809373061,-0.378323691,1.200000000,0.576465894
0,687,1784881020.828197002,1430,14.300000128,7.813942369,-0.375986796,1.200000000,0.575041252
0,687,1784881020.828197002,1431,14.310000128,7.818500019,-0.373657713,1.200000000,0.573576315
0,687,1784881020.828197002,1432,14.320000128,7.823046006,-0.371336473,1.200000000,0.572070965
0,687,1784881020.828197002,1433,14.330000128,7.827580321,-0.369023107,1.200000000,0.570525084
0,687,1784881020.828197002,1434,14.340000128,7.832102955,-0.366717645,1.200000000,0.568938556
0,687,1784881020.828197002,1435,14.350000128,7.836613897,-0.364420118,1.200000000,0.567311263
0,687,1784881020.828197002,1436,14.360000128,7.841113134,-0.362130556,1.200000000,0.565643088
0,687,1784881020.828197002,1437,14.370000128,7.845600653,-0.359848988,1.200000000,0.563933912
0,687,1784881020.828197002,1438,14.380000128,7.850076437,-0.357575444,1.200000000,0.562183620
0,687,1784881020.828197002,1439,14.390000128,7.854540468,-0.355309953,1.200000000,0.560392092
0,687,1784881020.828197002,1440,14.400000128,7.858992725,-0.353052545,1.200000000,0.558559213
0,687,1784881020.828197002,1441,14.410000128,7.863433188,-0.350803248,1.200000000,0.556684865
0,687,1784881020.828197002,1442,14.420000128,7.867861831,-0.348562092,1.200000000,0.554768929
0,687,1784881020.828197002,1443,14.430000128,7.872278627,-0.346329106,1.200000000,0.552811290
0,687,1784881020.828197002,1444,14.440000128,7.876683549,-0.344104320,1.200000000,0.550811829
0,687,1784881020.828197002,1445,14.450000128,7.881076563,-0.341887763,1.200000000,0.548770429
0,687,1784881020.828197002,1446,14.460000128,7.885457638,-0.339679464,1.200000000,0.546686973
0,687,1784881020.828197002,1447,14.470000128,7.889826735,-0.337479453,1.200000000,0.544561343
0,687,1784881020.828197002,1448,14.480000128,7.894183816,-0.335287760,1.200000000,0.542393422
0,687,1784881020.828197002,1449,14.490000128,7.898528838,-0.333104416,1.200000000,0.540183093
0,687,1784881020.828197002,1450,14.500000128,7.902861757,-0.330929451,1.200000000,0.537930238
0,687,1784881020.828197002,1451,14.510000128,7.907182523,-0.328762896,1.200000000,0.535634740
0,687,1784881020.828197002,1452,14.520000128,7.911491087,-0.326604783,1.200000000,0.533296481
0,687,1784881020.828197002,1453,14.530000128,7.915787392,-0.324455144,1.200000000,0.530915344
0,687,1784881020.828197002,1454,14.540000128,7.920071382,-0.322314012,1.200000000,0.528491212
0,687,1784881020.828197002,1455,14.550000128,7.924342995,-0.320181419,1.200000000,0.526023967
0,687,1784881020.828197002,1456,14.560000128,7.928602165,-0.318057399,1.200000000,0.523513492
0,687,1784881020.828197002,1457,14.570000128,7.932848825,-0.315941987,1.200000000,0.520959669
0,687,1784881020.828197002,1458,14.580000128,7.937082901,-0.313835219,1.200000000,0.518362382
0,687,1784881020.828197002,1459,14.590000128,7.941304318,-0.311737131,1.200000000,0.515721512
0,687,1784881020.828197002,1460,14.600000128,7.945512995,-0.309647759,1.200000000,0.513036942
0,687,1784881020.828197002,1461,14.610000128,7.949708847,-0.307567142,1.200000000,0.510308556
0,687,1784881020.828197002,1462,14.620000128,7.953891786,-0.305495319,1.200000000,0.507536235
0,687,1784881020.828197002,1463,14.630000128,7.958061717,-0.303432329,1.200000000,0.504719862
0,687,1784881020.828197002,1464,14.640000128,7.962218545,-0.301378215,1.200000000,0.501859321
0,687,1784881020.828197002,1465,14.650000128,7.966362165,-0.299333019,1.200000000,0.498954492
0,687,1784881020.828197002,1466,14.660000128,7.970492472,-0.297296783,1.200000000,0.496005260
0,687,1784881020.828197002,1467,14.670000128,7.974609353,-0.295269554,1.200000000,0.493011506
0,687,1784881020.828197002,1468,14.680000128,7.978712691,-0.293251378,1.200000000,0.489973114
0,687,1784881020.828197002,1469,14.690000128,7.982802363,-0.291242303,1.200000000,0.486889965
0,687,1784881020.828197002,1470,14.700000128,7.986878243,-0.289242377,1.200000000,0.483761943
0,687,1784881020.828197002,1471,14.710000128,7.990940198,-0.287251652,1.200000000,0.480588930
0,687,1784881020.828197002,1472,14.720000128,7.994988089,-0.285270181,1.200000000,0.477370809
0,687,1784881020.828197002,1473,14.730000128,7.999021772,-0.283298018,1.200000000,0.474107462
0,687,1784881020.828197002,1474,14.740000128,8.003041097,-0.281335219,1.200000000,0.470798772
0,687,1784881020.828197002,1475,14.750000128,8.007045909,-0.279381842,1.200000000,0.467444621
0,687,1784881020.828197002,1476,14.760000128,8.011036045,-0.277437947,1.200000000,0.464044893
0,687,1784881020.828197002,1477,14.770000128,8.015011338,-0.275503596,1.200000000,0.460599470
0,687,1784881020.828197002,1478,14.780000128,8.018971613,-0.273578854,1.200000000,0.457108234
0,687,1784881020.828197002,1479,14.790000128,8.022916689,-0.271663786,1.200000000,0.453571068
0,687,1784881020.828197002,1480,14.800000128,8.026846377,-0.269758460,1.200000000,0.449987855
0,687,1784881020.828197002,1481,14.810000128,8.030760485,-0.267862949,1.200000000,0.446358477
0,687,1784881020.828197002,1482,14.820000128,8.034658809,-0.265977324,1.200000000,0.442682817
0,687,1784881020.828197002,1483,14.830000128,8.038541142,-0.264101662,1.200000000,0.438960758
0,687,1784881020.828197002,1484,14.840000128,8.042407268,-0.262236041,1.200000000,0.435192181
0,687,1784881020.828197002,1485,14.850000128,8.046256963,-0.260380541,1.200000000,0.431376970
0,687,1784881020.828197002,1486,14.860000128,8.050089996,-0.258535247,1.200000000,0.427515008
0,687,1784881020.828197002,1487,14.870000128,8.053906128,-0.256700245,1.200000000,0.423606177
0,687,1784881020.828197002,1488,14.880000128,8.057705114,-0.254875624,1.200000000,0.419650359
0,687,1784881020.828197002,1489,14.890000128,8.061486697,-0.253061476,1.200000000,0.415647438
0,687,1784881020.828197002,1490,14.900000128,8.065250616,-0.251257897,1.200000000,0.411597295
0,687,1784881020.828197002,1491,14.910000128,8.068996599,-0.249464986,1.200000000,0.407499814
0,687,1784881020.828197002,1492,14.920000128,8.072724366,-0.247682843,1.200000000,0.403354876
0,687,1784881020.828197002,1493,14.930000128,8.076433629,-0.245911575,1.200000000,0.399162366
0,687,1784881020.828197002,1494,14.940000128,8.080124090,-0.244151289,1.200000000,0.394922229
0,687,1784881020.828197002,1495,14.950000128,8.083795441,-0.242402099,1.200000000,0.390635409
0,687,1784881020.828197002,1496,14.960000128,8.087447368,-0.240664119,1.200000000,0.386303634
0,687,1784881020.828197002,1497,14.970000128,8.091079545,-0.238937468,1.200000000,0.381928650
0,687,1784881020.828197002,1498,14.980000128,8.094691637,-0.237222271,1.200000000,0.377512207
0,687,1784881020.828197002,1499,14.990000128,8.098283300,-0.235518654,1.200000000,0.373056051
0,687,1784881020.828197002,1500,15.000000128,8.101854177,-0.233826747,1.200000000,0.368561932
0,687,1784881020.828197002,1501,15.010000128,8.105403906,-0.232146687,1.200000000,0.364031597
0,687,1784881020.828197002,1502,15.020000128,8.108932110,-0.230478613,1.200000000,0.359466795
0,687,1784881020.828197002,1503,15.030000128,8.112438404,-0.228822667,1.200000000,0.354869273
0,687,1784881020.828197002,1504,15.040000128,8.115922392,-0.227178998,1.200000000,0.350240779
0,687,1784881020.828197002,1505,15.050000128,8.119383667,-0.225547758,1.200000000,0.345583061
0,687,1784881020.828197002,1506,15.060000128,8.122821813,-0.223929103,1.200000000,0.340897868
0,687,1784881020.828197002,1507,15.070000128,8.126236400,-0.222323195,1.200000000,0.336186948
0,687,1784881020.828197002,1508,15.080000128,8.129626989,-0.220730200,1.200000000,0.331452048
0,687,1784881020.828197002,1509,15.090000128,8.132993130,-0.219150287,1.200000000,0.326694916
0,687,1784881020.828197002,1510,15.100000128,8.136334363,-0.217583631,1.200000000,0.321917302
0,687,1784881020.828197002,1511,15.110000128,8.139650215,-0.216030412,1.200000000,0.317120951
0,687,1784881020.828197002,1512,15.120000128,8.142940202,-0.214490814,1.200000000,0.312307614
0,687,1784881020.828197002,1513,15.130000128,8.146203831,-0.212965025,1.200000000,0.307479037
0,687,1784881020.828197002,1514,15.140000128,8.149440598,-0.211453239,1.200000000,0.302636969
0,687,1784881020.828197002,1515,15.150000128,8.152649986,-0.209955654,1.200000000,0.297783158
0,687,1784881020.828197002,1516,15.160000128,8.155831470,-0.208472473,1.200000000,0.292919352
0,687,1784881020.828197002,1517,15.170000128,8.158984513,-0.207003901,1.200000000,0.288047298
0,687,1784881020.828197002,1518,15.180000128,8.162108569,-0.205550151,1.200000000,0.283168746
0,687,1784881020.828197002,1519,15.190000128,8.165203081,-0.204111437,1.200000000,0.278285442
0,687,1784881020.828197002,1520,15.200000128,8.168267484,-0.202687980,1.200000000,0.273399136
0,687,1784881020.828197002,1521,15.210000128,8.171301203,-0.201280003,1.200000000,0.268511574
0,687,1784881020.828197002,1522,15.220000128,8.174303652,-0.199887734,1.200000000,0.263624506
0,687,1784881020.828197002,1523,15.230000128,8.177274241,-0.198511403,1.200000000,0.258739679
0,687,1784881020.828197002,1524,15.240000128,8.180212368,-0.197151246,1.200000000,0.253858841
0,687,1784881020.828197002,1525,15.250000128,8.183117426,-0.195807501,1.200000000,0.248983740
0,687,1784881020.828197002,1526,15.260000128,8.185988801,-0.194480409,1.200000000,0.244116125
0,687,1784881020.828197002,1527,15.270000128,8.188825870,-0.193170213,1.200000000,0.239257742
0,687,1784881020.828197002,1528,15.280000128,8.191628009,-0.191877160,1.200000000,0.234410341
0,687,1784881020.828197002,1529,15.290000128,8.194394586,-0.190601498,1.200000000,0.229575670
0,687,1784881020.828197002,1530,15.300000128,8.197124966,-0.189343478,1.200000000,0.224755476
0,687,1784881020.828197002,1531,15.310000128,8.199818511,-0.188103352,1.200000000,0.219951507
0,687,1784881020.828197002,1532,15.320000128,8.202474581,-0.186881371,1.200000000,0.215165512
0,687,1784881020.828197002,1533,15.330000128,8.205092534,-0.185677791,1.200000000,0.210399239
0,687,1784881020.828197002,1534,15.340000128,8.207671729,-0.184492863,1.200000000,0.205654435
0,687,1784881020.828197002,1535,15.350000128,8.210211525,-0.183326843,1.200000000,0.200932848
0,687,1784881020.828197002,1536,15.360000128,8.212711284,-0.182179981,1.200000000,0.196236228
0,687,1784881020.828197002,1537,15.370000128,8.215170371,-0.181052530,1.200000000,0.191566321
0,687,1784881020.828197002,1538,15.380000128,8.217588155,-0.179944738,1.200000000,0.186924875
0,687,1784881020.828197002,1539,15.390000128,8.219964013,-0.178856853,1.200000000,0.182313640
0,687,1784881020.828197002,1540,15.400000128,8.222297328,-0.177789117,1.200000000,0.177734362
0,687,1784881020.828197002,1541,15.410000128,8.224587493,-0.176741771,1.200000000,0.173188791
0,687,1784881020.828197002,1542,15.420000128,8.226833912,-0.175715049,1.200000000,0.168678673
0,687,1784881020.828197002,1543,15.430000128,8.229036001,-0.174709181,1.200000000,0.164205757
0,687,1784881020.828197002,1544,15.440000128,8.231193192,-0.173724390,1.200000000,0.159771791
0,687,1784881020.828197002,1545,15.450000128,8.233304930,-0.172760893,1.200000000,0.155378524
0,687,1784881020.828197002,1546,15.460000128,8.235370681,-0.171818898,1.200000000,0.151027686
0,687,1784881020.828197002,1547,15.470000128,8.237389931,-0.170898606,1.200000000,0.146720592
0,687,1784881020.828197002,1548,15.480000128,8.239362187,-0.170000206,1.200000000,0.142458102
0,687,1784881020.828197002,1549,15.490000128,8.241286984,-0.169123878,1.200000000,0.138241053
0,687,1784881020.828197002,1550,15.500000128,8.243163879,-0.168269790,1.200000000,0.134070283
0,687,1784881020.828197002,1551,15.510000128,8.244992463,-0.167438097,1.200000000,0.129946628
0,687,1784881020.828197002,1552,15.520000128,8.246772356,-0.166628940,1.200000000,0.125870926
0,687,1784881020.828197002,1553,15.530000128,8.248503214,-0.165842445,1.200000000,0.121844014
0,687,1784881020.828197002,1554,15.540000128,8.250184729,-0.165078723,1.200000000,0.117866729
0,687,1784881020.828197002,1555,15.550000128,8.251816631,-0.164337866,1.200000000,0.113939910
0,687,1784881020.828197002,1556,15.560000128,8.253398694,-0.163619951,1.200000000,0.110064392
0,687,1784881020.828197002,1557,15.570000128,8.254930733,-0.162925032,1.200000000,0.106241014
0,687,1784881020.828197002,1558,15.580000128,8.256412612,-0.162253145,1.200000000,0.102470613
0,687,1784881020.828197002,1559,15.590000128,8.257844243,-0.161604305,1.200000000,0.098754026
0,687,1784881020.828197002,1560,15.600000128,8.259225589,-0.160978503,1.200000000,0.095092090
0,687,1784881020.828197002,1561,15.610000128,8.260556666,-0.160375709,1.200000000,0.091485642
0,687,1784881020.828197002,1562,15.620000128,8.261837544,-0.159795865,1.200000000,0.087935521
0,687,1784881020.828197002,1563,15.630000128,8.263068352,-0.159238893,1.200000000,0.084442563
0,687,1784881020.828197002,1564,15.640000128,8.264249278,-0.158704685,1.200000000,0.081007605
0,687,1784881020.828197002,1565,15.650000128,8.265380571,-0.158193108,1.200000000,0.077631485
0,687,1784881020.828197002,1566,15.660000128,8.266462540,-0.157704002,1.200000000,0.074315041
0,687,1784881020.828197002,1567,15.670000128,8.267495561,-0.157237177,1.200000000,0.071059108
0,687,1784881020.828197002,1568,15.680000128,8.268480074,-0.156792418,1.200000000,0.067864526
0,687,1784881020.828197002,1569,15.690000128,8.269416584,-0.156369476,1.200000000,0.064732130
0,687,1784881020.828197002,1570,15.700000128,8.270305663,-0.155968078,1.200000000,0.061662759
0,687,1784881020.828197002,1571,15.710000128,8.271147952,-0.155587918,1.200000000,0.058657249
0,687,1784881020.828197002,1572,15.720000128,8.271944160,-0.155228660,1.200000000,0.055716439
0,687,1784881020.828197002,1573,15.730000128,8.272695062,-0.154889941,1.200000000,0.052841164
0,687,1784881020.828197002,1574,15.740000128,8.273401504,-0.154571365,1.200000000,0.050032263
0,687,1784881020.828197002,1575,15.750000128,8.274064395,-0.154272508,1.200000000,0.047290573
0,687,1784881020.828197002,1576,15.760000128,8.274684717,-0.153992916,1.200000000,0.044616931
0,687,1784881020.828197002,1577,15.770000128,8.275263512,-0.153732107,1.200000000,0.042012175
0,687,1784881020.828197002,1578,15.780000128,8.275801892,-0.153489570,1.200000000,0.039477141
0,687,1784881020.828197002,1579,15.790000128,8.276301027,-0.153264766,1.200000000,0.037012667
0,687,1784881020.828197002,1580,15.800000128,8.276762152,-0.153057130,1.200000000,0.034619590
0,687,1784881020.828197002,1581,15.810000128,8.277186559,-0.152866071,1.200000000,0.032298749
0,687,1784881020.828197002,1582,15.820000128,8.277575597,-0.152690973,1.200000000,0.030050979
0,687,1784881020.828197002,1583,15.830000128,8.277930666,-0.152531199,1.200000000,0.027877118
0,687,1784881020.828197002,1584,15.840000128,8.278253218,-0.152386087,1.200000000,0.025778004
0,687,1784881020.828197002,1585,15.850000128,8.278544749,-0.152254957,1.200000000,0.023754474
0,687,1784881020.828197002,1586,15.860000128,8.278806798,-0.152137112,1.200000000,0.021807365
0,687,1784881020.828197002,1587,15.870000128,8.279040940,-0.152031838,1.200000000,0.019937514
0,687,1784881020.828197002,1588,15.880000128,8.279248780,-0.151938407,1.200000000,0.018145759
0,687,1784881020.828197002,1589,15.890000128,8.279431950,-0.151856080,1.200000000,0.016432937
0,687,1784881020.828197002,1590,15.900000128,8.279592103,-0.151784112,1.200000000,0.014799886
0,687,1784881020.828197002,1591,15.910000128,8.279730903,-0.151721751,1.200000000,0.013247442
0,687,1784881020.828197002,1592,15.920000128,8.279850021,-0.151668241,1.200000000,0.011776443
0,687,1784881020.828197002,1593,15.930000128,8.279951125,-0.151622830,1.200000000,0.010387726
0,687,1784881020.828197002,1594,15.940000128,8.280035876,-0.151584771,1.200000000,0.009082129
0,687,1784881020.828197002,1595,15.950000128,8.280105913,-0.151553325,1.200000000,0.007860488
0,687,1784881020.828197002,1596,15.960000128,8.280162848,-0.151527764,1.200000000,0.006723642
0,687,1784881020.828197002,1597,15.970000128,8.280208257,-0.151507382,1.200000000,0.005672427
0,687,1784881020.828197002,1598,15.980000128,8.280243667,-0.151491490,1.200000000,0.004707681
0,687,1784881020.828197002,1599,15.990000128,8.280270543,-0.151479429,1.200000000,0.003830241
0,687,1784881020.828197002,1600,16.000000128,8.280290282,-0.151470573,1.200000000,0.003040945
0,687,1784881020.828197002,1601,16.010000128,8.280304198,-0.151464330,1.200000000,0.002340629
0,687,1784881020.828197002,1602,16.020000128,8.280313505,-0.151460155,1.200000000,0.001730130
0,687,1784881020.828197002,1603,16.030000128,8.280319311,-0.151457551,1.200000000,0.001210288
0,687,1784881020.828197002,1604,16.040000128,8.280322599,-0.151456077,1.200000000,0.000781937
0,687,1784881020.828197002,1605,16.050000128,8.280324210,-0.151455354,1.200000000,0.000445917
0,687,1784881020.828197002,1606,16.060000128,8.280324834,-0.151455074,1.200000000,0.000203064
0,687,1784881020.828197002,1607,16.070000128,8.280324988,-0.151455005,1.200000000,0.000054215
0,687,1784881020.828197002,1608,16.080000128,8.280325000,-0.151455000,1.200000000,0.000000208
0,687,1784881020.828197002,1609,16.080659130,8.280325000,-0.151455000,1.200000000,0.000000000
