stamp,elapsed,x,y,z,yaw
1784881172.255238295,0.000000128,-0.261959000,-0.006230000,1.200000000,-0.039639000
1784881172.265238285,0.010000128,-0.261958995,-0.006229999,1.200000000,-0.039642532
1784881172.275238276,0.020000128,-0.261958918,-0.006229986,1.200000000,-0.039652989
1784881172.285238266,0.030000128,-0.261958588,-0.006229930,1.200000000,-0.039670158
1784881172.295238256,0.040000128,-0.261957713,-0.006229781,1.200000000,-0.039693828
1784881172.305238247,0.050000128,-0.261955896,-0.006229472,1.200000000,-0.039723788
1784881172.315238237,0.060000128,-0.261952643,-0.006228919,1.200000000,-0.039759826
1784881172.325238228,0.070000128,-0.261947368,-0.006228022,1.200000000,-0.039801731
1784881172.335238218,0.080000128,-0.261939400,-0.006226667,1.200000000,-0.039849291
1784881172.345238209,0.090000128,-0.261927993,-0.006224729,1.200000000,-0.039902296
1784881172.355238199,0.100000128,-0.261912325,-0.006222067,1.200000000,-0.039960533
1784881172.365238190,0.110000128,-0.261891511,-0.006218531,1.200000000,-0.040023791
1784881172.375238180,0.120000128,-0.261864604,-0.006213963,1.200000000,-0.040091859
1784881172.385238171,0.130000128,-0.261830604,-0.006208191,1.200000000,-0.040164525
1784881172.395238161,0.140000128,-0.261788458,-0.006201039,1.200000000,-0.040241578
1784881172.405238152,0.150000128,-0.261737072,-0.006192322,1.200000000,-0.040322807
1784881172.415238142,0.160000128,-0.261675311,-0.006181847,1.200000000,-0.040408000
1784881172.425238132,0.170000128,-0.261602005,-0.006169419,1.200000000,-0.040496946
1784881172.435238123,0.180000128,-0.261515954,-0.006154834,1.200000000,-0.040589433
1784881172.445238113,0.190000128,-0.261415933,-0.006137887,1.200000000,-0.040685249
1784881172.455238104,0.200000128,-0.261300695,-0.006118368,1.200000000,-0.040784184
1784881172.465238094,0.210000128,-0.261168974,-0.006096065,1.200000000,-0.040886026
1784881172.475238085,0.220000128,-0.261019493,-0.006070763,1.200000000,-0.040990564
1784881172.485238075,0.230000128,-0.260850964,-0.006042246,1.200000000,-0.041097586
1784881172.495238066,0.240000128,-0.260662090,-0.006010298,1.200000000,-0.041206880
1784881172.505238295,0.250000128,-0.260451576,-0.005974702,1.200000000,-0.041318236
1784881172.515238285,0.260000128,-0.260218122,-0.005935241,1.200000000,-0.041431442
1784881172.525238276,0.270000128,-0.259960435,-0.005891699,1.200000000,-0.041546286
1784881172.535238266,0.280000128,-0.259677226,-0.005843863,1.200000000,-0.041662558
1784881172.545238256,0.290000128,-0.259367216,-0.005791519,1.200000000,-0.041780045
1784881172.555238247,0.300000128,-0.259029137,-0.005734457,1.200000000,-0.041898536
1784881172.565238237,0.310000128,-0.258661736,-0.005672470,1.200000000,-0.042017820
1784881172.575238228,0.320000128,-0.258263775,-0.005605353,1.200000000,-0.042137685
1784881172.585238218,0.330000128,-0.257834035,-0.005532905,1.200000000,-0.042257921
1784881172.595238209,0.340000128,-0.257371318,-0.005454929,1.200000000,-0.042378315
1784881172.605238199,0.350000128,-0.256874448,-0.005371232,1.200000000,-0.042498656
1784881172.615238190,0.360000128,-0.256342273,-0.005281624,1.200000000,-0.042618732
1784881172.625238180,0.370000128,-0.255773669,-0.005185922,1.200000000,-0.042738334
1784881172.635238171,0.380000128,-0.255167537,-0.005083948,1.200000000,-0.042857247
1784881172.645238161,0.390000128,-0.254522810,-0.004975526,1.200000000,-0.042975263
1784881172.655238152,0.400000128,-0.253838447,-0.004860490,1.200000000,-0.043092168
1784881172.665238142,0.410000128,-0.253113443,-0.004738676,1.200000000,-0.043207752
1784881172.675238132,0.420000128,-0.252346822,-0.004609928,1.200000000,-0.043321804
1784881172.685238123,0.430000128,-0.251537646,-0.004474095,1.200000000,-0.043434111
1784881172.695238113,0.440000128,-0.250685006,-0.004331032,1.200000000,-0.043544462
1784881172.705238104,0.450000128,-0.249788033,-0.004180602,1.200000000,-0.043652646
1784881172.715238094,0.460000128,-0.248845891,-0.004022671,1.200000000,-0.043758452
1784881172.725238085,0.470000128,-0.247857782,-0.003857116,1.200000000,-0.043861668
1784881172.735238075,0.480000128,-0.246822946,-0.003683816,1.200000000,-0.043962083
1784881172.745238066,0.490000128,-0.245740657,-0.003502660,1.200000000,-0.044059485
1784881172.755238295,0.500000128,-0.244610230,-0.003313542,1.200000000,-0.044153662
1784881172.765238285,0.510000128,-0.243431017,-0.003116363,1.200000000,-0.044244405
1784881172.775238276,0.520000128,-0.242202409,-0.002911032,1.200000000,-0.044331500
1784881172.785238266,0.530000128,-0.240923833,-0.002697462,1.200000000,-0.044414736
1784881172.795238256,0.540000128,-0.239594756,-0.002475576,1.200000000,-0.044493903
1784881172.805238247,0.550000128,-0.238214682,-0.002245301,1.200000000,-0.044568789
1784881172.815238237,0.560000128,-0.236783156,-0.002006572,1.200000000,-0.044639182
1784881172.825238228,0.570000128,-0.235299757,-0.001759331,1.200000000,-0.044704871
1784881172.835238218,0.580000128,-0.233764103,-0.001503525,1.200000000,-0.044765644
1784881172.845238209,0.590000128,-0.232175851,-0.001239110,1.200000000,-0.044821291
1784881172.855238199,0.600000128,-0.230534691,-0.000966045,1.200000000,-0.044871599
1784881172.865238190,0.610000128,-0.228840354,-0.000684298,1.200000000,-0.044916357
1784881172.875238180,0.620000128,-0.227092603,-0.000393844,1.200000000,-0.044955355
1784881172.885238171,0.630000128,-0.225291239,-0.000094661,1.200000000,-0.044988379
1784881172.895238161,0.640000128,-0.223436096,0.000213265,1.200000000,-0.045015220
1784881172.905238152,0.650000128,-0.221527043,0.000529941,1.200000000,-0.045035665
1784881172.915238142,0.660000128,-0.219563983,0.000855371,1.200000000,-0.045049503
1784881172.925238132,0.670000128,-0.217546850,0.001189550,1.200000000,-0.045056523
1784881172.935238123,0.680000128,-0.215475613,0.001532471,1.200000000,-0.045056513
1784881172.945238113,0.690000128,-0.213350269,0.001884118,1.200000000,-0.045049262
1784881172.955238104,0.700000128,-0.211170848,0.002244473,1.200000000,-0.045034559
1784881172.965238094,0.710000128,-0.208937408,0.002613510,1.200000000,-0.045012192
1784881172.975238085,0.720000128,-0.206650037,0.002991200,1.200000000,-0.044981949
1784881172.985238075,0.730000128,-0.204308850,0.003377509,1.200000000,-0.044943619
1784881172.995238066,0.740000128,-0.201913990,0.003772397,1.200000000,-0.044896992
1784881173.005238295,0.750000128,-0.199465626,0.004175821,1.200000000,-0.044841854
1784881173.015238285,0.760000128,-0.196963952,0.004587733,1.200000000,-0.044777996
1784881173.025238276,0.770000128,-0.194409187,0.005008081,1.200000000,-0.044705205
1784881173.035238266,0.780000128,-0.191801573,0.005436808,1.200000000,-0.044623270
1784881173.045238256,0.790000128,-0.189141374,0.005873854,1.200000000,-0.044531980
1784881173.055238247,0.800000128,-0.186428877,0.006319157,1.200000000,-0.044431123
1784881173.065238237,0.810000128,-0.183664390,0.006772648,1.200000000,-0.044320488
1784881173.075238228,0.820000128,-0.180848238,0.007234258,1.200000000,-0.044199865
1784881173.085238218,0.830000128,-0.177980770,0.007703911,1.200000000,-0.044069147
1784881173.095238209,0.840000128,-0.175062348,0.008181532,1.200000000,-0.043928432
1784881173.105238199,0.850000128,-0.172093355,0.008667041,1.200000000,-0.043777840
1784881173.115238190,0.860000128,-0.169074189,0.009160356,1.200000000,-0.043617492
1784881173.125238180,0.870000128,-0.166005264,0.009661390,1.200000000,-0.043447508
1784881173.135238171,0.880000128,-0.162887009,0.010170057,1.200000000,-0.043268008
1784881173.145238161,0.890000128,-0.159719865,0.010686267,1.200000000,-0.043079113
1784881173.155238152,0.900000128,-0.156504291,0.011209928,1.200000000,-0.042880942
1784881173.165238142,0.910000128,-0.153240753,0.011740946,1.200000000,-0.042673617
1784881173.175238132,0.920000128,-0.149929733,0.012279224,1.200000000,-0.042457257
1784881173.185238123,0.930000128,-0.146571723,0.012824666,1.200000000,-0.042231983
1784881173.195238113,0.940000128,-0.143167224,0.013377171,1.200000000,-0.041997915
1784881173.205238104,0.950000128,-0.139716749,0.013936639,1.200000000,-0.041755173
1784881173.215238094,0.960000128,-0.136220817,0.014502967,1.200000000,-0.041503878
1784881173.225238085,0.970000128,-0.132679959,0.015076052,1.200000000,-0.041244151
1784881173.235238075,0.980000128,-0.129094711,0.015655789,1.200000000,-0.040976110
1784881173.245238066,0.990000128,-0.125465616,0.016242073,1.200000000,-0.040699877
1784881173.255238295,1.000000128,-0.121793226,0.016834796,1.200000000,-0.040415573
1784881173.265238285,1.010000128,-0.118078096,0.017433850,1.200000000,-0.040123316
1784881173.275238276,1.020000128,-0.114320788,0.018039129,1.200000000,-0.039823228
1784881173.285238266,1.030000128,-0.110521869,0.018650522,1.200000000,-0.039515429
1784881173.295238256,1.040000128,-0.106681908,0.019267920,1.200000000,-0.039200039
1784881173.305238247,1.050000128,-0.102801480,0.019891213,1.200000000,-0.038877179
1784881173.315238237,1.060000128,-0.098881161,0.020520291,1.200000000,-0.038546969
1784881173.325238228,1.070000128,-0.094921530,0.021155044,1.200000000,-0.038209529
1784881173.335238218,1.080000128,-0.090923171,0.021795361,1.200000000,-0.037864979
1784881173.345238209,1.090000128,-0.086886664,0.022441132,1.200000000,-0.037513440
1784881173.355238199,1.100000128,-0.082812595,0.023092245,1.200000000,-0.037155033
1784881173.365238190,1.110000128,-0.078701547,0.023748591,1.200000000,-0.036789877
1784881173.375238180,1.120000128,-0.074554106,0.024410058,1.200000000,-0.036418092
1784881173.385238171,1.130000128,-0.070370856,0.025076538,1.200000000,-0.036039800
1784881173.395238161,1.140000128,-0.066152381,0.025747921,1.200000000,-0.035655120
1784881173.405238152,1.150000128,-0.061899262,0.026424097,1.200000000,-0.035264172
1784881173.415238142,1.160000128,-0.057612081,0.027104957,1.200000000,-0.034867078
1784881173.425238132,1.170000128,-0.053291417,0.027790394,1.200000000,-0.034463957
1784881173.435238123,1.180000128,-0.048937846,0.028480300,1.200000000,-0.034054930
1784881173.445238113,1.190000128,-0.044551941,0.029174569,1.200000000,-0.033640116
1784881173.455238104,1.200000128,-0.040134274,0.029873094,1.200000000,-0.033219637
1784881173.465238094,1.210000128,-0.035685411,0.030575770,1.200000000,-0.032793613
1784881173.475238085,1.220000128,-0.031205916,0.031282494,1.200000000,-0.032362163
1784881173.485238075,1.230000128,-0.026696348,0.031993161,1.200000000,-0.031925409
1784881173.495238066,1.240000128,-0.022157263,0.032707670,1.200000000,-0.031483470
1784881173.505238295,1.250000128,-0.017589210,0.033425920,1.200000000,-0.031036467
1784881173.515238285,1.260000128,-0.012992735,0.034147810,1.200000000,-0.030584520
1784881173.525238276,1.270000128,-0.008368377,0.034873243,1.200000000,-0.030127749
1784881173.535238266,1.280000128,-0.003716671,0.035602119,1.200000000,-0.029666276
1784881173.545238256,1.290000128,0.000961855,0.036334343,1.200000000,-0.029200219
1784881173.555238247,1.300000128,0.005666677,0.037069819,1.200000000,-0.028729700
1784881173.565238237,1.310000128,0.010397280,0.037808455,1.200000000,-0.028254838
1784881173.575238228,1.320000128,0.015153154,0.038550157,1.200000000,-0.027775755
1784881173.585238218,1.330000128,0.019933796,0.039294835,1.200000000,-0.027292570
1784881173.595238209,1.340000128,0.024738710,0.040042399,1.200000000,-0.026805403
1784881173.605238199,1.350000128,0.029567407,0.040792762,1.200000000,-0.026314376
1784881173.615238190,1.360000128,0.034419404,0.041545837,1.200000000,-0.025819608
1784881173.625238180,1.370000128,0.039294229,0.042301540,1.200000000,-0.025321219
1784881173.635238171,1.380000128,0.044191415,0.043059786,1.200000000,-0.024819331
1784881173.645238161,1.390000128,0.049110502,0.043820496,1.200000000,-0.024314062
1784881173.655238152,1.400000128,0.054051041,0.044583588,1.200000000,-0.023805534
1784881173.665238142,1.410000128,0.059012588,0.045348984,1.200000000,-0.023293867
1784881173.675238132,1.420000128,0.063994709,0.046116608,1.200000000,-0.022779182
1784881173.685238123,1.430000128,0.068996978,0.046886386,1.200000000,-0.022261597
1784881173.695238113,1.440000128,0.074018977,0.047658244,1.200000000,-0.021741235
1784881173.705238104,1.450000128,0.079060298,0.048432110,1.200000000,-0.021218214
1784881173.715238094,1.460000128,0.084120540,0.049207916,1.200000000,-0.020692656
1784881173.725238085,1.470000128,0.089199311,0.049985594,1.200000000,-0.020164681
1784881173.735238075,1.480000128,0.094296229,0.050765077,1.200000000,-0.019634409
1784881173.745238066,1.490000128,0.099410920,0.051546301,1.200000000,-0.019101960
1784881173.755238295,1.500000128,0.104543018,0.052329205,1.200000000,-0.018567455
1784881173.765238285,1.510000128,0.109692168,0.053113728,1.200000000,-0.018031014
1784881173.775238276,1.520000128,0.114858024,0.053899811,1.200000000,-0.017492757
1784881173.785238266,1.530000128,0.120040246,0.054687397,1.200000000,-0.016952805
1784881173.795238256,1.540000128,0.125238508,0.055476432,1.200000000,-0.016411278
1784881173.805238247,1.550000128,0.130452488,0.056266863,1.200000000,-0.015868296
1784881173.815238237,1.560000128,0.135681877,0.057058638,1.200000000,-0.015323980
1784881173.825238228,1.570000128,0.140926374,0.057851708,1.200000000,-0.014778449
1784881173.835238218,1.580000128,0.146185688,0.058646026,1.200000000,-0.014231825
1784881173.845238209,1.590000128,0.151459534,0.059441546,1.200000000,-0.013684227
1784881173.855238199,1.600000128,0.156747640,0.060238225,1.200000000,-0.013135776
1784881173.865238190,1.610000128,0.162049741,0.061036021,1.200000000,-0.012586592
1784881173.875238180,1.620000128,0.167365582,0.061834893,1.200000000,-0.012036796
1784881173.885238171,1.630000128,0.172694917,0.062634803,1.200000000,-0.011486507
1784881173.895238161,1.640000128,0.178037510,0.063435716,1.200000000,-0.010935847
1784881173.905238152,1.650000128,0.183393131,0.064237596,1.200000000,-0.010384935
1784881173.915238142,1.660000128,0.188761561,0.065040412,1.200000000,-0.009833891
1784881173.925238132,1.670000128,0.194142592,0.065844132,1.200000000,-0.009282837
1784881173.935238123,1.680000128,0.199536021,0.066648727,1.200000000,-0.008731892
1784881173.945238113,1.690000128,0.204941657,0.067454170,1.200000000,-0.008181177
1784881173.955238104,1.700000128,0.210359314,0.068260435,1.200000000,-0.007630811
1784881173.965238094,1.710000128,0.215788820,0.069067500,1.200000000,-0.007080916
1784881173.975238085,1.720000128,0.221230006,0.069875341,1.200000000,-0.006531612
1784881173.985238075,1.730000128,0.226682716,0.070683938,1.200000000,-0.005983018
1784881173.995238066,1.740000128,0.232146799,0.071493274,1.200000000,-0.005435255
1784881174.005238295,1.750000128,0.237622115,0.072303331,1.200000000,-0.004888445
1784881174.015238285,1.760000128,0.243108530,0.073114093,1.200000000,-0.004342706
1784881174.025238276,1.770000128,0.248605920,0.073925548,1.200000000,-0.003798159
1784881174.035238266,1.780000128,0.254114169,0.074737684,1.200000000,-0.003254924
1784881174.045238256,1.790000128,0.259633166,0.075550489,1.200000000,-0.002713123
1784881174.055238247,1.800000128,0.265162811,0.076363956,1.200000000,-0.002172874
1784881174.065238237,1.810000128,0.270703011,0.077178077,1.200000000,-0.001634299
1784881174.075238228,1.820000128,0.276253679,0.077992847,1.200000000,-0.001097518
1784881174.085238218,1.830000128,0.281814738,0.078808262,1.200000000,-0.000562651
1784881174.095238209,1.840000128,0.287386115,0.079624319,1.200000000,-0.000029818
1784881174.105238199,1.850000128,0.292967747,0.080441016,1.200000000,0.000500860
1784881174.115238190,1.860000128,0.298559577,0.081258354,1.200000000,0.001029264
1784881174.125238180,1.870000128,0.304161554,0.082076336,1.200000000,0.001555271
1784881174.135238171,1.880000128,0.309773636,0.082894963,1.200000000,0.002078764
1784881174.145238161,1.890000128,0.315395784,0.083714240,1.200000000,0.002599620
1784881174.155238152,1.900000128,0.321027970,0.084534174,1.200000000,0.003117720
1784881174.165238142,1.910000128,0.326670168,0.085354770,1.200000000,0.003632944
1784881174.175238132,1.920000128,0.332322360,0.086176038,1.200000000,0.004145171
1784881174.185238123,1.930000128,0.337984535,0.086997987,1.200000000,0.004654280
1784881174.195238113,1.940000128,0.343656686,0.087820628,1.200000000,0.005160152
1784881174.205238104,1.950000128,0.349338813,0.088643972,1.200000000,0.005662666
1784881174.215238094,1.960000128,0.355030920,0.089468033,1.200000000,0.006161702
1784881174.225238085,1.970000128,0.360733018,0.090292824,1.200000000,0.006657140
1784881174.235238075,1.980000128,0.366445122,0.091118362,1.200000000,0.007148859
1784881174.245238066,1.990000128,0.372167252,0.091944662,1.200000000,0.007636738
1784881174.255238295,2.000000128,0.377899434,0.092771742,1.200000000,0.008120659
1784881174.265238285,2.010000128,0.383641697,0.093599619,1.200000000,0.008600499
1784881174.275238276,2.020000128,0.389394075,0.094428314,1.200000000,0.009076140
1784881174.285238266,2.030000128,0.395156608,0.095257845,1.200000000,0.009547460
1784881174.295238256,2.040000128,0.400929337,0.096088235,1.200000000,0.010014340
1784881174.305238247,2.050000128,0.406712310,0.096919505,1.200000000,0.010476659
1784881174.315238237,2.060000128,0.412505576,0.097751678,1.200000000,0.010934296
1784881174.325238228,2.070000128,0.418309190,0.098584776,1.200000000,0.011387132
1784881174.335238218,2.080000128,0.424123209,0.099418825,1.200000000,0.011835046
1784881174.345238209,2.090000128,0.429947694,0.100253849,1.200000000,0.012277918
1784881174.355238199,2.100000128,0.435782709,0.101089873,1.200000000,0.012715627
1784881174.365238190,2.110000128,0.441628319,0.101926924,1.200000000,0.013148053
1784881174.375238180,2.120000128,0.447484596,0.102765028,1.200000000,0.013575077
1784881174.385238171,2.130000128,0.453351609,0.103604213,1.200000000,0.013996576
1784881174.395238161,2.140000128,0.459229434,0.104444506,1.200000000,0.014412432
1784881174.405238152,2.150000128,0.465118147,0.105285936,1.200000000,0.014822524
1784881174.415238142,2.160000128,0.471017826,0.106128531,1.200000000,0.015226732
1784881174.425238132,2.170000128,0.476928551,0.106972321,1.200000000,0.015624934
1784881174.435238123,2.180000128,0.482850404,0.107817335,1.200000000,0.016017012
1784881174.445238113,2.190000128,0.488783470,0.108663603,1.200000000,0.016402845
1784881174.455238104,2.200000128,0.494727831,0.109511155,1.200000000,0.016782311
1784881174.465238094,2.210000128,0.500683574,0.110360022,1.200000000,0.017155292
1784881174.475238085,2.220000128,0.506650787,0.111210235,1.200000000,0.017521666
1784881174.485238075,2.230000128,0.512629555,0.112061824,1.200000000,0.017881314
1784881174.495238066,2.240000128,0.518619968,0.112914820,1.200000000,0.018234115
1784881174.505238295,2.250000128,0.524622114,0.113769256,1.200000000,0.018579949
1784881174.515238285,2.260000128,0.530636082,0.114625161,1.200000000,0.018918695
1784881174.525238276,2.270000128,0.536661961,0.115482568,1.200000000,0.019250233
1784881174.535238266,2.280000128,0.542699841,0.116341508,1.200000000,0.019574443
1784881174.545238256,2.290000128,0.548749809,0.117202013,1.200000000,0.019891204
1784881174.555238247,2.300000128,0.554811955,0.118064113,1.200000000,0.020200397
1784881174.565238237,2.310000128,0.560886367,0.118927841,1.200000000,0.020501901
1784881174.575238228,2.320000128,0.566973132,0.119793228,1.200000000,0.020795595
1784881174.585238218,2.330000128,0.573072337,0.120660305,1.200000000,0.021081359
1784881174.595238209,2.340000128,0.579184068,0.121529103,1.200000000,0.021359074
1784881174.605238199,2.350000128,0.585308409,0.122399653,1.200000000,0.021628618
1784881174.615238190,2.360000128,0.591445444,0.123271986,1.200000000,0.021889871
1784881174.625238180,2.370000128,0.597595256,0.124146132,1.200000000,0.022142713
1784881174.635238171,2.380000128,0.603757924,0.125022121,1.200000000,0.022387024
1784881174.645238161,2.390000128,0.609933529,0.125899984,1.200000000,0.022622684
1784881174.655238152,2.400000128,0.616122147,0.126779749,1.200000000,0.022849626
1784881174.665238142,2.410000128,0.622323855,0.127661446,1.200000000,0.023067927
1784881174.675238132,2.420000128,0.628538726,0.128545105,1.200000000,0.023277684
1784881174.685238123,2.430000128,0.634766831,0.129430753,1.200000000,0.023478993
1784881174.695238113,2.440000128,0.641008241,0.130318418,1.200000000,0.023671951
1784881174.705238104,2.450000128,0.647263022,0.131208128,1.200000000,0.023856656
1784881174.715238094,2.460000128,0.653531239,0.132099910,1.200000000,0.024033205
1784881174.725238085,2.470000128,0.659812956,0.132993792,1.200000000,0.024201695
1784881174.735238075,2.480000128,0.666108231,0.133889798,1.200000000,0.024362222
1784881174.745238066,2.490000128,0.672417122,0.134787955,1.200000000,0.024514885
1784881174.755238295,2.500000128,0.678739684,0.135688288,1.200000000,0.024659780
1784881174.765238285,2.510000128,0.685075968,0.136590820,1.200000000,0.024797004
1784881174.775238276,2.520000128,0.691426023,0.137495577,1.200000000,0.024926655
1784881174.785238266,2.530000128,0.697789896,0.138402581,1.200000000,0.025048829
1784881174.795238256,2.540000128,0.704167629,0.139311854,1.200000000,0.025163623
1784881174.805238247,2.550000128,0.710559261,0.140223420,1.200000000,0.025271136
1784881174.815238237,2.560000128,0.716964830,0.141137298,1.200000000,0.025371463
1784881174.825238228,2.570000128,0.723384369,0.142053510,1.200000000,0.025464702
1784881174.835238218,2.580000128,0.729817909,0.142972076,1.200000000,0.025550949
1784881174.845238209,2.590000128,0.736265475,0.143893014,1.200000000,0.025630303
1784881174.855238199,2.600000128,0.742727092,0.144816344,1.200000000,0.025702860
1784881174.865238190,2.610000128,0.749202779,0.145742082,1.200000000,0.025768717
1784881174.875238180,2.620000128,0.755692553,0.146670246,1.200000000,0.025827972
1784881174.885238171,2.630000128,0.762196428,0.147600852,1.200000000,0.025880721
1784881174.895238161,2.640000128,0.768714412,0.148533916,1.200000000,0.025927062
1784881174.905238152,2.650000128,0.775246512,0.149469451,1.200000000,0.025967091
1784881174.915238142,2.660000128,0.781792730,0.150407471,1.200000000,0.026000906
1784881174.925238132,2.670000128,0.788353065,0.151347990,1.200000000,0.026028603
1784881174.935238123,2.680000128,0.794927511,0.152291020,1.200000000,0.026050281
1784881174.945238113,2.690000128,0.801516060,0.153236571,1.200000000,0.026066036
1784881174.955238104,2.700000128,0.808118700,0.154184654,1.200000000,0.026075965
1784881174.965238094,2.710000128,0.814735415,0.155135278,1.200000000,0.026080165
1784881174.975238085,2.720000128,0.821366183,0.156088452,1.200000000,0.026078733
1784881174.985238075,2.730000128,0.828010983,0.157044184,1.200000000,0.026071767
1784881174.995238066,2.740000128,0.834669787,0.158002481,1.200000000,0.026059363
1784881175.005238295,2.750000128,0.841342562,0.158963347,1.200000000,0.026041619
1784881175.015238285,2.760000128,0.848029276,0.159926789,1.200000000,0.026018632
1784881175.025238276,2.770000128,0.854729887,0.160892810,1.200000000,0.025990498
1784881175.035238266,2.780000128,0.861444355,0.161861414,1.200000000,0.025957316
1784881175.045238256,2.790000128,0.868172633,0.162832602,1.200000000,0.025919181
1784881175.055238247,2.800000128,0.874914670,0.163806375,1.200000000,0.025876192
1784881175.065238237,2.810000128,0.881670413,0.164782735,1.200000000,0.025828444
1784881175.075238228,2.820000128,0.888439804,0.165761680,1.200000000,0.025776036
1784881175.085238218,2.830000128,0.895222782,0.166743209,1.200000000,0.025719065
1784881175.095238209,2.840000128,0.902019282,0.167727318,1.200000000,0.025657627
1784881175.105238199,2.850000128,0.908829235,0.168714005,1.200000000,0.025591819
1784881175.115238190,2.860000128,0.915652568,0.169703266,1.200000000,0.025521739
1784881175.125238180,2.870000128,0.922489205,0.170695093,1.200000000,0.025447484
1784881175.135238171,2.880000128,0.929339067,0.171689481,1.200000000,0.025369151
1784881175.145238161,2.890000128,0.936202069,0.172686423,1.200000000,0.025286837
1784881175.155238152,2.900000128,0.943078126,0.173685910,1.200000000,0.025200639
1784881175.165238142,2.910000128,0.949967146,0.174687932,1.200000000,0.025110654
1784881175.175238132,2.920000128,0.956869035,0.175692480,1.200000000,0.025016980
1784881175.185238123,2.930000128,0.963783695,0.176699541,1.200000000,0.024919713
1784881175.195238113,2.940000128,0.970711026,0.177709103,1.200000000,0.024818950
1784881175.205238104,2.950000128,0.977650923,0.178721154,1.200000000,0.024714789
1784881175.215238094,2.960000128,0.984603278,0.179735678,1.200000000,0.024607327
1784881175.225238085,2.970000128,0.991567979,0.180752660,1.200000000,0.024496660
1784881175.235238075,2.980000128,0.998544912,0.181772085,1.200000000,0.024382886
1784881175.245238066,2.990000128,1.005533960,0.182793933,1.200000000,0.024266102
1784881175.255238295,3.000000128,1.012535000,0.183818189,1.200000000,0.024146406
1784881175.265238285,3.010000128,1.019547909,0.184844831,1.200000000,0.024023893
1784881175.275238276,3.020000128,1.026572560,0.185873841,1.200000000,0.023898662
1784881175.285238266,3.030000128,1.033608822,0.186905196,1.200000000,0.023770809
1784881175.295238256,3.040000128,1.040656561,0.187938874,1.200000000,0.023640432
1784881175.305238247,3.050000128,1.047715641,0.188974853,1.200000000,0.023507627
1784881175.315238237,3.060000128,1.054785923,0.190013108,1.200000000,0.023372491
1784881175.325238228,3.070000128,1.061867264,0.191053614,1.200000000,0.023235123
1784881175.335238218,3.080000128,1.068959520,0.192096346,1.200000000,0.023095618
1784881175.345238209,3.090000128,1.076062543,0.193141275,1.200000000,0.022954075
1784881175.355238199,3.100000128,1.083176182,0.194188375,1.200000000,0.022810589
1784881175.365238190,3.110000128,1.090300284,0.195237616,1.200000000,0.022665259
1784881175.375238180,3.120000128,1.097434694,0.196288968,1.200000000,0.022518180
1784881175.385238171,3.130000128,1.104579254,0.197342402,1.200000000,0.022369451
1784881175.395238161,3.140000128,1.111733802,0.198397884,1.200000000,0.022219169
1784881175.405238152,3.150000128,1.118898177,0.199455383,1.200000000,0.022067430
1784881175.415238142,3.160000128,1.126072212,0.200514865,1.200000000,0.021914332
1784881175.425238132,3.170000128,1.133255741,0.201576295,1.200000000,0.021759971
1784881175.435238123,3.180000128,1.140448594,0.202639639,1.200000000,0.021604446
1784881175.445238113,3.190000128,1.147650599,0.203704860,1.200000000,0.021447852
1784881175.455238104,3.200000128,1.154861582,0.204771920,1.200000000,0.021290287
1784881175.465238094,3.210000128,1.162081369,0.205840783,1.200000000,0.021131849
1784881175.475238085,3.220000128,1.169309780,0.206911408,1.200000000,0.020972633
1784881175.485238075,3.230000128,1.176546637,0.207983757,1.200000000,0.020812738
1784881175.495238066,3.240000128,1.183791759,0.209057789,1.200000000,0.020652261
1784881175.505238295,3.250000128,1.191044963,0.210133461,1.200000000,0.020491298
1784881175.515238285,3.260000128,1.198306065,0.211210733,1.200000000,0.020329946
1784881175.525238276,3.270000128,1.205574878,0.212289560,1.200000000,0.020168303
1784881175.535238266,3.280000128,1.212851216,0.213369899,1.200000000,0.020006467
1784881175.545238256,3.290000128,1.220134889,0.214451705,1.200000000,0.019844533
1784881175.555238247,3.300000128,1.227425708,0.215534933,1.200000000,0.019682599
1784881175.565238237,3.310000128,1.234723482,0.216619535,1.200000000,0.019520762
1784881175.575238228,3.320000128,1.242028018,0.217705465,1.200000000,0.019359119
1784881175.585238218,3.330000128,1.249339123,0.218792675,1.200000000,0.019197768
1784881175.595238209,3.340000128,1.256656603,0.219881116,1.200000000,0.019036805
1784881175.605238199,3.350000128,1.263980261,0.220970739,1.200000000,0.018876327
1784881175.615238190,3.360000128,1.271309903,0.222061493,1.200000000,0.018716433
1784881175.625238180,3.370000128,1.278645331,0.223153327,1.200000000,0.018557217
1784881175.635238171,3.380000128,1.285986348,0.224246189,1.200000000,0.018398779
1784881175.645238161,3.390000128,1.293332756,0.225340027,1.200000000,0.018241215
1784881175.655238152,3.400000128,1.300684356,0.226434788,1.200000000,0.018084621
1784881175.665238142,3.410000128,1.308040949,0.227530418,1.200000000,0.017929096
1784881175.675238132,3.420000128,1.315402336,0.228626861,1.200000000,0.017774736
1784881175.685238123,3.430000128,1.322768316,0.229724064,1.200000000,0.017621638
1784881175.695238113,3.440000128,1.330138691,0.230821970,1.200000000,0.017469899
1784881175.705238104,3.450000128,1.337513260,0.231920521,1.200000000,0.017319617
1784881175.715238094,3.460000128,1.344891823,0.233019662,1.200000000,0.017170889
1784881175.725238085,3.470000128,1.352274180,0.234119333,1.200000000,0.017023811
1784881175.735238075,3.480000128,1.359660131,0.235219477,1.200000000,0.016878481
1784881175.745238066,3.490000128,1.367049477,0.236320034,1.200000000,0.016734996
1784881175.755238295,3.500000128,1.374442017,0.237420944,1.200000000,0.016593453
1784881175.765238285,3.510000128,1.381837554,0.238522147,1.200000000,0.016453949
1784881175.775238276,3.520000128,1.389235888,0.239623582,1.200000000,0.016316581
1784881175.785238266,3.530000128,1.396636821,0.240725187,1.200000000,0.016181447
1784881175.795238256,3.540000128,1.404040155,0.241826900,1.200000000,0.016048642
1784881175.805238247,3.550000128,1.411445693,0.242928658,1.200000000,0.015918266
1784881175.815238237,3.560000128,1.418853240,0.244030399,1.200000000,0.015790413
1784881175.825238228,3.570000128,1.426262599,0.245132057,1.200000000,0.015665183
1784881175.835238218,3.580000128,1.433673576,0.246233569,1.200000000,0.015542671
1784881175.845238209,3.590000128,1.441085977,0.247334871,1.200000000,0.015422975
1784881175.855238199,3.600000128,1.448499609,0.248435896,1.200000000,0.015306192
1784881175.865238190,3.610000128,1.455914282,0.249536578,1.200000000,0.015192419
1784881175.875238180,3.620000128,1.463329804,0.250636852,1.200000000,0.015081754
1784881175.885238171,3.630000128,1.470745986,0.251736651,1.200000000,0.014974292
1784881175.895238161,3.640000128,1.478162639,0.252835907,1.200000000,0.014870132
1784881175.905238152,3.650000128,1.485579578,0.253934552,1.200000000,0.014769370
1784881175.915238142,3.660000128,1.492996618,0.255032519,1.200000000,0.014672104
1784881175.925238132,3.670000128,1.500413573,0.256129738,1.200000000,0.014578431
1784881175.935238123,3.680000128,1.507830262,0.257226141,1.200000000,0.014488447
1784881175.945238113,3.690000128,1.515246505,0.258321659,1.200000000,0.014402250
1784881175.955238104,3.700000128,1.522662121,0.259416221,1.200000000,0.014319937
1784881175.965238094,3.710000128,1.530076935,0.260509757,1.200000000,0.014241605
1784881175.975238085,3.720000128,1.537490770,0.261602197,1.200000000,0.014167351
1784881175.985238075,3.730000128,1.544903453,0.262693469,1.200000000,0.014097273
1784881175.995238066,3.740000128,1.552314811,0.263783503,1.200000000,0.014031467
1784881176.005238295,3.750000128,1.559724676,0.264872227,1.200000000,0.013970030
1784881176.015238285,3.760000128,1.567132879,0.265959568,1.200000000,0.013913060
1784881176.025238276,3.770000128,1.574539254,0.267045455,1.200000000,0.013860653
1784881176.035238266,3.780000128,1.581943637,0.268129814,1.200000000,0.013812907
1784881176.045238256,3.790000128,1.589345868,0.269212574,1.200000000,0.013769919
1784881176.055238247,3.800000128,1.596745786,0.270293660,1.200000000,0.013731786
1784881176.065238237,3.810000128,1.604143234,0.271372999,1.200000000,0.013698604
1784881176.075238228,3.820000128,1.611538059,0.272450517,1.200000000,0.013670472
1784881176.085238218,3.830000128,1.618930106,0.273526141,1.200000000,0.013647475
1784881176.095238209,3.840000128,1.626319226,0.274599795,1.200000000,0.013629564
1784881176.105238199,3.850000128,1.633705271,0.275671406,1.200000000,0.013616602
1784881176.115238190,3.860000128,1.641088096,0.276740898,1.200000000,0.013608454
1784881176.125238180,3.870000128,1.648467558,0.277808197,1.200000000,0.013604982
1784881176.135238171,3.880000128,1.655843517,0.278873227,1.200000000,0.013606048
1784881176.145238161,3.890000128,1.663215834,0.279935913,1.200000000,0.013611515
1784881176.155238152,3.900000128,1.670584375,0.280996178,1.200000000,0.013621247
1784881176.165238142,3.910000128,1.677949007,0.282053948,1.200000000,0.013635106
1784881176.175238132,3.920000128,1.685309600,0.283109146,1.200000000,0.013652955
1784881176.185238123,3.930000128,1.692666026,0.284161696,1.200000000,0.013674656
1784881176.195238113,3.940000128,1.700018162,0.285211522,1.200000000,0.013700073
1784881176.205238104,3.950000128,1.707365885,0.286258546,1.200000000,0.013729068
1784881176.215238094,3.960000128,1.714709075,0.287302692,1.200000000,0.013761505
1784881176.225238085,3.970000128,1.722047617,0.288343884,1.200000000,0.013797245
1784881176.235238075,3.980000128,1.729381397,0.289382043,1.200000000,0.013836152
1784881176.245238066,3.990000128,1.736710303,0.290417094,1.200000000,0.013878089
1784881176.255238295,4.000000128,1.744034228,0.291448958,1.200000000,0.013922918
1784881176.265238285,4.010000128,1.751353066,0.292477559,1.200000000,0.013970502
1784881176.275238276,4.020000128,1.758666715,0.293502819,1.200000000,0.014020704
1784881176.285238266,4.030000128,1.765975074,0.294524659,1.200000000,0.014073387
1784881176.295238256,4.040000128,1.773278048,0.295543003,1.200000000,0.014128413
1784881176.305238247,4.050000128,1.780575541,0.296557773,1.200000000,0.014185646
1784881176.315238237,4.060000128,1.787867463,0.297568890,1.200000000,0.014244948
1784881176.325238228,4.070000128,1.795153726,0.298576277,1.200000000,0.014306183
1784881176.335238218,4.080000128,1.802434243,0.299579856,1.200000000,0.014369212
1784881176.345238209,4.090000128,1.809708933,0.300579548,1.200000000,0.014433899
1784881176.355238199,4.100000128,1.816977715,0.301575275,1.200000000,0.014500106
1784881176.365238190,4.110000128,1.824240513,0.302566959,1.200000000,0.014567696
1784881176.375238180,4.120000128,1.831497252,0.303554522,1.200000000,0.014636533
1784881176.385238171,4.130000128,1.838747861,0.304537886,1.200000000,0.014706479
1784881176.395238161,4.140000128,1.845992273,0.305516971,1.200000000,0.014777396
1784881176.405238152,4.150000128,1.853230420,0.306491699,1.200000000,0.014849148
1784881176.415238142,4.160000128,1.860462241,0.307461993,1.200000000,0.014921597
1784881176.425238132,4.170000128,1.867687676,0.308427774,1.200000000,0.014994607
1784881176.435238123,4.180000128,1.874906667,0.309388962,1.200000000,0.015068039
1784881176.445238113,4.190000128,1.882119160,0.310345480,1.200000000,0.015141757
1784881176.455238104,4.200000128,1.889325105,0.311297249,1.200000000,0.015215624
1784881176.465238094,4.210000128,1.896524451,0.312244191,1.200000000,0.015289502
1784881176.475238085,4.220000128,1.903717154,0.313186227,1.200000000,0.015363254
1784881176.485238075,4.230000128,1.910903170,0.314123278,1.200000000,0.015436744
1784881176.495238066,4.240000128,1.918082459,0.315055267,1.200000000,0.015509833
1784881176.505238295,4.250000128,1.925254982,0.315982114,1.200000000,0.015582385
1784881176.515238285,4.260000128,1.932420706,0.316903741,1.200000000,0.015654263
1784881176.525238276,4.270000128,1.939579597,0.317820070,1.200000000,0.015725329
1784881176.535238266,4.280000128,1.946731625,0.318731023,1.200000000,0.015795445
1784881176.545238256,4.290000128,1.953876765,0.319636520,1.200000000,0.015864476
1784881176.555238247,4.300000128,1.961014992,0.320536484,1.200000000,0.015932284
1784881176.565238237,4.310000128,1.968146283,0.321430837,1.200000000,0.015998731
1784881176.575238228,4.320000128,1.975270619,0.322319500,1.200000000,0.016063680
1784881176.585238218,4.330000128,1.982387984,0.323202395,1.200000000,0.016126995
1784881176.595238209,4.340000128,1.989498364,0.324079444,1.200000000,0.016188537
1784881176.605238199,4.350000128,1.996601747,0.324950568,1.200000000,0.016248171
1784881176.615238190,4.360000128,2.003698124,0.325815691,1.200000000,0.016305757
1784881176.625238180,4.370000128,2.010787487,0.326674734,1.200000000,0.016361161
1784881176.635238171,4.380000128,2.017869834,0.327527619,1.200000000,0.016414243
1784881176.645238161,4.390000128,2.024945161,0.328374268,1.200000000,0.016464868
1784881176.655238152,4.400000128,2.032013469,0.329214604,1.200000000,0.016512897
1784881176.665238142,4.410000128,2.039074762,0.330048549,1.200000000,0.016558194
1784881176.675238132,4.420000128,2.046129043,0.330876025,1.200000000,0.016600622
1784881176.685238123,4.430000128,2.053176321,0.331696955,1.200000000,0.016640043
1784881176.695238113,4.440000128,2.060216604,0.332511263,1.200000000,0.016676320
1784881176.705238104,4.450000128,2.067249905,0.333318869,1.200000000,0.016709316
1784881176.715238094,4.460000128,2.074276237,0.334119698,1.200000000,0.016738893
1784881176.725238085,4.470000128,2.081295616,0.334913673,1.200000000,0.016764915
1784881176.735238075,4.480000128,2.088308061,0.335700715,1.200000000,0.016787245
1784881176.745238066,4.490000128,2.095313592,0.336480749,1.200000000,0.016805744
1784881176.755238295,4.500000128,2.102312230,0.337253698,1.200000000,0.016820277
1784881176.765238285,4.510000128,2.109304000,0.338019485,1.200000000,0.016830705
1784881176.775238276,4.520000128,2.116288928,0.338778034,1.200000000,0.016836892
1784881176.785238266,4.530000128,2.123267041,0.339529268,1.200000000,0.016838701
1784881176.795238256,4.540000128,2.130238371,0.340273110,1.200000000,0.016835993
1784881176.805238247,4.550000128,2.137202948,0.341009486,1.200000000,0.016828633
1784881176.815238237,4.560000128,2.144160805,0.341738319,1.200000000,0.016816482
1784881176.825238228,4.570000128,2.151111979,0.342459532,1.200000000,0.016799404
1784881176.835238218,4.580000128,2.158056505,0.343173051,1.200000000,0.016777262
1784881176.845238209,4.590000128,2.164994423,0.343878800,1.200000000,0.016749918
1784881176.855238199,4.600000128,2.171925772,0.344576702,1.200000000,0.016717235
1784881176.865238190,4.610000128,2.178850594,0.345266683,1.200000000,0.016679075
1784881176.875238180,4.620000128,2.185768933,0.345948669,1.200000000,0.016635303
1784881176.885238171,4.630000128,2.192680834,0.346622582,1.200000000,0.016585780
1784881176.895238161,4.640000128,2.199586341,0.347288349,1.200000000,0.016530369
1784881176.905238152,4.650000128,2.206485504,0.347945896,1.200000000,0.016468934
1784881176.915238142,4.660000128,2.213378371,0.348595146,1.200000000,0.016401337
1784881176.925238132,4.670000128,2.220264993,0.349236027,1.200000000,0.016327440
1784881176.935238123,4.680000128,2.227145420,0.349868463,1.200000000,0.016247107
1784881176.945238113,4.690000128,2.234019707,0.350492381,1.200000000,0.016160200
1784881176.955238104,4.700000128,2.240887906,0.351107706,1.200000000,0.016066582
1784881176.965238094,4.710000128,2.247750073,0.351714366,1.200000000,0.015966117
1784881176.975238085,4.720000128,2.254606264,0.352312285,1.200000000,0.015858666
1784881176.985238075,4.730000128,2.261456537,0.352901391,1.200000000,0.015744093
1784881176.995238066,4.740000128,2.268300949,0.353481610,1.200000000,0.015622261
1784881177.005238295,4.750000128,2.275139561,0.354052870,1.200000000,0.015493031
1784881177.015238285,4.760000128,2.281972431,0.354615097,1.200000000,0.015356268
1784881177.025238276,4.770000128,2.288799622,0.355168219,1.200000000,0.015211834
1784881177.035238266,4.780000128,2.295621195,0.355712162,1.200000000,0.015059591
1784881177.045238256,4.790000128,2.302437212,0.356246856,1.200000000,0.014899403
1784881177.055238247,4.800000128,2.309247737,0.356772226,1.200000000,0.014731132
1784881177.065238237,4.810000128,2.316052835,0.357288202,1.200000000,0.014554641
1784881177.075238228,4.820000128,2.322852569,0.357794711,1.200000000,0.014369794
1784881177.085238218,4.830000128,2.329647006,0.358291683,1.200000000,0.014176452
1784881177.095238209,4.840000128,2.336436210,0.358779044,1.200000000,0.013974479
1784881177.105238199,4.850000128,2.343220249,0.359256725,1.200000000,0.013763737
1784881177.115238190,4.860000128,2.349999189,0.359724654,1.200000000,0.013544089
1784881177.125238180,4.870000128,2.356773097,0.360182760,1.200000000,0.013315398
1784881177.135238171,4.880000128,2.363542041,0.360630972,1.200000000,0.013077527
1784881177.145238161,4.890000128,2.370306089,0.361069220,1.200000000,0.012830339
1784881177.155238152,4.900000128,2.377065309,0.361497434,1.200000000,0.012573696
1784881177.165238142,4.910000128,2.383819770,0.361915544,1.200000000,0.012307462
1784881177.175238132,4.920000128,2.390569540,0.362323479,1.200000000,0.012031498
1784881177.185238123,4.930000128,2.397314688,0.362721170,1.200000000,0.011745668
1784881177.195238113,4.940000128,2.404055282,0.363108548,1.200000000,0.011449836
1784881177.205238104,4.950000128,2.410791393,0.363485544,1.200000000,0.011143862
1784881177.215238094,4.960000128,2.417523088,0.363852087,1.200000000,0.010827611
1784881177.225238085,4.970000128,2.424250436,0.364208111,1.200000000,0.010500945
1784881177.235238075,4.980000128,2.430973508,0.364553545,1.200000000,0.010163727
1784881177.245238066,4.990000128,2.437692370,0.364888323,1.200000000,0.009815820
1784881177.255238295,5.000000128,2.444407092,0.365212374,1.200000000,0.009457086
1784881177.265238285,5.010000128,2.451117743,0.365525633,1.200000000,0.009087389
1784881177.275238276,5.020000128,2.457824390,0.365828030,1.200000000,0.008706591
1784881177.285238266,5.030000128,2.464527101,0.366119499,1.200000000,0.008314555
1784881177.295238256,5.040000128,2.471225944,0.366399972,1.200000000,0.007911144
1784881177.305238247,5.050000128,2.477920987,0.366669383,1.200000000,0.007496220
1784881177.315238237,5.060000128,2.484612295,0.366927664,1.200000000,0.007069647
1784881177.325238228,5.070000128,2.491299935,0.367174750,1.200000000,0.006631287
1784881177.335238218,5.080000128,2.497983973,0.367410573,1.200000000,0.006181003
1784881177.345238209,5.090000128,2.504664474,0.367635069,1.200000000,0.005718658
1784881177.355238199,5.100000128,2.511341504,0.367848170,1.200000000,0.005244115
1784881177.365238190,5.110000128,2.518015126,0.368049812,1.200000000,0.004757236
1784881177.375238180,5.120000128,2.524685404,0.368239930,1.200000000,0.004257884
1784881177.385238171,5.130000128,2.531352401,0.368418457,1.200000000,0.003745923
1784881177.395238161,5.140000128,2.538016179,0.368585331,1.200000000,0.003221215
1784881177.405238152,5.150000128,2.544676800,0.368740485,1.200000000,0.002683622
1784881177.415238142,5.160000128,2.551334324,0.368883857,1.200000000,0.002133008
1784881177.425238132,5.170000128,2.557988811,0.369015382,1.200000000,0.001569235
1784881177.435238123,5.180000128,2.564640321,0.369134995,1.200000000,0.000992167
1784881177.445238113,5.190000128,2.571288911,0.369242635,1.200000000,0.000401665
1784881177.455238104,5.200000128,2.577934638,0.369338237,1.200000000,-0.000202407
1784881177.465238094,5.210000128,2.584577560,0.369421740,1.200000000,-0.000820186
1784881177.475238085,5.220000128,2.591217731,0.369493079,1.200000000,-0.001451809
1784881177.485238075,5.230000128,2.597855207,0.369552194,1.200000000,-0.002097415
1784881177.495238066,5.240000128,2.604490039,0.369599021,1.200000000,-0.002757139
1784881177.505238295,5.250000128,2.611122282,0.369633500,1.200000000,-0.003431120
1784881177.515238285,5.260000128,2.617751985,0.369655568,1.200000000,-0.004119493
1784881177.525238276,5.270000128,2.624379199,0.369665165,1.200000000,-0.004822398
1784881177.535238266,5.280000128,2.631003974,0.369662230,1.200000000,-0.005539970
1784881177.545238256,5.290000128,2.637626357,0.369646702,1.200000000,-0.006272347
1784881177.555238247,5.300000128,2.644246394,0.369618521,1.200000000,-0.007019666
1784881177.565238237,5.310000128,2.650864132,0.369577627,1.200000000,-0.007782048
1784881177.575238228,5.320000128,2.657479615,0.369523961,1.200000000,-0.008559474
1784881177.585238218,5.330000128,2.664092885,0.369457462,1.200000000,-0.009351855
1784881177.595238209,5.340000128,2.670703985,0.369378073,1.200000000,-0.010159098
1784881177.605238199,5.350000128,2.677312955,0.369285734,1.200000000,-0.010981114
1784881177.615238190,5.360000128,2.683919834,0.369180387,1.200000000,-0.011817812
1784881177.625238180,5.370000128,2.690524661,0.369061974,1.200000000,-0.012669099
1784881177.635238171,5.380000128,2.697127471,0.368930437,1.200000000,-0.013534887
1784881177.645238161,5.390000128,2.703728301,0.368785720,1.200000000,-0.014415083
1784881177.655238152,5.400000128,2.710327183,0.368627764,1.200000000,-0.015309596
1784881177.665238142,5.410000128,2.716924152,0.368456514,1.200000000,-0.016218337
1784881177.675238132,5.420000128,2.723519237,0.368271912,1.200000000,-0.017141213
1784881177.685238123,5.430000128,2.730112468,0.368073904,1.200000000,-0.018078135
1784881177.695238113,5.440000128,2.736703875,0.367862433,1.200000000,-0.019029010
1784881177.705238104,5.450000128,2.743293483,0.367637444,1.200000000,-0.019993749
1784881177.715238094,5.460000128,2.749881318,0.367398883,1.200000000,-0.020972260
1784881177.725238085,5.470000128,2.756467405,0.367146694,1.200000000,-0.021964452
1784881177.735238075,5.480000128,2.763051766,0.366880823,1.200000000,-0.022970235
1784881177.745238066,5.490000128,2.769634423,0.366601218,1.200000000,-0.023989517
1784881177.755238295,5.500000128,2.776215394,0.366307824,1.200000000,-0.025022208
1784881177.765238285,5.510000128,2.782794699,0.366000588,1.200000000,-0.026068217
1784881177.775238276,5.520000128,2.789372353,0.365679458,1.200000000,-0.027127452
1784881177.785238266,5.530000128,2.795948373,0.365344381,1.200000000,-0.028199824
1784881177.795238256,5.540000128,2.802522773,0.364995306,1.200000000,-0.029285240
1784881177.805238247,5.550000128,2.809095564,0.364632182,1.200000000,-0.030383611
1784881177.815238237,5.560000128,2.815666758,0.364254957,1.200000000,-0.031494845
1784881177.825238228,5.570000128,2.822236364,0.363863580,1.200000000,-0.032618851
1784881177.835238218,5.580000128,2.828804391,0.363458002,1.200000000,-0.033755538
1784881177.845238209,5.590000128,2.835370844,0.363038173,1.200000000,-0.034904816
1784881177.855238199,5.600000128,2.841935729,0.362604043,1.200000000,-0.036066594
1784881177.865238190,5.610000128,2.848499049,0.362155564,1.200000000,-0.037240780
1784881177.875238180,5.620000128,2.855060807,0.361692686,1.200000000,-0.038427284
1784881177.885238171,5.630000128,2.861621003,0.361215363,1.200000000,-0.039626015
1784881177.895238161,5.640000128,2.868179636,0.360723546,1.200000000,-0.040836881
1784881177.905238152,5.650000128,2.874736704,0.360217188,1.200000000,-0.042059793
1784881177.915238142,5.660000128,2.881292204,0.359696243,1.200000000,-0.043294659
1784881177.925238132,5.670000128,2.887846130,0.359160665,1.200000000,-0.044541388
1784881177.935238123,5.680000128,2.894398476,0.358610407,1.200000000,-0.045799890
1784881177.945238113,5.690000128,2.900949234,0.358045424,1.200000000,-0.047070072
1784881177.955238104,5.700000128,2.907498394,0.357465673,1.200000000,-0.048351846
1784881177.965238094,5.710000128,2.914045945,0.356871107,1.200000000,-0.049645119
1784881177.975238085,5.720000128,2.920591876,0.356261684,1.200000000,-0.050949800
1784881177.985238075,5.730000128,2.927136173,0.355637360,1.200000000,-0.052265800
1784881177.995238066,5.740000128,2.933678820,0.354998092,1.200000000,-0.053593026
1784881178.005238295,5.750000128,2.940219802,0.354343838,1.200000000,-0.054931388
1784881178.015238285,5.760000128,2.946759100,0.353674556,1.200000000,-0.056280795
1784881178.025238276,5.770000128,2.953296696,0.352990205,1.200000000,-0.057641157
1784881178.035238266,5.780000128,2.959832569,0.352290744,1.200000000,-0.059012381
1784881178.045238256,5.790000128,2.966366698,0.351576132,1.200000000,-0.060394378
1784881178.055238247,5.800000128,2.972899059,0.350846331,1.200000000,-0.061787056
1784881178.065238237,5.810000128,2.979429628,0.350101300,1.200000000,-0.063190325
1784881178.075238228,5.820000128,2.985958380,0.349341000,1.200000000,-0.064604094
1784881178.085238218,5.830000128,2.992485287,0.348565395,1.200000000,-0.066028271
1784881178.095238209,5.840000128,2.999010322,0.347774445,1.200000000,-0.067462766
1784881178.105238199,5.850000128,3.005533456,0.346968115,1.200000000,-0.068907487
1784881178.115238190,5.860000128,3.012054657,0.346146367,1.200000000,-0.070362345
1784881178.125238180,5.870000128,3.018573894,0.345309166,1.200000000,-0.071827248
1784881178.135238171,5.880000128,3.025091135,0.344456476,1.200000000,-0.073302105
1784881178.145238161,5.890000128,3.031606344,0.343588263,1.200000000,-0.074786825
1784881178.155238152,5.900000128,3.038119488,0.342704492,1.200000000,-0.076281318
1784881178.165238142,5.910000128,3.044630528,0.341805129,1.200000000,-0.077785492
1784881178.175238132,5.920000128,3.051139429,0.340890142,1.200000000,-0.079299256
1784881178.185238123,5.930000128,3.057646151,0.339959498,1.200000000,-0.080822520
1784881178.195238113,5.940000128,3.064150656,0.339013165,1.200000000,-0.082355193
1784881178.205238104,5.950000128,3.070652901,0.338051111,1.200000000,-0.083897184
1784881178.215238094,5.960000128,3.077152846,0.337073307,1.200000000,-0.085448401
1784881178.225238085,5.970000128,3.083650448,0.336079723,1.200000000,-0.087008755
1784881178.235238075,5.980000128,3.090145664,0.335070328,1.200000000,-0.088578154
1784881178.245238066,5.990000128,3.096638448,0.334045094,1.200000000,-0.090156506
1784881178.255238295,6.000000128,3.103128755,0.333003992,1.200000000,-0.091743722
1784881178.265238285,6.010000128,3.109616538,0.331946996,1.200000000,-0.093339711
1784881178.275238276,6.020000128,3.116101751,0.330874079,1.200000000,-0.094944381
1784881178.285238266,6.030000128,3.122584345,0.329785213,1.200000000,-0.096557641
1784881178.295238256,6.040000128,3.129064271,0.328680374,1.200000000,-0.098179401
1784881178.305238247,6.050000128,3.135541478,0.327559536,1.200000000,-0.099809570
1784881178.315238237,6.060000128,3.142015918,0.326422675,1.200000000,-0.101448056
1784881178.325238228,6.070000128,3.148487537,0.325269768,1.200000000,-0.103094770
1784881178.335238218,6.080000128,3.154956283,0.324100792,1.200000000,-0.104749619
1784881178.345238209,6.090000128,3.161422104,0.322915724,1.200000000,-0.106412514
1784881178.355238199,6.100000128,3.167884946,0.321714542,1.200000000,-0.108083362
1784881178.365238190,6.110000128,3.174344755,0.320497226,1.200000000,-0.109762074
1784881178.375238180,6.120000128,3.180801475,0.319263756,1.200000000,-0.111448559
1784881178.385238171,6.130000128,3.187255051,0.318014111,1.200000000,-0.113142725
1784881178.395238161,6.140000128,3.193705427,0.316748273,1.200000000,-0.114844481
1784881178.405238152,6.150000128,3.200152546,0.315466225,1.200000000,-0.116553737
1784881178.415238142,6.160000128,3.206596350,0.314167947,1.200000000,-0.118270402
1784881178.425238132,6.170000128,3.213036782,0.312853425,1.200000000,-0.119994385
1784881178.435238123,6.180000128,3.219473784,0.311522641,1.200000000,-0.121725594
1784881178.445238113,6.190000128,3.225907296,0.310175580,1.200000000,-0.123463940
1784881178.455238104,6.200000128,3.232337259,0.308812228,1.200000000,-0.125209330
1784881178.465238094,6.210000128,3.238763613,0.307432571,1.200000000,-0.126961675
1784881178.475238085,6.220000128,3.245186299,0.306036595,1.200000000,-0.128720883
1784881178.485238075,6.230000128,3.251605256,0.304624289,1.200000000,-0.130486864
1784881178.495238066,6.240000128,3.258020423,0.303195640,1.200000000,-0.132259526
1784881178.505238295,6.250000128,3.264431739,0.301750639,1.200000000,-0.134038779
1784881178.515238285,6.260000128,3.270839143,0.300289274,1.200000000,-0.135824531
1784881178.525238276,6.270000128,3.277242573,0.298811536,1.200000000,-0.137616692
1784881178.535238266,6.280000128,3.283641967,0.297317417,1.200000000,-0.139415171
1784881178.545238256,6.290000128,3.290037263,0.295806908,1.200000000,-0.141219876
1784881178.555238247,6.300000128,3.296428399,0.294280003,1.200000000,-0.143030718
1784881178.565238237,6.310000128,3.302815312,0.292736696,1.200000000,-0.144847605
1784881178.575238228,6.320000128,3.309197941,0.291176980,1.200000000,-0.146670446
1784881178.585238218,6.330000128,3.315576221,0.289600851,1.200000000,-0.148499151
1784881178.595238209,6.340000128,3.321950092,0.288008305,1.200000000,-0.150333628
1784881178.605238199,6.350000128,3.328319489,0.286399339,1.200000000,-0.152173786
1784881178.615238190,6.360000128,3.334684351,0.284773950,1.200000000,-0.154019535
1784881178.625238180,6.370000128,3.341044615,0.283132137,1.200000000,-0.155870784
1784881178.635238171,6.380000128,3.347400218,0.281473899,1.200000000,-0.157727441
1784881178.645238161,6.390000128,3.353751097,0.279799236,1.200000000,-0.159589416
1784881178.655238152,6.400000128,3.360097191,0.278108148,1.200000000,-0.161456619
1784881178.665238142,6.410000128,3.366438436,0.276400638,1.200000000,-0.163328957
1784881178.675238132,6.420000128,3.372774772,0.274676707,1.200000000,-0.165206340
1784881178.685238123,6.430000128,3.379106135,0.272936359,1.200000000,-0.167088678
1784881178.695238113,6.440000128,3.385432464,0.271179598,1.200000000,-0.168975879
1784881178.705238104,6.450000128,3.391753697,0.269406429,1.200000000,-0.170867852
1784881178.715238094,6.460000128,3.398069774,0.267616857,1.200000000,-0.172764507
1784881178.725238085,6.470000128,3.404380634,0.265810889,1.200000000,-0.174665753
1784881178.735238075,6.480000128,3.410686215,0.263988532,1.200000000,-0.176571498
1784881178.745238066,6.490000128,3.416986457,0.262149795,1.200000000,-0.178481652
1784881178.755238295,6.500000128,3.423281302,0.260294687,1.200000000,-0.180396124
1784881178.765238285,6.510000128,3.429570689,0.258423217,1.200000000,-0.182314822
1784881178.775238276,6.520000128,3.435854558,0.256535396,1.200000000,-0.184237657
1784881178.785238266,6.530000128,3.442132853,0.254631235,1.200000000,-0.186164537
1784881178.795238256,6.540000128,3.448405514,0.252710748,1.200000000,-0.188095372
1784881178.805238247,6.550000128,3.454672484,0.250773947,1.200000000,-0.190030069
1784881178.815238237,6.560000128,3.460933705,0.248820846,1.200000000,-0.191968539
1784881178.825238228,6.570000128,3.467189122,0.246851461,1.200000000,-0.193910691
1784881178.835238218,6.580000128,3.473438678,0.244865807,1.200000000,-0.195856433
1784881178.845238209,6.590000128,3.479682319,0.242863901,1.200000000,-0.197805675
1784881178.855238199,6.600000128,3.485919988,0.240845760,1.200000000,-0.199758326
1784881178.865238190,6.610000128,3.492151634,0.238811403,1.200000000,-0.201714294
1784881178.875238180,6.620000128,3.498377201,0.236760849,1.200000000,-0.203673490
1784881178.885238171,6.630000128,3.504596637,0.234694118,1.200000000,-0.205635821
1784881178.895238161,6.640000128,3.510809891,0.232611231,1.200000000,-0.207601198
1784881178.905238152,6.650000128,3.517016911,0.230512211,1.200000000,-0.209569529
1784881178.915238142,6.660000128,3.523217647,0.228397079,1.200000000,-0.211540724
1784881178.925238132,6.670000128,3.529412050,0.226265860,1.200000000,-0.213514691
1784881178.935238123,6.680000128,3.535600070,0.224118578,1.200000000,-0.215491339
1784881178.945238113,6.690000128,3.541781659,0.221955259,1.200000000,-0.217470578
1784881178.955238104,6.700000128,3.547956772,0.219775928,1.200000000,-0.219452317
1784881178.965238094,6.710000128,3.554125361,0.217580613,1.200000000,-0.221436464
1784881178.975238085,6.720000128,3.560287381,0.215369342,1.200000000,-0.223422930
1784881178.985238075,6.730000128,3.566442788,0.213142144,1.200000000,-0.225411622
1784881178.995238066,6.740000128,3.572591538,0.210899048,1.200000000,-0.227402451
1784881179.005238295,6.750000128,3.578733590,0.208640085,1.200000000,-0.229395325
1784881179.015238285,6.760000128,3.584868901,0.206365288,1.200000000,-0.231390153
1784881179.025238276,6.770000128,3.590997431,0.204074688,1.200000000,-0.233386844
1784881179.035238266,6.780000128,3.597119142,0.201768318,1.200000000,-0.235385308
1784881179.045238256,6.790000128,3.603233994,0.199446213,1.200000000,-0.237385454
1784881179.055238247,6.800000128,3.609341951,0.197108408,1.200000000,-0.239387190
1784881179.065238237,6.810000128,3.615442975,0.194754940,1.200000000,-0.241390426
1784881179.075238228,6.820000128,3.621537033,0.192385844,1.200000000,-0.243395070
1784881179.085238218,6.830000128,3.627624090,0.190001159,1.200000000,-0.245401033
1784881179.095238209,6.840000128,3.633704114,0.187600923,1.200000000,-0.247408222
1784881179.105238199,6.850000128,3.639777072,0.185185176,1.200000000,-0.249416548
1784881179.115238190,6.860000128,3.645842934,0.182753958,1.200000000,-0.251425919
1784881179.125238180,6.870000128,3.651901671,0.180307311,1.200000000,-0.253436244
1784881179.135238171,6.880000128,3.657953255,0.177845277,1.200000000,-0.255447433
1784881179.145238161,6.890000128,3.663997658,0.175367899,1.200000000,-0.257459394
1784881179.155238152,6.900000128,3.670034856,0.172875221,1.200000000,-0.259472037
1784881179.165238142,6.910000128,3.676064823,0.170367287,1.200000000,-0.261485270
1784881179.175238132,6.920000128,3.682087537,0.167844145,1.200000000,-0.263499003
1784881179.185238123,6.930000128,3.688102975,0.165305839,1.200000000,-0.265513145
1784881179.195238113,6.940000128,3.694111118,0.162752418,1.200000000,-0.267527605
1784881179.205238104,6.950000128,3.700111944,0.160183930,1.200000000,-0.269542291
1784881179.215238094,6.960000128,3.706105437,0.157600424,1.200000000,-0.271557115
1784881179.225238085,6.970000128,3.712091580,0.155001951,1.200000000,-0.273571998
1784881179.235238075,6.980000128,3.718070356,0.152388561,1.200000000,-0.275586895
1784881179.245238066,6.990000128,3.724041752,0.149760307,1.200000000,-0.277601761
1784881179.255238295,7.000000128,3.730005756,0.147117241,1.200000000,-0.279616551
1784881179.265238285,7.010000128,3.735962355,0.144459416,1.200000000,-0.281631222
1784881179.275238276,7.020000128,3.741911539,0.141786888,1.200000000,-0.283645729
1784881179.285238266,7.030000128,3.747853300,0.139099711,1.200000000,-0.285660029
1784881179.295238256,7.040000128,3.753787630,0.136397942,1.200000000,-0.287674077
1784881179.305238247,7.050000128,3.759714523,0.133681638,1.200000000,-0.289687828
1784881179.315238237,7.060000128,3.765633975,0.130950856,1.200000000,-0.291701239
1784881179.325238228,7.070000128,3.771545981,0.128205656,1.200000000,-0.293714266
1784881179.335238218,7.080000128,3.777450541,0.125446097,1.200000000,-0.295726864
1784881179.345238209,7.090000128,3.783347653,0.122672239,1.200000000,-0.297738989
1784881179.355238199,7.100000128,3.789237318,0.119884145,1.200000000,-0.299750597
1784881179.365238190,7.110000128,3.795119538,0.117081875,1.200000000,-0.301761644
1784881179.375238180,7.120000128,3.800994317,0.114265494,1.200000000,-0.303772085
1784881179.385238171,7.130000128,3.806861659,0.111435064,1.200000000,-0.305781877
1784881179.395238161,7.140000128,3.812721572,0.108590650,1.200000000,-0.307790975
1784881179.405238152,7.150000128,3.818574063,0.105732319,1.200000000,-0.309799335
1784881179.415238142,7.160000128,3.824419140,0.102860135,1.200000000,-0.311806913
1784881179.425238132,7.170000128,3.830256814,0.099974167,1.200000000,-0.313813664
1784881179.435238123,7.180000128,3.836087097,0.097074482,1.200000000,-0.315819545
1784881179.445238113,7.190000128,3.841910003,0.094161149,1.200000000,-0.317824512
1784881179.455238104,7.200000128,3.847725545,0.091234238,1.200000000,-0.319828519
1784881179.465238094,7.210000128,3.853533740,0.088293818,1.200000000,-0.321831524
1784881179.475238085,7.220000128,3.859334605,0.085339961,1.200000000,-0.323833481
1784881179.485238075,7.230000128,3.865128158,0.082372739,1.200000000,-0.325834346
1784881179.495238066,7.240000128,3.870914421,0.079392225,1.200000000,-0.327834077
1784881179.505238295,7.250000128,3.876693413,0.076398492,1.200000000,-0.329832627
1784881179.515238285,7.260000128,3.882465158,0.073391613,1.200000000,-0.331829953
1784881179.525238276,7.270000128,3.888229680,0.070371666,1.200000000,-0.333826012
1784881179.535238266,7.280000128,3.893987004,0.067338724,1.200000000,-0.335820758
1784881179.545238256,7.290000128,3.899737158,0.064292865,1.200000000,-0.337814147
1784881179.555238247,7.300000128,3.905480168,0.061234166,1.200000000,-0.339806136
1784881179.565238237,7.310000128,3.911216065,0.058162705,1.200000000,-0.341796679
1784881179.575238228,7.320000128,3.916944880,0.055078561,1.200000000,-0.343785734
1784881179.585238218,7.330000128,3.922666643,0.051981814,1.200000000,-0.345773256
1784881179.595238209,7.340000128,3.928381389,0.048872543,1.200000000,-0.347759200
1784881179.605238199,7.350000128,3.934089152,0.045750830,1.200000000,-0.349743522
1784881179.615238190,7.360000128,3.939789968,0.042616757,1.200000000,-0.351726179
1784881179.625238180,7.370000128,3.945483874,0.039470405,1.200000000,-0.353707126
1784881179.635238171,7.380000128,3.951170909,0.036311859,1.200000000,-0.355686319
1784881179.645238161,7.390000128,3.956851111,0.033141202,1.200000000,-0.357663713
1784881179.655238152,7.400000128,3.962524523,0.029958519,1.200000000,-0.359639265
1784881179.665238142,7.410000128,3.968191185,0.026763895,1.200000000,-0.361612930
1784881179.675238132,7.420000128,3.973851142,0.023557416,1.200000000,-0.363584664
1784881179.685238123,7.430000128,3.979504437,0.020339168,1.200000000,-0.365554423
1784881179.695238113,7.440000128,3.985151117,0.017109240,1.200000000,-0.367522163
1784881179.705238104,7.450000128,3.990791228,0.013867718,1.200000000,-0.369487840
1784881179.715238094,7.460000128,3.996424818,0.010614693,1.200000000,-0.371451409
1784881179.725238085,7.470000128,4.002051937,0.007350252,1.200000000,-0.373412826
1784881179.735238075,7.480000128,4.007672634,0.004074486,1.200000000,-0.375372047
1784881179.745238066,7.490000128,4.013286962,0.000787487,1.200000000,-0.377329028
1784881179.755238295,7.500000128,4.018894972,-0.002510656,1.200000000,-0.379283725
1784881179.765238285,7.510000128,4.024496718,-0.005819851,1.200000000,-0.381236093
1784881179.775238276,7.520000128,4.030092255,-0.009140003,1.200000000,-0.383186088
1784881179.785238266,7.530000128,4.035681639,-0.012471022,1.200000000,-0.385133667
1784881179.795238256,7.540000128,4.041264926,-0.015812812,1.200000000,-0.387078785
1784881179.805238247,7.550000128,4.046842175,-0.019165279,1.200000000,-0.389021397
1784881179.815238237,7.560000128,4.052413443,-0.022528329,1.200000000,-0.390961460
1784881179.825238228,7.570000128,4.057978792,-0.025901865,1.200000000,-0.392898929
1784881179.835238218,7.580000128,4.063538281,-0.029285792,1.200000000,-0.394833761
1784881179.845238209,7.590000128,4.069091973,-0.032680013,1.200000000,-0.396765910
1784881179.855238199,7.600000128,4.074639931,-0.036084431,1.200000000,-0.398695334
1784881179.865238190,7.610000128,4.080182217,-0.039498948,1.200000000,-0.400621987
1784881179.875238180,7.620000128,4.085718897,-0.042923465,1.200000000,-0.402545825
1784881179.885238171,7.630000128,4.091250036,-0.046357884,1.200000000,-0.404466805
1784881179.895238161,7.640000128,4.096775701,-0.049802104,1.200000000,-0.406384882
1784881179.905238152,7.650000128,4.102295958,-0.053256027,1.200000000,-0.408300012
1784881179.915238142,7.660000128,4.107810876,-0.056719551,1.200000000,-0.410212151
1784881179.925238132,7.670000128,4.113320524,-0.060192575,1.200000000,-0.412121254
1784881179.935238123,7.680000128,4.118824971,-0.063674998,1.200000000,-0.414027278
1784881179.945238113,7.690000128,4.124324288,-0.067166718,1.200000000,-0.415930178
1784881179.955238104,7.700000128,4.129818547,-0.070667632,1.200000000,-0.417829910
1784881179.965238094,7.710000128,4.135307818,-0.074177636,1.200000000,-0.419726430
1784881179.975238085,7.720000128,4.140792176,-0.077696629,1.200000000,-0.421619694
1784881179.985238075,7.730000128,4.146271692,-0.081224504,1.200000000,-0.423509657
1784881179.995238066,7.740000128,4.151746443,-0.084761159,1.200000000,-0.425396275
1784881180.005238295,7.750000128,4.157216502,-0.088306487,1.200000000,-0.427279504
1784881180.015238285,7.760000128,4.162681944,-0.091860384,1.200000000,-0.429159301
1784881180.025238276,7.770000128,4.168142847,-0.095422744,1.200000000,-0.431035620
1784881180.035238266,7.780000128,4.173599287,-0.098993461,1.200000000,-0.432908418
1784881180.045238256,7.790000128,4.179051340,-0.102572427,1.200000000,-0.434777650
1784881180.055238247,7.800000128,4.184499085,-0.106159535,1.200000000,-0.436643272
1784881180.065238237,7.810000128,4.189942601,-0.109754679,1.200000000,-0.438505241
1784881180.075238228,7.820000128,4.195381966,-0.113357750,1.200000000,-0.440363511
1784881180.085238218,7.830000128,4.200817260,-0.116968639,1.200000000,-0.442218039
1784881180.095238209,7.840000128,4.206248562,-0.120587239,1.200000000,-0.444068781
1784881180.105238199,7.850000128,4.211675953,-0.124213440,1.200000000,-0.445915691
1784881180.115238190,7.860000128,4.217099515,-0.127847132,1.200000000,-0.447758727
1784881180.125238180,7.870000128,4.222519327,-0.131488205,1.200000000,-0.449597844
1784881180.135238171,7.880000128,4.227935472,-0.135136550,1.200000000,-0.451432998
1784881180.145238161,7.890000128,4.233348033,-0.138792056,1.200000000,-0.453264144
1784881180.155238152,7.900000128,4.238757090,-0.142454612,1.200000000,-0.455091239
1784881180.165238142,7.910000128,4.244162728,-0.146124106,1.200000000,-0.456914237
1784881180.175238132,7.920000128,4.249565029,-0.149800428,1.200000000,-0.458733096
1784881180.185238123,7.930000128,4.254964076,-0.153483465,1.200000000,-0.460547771
1784881180.195238113,7.940000128,4.260359953,-0.157173105,1.200000000,-0.462358218
1784881180.205238104,7.950000128,4.265752744,-0.160869235,1.200000000,-0.464164391
1784881180.215238094,7.960000128,4.271142533,-0.164571744,1.200000000,-0.465966249
1784881180.225238085,7.970000128,4.276529404,-0.168280517,1.200000000,-0.467763745
1784881180.235238075,7.980000128,4.281913443,-0.171995442,1.200000000,-0.469556836
1784881180.245238066,7.990000128,4.287294732,-0.175716404,1.200000000,-0.471345478
1784881180.255238295,8.000000128,4.292673357,-0.179443291,1.200000000,-0.473129627
1784881180.265238285,8.010000128,4.298049404,-0.183175987,1.200000000,-0.474909238
1784881180.275238276,8.020000128,4.303422956,-0.186914379,1.200000000,-0.476684267
1784881180.285238266,8.030000128,4.308794099,-0.190658351,1.200000000,-0.478454671
1784881180.295238256,8.040000128,4.314162918,-0.194407790,1.200000000,-0.480220404
1784881180.305238247,8.050000128,4.319529499,-0.198162580,1.200000000,-0.481981423
1784881180.315238237,8.060000128,4.324893925,-0.201922605,1.200000000,-0.483737683
1784881180.325238228,8.070000128,4.330256283,-0.205687750,1.200000000,-0.485489141
1784881180.335238218,8.080000128,4.335616656,-0.209457900,1.200000000,-0.487235752
1784881180.345238209,8.090000128,4.340975131,-0.213232939,1.200000000,-0.488977472
1784881180.355238199,8.100000128,4.346331792,-0.217012750,1.200000000,-0.490714256
1784881180.365238190,8.110000128,4.351686724,-0.220797218,1.200000000,-0.492446061
1784881180.375238180,8.120000128,4.357040011,-0.224586225,1.200000000,-0.494172843
1784881180.385238171,8.130000128,4.362391738,-0.228379656,1.200000000,-0.495894556
1784881180.395238161,8.140000128,4.367741989,-0.232177394,1.200000000,-0.497611158
1784881180.405238152,8.150000128,4.373090849,-0.235979322,1.200000000,-0.499322604
1784881180.415238142,8.160000128,4.378438400,-0.239785322,1.200000000,-0.501028849
1784881180.425238132,8.170000128,4.383784727,-0.243595278,1.200000000,-0.502729850
1784881180.435238123,8.180000128,4.389129914,-0.247409073,1.200000000,-0.504425562
1784881180.445238113,8.190000128,4.394474042,-0.251226589,1.200000000,-0.506115942
1784881180.455238104,8.200000128,4.399817195,-0.255047708,1.200000000,-0.507800944
1784881180.465238094,8.210000128,4.405159456,-0.258872314,1.200000000,-0.509480525
1784881180.475238085,8.220000128,4.410500906,-0.262700289,1.200000000,-0.511154640
1784881180.485238075,8.230000128,4.415841627,-0.266531514,1.200000000,-0.512823246
1784881180.495238066,8.240000128,4.421181701,-0.270365872,1.200000000,-0.514486299
1784881180.505238295,8.250000128,4.426521207,-0.274203245,1.200000000,-0.516143753
1784881180.515238285,8.260000128,4.431860228,-0.278043515,1.200000000,-0.517795565
1784881180.525238276,8.270000128,4.437198842,-0.281886565,1.200000000,-0.519441691
1784881180.535238266,8.280000128,4.442537129,-0.285732276,1.200000000,-0.521082086
1784881180.545238256,8.290000128,4.447875169,-0.289580530,1.200000000,-0.522716707
1784881180.555238247,8.300000128,4.453213039,-0.293431209,1.200000000,-0.524345509
1784881180.565238237,8.310000128,4.458550818,-0.297284195,1.200000000,-0.525968447
1784881180.575238228,8.320000128,4.463888583,-0.301139369,1.200000000,-0.527585479
1784881180.585238218,8.330000128,4.469226411,-0.304996614,1.200000000,-0.529196559
1784881180.595238209,8.340000128,4.474564378,-0.308855812,1.200000000,-0.530801643
1784881180.605238199,8.350000128,4.479902560,-0.312716844,1.200000000,-0.532400688
1784881180.615238190,8.360000128,4.485241031,-0.316579592,1.200000000,-0.533993649
1784881180.625238180,8.370000128,4.490579866,-0.320443938,1.200000000,-0.535580482
1784881180.635238171,8.380000128,4.495919138,-0.324309764,1.200000000,-0.537161142
1784881180.645238161,8.390000128,4.501258921,-0.328176952,1.200000000,-0.538735586
1784881180.655238152,8.400000128,4.506599286,-0.332045384,1.200000000,-0.540303769
1784881180.665238142,8.410000128,4.511940305,-0.335914941,1.200000000,-0.541865647
1784881180.675238132,8.420000128,4.517282049,-0.339785506,1.200000000,-0.543421176
1784881180.685238123,8.430000128,4.522624588,-0.343656962,1.200000000,-0.544970312
1784881180.695238113,8.440000128,4.527967990,-0.347529190,1.200000000,-0.546513011
1784881180.705238104,8.450000128,4.533312324,-0.351402072,1.200000000,-0.548049228
1784881180.715238094,8.460000128,4.538657657,-0.355275491,1.200000000,-0.549578919
1784881180.725238085,8.470000128,4.544004057,-0.359149329,1.200000000,-0.551102040
1784881180.735238075,8.480000128,4.549351589,-0.363023469,1.200000000,-0.552618548
1784881180.745238066,8.490000128,4.554700317,-0.366897793,1.200000000,-0.554128396
1784881180.755238295,8.500000128,4.560050306,-0.370772185,1.200000000,-0.555631543
1784881180.765238285,8.510000128,4.565401619,-0.374646526,1.200000000,-0.557127942
1784881180.775238276,8.520000128,4.570754318,-0.378520700,1.200000000,-0.558617551
1784881180.785238266,8.530000128,4.576108465,-0.382394590,1.200000000,-0.560100325
1784881180.795238256,8.540000128,4.581464119,-0.386268079,1.200000000,-0.561576219
1784881180.805238247,8.550000128,4.586821340,-0.390141050,1.200000000,-0.563045190
1784881180.815238237,8.560000128,4.592180185,-0.394013388,1.200000000,-0.564507194
1784881180.825238228,8.570000128,4.597540714,-0.397884974,1.200000000,-0.565962186
1784881180.835238218,8.580000128,4.602902981,-0.401755694,1.200000000,-0.567410121
1784881180.845238209,8.590000128,4.608267041,-0.405625431,1.200000000,-0.568850957
1784881180.855238199,8.600000128,4.613632950,-0.409494069,1.200000000,-0.570284648
1784881180.865238190,8.610000128,4.619000761,-0.413361492,1.200000000,-0.571711151
1784881180.875238180,8.620000128,4.624370524,-0.417227584,1.200000000,-0.573130421
1784881180.885238171,8.630000128,4.629742292,-0.421092232,1.200000000,-0.574542415
1784881180.895238161,8.640000128,4.635116114,-0.424955318,1.200000000,-0.575947087
1784881180.905238152,8.650000128,4.640492038,-0.428816728,1.200000000,-0.577344394
1784881180.915238142,8.660000128,4.645870113,-0.432676347,1.200000000,-0.578734291
1784881180.925238132,8.670000128,4.651250386,-0.436534060,1.200000000,-0.580116735
1784881180.935238123,8.680000128,4.656632900,-0.440389753,1.200000000,-0.581491682
1784881180.945238113,8.690000128,4.662017701,-0.444243312,1.200000000,-0.582859086
1784881180.955238104,8.700000128,4.667404832,-0.448094622,1.200000000,-0.584218904
1784881180.965238094,8.710000128,4.672794334,-0.451943570,1.200000000,-0.585571092
1784881180.975238085,8.720000128,4.678186248,-0.455790042,1.200000000,-0.586915605
1784881180.985238075,8.730000128,4.683580613,-0.459633924,1.200000000,-0.588252400
1784881180.995238066,8.740000128,4.688977468,-0.463475104,1.200000000,-0.589581432
1784881181.005238295,8.750000128,4.694376850,-0.467313468,1.200000000,-0.590902657
1784881181.015238285,8.760000128,4.699778795,-0.471148904,1.200000000,-0.592216030
1784881181.025238276,8.770000128,4.705183337,-0.474981299,1.200000000,-0.593521508
1784881181.035238266,8.780000128,4.710590509,-0.478810540,1.200000000,-0.594819047
1784881181.045238256,8.790000128,4.716000344,-0.482636517,1.200000000,-0.596108602
1784881181.055238247,8.800000128,4.721412872,-0.486459117,1.200000000,-0.597390129
1784881181.065238237,8.810000128,4.726828124,-0.490278228,1.200000000,-0.598663583
1784881181.075238228,8.820000128,4.732246126,-0.494093740,1.200000000,-0.599928922
1784881181.085238218,8.830000128,4.737666908,-0.497905541,1.200000000,-0.601186099
1784881181.095238209,8.840000128,4.743090493,-0.501713520,1.200000000,-0.602435073
1784881181.105238199,8.850000128,4.748516907,-0.505517568,1.200000000,-0.603675797
1784881181.115238190,8.860000128,4.753946173,-0.509317573,1.200000000,-0.604908228
1784881181.125238180,8.870000128,4.759378312,-0.513113426,1.200000000,-0.606132322
1784881181.135238171,8.880000128,4.764813346,-0.516905018,1.200000000,-0.607348035
1784881181.145238161,8.890000128,4.770251294,-0.520692239,1.200000000,-0.608555322
1784881181.155238152,8.900000128,4.775692173,-0.524474979,1.200000000,-0.609754140
1784881181.165238142,8.910000128,4.781136001,-0.528253130,1.200000000,-0.610944443
1784881181.175238132,8.920000128,4.786582793,-0.532026583,1.200000000,-0.612126188
1784881181.185238123,8.930000128,4.792032563,-0.535795231,1.200000000,-0.613299331
1784881181.195238113,8.940000128,4.797485324,-0.539558965,1.200000000,-0.614463828
1784881181.205238104,8.950000128,4.802941088,-0.543317676,1.200000000,-0.615619633
1784881181.215238094,8.960000128,4.808399864,-0.547071259,1.200000000,-0.616766704
1784881181.225238085,8.970000128,4.813861662,-0.550819606,1.200000000,-0.617904996
1784881181.235238075,8.980000128,4.819326489,-0.554562610,1.200000000,-0.619034465
1784881181.245238066,8.990000128,4.824794352,-0.558300164,1.200000000,-0.620155066
1784881181.255238295,9.000000128,4.830265256,-0.562032162,1.200000000,-0.621266756
1784881181.265238285,9.010000128,4.835739205,-0.565758499,1.200000000,-0.622369489
1784881181.275238276,9.020000128,4.841216200,-0.569479068,1.200000000,-0.623463223
1784881181.285238266,9.030000128,4.846696244,-0.573193764,1.200000000,-0.624547913
1784881181.295238256,9.040000128,4.852179336,-0.576902483,1.200000000,-0.625623515
1784881181.305238247,9.050000128,4.857665476,-0.580605119,1.200000000,-0.626689984
1784881181.315238237,9.060000128,4.863154659,-0.584301567,1.200000000,-0.627747276
1784881181.325238228,9.070000128,4.868646883,-0.587991725,1.200000000,-0.628795347
1784881181.335238218,9.080000128,4.874142143,-0.591675487,1.200000000,-0.629834154
1784881181.345238209,9.090000128,4.879640432,-0.595352751,1.200000000,-0.630863651
1784881181.355238199,9.100000128,4.885141742,-0.599023412,1.200000000,-0.631883795
1784881181.365238190,9.110000128,4.890646065,-0.602687369,1.200000000,-0.632894541
1784881181.375238180,9.120000128,4.896153391,-0.606344518,1.200000000,-0.633895845
1784881181.385238171,9.130000128,4.901663709,-0.609994756,1.200000000,-0.634887617
1784881181.395238161,9.140000128,4.907177006,-0.613637983,1.200000000,-0.635869614
1784881181.405238152,9.150000128,4.912693268,-0.617274096,1.200000000,-0.636841564
1784881181.415238142,9.160000128,4.918212482,-0.620902993,1.200000000,-0.637803196
1784881181.425238132,9.170000128,4.923734631,-0.624524573,1.200000000,-0.638754239
1784881181.435238123,9.180000128,4.929259697,-0.628138735,1.200000000,-0.639694419
1784881181.445238113,9.190000128,4.934787664,-0.631745380,1.200000000,-0.640623467
1784881181.455238104,9.200000128,4.940318511,-0.635344405,1.200000000,-0.641541109
1784881181.465238094,9.210000128,4.945852219,-0.638935712,1.200000000,-0.642447075
1784881181.475238085,9.220000128,4.951388765,-0.642519201,1.200000000,-0.643341092
1784881181.485238075,9.230000128,4.956928127,-0.646094771,1.200000000,-0.644222889
1784881181.495238066,9.240000128,4.962470283,-0.649662324,1.200000000,-0.645092194
1784881181.505238295,9.250000128,4.968015206,-0.653221761,1.200000000,-0.645948735
1784881181.515238285,9.260000128,4.973562871,-0.656772982,1.200000000,-0.646792241
1784881181.525238276,9.270000128,4.979113253,-0.660315891,1.200000000,-0.647622439
1784881181.535238266,9.280000128,4.984666322,-0.663850388,1.200000000,-0.648439059
1784881181.545238256,9.290000128,4.990222051,-0.667376375,1.200000000,-0.649241828
1784881181.555238247,9.300000128,4.995780410,-0.670893756,1.200000000,-0.650030475
1784881181.565238237,9.310000128,5.001341368,-0.674402432,1.200000000,-0.650804728
1784881181.575238228,9.320000128,5.006904895,-0.677902307,1.200000000,-0.651564315
1784881181.585238218,9.330000128,5.012470957,-0.681393283,1.200000000,-0.652308964
1784881181.595238209,9.340000128,5.018039522,-0.684875265,1.200000000,-0.653038404
1784881181.605238199,9.350000128,5.023610557,-0.688348155,1.200000000,-0.653752364
1784881181.615238190,9.360000128,5.029184025,-0.691811858,1.200000000,-0.654450570
1784881181.625238180,9.370000128,5.034759891,-0.695266278,1.200000000,-0.655132752
1784881181.635238171,9.380000128,5.040338120,-0.698711319,1.200000000,-0.655798638
1784881181.645238161,9.390000128,5.045918674,-0.702146885,1.200000000,-0.656447956
1784881181.655238152,9.400000128,5.051501515,-0.705572883,1.200000000,-0.657080435
1784881181.665238142,9.410000128,5.057086605,-0.708989215,1.200000000,-0.657695802
1784881181.675238132,9.420000128,5.062673904,-0.712395789,1.200000000,-0.658293786
1784881181.685238123,9.430000128,5.068263372,-0.715792509,1.200000000,-0.658874115
1784881181.695238113,9.440000128,5.073854970,-0.719179282,1.200000000,-0.659436518
1784881181.705238104,9.450000128,5.079448655,-0.722556012,1.200000000,-0.659980723
1784881181.715238094,9.460000128,5.085044387,-0.725922607,1.200000000,-0.660506457
1784881181.725238085,9.470000128,5.090642122,-0.729278972,1.200000000,-0.661013450
1784881181.735238075,9.480000128,5.096241818,-0.732625014,1.200000000,-0.661501429
1784881181.745238066,9.490000128,5.101843432,-0.735960639,1.200000000,-0.661970123
1784881181.755238295,9.500000128,5.107446920,-0.739285756,1.200000000,-0.662419261
1784881181.765238285,9.510000128,5.113052237,-0.742600270,1.200000000,-0.662848569
1784881181.775238276,9.520000128,5.118659339,-0.745904090,1.200000000,-0.663257778
1784881181.785238266,9.530000128,5.124268181,-0.749197122,1.200000000,-0.663646614
1784881181.795238256,9.540000128,5.129878717,-0.752479274,1.200000000,-0.664014806
1784881181.805238247,9.550000128,5.135490901,-0.755750454,1.200000000,-0.664362083
1784881181.815238237,9.560000128,5.141104687,-0.759010569,1.200000000,-0.664688173
1784881181.825238228,9.570000128,5.146720030,-0.762259529,1.200000000,-0.664992803
1784881181.835238218,9.580000128,5.152336880,-0.765497242,1.200000000,-0.665275703
1784881181.845238209,9.590000128,5.157955193,-0.768723615,1.200000000,-0.665536601
1784881181.855238199,9.600000128,5.163574921,-0.771938557,1.200000000,-0.665775224
1784881181.865238190,9.610000128,5.169196016,-0.775141978,1.200000000,-0.665991301
1784881181.875238180,9.620000128,5.174818430,-0.778333785,1.200000000,-0.666184561
1784881181.885238171,9.630000128,5.180442117,-0.781513889,1.200000000,-0.666354731
1784881181.895238161,9.640000128,5.186067027,-0.784682197,1.200000000,-0.666501540
1784881181.905238152,9.650000128,5.191693114,-0.787838620,1.200000000,-0.666624717
1784881181.915238142,9.660000128,5.197320329,-0.790983067,1.200000000,-0.666723989
1784881181.925238132,9.670000128,5.202948624,-0.794115447,1.200000000,-0.666799084
1784881181.935238123,9.680000128,5.208577952,-0.797235669,1.200000000,-0.666849732
1784881181.945238113,9.690000128,5.214208264,-0.800343645,1.200000000,-0.666875660
1784881181.955238104,9.700000128,5.219839513,-0.803439283,1.200000000,-0.666876596
1784881181.965238094,9.710000128,5.225471650,-0.806522493,1.200000000,-0.666852270
1784881181.975238085,9.720000128,5.231104628,-0.809593186,1.200000000,-0.666802408
1784881181.985238075,9.730000128,5.236738400,-0.812651271,1.200000000,-0.666726739
1784881181.995238066,9.740000128,5.242372918,-0.815696659,1.200000000,-0.666624993
1784881182.005238295,9.750000128,5.248008135,-0.818729261,1.200000000,-0.666496896
1784881182.015238285,9.760000128,5.253644003,-0.821748986,1.200000000,-0.666342177
1784881182.025238276,9.770000128,5.259280477,-0.824755745,1.200000000,-0.666160565
1784881182.035238266,9.780000128,5.264917510,-0.827749448,1.200000000,-0.665951788
1784881182.045238256,9.790000128,5.270555056,-0.830730007,1.200000000,-0.665715573
1784881182.055238247,9.800000128,5.276193068,-0.833697332,1.200000000,-0.665451650
1784881182.065238237,9.810000128,5.281831503,-0.836651334,1.200000000,-0.665159746
1784881182.075238228,9.820000128,5.287470313,-0.839591923,1.200000000,-0.664839590
1784881182.085238218,9.830000128,5.293109456,-0.842519011,1.200000000,-0.664490910
1784881182.095238209,9.840000128,5.298748886,-0.845432508,1.200000000,-0.664113435
1784881182.105238199,9.850000128,5.304388561,-0.848332326,1.200000000,-0.663706892
1784881182.115238190,9.860000128,5.310028436,-0.851218375,1.200000000,-0.663271010
1784881182.125238180,9.870000128,5.315668470,-0.854090567,1.200000000,-0.662805517
1784881182.135238171,9.880000128,5.321308620,-0.856948813,1.200000000,-0.662310141
1784881182.145238161,9.890000128,5.326948844,-0.859793023,1.200000000,-0.661784612
1784881182.155238152,9.900000128,5.332589102,-0.862623111,1.200000000,-0.661228656
1784881182.165238142,9.910000128,5.338229354,-0.865438985,1.200000000,-0.660642002
1784881182.175238132,9.920000128,5.343869559,-0.868240559,1.200000000,-0.660024379
1784881182.185238123,9.930000128,5.349509678,-0.871027743,1.200000000,-0.659375515
1784881182.195238113,9.940000128,5.355149674,-0.873800449,1.200000000,-0.658695138
1784881182.205238104,9.950000128,5.360789509,-0.876558587,1.200000000,-0.657982976
1784881182.215238094,9.960000128,5.366429146,-0.879302071,1.200000000,-0.657238758
1784881182.225238085,9.970000128,5.372068549,-0.882030810,1.200000000,-0.656462212
1784881182.235238075,9.980000128,5.377707682,-0.884744718,1.200000000,-0.655653066
1784881182.245238066,9.990000128,5.383346512,-0.887443704,1.200000000,-0.654811048
1784881182.255238295,10.000000128,5.388985004,-0.890127681,1.200000000,-0.653935887
1784881182.265238285,10.010000128,5.394623127,-0.892796560,1.200000000,-0.653027311
1784881182.275238276,10.020000128,5.400260847,-0.895450254,1.200000000,-0.652085048
1784881182.285238266,10.030000128,5.405898135,-0.898088673,1.200000000,-0.651108826
1784881182.295238256,10.040000128,5.411534960,-0.900711729,1.200000000,-0.650098375
1784881182.305238247,10.050000128,5.417171293,-0.903319334,1.200000000,-0.649053421
1784881182.315238237,10.060000128,5.422807106,-0.905911400,1.200000000,-0.647973694
1784881182.325238228,10.070000128,5.428442372,-0.908487838,1.200000000,-0.646858921
1784881182.335238218,10.080000128,5.434077065,-0.911048560,1.200000000,-0.645708832
1784881182.345238209,10.090000128,5.439711160,-0.913593478,1.200000000,-0.644523153
1784881182.355238199,10.100000128,5.445344633,-0.916122504,1.200000000,-0.643301614
1784881182.365238190,10.110000128,5.450977461,-0.918635549,1.200000000,-0.642043942
1784881182.375238180,10.120000128,5.456609623,-0.921132525,1.200000000,-0.640749867
1784881182.385238171,10.130000128,5.462241097,-0.923613345,1.200000000,-0.639419115
1784881182.395238161,10.140000128,5.467871863,-0.926077920,1.200000000,-0.638051416
1784881182.405238152,10.150000128,5.473501905,-0.928526162,1.200000000,-0.636646498
1784881182.415238142,10.160000128,5.479131203,-0.930957982,1.200000000,-0.635204089
1784881182.425238132,10.170000128,5.484759743,-0.933373294,1.200000000,-0.633723917
1784881182.435238123,10.180000128,5.490387508,-0.935772008,1.200000000,-0.632205711
1784881182.445238113,10.190000128,5.496014486,-0.938154038,1.200000000,-0.630649199
1784881182.455238104,10.200000128,5.501640664,-0.940519294,1.200000000,-0.629054109
1784881182.465238094,10.210000128,5.507266031,-0.942867689,1.200000000,-0.627420169
1784881182.475238085,10.220000128,5.512890575,-0.945199136,1.200000000,-0.625747108
1784881182.485238075,10.230000128,5.518514290,-0.947513547,1.200000000,-0.624034653
1784881182.495238066,10.240000128,5.524137167,-0.949810833,1.200000000,-0.622282535
1784881182.505238295,10.250000128,5.529759200,-0.952090907,1.200000000,-0.620490479
1784881182.515238285,10.260000128,5.535380383,-0.954353681,1.200000000,-0.618658215
1784881182.525238276,10.270000128,5.541000714,-0.956599069,1.200000000,-0.616785472
1784881182.535238266,10.280000128,5.546620190,-0.958826982,1.200000000,-0.614871976
1784881182.545238256,10.290000128,5.552238810,-0.961037333,1.200000000,-0.612917457
1784881182.555238247,10.300000128,5.557856574,-0.963230034,1.200000000,-0.610921643
1784881182.565238237,10.310000128,5.563473483,-0.965404999,1.200000000,-0.608884262
1784881182.575238228,10.320000128,5.569089542,-0.967562139,1.200000000,-0.606805043
1784881182.585238218,10.330000128,5.574704753,-0.969701369,1.200000000,-0.604683713
1784881182.595238209,10.340000128,5.580319123,-0.971822601,1.200000000,-0.602520001
1784881182.605238199,10.350000128,5.585932658,-0.973925748,1.200000000,-0.600313635
1784881182.615238190,10.360000128,5.591545368,-0.976010723,1.200000000,-0.598064344
1784881182.625238180,10.370000128,5.597157261,-0.978077440,1.200000000,-0.595771856
1784881182.635238171,10.380000128,5.602768349,-0.980125812,1.200000000,-0.593435898
1784881182.645238161,10.390000128,5.608378644,-0.982155752,1.200000000,-0.591056200
1784881182.655238152,10.400000128,5.613988160,-0.984167175,1.200000000,-0.588632490
1784881182.665238142,10.410000128,5.619596912,-0.986159994,1.200000000,-0.586164495
1784881182.675238132,10.420000128,5.625204917,-0.988134123,1.200000000,-0.583651944
1784881182.685238123,10.430000128,5.630812192,-0.990089477,1.200000000,-0.581094566
1784881182.695238113,10.440000128,5.636418758,-0.992025969,1.200000000,-0.578492088
1784881182.705238104,10.450000128,5.642024633,-0.993943514,1.200000000,-0.575844239
1784881182.715238094,10.460000128,5.647629841,-0.995842028,1.200000000,-0.573150749
1784881182.725238085,10.470000128,5.653234405,-0.997721424,1.200000000,-0.570411549
1784881182.735238075,10.480000128,5.658838349,-0.999581618,1.200000000,-0.567627057
1784881182.745238066,10.490000128,5.664441699,-1.001422525,1.200000000,-0.564797758
1784881182.755238295,10.500000128,5.670044483,-1.003244061,1.200000000,-0.561924138
1784881182.765238285,10.510000128,5.675646729,-1.005046142,1.200000000,-0.559006682
1784881182.775238276,10.520000128,5.681248468,-1.006828684,1.200000000,-0.556045878
1784881182.785238266,10.530000128,5.686849730,-1.008591602,1.200000000,-0.553042210
1784881182.795238256,10.540000128,5.692450548,-1.010334814,1.200000000,-0.549996164
1784881182.805238247,10.550000128,5.698050956,-1.012058236,1.200000000,-0.546908226
1784881182.815238237,10.560000128,5.703650989,-1.013761786,1.200000000,-0.543778882
1784881182.825238228,10.570000128,5.709250683,-1.015445381,1.200000000,-0.540608617
1784881182.835238218,10.580000128,5.714850076,-1.017108938,1.200000000,-0.537397918
1784881182.845238209,10.590000128,5.720449207,-1.018752377,1.200000000,-0.534147271
1784881182.855238199,10.600000128,5.726048116,-1.020375615,1.200000000,-0.530857161
1784881182.865238190,10.610000128,5.731646844,-1.021978571,1.200000000,-0.527528073
1784881182.875238180,10.620000128,5.737245433,-1.023561164,1.200000000,-0.524160495
1784881182.885238171,10.630000128,5.742843927,-1.025123315,1.200000000,-0.520754911
1784881182.895238161,10.640000128,5.748442371,-1.026664943,1.200000000,-0.517311807
1784881182.905238152,10.650000128,5.754040811,-1.028185968,1.200000000,-0.513831670
1784881182.915238142,10.660000128,5.759639293,-1.029686311,1.200000000,-0.510314984
1784881182.925238132,10.670000128,5.765237865,-1.031165894,1.200000000,-0.506762237
1784881182.935238123,10.680000128,5.770836578,-1.032624638,1.200000000,-0.503173913
1784881182.945238113,10.690000128,5.776435480,-1.034062466,1.200000000,-0.499550499
1784881182.955238104,10.700000128,5.782034623,-1.035479300,1.200000000,-0.495892480
1784881182.965238094,10.710000128,5.787634059,-1.036875064,1.200000000,-0.492200342
1784881182.975238085,10.720000128,5.793233841,-1.038249681,1.200000000,-0.488474571
1784881182.985238075,10.730000128,5.798834024,-1.039603076,1.200000000,-0.484715652
1784881182.995238066,10.740000128,5.804434662,-1.040935173,1.200000000,-0.480924073
1784881183.005238295,10.750000128,5.810035812,-1.042245898,1.200000000,-0.477100318
1784881183.015238285,10.760000128,5.815637530,-1.043535176,1.200000000,-0.473244872
1784881183.025238276,10.770000128,5.821239874,-1.044802935,1.200000000,-0.469358223
1784881183.035238266,10.780000128,5.826842902,-1.046049102,1.200000000,-0.465440856
1784881183.045238256,10.790000128,5.832446674,-1.047273605,1.200000000,-0.461493257
1784881183.055238247,10.800000128,5.838051250,-1.048476371,1.200000000,-0.457515910
1784881183.065238237,10.810000128,5.843656691,-1.049657331,1.200000000,-0.453509304
1784881183.075238228,10.820000128,5.849263058,-1.050816414,1.200000000,-0.449473922
1784881183.085238218,10.830000128,5.854870413,-1.051953550,1.200000000,-0.445410251
1784881183.095238209,10.840000128,5.860478821,-1.053068672,1.200000000,-0.441318777
1784881183.105238199,10.850000128,5.866088343,-1.054161711,1.200000000,-0.437199985
1784881183.115238190,10.860000128,5.871699045,-1.055232599,1.200000000,-0.433054362
1784881183.125238180,10.870000128,5.877310991,-1.056281271,1.200000000,-0.428882393
1784881183.135238171,10.880000128,5.882924246,-1.057307661,1.200000000,-0.424684564
1784881183.145238161,10.890000128,5.888538877,-1.058311703,1.200000000,-0.420461361
1784881183.155238152,10.900000128,5.894154950,-1.059293335,1.200000000,-0.416213269
1784881183.165238142,10.910000128,5.899772530,-1.060252492,1.200000000,-0.411940775
1784881183.175238132,10.920000128,5.905391687,-1.061189113,1.200000000,-0.407644364
1784881183.185238123,10.930000128,5.911012487,-1.062103135,1.200000000,-0.403324522
1784881183.195238113,10.940000128,5.916634998,-1.062994500,1.200000000,-0.398981735
1784881183.205238104,10.950000128,5.922259289,-1.063863146,1.200000000,-0.394616489
1784881183.215238094,10.960000128,5.927885428,-1.064709015,1.200000000,-0.390229269
1784881183.225238085,10.970000128,5.933513484,-1.065532049,1.200000000,-0.385820562
1784881183.235238075,10.980000128,5.939143526,-1.066332193,1.200000000,-0.381390852
1784881183.245238066,10.990000128,5.944775623,-1.067109389,1.200000000,-0.376940627
1784881183.255238295,11.000000128,5.950409846,-1.067863583,1.200000000,-0.372470372
1784881183.265238285,11.010000128,5.956046264,-1.068594722,1.200000000,-0.367980572
1784881183.275238276,11.020000128,5.961684945,-1.069302752,1.200000000,-0.363471713
1784881183.285238266,11.030000128,5.967325961,-1.069987622,1.200000000,-0.358944282
1784881183.295238256,11.040000128,5.972969381,-1.070649282,1.200000000,-0.354398764
1784881183.305238247,11.050000128,5.978615274,-1.071287681,1.200000000,-0.349835644
1784881183.315238237,11.060000128,5.984263712,-1.071902772,1.200000000,-0.345255410
1784881183.325238228,11.070000128,5.989914762,-1.072494508,1.200000000,-0.340658545
1784881183.335238218,11.080000128,5.995568495,-1.073062841,1.200000000,-0.336045537
1784881183.345238209,11.090000128,6.001224981,-1.073607727,1.200000000,-0.331416872
1784881183.355238199,11.100000128,6.006884288,-1.074129123,1.200000000,-0.326773034
1784881183.365238190,11.110000128,6.012546486,-1.074626986,1.200000000,-0.322114510
1784881183.375238180,11.120000128,6.018211644,-1.075101274,1.200000000,-0.317441785
1784881183.385238171,11.130000128,6.023879830,-1.075551947,1.200000000,-0.312755346
1784881183.395238161,11.140000128,6.029551112,-1.075978967,1.200000000,-0.308055678
1784881183.405238152,11.150000128,6.035225559,-1.076382296,1.200000000,-0.303343267
1784881183.415238142,11.160000128,6.040903237,-1.076761897,1.200000000,-0.298618599
1784881183.425238132,11.170000128,6.046584215,-1.077117736,1.200000000,-0.293882160
1784881183.435238123,11.180000128,6.052268558,-1.077449778,1.200000000,-0.289134435
1784881183.445238113,11.190000128,6.057956333,-1.077757992,1.200000000,-0.284375910
1784881183.455238104,11.200000128,6.063647606,-1.078042346,1.200000000,-0.279607072
1784881183.465238094,11.210000128,6.069342442,-1.078302810,1.200000000,-0.274828405
1784881183.475238085,11.220000128,6.075040905,-1.078539357,1.200000000,-0.270040396
1784881183.485238075,11.230000128,6.080743059,-1.078751959,1.200000000,-0.265243531
1784881183.495238066,11.240000128,6.086448967,-1.078940592,1.200000000,-0.260438295
1784881183.505238295,11.250000128,6.092158693,-1.079105230,1.200000000,-0.255625174
1784881183.515238285,11.260000128,6.097872297,-1.079245851,1.200000000,-0.250804654
1784881183.525238276,11.270000128,6.103589842,-1.079362435,1.200000000,-0.245977221
1784881183.535238266,11.280000128,6.109311386,-1.079454961,1.200000000,-0.241143361
1784881183.545238256,11.290000128,6.115036991,-1.079523412,1.200000000,-0.236303559
1784881183.555238247,11.300000128,6.120766713,-1.079567770,1.200000000,-0.231458301
1784881183.565238237,11.310000128,6.126500612,-1.079588020,1.200000000,-0.226608074
1784881183.575238228,11.320000128,6.132238744,-1.079584149,1.200000000,-0.221753362
1784881183.585238218,11.330000128,6.137981165,-1.079556145,1.200000000,-0.216894652
1784881183.595238209,11.340000128,6.143727929,-1.079503998,1.200000000,-0.212032429
1784881183.605238199,11.350000128,6.149479090,-1.079427697,1.200000000,-0.207167180
1784881183.615238190,11.360000128,6.155234702,-1.079327237,1.200000000,-0.202299390
1784881183.625238180,11.370000128,6.160994816,-1.079202610,1.200000000,-0.197429545
1784881183.635238171,11.380000128,6.166759483,-1.079053814,1.200000000,-0.192558131
1784881183.645238161,11.390000128,6.172528751,-1.078880845,1.200000000,-0.187685633
1784881183.655238152,11.400000128,6.178302670,-1.078683703,1.200000000,-0.182812538
1784881183.665238142,11.410000128,6.184081287,-1.078462388,1.200000000,-0.177939331
1784881183.675238132,11.420000128,6.189864646,-1.078216903,1.200000000,-0.173066498
1784881183.685238123,11.430000128,6.195652794,-1.077947252,1.200000000,-0.168194525
1784881183.695238113,11.440000128,6.201445772,-1.077653441,1.200000000,-0.163323898
1784881183.705238104,11.450000128,6.207243624,-1.077335477,1.200000000,-0.158455102
1784881183.715238094,11.460000128,6.213046389,-1.076993369,1.200000000,-0.153588623
1784881183.725238085,11.470000128,6.218854107,-1.076627129,1.200000000,-0.148724948
1784881183.735238075,11.480000128,6.224666816,-1.076236770,1.200000000,-0.143864561
1784881183.745238066,11.490000128,6.230484553,-1.075822304,1.200000000,-0.139007950
1784881183.755238295,11.500000128,6.236307351,-1.075383750,1.200000000,-0.134155599
1784881183.765238285,11.510000128,6.242135244,-1.074921124,1.200000000,-0.129307994
1784881183.775238276,11.520000128,6.247968265,-1.074434446,1.200000000,-0.124465621
1784881183.785238266,11.530000128,6.253806444,-1.073923738,1.200000000,-0.119628967
1784881183.795238256,11.540000128,6.259649810,-1.073389023,1.200000000,-0.114798516
1784881183.805238247,11.550000128,6.265498389,-1.072830326,1.200000000,-0.109974755
1784881183.815238237,11.560000128,6.271352208,-1.072247674,1.200000000,-0.105158170
1784881183.825238228,11.570000128,6.277211290,-1.071641096,1.200000000,-0.100349245
1784881183.835238218,11.580000128,6.283075658,-1.071010621,1.200000000,-0.095548468
1784881183.845238209,11.590000128,6.288945333,-1.070356283,1.200000000,-0.090756324
1784881183.855238199,11.600000128,6.294820333,-1.069678115,1.200000000,-0.085973298
1784881183.865238190,11.610000128,6.300700676,-1.068976154,1.200000000,-0.081199877
1784881183.875238180,11.620000128,6.306586376,-1.068250437,1.200000000,-0.076436547
1784881183.885238171,11.630000128,6.312477449,-1.067501003,1.200000000,-0.071683793
1784881183.895238161,11.640000128,6.318373906,-1.066727895,1.200000000,-0.066942100
1784881183.905238152,11.650000128,6.324275756,-1.065931155,1.200000000,-0.062211956
1784881183.915238142,11.660000128,6.330183009,-1.065110829,1.200000000,-0.057493845
1784881183.925238132,11.670000128,6.336095671,-1.064266963,1.200000000,-0.052788253
1784881183.935238123,11.680000128,6.342013747,-1.063399608,1.200000000,-0.048095667
1784881183.945238113,11.690000128,6.347937238,-1.062508813,1.200000000,-0.043416572
1784881183.955238104,11.700000128,6.353866147,-1.061594631,1.200000000,-0.038751454
1784881183.965238094,11.710000128,6.359800472,-1.060657116,1.200000000,-0.034100798
1784881183.975238085,11.720000128,6.365740210,-1.059696326,1.200000000,-0.029465091
1784881183.985238075,11.730000128,6.371685357,-1.058712318,1.200000000,-0.024844818
1784881183.995238066,11.740000128,6.377635906,-1.057705152,1.200000000,-0.020240466
1784881184.005238295,11.750000128,6.383591847,-1.056674890,1.200000000,-0.015652520
1784881184.015238285,11.760000128,6.389553172,-1.055621597,1.200000000,-0.011081465
1784881184.025238276,11.770000128,6.395519865,-1.054545337,1.200000000,-0.006527788
1784881184.035238266,11.780000128,6.401491914,-1.053446179,1.200000000,-0.001991974
1784881184.045238256,11.790000128,6.407469302,-1.052324192,1.200000000,0.002525490
1784881184.055238247,11.800000128,6.413452010,-1.051179447,1.200000000,0.007024120
1784881184.065238237,11.810000128,6.419440017,-1.050012018,1.200000000,0.011503463
1784881184.075238228,11.820000128,6.425433301,-1.048821979,1.200000000,0.015963360
1784881184.085238218,11.830000128,6.431431837,-1.047609407,1.200000000,0.020403795
1784881184.095238209,11.840000128,6.437435599,-1.046374381,1.200000000,0.024824756
1784881184.105238199,11.850000128,6.443444559,-1.045116982,1.200000000,0.029226228
1784881184.115238190,11.860000128,6.449458684,-1.043837292,1.200000000,0.033608199
1784881184.125238180,11.870000128,6.455477944,-1.042535395,1.200000000,0.037970653
1784881184.135238171,11.880000128,6.461502303,-1.041211377,1.200000000,0.042313579
1784881184.145238161,11.890000128,6.467531725,-1.039865327,1.200000000,0.046636961
1784881184.155238152,11.900000128,6.473566171,-1.038497333,1.200000000,0.050940787
1784881184.165238142,11.910000128,6.479605600,-1.037107487,1.200000000,0.055225043
1784881184.175238132,11.920000128,6.485649970,-1.035695883,1.200000000,0.059489716
1784881184.185238123,11.930000128,6.491699235,-1.034262615,1.200000000,0.063734791
1784881184.195238113,11.940000128,6.497753350,-1.032807780,1.200000000,0.067960255
1784881184.205238104,11.950000128,6.503812265,-1.031331478,1.200000000,0.072166094
1784881184.215238094,11.960000128,6.509875930,-1.029833807,1.200000000,0.076352295
1784881184.225238085,11.970000128,6.515944292,-1.028314871,1.200000000,0.080518844
1784881184.235238075,11.980000128,6.522017297,-1.026774772,1.200000000,0.084665728
1784881184.245238066,11.990000128,6.528094887,-1.025213617,1.200000000,0.088792933
1784881184.255238295,12.000000128,6.534177005,-1.023631512,1.200000000,0.092900445
1784881184.265238285,12.010000128,6.540263589,-1.022028567,1.200000000,0.096988251
1784881184.275238276,12.020000128,6.546354577,-1.020404892,1.200000000,0.101056337
1784881184.285238266,12.030000128,6.552449905,-1.018760600,1.200000000,0.105104689
1784881184.295238256,12.040000128,6.558549507,-1.017095803,1.200000000,0.109133295
1784881184.305238247,12.050000128,6.564653314,-1.015410618,1.200000000,0.113142139
1784881184.315238237,12.060000128,6.570761256,-1.013705161,1.200000000,0.117131209
1784881184.325238228,12.070000128,6.576873261,-1.011979552,1.200000000,0.121100491
1784881184.335238218,12.080000128,6.582989255,-1.010233911,1.200000000,0.125049972
1784881184.345238209,12.090000128,6.589109162,-1.008468360,1.200000000,0.128979637
1784881184.355238199,12.100000128,6.595232906,-1.006683021,1.200000000,0.132889473
1784881184.365238190,12.110000128,6.601360405,-1.004878021,1.200000000,0.136779467
1784881184.375238180,12.120000128,6.607491581,-1.003053485,1.200000000,0.140649605
1784881184.385238171,12.130000128,6.613626348,-1.001209542,1.200000000,0.144499873
1784881184.395238161,12.140000128,6.619764623,-0.999346321,1.200000000,0.148330257
1784881184.405238152,12.150000128,6.625906319,-0.997463953,1.200000000,0.152140745
1784881184.415238142,12.160000128,6.632051348,-0.995562570,1.200000000,0.155931322
1784881184.425238132,12.170000128,6.638199619,-0.993642307,1.200000000,0.159701975
1784881184.435238123,12.180000128,6.644351042,-0.991703299,1.200000000,0.163452690
1784881184.445238113,12.190000128,6.650505523,-0.989745682,1.200000000,0.167183454
1784881184.455238104,12.200000128,6.656662967,-0.987769594,1.200000000,0.170894252
1784881184.465238094,12.210000128,6.662823277,-0.985775175,1.200000000,0.174585072
1784881184.475238085,12.220000128,6.668986355,-0.983762566,1.200000000,0.178255900
1784881184.485238075,12.230000128,6.675152102,-0.981731909,1.200000000,0.181906721
1784881184.495238066,12.240000128,6.681320416,-0.979683347,1.200000000,0.185537523
1784881184.505238295,12.250000128,6.687491193,-0.977617024,1.200000000,0.189148292
1784881184.515238285,12.260000128,6.693664331,-0.975533087,1.200000000,0.192739015
1784881184.525238276,12.270000128,6.699839722,-0.973431682,1.200000000,0.196309676
1784881184.535238266,12.280000128,6.706017260,-0.971312959,1.200000000,0.199860264
1784881184.545238256,12.290000128,6.712196836,-0.969177066,1.200000000,0.203390764
1784881184.555238247,12.300000128,6.718378339,-0.967024155,1.200000000,0.206901163
1784881184.565238237,12.310000128,6.724561658,-0.964854377,1.200000000,0.210391447
1784881184.575238228,12.320000128,6.730746680,-0.962667885,1.200000000,0.213861603
1784881184.585238218,12.330000128,6.736933291,-0.960464833,1.200000000,0.217311616
1784881184.595238209,12.340000128,6.743121374,-0.958245376,1.200000000,0.220741474
1784881184.605238199,12.350000128,6.749310814,-0.956009671,1.200000000,0.224151162
1784881184.615238190,12.360000128,6.755501492,-0.953757875,1.200000000,0.227540668
1784881184.625238180,12.370000128,6.761693288,-0.951490146,1.200000000,0.230909976
1784881184.635238171,12.380000128,6.767886082,-0.949206643,1.200000000,0.234259075
1784881184.645238161,12.390000128,6.774079753,-0.946907526,1.200000000,0.237587950
1784881184.655238152,12.400000128,6.780274177,-0.944592957,1.200000000,0.240896587
1784881184.665238142,12.410000128,6.786469231,-0.942263098,1.200000000,0.244184973
1784881184.675238132,12.420000128,6.792664789,-0.939918111,1.200000000,0.247453095
1784881184.685238123,12.430000128,6.798860725,-0.937558160,1.200000000,0.250700938
1784881184.695238113,12.440000128,6.805056913,-0.935183410,1.200000000,0.253928490
1784881184.705238104,12.450000128,6.811253224,-0.932794026,1.200000000,0.257135736
1784881184.715238094,12.460000128,6.817449529,-0.930390174,1.200000000,0.260322662
1784881184.725238085,12.470000128,6.823645697,-0.927972022,1.200000000,0.263489256
1784881184.735238075,12.480000128,6.829841599,-0.925539737,1.200000000,0.266635504
1784881184.745238066,12.490000128,6.836037103,-0.923093488,1.200000000,0.269761391
1784881184.755238295,12.500000128,6.842232075,-0.920633442,1.200000000,0.272866905
1784881184.765238285,12.510000128,6.848426383,-0.918159772,1.200000000,0.275952032
1784881184.775238276,12.520000128,6.854619893,-0.915672645,1.200000000,0.279016758
1784881184.785238266,12.530000128,6.860812469,-0.913172235,1.200000000,0.282061069
1784881184.795238256,12.540000128,6.867003975,-0.910658711,1.200000000,0.285084952
1784881184.805238247,12.550000128,6.873194277,-0.908132247,1.200000000,0.288088394
1784881184.815238237,12.560000128,6.879383237,-0.905593015,1.200000000,0.291071380
1784881184.825238228,12.570000128,6.885570717,-0.903041187,1.200000000,0.294033897
1784881184.835238218,12.580000128,6.891756579,-0.900476939,1.200000000,0.296975931
1784881184.845238209,12.590000128,6.897940685,-0.897900443,1.200000000,0.299897470
1784881184.855238199,12.600000128,6.904122896,-0.895311874,1.200000000,0.302798498
1784881184.865238190,12.610000128,6.910303073,-0.892711406,1.200000000,0.305679003
1784881184.875238180,12.620000128,6.916481074,-0.890099217,1.200000000,0.308538971
1784881184.885238171,12.630000128,6.922656761,-0.887475479,1.200000000,0.311378389
1784881184.895238161,12.640000128,6.928829992,-0.884840371,1.200000000,0.314197242
1784881184.905238152,12.650000128,6.935000626,-0.882194067,1.200000000,0.316995517
1784881184.915238142,12.660000128,6.941168522,-0.879536744,1.200000000,0.319773200
1784881184.925238132,12.670000128,6.947333539,-0.876868579,1.200000000,0.322530279
1784881184.935238123,12.680000128,6.953495534,-0.874189749,1.200000000,0.325266739
1784881184.945238113,12.690000128,6.959654365,-0.871500431,1.200000000,0.327982566
1784881184.955238104,12.700000128,6.965809891,-0.868800801,1.200000000,0.330677747
1784881184.965238094,12.710000128,6.971961969,-0.866091038,1.200000000,0.333352269
1784881184.975238085,12.720000128,6.978110457,-0.863371318,1.200000000,0.336006117
1784881184.985238075,12.730000128,6.984255212,-0.860641819,1.200000000,0.338639279
1784881184.995238066,12.740000128,6.990396091,-0.857902719,1.200000000,0.341251740
1784881185.005238295,12.750000128,6.996532954,-0.855154195,1.200000000,0.343843487
1784881185.015238285,12.760000128,7.002665656,-0.852396425,1.200000000,0.346414506
1784881185.025238276,12.770000128,7.008794055,-0.849629585,1.200000000,0.348964784
1784881185.035238266,12.780000128,7.014918011,-0.846853855,1.200000000,0.351494307
1784881185.045238256,12.790000128,7.021037380,-0.844069410,1.200000000,0.354003061
1784881185.055238247,12.800000128,7.027152020,-0.841276428,1.200000000,0.356491033
1784881185.065238237,12.810000128,7.033261791,-0.838475086,1.200000000,0.358958209
1784881185.075238228,12.820000128,7.039366551,-0.835665561,1.200000000,0.361404576
1784881185.085238218,12.830000128,7.045466158,-0.832848030,1.200000000,0.363830120
1784881185.095238209,12.840000128,7.051560472,-0.830022669,1.200000000,0.366234827
1784881185.105238199,12.850000128,7.057649353,-0.827189654,1.200000000,0.368618684
1784881185.115238190,12.860000128,7.063732660,-0.824349162,1.200000000,0.370981677
1784881185.125238180,12.870000128,7.069810254,-0.821501367,1.200000000,0.373323792
1784881185.135238171,12.880000128,7.075881996,-0.818646446,1.200000000,0.375645016
1784881185.145238161,12.890000128,7.081947748,-0.815784573,1.200000000,0.377945336
1784881185.155238152,12.900000128,7.088007370,-0.812915923,1.200000000,0.380224737
1784881185.165238142,12.910000128,7.094060727,-0.810040669,1.200000000,0.382483206
1784881185.175238132,12.920000128,7.100107680,-0.807158987,1.200000000,0.384720729
1784881185.185238123,12.930000128,7.106148093,-0.804271048,1.200000000,0.386937293
1784881185.195238113,12.940000128,7.112181831,-0.801377026,1.200000000,0.389132885
1784881185.205238104,12.950000128,7.118208759,-0.798477093,1.200000000,0.391307490
1784881185.215238094,12.960000128,7.124228743,-0.795571421,1.200000000,0.393461094
1784881185.225238085,12.970000128,7.130241648,-0.792660181,1.200000000,0.395593685
1784881185.235238075,12.980000128,7.136247343,-0.789743543,1.200000000,0.397705249
1784881185.245238066,12.990000128,7.142245695,-0.786821678,1.200000000,0.399795771
1784881185.255238295,13.000000128,7.148236574,-0.783894755,1.200000000,0.401865240
1784881185.265238285,13.010000128,7.154219848,-0.780962943,1.200000000,0.403913639
1784881185.275238276,13.020000128,7.160195390,-0.778026409,1.200000000,0.405940957
1784881185.285238266,13.030000128,7.166163070,-0.775085322,1.200000000,0.407947180
1784881185.295238256,13.040000128,7.172122761,-0.772139847,1.200000000,0.409932294
1784881185.305238247,13.050000128,7.178074336,-0.769190151,1.200000000,0.411896285
1784881185.315238237,13.060000128,7.184017672,-0.766236398,1.200000000,0.413839139
1784881185.325238228,13.070000128,7.189952642,-0.763278754,1.200000000,0.415760844
1784881185.335238218,13.080000128,7.195879123,-0.760317381,1.200000000,0.417661385
1784881185.345238209,13.090000128,7.201796995,-0.757352442,1.200000000,0.419540749
1784881185.355238199,13.100000128,7.207706135,-0.754384099,1.200000000,0.421398922
1784881185.365238190,13.110000128,7.213606424,-0.751412513,1.200000000,0.423235891
1784881185.375238180,13.120000128,7.219497743,-0.748437843,1.200000000,0.425051642
1784881185.385238171,13.130000128,7.225379975,-0.745460249,1.200000000,0.426846161
1784881185.395238161,13.140000128,7.231253004,-0.742479889,1.200000000,0.428619435
1784881185.405238152,13.150000128,7.237116714,-0.739496921,1.200000000,0.430371450
1784881185.415238142,13.160000128,7.242970993,-0.736511499,1.200000000,0.432102193
1784881185.425238132,13.170000128,7.248815727,-0.733523780,1.200000000,0.433811649
1784881185.435238123,13.180000128,7.254650806,-0.730533917,1.200000000,0.435499806
1784881185.445238113,13.190000128,7.260476120,-0.727542064,1.200000000,0.437166649
1784881185.455238104,13.200000128,7.266291562,-0.724548372,1.200000000,0.438812166
1784881185.465238094,13.210000128,7.272097023,-0.721552993,1.200000000,0.440436341
1784881185.475238085,13.220000128,7.277892400,-0.718556076,1.200000000,0.442039163
1784881185.485238075,13.230000128,7.283677588,-0.715557770,1.200000000,0.443620617
1784881185.495238066,13.240000128,7.289452484,-0.712558222,1.200000000,0.445180689
1784881185.505238295,13.250000128,7.295216989,-0.709557578,1.200000000,0.446719367
1784881185.515238285,13.260000128,7.300971001,-0.706555985,1.200000000,0.448236635
1784881185.525238276,13.270000128,7.306714425,-0.703553586,1.200000000,0.449732482
1784881185.535238266,13.280000128,7.312447162,-0.700550523,1.200000000,0.451206892
1784881185.545238256,13.290000128,7.318169120,-0.697546938,1.200000000,0.452659853
1784881185.555238247,13.300000128,7.323880204,-0.694542971,1.200000000,0.454091351
1784881185.565238237,13.310000128,7.329580323,-0.691538763,1.200000000,0.455501372
1784881185.575238228,13.320000128,7.335269388,-0.688534449,1.200000000,0.456889902
1784881185.585238218,13.330000128,7.340947309,-0.685530167,1.200000000,0.458256929
1784881185.595238209,13.340000128,7.346614001,-0.682526051,1.200000000,0.459602438
1784881185.605238199,13.350000128,7.352269380,-0.679522236,1.200000000,0.460926416
1784881185.615238190,13.360000128,7.357913361,-0.676518854,1.200000000,0.462228849
1784881185.625238180,13.370000128,7.363545863,-0.673516036,1.200000000,0.463509723
1784881185.635238171,13.380000128,7.369166807,-0.670513912,1.200000000,0.464769025
1784881185.645238161,13.390000128,7.374776114,-0.667512610,1.200000000,0.466006742
1784881185.655238152,13.400000128,7.380373709,-0.664512258,1.200000000,0.467222859
1784881185.665238142,13.410000128,7.385959517,-0.661512980,1.200000000,0.468417363
1784881185.675238132,13.420000128,7.391533466,-0.658514901,1.200000000,0.469590241
1784881185.685238123,13.430000128,7.397095484,-0.655518144,1.200000000,0.470741478
1784881185.695238113,13.440000128,7.402645503,-0.652522829,1.200000000,0.471871062
1784881185.705238104,13.450000128,7.408183455,-0.649529078,1.200000000,0.472978978
1784881185.715238094,13.460000128,7.413709275,-0.646537008,1.200000000,0.474065213
1784881185.725238085,13.470000128,7.419222900,-0.643546736,1.200000000,0.475129754
1784881185.735238075,13.480000128,7.424724266,-0.640558378,1.200000000,0.476172586
1784881185.745238066,13.490000128,7.430213316,-0.637572048,1.200000000,0.477193696
1784881185.755238295,13.500000128,7.435689989,-0.634587857,1.200000000,0.478193071
1784881185.765238285,13.510000128,7.441154231,-0.631605918,1.200000000,0.479170696
1784881185.775238276,13.520000128,7.446605987,-0.628626340,1.200000000,0.480126559
1784881185.785238266,13.530000128,7.452045203,-0.625649230,1.200000000,0.481060646
1784881185.795238256,13.540000128,7.457471830,-0.622674696,1.200000000,0.481972942
1784881185.805238247,13.550000128,7.462885819,-0.619702841,1.200000000,0.482863435
1784881185.815238237,13.560000128,7.468287122,-0.616733771,1.200000000,0.483732110
1784881185.825238228,13.570000128,7.473675695,-0.613767585,1.200000000,0.484578955
1784881185.835238218,13.580000128,7.479051493,-0.610804386,1.200000000,0.485403955
1784881185.845238209,13.590000128,7.484414477,-0.607844271,1.200000000,0.486207097
1784881185.855238199,13.600000128,7.489764605,-0.604887338,1.200000000,0.486988368
1784881185.865238190,13.610000128,7.495101841,-0.601933682,1.200000000,0.487747753
1784881185.875238180,13.620000128,7.500426148,-0.598983399,1.200000000,0.488485239
1784881185.885238171,13.630000128,7.505737492,-0.596036580,1.200000000,0.489200812
1784881185.895238161,13.640000128,7.511035842,-0.593093316,1.200000000,0.489894459
1784881185.905238152,13.650000128,7.516321166,-0.590153698,1.200000000,0.490566167
1784881185.915238142,13.660000128,7.521593436,-0.587217813,1.200000000,0.491215921
1784881185.925238132,13.670000128,7.526852626,-0.584285748,1.200000000,0.491843708
1784881185.935238123,13.680000128,7.532098710,-0.581357587,1.200000000,0.492449514
1784881185.945238113,13.690000128,7.537331665,-0.578433415,1.200000000,0.493033326
1784881185.955238104,13.700000128,7.542551470,-0.575513312,1.200000000,0.493595130
1784881185.965238094,13.710000128,7.547758105,-0.572597359,1.200000000,0.494134913
1784881185.975238085,13.720000128,7.552951552,-0.569685635,1.200000000,0.494652660
1784881185.985238075,13.730000128,7.558131795,-0.566778218,1.200000000,0.495148359
1784881185.995238066,13.740000128,7.563298819,-0.563875182,1.200000000,0.495621995
1784881186.005238295,13.750000128,7.568452612,-0.560976603,1.200000000,0.496073555
1784881186.015238285,13.760000128,7.573593163,-0.558082552,1.200000000,0.496503026
1784881186.025238276,13.770000128,7.578720461,-0.555193102,1.200000000,0.496910393
1784881186.035238266,13.780000128,7.583834501,-0.552308321,1.200000000,0.497295643
1784881186.045238256,13.790000128,7.588935274,-0.549428278,1.200000000,0.497658763
1784881186.055238247,13.800000128,7.594022778,-0.546553041,1.200000000,0.497999739
1784881186.065238237,13.810000128,7.599097008,-0.543682673,1.200000000,0.498318557
1784881186.075238228,13.820000128,7.604157964,-0.540817239,1.200000000,0.498615204
1784881186.085238218,13.830000128,7.609205645,-0.537956802,1.200000000,0.498889666
1784881186.095238209,13.840000128,7.614240053,-0.535101422,1.200000000,0.499141929
1784881186.105238199,13.850000128,7.619261192,-0.532251159,1.200000000,0.499371980
1784881186.115238190,13.860000128,7.624269066,-0.529406072,1.200000000,0.499579806
1784881186.125238180,13.870000128,7.629263681,-0.526566215,1.200000000,0.499765391
1784881186.135238171,13.880000128,7.634245044,-0.523731647,1.200000000,0.499928724
1784881186.145238161,13.890000128,7.639213164,-0.520902419,1.200000000,0.500069790
1784881186.155238152,13.900000128,7.644168052,-0.518078585,1.200000000,0.500188576
1784881186.165238142,13.910000128,7.649109718,-0.515260197,1.200000000,0.500285068
1784881186.175238132,13.920000128,7.654038175,-0.512447303,1.200000000,0.500359252
1784881186.185238123,13.930000128,7.658953438,-0.509639954,1.200000000,0.500411116
1784881186.195238113,13.940000128,7.663855520,-0.506838196,1.200000000,0.500440644
1784881186.205238104,13.950000128,7.668744440,-0.504042076,1.200000000,0.500447824
1784881186.215238094,13.960000128,7.673620212,-0.501251638,1.200000000,0.500432642
1784881186.225238085,13.970000128,7.678482858,-0.498466927,1.200000000,0.500395084
1784881186.235238075,13.980000128,7.683332394,-0.495687985,1.200000000,0.500335138
1784881186.245238066,13.990000128,7.688168843,-0.492914853,1.200000000,0.500252788
1784881186.255238295,14.000000128,7.692992224,-0.490147572,1.200000000,0.500148022
1784881186.265238285,14.010000128,7.697802562,-0.487386180,1.200000000,0.500020825
1784881186.275238276,14.020000128,7.702599878,-0.484630717,1.200000000,0.499871185
1784881186.285238266,14.030000128,7.707384196,-0.481881218,1.200000000,0.499699088
1784881186.295238256,14.040000128,7.712155542,-0.479137719,1.200000000,0.499504520
1784881186.305238247,14.050000128,7.716913940,-0.476400257,1.200000000,0.499287467
1784881186.315238237,14.060000128,7.721659416,-0.473668863,1.200000000,0.499047916
1784881186.325238228,14.070000128,7.726391997,-0.470943573,1.200000000,0.498785853
1784881186.335238218,14.080000128,7.731111711,-0.468224417,1.200000000,0.498501264
1784881186.345238209,14.090000128,7.735818584,-0.465511426,1.200000000,0.498194137
1784881186.355238199,14.100000128,7.740512645,-0.462804631,1.200000000,0.497864457
1784881186.365238190,14.110000128,7.745193922,-0.460104062,1.200000000,0.497512211
1784881186.375238180,14.120000128,7.749862443,-0.457409747,1.200000000,0.497137384
1784881186.385238171,14.130000128,7.754518238,-0.454721713,1.200000000,0.496739965
1784881186.395238161,14.140000128,7.759161336,-0.452039989,1.200000000,0.496319938
1784881186.405238152,14.150000128,7.763791766,-0.449364600,1.200000000,0.495877290
1784881186.415238142,14.160000128,7.768409557,-0.446695573,1.200000000,0.495412008
1784881186.425238132,14.170000128,7.773014739,-0.444032931,1.200000000,0.494924078
1784881186.435238123,14.180000128,7.777607341,-0.441376701,1.200000000,0.494413486
1784881186.445238113,14.190000128,7.782187391,-0.438726906,1.200000000,0.493880219
1784881186.455238104,14.200000128,7.786754918,-0.436083569,1.200000000,0.493324263
1784881186.465238094,14.210000128,7.791309952,-0.433446714,1.200000000,0.492745605
1784881186.475238085,14.220000128,7.795852519,-0.430816363,1.200000000,0.492144230
1784881186.485238075,14.230000128,7.800382649,-0.428192539,1.200000000,0.491520126
1784881186.495238066,14.240000128,7.804900368,-0.425575264,1.200000000,0.490873278
1784881186.505238295,14.250000128,7.809405702,-0.422964558,1.200000000,0.490203674
1784881186.515238285,14.260000128,7.813898677,-0.420360444,1.200000000,0.489511299
1784881186.525238276,14.270000128,7.818379319,-0.417762943,1.200000000,0.488796140
1784881186.535238266,14.280000128,7.822847651,-0.415172076,1.200000000,0.488058183
1784881186.545238256,14.290000128,7.827303698,-0.412587864,1.200000000,0.487297414
1784881186.555238247,14.300000128,7.831747481,-0.410010327,1.200000000,0.486513821
1784881186.565238237,14.310000128,7.836179022,-0.407439487,1.200000000,0.485707388
1784881186.575238228,14.320000128,7.840598340,-0.404875365,1.200000000,0.484878104
1784881186.585238218,14.330000128,7.845005455,-0.402317982,1.200000000,0.484025953
1784881186.595238209,14.340000128,7.849400383,-0.399767358,1.200000000,0.483150923
1784881186.605238199,14.350000128,7.853783141,-0.397223516,1.200000000,0.482253000
1784881186.615238190,14.360000128,7.858153743,-0.394686477,1.200000000,0.481332170
1784881186.625238180,14.370000128,7.862512201,-0.392156264,1.200000000,0.480388420
1784881186.635238171,14.380000128,7.866858527,-0.389632897,1.200000000,0.479421736
1784881186.645238161,14.390000128,7.871192729,-0.387116402,1.200000000,0.478432104
1784881186.655238152,14.400000128,7.875514815,-0.384606800,1.200000000,0.477419511
1784881186.665238142,14.410000128,7.879824789,-0.382104116,1.200000000,0.476383943
1784881186.675238132,14.420000128,7.884122654,-0.379608374,1.200000000,0.475325386
1784881186.685238123,14.430000128,7.888408411,-0.377119599,1.200000000,0.474243828
1784881186.695238113,14.440000128,7.892682057,-0.374637818,1.200000000,0.473139253
1784881186.705238104,14.450000128,7.896943590,-0.372163057,1.200000000,0.472011650
1784881186.715238094,14.460000128,7.901193001,-0.369695344,1.200000000,0.470861003
1784881186.725238085,14.470000128,7.905430281,-0.367234708,1.200000000,0.469687300
1784881186.735238075,14.480000128,7.909655417,-0.364781177,1.200000000,0.468490526
1784881186.745238066,14.490000128,7.913868394,-0.362334783,1.200000000,0.467270669
1784881186.755238295,14.500000128,7.918069193,-0.359895558,1.200000000,0.466027715
1784881186.765238285,14.510000128,7.922257793,-0.357463535,1.200000000,0.464761649
1784881186.775238276,14.520000128,7.926434169,-0.355038747,1.200000000,0.463472458
1784881186.785238266,14.530000128,7.930598291,-0.352621232,1.200000000,0.462160130
1784881186.795238256,14.540000128,7.934750128,-0.350211025,1.200000000,0.460824649
1784881186.805238247,14.550000128,7.938889644,-0.347808165,1.200000000,0.459466003
1784881186.815238237,14.560000128,7.943016800,-0.345412694,1.200000000,0.458084178
1784881186.825238228,14.570000128,7.947131551,-0.343024652,1.200000000,0.456679160
1784881186.835238218,14.580000128,7.951233851,-0.340644083,1.200000000,0.455250935
1784881186.845238209,14.590000128,7.955323647,-0.338271034,1.200000000,0.453799491
1784881186.855238199,14.600000128,7.959400883,-0.335905551,1.200000000,0.452324813
1784881186.865238190,14.610000128,7.963465498,-0.333547683,1.200000000,0.450826888
1784881186.875238180,14.620000128,7.967517428,-0.331197483,1.200000000,0.449305702
1784881186.885238171,14.630000128,7.971556601,-0.328855003,1.200000000,0.447761241
1784881186.895238161,14.640000128,7.975582943,-0.326520301,1.200000000,0.446193492
1784881186.905238152,14.650000128,7.979596373,-0.324193433,1.200000000,0.444602442
1784881186.915238142,14.660000128,7.983596807,-0.321874461,1.200000000,0.442988076
1784881186.925238132,14.670000128,7.987584154,-0.319563447,1.200000000,0.441350381
1784881186.935238123,14.680000128,7.991558316,-0.317260458,1.200000000,0.439689344
1784881186.945238113,14.690000128,7.995519193,-0.314965562,1.200000000,0.438004950
1784881186.955238104,14.700000128,7.999466677,-0.312678830,1.200000000,0.436297187
1784881186.965238094,14.710000128,8.003400653,-0.310400336,1.200000000,0.434566040
1784881186.975238085,14.720000128,8.007321002,-0.308130157,1.200000000,0.432811496
1784881186.985238075,14.730000128,8.011227599,-0.305868373,1.200000000,0.431033542
1784881186.995238066,14.740000128,8.015120309,-0.303615068,1.200000000,0.429232163
1784881187.005238295,14.750000128,8.018998994,-0.301370328,1.200000000,0.427407346
1784881187.015238285,14.760000128,8.022863508,-0.299134243,1.200000000,0.425559078
1784881187.025238276,14.770000128,8.026713698,-0.296906907,1.200000000,0.423687345
1784881187.035238266,14.780000128,8.030549403,-0.294688415,1.200000000,0.421792133
1784881187.045238256,14.790000128,8.034370457,-0.292478870,1.200000000,0.419873428
1784881187.055238247,14.800000128,8.038176684,-0.290278375,1.200000000,0.417931217
1784881187.065238237,14.810000128,8.041967901,-0.288087038,1.200000000,0.415965487
1784881187.075238228,14.820000128,8.045743918,-0.285904972,1.200000000,0.413976224
1784881187.085238218,14.830000128,8.049504537,-0.283732293,1.200000000,0.411963414
1784881187.095238209,14.840000128,8.053249550,-0.281569122,1.200000000,0.409927043
1784881187.105238199,14.850000128,8.056978743,-0.279415583,1.200000000,0.407867098
1784881187.115238190,14.860000128,8.060691892,-0.277271806,1.200000000,0.405783565
1784881187.125238180,14.870000128,8.064388765,-0.275137924,1.200000000,0.403676431
1784881187.135238171,14.880000128,8.068069120,-0.273014077,1.200000000,0.401545683
1784881187.145238161,14.890000128,8.071732706,-0.270900407,1.200000000,0.399391305
1784881187.155238152,14.900000128,8.075379264,-0.268797062,1.200000000,0.397213285
1784881187.165238142,14.910000128,8.079008524,-0.266704196,1.200000000,0.395011574
1784881187.175238132,14.920000128,8.082620207,-0.264621967,1.200000000,0.392785707
1784881187.185238123,14.930000128,8.086214024,-0.262550538,1.200000000,0.390534951
1784881187.195238113,14.940000128,8.089789676,-0.260490079,1.200000000,0.388258571
1784881187.205238104,14.950000128,8.093346852,-0.258440763,1.200000000,0.385955830
1784881187.215238094,14.960000128,8.096885233,-0.256402772,1.200000000,0.383625992
1784881187.225238085,14.970000128,8.100404488,-0.254376290,1.200000000,0.381268320
1784881187.235238075,14.980000128,8.103904275,-0.252361509,1.200000000,0.378882078
1784881187.245238066,14.990000128,8.107384240,-0.250358627,1.200000000,0.376466531
1784881187.255238295,15.000000128,8.110844021,-0.248367847,1.200000000,0.374020940
1784881187.265238285,15.010000128,8.114283239,-0.246389380,1.200000000,0.371544571
1784881187.275238276,15.020000128,8.117701510,-0.244423441,1.200000000,0.369036686
1784881187.285238266,15.030000128,8.121098433,-0.242470253,1.200000000,0.366496550
1784881187.295238256,15.040000128,8.124473597,-0.240530044,1.200000000,0.363923425
1784881187.305238247,15.050000128,8.127826580,-0.238603050,1.200000000,0.361316576
1784881187.315238237,15.060000128,8.131156947,-0.236689513,1.200000000,0.358675267
1784881187.325238228,15.070000128,8.134464251,-0.234789681,1.200000000,0.355998761
1784881187.335238218,15.080000128,8.137748033,-0.232903808,1.200000000,0.353286321
1784881187.345238209,15.090000128,8.141007823,-0.231032157,1.200000000,0.350537211
1784881187.355238199,15.100000128,8.144243136,-0.229174995,1.200000000,0.347750695
1784881187.365238190,15.110000128,8.147453478,-0.227332597,1.200000000,0.344926037
1784881187.375238180,15.120000128,8.150638342,-0.225505245,1.200000000,0.342062500
1784881187.385238171,15.130000128,8.153797209,-0.223693226,1.200000000,0.339159348
1784881187.395238161,15.140000128,8.156929549,-0.221896834,1.200000000,0.336215844
1784881187.405238152,15.150000128,8.160034819,-0.220116369,1.200000000,0.333231252
1784881187.415238142,15.160000128,8.163112467,-0.218352137,1.200000000,0.330204837
1784881187.425238132,15.170000128,8.166161928,-0.216604453,1.200000000,0.327135860
1784881187.435238123,15.180000128,8.169182628,-0.214873632,1.200000000,0.324023587
1784881187.445238113,15.190000128,8.172173981,-0.213160001,1.200000000,0.320867281
1784881187.455238104,15.200000128,8.175135393,-0.211463888,1.200000000,0.317666204
1784881187.465238094,15.210000128,8.178066260,-0.209785627,1.200000000,0.314419622
1784881187.475238085,15.220000128,8.180965968,-0.208125558,1.200000000,0.311126798
1784881187.485238075,15.230000128,8.183833895,-0.206484026,1.200000000,0.307786995
1784881187.495238066,15.240000128,8.186669412,-0.204861379,1.200000000,0.304399477
1784881187.505238295,15.250000128,8.189471882,-0.203257970,1.200000000,0.300963507
1784881187.515238285,15.260000128,8.192240663,-0.201674153,1.200000000,0.297478350
1784881187.525238276,15.270000128,8.194975106,-0.200110289,1.200000000,0.293943269
1784881187.535238266,15.280000128,8.197674556,-0.198566738,1.200000000,0.290357527
1784881187.545238256,15.290000128,8.200338358,-0.197043865,1.200000000,0.286720388
1784881187.555238247,15.300000128,8.202965850,-0.195542035,1.200000000,0.283031117
1784881187.565238237,15.310000128,8.205556370,-0.194061614,1.200000000,0.279288976
1784881187.575238228,15.320000128,8.208109255,-0.192602969,1.200000000,0.275493229
1784881187.585238218,15.330000128,8.210623842,-0.191166467,1.200000000,0.271643140
1784881187.595238209,15.340000128,8.213099469,-0.189752473,1.200000000,0.267737972
1784881187.605238199,15.350000128,8.215535478,-0.188361352,1.200000000,0.263776989
1784881187.615238190,15.360000128,8.217931216,-0.186993465,1.200000000,0.259759456
1784881187.625238180,15.370000128,8.220286032,-0.185649170,1.200000000,0.255684634
1784881187.635238171,15.380000128,8.222599285,-0.184328823,1.200000000,0.251551789
1784881187.645238161,15.390000128,8.224870343,-0.183032771,1.200000000,0.247360183
1784881187.655238152,15.400000128,8.227098584,-0.181761359,1.200000000,0.243109081
1784881187.665238142,15.410000128,8.229283396,-0.180514923,1.200000000,0.238797746
1784881187.675238132,15.420000128,8.231424186,-0.179293791,1.200000000,0.234425442
1784881187.685238123,15.430000128,8.233520371,-0.178098284,1.200000000,0.229991431
1784881187.695238113,15.440000128,8.235571392,-0.176928709,1.200000000,0.225495281
1784881187.705238104,15.450000128,8.237576705,-0.175785365,1.200000000,0.220939540
1784881187.715238094,15.460000128,8.239535793,-0.174668537,1.200000000,0.216328462
1784881187.725238085,15.470000128,8.241448159,-0.173578496,1.200000000,0.211666320
1784881187.735238075,15.480000128,8.243313338,-0.172515498,1.200000000,0.206957387
1784881187.745238066,15.490000128,8.245130891,-0.171479782,1.200000000,0.202205936
1784881187.755238295,15.500000128,8.246900412,-0.170471569,1.200000000,0.197416239
1784881187.765238285,15.510000128,8.248621530,-0.169491060,1.200000000,0.192592570
1784881187.775238276,15.520000128,8.250293910,-0.168538438,1.200000000,0.187739202
1784881187.785238266,15.530000128,8.251917256,-0.167613859,1.200000000,0.182860407
1784881187.795238256,15.540000128,8.253491317,-0.166717460,1.200000000,0.177960459
1784881187.805238247,15.550000128,8.255015882,-0.165849349,1.200000000,0.173043630
1784881187.815238237,15.560000128,8.256490790,-0.165009610,1.200000000,0.168114194
1784881187.825238228,15.570000128,8.257915928,-0.164198300,1.200000000,0.163176423
1784881187.835238218,15.580000128,8.259291236,-0.163415443,1.200000000,0.158234591
1784881187.845238209,15.590000128,8.260616704,-0.162661037,1.200000000,0.153292970
1784881187.855238199,15.600000128,8.261892382,-0.161935045,1.200000000,0.148355833
1784881187.865238190,15.610000128,8.263118376,-0.161237401,1.200000000,0.143427454
1784881187.875238180,15.620000128,8.264294850,-0.160568002,1.200000000,0.138512105
1784881187.885238171,15.630000128,8.265422033,-0.159926711,1.200000000,0.133614059
1784881187.895238161,15.640000128,8.266500215,-0.159313358,1.200000000,0.128737589
1784881187.905238152,15.650000128,8.267529750,-0.158727733,1.200000000,0.123886969
1784881187.915238142,15.660000128,8.268511059,-0.158169591,1.200000000,0.119066470
1784881187.925238132,15.670000128,8.269444629,-0.157638648,1.200000000,0.114280367
1784881187.935238123,15.680000128,8.270331015,-0.157134584,1.200000000,0.109532931
1784881187.945238113,15.690000128,8.271170840,-0.156657037,1.200000000,0.104828437
1784881187.955238104,15.700000128,8.271964797,-0.156205610,1.200000000,0.100171156
1784881187.965238094,15.710000128,8.272713645,-0.155779864,1.200000000,0.095565363
1784881187.975238085,15.720000128,8.273418215,-0.155379324,1.200000000,0.091015329
1784881187.985238075,15.730000128,8.274079404,-0.155003474,1.200000000,0.086525328
1784881187.995238066,15.740000128,8.274698177,-0.154651761,1.200000000,0.082099633
1784881188.005238295,15.750000128,8.275275567,-0.154323594,1.200000000,0.077742517
1784881188.015238285,15.760000128,8.275812672,-0.154018345,1.200000000,0.073458252
1784881188.025238276,15.770000128,8.276310652,-0.153735351,1.200000000,0.069251112
1784881188.035238266,15.780000128,8.276770731,-0.153473913,1.200000000,0.065125369
1784881188.045238256,15.790000128,8.277194192,-0.153233299,1.200000000,0.061085297
1784881188.055238247,15.800000128,8.277582373,-0.153012746,1.200000000,0.057135169
1784881188.065238237,15.810000128,8.277936669,-0.152811457,1.200000000,0.053279257
1784881188.075238228,15.820000128,8.278258523,-0.152628611,1.200000000,0.049521835
1784881188.085238218,15.830000128,8.278549423,-0.152463360,1.200000000,0.045867175
1784881188.095238209,15.840000128,8.278810903,-0.152314830,1.200000000,0.042319551
1784881188.105238199,15.850000128,8.279044530,-0.152182129,1.200000000,0.038883234
1784881188.115238190,15.860000128,8.279251907,-0.152064344,1.200000000,0.035562499
1784881188.125238180,15.870000128,8.279434660,-0.151960551,1.200000000,0.032361619
1784881188.135238171,15.880000128,8.279594438,-0.151869811,1.200000000,0.029284865
1784881188.145238161,15.890000128,8.279732901,-0.151791180,1.200000000,0.026336512
1784881188.155238152,15.900000128,8.279851716,-0.151723710,1.200000000,0.023520832
1784881188.165238142,15.910000128,8.279952551,-0.151666453,1.200000000,0.020842098
1784881188.175238132,15.920000128,8.280037061,-0.151618468,1.200000000,0.018304583
1784881188.185238123,15.930000128,8.280106885,-0.151578824,1.200000000,0.015912561
1784881188.195238113,15.940000128,8.280163633,-0.151546605,1.200000000,0.013670303
1784881188.205238104,15.950000128,8.280208880,-0.151520917,1.200000000,0.011582083
1784881188.215238094,15.960000128,8.280244149,-0.151500895,1.200000000,0.009652174
1784881188.225238085,15.970000128,8.280270906,-0.151485705,1.200000000,0.007884849
1784881188.235238075,15.980000128,8.280290546,-0.151474556,1.200000000,0.006284381
1784881188.245238066,15.990000128,8.280304381,-0.151466703,1.200000000,0.004855042
1784881188.255238295,16.000000128,8.280313625,-0.151461456,1.200000000,0.003601106
1784881188.265238285,16.010000128,8.280319384,-0.151458188,1.200000000,0.002526846
1784881188.275238276,16.020000128,8.280322637,-0.151456341,1.200000000,0.001636535
1784881188.285238266,16.030000128,8.280324228,-0.151455438,1.200000000,0.000934445
1784881188.295238256,16.040000128,8.280324840,-0.151455091,1.200000000,0.000424850
1784881188.305238247,16.050000128,8.280324989,-0.151455006,1.200000000,0.000112023
1784881188.315238237,16.060000128,8.280325000,-0.151455000,1.200000000,0.000000236
1784881188.315717220,16.060479273,8.280325000,-0.151455000,1.200000000,0.000000000
