... logging to /home/gwx/.ros/log/aeb428d0-8689-11f1-97d2-d3142ad76a68/roslaunch-gwx-Lenovo-Legion-Y7000P2020-3622771.log
Checking log directory for disk usage. This may take a while.
Press Ctrl-C to interrupt
]2;/home/gwx/airgrasp_ws/src/airgrasp_planning/airgrasp_minco_irl/launch/two_pillar_planning.launch
[1mstarted roslaunch server http://gwx-Lenovo-Legion-Y7000P2020:42727/[0m

SUMMARY
========

PARAMETERS
 * /drone0/odom_visualization/ch_rc_sdf/box0/Ang_2_last/ang_id: 0
 * /drone0/odom_visualization/ch_rc_sdf/box0/Ang_2_last/init_ang: 0.0
 * /drone0/odom_visualization/ch_rc_sdf/box0/T_2_last/x: 0.0
 * /drone0/odom_visualization/ch_rc_sdf/box0/T_2_last/y: 0.0
 * /drone0/odom_visualization/ch_rc_sdf/box0/T_2_last/z: 0.0
 * /drone0/odom_visualization/ch_rc_sdf/box0/disk0/pitch: 0.0
 * /drone0/odom_visualization/ch_rc_sdf/box0/disk0/radius: 0.17
 * /drone0/odom_visualization/ch_rc_sdf/box0/disk0/roll: 0.0
 * /drone0/odom_visualization/ch_rc_sdf/box0/disk0/x: 0.0
 * /drone0/odom_visualization/ch_rc_sdf/box0/disk0/y: 0.0
 * /drone0/odom_visualization/ch_rc_sdf/box0/disk0/yaw: 0.0
 * /drone0/odom_visualization/ch_rc_sdf/box0/disk0/z: 0.0
 * /drone0/odom_visualization/ch_rc_sdf/box0/disk_num: 1
 * /drone0/odom_visualization/ch_rc_sdf/box0/line0/length: 0.15
 * /drone0/odom_visualization/ch_rc_sdf/box0/line0/pitch: 90.0
 * /drone0/odom_visualization/ch_rc_sdf/box0/line0/roll: 0.0
 * /drone0/odom_visualization/ch_rc_sdf/box0/line0/x: -0.015
 * /drone0/odom_visualization/ch_rc_sdf/box0/line0/y: 0.0
 * /drone0/odom_visualization/ch_rc_sdf/box0/line0/yaw: 0.0
 * /drone0/odom_visualization/ch_rc_sdf/box0/line0/z: 0.0
 * /drone0/odom_visualization/ch_rc_sdf/box0/line_num: 1
 * /drone0/odom_visualization/ch_rc_sdf/box0/ori_x: 0.0
 * /drone0/odom_visualization/ch_rc_sdf/box0/ori_y: 0.0
 * /drone0/odom_visualization/ch_rc_sdf/box0/ori_z: 0.0
 * /drone0/odom_visualization/ch_rc_sdf/box0/shell_thickness: 0.05
 * /drone0/odom_visualization/ch_rc_sdf/box0/size_x: 1.0
 * /drone0/odom_visualization/ch_rc_sdf/box0/size_y: 1.0
 * /drone0/odom_visualization/ch_rc_sdf/box0/size_z: 0.5
 * /drone0/odom_visualization/ch_rc_sdf/box1/Ang_2_last/ang_id: 1
 * /drone0/odom_visualization/ch_rc_sdf/box1/Ang_2_last/init_ang: 0.0
 * /drone0/odom_visualization/ch_rc_sdf/box1/T_2_last/x: -0.015
 * /drone0/odom_visualization/ch_rc_sdf/box1/T_2_last/y: 0.001
 * /drone0/odom_visualization/ch_rc_sdf/box1/T_2_last/z: -0.096
 * /drone0/odom_visualization/ch_rc_sdf/box1/disk_num: 0
 * /drone0/odom_visualization/ch_rc_sdf/box1/line0/length: 0.3
 * /drone0/odom_visualization/ch_rc_sdf/box1/line0/pitch: 0.0
 * /drone0/odom_visualization/ch_rc_sdf/box1/line0/roll: 0.0
 * /drone0/odom_visualization/ch_rc_sdf/box1/line0/x: -0.1
 * /drone0/odom_visualization/ch_rc_sdf/box1/line0/y: 0.0
 * /drone0/odom_visualization/ch_rc_sdf/box1/line0/yaw: 0.0
 * /drone0/odom_visualization/ch_rc_sdf/box1/line0/z: 0.0
 * /drone0/odom_visualization/ch_rc_sdf/box1/line1/length: 0.12
 * /drone0/odom_visualization/ch_rc_sdf/box1/line1/pitch: 0.0
 * /drone0/odom_visualization/ch_rc_sdf/box1/line1/roll: 0.0
 * /drone0/odom_visualization/ch_rc_sdf/box1/line1/x: -0.065
 * /drone0/odom_visualization/ch_rc_sdf/box1/line1/y: -0.06
 * /drone0/odom_visualization/ch_rc_sdf/box1/line1/yaw: 90.0
 * /drone0/odom_visualization/ch_rc_sdf/box1/line1/z: 0.0
 * /drone0/odom_visualization/ch_rc_sdf/box1/line_num: 2
 * /drone0/odom_visualization/ch_rc_sdf/box1/ori_x: -0.15
 * /drone0/odom_visualization/ch_rc_sdf/box1/ori_y: 0.0
 * /drone0/odom_visualization/ch_rc_sdf/box1/ori_z: 0.0
 * /drone0/odom_visualization/ch_rc_sdf/box1/shell_thickness: 0.025
 * /drone0/odom_visualization/ch_rc_sdf/box1/size_x: 1.2
 * /drone0/odom_visualization/ch_rc_sdf/box1/size_y: 0.4
 * /drone0/odom_visualization/ch_rc_sdf/box1/size_z: 0.4
 * /drone0/odom_visualization/ch_rc_sdf/box2/Ang_2_last/ang_id: 1
 * /drone0/odom_visualization/ch_rc_sdf/box2/Ang_2_last/init_ang: -0.2
 * /drone0/odom_visualization/ch_rc_sdf/box2/T_2_last/x: 0.15
 * /drone0/odom_visualization/ch_rc_sdf/box2/T_2_last/y: -0.0012
 * /drone0/odom_visualization/ch_rc_sdf/box2/T_2_last/z: 0.0
 * /drone0/odom_visualization/ch_rc_sdf/box2/disk_num: 0
 * /drone0/odom_visualization/ch_rc_sdf/box2/line0/length: 0.08
 * /drone0/odom_visualization/ch_rc_sdf/box2/line0/pitch: 0.0
 * /drone0/odom_visualization/ch_rc_sdf/box2/line0/roll: 0.0
 * /drone0/odom_visualization/ch_rc_sdf/box2/line0/x: 0.0
 * /drone0/odom_visualization/ch_rc_sdf/box2/line0/y: 0.0
 * /drone0/odom_visualization/ch_rc_sdf/box2/line0/yaw: 0.0
 * /drone0/odom_visualization/ch_rc_sdf/box2/line0/z: 0.0
 * /drone0/odom_visualization/ch_rc_sdf/box2/line_num: 1
 * /drone0/odom_visualization/ch_rc_sdf/box2/ori_x: 0.0
 * /drone0/odom_visualization/ch_rc_sdf/box2/ori_y: 0.0
 * /drone0/odom_visualization/ch_rc_sdf/box2/ori_z: 0.0
 * /drone0/odom_visualization/ch_rc_sdf/box2/shell_thickness: 0.04
 * /drone0/odom_visualization/ch_rc_sdf/box2/size_x: 0.4
 * /drone0/odom_visualization/ch_rc_sdf/box2/size_y: 0.4
 * /drone0/odom_visualization/ch_rc_sdf/box2/size_z: 0.4
 * /drone0/odom_visualization/ch_rc_sdf/box3/Ang_2_last/ang_id: 0
 * /drone0/odom_visualization/ch_rc_sdf/box3/Ang_2_last/init_ang: 0.0
 * /drone0/odom_visualization/ch_rc_sdf/box3/T_2_last/x: 0.12
 * /drone0/odom_visualization/ch_rc_sdf/box3/T_2_last/y: 0.0
 * /drone0/odom_visualization/ch_rc_sdf/box3/T_2_last/z: 0.0006
 * /drone0/odom_visualization/ch_rc_sdf/box3/disk_num: 0
 * /drone0/odom_visualization/ch_rc_sdf/box3/line0/length: 0.1
 * /drone0/odom_visualization/ch_rc_sdf/box3/line0/pitch: 0.0
 * /drone0/odom_visualization/ch_rc_sdf/box3/line0/roll: 0.0
 * /drone0/odom_visualization/ch_rc_sdf/box3/line0/x: -0.0420000000000009
 * /drone0/odom_visualization/ch_rc_sdf/box3/line0/y: 0.05
 * /drone0/odom_visualization/ch_rc_sdf/box3/line0/yaw: 0.0
 * /drone0/odom_visualization/ch_rc_sdf/box3/line0/z: 0.0
 * /drone0/odom_visualization/ch_rc_sdf/box3/line1/length: 0.1
 * /drone0/odom_visualization/ch_rc_sdf/box3/line1/pitch: 0.0
 * /drone0/odom_visualization/ch_rc_sdf/box3/line1/roll: 0.0
 * /drone0/odom_visualization/ch_rc_sdf/box3/line1/x: -0.0420000000000009
 * /drone0/odom_visualization/ch_rc_sdf/box3/line1/y: -0.05
 * /drone0/odom_visualization/ch_rc_sdf/box3/line1/yaw: 90.0
 * /drone0/odom_visualization/ch_rc_sdf/box3/line1/z: 0.0
 * /drone0/odom_visualization/ch_rc_sdf/box3/line2/length: 0.1
 * /drone0/odom_visualization/ch_rc_sdf/box3/line2/pitch: 0.0
 * /drone0/odom_visualization/ch_rc_sdf/box3/line2/roll: 0.0
 * /drone0/odom_visualization/ch_rc_sdf/box3/line2/x: -0.0420000000000009
 * /drone0/odom_visualization/ch_rc_sdf/box3/line2/y: -0.05
 * /drone0/odom_visualization/ch_rc_sdf/box3/line2/yaw: 0.0
 * /drone0/odom_visualization/ch_rc_sdf/box3/line2/z: 0.0
 * /drone0/odom_visualization/ch_rc_sdf/box3/line_num: 3
 * /drone0/odom_visualization/ch_rc_sdf/box3/ori_x: 0.0
 * /drone0/odom_visualization/ch_rc_sdf/box3/ori_y: 0.0
 * /drone0/odom_visualization/ch_rc_sdf/box3/ori_z: 0.0
 * /drone0/odom_visualization/ch_rc_sdf/box3/shell_thickness: 0.002
 * /drone0/odom_visualization/ch_rc_sdf/box3/size_x: 0.5
 * /drone0/odom_visualization/ch_rc_sdf/box3/size_y: 0.5
 * /drone0/odom_visualization/ch_rc_sdf/box3/size_z: 0.5
 * /drone0/odom_visualization/ch_rc_sdf/box_num: 4
 * /drone0/odom_visualization/ch_rc_sdf/col_check_map_size/x: 1.5
 * /drone0/odom_visualization/ch_rc_sdf/col_check_map_size/y: 1.5
 * /drone0/odom_visualization/ch_rc_sdf/col_check_map_size/z: 3.0
 * /drone0/odom_visualization/ch_rc_sdf/default_dist: 5.0
 * /drone0/odom_visualization/ch_rc_sdf/resolution: 0.01
 * /drone0/odom_visualization/robot_scale: 1.0
 * /drone0/planning/ch_rc_sdf/box0/Ang_2_last/ang_id: 0
 * /drone0/planning/ch_rc_sdf/box0/Ang_2_last/init_ang: 0.0
 * /drone0/planning/ch_rc_sdf/box0/T_2_last/x: 0.0
 * /drone0/planning/ch_rc_sdf/box0/T_2_last/y: 0.0
 * /drone0/planning/ch_rc_sdf/box0/T_2_last/z: 0.0
 * /drone0/planning/ch_rc_sdf/box0/disk0/pitch: 0.0
 * /drone0/planning/ch_rc_sdf/box0/disk0/radius: 0.17
 * /drone0/planning/ch_rc_sdf/box0/disk0/roll: 0.0
 * /drone0/planning/ch_rc_sdf/box0/disk0/x: 0.0
 * /drone0/planning/ch_rc_sdf/box0/disk0/y: 0.0
 * /drone0/planning/ch_rc_sdf/box0/disk0/yaw: 0.0
 * /drone0/planning/ch_rc_sdf/box0/disk0/z: 0.0
 * /drone0/planning/ch_rc_sdf/box0/disk_num: 1
 * /drone0/planning/ch_rc_sdf/box0/line0/length: 0.15
 * /drone0/planning/ch_rc_sdf/box0/line0/pitch: 90.0
 * /drone0/planning/ch_rc_sdf/box0/line0/roll: 0.0
 * /drone0/planning/ch_rc_sdf/box0/line0/x: -0.015
 * /drone0/planning/ch_rc_sdf/box0/line0/y: 0.0
 * /drone0/planning/ch_rc_sdf/box0/line0/yaw: 0.0
 * /drone0/planning/ch_rc_sdf/box0/line0/z: 0.0
 * /drone0/planning/ch_rc_sdf/box0/line_num: 1
 * /drone0/planning/ch_rc_sdf/box0/ori_x: 0.0
 * /drone0/planning/ch_rc_sdf/box0/ori_y: 0.0
 * /drone0/planning/ch_rc_sdf/box0/ori_z: 0.0
 * /drone0/planning/ch_rc_sdf/box0/shell_thickness: 0.05
 * /drone0/planning/ch_rc_sdf/box0/size_x: 1.0
 * /drone0/planning/ch_rc_sdf/box0/size_y: 1.0
 * /drone0/planning/ch_rc_sdf/box0/size_z: 0.5
 * /drone0/planning/ch_rc_sdf/box1/Ang_2_last/ang_id: 1
 * /drone0/planning/ch_rc_sdf/box1/Ang_2_last/init_ang: 0.0
 * /drone0/planning/ch_rc_sdf/box1/T_2_last/x: -0.015
 * /drone0/planning/ch_rc_sdf/box1/T_2_last/y: 0.001
 * /drone0/planning/ch_rc_sdf/box1/T_2_last/z: -0.096
 * /drone0/planning/ch_rc_sdf/box1/disk_num: 0
 * /drone0/planning/ch_rc_sdf/box1/line0/length: 0.3
 * /drone0/planning/ch_rc_sdf/box1/line0/pitch: 0.0
 * /drone0/planning/ch_rc_sdf/box1/line0/roll: 0.0
 * /drone0/planning/ch_rc_sdf/box1/line0/x: -0.1
 * /drone0/planning/ch_rc_sdf/box1/line0/y: 0.0
 * /drone0/planning/ch_rc_sdf/box1/line0/yaw: 0.0
 * /drone0/planning/ch_rc_sdf/box1/line0/z: 0.0
 * /drone0/planning/ch_rc_sdf/box1/line1/length: 0.12
 * /drone0/planning/ch_rc_sdf/box1/line1/pitch: 0.0
 * /drone0/planning/ch_rc_sdf/box1/line1/roll: 0.0
 * /drone0/planning/ch_rc_sdf/box1/line1/x: -0.065
 * /drone0/planning/ch_rc_sdf/box1/line1/y: -0.06
 * /drone0/planning/ch_rc_sdf/box1/line1/yaw: 90.0
 * /drone0/planning/ch_rc_sdf/box1/line1/z: 0.0
 * /drone0/planning/ch_rc_sdf/box1/line_num: 2
 * /drone0/planning/ch_rc_sdf/box1/ori_x: -0.15
 * /drone0/planning/ch_rc_sdf/box1/ori_y: 0.0
 * /drone0/planning/ch_rc_sdf/box1/ori_z: 0.0
 * /drone0/planning/ch_rc_sdf/box1/shell_thickness: 0.025
 * /drone0/planning/ch_rc_sdf/box1/size_x: 1.2
 * /drone0/planning/ch_rc_sdf/box1/size_y: 0.4
 * /drone0/planning/ch_rc_sdf/box1/size_z: 0.4
 * /drone0/planning/ch_rc_sdf/box2/Ang_2_last/ang_id: 1
 * /drone0/planning/ch_rc_sdf/box2/Ang_2_last/init_ang: -0.2
 * /drone0/planning/ch_rc_sdf/box2/T_2_last/x: 0.15
 * /drone0/planning/ch_rc_sdf/box2/T_2_last/y: -0.0012
 * /drone0/planning/ch_rc_sdf/box2/T_2_last/z: 0.0
 * /drone0/planning/ch_rc_sdf/box2/disk_num: 0
 * /drone0/planning/ch_rc_sdf/box2/line0/length: 0.08
 * /drone0/planning/ch_rc_sdf/box2/line0/pitch: 0.0
 * /drone0/planning/ch_rc_sdf/box2/line0/roll: 0.0
 * /drone0/planning/ch_rc_sdf/box2/line0/x: 0.0
 * /drone0/planning/ch_rc_sdf/box2/line0/y: 0.0
 * /drone0/planning/ch_rc_sdf/box2/line0/yaw: 0.0
 * /drone0/planning/ch_rc_sdf/box2/line0/z: 0.0
 * /drone0/planning/ch_rc_sdf/box2/line_num: 1
 * /drone0/planning/ch_rc_sdf/box2/ori_x: 0.0
 * /drone0/planning/ch_rc_sdf/box2/ori_y: 0.0
 * /drone0/planning/ch_rc_sdf/box2/ori_z: 0.0
 * /drone0/planning/ch_rc_sdf/box2/shell_thickness: 0.04
 * /drone0/planning/ch_rc_sdf/box2/size_x: 0.4
 * /drone0/planning/ch_rc_sdf/box2/size_y: 0.4
 * /drone0/planning/ch_rc_sdf/box2/size_z: 0.4
 * /drone0/planning/ch_rc_sdf/box3/Ang_2_last/ang_id: 0
 * /drone0/planning/ch_rc_sdf/box3/Ang_2_last/init_ang: 0.0
 * /drone0/planning/ch_rc_sdf/box3/T_2_last/x: 0.12
 * /drone0/planning/ch_rc_sdf/box3/T_2_last/y: 0.0
 * /drone0/planning/ch_rc_sdf/box3/T_2_last/z: 0.0006
 * /drone0/planning/ch_rc_sdf/box3/disk_num: 0
 * /drone0/planning/ch_rc_sdf/box3/line0/length: 0.1
 * /drone0/planning/ch_rc_sdf/box3/line0/pitch: 0.0
 * /drone0/planning/ch_rc_sdf/box3/line0/roll: 0.0
 * /drone0/planning/ch_rc_sdf/box3/line0/x: -0.0420000000000009
 * /drone0/planning/ch_rc_sdf/box3/line0/y: 0.05
 * /drone0/planning/ch_rc_sdf/box3/line0/yaw: 0.0
 * /drone0/planning/ch_rc_sdf/box3/line0/z: 0.0
 * /drone0/planning/ch_rc_sdf/box3/line1/length: 0.1
 * /drone0/planning/ch_rc_sdf/box3/line1/pitch: 0.0
 * /drone0/planning/ch_rc_sdf/box3/line1/roll: 0.0
 * /drone0/planning/ch_rc_sdf/box3/line1/x: -0.0420000000000009
 * /drone0/planning/ch_rc_sdf/box3/line1/y: -0.05
 * /drone0/planning/ch_rc_sdf/box3/line1/yaw: 90.0
 * /drone0/planning/ch_rc_sdf/box3/line1/z: 0.0
 * /drone0/planning/ch_rc_sdf/box3/line2/length: 0.1
 * /drone0/planning/ch_rc_sdf/box3/line2/pitch: 0.0
 * /drone0/planning/ch_rc_sdf/box3/line2/roll: 0.0
 * /drone0/planning/ch_rc_sdf/box3/line2/x: -0.0420000000000009
 * /drone0/planning/ch_rc_sdf/box3/line2/y: -0.05
 * /drone0/planning/ch_rc_sdf/box3/line2/yaw: 0.0
 * /drone0/planning/ch_rc_sdf/box3/line2/z: 0.0
 * /drone0/planning/ch_rc_sdf/box3/line_num: 3
 * /drone0/planning/ch_rc_sdf/box3/ori_x: 0.0
 * /drone0/planning/ch_rc_sdf/box3/ori_y: 0.0
 * /drone0/planning/ch_rc_sdf/box3/ori_z: 0.0
 * /drone0/planning/ch_rc_sdf/box3/shell_thickness: 0.002
 * /drone0/planning/ch_rc_sdf/box3/size_x: 0.5
 * /drone0/planning/ch_rc_sdf/box3/size_y: 0.5
 * /drone0/planning/ch_rc_sdf/box3/size_z: 0.5
 * /drone0/planning/ch_rc_sdf/box_num: 4
 * /drone0/planning/ch_rc_sdf/col_check_map_size/x: 1.5
 * /drone0/planning/ch_rc_sdf/col_check_map_size/y: 1.5
 * /drone0/planning/ch_rc_sdf/col_check_map_size/z: 3.0
 * /drone0/planning/ch_rc_sdf/default_dist: 5.0
 * /drone0/planning/ch_rc_sdf/resolution: 0.01
 * /drone0/planning/clear_tgt_from_env_map: False
 * /drone0/planning/clear_traj_robot_markers_before_publish: True
 * /drone0/planning/enable_tail_constraint: False
 * /drone0/planning/env_map/map_center_x: 0.0
 * /drone0/planning/env_map/map_center_y: 0.0
 * /drone0/planning/env_map/map_center_z: 1.0
 * /drone0/planning/env_map/map_size_x: 9.0
 * /drone0/planning/env_map/map_size_y: 6.0
 * /drone0/planning/env_map/map_size_z: 3.0
 * /drone0/planning/env_map/resolution: 0.05
 * /drone0/planning/irl_analytic_cylinder_enable: True
 * /drone0/planning/irl_collision_weight_scale: 5.0
 * /drone0/planning/irl_cylinder_1_radius: 0.291937
 * /drone0/planning/irl_cylinder_1_x: 3.231
 * /drone0/planning/irl_cylinder_1_y: -0.274
 * /drone0/planning/irl_cylinder_2_radius: 0.42432
 * /drone0/planning/irl_cylinder_2_x: 6.072419
 * /drone0/planning/irl_cylinder_2_y: -0.164998
 * /drone0/planning/irl_cylinder_radius: 0.3
 * /drone0/planning/irl_cylinder_z_max: 2.0
 * /drone0/planning/irl_cylinder_z_min: -0.3
 * /drone0/planning/irl_groups_from_world_pcl: True
 * /drone0/planning/irl_minco_debug_enable: True
 * /drone0/planning/irl_minco_debug_marker_stride: 2
 * /drone0/planning/irl_minco_debug_max_markers: 80
 * /drone0/planning/irl_minco_debug_print_stride: 2
 * /drone0/planning/irl_minco_debug_sample_dt: 0.06
 * /drone0/planning/irl_obs_optimization_margin: 0.02
 * /drone0/planning/irl_split_env_pcl_by_x: True
 * /drone0/planning/irl_split_x: 0.0
 * /drone0/planning/map_ros/cx: 320
 * /drone0/planning/map_ros/cy: 240
 * /drone0/planning/map_ros/depth_filter_margin: 2
 * /drone0/planning/map_ros/depth_filter_maxdist: 3.0
 * /drone0/planning/map_ros/depth_filter_mindist: 0.2
 * /drone0/planning/map_ros/esdf_slice_height: 0.7
 * /drone0/planning/map_ros/frame_id: world
 * /drone0/planning/map_ros/fx: 240
 * /drone0/planning/map_ros/fy: 240
 * /drone0/planning/map_ros/input_cam_pose: False
 * /drone0/planning/map_ros/k_depth_scaling_factor: 1.0
 * /drone0/planning/map_ros/show_all_map: True
 * /drone0/planning/map_ros/show_esdf_time: False
 * /drone0/planning/map_ros/show_occ_time: False
 * /drone0/planning/map_ros/skip_pixel: 2
 * /drone0/planning/map_ros/visualization_truncate_height: 3.0
 * /drone0/planning/map_ros/visualization_truncate_low: -0.1
 * /drone0/planning/merge_tgt_into_env_map: False
 * /drone0/planning/mincoWarmStartCacheEnable: True
 * /drone0/planning/mincoWarmStartCacheForceReuse: True
 * /drone0/planning/rhoAstarWaypoint: 100000.0
 * /drone0/planning/rhoAstarWaypointStage2: 0.0
 * /drone0/planning/s_guide_bypass_astar: True
 * /drone0/planning/s_guide_endpoint_tolerance: 0.45
 * /drone0/planning/s_guide_path: -0.261959,-0.0062...
 * /drone0/planning/s_guide_path_enable: True
 * /drone0/planning/sdf_map/default_dist: 5.0
 * /drone0/planning/sdf_map/ground_height: -1.0
 * /drone0/planning/sdf_map/local_bound_inflate: 0.5
 * /drone0/planning/sdf_map/local_map_margin: 50
 * /drone0/planning/sdf_map/max_ray_length: 3.0
 * /drone0/planning/sdf_map/min_ray_length: 0.2
 * /drone0/planning/sdf_map/obstacles_inflation: 0.4
 * /drone0/planning/sdf_map/optimistic: True
 * /drone0/planning/sdf_map/p_hit: 0.65
 * /drone0/planning/sdf_map/p_max: 0.9
 * /drone0/planning/sdf_map/p_min: 0.12
 * /drone0/planning/sdf_map/p_miss: 0.35
 * /drone0/planning/sdf_map/p_occ: 0.8
 * /drone0/planning/sdf_map/signed_dist: True
 * /drone0/planning/sdf_map/virtual_ceil_height: -10
 * /drone0/planning/syncframe_topic: /sync_frame_pcl_w...
 * /drone0/planning/tgt_map/map_center_x: 0.0
 * /drone0/planning/tgt_map/map_center_y: 0.0
 * /drone0/planning/tgt_map/map_center_z: 1.0
 * /drone0/planning/tgt_map/map_size_x: 9.0
 * /drone0/planning/tgt_map/map_size_y: 6.0
 * /drone0/planning/tgt_map/map_size_z: 3.0
 * /drone0/planning/tgt_map/resolution: 0.05
 * /drone0/planning/use_world_pcl: True
 * /rosdistro: noetic
 * /rosversion: 1.17.4

NODES
  /drone0/
    odom_visualization (odom_visualization/odom_visualization)
    planning (planning/planning)
odom_visualization node started
[Parameter Server] Parameter file path: /home/gwx/airgrasp_ws/src/airgrasp_planning/Single-Drone-Planner/planning/planning/config/config.yaml
[Parameter Server] Get prediction/omega_max: 0.6
[Parameter Server] Get prediction/omega_filter_t: 0.5
[Parameter Server] Get prediction/acc_max: 2.5
[Parameter Server] Get prediction/acc_filter_t: 1
[Parameter Server] Get EKF/Qx: 20
[Parameter Server] Get EKF/Qy: 20
[Parameter Server] Get EKF/Qz: 20
[Parameter Server] Get EKF/Qvx: 10
[Parameter Server] Get EKF/Qvy: 10
[Parameter Server] Get EKF/Qvz: 10
[Parameter Server] Get EKF/Qroll: 1
[Parameter Server] Get EKF/Qpitch: 1
[Parameter Server] Get EKF/Qyaw: 1
[Parameter Server] Get EKF/Rx: 0.2
[Parameter Server] Get EKF/Ry: 0.2
[Parameter Server] Get EKF/Rz: 0.2
[Parameter Server] Get EKF/Rvx: 0.1
[Parameter Server] Get EKF/Rvy: 0.1
[Parameter Server] Get EKF/Rvz: 0.1
[Parameter Server] Get EKF/Rroll: 0.01
[Parameter Server] Get EKF/Rpitch: 0.01
[Parameter Server] Get EKF/Ryaw: 0.01
[Parameter Server] Get EKF/filtered_v_k_track: 1
[Parameter Server] Get EKF/filtered_v_k_land: 0.75
[Parameter Server] Get EKF/filtered_q_k: 1
[Parameter Server] Get EKF/filtered_q_diff_k: 0.6
[Parameter Server] Get tracking_height_expect: 2
[Parameter Server] Get tracking_dis_expect: 3
[Parameter Server] Get tracking_angle_expect: -3.14
[Parameter Server] Get PD_Ctrl/Kp_horiz: 2
[Parameter Server] Get PD_Ctrl/Kd_horiz: 0
[Parameter Server] Get PD_Ctrl/Kp_vert: 2
[Parameter Server] Get PD_Ctrl/Kd_vert: 0
[Parameter Server] Get TrajServer/dyaw_max: 10.5
[Parameter Server] Get fsm_mode: 1
[Parameter Server] Get land_p_x: 0
[Parameter Server] Get land_p_y: 0
[Parameter Server] Get land_p_z: 0
[Parameter Server] Get plan_hz: 15
[Parameter Server] Get plan_estimated_duration: 0.01
[Parameter Server] Get local_horizon: 12
[Parameter Server] Get vmax: 0.12
[CH_RC_SDF]: col_check_map_size: 2 2 2
[CH_RC_SDF]: box_num: 4
[CH_RC_SDF]: resolution: 0.01
[CH_RC_SDF]: default_dist: 5
[SDFMap]: box_0 size:   1   1 0.5
[SDFMap]: box_0 ori_pos: 0 0 0
[SDFMap]: box_0 loaded 1 disks
[SDFMap]: box_0 loaded 1 lines
[SDFMap]: Computing SDF for box_0
[SDFMap]: box_1 size: 1.2 0.4 0.4
[SDFMap]: box_1 ori_pos: -0.15     0     0
[SDFMap]: box_1 loaded 2 lines
[SDFMap]: Computing SDF for box_1
[SDFMap]: box_2 size: 0.4 0.4 0.4
[SDFMap]: box_2 ori_pos: 0 0 0
[SDFMap]: box_2 loaded 1 lines
[SDFMap]: Computing SDF for box_2
[SDFMap]: box_3 size: 0.5 0.5 0.5
[SDFMap]: box_3 ori_pos: 0 0 0
[SDFMap]: box_3 loaded 3 lines
[SDFMap]: Computing SDF for box_3
[SDFMap]: All 4 SDF boxes initialized.
[CH_RC_SDF]: box_1 init_ang: 0
[CH_RC_SDF]: box_2 init_ang: -0.2
[CH_RC_SDF]: box_3 init_ang: 0
[RobotKinematics]: box_0 T_2_last: 0 0 0
[RobotKinematics]: box_0 ang_id: 0
[RobotKinematics]: box_1 T_2_last: -0.015  0.001 -0.096
[RobotKinematics]: box_1 ang_id: 1
[RobotKinematics]: box_2 T_2_last:    0.15 -0.0012       0
[RobotKinematics]: box_2 ang_id: 1
[RobotKinematics]: box_3 T_2_last:   0.12      0 0.0006
[RobotKinematics]: box_3 ang_id: 0
[CH_RC_SDF]: Kinematics module initialized.
[Parameter Server] Get goal_method: 1
[Parameter Server] Get K: 8
[Parameter Server] Get max_iter: 1000
[Parameter Server] Get vmax: 0.12
[Parameter Server] Get amax: 0.12
[Parameter Server] Get dyaw_max: 0.5
[Parameter Server] Get thrust_max: 17
[Parameter Server] Get thrust_min: 5
[Parameter Server] Get omega_max: 1
[Parameter Server] Get omega_yaw_max: 1
[Parameter Server] Get rhoT: 5000
[Parameter Server] Get rhoWP: 2e+06
[Parameter Server] Get rhoRotFactor: 0.5
[Parameter Server] Get rhoP: 50000
[Parameter Server] Get rhoV: 10000
[Parameter Server] Get rhoA: 10000
[Parameter Server] Get rhoThrust: 10000
[Parameter Server] Get rhoOmega: 1000
[Parameter Server] Get rhoPerchingCollision: 1e+10
[Parameter Server] Get rhoPerchingPreception: 0.1
[Parameter Server] Get rhoYaw: 1000
rhoYaw: 1000
[Parameter Server] Get rhoDyaw: 10000
[Parameter Server] Get theta_0_min: 0
[Parameter Server] Get theta_0_max: 1.57
[Parameter Server] Get theta_1_min: -1.57
[Parameter Server] Get theta_1_max: 1.57
[Parameter Server] Get theta_2_min: -1.57
[Parameter Server] Get theta_2_max: 1.57
[Parameter Server] Get dtheta_0_max: 0.5
[Parameter Server] Get dtheta_1_max: 1
[Parameter Server] Get dtheta_2_max: 1
[Parameter Server] Get rhoTheta: 50000
[Parameter Server] Get rhoDtheta: 10000
[Parameter Server] Get astar_waypoint_tracking_enable: 1
[Parameter Server] Get rhoAstarWaypoint: 100000
[0m[INFO] [1784881919.467565843]: [TrajOpt] A* waypoint tracking enable=1 rho_stage1=100000.000 rho_stage2=0.000[0m
[0m[INFO] [1784881919.468889241]: [TrajOpt] warm-start cache enable=1 force_reuse=1 tol=1.000e-05[0m
[Parameter Server] Get pause_debug: 0
[Parameter Server] Get short_mode_time: 0.2
[Parameter Server] Get eps_pz: 0.35
[Parameter Server] Get dist_threshold: 0.07
[Parameter Server] Get dist_threshold_end: 0.03
[Parameter Server] Get dist_threshold_end_range: 0.15
[Parameter Server] Get irl_sphere_collision_enable: 1
[Parameter Server] Get irl_uam_sphere_radius: 0.25
[Parameter Server] Get irl_safety_distance_1: 0.07
[Parameter Server] Get irl_safety_distance_2: 0.07
[0m[INFO] [1784881919.469917226]: [TrajOpt][IRL] collision weight scale=5.000[0m
[0m[INFO] [1784881919.470229965]: [TrajOpt][IRL] obs optimization margin=0.020 hard check margin=0.000[0m
[Parameter Server] Get irl_analytic_cylinder_enable: 0
[Parameter Server] Get irl_cylinder_1_x: -1.25
[Parameter Server] Get irl_cylinder_1_y: 0
[Parameter Server] Get irl_cylinder_2_x: 1.25
[Parameter Server] Get irl_cylinder_2_y: 0
[Parameter Server] Get irl_cylinder_radius: 0.3
[Parameter Server] Get irl_cylinder_1_radius: 0.3
[Parameter Server] Get irl_cylinder_2_radius: 0.3
[Parameter Server] Get irl_cylinder_z_min: 0
[Parameter Server] Get irl_cylinder_z_max: 2
[0m[INFO] [1784881919.474322211]: [TrajOpt][IRL] analytic cylinder enable=1 c1=(3.231, -0.274) r1=0.292 c2=(6.072, -0.165) r2=0.424 z=[-0.300, 2.000][0m
[0m[INFO] [1784881919.476028423]: [TrajOpt][IRL] minco debug enable=1 print_stride=2 marker_stride=2 max_markers=80 sample_dt=0.060[0m
[Parameter Server] Get enable_tail_constraint: 1
[0m[INFO] [1784881919.476427464]: [TrajOpt] enable_tail_constraint override: config=1 ros=0[0m
[Parameter Server] Get tail_offset: 0.2
[Parameter Server] Get v_max_tail: 0.03
[Parameter Server] Get a_max_tail: 0.03
[Parameter Server] Get rhoV_tail: 100000
[Parameter Server] Get rhoA_tail: 100000
[Parameter Server] Get Webvis_hz: 10
[Parameter Server] Get is_use_viewpoint: 0
[Parameter Server] Get plan_estimated_duration: 0.01
[Parameter Server] Get plan_horizon_len: 0.5
[Parameter Server] Get s_guide_path_enable: 0
[Parameter Server] Get s_guide_endpoint_tolerance: 0.45
[Parameter Server] Get s_guide_path: -2.3,0.0,1.2;-1.75,1.10,1.2;-0.95,1.10,1.2;0.0,0.0,1.2;0.95,-1.10,1.2;1.75,-1.10,1.2;2.3,0.0,1.2
[0m[INFO] [1784881919.478981459]: [tlplanner] S guide path enabled, points=11, endpoint_tol=0.450, bypass_astar=true[0m
[0m[INFO] [1784881919.478996402]: [MapInterface] initializing[0m
Initializing tgt_map
Setting parameters for tgt_map
tgt_map res: 0.05
tgt_map map_size: 9 6 3
tgt_map map_center: 0 0 1
Map size: 9 6 3
Map voxel num: 180 120  60
Map origin: -4.5   -3 -0.5
hit: 0.619039, miss: -0.619039, min: -1.99243, max: 2.19722, thresh: 1.38629
[0m[INFO] [1784881919.524848675]: [MapInterface] tgt_map initialized[0m
Initializing env_map
Setting parameters for env_map
env_map res: 0.05
env_map map_size: 9 6 3
env_map map_center: 0 0 1
Map size: 9 6 3
Map voxel num: 180 120  60
Map origin: -4.5   -3 -0.5
hit: 0.619039, miss: -0.619039, min: -1.99243, max: 2.19722, thresh: 1.38629
[0m[INFO] [1784881919.566685954]: [MapInterface] env_map initialized[0m
[Parameter Server] Get tracking_dis_expect: 3
[Parameter Server] Get track_angle_vmax: 0.5
[Parameter Server] Get tolerance_d_astar: 0.3
[Parameter Server] Get theta_clearance: 0.8
[32m[CH_PLAN] ptr init done[0m
[32m[CH_PLAN] vis_ptr init done[0m
[Parameter Server] Get en_through_ring: 0
[32m[plan node] Planner Init Done.[0m
------------------- Plan Thread(IDLE) -----------------------
init thread
Fail to set thread priority 1
Fail to set thread priority 2
Fail to set thread priority 2
------------------- Plan Thread(IDLE) -----------------------
------------------- Plan Thread(IDLE) -----------------------
------------------- Plan Thread(IDLE) -----------------------
------------------- Plan Thread(IDLE) -----------------------
[0m[INFO] [1784881919.914036629]: [MapInterface][IRL] split env_pcl by x=0.000 into group1/group2: 0 / 0 pts[0m
------------------- Plan Thread(IDLE) -----------------------
------------------- Plan Thread(IDLE) -----------------------
------------------- Plan Thread(IDLE) -----------------------
------------------- Plan Thread(IDLE) -----------------------
------------------- Plan Thread(IDLE) -----------------------
------------------- Plan Thread(IDLE) -----------------------
[33m[data_callback] Planner hold active: reset to HOVER and wait for next goal.[0m
------------------- Plan Thread(IDLE) -----------------------
------------------- Plan Thread(IDLE) -----------------------
------------------- Plan Thread(IDLE) -----------------------
------------------- Plan Thread(IDLE) -----------------------
------------------- Plan Thread(IDLE) -----------------------
------------------- Plan Thread(IDLE) -----------------------
------------------- Plan Thread(IDLE) -----------------------
------------------- Plan Thread(IDLE) -----------------------
------------------- Plan Thread(IDLE) -----------------------
------------------- Plan Thread(IDLE) -----------------------
------------------- Plan Thread(IDLE) -----------------------
------------------- Plan Thread(IDLE) -----------------------
------------------- Plan Thread(IDLE) -----------------------
------------------- Plan Thread(IDLE) -----------------------
------------------- Plan Thread(IDLE) -----------------------
------------------- Plan Thread(IDLE) -----------------------
------------------- Plan Thread(IDLE) -----------------------
------------------- Plan Thread(IDLE) -----------------------
------------------- Plan Thread(IDLE) -----------------------
------------------- Plan Thread(IDLE) -----------------------
------------------- Plan Thread(IDLE) -----------------------
------------------- Plan Thread(IDLE) -----------------------
------------------- Plan Thread(IDLE) -----------------------
------------------- Plan Thread(IDLE) -----------------------
------------------- Plan Thread(IDLE) -----------------------
------------------- Plan Thread(IDLE) -----------------------
------------------- Plan Thread(IDLE) -----------------------
------------------- Plan Thread(IDLE) -----------------------
[0m[INFO] [1784881922.118447036]: [MapInterface][IRL] split env_pcl by x=0.000 into group1/group2: 0 / 0 pts[0m
------------------- Plan Thread(IDLE) -----------------------
------------------- Plan Thread(IDLE) -----------------------
------------------- Plan Thread(IDLE) -----------------------
------------------- Plan Thread(IDLE) -----------------------
------------------- Plan Thread(IDLE) -----------------------
------------------- Plan Thread(IDLE) -----------------------
------------------- Plan Thread(IDLE) -----------------------
------------------- Plan Thread(IDLE) -----------------------
------------------- Plan Thread(IDLE) -----------------------
------------------- Plan Thread(IDLE) -----------------------
------------------- Plan Thread(IDLE) -----------------------
------------------- Plan Thread(IDLE) -----------------------
------------------- Plan Thread(IDLE) -----------------------
------------------- Plan Thread(IDLE) -----------------------
------------------- Plan Thread(IDLE) -----------------------
------------------- Plan Thread(IDLE) -----------------------
------------------- Plan Thread(IDLE) -----------------------
------------------- Plan Thread(IDLE) -----------------------
------------------- Plan Thread(IDLE) -----------------------
------------------- Plan Thread(IDLE) -----------------------
------------------- Plan Thread(IDLE) -----------------------
------------------- Plan Thread(IDLE) -----------------------
------------------- Plan Thread(IDLE) -----------------------
------------------- Plan Thread(IDLE) -----------------------
------------------- Plan Thread(IDLE) -----------------------
------------------- Plan Thread(IDLE) -----------------------
------------------- Plan Thread(IDLE) -----------------------
------------------- Plan Thread(IDLE) -----------------------
------------------- Plan Thread(IDLE) -----------------------
------------------- Plan Thread(IDLE) -----------------------
------------------- Plan Thread(IDLE) -----------------------
------------------- Plan Thread(IDLE) -----------------------
------------------- Plan Thread(IDLE) -----------------------
------------------- Plan Thread(IDLE) -----------------------
------------------- Plan Thread(IDLE) -----------------------
------------------- Plan Thread(IDLE) -----------------------
------------------- Plan Thread(IDLE) -----------------------
------------------- Plan Thread(IDLE) -----------------------
[0m[INFO] [1784881924.618622566]: [MapInterface][IRL] split env_pcl by x=0.000 into group1/group2: 0 / 0 pts[0m
------------------- Plan Thread(IDLE) -----------------------
------------------- Plan Thread(IDLE) -----------------------
------------------- Plan Thread(IDLE) -----------------------
------------------- Plan Thread(IDLE) -----------------------
------------------- Plan Thread(IDLE) -----------------------
------------------- Plan Thread(IDLE) -----------------------
------------------- Plan Thread(IDLE) -----------------------
------------------- Plan Thread(IDLE) -----------------------
------------------- Plan Thread(IDLE) -----------------------
------------------- Plan Thread(IDLE) -----------------------
------------------- Plan Thread(IDLE) -----------------------
------------------- Plan Thread(IDLE) -----------------------
------------------- Plan Thread(IDLE) -----------------------
------------------- Plan Thread(IDLE) -----------------------
------------------- Plan Thread(IDLE) -----------------------
------------------- Plan Thread(IDLE) -----------------------
------------------- Plan Thread(IDLE) -----------------------
------------------- Plan Thread(IDLE) -----------------------
------------------- Plan Thread(IDLE) -----------------------
------------------- Plan Thread(IDLE) -----------------------
------------------- Plan Thread(IDLE) -----------------------
------------------- Plan Thread(IDLE) -----------------------
------------------- Plan Thread(IDLE) -----------------------
------------------- Plan Thread(IDLE) -----------------------
------------------- Plan Thread(IDLE) -----------------------
------------------- Plan Thread(IDLE) -----------------------
------------------- Plan Thread(IDLE) -----------------------
------------------- Plan Thread(IDLE) -----------------------
------------------- Plan Thread(IDLE) -----------------------
------------------- Plan Thread(IDLE) -----------------------
[0m[INFO] [1784881926.618623561]: [MapInterface][IRL] split env_pcl by x=0.000 into group1/group2: 0 / 0 pts[0m
------------------- Plan Thread(IDLE) -----------------------
------------------- Plan Thread(IDLE) -----------------------
------------------- Plan Thread(IDLE) -----------------------
------------------- Plan Thread(IDLE) -----------------------
------------------- Plan Thread(IDLE) -----------------------
------------------- Plan Thread(IDLE) -----------------------
------------------- Plan Thread(IDLE) -----------------------
------------------- Plan Thread(IDLE) -----------------------
------------------- Plan Thread(IDLE) -----------------------
------------------- Plan Thread(IDLE) -----------------------
------------------- Plan Thread(IDLE) -----------------------
------------------- Plan Thread(IDLE) -----------------------
------------------- Plan Thread(IDLE) -----------------------
------------------- Plan Thread(IDLE) -----------------------
------------------- Plan Thread(IDLE) -----------------------
------------------- Plan Thread(IDLE) -----------------------
------------------- Plan Thread(IDLE) -----------------------
------------------- Plan Thread(IDLE) -----------------------
------------------- Plan Thread(IDLE) -----------------------
------------------- Plan Thread(IDLE) -----------------------
------------------- Plan Thread(IDLE) -----------------------
------------------- Plan Thread(IDLE) -----------------------
------------------- Plan Thread(IDLE) -----------------------
------------------- Plan Thread(IDLE) -----------------------
------------------- Plan Thread(IDLE) -----------------------
------------------- Plan Thread(IDLE) -----------------------
------------------- Plan Thread(IDLE) -----------------------
------------------- Plan Thread(IDLE) -----------------------
------------------- Plan Thread(IDLE) -----------------------
------------------- Plan Thread(IDLE) -----------------------
------------------- Plan Thread(IDLE) -----------------------
------------------- Plan Thread(IDLE) -----------------------
------------------- Plan Thread(IDLE) -----------------------
------------------- Plan Thread(IDLE) -----------------------
------------------- Plan Thread(IDLE) -----------------------
------------------- Plan Thread(IDLE) -----------------------
------------------- Plan Thread(IDLE) -----------------------
------------------- Plan Thread(IDLE) -----------------------
[0m[INFO] [1784881929.118649139]: [MapInterface][IRL] split env_pcl by x=0.000 into group1/group2: 0 / 0 pts[0m
------------------- Plan Thread(IDLE) -----------------------
------------------- Plan Thread(IDLE) -----------------------
------------------- Plan Thread(IDLE) -----------------------
------------------- Plan Thread(IDLE) -----------------------
------------------- Plan Thread(IDLE) -----------------------
------------------- Plan Thread(IDLE) -----------------------
------------------- Plan Thread(IDLE) -----------------------
------------------- Plan Thread(IDLE) -----------------------
------------------- Plan Thread(IDLE) -----------------------
------------------- Plan Thread(IDLE) -----------------------
------------------- Plan Thread(IDLE) -----------------------
------------------- Plan Thread(IDLE) -----------------------
------------------- Plan Thread(IDLE) -----------------------
------------------- Plan Thread(IDLE) -----------------------
------------------- Plan Thread(IDLE) -----------------------
------------------- Plan Thread(IDLE) -----------------------
------------------- Plan Thread(IDLE) -----------------------
------------------- Plan Thread(IDLE) -----------------------
------------------- Plan Thread(IDLE) -----------------------
------------------- Plan Thread(IDLE) -----------------------
------------------- Plan Thread(IDLE) -----------------------
------------------- Plan Thread(IDLE) -----------------------
------------------- Plan Thread(IDLE) -----------------------
------------------- Plan Thread(IDLE) -----------------------
------------------- Plan Thread(IDLE) -----------------------
------------------- Plan Thread(IDLE) -----------------------
------------------- Plan Thread(IDLE) -----------------------
------------------- Plan Thread(IDLE) -----------------------
------------------- Plan Thread(IDLE) -----------------------
------------------- Plan Thread(IDLE) -----------------------
------------------- Plan Thread(IDLE) -----------------------
------------------- Plan Thread(IDLE) -----------------------
------------------- Plan Thread(IDLE) -----------------------
------------------- Plan Thread(IDLE) -----------------------
------------------- Plan Thread(IDLE) -----------------------
------------------- Plan Thread(IDLE) -----------------------
------------------- Plan Thread(IDLE) -----------------------
------------------- Plan Thread(IDLE) -----------------------
[0m[INFO] [1784881931.618514422]: [MapInterface][IRL] split env_pcl by x=0.000 into group1/group2: 0 / 0 pts[0m
------------------- Plan Thread(IDLE) -----------------------
------------------- Plan Thread(IDLE) -----------------------
------------------- Plan Thread(IDLE) -----------------------
------------------- Plan Thread(IDLE) -----------------------
------------------- Plan Thread(IDLE) -----------------------
------------------- Plan Thread(IDLE) -----------------------
------------------- Plan Thread(IDLE) -----------------------
------------------- Plan Thread(IDLE) -----------------------
------------------- Plan Thread(IDLE) -----------------------
------------------- Plan Thread(IDLE) -----------------------
------------------- Plan Thread(IDLE) -----------------------
------------------- Plan Thread(IDLE) -----------------------
------------------- Plan Thread(IDLE) -----------------------
------------------- Plan Thread(IDLE) -----------------------
------------------- Plan Thread(IDLE) -----------------------
------------------- Plan Thread(IDLE) -----------------------
------------------- Plan Thread(IDLE) -----------------------
------------------- Plan Thread(IDLE) -----------------------
------------------- Plan Thread(IDLE) -----------------------
------------------- Plan Thread(IDLE) -----------------------
------------------- Plan Thread(IDLE) -----------------------
------------------- Plan Thread(IDLE) -----------------------
------------------- Plan Thread(IDLE) -----------------------
------------------- Plan Thread(IDLE) -----------------------
------------------- Plan Thread(IDLE) -----------------------
------------------- Plan Thread(IDLE) -----------------------
------------------- Plan Thread(IDLE) -----------------------
------------------- Plan Thread(IDLE) -----------------------
------------------- Plan Thread(IDLE) -----------------------
------------------- Plan Thread(IDLE) -----------------------
[0m[INFO] [1784881933.618852001]: [MapInterface][IRL] split env_pcl by x=0.000 into group1/group2: 0 / 0 pts[0m
------------------- Plan Thread(IDLE) -----------------------
------------------- Plan Thread(IDLE) -----------------------
------------------- Plan Thread(IDLE) -----------------------
------------------- Plan Thread(IDLE) -----------------------
------------------- Plan Thread(IDLE) -----------------------
------------------- Plan Thread(IDLE) -----------------------
------------------- Plan Thread(IDLE) -----------------------
------------------- Plan Thread(IDLE) -----------------------
------------------- Plan Thread(IDLE) -----------------------
------------------- Plan Thread(IDLE) -----------------------
------------------- Plan Thread(IDLE) -----------------------
------------------- Plan Thread(IDLE) -----------------------
------------------- Plan Thread(IDLE) -----------------------
------------------- Plan Thread(IDLE) -----------------------
------------------- Plan Thread(IDLE) -----------------------
------------------- Plan Thread(IDLE) -----------------------
------------------- Plan Thread(IDLE) -----------------------
------------------- Plan Thread(IDLE) -----------------------
------------------- Plan Thread(IDLE) -----------------------
------------------- Plan Thread(IDLE) -----------------------
------------------- Plan Thread(IDLE) -----------------------
------------------- Plan Thread(IDLE) -----------------------
------------------- Plan Thread(IDLE) -----------------------
------------------- Plan Thread(IDLE) -----------------------
------------------- Plan Thread(IDLE) -----------------------
------------------- Plan Thread(IDLE) -----------------------
------------------- Plan Thread(IDLE) -----------------------
------------------- Plan Thread(IDLE) -----------------------
------------------- Plan Thread(IDLE) -----------------------
------------------- Plan Thread(IDLE) -----------------------
------------------- Plan Thread(IDLE) -----------------------
------------------- Plan Thread(IDLE) -----------------------
------------------- Plan Thread(IDLE) -----------------------
------------------- Plan Thread(IDLE) -----------------------
------------------- Plan Thread(IDLE) -----------------------
------------------- Plan Thread(IDLE) -----------------------
------------------- Plan Thread(IDLE) -----------------------
------------------- Plan Thread(IDLE) -----------------------
[0m[INFO] [1784881936.118650621]: [MapInterface][IRL] split env_pcl by x=0.000 into group1/group2: 0 / 0 pts[0m
------------------- Plan Thread(IDLE) -----------------------
------------------- Plan Thread(IDLE) -----------------------
------------------- Plan Thread(IDLE) -----------------------
------------------- Plan Thread(IDLE) -----------------------
------------------- Plan Thread(IDLE) -----------------------
------------------- Plan Thread(IDLE) -----------------------
------------------- Plan Thread(IDLE) -----------------------
------------------- Plan Thread(IDLE) -----------------------
------------------- Plan Thread(IDLE) -----------------------
------------------- Plan Thread(IDLE) -----------------------
------------------- Plan Thread(IDLE) -----------------------
------------------- Plan Thread(IDLE) -----------------------
------------------- Plan Thread(IDLE) -----------------------
------------------- Plan Thread(IDLE) -----------------------
------------------- Plan Thread(IDLE) -----------------------
------------------- Plan Thread(IDLE) -----------------------
------------------- Plan Thread(IDLE) -----------------------
------------------- Plan Thread(IDLE) -----------------------
------------------- Plan Thread(IDLE) -----------------------
------------------- Plan Thread(IDLE) -----------------------
------------------- Plan Thread(IDLE) -----------------------
------------------- Plan Thread(IDLE) -----------------------
------------------- Plan Thread(IDLE) -----------------------
------------------- Plan Thread(IDLE) -----------------------
------------------- Plan Thread(IDLE) -----------------------
------------------- Plan Thread(IDLE) -----------------------
------------------- Plan Thread(IDLE) -----------------------
------------------- Plan Thread(IDLE) -----------------------
------------------- Plan Thread(IDLE) -----------------------
------------------- Plan Thread(IDLE) -----------------------
[0m[INFO] [1784881938.120330219]: [MapInterface][IRL] split env_pcl by x=0.000 into group1/group2: 0 / 0 pts[0m
------------------- Plan Thread(IDLE) -----------------------
------------------- Plan Thread(IDLE) -----------------------
------------------- Plan Thread(IDLE) -----------------------
------------------- Plan Thread(IDLE) -----------------------
------------------- Plan Thread(IDLE) -----------------------
------------------- Plan Thread(IDLE) -----------------------
------------------- Plan Thread(IDLE) -----------------------
------------------- Plan Thread(IDLE) -----------------------
------------------- Plan Thread(IDLE) -----------------------
------------------- Plan Thread(IDLE) -----------------------
------------------- Plan Thread(IDLE) -----------------------
------------------- Plan Thread(IDLE) -----------------------
------------------- Plan Thread(IDLE) -----------------------
------------------- Plan Thread(IDLE) -----------------------
------------------- Plan Thread(IDLE) -----------------------
------------------- Plan Thread(IDLE) -----------------------
------------------- Plan Thread(IDLE) -----------------------
------------------- Plan Thread(IDLE) -----------------------
------------------- Plan Thread(IDLE) -----------------------
------------------- Plan Thread(IDLE) -----------------------
------------------- Plan Thread(IDLE) -----------------------
------------------- Plan Thread(IDLE) -----------------------
------------------- Plan Thread(IDLE) -----------------------
------------------- Plan Thread(IDLE) -----------------------
------------------- Plan Thread(IDLE) -----------------------
------------------- Plan Thread(IDLE) -----------------------
------------------- Plan Thread(IDLE) -----------------------
------------------- Plan Thread(IDLE) -----------------------
------------------- Plan Thread(IDLE) -----------------------
------------------- Plan Thread(IDLE) -----------------------
------------------- Plan Thread(IDLE) -----------------------
------------------- Plan Thread(IDLE) -----------------------
------------------- Plan Thread(IDLE) -----------------------
------------------- Plan Thread(IDLE) -----------------------
------------------- Plan Thread(IDLE) -----------------------
[33m[data_callback] Planner hold active: reset to HOVER and wait for next goal.[0m
------------------- Plan Thread(IDLE) -----------------------
------------------- Plan Thread(IDLE) -----------------------
------------------- Plan Thread(IDLE) -----------------------
[0m[INFO] [1784881940.618429307]: [MapInterface][IRL] split env_pcl by x=0.000 into group1/group2: 0 / 0 pts[0m
------------------- Plan Thread(IDLE) -----------------------
------------------- Plan Thread(IDLE) -----------------------
------------------- Plan Thread(IDLE) -----------------------
------------------- Plan Thread(IDLE) -----------------------
------------------- Plan Thread(IDLE) -----------------------
------------------- Plan Thread(IDLE) -----------------------
------------------- Plan Thread(IDLE) -----------------------
------------------- Plan Thread(IDLE) -----------------------
------------------- Plan Thread(IDLE) -----------------------
------------------- Plan Thread(IDLE) -----------------------
------------------- Plan Thread(IDLE) -----------------------
------------------- Plan Thread(IDLE) -----------------------
[0m[INFO] [1784881941.449505458]: [TrajOpt][IRL] sphere collision d1=0.010 d2=0.220 radius=0.250[0m
------------------- Plan Thread(IDLE) -----------------------
------------------- Plan Thread(IDLE) -----------------------
[0m[INFO] [1784881941.549652768]: [TrajOpt][IRL] sphere collision d1=0.010 d2=0.220 radius=0.250[0m
------------------- Plan Thread(IDLE) -----------------------
------------------- Plan Thread(IDLE) -----------------------
------------------- Plan Thread(IDLE) -----------------------
[0m[INFO] [1784881941.782175319]: [TrajOpt][IRL] sphere collision d1=0.010 d2=0.220 radius=0.250[0m
------------------- Plan Thread(IDLE) -----------------------
[0m[INFO] [1784881941.850194918]: [TrajOpt][IRL] sphere collision d1=0.010 d2=0.220 radius=0.250[0m
------------------- Plan Thread(IDLE) -----------------------
------------------- Plan Thread(IDLE) -----------------------
receive goal full state callback
[33m[FSM] IDLE -> HOVER[0m
------------------- Plan Thread(HOVER) -----------------------
[plan node] hovering...
[31m[pub_cmd] Error! pos jump, please adjust the plan_hz and plan_estimated_time.[0m
[31mlast_pos_cmd_:0 0 0 p:-0.261959  -0.00623       1.2[0m
[31m/traj/1[0m
[33m[data_callback] Planner hold released: next goal may enter GOAL mode.[0m
------------------- Plan Thread(HOVER) -----------------------
[plan node] hovering...
[33m[FSM] HOVER -> GOAL[0m
[31m/traj/2[0m
------------------- Plan Thread(GOAL) -----------------------
[31m[ERROR] [1784881942.121346031]: last traj not valid, plan from current odom[0m
init_p:-0.261959  -0.00623       1.2
[plan node] get init state
[plan node] get new goal:   8.28032 -0.151455       1.2
init p: -0.261959  -0.00623       1.2
init v: 0 0 0
init a: 0 0 0
init j: 0 0 0
init yaw: -0.039639         0
init thetas:   0.6 -0.55     0
init d_thetas: 0 0 0
tar p:   8.28032 -0.151455       1.2
tar v: 0 0 0
tar a: 0 0 0
tar thetas: 0.785398 -0.785398         0
tar d_thetas:0 0 0
[48;5;2m----- Skip A*: use fixed S guide path[0m
[32m[tlplanner] use S guide path, points=11[0m
init p: -0.261959  -0.00623       1.2
end p:   8.28032 -0.151455       1.2
init yaw: -0.039639
end yaw: 0
[48;5;2m----- Start gen traj[0m
init_thetas:   0.6     0
-0.55     0
    0     0
final_thetas:  0.785398         0
-0.785398         0
        0         0
[48;5;2m[GenTraj] 1 Params set done[0m
extract start
ego_path.size = 11
ego_path[0]:-0.261959  -0.00623       1.2
ego_path[1]:0.681 0.153   1.2
ego_path[2]:1.622 0.334   1.2
ego_path[3]:2.67851 0.27934     1.2
ego_path[4]: 3.52683 0.295709      1.2
ego_path[5]: 4.231 -0.311    1.2
ego_path[6]:  4.85 -1.012    1.2
ego_path[7]:  5.84753 -0.989186       1.2
ego_path[8]:   6.5489 -0.898073       1.2
ego_path[9]:7.636 -0.86   1.2
ego_path[10]:  8.28032 -0.151455       1.2
-------------
mid_Q_vec[0]:-0.261959  -0.00623       1.2
mid_Q_vec[1]: 4.231 -0.311    1.2
-------------
mid_Q_vec[1]: 4.231 -0.311    1.2
mid_Q_vec[2]:  4.85 -1.012    1.2
-------------
mid_Q_vec[2]:  4.85 -1.012    1.2
mid_Q_vec[3]:  5.84753 -0.989186       1.2
-------------
mid_Q_vec[3]:  5.84753 -0.989186       1.2
mid_Q_vec[4]:   6.5489 -0.898073       1.2
-------------
mid_Q_vec[4]:   6.5489 -0.898073       1.2
mid_Q_vec[5]:7.636 -0.86   1.2
-------------
mid_Q_vec[5]:7.636 -0.86   1.2
mid_Q_vec[6]:  8.28032 -0.151455       1.2
extract end N_ret = 11
mid_q_vec[0]: 0.486868 -0.057025       1.2
mid_q_vec[1]: 1.23569 -0.10782      1.2
mid_q_vec[2]:  1.98452 -0.158615       1.2
mid_q_vec[3]: 2.73335 -0.20941      1.2
mid_q_vec[4]:  3.48217 -0.260205       1.2
mid_q_vec[5]: 4.231 -0.311    1.2
mid_q_vec[6]:  4.85 -1.012    1.2
mid_q_vec[7]:  5.84753 -0.989186       1.2
mid_q_vec[8]:   6.5489 -0.898073       1.2
mid_q_vec[9]:7.636 -0.86   1.2
[0m[INFO] [1784881942.123141104]: [TrajOpt] A* waypoint tracking path points=11[0m
[trajopt] Pieces: 11
[48;5;2m[GenTraj] 2 Extract mid points done[0m
yaw_in: -0.039639, yaw_out: 0
yaw_in:-0.039639, yaw_out:0
yaw: -0.0360355  -0.0324319  -0.0288284  -0.0252248  -0.0216213  -0.0180177  -0.0144142  -0.0108106 -0.00720709 -0.00360355
thetas_in: 
  0.6 -0.55     0
    0     0     0
thetas_out: 
 0.785398 -0.785398         0
        0         0         0
thetas(0): 0.616854 0.633709 0.650563 0.667417 0.684272 0.701126 0.717981 0.734835 0.751689 0.768544
thetas(1):   -0.5714   -0.5928 -0.614199 -0.635599 -0.656999 -0.678399 -0.699799 -0.721199 -0.742598 -0.763998
thetas(2): 0 0 0 0 0 0 0 0 0 0
P(0):  0.486868 -0.057025       1.2
P(1):  1.23569 -0.10782      1.2
P(2):   1.98452 -0.158615       1.2
P(3):  2.73335 -0.20941      1.2
P(4):   3.48217 -0.260205       1.2
P(5):  4.231 -0.311    1.2
P(6):   4.85 -1.012    1.2
P(7):   5.84753 -0.989186       1.2
P(8):    6.5489 -0.898073       1.2
P(9): 7.636 -0.86   1.2
iniState:
-0.261959         0         0         0
 -0.00623         0         0         0
      1.2         0         0         0
finState:
  8.28032         0         0         0
-0.151455         0         0         0
      1.2         0         0         0
[48;5;2m[GenTraj] 3 Value init done[0m
getAABBPoints full traj
getAABBPoints cached group1/group2: 0 / 0 pts
[32m[GenTraj] Begin opt (stage1_no_sdf)[0m
[31miter: 1[0m
[32mtime generate: 0.04063ms[0m
[32mtime int penalty: 0.091893ms[0m
[31miter: 2[0m
[32mtime generate: 0.06088ms[0m
[32mtime int penalty: 0.070684ms[0m
[33m[WARN] [1784881942.128496995]: [MINCO-IRL] stage=stage1_no_sdf iter=1 eval=2 fx=882556.0086 step=0.0000 ls=1 d=(0.0100,0.2200) cost{snap=0.0000, coll=0.0000, guide=31661.4027, yaw=0.0000, dyaw=0.0000} clearance=(-0.029,0.044) margin=(-0.039,-0.176) len=9.2191 chord=8.5435 ratio=1.0791 reverse=0 self_cross=0 worst_group=2 status=running[0m
[31miter: 3[0m
[32mtime generate: 0.033256ms[0m
[32mtime int penalty: 0.08682ms[0m
[33m[WARN] [1784881942.133980101]: [MINCO-IRL] stage=stage1_no_sdf iter=2 eval=3 fx=857498.2398 step=1.0000 ls=1 d=(0.0100,0.2200) cost{snap=0.0000, coll=0.0000, guide=12161.2734, yaw=0.0000, dyaw=0.0000} clearance=(-0.006,0.074) margin=(-0.016,-0.146) len=9.3541 chord=8.5435 ratio=1.0949 reverse=0 self_cross=0 worst_group=2 status=running[0m
[31miter: 4[0m
[32mtime generate: 0.047579ms[0m
[32mtime int penalty: 0.135855ms[0m
[31miter: 5[0m
[32mtime generate: 0.028689ms[0m
[32mtime int penalty: 0.085107ms[0m
[33m[WARN] [1784881942.138284911]: [MINCO-IRL] stage=stage1_no_sdf iter=4 eval=5 fx=823024.8767 step=1.0000 ls=1 d=(0.0100,0.2200) cost{snap=0.0000, coll=0.0000, guide=9668.7859, yaw=0.0000, dyaw=0.0000} clearance=(0.007,0.090) margin=(-0.003,-0.130) len=9.3465 chord=8.5435 ratio=1.0940 reverse=0 self_cross=0 worst_group=2 status=running[0m
[31miter: 6[0m
[32mtime generate: 0.053497ms[0m
[32mtime int penalty: 0.08446ms[0m
[31miter: 7[0m
[32mtime generate: 0.026546ms[0m
[32mtime int penalty: 0.119379ms[0m
[33m[WARN] [1784881942.141580301]: [MINCO-IRL] stage=stage1_no_sdf iter=6 eval=7 fx=672998.0224 step=1.0000 ls=1 d=(0.0100,0.2200) cost{snap=0.0001, coll=0.0000, guide=49480.6212, yaw=0.0000, dyaw=0.0000} clearance=(-0.073,0.160) margin=(-0.083,-0.060) len=9.6936 chord=8.5435 ratio=1.1346 reverse=0 self_cross=0 worst_group=1 status=running[0m
[31miter: 8[0m
[32mtime generate: 0.03498ms[0m
[32mtime int penalty: 0.105284ms[0m
[31miter: 9[0m
[32mtime generate: 0.028556ms[0m
[32mtime int penalty: 0.080959ms[0m
[31miter: 10[0m
[32mtime generate: 0.027475ms[0m
[32mtime int penalty: 0.073034ms[0m
[31miter: 11[0m
[32mtime generate: 0.026933ms[0m
[32mtime int penalty: 0.095788ms[0m
[33m[WARN] [1784881942.142734378]: [MINCO-IRL] stage=stage1_no_sdf iter=8 eval=11 fx=394597.4240 step=1.0000 ls=1 d=(0.0100,0.2200) cost{snap=0.2572, coll=0.0000, guide=82608.2721, yaw=1002.1890, dyaw=0.0000} clearance=(-0.293,0.206) margin=(-0.303,-0.014) len=14.1440 chord=8.5435 ratio=1.6555 reverse=0 self_cross=1 worst_group=1 status=running[0m
[31miter: 12[0m
[32mtime generate: 0.029823ms[0m
[32mtime int penalty: 0.078897ms[0m
[31miter: 13[0m
[32mtime generate: 0.027688ms[0m
[32mtime int penalty: 0.077313ms[0m
[33m[WARN] [1784881942.143246677]: [MINCO-IRL] stage=stage1_no_sdf iter=10 eval=13 fx=256816.5837 step=1.0000 ls=1 d=(0.0100,0.2200) cost{snap=3.2433, coll=0.0000, guide=21750.3469, yaw=719.8387, dyaw=0.0000} clearance=(-0.280,0.151) margin=(-0.290,-0.069) len=11.0334 chord=8.5435 ratio=1.2914 reverse=0 self_cross=1 worst_group=1 status=running[0m
[31miter: 14[0m
[32mtime generate: 0.03629ms[0m
[32mtime int penalty: 0.096709ms[0m
[31miter: 15[0m
[32mtime generate: 0.031938ms[0m
[32mtime int penalty: 0.07794ms[0m
[31miter: 16[0m
[32mtime generate: 0.044904ms[0m
[32mtime int penalty: 0.149275ms[0m
[31miter: 17[0m
[32mtime generate: 0.028578ms[0m
[32mtime int penalty: 0.080223ms[0m
[33m[WARN] [1784881942.144101258]: [MINCO-IRL] stage=stage1_no_sdf iter=12 eval=17 fx=172617.6230 step=0.5000 ls=2 d=(0.0100,0.2200) cost{snap=25.5474, coll=0.0000, guide=13581.6530, yaw=1018.3987, dyaw=0.0000} clearance=(-0.100,0.167) margin=(-0.110,-0.053) len=9.1621 chord=8.5435 ratio=1.0724 reverse=0 self_cross=0 worst_group=1 status=running[0m
[31miter: 18[0m
[32mtime generate: 0.029798ms[0m
[32mtime int penalty: 0.082356ms[0m
[31miter: 19[0m
[32mtime generate: 0.027349ms[0m
[32mtime int penalty: 0.080324ms[0m
[31miter: 20[0m
[32mtime generate: 0.027036ms[0m
[32mtime int penalty: 0.081277ms[0m
[33m[WARN] [1784881942.144697731]: [MINCO-IRL] stage=stage1_no_sdf iter=14 eval=20 fx=161369.1949 step=1.0000 ls=1 d=(0.0100,0.2200) cost{snap=6.6664, coll=0.0000, guide=11329.9630, yaw=864.2551, dyaw=0.0000} clearance=(-0.063,0.185) margin=(-0.073,-0.035) len=9.0954 chord=8.5435 ratio=1.0646 reverse=0 self_cross=0 worst_group=1 status=running[0m
[31miter: 21[0m
[32mtime generate: 0.028313ms[0m
[32mtime int penalty: 0.080344ms[0m
[31miter: 22[0m
[32mtime generate: 0.026987ms[0m
[32mtime int penalty: 0.080316ms[0m
[33m[WARN] [1784881942.145095145]: [MINCO-IRL] stage=stage1_no_sdf iter=16 eval=22 fx=151225.6976 step=1.0000 ls=1 d=(0.0100,0.2200) cost{snap=15.4925, coll=0.0000, guide=5336.5588, yaw=825.9474, dyaw=0.0000} clearance=(0.001,0.169) margin=(-0.009,-0.051) len=9.1205 chord=8.5435 ratio=1.0675 reverse=0 self_cross=0 worst_group=2 status=running[0m
[31miter: 23[0m
[32mtime generate: 0.02809ms[0m
[32mtime int penalty: 0.088334ms[0m
[31miter: 24[0m
[32mtime generate: 0.027205ms[0m
[32mtime int penalty: 0.081441ms[0m
[31miter: 25[0m
[32mtime generate: 0.026718ms[0m
[32mtime int penalty: 0.08121ms[0m
[33m[WARN] [1784881942.145634782]: [MINCO-IRL] stage=stage1_no_sdf iter=18 eval=25 fx=146024.2616 step=0.5000 ls=2 d=(0.0100,0.2200) cost{snap=28.9166, coll=0.0000, guide=3066.4873, yaw=650.2579, dyaw=0.0000} clearance=(0.004,0.141) margin=(-0.006,-0.079) len=9.1509 chord=8.5435 ratio=1.0711 reverse=0 self_cross=0 worst_group=2 status=running[0m
[31miter: 26[0m
[32mtime generate: 0.027828ms[0m
[32mtime int penalty: 0.083196ms[0m
[31miter: 27[0m
[32mtime generate: 0.027108ms[0m
[32mtime int penalty: 0.080772ms[0m
[33m[WARN] [1784881942.146030252]: [MINCO-IRL] stage=stage1_no_sdf iter=20 eval=27 fx=144106.1313 step=1.0000 ls=1 d=(0.0100,0.2200) cost{snap=21.6534, coll=0.0000, guide=2737.4525, yaw=666.2703, dyaw=0.0000} clearance=(-0.031,0.131) margin=(-0.041,-0.089) len=9.1328 chord=8.5435 ratio=1.0690 reverse=0 self_cross=0 worst_group=2 status=running[0m
[31miter: 28[0m
[32mtime generate: 0.027794ms[0m
[32mtime int penalty: 0.08173ms[0m
[31miter: 29[0m
[32mtime generate: 0.026999ms[0m
[32mtime int penalty: 0.081234ms[0m
[33m[WARN] [1784881942.146422466]: [MINCO-IRL] stage=stage1_no_sdf iter=22 eval=29 fx=143507.8348 step=1.0000 ls=1 d=(0.0100,0.2200) cost{snap=26.0618, coll=0.0000, guide=2927.1321, yaw=554.5860, dyaw=0.0000} clearance=(-0.075,0.124) margin=(-0.085,-0.096) len=9.1174 chord=8.5435 ratio=1.0672 reverse=0 self_cross=0 worst_group=2 status=running[0m
[31miter: 30[0m
[32mtime generate: 0.027858ms[0m
[32mtime int penalty: 0.08151ms[0m
[31miter: 31[0m
[32mtime generate: 0.032557ms[0m
[32mtime int penalty: 0.108531ms[0m
[33m[WARN] [1784881942.146857809]: [MINCO-IRL] stage=stage1_no_sdf iter=24 eval=31 fx=143280.4587 step=1.0000 ls=1 d=(0.0100,0.2200) cost{snap=24.1793, coll=0.0000, guide=2863.3424, yaw=523.6112, dyaw=0.0000} clearance=(-0.078,0.133) margin=(-0.088,-0.087) len=9.1153 chord=8.5435 ratio=1.0669 reverse=0 self_cross=0 worst_group=1 status=running[0m
[31miter: 32[0m
[32mtime generate: 0.028125ms[0m
[32mtime int penalty: 0.082498ms[0m
[31miter: 33[0m
[32mtime generate: 0.026927ms[0m
[32mtime int penalty: 0.082575ms[0m
[33m[WARN] [1784881942.147255247]: [MINCO-IRL] stage=stage1_no_sdf iter=26 eval=33 fx=142966.2260 step=1.0000 ls=1 d=(0.0100,0.2200) cost{snap=18.8622, coll=0.0000, guide=3093.7491, yaw=419.5363, dyaw=0.0000} clearance=(-0.091,0.145) margin=(-0.101,-0.075) len=9.1057 chord=8.5435 ratio=1.0658 reverse=0 self_cross=0 worst_group=1 status=running[0m
[31miter: 34[0m
[32mtime generate: 0.027864ms[0m
[32mtime int penalty: 0.082548ms[0m
[31miter: 35[0m
[32mtime generate: 0.026848ms[0m
[32mtime int penalty: 0.080591ms[0m
[33m[WARN] [1784881942.147647467]: [MINCO-IRL] stage=stage1_no_sdf iter=28 eval=35 fx=142848.0877 step=1.0000 ls=1 d=(0.0100,0.2200) cost{snap=19.9381, coll=0.0000, guide=3093.5425, yaw=374.8973, dyaw=0.0000} clearance=(-0.092,0.143) margin=(-0.102,-0.077) len=9.1064 chord=8.5435 ratio=1.0659 reverse=0 self_cross=0 worst_group=1 status=running[0m
[31miter: 36[0m
[32mtime generate: 0.02788ms[0m
[32mtime int penalty: 0.093923ms[0m
[31miter: 37[0m
[32mtime generate: 0.027203ms[0m
[32mtime int penalty: 0.081955ms[0m
[33m[WARN] [1784881942.148079738]: [MINCO-IRL] stage=stage1_no_sdf iter=30 eval=37 fx=142675.4378 step=1.0000 ls=1 d=(0.0100,0.2200) cost{snap=19.7964, coll=0.0000, guide=3051.6516, yaw=254.8974, dyaw=0.0000} clearance=(-0.086,0.137) margin=(-0.096,-0.083) len=9.1096 chord=8.5435 ratio=1.0663 reverse=0 self_cross=0 worst_group=1 status=running[0m
[31miter: 38[0m
[32mtime generate: 0.028083ms[0m
[32mtime int penalty: 0.082614ms[0m
[31miter: 39[0m
[32mtime generate: 0.027187ms[0m
[32mtime int penalty: 0.081881ms[0m
[33m[WARN] [1784881942.148498072]: [MINCO-IRL] stage=stage1_no_sdf iter=32 eval=39 fx=142522.5625 step=1.0000 ls=1 d=(0.0100,0.2200) cost{snap=21.3725, coll=0.0000, guide=2852.1232, yaw=137.7230, dyaw=0.0000} clearance=(-0.088,0.141) margin=(-0.098,-0.079) len=9.1191 chord=8.5435 ratio=1.0674 reverse=0 self_cross=0 worst_group=1 status=running[0m
[31miter: 40[0m
[32mtime generate: 0.032622ms[0m
[32mtime int penalty: 0.086639ms[0m
[31miter: 41[0m
[32mtime generate: 0.030014ms[0m
[32mtime int penalty: 0.086241ms[0m
[31miter: 42[0m
[32mtime generate: 0.029695ms[0m
[32mtime int penalty: 0.08529ms[0m
[31miter: 43[0m
[32mtime generate: 0.029641ms[0m
[32mtime int penalty: 0.084619ms[0m
[31miter: 44[0m
[32mtime generate: 0.029831ms[0m
[32mtime int penalty: 0.085667ms[0m
[31miter: 45[0m
[32mtime generate: 0.029603ms[0m
[32mtime int penalty: 0.085608ms[0m
[31miter: 46[0m
[32mtime generate: 0.029524ms[0m
[32mtime int penalty: 0.102314ms[0m
[31miter: 47[0m
[32mtime generate: 0.0295ms[0m
[32mtime int penalty: 0.085475ms[0m
[31miter: 48[0m
[32mtime generate: 0.029606ms[0m
[32mtime int penalty: 0.085638ms[0m
[31miter: 49[0m
[32mtime generate: 0.029612ms[0m
[32mtime int penalty: 0.085305ms[0m
[31miter: 50[0m
[32mtime generate: 0.032678ms[0m
[32mtime int penalty: 0.103604ms[0m
[31miter: 51[0m
[32mtime generate: 0.027422ms[0m
[32mtime int penalty: 0.090629ms[0m
[31miter: 52[0m
[32mtime generate: 0.027184ms[0m
[32mtime int penalty: 0.095143ms[0m
[31miter: 53[0m
[32mtime generate: 0.037954ms[0m
[32mtime int penalty: 0.095801ms[0m
[31miter: 54[0m
[32mtime generate: 0.03595ms[0m
[32mtime int penalty: 0.09064ms[0m
[31miter: 55[0m
[32mtime generate: 0.035312ms[0m
[32mtime int penalty: 0.091089ms[0m
[31miter: 56[0m
[32mtime generate: 0.035192ms[0m
[32mtime int penalty: 0.091182ms[0m
[31miter: 57[0m
[32mtime generate: 0.03502ms[0m
[32mtime int penalty: 0.090937ms[0m
[31miter: 58[0m
[32mtime generate: 0.034971ms[0m
[32mtime int penalty: 0.092267ms[0m
[31miter: 59[0m
[32mtime generate: 0.036023ms[0m
[32mtime int penalty: 0.101567ms[0m
[31miter: 60[0m
[32mtime generate: 0.033876ms[0m
[32mtime int penalty: 0.086131ms[0m
[31miter: 61[0m
[32mtime generate: 0.033372ms[0m
[32mtime int penalty: 0.086804ms[0m
[31miter: 62[0m
[32mtime generate: 0.033607ms[0m
[32mtime int penalty: 0.086776ms[0m
[31miter: 63[0m
[32mtime generate: 0.033621ms[0m
[32mtime int penalty: 0.086733ms[0m
[31miter: 64[0m
[32mtime generate: 0.033532ms[0m
[32mtime int penalty: 0.087ms[0m
[31miter: 65[0m
[32mtime generate: 0.033392ms[0m
[32mtime int penalty: 0.086361ms[0m
[31miter: 66[0m
[32mtime generate: 0.033492ms[0m
[32mtime int penalty: 0.087198ms[0m
[31miter: 67[0m
[32mtime generate: 0.033405ms[0m
[32mtime int penalty: 0.086618ms[0m
[31miter: 68[0m
[32mtime generate: 0.03353ms[0m
[32mtime int penalty: 0.086638ms[0m
[31miter: 69[0m
[32mtime generate: 0.033481ms[0m
[32mtime int penalty: 0.086288ms[0m
[31miter: 70[0m
[32mtime generate: 0.033616ms[0m
[32mtime int penalty: 0.090186ms[0m
[31miter: 71[0m
[32mtime generate: 0.033486ms[0m
[32mtime int penalty: 0.08645ms[0m
[31miter: 72[0m
[32mtime generate: 0.033653ms[0m
[32mtime int penalty: 0.086966ms[0m
[31miter: 73[0m
[32mtime generate: 0.033462ms[0m
[32mtime int penalty: 0.086455ms[0m
[31miter: 74[0m
[32mtime generate: 0.033466ms[0m
[32mtime int penalty: 0.087202ms[0m
[31miter: 75[0m
[32mtime generate: 0.033967ms[0m
[32mtime int penalty: 0.086216ms[0m
[31miter: 76[0m
[32mtime generate: 0.033403ms[0m
[32mtime int penalty: 0.086799ms[0m
[31miter: 77[0m
[32mtime generate: 0.033555ms[0m
[32mtime int penalty: 0.086785ms[0m
[31miter: 78[0m
[32mtime generate: 0.033536ms[0m
[32mtime int penalty: 0.086483ms[0m
[31miter: 79[0m
[32mtime generate: 0.033498ms[0m
[32mtime int penalty: 0.086746ms[0m
[31miter: 80[0m
[32mtime generate: 0.033387ms[0m
[32mtime int penalty: 0.08694ms[0m
[31miter: 81[0m
[32mtime generate: 0.034484ms[0m
[32mtime int penalty: 0.086727ms[0m
[31miter: 82[0m
[32mtime generate: 0.040962ms[0m
[32mtime int penalty: 0.088476ms[0m
[31miter: 83[0m
[32mtime generate: 0.033855ms[0m
[32mtime int penalty: 0.115943ms[0m
[31miter: 84[0m
[32mtime generate: 0.033738ms[0m
[32mtime int penalty: 0.086753ms[0m
[31miter: 85[0m
[32mtime generate: 0.032637ms[0m
[32mtime int penalty: 0.084485ms[0m
[31miter: 86[0m
[32mtime generate: 0.032576ms[0m
[32mtime int penalty: 0.084877ms[0m
[31miter: 87[0m
[32mtime generate: 0.032756ms[0m
[32mtime int penalty: 0.084685ms[0m
[31miter: 88[0m
[32mtime generate: 0.032739ms[0m
[32mtime int penalty: 0.085036ms[0m
[31miter: 89[0m
[32mtime generate: 0.032721ms[0m
[32mtime int penalty: 0.084794ms[0m
[31miter: 90[0m
[32mtime generate: 0.032746ms[0m
[32mtime int penalty: 0.084336ms[0m
[31miter: 91[0m
[32mtime generate: 0.032828ms[0m
[32mtime int penalty: 0.084803ms[0m
[31miter: 92[0m
[32mtime generate: 0.047092ms[0m
[32mtime int penalty: 0.084534ms[0m
[31miter: 93[0m
[32mtime generate: 0.032477ms[0m
[32mtime int penalty: 0.084663ms[0m
[31miter: 94[0m
[32mtime generate: 0.032526ms[0m
[32mtime int penalty: 0.085259ms[0m
[31miter: 95[0m
[32mtime generate: 0.032688ms[0m
[32mtime int penalty: 0.085591ms[0m
[31miter: 96[0m
[32mtime generate: 0.032683ms[0m
[32mtime int penalty: 0.08502ms[0m
[31miter: 97[0m
[32mtime generate: 0.033047ms[0m
[32mtime int penalty: 0.085321ms[0m
[31miter: 98[0m
[32mtime generate: 0.032785ms[0m
[32mtime int penalty: 0.085248ms[0m
[31miter: 99[0m
[32mtime generate: 0.032636ms[0m
[32mtime int penalty: 0.105885ms[0m
[31miter: 100[0m
[32mtime generate: 0.033614ms[0m
[32mtime int penalty: 0.098906ms[0m
[31miter: 101[0m
[32mtime generate: 0.03337ms[0m
[32mtime int penalty: 0.085633ms[0m
[31miter: 102[0m
[32mtime generate: 0.032806ms[0m
[32mtime int penalty: 0.119455ms[0m
[31miter: 103[0m
[32mtime generate: 0.032834ms[0m
[32mtime int penalty: 0.085516ms[0m
[31miter: 104[0m
[32mtime generate: 0.03282ms[0m
[32mtime int penalty: 0.106524ms[0m
[31miter: 105[0m
[32mtime generate: 0.033677ms[0m
[32mtime int penalty: 0.08732ms[0m
[31miter: 106[0m
[32mtime generate: 0.033438ms[0m
[32mtime int penalty: 0.087066ms[0m
[31miter: 107[0m
[32mtime generate: 0.03518ms[0m
[32mtime int penalty: 0.126421ms[0m
[31miter: 108[0m
[32mtime generate: 0.034613ms[0m
[32mtime int penalty: 0.085918ms[0m
[31miter: 109[0m
[32mtime generate: 0.033389ms[0m
[32mtime int penalty: 0.085431ms[0m
[31miter: 110[0m
[32mtime generate: 0.032994ms[0m
[32mtime int penalty: 0.085297ms[0m
[31miter: 111[0m
[32mtime generate: 0.032879ms[0m
[32mtime int penalty: 0.084991ms[0m
[31miter: 112[0m
[32mtime generate: 0.032671ms[0m
[32mtime int penalty: 0.084987ms[0m
[31miter: 113[0m
[32mtime generate: 0.032663ms[0m
[32mtime int penalty: 0.084961ms[0m
[31miter: 114[0m
[32mtime generate: 0.054345ms[0m
[32mtime int penalty: 0.148431ms[0m
[31miter: 115[0m
[32mtime generate: 0.026928ms[0m
[32mtime int penalty: 0.143569ms[0m
[31miter: 116[0m
[32mtime generate: 0.049502ms[0m
[32mtime int penalty: 0.105438ms[0m
[31miter: 117[0m
[32mtime generate: 0.026326ms[0m
[32mtime int penalty: 0.078431ms[0m
[31miter: 118[0m
[32mtime generate: 0.02564ms[0m
[32mtime int penalty: 0.07836ms[0m
[31miter: 119[0m
[32mtime generate: 0.034058ms[0m
[32mtime int penalty: 0.087226ms[0m
[31miter: 120[0m
[32mtime generate: 0.034139ms[0m
[32mtime int penalty: 0.087594ms[0m
[31miter: 121[0m
[32mtime generate: 0.033673ms[0m
[32mtime int penalty: 0.087702ms[0m
[31miter: 122[0m
[32mtime generate: 0.034047ms[0m
[32mtime int penalty: 0.087655ms[0m
[31miter: 123[0m
[32mtime generate: 0.033603ms[0m
[32mtime int penalty: 0.098108ms[0m
[31miter: 124[0m
[32mtime generate: 0.033898ms[0m
[32mtime int penalty: 0.087469ms[0m
[31miter: 125[0m
[32mtime generate: 0.033538ms[0m
[32mtime int penalty: 0.087372ms[0m
[31miter: 126[0m
[32mtime generate: 0.033551ms[0m
[32mtime int penalty: 0.087466ms[0m
[31miter: 127[0m
[32mtime generate: 0.033379ms[0m
[32mtime int penalty: 0.087207ms[0m
[31miter: 128[0m
[32mtime generate: 0.03286ms[0m
[32mtime int penalty: 0.085205ms[0m
[31miter: 129[0m
[32mtime generate: 0.032886ms[0m
[32mtime int penalty: 0.10609ms[0m
[31miter: 130[0m
[32mtime generate: 0.05449ms[0m
[32mtime int penalty: 0.098765ms[0m
[31miter: 131[0m
[32mtime generate: 0.034027ms[0m
[32mtime int penalty: 0.087164ms[0m
[31miter: 132[0m
[32mtime generate: 0.035465ms[0m
[32mtime int penalty: 0.102706ms[0m
[31miter: 133[0m
[32mtime generate: 0.048136ms[0m
[32mtime int penalty: 0.087127ms[0m
[31miter: 134[0m
[32mtime generate: 0.049128ms[0m
[32mtime int penalty: 0.110194ms[0m
[31miter: 135[0m
[32mtime generate: 0.035195ms[0m
[32mtime int penalty: 0.091581ms[0m
[31miter: 136[0m
[32mtime generate: 0.033664ms[0m
[32mtime int penalty: 0.098509ms[0m
[31miter: 137[0m
[32mtime generate: 0.032905ms[0m
[32mtime int penalty: 0.085207ms[0m
[31miter: 138[0m
[32mtime generate: 0.033058ms[0m
[32mtime int penalty: 0.085266ms[0m
[31miter: 139[0m
[32mtime generate: 0.032828ms[0m
[32mtime int penalty: 0.085046ms[0m
[31miter: 140[0m
[32mtime generate: 0.032945ms[0m
[32mtime int penalty: 0.08529ms[0m
[31miter: 141[0m
[32mtime generate: 0.032841ms[0m
[32mtime int penalty: 0.085103ms[0m
[31miter: 142[0m
[32mtime generate: 0.032765ms[0m
[32mtime int penalty: 0.085048ms[0m
[31miter: 143[0m
[32mtime generate: 0.032737ms[0m
[32mtime int penalty: 0.085325ms[0m
[31miter: 144[0m
[32mtime generate: 0.032729ms[0m
[32mtime int penalty: 0.085117ms[0m
[31miter: 145[0m
[32mtime generate: 0.032726ms[0m
[32mtime int penalty: 0.085419ms[0m
[31miter: 146[0m
[32mtime generate: 0.032769ms[0m
[32mtime int penalty: 0.085097ms[0m
[31miter: 147[0m
[32mtime generate: 0.032786ms[0m
[32mtime int penalty: 0.106479ms[0m
[31miter: 148[0m
[32mtime generate: 0.033582ms[0m
[32mtime int penalty: 0.087233ms[0m
[31miter: 149[0m
[32mtime generate: 0.03369ms[0m
[32mtime int penalty: 0.087415ms[0m
[31miter: 150[0m
[32mtime generate: 0.033627ms[0m
[32mtime int penalty: 0.08818ms[0m
[31miter: 151[0m
[32mtime generate: 0.033668ms[0m
[32mtime int penalty: 0.087033ms[0m
[31miter: 152[0m
[32mtime generate: 0.033787ms[0m
[32mtime int penalty: 0.122083ms[0m
[31miter: 153[0m
[32mtime generate: 0.03366ms[0m
[32mtime int penalty: 0.108887ms[0m
[31miter: 154[0m
[32mtime generate: 0.047701ms[0m
[32mtime int penalty: 0.087379ms[0m
[31miter: 155[0m
[32mtime generate: 0.033481ms[0m
[32mtime int penalty: 0.099655ms[0m
[31miter: 156[0m
[32mtime generate: 0.032853ms[0m
[32mtime int penalty: 0.085396ms[0m
[31miter: 157[0m
[32mtime generate: 0.033452ms[0m
[32mtime int penalty: 0.118832ms[0m
[31miter: 158[0m
[32mtime generate: 0.033731ms[0m
[32mtime int penalty: 0.121121ms[0m
[31miter: 159[0m
[32mtime generate: 0.04709ms[0m
[32mtime int penalty: 0.085411ms[0m
[31mRevert to the previous point[0m
[48;5;2m[GenTraj] Opt (stage1_no_sdf) done, ret=-1004, objective=142519, elapsed=45.3512ms, collision_cost=0[0m
[0m[INFO] [1784881942.168980146]: [TrajOpt] stored stage-1 warm-start cache: N=11 dim=81 path_pts=11[0m
[32m[GenTraj] Begin opt (stage2_with_sdf)[0m
[31miter: 1[0m
[32mtime generate: 0.050692ms[0m
[32mtime int penalty: 0.12032ms[0m
[31miter: 2[0m
[32mtime generate: 0.033085ms[0m
[32mtime int penalty: 0.08176ms[0m
[31miter: 3[0m
[32mtime generate: 0.032968ms[0m
[32mtime int penalty: 0.100915ms[0m
[0m[INFO] [1784881942.169743885]: [MINCO-IRL] stage=stage2_with_sdf iter=1 eval=3 fx=170929.4551 step=0.0000 ls=2 d=(0.0100,0.2200) cost{snap=106.0423, coll=0.0000, guide=0.0000, yaw=699.1773, dyaw=0.0000} clearance=(0.176,0.411) margin=(0.166,0.191) len=9.6030 chord=8.5435 ratio=1.1240 reverse=0 self_cross=0 worst_group=1 status=running[0m
[31miter: 4[0m
[32mtime generate: 0.070343ms[0m
[32mtime int penalty: 0.098178ms[0m
[0m[INFO] [1784881942.170092372]: [MINCO-IRL] stage=stage2_with_sdf iter=2 eval=4 fx=154725.4325 step=1.0000 ls=1 d=(0.0100,0.2200) cost{snap=16.2177, coll=0.0000, guide=0.0000, yaw=752.7170, dyaw=0.0000} clearance=(0.171,0.385) margin=(0.161,0.165) len=9.6236 chord=8.5435 ratio=1.1264 reverse=0 self_cross=0 worst_group=1 status=running[0m
[31miter: 5[0m
[32mtime generate: 0.035551ms[0m
[32mtime int penalty: 0.084951ms[0m
[31miter: 6[0m
[32mtime generate: 0.034265ms[0m
[32mtime int penalty: 0.083566ms[0m
[0m[INFO] [1784881942.170535852]: [MINCO-IRL] stage=stage2_with_sdf iter=4 eval=6 fx=144926.0159 step=1.0000 ls=1 d=(0.0100,0.2200) cost{snap=24.3799, coll=0.0000, guide=0.0000, yaw=241.8153, dyaw=0.0000} clearance=(0.081,0.373) margin=(0.071,0.153) len=9.3645 chord=8.5435 ratio=1.0961 reverse=0 self_cross=0 worst_group=1 status=running[0m
[31miter: 7[0m
[32mtime generate: 0.037097ms[0m
[32mtime int penalty: 0.08481ms[0m
[31miter: 8[0m
[32mtime generate: 0.033965ms[0m
[32mtime int penalty: 0.08325ms[0m
[0m[INFO] [1784881942.170994234]: [MINCO-IRL] stage=stage2_with_sdf iter=6 eval=8 fx=143381.0515 step=1.0000 ls=1 d=(0.0100,0.2200) cost{snap=20.6497, coll=0.0000, guide=0.0000, yaw=250.8202, dyaw=0.0000} clearance=(0.062,0.350) margin=(0.052,0.130) len=9.3172 chord=8.5435 ratio=1.0906 reverse=0 self_cross=0 worst_group=1 status=running[0m
[31miter: 9[0m
[32mtime generate: 0.037098ms[0m
[32mtime int penalty: 0.083844ms[0m
[31miter: 10[0m
[32mtime generate: 0.033977ms[0m
[32mtime int penalty: 0.088875ms[0m
[0m[INFO] [1784881942.171462647]: [MINCO-IRL] stage=stage2_with_sdf iter=8 eval=10 fx=142515.5257 step=1.0000 ls=1 d=(0.0100,0.2200) cost{snap=21.3914, coll=821.9601, guide=0.0000, yaw=231.8839, dyaw=0.0000} clearance=(0.014,0.270) margin=(0.004,0.050) len=9.2349 chord=8.5435 ratio=1.0809 reverse=0 self_cross=0 worst_group=1 status=running[0m
[31miter: 11[0m
[32mtime generate: 0.036987ms[0m
[32mtime int penalty: 0.088831ms[0m
[31miter: 12[0m
[32mtime generate: 0.035469ms[0m
[32mtime int penalty: 0.120608ms[0m
[31miter: 13[0m
[32mtime generate: 0.037034ms[0m
[32mtime int penalty: 0.084151ms[0m
[0m[INFO] [1784881942.172121854]: [MINCO-IRL] stage=stage2_with_sdf iter=10 eval=13 fx=141402.3091 step=2.1000 ls=2 d=(0.0100,0.2200) cost{snap=20.8613, coll=6.5560, guide=0.0000, yaw=189.8795, dyaw=0.0000} clearance=(0.026,0.265) margin=(0.016,0.045) len=9.2244 chord=8.5435 ratio=1.0797 reverse=0 self_cross=0 worst_group=1 status=running[0m
[31miter: 14[0m
[32mtime generate: 0.040305ms[0m
[32mtime int penalty: 0.087001ms[0m
[31miter: 15[0m
[32mtime generate: 0.034262ms[0m
[32mtime int penalty: 0.085678ms[0m
[31miter: 16[0m
[32mtime generate: 0.034477ms[0m
[32mtime int penalty: 0.085598ms[0m
[31miter: 17[0m
[32mtime generate: 0.03365ms[0m
[32mtime int penalty: 0.083931ms[0m
[0m[INFO] [1784881942.172918967]: [MINCO-IRL] stage=stage2_with_sdf iter=12 eval=17 fx=140903.5665 step=1.0000 ls=1 d=(0.0100,0.2200) cost{snap=20.7607, coll=52.8424, guide=0.0000, yaw=134.0982, dyaw=0.0000} clearance=(0.024,0.245) margin=(0.014,0.025) len=9.1987 chord=8.5435 ratio=1.0767 reverse=0 self_cross=0 worst_group=1 status=running[0m
[31miter: 18[0m
[32mtime generate: 0.03779ms[0m
[32mtime int penalty: 0.085386ms[0m
[31miter: 19[0m
[32mtime generate: 0.03375ms[0m
[32mtime int penalty: 0.084427ms[0m
[31miter: 20[0m
[32mtime generate: 0.033674ms[0m
[32mtime int penalty: 0.084123ms[0m
[31miter: 21[0m
[32mtime generate: 0.033809ms[0m
[32mtime int penalty: 0.0844ms[0m
[31miter: 22[0m
[32mtime generate: 0.03388ms[0m
[32mtime int penalty: 0.084273ms[0m
[0m[INFO] [1784881942.173871134]: [MINCO-IRL] stage=stage2_with_sdf iter=14 eval=22 fx=140711.2983 step=0.2500 ls=3 d=(0.0100,0.2200) cost{snap=20.5856, coll=57.1916, guide=0.0000, yaw=119.6233, dyaw=0.0000} clearance=(0.026,0.235) margin=(0.016,0.015) len=9.1879 chord=8.5435 ratio=1.0754 reverse=0 self_cross=0 worst_group=2 status=running[0m
[31miter: 23[0m
[32mtime generate: 0.051888ms[0m
[32mtime int penalty: 0.084934ms[0m
[31miter: 24[0m
[32mtime generate: 0.033752ms[0m
[32mtime int penalty: 0.084054ms[0m
[0m[INFO] [1784881942.174336069]: [MINCO-IRL] stage=stage2_with_sdf iter=16 eval=24 fx=140534.8072 step=1.0000 ls=1 d=(0.0100,0.2200) cost{snap=20.8652, coll=23.5818, guide=0.0000, yaw=106.6456, dyaw=0.0000} clearance=(0.027,0.237) margin=(0.017,0.017) len=9.1780 chord=8.5435 ratio=1.0743 reverse=0 self_cross=0 worst_group=1 status=running[0m
[31miter: 25[0m
[32mtime generate: 0.036903ms[0m
[32mtime int penalty: 0.084936ms[0m
[31miter: 26[0m
[32mtime generate: 0.034167ms[0m
[32mtime int penalty: 0.085164ms[0m
[0m[INFO] [1784881942.174841401]: [MINCO-IRL] stage=stage2_with_sdf iter=18 eval=26 fx=140193.8423 step=1.0000 ls=1 d=(0.0100,0.2200) cost{snap=17.5992, coll=5.7226, guide=0.0000, yaw=127.8012, dyaw=0.0000} clearance=(0.028,0.238) margin=(0.018,0.018) len=9.1562 chord=8.5435 ratio=1.0717 reverse=0 self_cross=0 worst_group=2 status=running[0m
[31miter: 27[0m
[32mtime generate: 0.051109ms[0m
[32mtime int penalty: 0.097369ms[0m
[31miter: 28[0m
[32mtime generate: 0.033138ms[0m
[32mtime int penalty: 0.081508ms[0m
[0m[INFO] [1784881942.175312209]: [MINCO-IRL] stage=stage2_with_sdf iter=20 eval=28 fx=140091.1642 step=1.0000 ls=1 d=(0.0100,0.2200) cost{snap=18.7057, coll=38.2798, guide=0.0000, yaw=128.9697, dyaw=0.0000} clearance=(0.025,0.237) margin=(0.015,0.017) len=9.1446 chord=8.5435 ratio=1.0704 reverse=0 self_cross=0 worst_group=1 status=running[0m
[31miter: 29[0m
[32mtime generate: 0.035238ms[0m
[32mtime int penalty: 0.084307ms[0m
[31miter: 30[0m
[32mtime generate: 0.033646ms[0m
[32mtime int penalty: 0.108499ms[0m
[0m[INFO] [1784881942.175795749]: [MINCO-IRL] stage=stage2_with_sdf iter=22 eval=30 fx=140079.1662 step=1.0000 ls=1 d=(0.0100,0.2200) cost{snap=19.3676, coll=26.6969, guide=0.0000, yaw=127.2505, dyaw=0.0000} clearance=(0.026,0.237) margin=(0.016,0.017) len=9.1444 chord=8.5435 ratio=1.0703 reverse=0 self_cross=0 worst_group=1 status=running[0m
[31miter: 31[0m
[32mtime generate: 0.059368ms[0m
[32mtime int penalty: 0.101329ms[0m
[31miter: 32[0m
[32mtime generate: 0.047419ms[0m
[32mtime int penalty: 0.082684ms[0m
[0m[INFO] [1784881942.176292463]: [MINCO-IRL] stage=stage2_with_sdf iter=24 eval=32 fx=140063.2498 step=1.0000 ls=1 d=(0.0100,0.2200) cost{snap=19.7136, coll=22.8094, guide=0.0000, yaw=122.7547, dyaw=0.0000} clearance=(0.026,0.237) margin=(0.016,0.017) len=9.1432 chord=8.5435 ratio=1.0702 reverse=0 self_cross=0 worst_group=1 status=running[0m
[31miter: 33[0m
[32mtime generate: 0.069853ms[0m
[32mtime int penalty: 0.11386ms[0m
[31miter: 34[0m
[32mtime generate: 0.033199ms[0m
[32mtime int penalty: 0.126309ms[0m
[0m[INFO] [1784881942.176867293]: [MINCO-IRL] stage=stage2_with_sdf iter=26 eval=34 fx=140032.3845 step=1.0000 ls=1 d=(0.0100,0.2200) cost{snap=20.6489, coll=19.8622, guide=0.0000, yaw=106.3370, dyaw=0.0000} clearance=(0.026,0.237) margin=(0.016,0.017) len=9.1384 chord=8.5435 ratio=1.0696 reverse=0 self_cross=0 worst_group=1 status=running[0m
[31miter: 35[0m
[32mtime generate: 0.049184ms[0m
[32mtime int penalty: 0.082778ms[0m
[31miter: 36[0m
[32mtime generate: 0.033381ms[0m
[32mtime int penalty: 0.102579ms[0m
[0m[INFO] [1784881942.177343961]: [MINCO-IRL] stage=stage2_with_sdf iter=28 eval=36 fx=139996.2365 step=1.0000 ls=1 d=(0.0100,0.2200) cost{snap=21.6904, coll=22.8462, guide=0.0000, yaw=78.6245, dyaw=0.0000} clearance=(0.025,0.237) margin=(0.015,0.017) len=9.1380 chord=8.5435 ratio=1.0696 reverse=0 self_cross=0 worst_group=1 status=running[0m
[31miter: 37[0m
[32mtime generate: 0.036982ms[0m
[32mtime int penalty: 0.088899ms[0m
[31miter: 38[0m
[32mtime generate: 0.035362ms[0m
[32mtime int penalty: 0.087594ms[0m
[0m[INFO] [1784881942.177816117]: [MINCO-IRL] stage=stage2_with_sdf iter=30 eval=38 fx=139944.7409 step=1.0000 ls=1 d=(0.0100,0.2200) cost{snap=22.0758, coll=25.7513, guide=0.0000, yaw=47.9859, dyaw=0.0000} clearance=(0.025,0.237) margin=(0.015,0.017) len=9.1370 chord=8.5435 ratio=1.0695 reverse=0 self_cross=0 worst_group=1 status=running[0m
[31miter: 39[0m
[32mtime generate: 0.036763ms[0m
[32mtime int penalty: 0.089209ms[0m
[31miter: 40[0m
[32mtime generate: 0.035388ms[0m
[32mtime int penalty: 0.0875ms[0m
[31miter: 41[0m
[32mtime generate: 0.035351ms[0m
[32mtime int penalty: 0.087716ms[0m
[0m[INFO] [1784881942.178493201]: [MINCO-IRL] stage=stage2_with_sdf iter=32 eval=41 fx=139850.1078 step=0.5000 ls=2 d=(0.0100,0.2200) cost{snap=21.7174, coll=50.3481, guide=0.0000, yaw=5.9147, dyaw=0.0000} clearance=(0.025,0.236) margin=(0.015,0.016) len=9.1377 chord=8.5435 ratio=1.0695 reverse=0 self_cross=0 worst_group=1 status=running[0m
[31miter: 42[0m
[32mtime generate: 0.038272ms[0m
[32mtime int penalty: 0.088623ms[0m
[31miter: 43[0m
[32mtime generate: 0.035784ms[0m
[32mtime int penalty: 0.087768ms[0m
[0m[INFO] [1784881942.178957751]: [MINCO-IRL] stage=stage2_with_sdf iter=34 eval=43 fx=139764.2062 step=1.0000 ls=1 d=(0.0100,0.2200) cost{snap=22.3475, coll=21.7111, guide=0.0000, yaw=3.0686, dyaw=0.0000} clearance=(0.025,0.237) margin=(0.015,0.017) len=9.1391 chord=8.5435 ratio=1.0697 reverse=0 self_cross=0 worst_group=1 status=running[0m
[31miter: 44[0m
[32mtime generate: 0.037629ms[0m
[32mtime int penalty: 0.088402ms[0m
[31miter: 45[0m
[32mtime generate: 0.035483ms[0m
[32mtime int penalty: 0.086807ms[0m
[0m[INFO] [1784881942.179412894]: [MINCO-IRL] stage=stage2_with_sdf iter=36 eval=45 fx=139704.7884 step=1.0000 ls=1 d=(0.0100,0.2200) cost{snap=21.4281, coll=25.1274, guide=0.0000, yaw=0.6577, dyaw=0.0000} clearance=(0.027,0.236) margin=(0.017,0.016) len=9.1387 chord=8.5435 ratio=1.0697 reverse=0 self_cross=0 worst_group=2 status=running[0m
[31miter: 46[0m
[32mtime generate: 0.03711ms[0m
[32mtime int penalty: 0.087474ms[0m
[31miter: 47[0m
[32mtime generate: 0.03551ms[0m
[32mtime int penalty: 0.087082ms[0m
[0m[INFO] [1784881942.179908263]: [MINCO-IRL] stage=stage2_with_sdf iter=38 eval=47 fx=139651.9117 step=1.0000 ls=1 d=(0.0100,0.2200) cost{snap=23.4382, coll=29.2027, guide=0.0000, yaw=0.0076, dyaw=5.6287} clearance=(0.026,0.236) margin=(0.016,0.016) len=9.1388 chord=8.5435 ratio=1.0697 reverse=0 self_cross=0 worst_group=1 status=running[0m
[31miter: 48[0m
[32mtime generate: 0.052346ms[0m
[32mtime int penalty: 0.133828ms[0m
[31miter: 49[0m
[32mtime generate: 0.033955ms[0m
[32mtime int penalty: 0.105298ms[0m
[0m[INFO] [1784881942.180520972]: [MINCO-IRL] stage=stage2_with_sdf iter=40 eval=49 fx=139620.5354 step=1.0000 ls=1 d=(0.0100,0.2200) cost{snap=23.8884, coll=21.6973, guide=0.0000, yaw=0.0016, dyaw=0.3519} clearance=(0.025,0.237) margin=(0.015,0.017) len=9.1418 chord=8.5435 ratio=1.0700 reverse=0 self_cross=0 worst_group=1 status=running[0m
[31miter: 50[0m
[32mtime generate: 0.049861ms[0m
[32mtime int penalty: 0.083104ms[0m
[31miter: 51[0m
[32mtime generate: 0.033957ms[0m
[32mtime int penalty: 0.083042ms[0m
[0m[INFO] [1784881942.181030586]: [MINCO-IRL] stage=stage2_with_sdf iter=42 eval=51 fx=139582.8942 step=1.0000 ls=1 d=(0.0100,0.2200) cost{snap=24.8359, coll=17.8678, guide=0.0000, yaw=0.0000, dyaw=0.0000} clearance=(0.025,0.238) margin=(0.015,0.018) len=9.1437 chord=8.5435 ratio=1.0702 reverse=0 self_cross=0 worst_group=1 status=running[0m
[31miter: 52[0m
[32mtime generate: 0.036192ms[0m
[32mtime int penalty: 0.139269ms[0m
[31miter: 53[0m
[32mtime generate: 0.065614ms[0m
[32mtime int penalty: 0.091108ms[0m
[0m[INFO] [1784881942.181609929]: [MINCO-IRL] stage=stage2_with_sdf iter=44 eval=53 fx=139534.6017 step=1.0000 ls=1 d=(0.0100,0.2200) cost{snap=27.9220, coll=28.3806, guide=0.0000, yaw=0.0000, dyaw=0.0000} clearance=(0.026,0.237) margin=(0.016,0.017) len=9.1400 chord=8.5435 ratio=1.0698 reverse=0 self_cross=0 worst_group=1 status=running[0m
[31miter: 54[0m
[32mtime generate: 0.026898ms[0m
[32mtime int penalty: 0.074125ms[0m
[31miter: 55[0m
[32mtime generate: 0.025724ms[0m
[32mtime int penalty: 0.095559ms[0m
[0m[INFO] [1784881942.182011798]: [MINCO-IRL] stage=stage2_with_sdf iter=46 eval=55 fx=139498.2818 step=1.0000 ls=1 d=(0.0100,0.2200) cost{snap=30.3537, coll=35.0703, guide=0.0000, yaw=0.0000, dyaw=0.0000} clearance=(0.026,0.237) margin=(0.016,0.017) len=9.1361 chord=8.5435 ratio=1.0694 reverse=0 self_cross=0 worst_group=1 status=running[0m
[31miter: 56[0m
[32mtime generate: 0.039128ms[0m
[32mtime int penalty: 0.088458ms[0m
[31miter: 57[0m
[32mtime generate: 0.03573ms[0m
[32mtime int penalty: 0.087267ms[0m
[0m[INFO] [1784881942.182464603]: [MINCO-IRL] stage=stage2_with_sdf iter=48 eval=57 fx=139424.2400 step=1.0000 ls=1 d=(0.0100,0.2200) cost{snap=33.2102, coll=57.9274, guide=0.0000, yaw=0.2390, dyaw=0.0000} clearance=(0.025,0.236) margin=(0.015,0.016) len=9.1351 chord=8.5435 ratio=1.0692 reverse=0 self_cross=0 worst_group=1 status=running[0m
[31miter: 58[0m
[32mtime generate: 0.037002ms[0m
[32mtime int penalty: 0.087445ms[0m
[31miter: 59[0m
[32mtime generate: 0.035386ms[0m
[32mtime int penalty: 0.087388ms[0m
[0m[INFO] [1784881942.182914196]: [MINCO-IRL] stage=stage2_with_sdf iter=50 eval=59 fx=139389.9469 step=1.0000 ls=1 d=(0.0100,0.2200) cost{snap=34.4900, coll=45.7192, guide=0.0000, yaw=9.4313, dyaw=4.7496} clearance=(0.025,0.236) margin=(0.015,0.016) len=9.1391 chord=8.5435 ratio=1.0697 reverse=0 self_cross=0 worst_group=1 status=running[0m
[31miter: 60[0m
[32mtime generate: 0.037411ms[0m
[32mtime int penalty: 0.08763ms[0m
[31miter: 61[0m
[32mtime generate: 0.035686ms[0m
[32mtime int penalty: 0.086727ms[0m
[0m[INFO] [1784881942.183367005]: [MINCO-IRL] stage=stage2_with_sdf iter=52 eval=61 fx=139351.7973 step=1.0000 ls=1 d=(0.0100,0.2200) cost{snap=35.6233, coll=11.9791, guide=0.0000, yaw=0.0015, dyaw=0.0000} clearance=(0.026,0.238) margin=(0.016,0.018) len=9.1426 chord=8.5435 ratio=1.0701 reverse=0 self_cross=0 worst_group=1 status=running[0m
[31miter: 62[0m
[32mtime generate: 0.036906ms[0m
[32mtime int penalty: 0.087853ms[0m
[31miter: 63[0m
[32mtime generate: 0.035419ms[0m
[32mtime int penalty: 0.087093ms[0m
[0m[INFO] [1784881942.183843485]: [MINCO-IRL] stage=stage2_with_sdf iter=54 eval=63 fx=139312.9335 step=1.0000 ls=1 d=(0.0100,0.2200) cost{snap=38.4404, coll=42.2216, guide=0.0000, yaw=1.3539, dyaw=0.0000} clearance=(0.025,0.236) margin=(0.015,0.016) len=9.1431 chord=8.5435 ratio=1.0702 reverse=0 self_cross=0 worst_group=1 status=running[0m
[31miter: 64[0m
[32mtime generate: 0.038772ms[0m
[32mtime int penalty: 0.089657ms[0m
[31miter: 65[0m
[32mtime generate: 0.035758ms[0m
[32mtime int penalty: 0.087065ms[0m
[0m[INFO] [1784881942.184301406]: [MINCO-IRL] stage=stage2_with_sdf iter=56 eval=65 fx=139269.6788 step=1.0000 ls=1 d=(0.0100,0.2200) cost{snap=39.3041, coll=22.4163, guide=0.0000, yaw=1.8657, dyaw=0.0000} clearance=(0.026,0.237) margin=(0.016,0.017) len=9.1452 chord=8.5435 ratio=1.0704 reverse=0 self_cross=0 worst_group=1 status=running[0m
[31miter: 66[0m
[32mtime generate: 0.037397ms[0m
[32mtime int penalty: 0.087729ms[0m
[31miter: 67[0m
[32mtime generate: 0.035417ms[0m
[32mtime int penalty: 0.087301ms[0m
[0m[INFO] [1784881942.184751490]: [MINCO-IRL] stage=stage2_with_sdf iter=58 eval=67 fx=139231.5441 step=1.0000 ls=1 d=(0.0100,0.2200) cost{snap=41.1277, coll=10.3003, guide=0.0000, yaw=2.0753, dyaw=0.0001} clearance=(0.027,0.238) margin=(0.017,0.018) len=9.1461 chord=8.5435 ratio=1.0705 reverse=0 self_cross=0 worst_group=1 status=running[0m
[31miter: 68[0m
[32mtime generate: 0.03682ms[0m
[32mtime int penalty: 0.088328ms[0m
[31miter: 69[0m
[32mtime generate: 0.035496ms[0m
[32mtime int penalty: 0.087322ms[0m
[0m[INFO] [1784881942.185206236]: [MINCO-IRL] stage=stage2_with_sdf iter=60 eval=69 fx=139149.6470 step=1.0000 ls=1 d=(0.0100,0.2200) cost{snap=46.6984, coll=30.6216, guide=0.0000, yaw=6.3878, dyaw=0.0000} clearance=(0.025,0.237) margin=(0.015,0.017) len=9.1361 chord=8.5435 ratio=1.0694 reverse=0 self_cross=0 worst_group=1 status=running[0m
[31miter: 70[0m
[32mtime generate: 0.037002ms[0m
[32mtime int penalty: 0.087496ms[0m
[31miter: 71[0m
[32mtime generate: 0.035415ms[0m
[32mtime int penalty: 0.087415ms[0m
[0m[INFO] [1784881942.185655369]: [MINCO-IRL] stage=stage2_with_sdf iter=62 eval=71 fx=139124.2350 step=1.0000 ls=1 d=(0.0100,0.2200) cost{snap=47.1948, coll=22.0897, guide=0.0000, yaw=8.4108, dyaw=0.0000} clearance=(0.025,0.237) margin=(0.015,0.017) len=9.1345 chord=8.5435 ratio=1.0692 reverse=0 self_cross=0 worst_group=1 status=running[0m
[31miter: 72[0m
[32mtime generate: 0.036616ms[0m
[32mtime int penalty: 0.089009ms[0m
[31miter: 73[0m
[32mtime generate: 0.035351ms[0m
[32mtime int penalty: 0.087095ms[0m
[0m[INFO] [1784881942.186104167]: [MINCO-IRL] stage=stage2_with_sdf iter=64 eval=73 fx=139092.5711 step=1.0000 ls=1 d=(0.0100,0.2200) cost{snap=46.5676, coll=33.8264, guide=0.0000, yaw=21.1872, dyaw=3.3123} clearance=(0.025,0.237) margin=(0.015,0.017) len=9.1369 chord=8.5435 ratio=1.0694 reverse=0 self_cross=0 worst_group=1 status=running[0m
[31miter: 74[0m
[32mtime generate: 0.036893ms[0m
[32mtime int penalty: 0.092634ms[0m
[31miter: 75[0m
[32mtime generate: 0.03553ms[0m
[32mtime int penalty: 0.087662ms[0m
[0m[INFO] [1784881942.186559877]: [MINCO-IRL] stage=stage2_with_sdf iter=66 eval=75 fx=139064.3414 step=1.0000 ls=1 d=(0.0100,0.2200) cost{snap=49.6943, coll=23.2366, guide=0.0000, yaw=22.2976, dyaw=0.0152} clearance=(0.025,0.237) margin=(0.015,0.017) len=9.1382 chord=8.5435 ratio=1.0696 reverse=0 self_cross=0 worst_group=1 status=running[0m
[31miter: 76[0m
[32mtime generate: 0.037014ms[0m
[32mtime int penalty: 0.087493ms[0m
[31miter: 77[0m
[32mtime generate: 0.035458ms[0m
[32mtime int penalty: 0.086818ms[0m
[0m[INFO] [1784881942.187007318]: [MINCO-IRL] stage=stage2_with_sdf iter=68 eval=77 fx=139047.2825 step=1.0000 ls=1 d=(0.0100,0.2200) cost{snap=51.7982, coll=17.4903, guide=0.0000, yaw=24.3746, dyaw=0.4944} clearance=(0.025,0.237) margin=(0.015,0.017) len=9.1406 chord=8.5435 ratio=1.0699 reverse=0 self_cross=0 worst_group=1 status=running[0m
[31miter: 78[0m
[32mtime generate: 0.036899ms[0m
[32mtime int penalty: 0.087538ms[0m
[31miter: 79[0m
[32mtime generate: 0.035735ms[0m
[32mtime int penalty: 0.087287ms[0m
[0m[INFO] [1784881942.187455039]: [MINCO-IRL] stage=stage2_with_sdf iter=70 eval=79 fx=139017.6357 step=1.0000 ls=1 d=(0.0100,0.2200) cost{snap=54.9754, coll=21.1490, guide=0.0000, yaw=28.4691, dyaw=0.8691} clearance=(0.025,0.237) margin=(0.015,0.017) len=9.1404 chord=8.5435 ratio=1.0699 reverse=0 self_cross=0 worst_group=1 status=running[0m
[31miter: 80[0m
[32mtime generate: 0.036681ms[0m
[32mtime int penalty: 0.087405ms[0m
[31miter: 81[0m
[32mtime generate: 0.035372ms[0m
[32mtime int penalty: 0.094731ms[0m
[0m[INFO] [1784881942.187915243]: [MINCO-IRL] stage=stage2_with_sdf iter=72 eval=81 fx=138992.9574 step=1.0000 ls=1 d=(0.0100,0.2200) cost{snap=57.3941, coll=19.8381, guide=0.0000, yaw=34.5524, dyaw=1.7686} clearance=(0.025,0.237) margin=(0.015,0.017) len=9.1411 chord=8.5435 ratio=1.0699 reverse=0 self_cross=0 worst_group=1 status=running[0m
[31miter: 82[0m
[32mtime generate: 0.039028ms[0m
[32mtime int penalty: 0.088331ms[0m
[31miter: 83[0m
[32mtime generate: 0.036598ms[0m
[32mtime int penalty: 0.088135ms[0m
[0m[INFO] [1784881942.188398796]: [MINCO-IRL] stage=stage2_with_sdf iter=74 eval=83 fx=138966.6369 step=1.0000 ls=1 d=(0.0100,0.2200) cost{snap=57.8705, coll=31.0454, guide=0.0000, yaw=38.1523, dyaw=0.3984} clearance=(0.025,0.237) margin=(0.015,0.017) len=9.1388 chord=8.5435 ratio=1.0697 reverse=0 self_cross=0 worst_group=1 status=running[0m
[31miter: 84[0m
[32mtime generate: 0.038866ms[0m
[32mtime int penalty: 0.089761ms[0m
[31miter: 85[0m
[32mtime generate: 0.035652ms[0m
[32mtime int penalty: 0.087012ms[0m
[0m[INFO] [1784881942.188873297]: [MINCO-IRL] stage=stage2_with_sdf iter=76 eval=85 fx=138941.7102 step=1.0000 ls=1 d=(0.0100,0.2200) cost{snap=58.9198, coll=21.9682, guide=0.0000, yaw=43.4406, dyaw=0.1529} clearance=(0.025,0.237) margin=(0.015,0.017) len=9.1382 chord=8.5435 ratio=1.0696 reverse=0 self_cross=0 worst_group=1 status=running[0m
[31miter: 86[0m
[32mtime generate: 0.037079ms[0m
[32mtime int penalty: 0.090412ms[0m
[31miter: 87[0m
[32mtime generate: 0.035713ms[0m
[32mtime int penalty: 0.087247ms[0m
[0m[INFO] [1784881942.189327887]: [MINCO-IRL] stage=stage2_with_sdf iter=78 eval=87 fx=138927.0949 step=1.0000 ls=1 d=(0.0100,0.2200) cost{snap=58.7514, coll=26.5379, guide=0.0000, yaw=50.0913, dyaw=1.3717} clearance=(0.025,0.237) margin=(0.015,0.017) len=9.1406 chord=8.5435 ratio=1.0699 reverse=0 self_cross=0 worst_group=1 status=running[0m
[31miter: 88[0m
[32mtime generate: 0.037301ms[0m
[32mtime int penalty: 0.088054ms[0m
[31miter: 89[0m
[32mtime generate: 0.035532ms[0m
[32mtime int penalty: 0.087158ms[0m
[0m[INFO] [1784881942.189777016]: [MINCO-IRL] stage=stage2_with_sdf iter=80 eval=89 fx=138916.0942 step=1.0000 ls=1 d=(0.0100,0.2200) cost{snap=58.5216, coll=21.2313, guide=0.0000, yaw=49.7207, dyaw=0.7094} clearance=(0.025,0.237) margin=(0.015,0.017) len=9.1428 chord=8.5435 ratio=1.0701 reverse=0 self_cross=0 worst_group=1 status=running[0m
[31miter: 90[0m
[32mtime generate: 0.036848ms[0m
[32mtime int penalty: 0.088121ms[0m
[31miter: 91[0m
[32mtime generate: 0.035342ms[0m
[32mtime int penalty: 0.087594ms[0m
[0m[INFO] [1784881942.190229763]: [MINCO-IRL] stage=stage2_with_sdf iter=82 eval=91 fx=138904.4447 step=1.0000 ls=1 d=(0.0100,0.2200) cost{snap=56.1710, coll=20.6677, guide=0.0000, yaw=50.2363, dyaw=0.6637} clearance=(0.025,0.237) margin=(0.015,0.017) len=9.1428 chord=8.5435 ratio=1.0701 reverse=0 self_cross=0 worst_group=1 status=running[0m
[31miter: 92[0m
[32mtime generate: 0.037218ms[0m
[32mtime int penalty: 0.087553ms[0m
[31miter: 93[0m
[32mtime generate: 0.035426ms[0m
[32mtime int penalty: 0.087023ms[0m
[0m[INFO] [1784881942.190677941]: [MINCO-IRL] stage=stage2_with_sdf iter=84 eval=93 fx=138895.1318 step=1.0000 ls=1 d=(0.0100,0.2200) cost{snap=55.9157, coll=26.3809, guide=0.0000, yaw=47.2626, dyaw=0.1642} clearance=(0.025,0.237) margin=(0.015,0.017) len=9.1438 chord=8.5435 ratio=1.0703 reverse=0 self_cross=0 worst_group=1 status=running[0m
[31miter: 94[0m
[32mtime generate: 0.037119ms[0m
[32mtime int penalty: 0.090886ms[0m
[31miter: 95[0m
[32mtime generate: 0.027825ms[0m
[32mtime int penalty: 0.078162ms[0m
[0m[INFO] [1784881942.191104449]: [MINCO-IRL] stage=stage2_with_sdf iter=86 eval=95 fx=138879.2742 step=1.0000 ls=1 d=(0.0100,0.2200) cost{snap=59.7870, coll=25.8262, guide=0.0000, yaw=48.2116, dyaw=0.0000} clearance=(0.025,0.237) margin=(0.015,0.017) len=9.1462 chord=8.5435 ratio=1.0705 reverse=0 self_cross=0 worst_group=1 status=running[0m
[31miter: 96[0m
[32mtime generate: 0.038813ms[0m
[32mtime int penalty: 0.0881ms[0m
[31miter: 97[0m
[32mtime generate: 0.035619ms[0m
[32mtime int penalty: 0.087303ms[0m
[31miter: 98[0m
[32mtime generate: 0.035466ms[0m
[32mtime int penalty: 0.08787ms[0m
[31miter: 99[0m
[32mtime generate: 0.035324ms[0m
[32mtime int penalty: 0.10145ms[0m
[31miter: 100[0m
[32mtime generate: 0.035412ms[0m
[32mtime int penalty: 0.087122ms[0m
[0m[INFO] [1784881942.192077073]: [MINCO-IRL] stage=stage2_with_sdf iter=88 eval=100 fx=138868.0224 step=0.1250 ls=4 d=(0.0100,0.2200) cost{snap=64.7241, coll=19.3702, guide=0.0000, yaw=47.6114, dyaw=5.5991} clearance=(0.026,0.237) margin=(0.016,0.017) len=9.1488 chord=8.5435 ratio=1.0708 reverse=0 self_cross=0 worst_group=1 status=running[0m
[31miter: 101[0m
[32mtime generate: 0.036892ms[0m
[32mtime int penalty: 0.087309ms[0m
[31miter: 102[0m
[32mtime generate: 0.035413ms[0m
[32mtime int penalty: 0.086982ms[0m
[0m[INFO] [1784881942.192532130]: [MINCO-IRL] stage=stage2_with_sdf iter=90 eval=102 fx=138854.8779 step=1.0000 ls=1 d=(0.0100,0.2200) cost{snap=64.6524, coll=17.3215, guide=0.0000, yaw=45.1045, dyaw=0.7363} clearance=(0.025,0.237) margin=(0.015,0.017) len=9.1463 chord=8.5435 ratio=1.0706 reverse=0 self_cross=0 worst_group=1 status=running[0m
[31miter: 103[0m
[32mtime generate: 0.037109ms[0m
[32mtime int penalty: 0.08771ms[0m
[31miter: 104[0m
[32mtime generate: 0.035601ms[0m
[32mtime int penalty: 0.086901ms[0m
[0m[INFO] [1784881942.192994689]: [MINCO-IRL] stage=stage2_with_sdf iter=92 eval=104 fx=138849.9109 step=1.0000 ls=1 d=(0.0100,0.2200) cost{snap=64.8650, coll=21.9106, guide=0.0000, yaw=41.3961, dyaw=1.0013} clearance=(0.025,0.237) margin=(0.015,0.017) len=9.1457 chord=8.5435 ratio=1.0705 reverse=0 self_cross=0 worst_group=1 status=running[0m
[48;5;2m[GenTraj] Opt (stage2_with_sdf) done, ret=1, objective=138850, elapsed=24.0172ms, collision_cost=21.9106[0m
[48;5;2m[GenTraj] 5 Opt done[0m
innerloop costs: 3.18559ms
integral costs: 9.37763ms
[32m>ret(stage2): 1[0m
iter: 104
[0m[INFO] [1784881942.193124421]: [TrajOpt][IRL] sphere hard check pass, min_margin=0.015, group=1[0m
[0m[INFO] [1784881942.193194700]: [MINCO-IRL] stage=final iter=104 eval=104 fx=129.1730 step=0.0000 ls=0 d=(0.0100,0.2200) cost{snap=64.8650, coll=21.9106, guide=0.0000, yaw=41.3961, dyaw=1.0013} clearance=(0.025,0.237) margin=(0.015,0.017) len=9.1457 chord=8.5435 ratio=1.0705 reverse=0 self_cross=0 worst_group=1 status=success[0m
[33mtraj_cur duration: 16.0914[0m
[31m[plan node] Plan Time Exceed: 0.0741542[0m
[31m[plan node] Plan Time Exceed Cause Replan Fail.[0m
[plan node] plan done
------------valid check
[32m[plan node] REPLAN SUCCESS.[0m
[31m[plan node] Error! thread time exceed! 74.2628ms[0m
------------------- Plan Thread(GOAL) -----------------------
[plan node] get init state
[plan node] plan done
[32m[plan node] NO NEED TO REPLAN.[0m
[31m[exe_traj] Error! pos jump, please adjust the plan_hz and plan_estimated_time.[0m
[31mlast_pos_cmd_:0 0 0 p:-0.261959  -0.00623       1.2[0m
[32m[traj_server] Planned terminal state published. traj_id=3[0m
[32m[traj_server] Planned MINCO trajectory published. traj_id=3 pieces=11 order=7[0m
[32m[traj_server] Planned trajectory samples published. traj_id=3 points=1611[0m
[31m/traj/3[0m
------------------- Plan Thread(GOAL) -----------------------
[plan node] get init state
[plan node] plan done
[32m[plan node] NO NEED TO REPLAN.[0m
[33m[data_callback] Planner hold active: reset to HOVER and wait for next goal.[0m
[33m[FSM] GOAL -> HOVER (scene planner hold)[0m
------------------- Plan Thread(HOVER) -----------------------
[plan node] hovering...
[31m/traj/4[0m
------------------- Plan Thread(HOVER) -----------------------
[plan node] hovering...
[31m/traj/5[0m
------------------- Plan Thread(HOVER) -----------------------
[plan node] hovering...
[31m/traj/6[0m
------------------- Plan Thread(HOVER) -----------------------
[plan node] hovering...
[31m/traj/7[0m
------------------- Plan Thread(HOVER) -----------------------
[plan node] hovering...
[31m/traj/8[0m
[0m[INFO] [1784881942.619038334]: [MapInterface][IRL] split env_pcl by x=0.000 into group1/group2: 0 / 0 pts[0m
------------------- Plan Thread(HOVER) -----------------------
[plan node] hovering...
[31m/traj/9[0m
------------------- Plan Thread(HOVER) -----------------------
[plan node] hovering...
[31m/traj/10[0m
------------------- Plan Thread(HOVER) -----------------------
[plan node] hovering...
[31m/traj/11[0m
------------------- Plan Thread(HOVER) -----------------------
[plan node] hovering...
[31m/traj/12[0m
------------------- Plan Thread(HOVER) -----------------------
[plan node] hovering...
[31m/traj/13[0m
------------------- Plan Thread(HOVER) -----------------------
[plan node] hovering...
[31m/traj/14[0m
------------------- Plan Thread(HOVER) -----------------------
[plan node] hovering...
[31m/traj/15[0m
------------------- Plan Thread(HOVER) -----------------------
[plan node] hovering...
[31m/traj/16[0m
------------------- Plan Thread(HOVER) -----------------------
[plan node] hovering...
[31m/traj/17[0m
------------------- Plan Thread(HOVER) -----------------------
[plan node] hovering...
[31m/traj/18[0m
------------------- Plan Thread(HOVER) -----------------------
[plan node] hovering...
[31m/traj/19[0m
------------------- Plan Thread(HOVER) -----------------------
[plan node] hovering...
[31m/traj/20[0m
------------------- Plan Thread(HOVER) -----------------------
[plan node] hovering...
[31m/traj/21[0m
------------------- Plan Thread(HOVER) -----------------------
[plan node] hovering...
[31m/traj/22[0m
------------------- Plan Thread(HOVER) -----------------------
[plan node] hovering...
[31m/traj/23[0m
------------------- Plan Thread(HOVER) -----------------------
[plan node] hovering...
[31m/traj/24[0m
------------------- Plan Thread(HOVER) -----------------------
[plan node] hovering...
[31m/traj/25[0m
------------------- Plan Thread(HOVER) -----------------------
[plan node] hovering...
[31m/traj/26[0m
------------------- Plan Thread(HOVER) -----------------------
[plan node] hovering...
[31m/traj/27[0m
------------------- Plan Thread(HOVER) -----------------------
[plan node] hovering...
[31m/traj/28[0m
------------------- Plan Thread(HOVER) -----------------------
[plan node] hovering...
[31m/traj/29[0m
------------------- Plan Thread(HOVER) -----------------------
[plan node] hovering...
[31m/traj/30[0m
------------------- Plan Thread(HOVER) -----------------------
[plan node] hovering...
[31m/traj/31[0m
------------------- Plan Thread(HOVER) -----------------------
[plan node] hovering...
[31m/traj/32[0m
------------------- Plan Thread(HOVER) -----------------------
[plan node] hovering...
[31m/traj/33[0m
------------------- Plan Thread(HOVER) -----------------------
[plan node] hovering...
[33m[data_callback] Planner hold active: reset to HOVER and wait for next goal.[0m
[31m/traj/34[0m
------------------- Plan Thread(HOVER) -----------------------
[plan node] hovering...
[31m/traj/35[0m
------------------- Plan Thread(HOVER) -----------------------
[plan node] hovering...
[31m/traj/36[0m
------------------- Plan Thread(HOVER) -----------------------
[plan node] hovering...
[31m/traj/37[0m
------------------- Plan Thread(HOVER) -----------------------
[plan node] hovering...
[31m/traj/38[0m
------------------- Plan Thread(HOVER) -----------------------
[plan node] hovering...
[31m/traj/39[0m
------------------- Plan Thread(HOVER) -----------------------
[plan node] hovering...
[31m/traj/40[0m
------------------- Plan Thread(HOVER) -----------------------
[plan node] hovering...
[31m/traj/41[0m
------------------- Plan Thread(HOVER) -----------------------
[plan node] hovering...
[31m/traj/42[0m
------------------- Plan Thread(HOVER) -----------------------
[plan node] hovering...
[31m/traj/43[0m
------------------- Plan Thread(HOVER) -----------------------
[plan node] hovering...
[31m/traj/44[0m
------------------- Plan Thread(HOVER) -----------------------
[plan node] hovering...
[31m/traj/45[0m
------------------- Plan Thread(HOVER) -----------------------
[plan node] hovering...
[31m/traj/46[0m
[0m[INFO] [1784881945.118624666]: [MapInterface][IRL] split env_pcl by x=0.000 into group1/group2: 0 / 0 pts[0m
------------------- Plan Thread(HOVER) -----------------------
[plan node] hovering...
[31m/traj/47[0m
------------------- Plan Thread(HOVER) -----------------------
[plan node] hovering...
[31m/traj/48[0m
------------------- Plan Thread(HOVER) -----------------------
[plan node] hovering...
[31m/traj/49[0m
[0m[INFO] [1784881945.310863474]: [TrajOpt][IRL] sphere collision d1=0.010 d2=0.220 radius=0.250[0m
------------------- Plan Thread(HOVER) -----------------------
[plan node] hovering...
[31m/traj/50[0m
[0m[INFO] [1784881945.411052749]: [TrajOpt][IRL] sphere collision d1=0.010 d2=0.220 radius=0.250[0m
------------------- Plan Thread(HOVER) -----------------------
[plan node] hovering...
[31m/traj/51[0m
------------------- Plan Thread(HOVER) -----------------------
[plan node] hovering...
[31m/traj/52[0m
[0m[INFO] [1784881945.511225246]: [TrajOpt][IRL] sphere collision d1=0.010 d2=0.220 radius=0.250[0m
------------------- Plan Thread(HOVER) -----------------------
[plan node] hovering...
[31m/traj/53[0m
[0m[INFO] [1784881945.611294030]: [TrajOpt][IRL] sphere collision d1=0.010 d2=0.220 radius=0.250[0m
------------------- Plan Thread(HOVER) -----------------------
[plan node] hovering...
[31m/traj/54[0m
------------------- Plan Thread(HOVER) -----------------------
[plan node] hovering...
[31m/traj/55[0m
------------------- Plan Thread(HOVER) -----------------------
[plan node] hovering...
[31m/traj/56[0m
[0m[INFO] [1784881945.766985026]: [TrajOpt][IRL] sphere collision d1=0.010 d2=0.220 radius=0.250[0m
receive goal full state callback
------------------- Plan Thread(HOVER) -----------------------
[plan node] hovering...
[31m/traj/57[0m
------------------- Plan Thread(HOVER) -----------------------
[plan node] hovering...
[31m/traj/58[0m
[33m[data_callback] Planner hold released: next goal may enter GOAL mode.[0m
[33m[FSM] HOVER -> GOAL[0m
------------------- Plan Thread(GOAL) -----------------------
[33m[WARN] [1784881945.960577179]: [plan node] Current odom jumps away from last traj by 1.850 m, replan from current odom.[0m
init_state.theta_:
  0.6
-0.55
    0
[31m[ERROR] [1784881945.960614780]: last traj not valid, plan from current odom[0m
init_p:-0.261959  -0.00623       1.2
[plan node] get init state
[plan node] get new goal:   8.28032 -0.151455       1.2
init p: -0.261959  -0.00623       1.2
init v: 0 0 0
init a: 0 0 0
init j: 0 0 0
init yaw: -0.039639         0
init thetas:   0.6 -0.55     0
init d_thetas: 0 0 0
tar p:   8.28032 -0.151455       1.2
tar v: 0 0 0
tar a: 0 0 0
tar thetas: 0.785398 -0.785398         0
tar d_thetas:0 0 0
[48;5;2m----- Skip A*: use fixed S guide path[0m
[32m[tlplanner] use S guide path, points=11[0m
init p: -0.261959  -0.00623       1.2
end p:   8.28032 -0.151455       1.2
init yaw: -0.039639
end yaw: 0
[48;5;2m----- Start gen traj[0m
init_thetas:   0.6     0
-0.55     0
    0     0
final_thetas:  0.785398         0
-0.785398         0
        0         0
[48;5;2m[GenTraj] 1 Params set done[0m
extract start
ego_path.size = 11
ego_path[0]:-0.261959  -0.00623       1.2
ego_path[1]:0.681 0.153   1.2
ego_path[2]:1.622 0.334   1.2
ego_path[3]:2.67851 0.27934     1.2
ego_path[4]: 3.52683 0.295709      1.2
ego_path[5]: 4.231 -0.311    1.2
ego_path[6]:  4.85 -1.012    1.2
ego_path[7]:  5.84753 -0.989186       1.2
ego_path[8]:   6.5489 -0.898073       1.2
ego_path[9]:7.636 -0.86   1.2
ego_path[10]:  8.28032 -0.151455       1.2
-------------
mid_Q_vec[0]:-0.261959  -0.00623       1.2
mid_Q_vec[1]: 4.231 -0.311    1.2
-------------
mid_Q_vec[1]: 4.231 -0.311    1.2
mid_Q_vec[2]:  4.85 -1.012    1.2
-------------
mid_Q_vec[2]:  4.85 -1.012    1.2
mid_Q_vec[3]:  5.84753 -0.989186       1.2
-------------
mid_Q_vec[3]:  5.84753 -0.989186       1.2
mid_Q_vec[4]:   6.5489 -0.898073       1.2
-------------
mid_Q_vec[4]:   6.5489 -0.898073       1.2
mid_Q_vec[5]:7.636 -0.86   1.2
-------------
mid_Q_vec[5]:7.636 -0.86   1.2
mid_Q_vec[6]:  8.28032 -0.151455       1.2
extract end N_ret = 11
mid_q_vec[0]: 0.486868 -0.057025       1.2
mid_q_vec[1]: 1.23569 -0.10782      1.2
mid_q_vec[2]:  1.98452 -0.158615       1.2
mid_q_vec[3]: 2.73335 -0.20941      1.2
mid_q_vec[4]:  3.48217 -0.260205       1.2
mid_q_vec[5]: 4.231 -0.311    1.2
mid_q_vec[6]:  4.85 -1.012    1.2
mid_q_vec[7]:  5.84753 -0.989186       1.2
mid_q_vec[8]:   6.5489 -0.898073       1.2
mid_q_vec[9]:7.636 -0.86   1.2
[0m[INFO] [1784881945.960962819]: [TrajOpt] A* waypoint tracking path points=11[0m
[trajopt] Pieces: 11
[48;5;2m[GenTraj] 2 Extract mid points done[0m
yaw_in: -0.039639, yaw_out: 0
yaw_in:-0.039639, yaw_out:0
yaw: -0.0360355  -0.0324319  -0.0288284  -0.0252248  -0.0216213  -0.0180177  -0.0144142  -0.0108106 -0.00720709 -0.00360355
thetas_in: 
  0.6 -0.55     0
    0     0     0
thetas_out: 
 0.785398 -0.785398         0
        0         0         0
thetas(0): 0.616854 0.633709 0.650563 0.667417 0.684272 0.701126 0.717981 0.734835 0.751689 0.768544
thetas(1):   -0.5714   -0.5928 -0.614199 -0.635599 -0.656999 -0.678399 -0.699799 -0.721199 -0.742598 -0.763998
thetas(2): 0 0 0 0 0 0 0 0 0 0
P(0):  0.486868 -0.057025       1.2
P(1):  1.23569 -0.10782      1.2
P(2):   1.98452 -0.158615       1.2
P(3):  2.73335 -0.20941      1.2
P(4):   3.48217 -0.260205       1.2
P(5):  4.231 -0.311    1.2
P(6):   4.85 -1.012    1.2
P(7):   5.84753 -0.989186       1.2
P(8):    6.5489 -0.898073       1.2
P(9): 7.636 -0.86   1.2
iniState:
-0.261959         0         0         0
 -0.00623         0         0         0
      1.2         0         0         0
finState:
  8.28032         0         0         0
-0.151455         0         0         0
      1.2         0         0         0
[48;5;2m[GenTraj] 3 Value init done[0m
getAABBPoints full traj
getAABBPoints cached group1/group2: 0 / 0 pts
[0m[INFO] [1784881945.961415734]: [TrajOpt] reuse cached stage-1 warm-start (force); skip stage1_no_sdf.[0m
[32m[GenTraj] Begin opt (stage2_with_sdf)[0m
[31miter: 1[0m
[32mtime generate: 0.043892ms[0m
[32mtime int penalty: 0.084919ms[0m
[31miter: 2[0m
[32mtime generate: 0.027535ms[0m
[32mtime int penalty: 0.075511ms[0m
[31miter: 3[0m
[32mtime generate: 0.026746ms[0m
[32mtime int penalty: 0.075837ms[0m
[0m[INFO] [1784881945.961955479]: [MINCO-IRL] stage=stage2_with_sdf iter=1 eval=3 fx=170929.4551 step=0.0000 ls=2 d=(0.0100,0.2200) cost{snap=106.0423, coll=0.0000, guide=0.0000, yaw=699.1773, dyaw=0.0000} clearance=(0.176,0.411) margin=(0.166,0.191) len=9.6030 chord=8.5435 ratio=1.1240 reverse=0 self_cross=0 worst_group=1 status=running[0m
[31miter: 4[0m
[32mtime generate: 0.041034ms[0m
[32mtime int penalty: 0.109472ms[0m
[0m[INFO] [1784881945.962334460]: [MINCO-IRL] stage=stage2_with_sdf iter=2 eval=4 fx=154725.4325 step=1.0000 ls=1 d=(0.0100,0.2200) cost{snap=16.2177, coll=0.0000, guide=0.0000, yaw=752.7170, dyaw=0.0000} clearance=(0.171,0.385) margin=(0.161,0.165) len=9.6236 chord=8.5435 ratio=1.1264 reverse=0 self_cross=0 worst_group=1 status=running[0m
[31miter: 5[0m
[32mtime generate: 0.029487ms[0m
[32mtime int penalty: 0.079638ms[0m
[31miter: 6[0m
[32mtime generate: 0.026807ms[0m
[32mtime int penalty: 0.076898ms[0m
[0m[INFO] [1784881945.962723303]: [MINCO-IRL] stage=stage2_with_sdf iter=4 eval=6 fx=144926.0159 step=1.0000 ls=1 d=(0.0100,0.2200) cost{snap=24.3799, coll=0.0000, guide=0.0000, yaw=241.8153, dyaw=0.0000} clearance=(0.081,0.373) margin=(0.071,0.153) len=9.3645 chord=8.5435 ratio=1.0961 reverse=0 self_cross=0 worst_group=1 status=running[0m
[31miter: 7[0m
[32mtime generate: 0.027499ms[0m
[32mtime int penalty: 0.077903ms[0m
[31miter: 8[0m
[32mtime generate: 0.026401ms[0m
[32mtime int penalty: 0.075731ms[0m
[0m[INFO] [1784881945.963091056]: [MINCO-IRL] stage=stage2_with_sdf iter=6 eval=8 fx=143381.0515 step=1.0000 ls=1 d=(0.0100,0.2200) cost{snap=20.6497, coll=0.0000, guide=0.0000, yaw=250.8202, dyaw=0.0000} clearance=(0.062,0.350) margin=(0.052,0.130) len=9.3172 chord=8.5435 ratio=1.0906 reverse=0 self_cross=0 worst_group=1 status=running[0m
[31miter: 9[0m
[32mtime generate: 0.027304ms[0m
[32mtime int penalty: 0.076957ms[0m
[31miter: 10[0m
[32mtime generate: 0.026245ms[0m
[32mtime int penalty: 0.076674ms[0m
[0m[INFO] [1784881945.963457850]: [MINCO-IRL] stage=stage2_with_sdf iter=8 eval=10 fx=142515.5257 step=1.0000 ls=1 d=(0.0100,0.2200) cost{snap=21.3914, coll=821.9601, guide=0.0000, yaw=231.8839, dyaw=0.0000} clearance=(0.014,0.270) margin=(0.004,0.050) len=9.2349 chord=8.5435 ratio=1.0809 reverse=0 self_cross=0 worst_group=1 status=running[0m
[31miter: 11[0m
[32mtime generate: 0.027246ms[0m
[32mtime int penalty: 0.077548ms[0m
[31miter: 12[0m
[32mtime generate: 0.026419ms[0m
[32mtime int penalty: 0.07614ms[0m
[31miter: 13[0m
[32mtime generate: 0.039739ms[0m
[32mtime int penalty: 0.076643ms[0m
[0m[INFO] [1784881945.963977120]: [MINCO-IRL] stage=stage2_with_sdf iter=10 eval=13 fx=141402.3091 step=2.1000 ls=2 d=(0.0100,0.2200) cost{snap=20.8613, coll=6.5560, guide=0.0000, yaw=189.8795, dyaw=0.0000} clearance=(0.026,0.265) margin=(0.016,0.045) len=9.2244 chord=8.5435 ratio=1.0797 reverse=0 self_cross=0 worst_group=1 status=running[0m
[31miter: 14[0m
[32mtime generate: 0.0275ms[0m
[32mtime int penalty: 0.078516ms[0m
[31miter: 15[0m
[32mtime generate: 0.026369ms[0m
[32mtime int penalty: 0.077436ms[0m
[31miter: 16[0m
[32mtime generate: 0.040193ms[0m
[32mtime int penalty: 0.107717ms[0m
[31miter: 17[0m
[32mtime generate: 0.027207ms[0m
[32mtime int penalty: 0.07648ms[0m
[0m[INFO] [1784881945.964689824]: [MINCO-IRL] stage=stage2_with_sdf iter=12 eval=17 fx=140903.5665 step=1.0000 ls=1 d=(0.0100,0.2200) cost{snap=20.7607, coll=52.8424, guide=0.0000, yaw=134.0982, dyaw=0.0000} clearance=(0.024,0.245) margin=(0.014,0.025) len=9.1987 chord=8.5435 ratio=1.0767 reverse=0 self_cross=0 worst_group=1 status=running[0m
[31miter: 18[0m
[32mtime generate: 0.027389ms[0m
[32mtime int penalty: 0.07844ms[0m
[31miter: 19[0m
[32mtime generate: 0.026272ms[0m
[32mtime int penalty: 0.07697ms[0m
[31miter: 20[0m
[32mtime generate: 0.02626ms[0m
[32mtime int penalty: 0.076698ms[0m
[31miter: 21[0m
[32mtime generate: 0.026181ms[0m
[32mtime int penalty: 0.076409ms[0m
[31miter: 22[0m
[32mtime generate: 0.026084ms[0m
[32mtime int penalty: 0.076924ms[0m
[0m[INFO] [1784881945.965491080]: [MINCO-IRL] stage=stage2_with_sdf iter=14 eval=22 fx=140711.2983 step=0.2500 ls=3 d=(0.0100,0.2200) cost{snap=20.5856, coll=57.1916, guide=0.0000, yaw=119.6233, dyaw=0.0000} clearance=(0.026,0.235) margin=(0.016,0.015) len=9.1879 chord=8.5435 ratio=1.0754 reverse=0 self_cross=0 worst_group=2 status=running[0m
[31miter: 23[0m
[32mtime generate: 0.028342ms[0m
[32mtime int penalty: 0.078044ms[0m
[31miter: 24[0m
[32mtime generate: 0.026569ms[0m
[32mtime int penalty: 0.076566ms[0m
[0m[INFO] [1784881945.965910294]: [MINCO-IRL] stage=stage2_with_sdf iter=16 eval=24 fx=140534.8072 step=1.0000 ls=1 d=(0.0100,0.2200) cost{snap=20.8652, coll=23.5818, guide=0.0000, yaw=106.6456, dyaw=0.0000} clearance=(0.027,0.237) margin=(0.017,0.017) len=9.1780 chord=8.5435 ratio=1.0743 reverse=0 self_cross=0 worst_group=1 status=running[0m
[31miter: 25[0m
[32mtime generate: 0.028297ms[0m
[32mtime int penalty: 0.078453ms[0m
[31miter: 26[0m
[32mtime generate: 0.026543ms[0m
[32mtime int penalty: 0.076845ms[0m
[0m[INFO] [1784881945.966292533]: [MINCO-IRL] stage=stage2_with_sdf iter=18 eval=26 fx=140193.8423 step=1.0000 ls=1 d=(0.0100,0.2200) cost{snap=17.5992, coll=5.7226, guide=0.0000, yaw=127.8012, dyaw=0.0000} clearance=(0.028,0.238) margin=(0.018,0.018) len=9.1562 chord=8.5435 ratio=1.0717 reverse=0 self_cross=0 worst_group=2 status=running[0m
[31miter: 27[0m
[32mtime generate: 0.027345ms[0m
[32mtime int penalty: 0.07849ms[0m
[31miter: 28[0m
[32mtime generate: 0.026421ms[0m
[32mtime int penalty: 0.076027ms[0m
[0m[INFO] [1784881945.966698359]: [MINCO-IRL] stage=stage2_with_sdf iter=20 eval=28 fx=140091.1642 step=1.0000 ls=1 d=(0.0100,0.2200) cost{snap=18.7057, coll=38.2798, guide=0.0000, yaw=128.9697, dyaw=0.0000} clearance=(0.025,0.237) margin=(0.015,0.017) len=9.1446 chord=8.5435 ratio=1.0704 reverse=0 self_cross=0 worst_group=1 status=running[0m
[31miter: 29[0m
[32mtime generate: 0.027748ms[0m
[32mtime int penalty: 0.079199ms[0m
[31miter: 30[0m
[32mtime generate: 0.026827ms[0m
[32mtime int penalty: 0.108823ms[0m
[0m[INFO] [1784881945.967116253]: [MINCO-IRL] stage=stage2_with_sdf iter=22 eval=30 fx=140079.1662 step=1.0000 ls=1 d=(0.0100,0.2200) cost{snap=19.3676, coll=26.6969, guide=0.0000, yaw=127.2505, dyaw=0.0000} clearance=(0.026,0.237) margin=(0.016,0.017) len=9.1444 chord=8.5435 ratio=1.0703 reverse=0 self_cross=0 worst_group=1 status=running[0m
[31miter: 31[0m
[32mtime generate: 0.028301ms[0m
[32mtime int penalty: 0.079916ms[0m
[31miter: 32[0m
[32mtime generate: 0.039657ms[0m
[32mtime int penalty: 0.134444ms[0m
[0m[INFO] [1784881945.967676621]: [MINCO-IRL] stage=stage2_with_sdf iter=24 eval=32 fx=140063.2498 step=1.0000 ls=1 d=(0.0100,0.2200) cost{snap=19.7136, coll=22.8094, guide=0.0000, yaw=122.7547, dyaw=0.0000} clearance=(0.026,0.237) margin=(0.016,0.017) len=9.1432 chord=8.5435 ratio=1.0702 reverse=0 self_cross=0 worst_group=1 status=running[0m
[31miter: 33[0m
[32mtime generate: 0.046816ms[0m
[32mtime int penalty: 0.117756ms[0m
[31miter: 34[0m
[32mtime generate: 0.038963ms[0m
[32mtime int penalty: 0.133574ms[0m
[0m[INFO] [1784881945.968311349]: [MINCO-IRL] stage=stage2_with_sdf iter=26 eval=34 fx=140032.3845 step=1.0000 ls=1 d=(0.0100,0.2200) cost{snap=20.6489, coll=19.8622, guide=0.0000, yaw=106.3370, dyaw=0.0000} clearance=(0.026,0.237) margin=(0.016,0.017) len=9.1384 chord=8.5435 ratio=1.0696 reverse=0 self_cross=0 worst_group=1 status=running[0m
[31miter: 35[0m
[32mtime generate: 0.04579ms[0m
[32mtime int penalty: 0.132685ms[0m
[31miter: 36[0m
[32mtime generate: 0.044299ms[0m
[32mtime int penalty: 0.131982ms[0m
[0m[INFO] [1784881945.968939120]: [MINCO-IRL] stage=stage2_with_sdf iter=28 eval=36 fx=139996.2365 step=1.0000 ls=1 d=(0.0100,0.2200) cost{snap=21.6904, coll=22.8462, guide=0.0000, yaw=78.6245, dyaw=0.0000} clearance=(0.025,0.237) margin=(0.015,0.017) len=9.1380 chord=8.5435 ratio=1.0696 reverse=0 self_cross=0 worst_group=1 status=running[0m
[31miter: 37[0m
[32mtime generate: 0.045267ms[0m
[32mtime int penalty: 0.133493ms[0m
[31miter: 38[0m
[32mtime generate: 0.044858ms[0m
[32mtime int penalty: 0.132643ms[0m
[0m[INFO] [1784881945.969562853]: [MINCO-IRL] stage=stage2_with_sdf iter=30 eval=38 fx=139944.7409 step=1.0000 ls=1 d=(0.0100,0.2200) cost{snap=22.0758, coll=25.7513, guide=0.0000, yaw=47.9859, dyaw=0.0000} clearance=(0.025,0.237) margin=(0.015,0.017) len=9.1370 chord=8.5435 ratio=1.0695 reverse=0 self_cross=0 worst_group=1 status=running[0m
[31miter: 39[0m
[32mtime generate: 0.04529ms[0m
[32mtime int penalty: 0.133466ms[0m
[31miter: 40[0m
[32mtime generate: 0.043598ms[0m
[32mtime int penalty: 0.132662ms[0m
[31miter: 41[0m
[32mtime generate: 0.044043ms[0m
[32mtime int penalty: 0.132323ms[0m
[0m[INFO] [1784881945.970404152]: [MINCO-IRL] stage=stage2_with_sdf iter=32 eval=41 fx=139850.1078 step=0.5000 ls=2 d=(0.0100,0.2200) cost{snap=21.7174, coll=50.3481, guide=0.0000, yaw=5.9147, dyaw=0.0000} clearance=(0.025,0.236) margin=(0.015,0.016) len=9.1377 chord=8.5435 ratio=1.0695 reverse=0 self_cross=0 worst_group=1 status=running[0m
[31miter: 42[0m
[32mtime generate: 0.045272ms[0m
[32mtime int penalty: 0.132313ms[0m
[31miter: 43[0m
[32mtime generate: 0.044343ms[0m
[32mtime int penalty: 0.132867ms[0m
[0m[INFO] [1784881945.971023335]: [MINCO-IRL] stage=stage2_with_sdf iter=34 eval=43 fx=139764.2062 step=1.0000 ls=1 d=(0.0100,0.2200) cost{snap=22.3475, coll=21.7111, guide=0.0000, yaw=3.0686, dyaw=0.0000} clearance=(0.025,0.237) margin=(0.015,0.017) len=9.1391 chord=8.5435 ratio=1.0697 reverse=0 self_cross=0 worst_group=1 status=running[0m
[31miter: 44[0m
[32mtime generate: 0.044642ms[0m
[32mtime int penalty: 0.131623ms[0m
[31miter: 45[0m
[32mtime generate: 0.044082ms[0m
[32mtime int penalty: 0.130878ms[0m
[0m[INFO] [1784881945.971641058]: [MINCO-IRL] stage=stage2_with_sdf iter=36 eval=45 fx=139704.7884 step=1.0000 ls=1 d=(0.0100,0.2200) cost{snap=21.4281, coll=25.1274, guide=0.0000, yaw=0.6577, dyaw=0.0000} clearance=(0.027,0.236) margin=(0.017,0.016) len=9.1387 chord=8.5435 ratio=1.0697 reverse=0 self_cross=0 worst_group=2 status=running[0m
[31miter: 46[0m
[32mtime generate: 0.044218ms[0m
[32mtime int penalty: 0.141773ms[0m
[31miter: 47[0m
[32mtime generate: 0.044601ms[0m
[32mtime int penalty: 0.130576ms[0m
[0m[INFO] [1784881945.972272431]: [MINCO-IRL] stage=stage2_with_sdf iter=38 eval=47 fx=139651.9117 step=1.0000 ls=1 d=(0.0100,0.2200) cost{snap=23.4382, coll=29.2027, guide=0.0000, yaw=0.0076, dyaw=5.6287} clearance=(0.026,0.236) margin=(0.016,0.016) len=9.1388 chord=8.5435 ratio=1.0697 reverse=0 self_cross=0 worst_group=1 status=running[0m
[31miter: 48[0m
[32mtime generate: 0.0459ms[0m
[32mtime int penalty: 0.132547ms[0m
[31miter: 49[0m
[32mtime generate: 0.044258ms[0m
[32mtime int penalty: 0.131863ms[0m
[0m[INFO] [1784881945.972912717]: [MINCO-IRL] stage=stage2_with_sdf iter=40 eval=49 fx=139620.5354 step=1.0000 ls=1 d=(0.0100,0.2200) cost{snap=23.8884, coll=21.6973, guide=0.0000, yaw=0.0016, dyaw=0.3519} clearance=(0.025,0.237) margin=(0.015,0.017) len=9.1418 chord=8.5435 ratio=1.0700 reverse=0 self_cross=0 worst_group=1 status=running[0m
[31miter: 50[0m
[32mtime generate: 0.044707ms[0m
[32mtime int penalty: 0.131454ms[0m
[31miter: 51[0m
[32mtime generate: 0.080502ms[0m
[32mtime int penalty: 0.175512ms[0m
[0m[INFO] [1784881945.973677102]: [MINCO-IRL] stage=stage2_with_sdf iter=42 eval=51 fx=139582.8942 step=1.0000 ls=1 d=(0.0100,0.2200) cost{snap=24.8359, coll=17.8678, guide=0.0000, yaw=0.0000, dyaw=0.0000} clearance=(0.025,0.238) margin=(0.015,0.018) len=9.1437 chord=8.5435 ratio=1.0702 reverse=0 self_cross=0 worst_group=1 status=running[0m
[31miter: 52[0m
[32mtime generate: 0.044938ms[0m
[32mtime int penalty: 0.132624ms[0m
[31miter: 53[0m
[32mtime generate: 0.042984ms[0m
[32mtime int penalty: 0.130569ms[0m
[0m[INFO] [1784881945.974307960]: [MINCO-IRL] stage=stage2_with_sdf iter=44 eval=53 fx=139534.6017 step=1.0000 ls=1 d=(0.0100,0.2200) cost{snap=27.9220, coll=28.3806, guide=0.0000, yaw=0.0000, dyaw=0.0000} clearance=(0.026,0.237) margin=(0.016,0.017) len=9.1400 chord=8.5435 ratio=1.0698 reverse=0 self_cross=0 worst_group=1 status=running[0m
[31miter: 54[0m
[32mtime generate: 0.044484ms[0m
[32mtime int penalty: 0.131888ms[0m
[31miter: 55[0m
[32mtime generate: 0.044133ms[0m
[32mtime int penalty: 0.131217ms[0m
[0m[INFO] [1784881945.974919788]: [MINCO-IRL] stage=stage2_with_sdf iter=46 eval=55 fx=139498.2818 step=1.0000 ls=1 d=(0.0100,0.2200) cost{snap=30.3537, coll=35.0703, guide=0.0000, yaw=0.0000, dyaw=0.0000} clearance=(0.026,0.237) margin=(0.016,0.017) len=9.1361 chord=8.5435 ratio=1.0694 reverse=0 self_cross=0 worst_group=1 status=running[0m
[31miter: 56[0m
[32mtime generate: 0.044573ms[0m
[32mtime int penalty: 0.131062ms[0m
[31miter: 57[0m
[32mtime generate: 0.04397ms[0m
[32mtime int penalty: 0.130605ms[0m
[0m[INFO] [1784881945.975530371]: [MINCO-IRL] stage=stage2_with_sdf iter=48 eval=57 fx=139424.2400 step=1.0000 ls=1 d=(0.0100,0.2200) cost{snap=33.2102, coll=57.9274, guide=0.0000, yaw=0.2390, dyaw=0.0000} clearance=(0.025,0.236) margin=(0.015,0.016) len=9.1351 chord=8.5435 ratio=1.0692 reverse=0 self_cross=0 worst_group=1 status=running[0m
[31miter: 58[0m
[32mtime generate: 0.045369ms[0m
[32mtime int penalty: 0.130836ms[0m
[31miter: 59[0m
[32mtime generate: 0.044342ms[0m
[32mtime int penalty: 0.16696ms[0m
[0m[INFO] [1784881945.976190047]: [MINCO-IRL] stage=stage2_with_sdf iter=50 eval=59 fx=139389.9469 step=1.0000 ls=1 d=(0.0100,0.2200) cost{snap=34.4900, coll=45.7192, guide=0.0000, yaw=9.4313, dyaw=4.7496} clearance=(0.025,0.236) margin=(0.015,0.016) len=9.1391 chord=8.5435 ratio=1.0697 reverse=0 self_cross=0 worst_group=1 status=running[0m
[31miter: 60[0m
[32mtime generate: 0.045739ms[0m
[32mtime int penalty: 0.12955ms[0m
[31miter: 61[0m
[32mtime generate: 0.043512ms[0m
[32mtime int penalty: 0.1312ms[0m
[0m[INFO] [1784881945.976819059]: [MINCO-IRL] stage=stage2_with_sdf iter=52 eval=61 fx=139351.7973 step=1.0000 ls=1 d=(0.0100,0.2200) cost{snap=35.6233, coll=11.9791, guide=0.0000, yaw=0.0015, dyaw=0.0000} clearance=(0.026,0.238) margin=(0.016,0.018) len=9.1426 chord=8.5435 ratio=1.0701 reverse=0 self_cross=0 worst_group=1 status=running[0m
[31miter: 62[0m
[32mtime generate: 0.044883ms[0m
[32mtime int penalty: 0.13214ms[0m
[31miter: 63[0m
[32mtime generate: 0.044016ms[0m
[32mtime int penalty: 0.130623ms[0m
[0m[INFO] [1784881945.977436187]: [MINCO-IRL] stage=stage2_with_sdf iter=54 eval=63 fx=139312.9335 step=1.0000 ls=1 d=(0.0100,0.2200) cost{snap=38.4404, coll=42.2216, guide=0.0000, yaw=1.3539, dyaw=0.0000} clearance=(0.025,0.236) margin=(0.015,0.016) len=9.1431 chord=8.5435 ratio=1.0702 reverse=0 self_cross=0 worst_group=1 status=running[0m
[31miter: 64[0m
[32mtime generate: 0.044735ms[0m
[32mtime int penalty: 0.132821ms[0m
[31miter: 65[0m
[32mtime generate: 0.044078ms[0m
[32mtime int penalty: 0.130258ms[0m
[0m[INFO] [1784881945.978054935]: [MINCO-IRL] stage=stage2_with_sdf iter=56 eval=65 fx=139269.6788 step=1.0000 ls=1 d=(0.0100,0.2200) cost{snap=39.3041, coll=22.4163, guide=0.0000, yaw=1.8657, dyaw=0.0000} clearance=(0.026,0.237) margin=(0.016,0.017) len=9.1452 chord=8.5435 ratio=1.0704 reverse=0 self_cross=0 worst_group=1 status=running[0m
[31miter: 66[0m
[32mtime generate: 0.045153ms[0m
[32mtime int penalty: 0.131998ms[0m
[31miter: 67[0m
[32mtime generate: 0.044102ms[0m
[32mtime int penalty: 0.131019ms[0m
[0m[INFO] [1784881945.978678092]: [MINCO-IRL] stage=stage2_with_sdf iter=58 eval=67 fx=139231.5441 step=1.0000 ls=1 d=(0.0100,0.2200) cost{snap=41.1277, coll=10.3003, guide=0.0000, yaw=2.0753, dyaw=0.0001} clearance=(0.027,0.238) margin=(0.017,0.018) len=9.1461 chord=8.5435 ratio=1.0705 reverse=0 self_cross=0 worst_group=1 status=running[0m
[31miter: 68[0m
[32mtime generate: 0.045695ms[0m
[32mtime int penalty: 0.131344ms[0m
[31miter: 69[0m
[32mtime generate: 0.039255ms[0m
[32mtime int penalty: 0.095994ms[0m
[0m[INFO] [1784881945.979253055]: [MINCO-IRL] stage=stage2_with_sdf iter=60 eval=69 fx=139149.6470 step=1.0000 ls=1 d=(0.0100,0.2200) cost{snap=46.6984, coll=30.6216, guide=0.0000, yaw=6.3878, dyaw=0.0000} clearance=(0.025,0.237) margin=(0.015,0.017) len=9.1361 chord=8.5435 ratio=1.0694 reverse=0 self_cross=0 worst_group=1 status=running[0m
[31miter: 70[0m
[32mtime generate: 0.048662ms[0m
[32mtime int penalty: 0.079016ms[0m
[31miter: 71[0m
[32mtime generate: 0.027692ms[0m
[32mtime int penalty: 0.077776ms[0m
[0m[INFO] [1784881945.979684652]: [MINCO-IRL] stage=stage2_with_sdf iter=62 eval=71 fx=139124.2350 step=1.0000 ls=1 d=(0.0100,0.2200) cost{snap=47.1948, coll=22.0897, guide=0.0000, yaw=8.4108, dyaw=0.0000} clearance=(0.025,0.237) margin=(0.015,0.017) len=9.1345 chord=8.5435 ratio=1.0692 reverse=0 self_cross=0 worst_group=1 status=running[0m
[31miter: 72[0m
[32mtime generate: 0.028366ms[0m
[32mtime int penalty: 0.126428ms[0m
[31miter: 73[0m
[32mtime generate: 0.028014ms[0m
[32mtime int penalty: 0.087546ms[0m
[0m[INFO] [1784881945.980164928]: [MINCO-IRL] stage=stage2_with_sdf iter=64 eval=73 fx=139092.5711 step=1.0000 ls=1 d=(0.0100,0.2200) cost{snap=46.5676, coll=33.8264, guide=0.0000, yaw=21.1872, dyaw=3.3123} clearance=(0.025,0.237) margin=(0.015,0.017) len=9.1369 chord=8.5435 ratio=1.0694 reverse=0 self_cross=0 worst_group=1 status=running[0m
[31miter: 74[0m
[32mtime generate: 0.028273ms[0m
[32mtime int penalty: 0.080407ms[0m
[31miter: 75[0m
[32mtime generate: 0.02704ms[0m
[32mtime int penalty: 0.077908ms[0m
[0m[INFO] [1784881945.980551233]: [MINCO-IRL] stage=stage2_with_sdf iter=66 eval=75 fx=139064.3414 step=1.0000 ls=1 d=(0.0100,0.2200) cost{snap=49.6943, coll=23.2366, guide=0.0000, yaw=22.2976, dyaw=0.0152} clearance=(0.025,0.237) margin=(0.015,0.017) len=9.1382 chord=8.5435 ratio=1.0696 reverse=0 self_cross=0 worst_group=1 status=running[0m
[31miter: 76[0m
[32mtime generate: 0.028083ms[0m
[32mtime int penalty: 0.07775ms[0m
[31miter: 77[0m
[32mtime generate: 0.026857ms[0m
[32mtime int penalty: 0.077389ms[0m
[0m[INFO] [1784881945.980929216]: [MINCO-IRL] stage=stage2_with_sdf iter=68 eval=77 fx=139047.2825 step=1.0000 ls=1 d=(0.0100,0.2200) cost{snap=51.7982, coll=17.4903, guide=0.0000, yaw=24.3746, dyaw=0.4944} clearance=(0.025,0.237) margin=(0.015,0.017) len=9.1406 chord=8.5435 ratio=1.0699 reverse=0 self_cross=0 worst_group=1 status=running[0m
[31miter: 78[0m
[32mtime generate: 0.02789ms[0m
[32mtime int penalty: 0.114647ms[0m
[31miter: 79[0m
[32mtime generate: 0.028104ms[0m
[32mtime int penalty: 0.077589ms[0m
[0m[INFO] [1784881945.981362893]: [MINCO-IRL] stage=stage2_with_sdf iter=70 eval=79 fx=139017.6357 step=1.0000 ls=1 d=(0.0100,0.2200) cost{snap=54.9754, coll=21.1490, guide=0.0000, yaw=28.4691, dyaw=0.8691} clearance=(0.025,0.237) margin=(0.015,0.017) len=9.1404 chord=8.5435 ratio=1.0699 reverse=0 self_cross=0 worst_group=1 status=running[0m
[31miter: 80[0m
[32mtime generate: 0.028028ms[0m
[32mtime int penalty: 0.077951ms[0m
[31miter: 81[0m
[32mtime generate: 0.027069ms[0m
[32mtime int penalty: 0.077147ms[0m
[0m[INFO] [1784881945.981748755]: [MINCO-IRL] stage=stage2_with_sdf iter=72 eval=81 fx=138992.9574 step=1.0000 ls=1 d=(0.0100,0.2200) cost{snap=57.3941, coll=19.8381, guide=0.0000, yaw=34.5524, dyaw=1.7686} clearance=(0.025,0.237) margin=(0.015,0.017) len=9.1411 chord=8.5435 ratio=1.0699 reverse=0 self_cross=0 worst_group=1 status=running[0m
[31miter: 82[0m
[32mtime generate: 0.028012ms[0m
[32mtime int penalty: 0.078124ms[0m
[31miter: 83[0m
[32mtime generate: 0.026823ms[0m
[32mtime int penalty: 0.077675ms[0m
[0m[INFO] [1784881945.982132531]: [MINCO-IRL] stage=stage2_with_sdf iter=74 eval=83 fx=138966.6369 step=1.0000 ls=1 d=(0.0100,0.2200) cost{snap=57.8705, coll=31.0454, guide=0.0000, yaw=38.1523, dyaw=0.3984} clearance=(0.025,0.237) margin=(0.015,0.017) len=9.1388 chord=8.5435 ratio=1.0697 reverse=0 self_cross=0 worst_group=1 status=running[0m
[31miter: 84[0m
[32mtime generate: 0.030137ms[0m
[32mtime int penalty: 0.079217ms[0m
[31miter: 85[0m
[32mtime generate: 0.026778ms[0m
[32mtime int penalty: 0.119742ms[0m
[0m[INFO] [1784881945.982575534]: [MINCO-IRL] stage=stage2_with_sdf iter=76 eval=85 fx=138941.7102 step=1.0000 ls=1 d=(0.0100,0.2200) cost{snap=58.9198, coll=21.9682, guide=0.0000, yaw=43.4406, dyaw=0.1529} clearance=(0.025,0.237) margin=(0.015,0.017) len=9.1382 chord=8.5435 ratio=1.0696 reverse=0 self_cross=0 worst_group=1 status=running[0m
[31miter: 86[0m
[32mtime generate: 0.028323ms[0m
[32mtime int penalty: 0.078361ms[0m
[31miter: 87[0m
[32mtime generate: 0.035903ms[0m
[32mtime int penalty: 0.11522ms[0m
[0m[INFO] [1784881945.983019795]: [MINCO-IRL] stage=stage2_with_sdf iter=78 eval=87 fx=138927.0949 step=1.0000 ls=1 d=(0.0100,0.2200) cost{snap=58.7514, coll=26.5379, guide=0.0000, yaw=50.0913, dyaw=1.3717} clearance=(0.025,0.237) margin=(0.015,0.017) len=9.1406 chord=8.5435 ratio=1.0699 reverse=0 self_cross=0 worst_group=1 status=running[0m
[31miter: 88[0m
[32mtime generate: 0.039885ms[0m
[32mtime int penalty: 0.078389ms[0m
[31miter: 89[0m
[32mtime generate: 0.027439ms[0m
[32mtime int penalty: 0.077417ms[0m
[0m[INFO] [1784881945.983417478]: [MINCO-IRL] stage=stage2_with_sdf iter=80 eval=89 fx=138916.0942 step=1.0000 ls=1 d=(0.0100,0.2200) cost{snap=58.5216, coll=21.2313, guide=0.0000, yaw=49.7207, dyaw=0.7094} clearance=(0.025,0.237) margin=(0.015,0.017) len=9.1428 chord=8.5435 ratio=1.0701 reverse=0 self_cross=0 worst_group=1 status=running[0m
[31miter: 90[0m
[32mtime generate: 0.037412ms[0m
[32mtime int penalty: 0.078805ms[0m
[31miter: 91[0m
[32mtime generate: 0.026992ms[0m
[32mtime int penalty: 0.078151ms[0m
[0m[INFO] [1784881945.983864545]: [MINCO-IRL] stage=stage2_with_sdf iter=82 eval=91 fx=138904.4447 step=1.0000 ls=1 d=(0.0100,0.2200) cost{snap=56.1710, coll=20.6677, guide=0.0000, yaw=50.2363, dyaw=0.6637} clearance=(0.025,0.237) margin=(0.015,0.017) len=9.1428 chord=8.5435 ratio=1.0701 reverse=0 self_cross=0 worst_group=1 status=running[0m
[31miter: 92[0m
[32mtime generate: 0.037629ms[0m
[32mtime int penalty: 0.089038ms[0m
[31miter: 93[0m
[32mtime generate: 0.043444ms[0m
[32mtime int penalty: 0.138024ms[0m
[0m[INFO] [1784881945.984621352]: [MINCO-IRL] stage=stage2_with_sdf iter=84 eval=93 fx=138895.1318 step=1.0000 ls=1 d=(0.0100,0.2200) cost{snap=55.9157, coll=26.3809, guide=0.0000, yaw=47.2626, dyaw=0.1642} clearance=(0.025,0.237) margin=(0.015,0.017) len=9.1438 chord=8.5435 ratio=1.0703 reverse=0 self_cross=0 worst_group=1 status=running[0m
[31miter: 94[0m
[32mtime generate: 0.03828ms[0m
[32mtime int penalty: 0.11756ms[0m
[31miter: 95[0m
[32mtime generate: 0.045836ms[0m
[32mtime int penalty: 0.130989ms[0m
[0m[INFO] [1784881945.985236149]: [MINCO-IRL] stage=stage2_with_sdf iter=86 eval=95 fx=138879.2742 step=1.0000 ls=1 d=(0.0100,0.2200) cost{snap=59.7870, coll=25.8262, guide=0.0000, yaw=48.2116, dyaw=0.0000} clearance=(0.025,0.237) margin=(0.015,0.017) len=9.1462 chord=8.5435 ratio=1.0705 reverse=0 self_cross=0 worst_group=1 status=running[0m
[31miter: 96[0m
[32mtime generate: 0.045485ms[0m
[32mtime int penalty: 0.131962ms[0m
[31miter: 97[0m
[32mtime generate: 0.043807ms[0m
[32mtime int penalty: 0.130379ms[0m
[31miter: 98[0m
[32mtime generate: 0.044205ms[0m
[32mtime int penalty: 0.131695ms[0m
[31miter: 99[0m
[32mtime generate: 0.043249ms[0m
[32mtime int penalty: 0.131391ms[0m
[31miter: 100[0m
[32mtime generate: 0.043026ms[0m
[32mtime int penalty: 0.131187ms[0m
[0m[INFO] [1784881945.986518141]: [MINCO-IRL] stage=stage2_with_sdf iter=88 eval=100 fx=138868.0224 step=0.1250 ls=4 d=(0.0100,0.2200) cost{snap=64.7241, coll=19.3702, guide=0.0000, yaw=47.6114, dyaw=5.5991} clearance=(0.026,0.237) margin=(0.016,0.017) len=9.1488 chord=8.5435 ratio=1.0708 reverse=0 self_cross=0 worst_group=1 status=running[0m
[31miter: 101[0m
[32mtime generate: 0.044816ms[0m
[32mtime int penalty: 0.130651ms[0m
[31miter: 102[0m
[32mtime generate: 0.043515ms[0m
[32mtime int penalty: 0.130998ms[0m
[0m[INFO] [1784881945.987127777]: [MINCO-IRL] stage=stage2_with_sdf iter=90 eval=102 fx=138854.8779 step=1.0000 ls=1 d=(0.0100,0.2200) cost{snap=64.6524, coll=17.3215, guide=0.0000, yaw=45.1045, dyaw=0.7363} clearance=(0.025,0.237) margin=(0.015,0.017) len=9.1463 chord=8.5435 ratio=1.0706 reverse=0 self_cross=0 worst_group=1 status=running[0m
[31miter: 103[0m
[32mtime generate: 0.044839ms[0m
[32mtime int penalty: 0.131163ms[0m
[31miter: 104[0m
[32mtime generate: 0.044352ms[0m
[32mtime int penalty: 0.131312ms[0m
[0m[INFO] [1784881945.987741355]: [MINCO-IRL] stage=stage2_with_sdf iter=92 eval=104 fx=138849.9109 step=1.0000 ls=1 d=(0.0100,0.2200) cost{snap=64.8650, coll=21.9106, guide=0.0000, yaw=41.3961, dyaw=1.0013} clearance=(0.025,0.237) margin=(0.015,0.017) len=9.1457 chord=8.5435 ratio=1.0705 reverse=0 self_cross=0 worst_group=1 status=running[0m
[48;5;2m[GenTraj] Opt (stage2_with_sdf) done, ret=1, objective=138850, elapsed=26.3356ms, collision_cost=21.9106[0m
[48;5;2m[GenTraj] 5 Opt done[0m
innerloop costs: 2.9025ms
integral costs: 11.096ms
[32m>ret(stage2): 1[0m
iter: 104
[0m[INFO] [1784881945.987899783]: [TrajOpt][IRL] sphere hard check pass, min_margin=0.015, group=1[0m
[0m[INFO] [1784881945.988015240]: [MINCO-IRL] stage=final iter=104 eval=104 fx=129.1730 step=0.0000 ls=0 d=(0.0100,0.2200) cost{snap=64.8650, coll=21.9106, guide=0.0000, yaw=41.3961, dyaw=1.0013} clearance=(0.025,0.237) margin=(0.015,0.017) len=9.1457 chord=8.5435 ratio=1.0705 reverse=0 self_cross=0 worst_group=1 status=success[0m
[33mtraj_cur duration: 16.0914[0m
[31m[plan node] Plan Time Exceed: 0.0281082[0m
[31m[plan node] Plan Time Exceed Cause Replan Fail.[0m
[plan node] plan done
------------valid check
[32m[plan node] REPLAN SUCCESS.[0m
[32m[traj_server] Planned terminal state published. traj_id=59[0m
[32m[traj_server] Planned MINCO trajectory published. traj_id=59 pieces=11 order=7[0m
[32m[traj_server] Planned trajectory samples published. traj_id=59 points=1611[0m
[31m/traj/59[0m
------------------- Plan Thread(GOAL) -----------------------
[plan node] get init state
[plan node] plan done
[32m[plan node] NO NEED TO REPLAN.[0m
[33m[data_callback] Planner hold active: reset to HOVER and wait for next goal.[0m
[33m[FSM] GOAL -> HOVER (scene planner hold)[0m
------------------- Plan Thread(HOVER) -----------------------
[plan node] hovering...
[31m/traj/60[0m
------------------- Plan Thread(HOVER) -----------------------
[plan node] hovering...
[31m/traj/61[0m
------------------- Plan Thread(HOVER) -----------------------
[plan node] hovering...
[31m/traj/62[0m
------------------- Plan Thread(HOVER) -----------------------
[plan node] hovering...
[31m/traj/63[0m
------------------- Plan Thread(HOVER) -----------------------
[plan node] hovering...
[31m/traj/64[0m
------------------- Plan Thread(HOVER) -----------------------
[plan node] hovering...
[31m/traj/65[0m
------------------- Plan Thread(HOVER) -----------------------
[plan node] hovering...
[31m/traj/66[0m
------------------- Plan Thread(HOVER) -----------------------
[plan node] hovering...
[31m/traj/67[0m
------------------- Plan Thread(HOVER) -----------------------
[plan node] hovering...
[31m/traj/68[0m
------------------- Plan Thread(HOVER) -----------------------
[plan node] hovering...
[31m/traj/69[0m
------------------- Plan Thread(HOVER) -----------------------
[plan node] hovering...
[31m/traj/70[0m
------------------- Plan Thread(HOVER) -----------------------
[plan node] hovering...
[31m/traj/71[0m
------------------- Plan Thread(HOVER) -----------------------
[plan node] hovering...
[31m/traj/72[0m
------------------- Plan Thread(HOVER) -----------------------
[plan node] hovering...
[31m/traj/73[0m
------------------- Plan Thread(HOVER) -----------------------
[plan node] hovering...
[31m/traj/74[0m
------------------- Plan Thread(HOVER) -----------------------
[plan node] hovering...
[31m/traj/75[0m
[0m[INFO] [1784881947.118832867]: [MapInterface][IRL] split env_pcl by x=0.000 into group1/group2: 0 / 0 pts[0m
------------------- Plan Thread(HOVER) -----------------------
[plan node] hovering...
[31m/traj/76[0m
------------------- Plan Thread(HOVER) -----------------------
[plan node] hovering...
[31m/traj/77[0m
------------------- Plan Thread(HOVER) -----------------------
[plan node] hovering...
[31m/traj/78[0m
------------------- Plan Thread(HOVER) -----------------------
[plan node] hovering...
[31m/traj/79[0m
------------------- Plan Thread(HOVER) -----------------------
[plan node] hovering...
[31m/traj/80[0m
------------------- Plan Thread(HOVER) -----------------------
[plan node] hovering...
[31m/traj/81[0m
------------------- Plan Thread(HOVER) -----------------------
[plan node] hovering...
[31m/traj/82[0m
------------------- Plan Thread(HOVER) -----------------------
[plan node] hovering...
[31m/traj/83[0m
------------------- Plan Thread(HOVER) -----------------------
[plan node] hovering...
[31m/traj/84[0m
------------------- Plan Thread(HOVER) -----------------------
[plan node] hovering...
[31m/traj/85[0m
------------------- Plan Thread(HOVER) -----------------------
[plan node] hovering...
[31m/traj/86[0m
------------------- Plan Thread(HOVER) -----------------------
[plan node] hovering...
[31m/traj/87[0m
------------------- Plan Thread(HOVER) -----------------------
[plan node] hovering...
[31m/traj/88[0m
------------------- Plan Thread(HOVER) -----------------------
[plan node] hovering...
[31m/traj/89[0m
------------------- Plan Thread(HOVER) -----------------------
[plan node] hovering...
[31m/traj/90[0m
------------------- Plan Thread(HOVER) -----------------------
[plan node] hovering...
[31m/traj/91[0m
------------------- Plan Thread(HOVER) -----------------------
[plan node] hovering...
[31m/traj/92[0m
------------------- Plan Thread(HOVER) -----------------------
[plan node] hovering...
[31m/traj/93[0m
[33m[data_callback] Planner hold active: reset to HOVER and wait for next goal.[0m
------------------- Plan Thread(HOVER) -----------------------
[plan node] hovering...
[31m/traj/94[0m
------------------- Plan Thread(HOVER) -----------------------
[plan node] hovering...
[31m/traj/95[0m
------------------- Plan Thread(HOVER) -----------------------
[plan node] hovering...
[31m/traj/96[0m
------------------- Plan Thread(HOVER) -----------------------
[plan node] hovering...
[31m/traj/97[0m
------------------- Plan Thread(HOVER) -----------------------
[plan node] hovering...
[31m/traj/98[0m
------------------- Plan Thread(HOVER) -----------------------
[plan node] hovering...
[31m/traj/99[0m
------------------- Plan Thread(HOVER) -----------------------
[plan node] hovering...
[31m/traj/100[0m
------------------- Plan Thread(HOVER) -----------------------
[plan node] hovering...
[31m/traj/101[0m
------------------- Plan Thread(HOVER) -----------------------
[plan node] hovering...
[31m/traj/102[0m
------------------- Plan Thread(HOVER) -----------------------
[plan node] hovering...
[31m/traj/103[0m
------------------- Plan Thread(HOVER) -----------------------
[plan node] hovering...
[31m/traj/104[0m
------------------- Plan Thread(HOVER) -----------------------
[plan node] hovering...
[31m/traj/105[0m
------------------- Plan Thread(HOVER) -----------------------
[plan node] hovering...
[31m/traj/106[0m
------------------- Plan Thread(HOVER) -----------------------
[plan node] hovering...
[31m/traj/107[0m
[0m[INFO] [1784881949.260367509]: [TrajOpt][IRL] sphere collision d1=0.010 d2=0.220 radius=0.250[0m
------------------- Plan Thread(HOVER) -----------------------
[plan node] hovering...
[31m/traj/108[0m
------------------- Plan Thread(HOVER) -----------------------
[plan node] hovering...
[0m[INFO] [1784881949.332019425]: [TrajOpt][IRL] sphere collision d1=0.010 d2=0.220 radius=0.250[0m
[31m/traj/109[0m
------------------- Plan Thread(HOVER) -----------------------
[plan node] hovering...
[31m/traj/110[0m
[0m[INFO] [1784881949.432213289]: [TrajOpt][IRL] sphere collision d1=0.010 d2=0.220 radius=0.250[0m
------------------- Plan Thread(HOVER) -----------------------
[plan node] hovering...
[31m/traj/111[0m
------------------- Plan Thread(HOVER) -----------------------
[plan node] hovering...
[31m/traj/112[0m
[0m[INFO] [1784881949.532356612]: [TrajOpt][IRL] sphere collision d1=0.010 d2=0.220 radius=0.250[0m
------------------- Plan Thread(HOVER) -----------------------
[plan node] hovering...
[31m/traj/113[0m
[0m[INFO] [1784881949.618530119]: [MapInterface][IRL] split env_pcl by x=0.000 into group1/group2: 0 / 0 pts[0m
------------------- Plan Thread(HOVER) -----------------------
[plan node] hovering...
[31m/traj/114[0m
------------------- Plan Thread(HOVER) -----------------------
[plan node] hovering...
[31m/traj/115[0m
receive goal full state callback
[33m[data_callback] Planner hold released: next goal may enter GOAL mode.[0m
[33m[FSM] HOVER -> GOAL[0m
------------------- Plan Thread(GOAL) -----------------------
[33m[WARN] [1784881949.792085709]: [plan node] Current odom jumps away from last traj by 1.878 m, replan from current odom.[0m
init_state.theta_:
  0.6
-0.55
    0
[31m[ERROR] [1784881949.792120159]: last traj not valid, plan from current odom[0m
init_p:-0.261959  -0.00623       1.2
[plan node] get init state
[plan node] get new goal:   8.28032 -0.151455       1.2
init p: -0.261959  -0.00623       1.2
init v: 0 0 0
init a: 0 0 0
init j: 0 0 0
init yaw: -0.039639         0
init thetas:   0.6 -0.55     0
init d_thetas: 0 0 0
tar p:   8.28032 -0.151455       1.2
tar v: 0 0 0
tar a: 0 0 0
tar thetas: 0.785398 -0.785398         0
tar d_thetas:0 0 0
[48;5;2m----- Skip A*: use fixed S guide path[0m
[32m[tlplanner] use S guide path, points=11[0m
init p: -0.261959  -0.00623       1.2
end p:   8.28032 -0.151455       1.2
init yaw: -0.039639
end yaw: 0
[48;5;2m----- Start gen traj[0m
init_thetas:   0.6     0
-0.55     0
    0     0
final_thetas:  0.785398         0
-0.785398         0
        0         0
[48;5;2m[GenTraj] 1 Params set done[0m
extract start
ego_path.size = 11
ego_path[0]:-0.261959  -0.00623       1.2
ego_path[1]:0.681 0.153   1.2
ego_path[2]:1.622 0.334   1.2
ego_path[3]:2.67851 0.27934     1.2
ego_path[4]: 3.52683 0.295709      1.2
ego_path[5]: 4.231 -0.311    1.2
ego_path[6]:  4.85 -1.012    1.2
ego_path[7]:  5.84753 -0.989186       1.2
ego_path[8]:   6.5489 -0.898073       1.2
ego_path[9]:7.636 -0.86   1.2
ego_path[10]:  8.28032 -0.151455       1.2
-------------
mid_Q_vec[0]:-0.261959  -0.00623       1.2
mid_Q_vec[1]: 4.231 -0.311    1.2
-------------
mid_Q_vec[1]: 4.231 -0.311    1.2
mid_Q_vec[2]:  4.85 -1.012    1.2
-------------
mid_Q_vec[2]:  4.85 -1.012    1.2
mid_Q_vec[3]:  5.84753 -0.989186       1.2
-------------
mid_Q_vec[3]:  5.84753 -0.989186       1.2
mid_Q_vec[4]:   6.5489 -0.898073       1.2
-------------
mid_Q_vec[4]:   6.5489 -0.898073       1.2
mid_Q_vec[5]:7.636 -0.86   1.2
-------------
mid_Q_vec[5]:7.636 -0.86   1.2
mid_Q_vec[6]:  8.28032 -0.151455       1.2
extract end N_ret = 11
mid_q_vec[0]: 0.486868 -0.057025       1.2
mid_q_vec[1]: 1.23569 -0.10782      1.2
mid_q_vec[2]:  1.98452 -0.158615       1.2
mid_q_vec[3]: 2.73335 -0.20941      1.2
mid_q_vec[4]:  3.48217 -0.260205       1.2
mid_q_vec[5]: 4.231 -0.311    1.2
mid_q_vec[6]:  4.85 -1.012    1.2
mid_q_vec[7]:  5.84753 -0.989186       1.2
mid_q_vec[8]:   6.5489 -0.898073       1.2
mid_q_vec[9]:7.636 -0.86   1.2
[0m[INFO] [1784881949.792510700]: [TrajOpt] A* waypoint tracking path points=11[0m
[trajopt] Pieces: 11
[48;5;2m[GenTraj] 2 Extract mid points done[0m
yaw_in: -0.039639, yaw_out: 0
yaw_in:-0.039639, yaw_out:0
yaw: -0.0360355  -0.0324319  -0.0288284  -0.0252248  -0.0216213  -0.0180177  -0.0144142  -0.0108106 -0.00720709 -0.00360355
thetas_in: 
  0.6 -0.55     0
    0     0     0
thetas_out: 
 0.785398 -0.785398         0
        0         0         0
thetas(0): 0.616854 0.633709 0.650563 0.667417 0.684272 0.701126 0.717981 0.734835 0.751689 0.768544
thetas(1):   -0.5714   -0.5928 -0.614199 -0.635599 -0.656999 -0.678399 -0.699799 -0.721199 -0.742598 -0.763998
thetas(2): 0 0 0 0 0 0 0 0 0 0
P(0):  0.486868 -0.057025       1.2
P(1):  1.23569 -0.10782      1.2
P(2):   1.98452 -0.158615       1.2
P(3):  2.73335 -0.20941      1.2
P(4):   3.48217 -0.260205       1.2
P(5):  4.231 -0.311    1.2
P(6):   4.85 -1.012    1.2
P(7):   5.84753 -0.989186       1.2
P(8):    6.5489 -0.898073       1.2
P(9): 7.636 -0.86   1.2
iniState:
-0.261959         0         0         0
 -0.00623         0         0         0
      1.2         0         0         0
finState:
  8.28032         0         0         0
-0.151455         0         0         0
      1.2         0         0         0
[48;5;2m[GenTraj] 3 Value init done[0m
getAABBPoints full traj
getAABBPoints cached group1/group2: 0 / 0 pts
[0m[INFO] [1784881949.792895159]: [TrajOpt] reuse cached stage-1 warm-start (force); skip stage1_no_sdf.[0m
[32m[GenTraj] Begin opt (stage2_with_sdf)[0m
[31miter: 1[0m
[32mtime generate: 0.040326ms[0m
[32mtime int penalty: 0.096936ms[0m
[31miter: 2[0m
[32mtime generate: 0.026398ms[0m
[32mtime int penalty: 0.072607ms[0m
[31miter: 3[0m
[32mtime generate: 0.025357ms[0m
[32mtime int penalty: 0.072333ms[0m
[0m[INFO] [1784881949.793453445]: [MINCO-IRL] stage=stage2_with_sdf iter=1 eval=3 fx=170929.4551 step=0.0000 ls=2 d=(0.0100,0.2200) cost{snap=106.0423, coll=0.0000, guide=0.0000, yaw=699.1773, dyaw=0.0000} clearance=(0.176,0.411) margin=(0.166,0.191) len=9.6030 chord=8.5435 ratio=1.1240 reverse=0 self_cross=0 worst_group=1 status=running[0m
[31miter: 4[0m
[32mtime generate: 0.026499ms[0m
[32mtime int penalty: 0.074655ms[0m
[0m[INFO] [1784881949.793677491]: [MINCO-IRL] stage=stage2_with_sdf iter=2 eval=4 fx=154725.4325 step=1.0000 ls=1 d=(0.0100,0.2200) cost{snap=16.2177, coll=0.0000, guide=0.0000, yaw=752.7170, dyaw=0.0000} clearance=(0.171,0.385) margin=(0.161,0.165) len=9.6236 chord=8.5435 ratio=1.1264 reverse=0 self_cross=0 worst_group=1 status=running[0m
[31miter: 5[0m
[32mtime generate: 0.027271ms[0m
[32mtime int penalty: 0.091076ms[0m
[31miter: 6[0m
[32mtime generate: 0.025171ms[0m
[32mtime int penalty: 0.072231ms[0m
[0m[INFO] [1784881949.794065582]: [MINCO-IRL] stage=stage2_with_sdf iter=4 eval=6 fx=144926.0159 step=1.0000 ls=1 d=(0.0100,0.2200) cost{snap=24.3799, coll=0.0000, guide=0.0000, yaw=241.8153, dyaw=0.0000} clearance=(0.081,0.373) margin=(0.071,0.153) len=9.3645 chord=8.5435 ratio=1.0961 reverse=0 self_cross=0 worst_group=1 status=running[0m
[31miter: 7[0m
[32mtime generate: 0.027284ms[0m
[32mtime int penalty: 0.074134ms[0m
[31miter: 8[0m
[32mtime generate: 0.025168ms[0m
[32mtime int penalty: 0.072427ms[0m
[0m[INFO] [1784881949.794456242]: [MINCO-IRL] stage=stage2_with_sdf iter=6 eval=8 fx=143381.0515 step=1.0000 ls=1 d=(0.0100,0.2200) cost{snap=20.6497, coll=0.0000, guide=0.0000, yaw=250.8202, dyaw=0.0000} clearance=(0.062,0.350) margin=(0.052,0.130) len=9.3172 chord=8.5435 ratio=1.0906 reverse=0 self_cross=0 worst_group=1 status=running[0m
[31miter: 9[0m
[32mtime generate: 0.026073ms[0m
[32mtime int penalty: 0.075644ms[0m
[31miter: 10[0m
[32mtime generate: 0.026454ms[0m
[32mtime int penalty: 0.077083ms[0m
[0m[INFO] [1784881949.794852138]: [MINCO-IRL] stage=stage2_with_sdf iter=8 eval=10 fx=142515.5257 step=1.0000 ls=1 d=(0.0100,0.2200) cost{snap=21.3914, coll=821.9601, guide=0.0000, yaw=231.8839, dyaw=0.0000} clearance=(0.014,0.270) margin=(0.004,0.050) len=9.2349 chord=8.5435 ratio=1.0809 reverse=0 self_cross=0 worst_group=1 status=running[0m
[31miter: 11[0m
[32mtime generate: 0.027453ms[0m
[32mtime int penalty: 0.077332ms[0m
[31miter: 12[0m
[32mtime generate: 0.026226ms[0m
[32mtime int penalty: 0.079833ms[0m
[31miter: 13[0m
[32mtime generate: 0.026598ms[0m
[32mtime int penalty: 0.094219ms[0m
[0m[INFO] [1784881949.795385165]: [MINCO-IRL] stage=stage2_with_sdf iter=10 eval=13 fx=141402.3091 step=2.1000 ls=2 d=(0.0100,0.2200) cost{snap=20.8613, coll=6.5560, guide=0.0000, yaw=189.8795, dyaw=0.0000} clearance=(0.026,0.265) margin=(0.016,0.045) len=9.2244 chord=8.5435 ratio=1.0797 reverse=0 self_cross=0 worst_group=1 status=running[0m
[31miter: 14[0m
[32mtime generate: 0.027848ms[0m
[32mtime int penalty: 0.080004ms[0m
[31miter: 15[0m
[32mtime generate: 0.026911ms[0m
[32mtime int penalty: 0.078814ms[0m
[31miter: 16[0m
[32mtime generate: 0.02671ms[0m
[32mtime int penalty: 0.0854ms[0m
[31miter: 17[0m
[32mtime generate: 0.025873ms[0m
[32mtime int penalty: 0.07503ms[0m
[0m[INFO] [1784881949.796056752]: [MINCO-IRL] stage=stage2_with_sdf iter=12 eval=17 fx=140903.5665 step=1.0000 ls=1 d=(0.0100,0.2200) cost{snap=20.7607, coll=52.8424, guide=0.0000, yaw=134.0982, dyaw=0.0000} clearance=(0.024,0.245) margin=(0.014,0.025) len=9.1987 chord=8.5435 ratio=1.0767 reverse=0 self_cross=0 worst_group=1 status=running[0m
[31miter: 18[0m
[32mtime generate: 0.026399ms[0m
[32mtime int penalty: 0.091509ms[0m
[31miter: 19[0m
[32mtime generate: 0.040414ms[0m
[32mtime int penalty: 0.13119ms[0m
[31miter: 20[0m
[32mtime generate: 0.025741ms[0m
[32mtime int penalty: 0.075087ms[0m
[31miter: 21[0m
[32mtime generate: 0.029481ms[0m
[32mtime int penalty: 0.080513ms[0m
[31miter: 22[0m
[32mtime generate: 0.025779ms[0m
[32mtime int penalty: 0.075189ms[0m
[0m[INFO] [1784881949.796935551]: [MINCO-IRL] stage=stage2_with_sdf iter=14 eval=22 fx=140711.2983 step=0.2500 ls=3 d=(0.0100,0.2200) cost{snap=20.5856, coll=57.1916, guide=0.0000, yaw=119.6233, dyaw=0.0000} clearance=(0.026,0.235) margin=(0.016,0.015) len=9.1879 chord=8.5435 ratio=1.0754 reverse=0 self_cross=0 worst_group=2 status=running[0m
[31miter: 23[0m
[32mtime generate: 0.026653ms[0m
[32mtime int penalty: 0.075537ms[0m
[31miter: 24[0m
[32mtime generate: 0.025572ms[0m
[32mtime int penalty: 0.074708ms[0m
[0m[INFO] [1784881949.797296868]: [MINCO-IRL] stage=stage2_with_sdf iter=16 eval=24 fx=140534.8072 step=1.0000 ls=1 d=(0.0100,0.2200) cost{snap=20.8652, coll=23.5818, guide=0.0000, yaw=106.6456, dyaw=0.0000} clearance=(0.027,0.237) margin=(0.017,0.017) len=9.1780 chord=8.5435 ratio=1.0743 reverse=0 self_cross=0 worst_group=1 status=running[0m
[31miter: 25[0m
[32mtime generate: 0.026553ms[0m
[32mtime int penalty: 0.075682ms[0m
[31miter: 26[0m
[32mtime generate: 0.025904ms[0m
[32mtime int penalty: 0.079562ms[0m
[0m[INFO] [1784881949.797679053]: [MINCO-IRL] stage=stage2_with_sdf iter=18 eval=26 fx=140193.8423 step=1.0000 ls=1 d=(0.0100,0.2200) cost{snap=17.5992, coll=5.7226, guide=0.0000, yaw=127.8012, dyaw=0.0000} clearance=(0.028,0.238) margin=(0.018,0.018) len=9.1562 chord=8.5435 ratio=1.0717 reverse=0 self_cross=0 worst_group=2 status=running[0m
[31miter: 27[0m
[32mtime generate: 0.026633ms[0m
[32mtime int penalty: 0.075721ms[0m
[31miter: 28[0m
[32mtime generate: 0.025629ms[0m
[32mtime int penalty: 0.074033ms[0m
[0m[INFO] [1784881949.798044047]: [MINCO-IRL] stage=stage2_with_sdf iter=20 eval=28 fx=140091.1642 step=1.0000 ls=1 d=(0.0100,0.2200) cost{snap=18.7057, coll=38.2798, guide=0.0000, yaw=128.9697, dyaw=0.0000} clearance=(0.025,0.237) margin=(0.015,0.017) len=9.1446 chord=8.5435 ratio=1.0704 reverse=0 self_cross=0 worst_group=1 status=running[0m
[31miter: 29[0m
[32mtime generate: 0.026424ms[0m
[32mtime int penalty: 0.075727ms[0m
[31miter: 30[0m
[32mtime generate: 0.025634ms[0m
[32mtime int penalty: 0.074677ms[0m
[0m[INFO] [1784881949.798427360]: [MINCO-IRL] stage=stage2_with_sdf iter=22 eval=30 fx=140079.1662 step=1.0000 ls=1 d=(0.0100,0.2200) cost{snap=19.3676, coll=26.6969, guide=0.0000, yaw=127.2505, dyaw=0.0000} clearance=(0.026,0.237) margin=(0.016,0.017) len=9.1444 chord=8.5435 ratio=1.0703 reverse=0 self_cross=0 worst_group=1 status=running[0m
[31miter: 31[0m
[32mtime generate: 0.027813ms[0m
[32mtime int penalty: 0.116455ms[0m
[31miter: 32[0m
[32mtime generate: 0.026806ms[0m
[32mtime int penalty: 0.078216ms[0m
[0m[INFO] [1784881949.798841703]: [MINCO-IRL] stage=stage2_with_sdf iter=24 eval=32 fx=140063.2498 step=1.0000 ls=1 d=(0.0100,0.2200) cost{snap=19.7136, coll=22.8094, guide=0.0000, yaw=122.7547, dyaw=0.0000} clearance=(0.026,0.237) margin=(0.016,0.017) len=9.1432 chord=8.5435 ratio=1.0702 reverse=0 self_cross=0 worst_group=1 status=running[0m
[31miter: 33[0m
[32mtime generate: 0.027728ms[0m
[32mtime int penalty: 0.078947ms[0m
[31miter: 34[0m
[32mtime generate: 0.026866ms[0m
[32mtime int penalty: 0.077809ms[0m
[0m[INFO] [1784881949.799217753]: [MINCO-IRL] stage=stage2_with_sdf iter=26 eval=34 fx=140032.3845 step=1.0000 ls=1 d=(0.0100,0.2200) cost{snap=20.6489, coll=19.8622, guide=0.0000, yaw=106.3370, dyaw=0.0000} clearance=(0.026,0.237) margin=(0.016,0.017) len=9.1384 chord=8.5435 ratio=1.0696 reverse=0 self_cross=0 worst_group=1 status=running[0m
[31miter: 35[0m
[32mtime generate: 0.027892ms[0m
[32mtime int penalty: 0.07875ms[0m
[31miter: 36[0m
[32mtime generate: 0.026777ms[0m
[32mtime int penalty: 0.077705ms[0m
[0m[INFO] [1784881949.799592977]: [MINCO-IRL] stage=stage2_with_sdf iter=28 eval=36 fx=139996.2365 step=1.0000 ls=1 d=(0.0100,0.2200) cost{snap=21.6904, coll=22.8462, guide=0.0000, yaw=78.6245, dyaw=0.0000} clearance=(0.025,0.237) margin=(0.015,0.017) len=9.1380 chord=8.5435 ratio=1.0696 reverse=0 self_cross=0 worst_group=1 status=running[0m
[31miter: 37[0m
[32mtime generate: 0.02779ms[0m
[32mtime int penalty: 0.079088ms[0m
[31miter: 38[0m
[32mtime generate: 0.037121ms[0m
[32mtime int penalty: 0.090957ms[0m
[0m[INFO] [1784881949.800000956]: [MINCO-IRL] stage=stage2_with_sdf iter=30 eval=38 fx=139944.7409 step=1.0000 ls=1 d=(0.0100,0.2200) cost{snap=22.0758, coll=25.7513, guide=0.0000, yaw=47.9859, dyaw=0.0000} clearance=(0.025,0.237) margin=(0.015,0.017) len=9.1370 chord=8.5435 ratio=1.0695 reverse=0 self_cross=0 worst_group=1 status=running[0m
[31miter: 39[0m
[32mtime generate: 0.026651ms[0m
[32mtime int penalty: 0.075483ms[0m
[31miter: 40[0m
[32mtime generate: 0.025824ms[0m
[32mtime int penalty: 0.073968ms[0m
[31miter: 41[0m
[32mtime generate: 0.025464ms[0m
[32mtime int penalty: 0.073308ms[0m
[0m[INFO] [1784881949.800497659]: [MINCO-IRL] stage=stage2_with_sdf iter=32 eval=41 fx=139850.1078 step=0.5000 ls=2 d=(0.0100,0.2200) cost{snap=21.7174, coll=50.3481, guide=0.0000, yaw=5.9147, dyaw=0.0000} clearance=(0.025,0.236) margin=(0.015,0.016) len=9.1377 chord=8.5435 ratio=1.0695 reverse=0 self_cross=0 worst_group=1 status=running[0m
[31miter: 42[0m
[32mtime generate: 0.049724ms[0m
[32mtime int penalty: 0.079065ms[0m
[31miter: 43[0m
[32mtime generate: 0.027154ms[0m
[32mtime int penalty: 0.114957ms[0m
[0m[INFO] [1784881949.800973452]: [MINCO-IRL] stage=stage2_with_sdf iter=34 eval=43 fx=139764.2062 step=1.0000 ls=1 d=(0.0100,0.2200) cost{snap=22.3475, coll=21.7111, guide=0.0000, yaw=3.0686, dyaw=0.0000} clearance=(0.025,0.237) margin=(0.015,0.017) len=9.1391 chord=8.5435 ratio=1.0697 reverse=0 self_cross=0 worst_group=1 status=running[0m
[31miter: 44[0m
[32mtime generate: 0.030178ms[0m
[32mtime int penalty: 0.123466ms[0m
[31miter: 45[0m
[32mtime generate: 0.041643ms[0m
[32mtime int penalty: 0.087838ms[0m
[0m[INFO] [1784881949.801510666]: [MINCO-IRL] stage=stage2_with_sdf iter=36 eval=45 fx=139704.7884 step=1.0000 ls=1 d=(0.0100,0.2200) cost{snap=21.4281, coll=25.1274, guide=0.0000, yaw=0.6577, dyaw=0.0000} clearance=(0.027,0.236) margin=(0.017,0.016) len=9.1387 chord=8.5435 ratio=1.0697 reverse=0 self_cross=0 worst_group=2 status=running[0m
[31miter: 46[0m
[32mtime generate: 0.028711ms[0m
[32mtime int penalty: 0.078381ms[0m
[31miter: 47[0m
[32mtime generate: 0.027166ms[0m
[32mtime int penalty: 0.077114ms[0m
[0m[INFO] [1784881949.801894309]: [MINCO-IRL] stage=stage2_with_sdf iter=38 eval=47 fx=139651.9117 step=1.0000 ls=1 d=(0.0100,0.2200) cost{snap=23.4382, coll=29.2027, guide=0.0000, yaw=0.0076, dyaw=5.6287} clearance=(0.026,0.236) margin=(0.016,0.016) len=9.1388 chord=8.5435 ratio=1.0697 reverse=0 self_cross=0 worst_group=1 status=running[0m
[31miter: 48[0m
[32mtime generate: 0.028231ms[0m
[32mtime int penalty: 0.078437ms[0m
[31miter: 49[0m
[32mtime generate: 0.026989ms[0m
[32mtime int penalty: 0.083409ms[0m
[0m[INFO] [1784881949.802308726]: [MINCO-IRL] stage=stage2_with_sdf iter=40 eval=49 fx=139620.5354 step=1.0000 ls=1 d=(0.0100,0.2200) cost{snap=23.8884, coll=21.6973, guide=0.0000, yaw=0.0016, dyaw=0.3519} clearance=(0.025,0.237) margin=(0.015,0.017) len=9.1418 chord=8.5435 ratio=1.0700 reverse=0 self_cross=0 worst_group=1 status=running[0m
[31miter: 50[0m
[32mtime generate: 0.028335ms[0m
[32mtime int penalty: 0.078585ms[0m
[31miter: 51[0m
[32mtime generate: 0.027133ms[0m
[32mtime int penalty: 0.076843ms[0m
[0m[INFO] [1784881949.802699589]: [MINCO-IRL] stage=stage2_with_sdf iter=42 eval=51 fx=139582.8942 step=1.0000 ls=1 d=(0.0100,0.2200) cost{snap=24.8359, coll=17.8678, guide=0.0000, yaw=0.0000, dyaw=0.0000} clearance=(0.025,0.238) margin=(0.015,0.018) len=9.1437 chord=8.5435 ratio=1.0702 reverse=0 self_cross=0 worst_group=1 status=running[0m
[31miter: 52[0m
[32mtime generate: 0.02782ms[0m
[32mtime int penalty: 0.077654ms[0m
[31miter: 53[0m
[32mtime generate: 0.026892ms[0m
[32mtime int penalty: 0.076873ms[0m
[0m[INFO] [1784881949.803085179]: [MINCO-IRL] stage=stage2_with_sdf iter=44 eval=53 fx=139534.6017 step=1.0000 ls=1 d=(0.0100,0.2200) cost{snap=27.9220, coll=28.3806, guide=0.0000, yaw=0.0000, dyaw=0.0000} clearance=(0.026,0.237) margin=(0.016,0.017) len=9.1400 chord=8.5435 ratio=1.0698 reverse=0 self_cross=0 worst_group=1 status=running[0m
[31miter: 54[0m
[32mtime generate: 0.027884ms[0m
[32mtime int penalty: 0.077052ms[0m
[31miter: 55[0m
[32mtime generate: 0.02687ms[0m
[32mtime int penalty: 0.077141ms[0m
[0m[INFO] [1784881949.803469746]: [MINCO-IRL] stage=stage2_with_sdf iter=46 eval=55 fx=139498.2818 step=1.0000 ls=1 d=(0.0100,0.2200) cost{snap=30.3537, coll=35.0703, guide=0.0000, yaw=0.0000, dyaw=0.0000} clearance=(0.026,0.237) margin=(0.016,0.017) len=9.1361 chord=8.5435 ratio=1.0694 reverse=0 self_cross=0 worst_group=1 status=running[0m
[31miter: 56[0m
[32mtime generate: 0.027646ms[0m
[32mtime int penalty: 0.07857ms[0m
[31miter: 57[0m
[32mtime generate: 0.026817ms[0m
[32mtime int penalty: 0.077131ms[0m
[0m[INFO] [1784881949.803864492]: [MINCO-IRL] stage=stage2_with_sdf iter=48 eval=57 fx=139424.2400 step=1.0000 ls=1 d=(0.0100,0.2200) cost{snap=33.2102, coll=57.9274, guide=0.0000, yaw=0.2390, dyaw=0.0000} clearance=(0.025,0.236) margin=(0.015,0.016) len=9.1351 chord=8.5435 ratio=1.0692 reverse=0 self_cross=0 worst_group=1 status=running[0m
[31miter: 58[0m
[32mtime generate: 0.027691ms[0m
[32mtime int penalty: 0.077988ms[0m
[31miter: 59[0m
[32mtime generate: 0.026934ms[0m
[32mtime int penalty: 0.078165ms[0m
[0m[INFO] [1784881949.804249888]: [MINCO-IRL] stage=stage2_with_sdf iter=50 eval=59 fx=139389.9469 step=1.0000 ls=1 d=(0.0100,0.2200) cost{snap=34.4900, coll=45.7192, guide=0.0000, yaw=9.4313, dyaw=4.7496} clearance=(0.025,0.236) margin=(0.015,0.016) len=9.1391 chord=8.5435 ratio=1.0697 reverse=0 self_cross=0 worst_group=1 status=running[0m
[31miter: 60[0m
[32mtime generate: 0.028057ms[0m
[32mtime int penalty: 0.077648ms[0m
[31miter: 61[0m
[32mtime generate: 0.026806ms[0m
[32mtime int penalty: 0.076572ms[0m
[0m[INFO] [1784881949.804637688]: [MINCO-IRL] stage=stage2_with_sdf iter=52 eval=61 fx=139351.7973 step=1.0000 ls=1 d=(0.0100,0.2200) cost{snap=35.6233, coll=11.9791, guide=0.0000, yaw=0.0015, dyaw=0.0000} clearance=(0.026,0.238) margin=(0.016,0.018) len=9.1426 chord=8.5435 ratio=1.0701 reverse=0 self_cross=0 worst_group=1 status=running[0m
[31miter: 62[0m
[32mtime generate: 0.028153ms[0m
[32mtime int penalty: 0.078122ms[0m
[31miter: 63[0m
[32mtime generate: 0.026864ms[0m
[32mtime int penalty: 0.076953ms[0m
[0m[INFO] [1784881949.805024930]: [MINCO-IRL] stage=stage2_with_sdf iter=54 eval=63 fx=139312.9335 step=1.0000 ls=1 d=(0.0100,0.2200) cost{snap=38.4404, coll=42.2216, guide=0.0000, yaw=1.3539, dyaw=0.0000} clearance=(0.025,0.236) margin=(0.015,0.016) len=9.1431 chord=8.5435 ratio=1.0702 reverse=0 self_cross=0 worst_group=1 status=running[0m
[31miter: 64[0m
[32mtime generate: 0.027765ms[0m
[32mtime int penalty: 0.078789ms[0m
[31miter: 65[0m
[32mtime generate: 0.026668ms[0m
[32mtime int penalty: 0.077366ms[0m
[0m[INFO] [1784881949.805410925]: [MINCO-IRL] stage=stage2_with_sdf iter=56 eval=65 fx=139269.6788 step=1.0000 ls=1 d=(0.0100,0.2200) cost{snap=39.3041, coll=22.4163, guide=0.0000, yaw=1.8657, dyaw=0.0000} clearance=(0.026,0.237) margin=(0.016,0.017) len=9.1452 chord=8.5435 ratio=1.0704 reverse=0 self_cross=0 worst_group=1 status=running[0m
[31miter: 66[0m
[32mtime generate: 0.03378ms[0m
[32mtime int penalty: 0.078438ms[0m
[31miter: 67[0m
[32mtime generate: 0.027024ms[0m
[32mtime int penalty: 0.077019ms[0m
[0m[INFO] [1784881949.805798558]: [MINCO-IRL] stage=stage2_with_sdf iter=58 eval=67 fx=139231.5441 step=1.0000 ls=1 d=(0.0100,0.2200) cost{snap=41.1277, coll=10.3003, guide=0.0000, yaw=2.0753, dyaw=0.0001} clearance=(0.027,0.238) margin=(0.017,0.018) len=9.1461 chord=8.5435 ratio=1.0705 reverse=0 self_cross=0 worst_group=1 status=running[0m
[31miter: 68[0m
[32mtime generate: 0.027784ms[0m
[32mtime int penalty: 0.07811ms[0m
[31miter: 69[0m
[32mtime generate: 0.026831ms[0m
[32mtime int penalty: 0.076954ms[0m
[0m[INFO] [1784881949.806185722]: [MINCO-IRL] stage=stage2_with_sdf iter=60 eval=69 fx=139149.6470 step=1.0000 ls=1 d=(0.0100,0.2200) cost{snap=46.6984, coll=30.6216, guide=0.0000, yaw=6.3878, dyaw=0.0000} clearance=(0.025,0.237) margin=(0.015,0.017) len=9.1361 chord=8.5435 ratio=1.0694 reverse=0 self_cross=0 worst_group=1 status=running[0m
[31miter: 70[0m
[32mtime generate: 0.027474ms[0m
[32mtime int penalty: 0.078303ms[0m
[31miter: 71[0m
[32mtime generate: 0.026813ms[0m
[32mtime int penalty: 0.077419ms[0m
[0m[INFO] [1784881949.806563076]: [MINCO-IRL] stage=stage2_with_sdf iter=62 eval=71 fx=139124.2350 step=1.0000 ls=1 d=(0.0100,0.2200) cost{snap=47.1948, coll=22.0897, guide=0.0000, yaw=8.4108, dyaw=0.0000} clearance=(0.025,0.237) margin=(0.015,0.017) len=9.1345 chord=8.5435 ratio=1.0692 reverse=0 self_cross=0 worst_group=1 status=running[0m
[31miter: 72[0m
[32mtime generate: 0.027876ms[0m
[32mtime int penalty: 0.078338ms[0m
[31miter: 73[0m
[32mtime generate: 0.026838ms[0m
[32mtime int penalty: 0.076707ms[0m
[0m[INFO] [1784881949.806937736]: [MINCO-IRL] stage=stage2_with_sdf iter=64 eval=73 fx=139092.5711 step=1.0000 ls=1 d=(0.0100,0.2200) cost{snap=46.5676, coll=33.8264, guide=0.0000, yaw=21.1872, dyaw=3.3123} clearance=(0.025,0.237) margin=(0.015,0.017) len=9.1369 chord=8.5435 ratio=1.0694 reverse=0 self_cross=0 worst_group=1 status=running[0m
[31miter: 74[0m
[32mtime generate: 0.027819ms[0m
[32mtime int penalty: 0.077481ms[0m
[31miter: 75[0m
[32mtime generate: 0.026827ms[0m
[32mtime int penalty: 0.077763ms[0m
[0m[INFO] [1784881949.807317500]: [MINCO-IRL] stage=stage2_with_sdf iter=66 eval=75 fx=139064.3414 step=1.0000 ls=1 d=(0.0100,0.2200) cost{snap=49.6943, coll=23.2366, guide=0.0000, yaw=22.2976, dyaw=0.0152} clearance=(0.025,0.237) margin=(0.015,0.017) len=9.1382 chord=8.5435 ratio=1.0696 reverse=0 self_cross=0 worst_group=1 status=running[0m
[31miter: 76[0m
[32mtime generate: 0.027763ms[0m
[32mtime int penalty: 0.07784ms[0m
[31miter: 77[0m
[32mtime generate: 0.027018ms[0m
[32mtime int penalty: 0.077221ms[0m
[0m[INFO] [1784881949.807698820]: [MINCO-IRL] stage=stage2_with_sdf iter=68 eval=77 fx=139047.2825 step=1.0000 ls=1 d=(0.0100,0.2200) cost{snap=51.7982, coll=17.4903, guide=0.0000, yaw=24.3746, dyaw=0.4944} clearance=(0.025,0.237) margin=(0.015,0.017) len=9.1406 chord=8.5435 ratio=1.0699 reverse=0 self_cross=0 worst_group=1 status=running[0m
[31miter: 78[0m
[32mtime generate: 0.027991ms[0m
[32mtime int penalty: 0.085072ms[0m
[31miter: 79[0m
[32mtime generate: 0.027048ms[0m
[32mtime int penalty: 0.077515ms[0m
[0m[INFO] [1784881949.808094253]: [MINCO-IRL] stage=stage2_with_sdf iter=70 eval=79 fx=139017.6357 step=1.0000 ls=1 d=(0.0100,0.2200) cost{snap=54.9754, coll=21.1490, guide=0.0000, yaw=28.4691, dyaw=0.8691} clearance=(0.025,0.237) margin=(0.015,0.017) len=9.1404 chord=8.5435 ratio=1.0699 reverse=0 self_cross=0 worst_group=1 status=running[0m
[31miter: 80[0m
[32mtime generate: 0.027884ms[0m
[32mtime int penalty: 0.077819ms[0m
[31miter: 81[0m
[32mtime generate: 0.026767ms[0m
[32mtime int penalty: 0.08378ms[0m
[0m[INFO] [1784881949.808492842]: [MINCO-IRL] stage=stage2_with_sdf iter=72 eval=81 fx=138992.9574 step=1.0000 ls=1 d=(0.0100,0.2200) cost{snap=57.3941, coll=19.8381, guide=0.0000, yaw=34.5524, dyaw=1.7686} clearance=(0.025,0.237) margin=(0.015,0.017) len=9.1411 chord=8.5435 ratio=1.0699 reverse=0 self_cross=0 worst_group=1 status=running[0m
[31miter: 82[0m
[32mtime generate: 0.028605ms[0m
[32mtime int penalty: 0.08369ms[0m
[31miter: 83[0m
[32mtime generate: 0.02753ms[0m
[32mtime int penalty: 0.07868ms[0m
[0m[INFO] [1784881949.808881023]: [MINCO-IRL] stage=stage2_with_sdf iter=74 eval=83 fx=138966.6369 step=1.0000 ls=1 d=(0.0100,0.2200) cost{snap=57.8705, coll=31.0454, guide=0.0000, yaw=38.1523, dyaw=0.3984} clearance=(0.025,0.237) margin=(0.015,0.017) len=9.1388 chord=8.5435 ratio=1.0697 reverse=0 self_cross=0 worst_group=1 status=running[0m
[31miter: 84[0m
[32mtime generate: 0.027861ms[0m
[32mtime int penalty: 0.079677ms[0m
[31miter: 85[0m
[32mtime generate: 0.027329ms[0m
[32mtime int penalty: 0.077653ms[0m
[0m[INFO] [1784881949.809270551]: [MINCO-IRL] stage=stage2_with_sdf iter=76 eval=85 fx=138941.7102 step=1.0000 ls=1 d=(0.0100,0.2200) cost{snap=58.9198, coll=21.9682, guide=0.0000, yaw=43.4406, dyaw=0.1529} clearance=(0.025,0.237) margin=(0.015,0.017) len=9.1382 chord=8.5435 ratio=1.0696 reverse=0 self_cross=0 worst_group=1 status=running[0m
[31miter: 86[0m
[32mtime generate: 0.027664ms[0m
[32mtime int penalty: 0.077461ms[0m
[31miter: 87[0m
[32mtime generate: 0.026983ms[0m
[32mtime int penalty: 0.077474ms[0m
[0m[INFO] [1784881949.809647783]: [MINCO-IRL] stage=stage2_with_sdf iter=78 eval=87 fx=138927.0949 step=1.0000 ls=1 d=(0.0100,0.2200) cost{snap=58.7514, coll=26.5379, guide=0.0000, yaw=50.0913, dyaw=1.3717} clearance=(0.025,0.237) margin=(0.015,0.017) len=9.1406 chord=8.5435 ratio=1.0699 reverse=0 self_cross=0 worst_group=1 status=running[0m
[31miter: 88[0m
[32mtime generate: 0.028039ms[0m
[32mtime int penalty: 0.082144ms[0m
[31miter: 89[0m
[32mtime generate: 0.027217ms[0m
[32mtime int penalty: 0.078021ms[0m
[0m[INFO] [1784881949.810029469]: [MINCO-IRL] stage=stage2_with_sdf iter=80 eval=89 fx=138916.0942 step=1.0000 ls=1 d=(0.0100,0.2200) cost{snap=58.5216, coll=21.2313, guide=0.0000, yaw=49.7207, dyaw=0.7094} clearance=(0.025,0.237) margin=(0.015,0.017) len=9.1428 chord=8.5435 ratio=1.0701 reverse=0 self_cross=0 worst_group=1 status=running[0m
[31miter: 90[0m
[32mtime generate: 0.028058ms[0m
[32mtime int penalty: 0.078556ms[0m
[31miter: 91[0m
[32mtime generate: 0.026955ms[0m
[32mtime int penalty: 0.077913ms[0m
[0m[INFO] [1784881949.810410713]: [MINCO-IRL] stage=stage2_with_sdf iter=82 eval=91 fx=138904.4447 step=1.0000 ls=1 d=(0.0100,0.2200) cost{snap=56.1710, coll=20.6677, guide=0.0000, yaw=50.2363, dyaw=0.6637} clearance=(0.025,0.237) margin=(0.015,0.017) len=9.1428 chord=8.5435 ratio=1.0701 reverse=0 self_cross=0 worst_group=1 status=running[0m
[31miter: 92[0m
[32mtime generate: 0.027679ms[0m
[32mtime int penalty: 0.078464ms[0m
[31miter: 93[0m
[32mtime generate: 0.026981ms[0m
[32mtime int penalty: 0.077001ms[0m
[0m[INFO] [1784881949.810793051]: [MINCO-IRL] stage=stage2_with_sdf iter=84 eval=93 fx=138895.1318 step=1.0000 ls=1 d=(0.0100,0.2200) cost{snap=55.9157, coll=26.3809, guide=0.0000, yaw=47.2626, dyaw=0.1642} clearance=(0.025,0.237) margin=(0.015,0.017) len=9.1438 chord=8.5435 ratio=1.0703 reverse=0 self_cross=0 worst_group=1 status=running[0m
[31miter: 94[0m
[32mtime generate: 0.027733ms[0m
[32mtime int penalty: 0.078371ms[0m
[31miter: 95[0m
[32mtime generate: 0.026681ms[0m
[32mtime int penalty: 0.07698ms[0m
[0m[INFO] [1784881949.811184948]: [MINCO-IRL] stage=stage2_with_sdf iter=86 eval=95 fx=138879.2742 step=1.0000 ls=1 d=(0.0100,0.2200) cost{snap=59.7870, coll=25.8262, guide=0.0000, yaw=48.2116, dyaw=0.0000} clearance=(0.025,0.237) margin=(0.015,0.017) len=9.1462 chord=8.5435 ratio=1.0705 reverse=0 self_cross=0 worst_group=1 status=running[0m
[31miter: 96[0m
[32mtime generate: 0.027758ms[0m
[32mtime int penalty: 0.078279ms[0m
[31miter: 97[0m
[32mtime generate: 0.02703ms[0m
[32mtime int penalty: 0.085459ms[0m
[31miter: 98[0m
[32mtime generate: 0.02707ms[0m
[32mtime int penalty: 0.077896ms[0m
[31miter: 99[0m
[32mtime generate: 0.026628ms[0m
[32mtime int penalty: 0.077001ms[0m
[31miter: 100[0m
[32mtime generate: 0.027395ms[0m
[32mtime int penalty: 0.077436ms[0m
[0m[INFO] [1784881949.811994109]: [MINCO-IRL] stage=stage2_with_sdf iter=88 eval=100 fx=138868.0224 step=0.1250 ls=4 d=(0.0100,0.2200) cost{snap=64.7241, coll=19.3702, guide=0.0000, yaw=47.6114, dyaw=5.5991} clearance=(0.026,0.237) margin=(0.016,0.017) len=9.1488 chord=8.5435 ratio=1.0708 reverse=0 self_cross=0 worst_group=1 status=running[0m
[31miter: 101[0m
[32mtime generate: 0.027629ms[0m
[32mtime int penalty: 0.078321ms[0m
[31miter: 102[0m
[32mtime generate: 0.026797ms[0m
[32mtime int penalty: 0.077251ms[0m
[0m[INFO] [1784881949.812371572]: [MINCO-IRL] stage=stage2_with_sdf iter=90 eval=102 fx=138854.8779 step=1.0000 ls=1 d=(0.0100,0.2200) cost{snap=64.6524, coll=17.3215, guide=0.0000, yaw=45.1045, dyaw=0.7363} clearance=(0.025,0.237) margin=(0.015,0.017) len=9.1463 chord=8.5435 ratio=1.0706 reverse=0 self_cross=0 worst_group=1 status=running[0m
[31miter: 103[0m
[32mtime generate: 0.029477ms[0m
[32mtime int penalty: 0.083726ms[0m
[31miter: 104[0m
[32mtime generate: 0.027095ms[0m
[32mtime int penalty: 0.077225ms[0m
[0m[INFO] [1784881949.812770062]: [MINCO-IRL] stage=stage2_with_sdf iter=92 eval=104 fx=138849.9109 step=1.0000 ls=1 d=(0.0100,0.2200) cost{snap=64.8650, coll=21.9106, guide=0.0000, yaw=41.3961, dyaw=1.0013} clearance=(0.025,0.237) margin=(0.015,0.017) len=9.1457 chord=8.5435 ratio=1.0705 reverse=0 self_cross=0 worst_group=1 status=running[0m
[48;5;2m[GenTraj] Opt (stage2_with_sdf) done, ret=1, objective=138850, elapsed=19.8544ms, collision_cost=21.9106[0m
[48;5;2m[GenTraj] 5 Opt done[0m
innerloop costs: 2.25334ms
integral costs: 8.34416ms
[32m>ret(stage2): 1[0m
iter: 104
[0m[INFO] [1784881949.812918093]: [TrajOpt][IRL] sphere hard check pass, min_margin=0.015, group=1[0m
[0m[INFO] [1784881949.812989637]: [MINCO-IRL] stage=final iter=104 eval=104 fx=129.1730 step=0.0000 ls=0 d=(0.0100,0.2200) cost{snap=64.8650, coll=21.9106, guide=0.0000, yaw=41.3961, dyaw=1.0013} clearance=(0.025,0.237) margin=(0.015,0.017) len=9.1457 chord=8.5435 ratio=1.0705 reverse=0 self_cross=0 worst_group=1 status=success[0m
[33mtraj_cur duration: 16.0914[0m
[31m[plan node] Plan Time Exceed: 0.0214034[0m
[31m[plan node] Plan Time Exceed Cause Replan Fail.[0m
[plan node] plan done
------------valid check
[32m[plan node] REPLAN SUCCESS.[0m
[32m[traj_server] Planned terminal state published. traj_id=116[0m
[32m[traj_server] Planned MINCO trajectory published. traj_id=116 pieces=11 order=7[0m
[32m[traj_server] Planned trajectory samples published. traj_id=116 points=1611[0m
[31m/traj/116[0m
------------------- Plan Thread(GOAL) -----------------------
[plan node] get init state
[plan node] plan done
[32m[plan node] NO NEED TO REPLAN.[0m
[33m[data_callback] Planner hold active: reset to HOVER and wait for next goal.[0m
[33m[FSM] GOAL -> HOVER (scene planner hold)[0m
------------------- Plan Thread(HOVER) -----------------------
[plan node] hovering...
[31m/traj/117[0m
------------------- Plan Thread(HOVER) -----------------------
[plan node] hovering...
[31m/traj/118[0m
------------------- Plan Thread(HOVER) -----------------------
[plan node] hovering...
[31m/traj/119[0m
------------------- Plan Thread(HOVER) -----------------------
[plan node] hovering...
[31m/traj/120[0m
------------------- Plan Thread(HOVER) -----------------------
[plan node] hovering...
[31m/traj/121[0m
------------------- Plan Thread(HOVER) -----------------------
[plan node] hovering...
[31m/traj/122[0m
------------------- Plan Thread(HOVER) -----------------------
[plan node] hovering...
[31m/traj/123[0m
------------------- Plan Thread(HOVER) -----------------------
[plan node] hovering...
[31m/traj/124[0m
------------------- Plan Thread(HOVER) -----------------------
[plan node] hovering...
[31m/traj/125[0m
------------------- Plan Thread(HOVER) -----------------------
[plan node] hovering...
[31m/traj/126[0m
------------------- Plan Thread(HOVER) -----------------------
[plan node] hovering...
[31m/traj/127[0m
------------------- Plan Thread(HOVER) -----------------------
[plan node] hovering...
[31m/traj/128[0m
------------------- Plan Thread(HOVER) -----------------------
[plan node] hovering...
[31m/traj/129[0m
------------------- Plan Thread(HOVER) -----------------------
[plan node] hovering...
[31m/traj/130[0m
------------------- Plan Thread(HOVER) -----------------------
[plan node] hovering...
[31m/traj/131[0m
------------------- Plan Thread(HOVER) -----------------------
[plan node] hovering...
[31m/traj/132[0m
------------------- Plan Thread(HOVER) -----------------------
[plan node] hovering...
[31m/traj/133[0m
------------------- Plan Thread(HOVER) -----------------------
[plan node] hovering...
[31m/traj/134[0m
------------------- Plan Thread(HOVER) -----------------------
[plan node] hovering...
[31m/traj/135[0m
------------------- Plan Thread(HOVER) -----------------------
[plan node] hovering...
[31m/traj/136[0m
------------------- Plan Thread(HOVER) -----------------------
[plan node] hovering...
[31m/traj/137[0m
------------------- Plan Thread(HOVER) -----------------------
[plan node] hovering...
[31m/traj/138[0m
------------------- Plan Thread(HOVER) -----------------------
[plan node] hovering...
[31m/traj/139[0m
------------------- Plan Thread(HOVER) -----------------------
[plan node] hovering...
[31m/traj/140[0m
------------------- Plan Thread(HOVER) -----------------------
[plan node] hovering...
[31m/traj/141[0m
------------------- Plan Thread(HOVER) -----------------------
[plan node] hovering...
[31m/traj/142[0m
[0m[INFO] [1784881951.618631830]: [MapInterface][IRL] split env_pcl by x=0.000 into group1/group2: 0 / 0 pts[0m
------------------- Plan Thread(HOVER) -----------------------
[plan node] hovering...
[31m/traj/143[0m
------------------- Plan Thread(HOVER) -----------------------
[plan node] hovering...
[31m/traj/144[0m
------------------- Plan Thread(HOVER) -----------------------
[plan node] hovering...
[31m/traj/145[0m
------------------- Plan Thread(HOVER) -----------------------
[plan node] hovering...
[31m/traj/146[0m
------------------- Plan Thread(HOVER) -----------------------
[plan node] hovering...
[31m/traj/147[0m
[33m[data_callback] Planner hold active: reset to HOVER and wait for next goal.[0m
------------------- Plan Thread(HOVER) -----------------------
[plan node] hovering...
[31m/traj/148[0m
------------------- Plan Thread(HOVER) -----------------------
[plan node] hovering...
[31m/traj/149[0m
------------------- Plan Thread(HOVER) -----------------------
[plan node] hovering...
[31m/traj/150[0m
------------------- Plan Thread(HOVER) -----------------------
[plan node] hovering...
[31m/traj/151[0m
------------------- Plan Thread(HOVER) -----------------------
[plan node] hovering...
[31m/traj/152[0m
------------------- Plan Thread(HOVER) -----------------------
[plan node] hovering...
[31m/traj/153[0m
------------------- Plan Thread(HOVER) -----------------------
[plan node] hovering...
[31m/traj/154[0m
------------------- Plan Thread(HOVER) -----------------------
[plan node] hovering...
[31m/traj/155[0m
------------------- Plan Thread(HOVER) -----------------------
[plan node] hovering...
[31m/traj/156[0m
------------------- Plan Thread(HOVER) -----------------------
[plan node] hovering...
[31m/traj/157[0m
------------------- Plan Thread(HOVER) -----------------------
[plan node] hovering...
[31m/traj/158[0m
------------------- Plan Thread(HOVER) -----------------------
[plan node] hovering...
[31m/traj/159[0m
------------------- Plan Thread(HOVER) -----------------------
[plan node] hovering...
[31m/traj/160[0m
------------------- Plan Thread(HOVER) -----------------------
[plan node] hovering...
[31m/traj/161[0m
------------------- Plan Thread(HOVER) -----------------------
[plan node] hovering...
[31m/traj/162[0m
[0m[INFO] [1784881952.943601750]: [TrajOpt][IRL] sphere collision d1=0.010 d2=0.220 radius=0.250[0m
------------------- Plan Thread(HOVER) -----------------------
[plan node] hovering...
[31m/traj/163[0m
------------------- Plan Thread(HOVER) -----------------------
[plan node] hovering...
[31m/traj/164[0m
[0m[INFO] [1784881953.043744270]: [TrajOpt][IRL] sphere collision d1=0.010 d2=0.220 radius=0.250[0m
------------------- Plan Thread(HOVER) -----------------------
[plan node] hovering...
[31m/traj/165[0m
------------------- Plan Thread(HOVER) -----------------------
[plan node] hovering...
[31m/traj/166[0m
------------------- Plan Thread(HOVER) -----------------------
[plan node] hovering...
[31m/traj/167[0m
[0m[INFO] [1784881953.269232247]: [TrajOpt][IRL] sphere collision d1=0.010 d2=0.220 radius=0.250[0m
------------------- Plan Thread(HOVER) -----------------------
[plan node] hovering...
[31m/traj/168[0m
[0m[INFO] [1784881953.344201924]: [TrajOpt][IRL] sphere collision d1=0.010 d2=0.220 radius=0.250[0m
------------------- Plan Thread(HOVER) -----------------------
[plan node] hovering...
[31m/traj/169[0m
------------------- Plan Thread(HOVER) -----------------------
[plan node] hovering...
[31m/traj/170[0m
receive goal full state callback
------------------- Plan Thread(HOVER) -----------------------
[plan node] hovering...
[31m/traj/171[0m
[33m[data_callback] Planner hold released: next goal may enter GOAL mode.[0m
[33m[FSM] HOVER -> GOAL[0m
------------------- Plan Thread(GOAL) -----------------------
[33m[WARN] [1784881953.557605682]: [plan node] Current odom jumps away from last traj by 1.834 m, replan from current odom.[0m
init_state.theta_:
  0.6
-0.55
    0
[31m[ERROR] [1784881953.557640962]: last traj not valid, plan from current odom[0m
init_p:-0.261959  -0.00623       1.2
[plan node] get init state
[plan node] get new goal:   8.28032 -0.151455       1.2
init p: -0.261959  -0.00623       1.2
init v: 0 0 0
init a: 0 0 0
init j: 0 0 0
init yaw: -0.039639         0
init thetas:   0.6 -0.55     0
init d_thetas: 0 0 0
tar p:   8.28032 -0.151455       1.2
tar v: 0 0 0
tar a: 0 0 0
tar thetas: 0.785398 -0.785398         0
tar d_thetas:0 0 0
[48;5;2m----- Skip A*: use fixed S guide path[0m
[32m[tlplanner] use S guide path, points=11[0m
init p: -0.261959  -0.00623       1.2
end p:   8.28032 -0.151455       1.2
init yaw: -0.039639
end yaw: 0
[48;5;2m----- Start gen traj[0m
init_thetas:   0.6     0
-0.55     0
    0     0
final_thetas:  0.785398         0
-0.785398         0
        0         0
[48;5;2m[GenTraj] 1 Params set done[0m
extract start
ego_path.size = 11
ego_path[0]:-0.261959  -0.00623       1.2
ego_path[1]:0.681 0.153   1.2
ego_path[2]:1.622 0.334   1.2
ego_path[3]:2.67851 0.27934     1.2
ego_path[4]: 3.52683 0.295709      1.2
ego_path[5]: 4.231 -0.311    1.2
ego_path[6]:  4.85 -1.012    1.2
ego_path[7]:  5.84753 -0.989186       1.2
ego_path[8]:   6.5489 -0.898073       1.2
ego_path[9]:7.636 -0.86   1.2
ego_path[10]:  8.28032 -0.151455       1.2
-------------
mid_Q_vec[0]:-0.261959  -0.00623       1.2
mid_Q_vec[1]: 4.231 -0.311    1.2
-------------
mid_Q_vec[1]: 4.231 -0.311    1.2
mid_Q_vec[2]:  4.85 -1.012    1.2
-------------
mid_Q_vec[2]:  4.85 -1.012    1.2
mid_Q_vec[3]:  5.84753 -0.989186       1.2
-------------
mid_Q_vec[3]:  5.84753 -0.989186       1.2
mid_Q_vec[4]:   6.5489 -0.898073       1.2
-------------
mid_Q_vec[4]:   6.5489 -0.898073       1.2
mid_Q_vec[5]:7.636 -0.86   1.2
-------------
mid_Q_vec[5]:7.636 -0.86   1.2
mid_Q_vec[6]:  8.28032 -0.151455       1.2
extract end N_ret = 11
mid_q_vec[0]: 0.486868 -0.057025       1.2
mid_q_vec[1]: 1.23569 -0.10782      1.2
mid_q_vec[2]:  1.98452 -0.158615       1.2
mid_q_vec[3]: 2.73335 -0.20941      1.2
mid_q_vec[4]:  3.48217 -0.260205       1.2
mid_q_vec[5]: 4.231 -0.311    1.2
mid_q_vec[6]:  4.85 -1.012    1.2
mid_q_vec[7]:  5.84753 -0.989186       1.2
mid_q_vec[8]:   6.5489 -0.898073       1.2
mid_q_vec[9]:7.636 -0.86   1.2
[0m[INFO] [1784881953.558021625]: [TrajOpt] A* waypoint tracking path points=11[0m
[trajopt] Pieces: 11
[48;5;2m[GenTraj] 2 Extract mid points done[0m
yaw_in: -0.039639, yaw_out: 0
yaw_in:-0.039639, yaw_out:0
yaw: -0.0360355  -0.0324319  -0.0288284  -0.0252248  -0.0216213  -0.0180177  -0.0144142  -0.0108106 -0.00720709 -0.00360355
thetas_in: 
  0.6 -0.55     0
    0     0     0
thetas_out: 
 0.785398 -0.785398         0
        0         0         0
thetas(0): 0.616854 0.633709 0.650563 0.667417 0.684272 0.701126 0.717981 0.734835 0.751689 0.768544
thetas(1):   -0.5714   -0.5928 -0.614199 -0.635599 -0.656999 -0.678399 -0.699799 -0.721199 -0.742598 -0.763998
thetas(2): 0 0 0 0 0 0 0 0 0 0
P(0):  0.486868 -0.057025       1.2
P(1):  1.23569 -0.10782      1.2
P(2):   1.98452 -0.158615       1.2
P(3):  2.73335 -0.20941      1.2
P(4):   3.48217 -0.260205       1.2
P(5):  4.231 -0.311    1.2
P(6):   4.85 -1.012    1.2
P(7):   5.84753 -0.989186       1.2
P(8):    6.5489 -0.898073       1.2
P(9): 7.636 -0.86   1.2
iniState:
-0.261959         0         0         0
 -0.00623         0         0         0
      1.2         0         0         0
finState:
  8.28032         0         0         0
-0.151455         0         0         0
      1.2         0         0         0
[48;5;2m[GenTraj] 3 Value init done[0m
getAABBPoints full traj
getAABBPoints cached group1/group2: 0 / 0 pts
[0m[INFO] [1784881953.558437944]: [TrajOpt] reuse cached stage-1 warm-start (force); skip stage1_no_sdf.[0m
[32m[GenTraj] Begin opt (stage2_with_sdf)[0m
[31miter: 1[0m
[32mtime generate: 0.034053ms[0m
[32mtime int penalty: 0.131862ms[0m
[31miter: 2[0m
[32mtime generate: 0.034491ms[0m
[32mtime int penalty: 0.081629ms[0m
[31miter: 3[0m
[32mtime generate: 0.033794ms[0m
[32mtime int penalty: 0.081593ms[0m
[0m[INFO] [1784881953.559093729]: [MINCO-IRL] stage=stage2_with_sdf iter=1 eval=3 fx=170929.4551 step=0.0000 ls=2 d=(0.0100,0.2200) cost{snap=106.0423, coll=0.0000, guide=0.0000, yaw=699.1773, dyaw=0.0000} clearance=(0.176,0.411) margin=(0.166,0.191) len=9.6030 chord=8.5435 ratio=1.1240 reverse=0 self_cross=0 worst_group=1 status=running[0m
[31miter: 4[0m
[32mtime generate: 0.035266ms[0m
[32mtime int penalty: 0.106156ms[0m
[0m[INFO] [1784881953.559389821]: [MINCO-IRL] stage=stage2_with_sdf iter=2 eval=4 fx=154725.4325 step=1.0000 ls=1 d=(0.0100,0.2200) cost{snap=16.2177, coll=0.0000, guide=0.0000, yaw=752.7170, dyaw=0.0000} clearance=(0.171,0.385) margin=(0.161,0.165) len=9.6236 chord=8.5435 ratio=1.1264 reverse=0 self_cross=0 worst_group=1 status=running[0m
[31miter: 5[0m
[32mtime generate: 0.034573ms[0m
[32mtime int penalty: 0.107409ms[0m
[31miter: 6[0m
[32mtime generate: 0.034735ms[0m
[32mtime int penalty: 0.085412ms[0m
[0m[INFO] [1784881953.559868184]: [MINCO-IRL] stage=stage2_with_sdf iter=4 eval=6 fx=144926.0159 step=1.0000 ls=1 d=(0.0100,0.2200) cost{snap=24.3799, coll=0.0000, guide=0.0000, yaw=241.8153, dyaw=0.0000} clearance=(0.081,0.373) margin=(0.071,0.153) len=9.3645 chord=8.5435 ratio=1.0961 reverse=0 self_cross=0 worst_group=1 status=running[0m
[31miter: 7[0m
[32mtime generate: 0.036043ms[0m
[32mtime int penalty: 0.105308ms[0m
[31miter: 8[0m
[32mtime generate: 0.033951ms[0m
[32mtime int penalty: 0.081664ms[0m
[0m[INFO] [1784881953.560324212]: [MINCO-IRL] stage=stage2_with_sdf iter=6 eval=8 fx=143381.0515 step=1.0000 ls=1 d=(0.0100,0.2200) cost{snap=20.6497, coll=0.0000, guide=0.0000, yaw=250.8202, dyaw=0.0000} clearance=(0.062,0.350) margin=(0.052,0.130) len=9.3172 chord=8.5435 ratio=1.0906 reverse=0 self_cross=0 worst_group=1 status=running[0m
[31miter: 9[0m
[32mtime generate: 0.050488ms[0m
[32mtime int penalty: 0.118485ms[0m
[31miter: 10[0m
[32mtime generate: 0.033199ms[0m
[32mtime int penalty: 0.08252ms[0m
[0m[INFO] [1784881953.560820383]: [MINCO-IRL] stage=stage2_with_sdf iter=8 eval=10 fx=142515.5257 step=1.0000 ls=1 d=(0.0100,0.2200) cost{snap=21.3914, coll=821.9601, guide=0.0000, yaw=231.8839, dyaw=0.0000} clearance=(0.014,0.270) margin=(0.004,0.050) len=9.2349 chord=8.5435 ratio=1.0809 reverse=0 self_cross=0 worst_group=1 status=running[0m
[31miter: 11[0m
[32mtime generate: 0.063465ms[0m
[32mtime int penalty: 0.101986ms[0m
[31miter: 12[0m
[32mtime generate: 0.035226ms[0m
[32mtime int penalty: 0.086502ms[0m
[31miter: 13[0m
[32mtime generate: 0.034545ms[0m
[32mtime int penalty: 0.085856ms[0m
[0m[INFO] [1784881953.561472600]: [MINCO-IRL] stage=stage2_with_sdf iter=10 eval=13 fx=141402.3091 step=2.1000 ls=2 d=(0.0100,0.2200) cost{snap=20.8613, coll=6.5560, guide=0.0000, yaw=189.8795, dyaw=0.0000} clearance=(0.026,0.265) margin=(0.016,0.045) len=9.2244 chord=8.5435 ratio=1.0797 reverse=0 self_cross=0 worst_group=1 status=running[0m
[31miter: 14[0m
[32mtime generate: 0.036738ms[0m
[32mtime int penalty: 0.087067ms[0m
[31miter: 15[0m
[32mtime generate: 0.03466ms[0m
[32mtime int penalty: 0.086987ms[0m
[31miter: 16[0m
[32mtime generate: 0.034379ms[0m
[32mtime int penalty: 0.086813ms[0m
[31miter: 17[0m
[32mtime generate: 0.033709ms[0m
[32mtime int penalty: 0.106383ms[0m
[0m[INFO] [1784881953.562276983]: [MINCO-IRL] stage=stage2_with_sdf iter=12 eval=17 fx=140903.5665 step=1.0000 ls=1 d=(0.0100,0.2200) cost{snap=20.7607, coll=52.8424, guide=0.0000, yaw=134.0982, dyaw=0.0000} clearance=(0.024,0.245) margin=(0.014,0.025) len=9.1987 chord=8.5435 ratio=1.0767 reverse=0 self_cross=0 worst_group=1 status=running[0m
[31miter: 18[0m
[32mtime generate: 0.037032ms[0m
[32mtime int penalty: 0.089468ms[0m
[31miter: 19[0m
[32mtime generate: 0.035259ms[0m
[32mtime int penalty: 0.088492ms[0m
[31miter: 20[0m
[32mtime generate: 0.035208ms[0m
[32mtime int penalty: 0.088831ms[0m
[31miter: 21[0m
[32mtime generate: 0.035249ms[0m
[32mtime int penalty: 0.088304ms[0m
[31miter: 22[0m
[32mtime generate: 0.035212ms[0m
[32mtime int penalty: 0.088196ms[0m
[0m[INFO] [1784881953.563254943]: [MINCO-IRL] stage=stage2_with_sdf iter=14 eval=22 fx=140711.2983 step=0.2500 ls=3 d=(0.0100,0.2200) cost{snap=20.5856, coll=57.1916, guide=0.0000, yaw=119.6233, dyaw=0.0000} clearance=(0.026,0.235) margin=(0.016,0.015) len=9.1879 chord=8.5435 ratio=1.0754 reverse=0 self_cross=0 worst_group=2 status=running[0m
[31miter: 23[0m
[32mtime generate: 0.038854ms[0m
[32mtime int penalty: 0.089166ms[0m
[31miter: 24[0m
[32mtime generate: 0.035692ms[0m
[32mtime int penalty: 0.08855ms[0m
[0m[INFO] [1784881953.563721275]: [MINCO-IRL] stage=stage2_with_sdf iter=16 eval=24 fx=140534.8072 step=1.0000 ls=1 d=(0.0100,0.2200) cost{snap=20.8652, coll=23.5818, guide=0.0000, yaw=106.6456, dyaw=0.0000} clearance=(0.027,0.237) margin=(0.017,0.017) len=9.1780 chord=8.5435 ratio=1.0743 reverse=0 self_cross=0 worst_group=1 status=running[0m
[31miter: 25[0m
[32mtime generate: 0.044164ms[0m
[32mtime int penalty: 0.089104ms[0m
[31miter: 26[0m
[32mtime generate: 0.035354ms[0m
[32mtime int penalty: 0.088067ms[0m
[0m[INFO] [1784881953.564186714]: [MINCO-IRL] stage=stage2_with_sdf iter=18 eval=26 fx=140193.8423 step=1.0000 ls=1 d=(0.0100,0.2200) cost{snap=17.5992, coll=5.7226, guide=0.0000, yaw=127.8012, dyaw=0.0000} clearance=(0.028,0.238) margin=(0.018,0.018) len=9.1562 chord=8.5435 ratio=1.0717 reverse=0 self_cross=0 worst_group=2 status=running[0m
[31miter: 27[0m
[32mtime generate: 0.03665ms[0m
[32mtime int penalty: 0.088565ms[0m
[31miter: 28[0m
[32mtime generate: 0.035329ms[0m
[32mtime int penalty: 0.08722ms[0m
[0m[INFO] [1784881953.564640442]: [MINCO-IRL] stage=stage2_with_sdf iter=20 eval=28 fx=140091.1642 step=1.0000 ls=1 d=(0.0100,0.2200) cost{snap=18.7057, coll=38.2798, guide=0.0000, yaw=128.9697, dyaw=0.0000} clearance=(0.025,0.237) margin=(0.015,0.017) len=9.1446 chord=8.5435 ratio=1.0704 reverse=0 self_cross=0 worst_group=1 status=running[0m
[31miter: 29[0m
[32mtime generate: 0.036723ms[0m
[32mtime int penalty: 0.088063ms[0m
[31miter: 30[0m
[32mtime generate: 0.035573ms[0m
[32mtime int penalty: 0.088263ms[0m
[0m[INFO] [1784881953.565107072]: [MINCO-IRL] stage=stage2_with_sdf iter=22 eval=30 fx=140079.1662 step=1.0000 ls=1 d=(0.0100,0.2200) cost{snap=19.3676, coll=26.6969, guide=0.0000, yaw=127.2505, dyaw=0.0000} clearance=(0.026,0.237) margin=(0.016,0.017) len=9.1444 chord=8.5435 ratio=1.0703 reverse=0 self_cross=0 worst_group=1 status=running[0m
[31miter: 31[0m
[32mtime generate: 0.035074ms[0m
[32mtime int penalty: 0.107862ms[0m
[31miter: 32[0m
[32mtime generate: 0.035347ms[0m
[32mtime int penalty: 0.088055ms[0m
[0m[INFO] [1784881953.565572652]: [MINCO-IRL] stage=stage2_with_sdf iter=24 eval=32 fx=140063.2498 step=1.0000 ls=1 d=(0.0100,0.2200) cost{snap=19.7136, coll=22.8094, guide=0.0000, yaw=122.7547, dyaw=0.0000} clearance=(0.026,0.237) margin=(0.016,0.017) len=9.1432 chord=8.5435 ratio=1.0702 reverse=0 self_cross=0 worst_group=1 status=running[0m
[31miter: 33[0m
[32mtime generate: 0.036756ms[0m
[32mtime int penalty: 0.088705ms[0m
[31miter: 34[0m
[32mtime generate: 0.035407ms[0m
[32mtime int penalty: 0.08806ms[0m
[0m[INFO] [1784881953.566021645]: [MINCO-IRL] stage=stage2_with_sdf iter=26 eval=34 fx=140032.3845 step=1.0000 ls=1 d=(0.0100,0.2200) cost{snap=20.6489, coll=19.8622, guide=0.0000, yaw=106.3370, dyaw=0.0000} clearance=(0.026,0.237) margin=(0.016,0.017) len=9.1384 chord=8.5435 ratio=1.0696 reverse=0 self_cross=0 worst_group=1 status=running[0m
[31miter: 35[0m
[32mtime generate: 0.036704ms[0m
[32mtime int penalty: 0.088972ms[0m
[31miter: 36[0m
[32mtime generate: 0.035364ms[0m
[32mtime int penalty: 0.087802ms[0m
[0m[INFO] [1784881953.566472966]: [MINCO-IRL] stage=stage2_with_sdf iter=28 eval=36 fx=139996.2365 step=1.0000 ls=1 d=(0.0100,0.2200) cost{snap=21.6904, coll=22.8462, guide=0.0000, yaw=78.6245, dyaw=0.0000} clearance=(0.025,0.237) margin=(0.015,0.017) len=9.1380 chord=8.5435 ratio=1.0696 reverse=0 self_cross=0 worst_group=1 status=running[0m
[31miter: 37[0m
[32mtime generate: 0.036788ms[0m
[32mtime int penalty: 0.089026ms[0m
[31miter: 38[0m
[32mtime generate: 0.035345ms[0m
[32mtime int penalty: 0.087167ms[0m
[0m[INFO] [1784881953.566922299]: [MINCO-IRL] stage=stage2_with_sdf iter=30 eval=38 fx=139944.7409 step=1.0000 ls=1 d=(0.0100,0.2200) cost{snap=22.0758, coll=25.7513, guide=0.0000, yaw=47.9859, dyaw=0.0000} clearance=(0.025,0.237) margin=(0.015,0.017) len=9.1370 chord=8.5435 ratio=1.0695 reverse=0 self_cross=0 worst_group=1 status=running[0m
[31miter: 39[0m
[32mtime generate: 0.037327ms[0m
[32mtime int penalty: 0.088777ms[0m
[31miter: 40[0m
[32mtime generate: 0.035471ms[0m
[32mtime int penalty: 0.087325ms[0m
[31miter: 41[0m
[32mtime generate: 0.035193ms[0m
[32mtime int penalty: 0.086636ms[0m
[0m[INFO] [1784881953.567544631]: [MINCO-IRL] stage=stage2_with_sdf iter=32 eval=41 fx=139850.1078 step=0.5000 ls=2 d=(0.0100,0.2200) cost{snap=21.7174, coll=50.3481, guide=0.0000, yaw=5.9147, dyaw=0.0000} clearance=(0.025,0.236) margin=(0.015,0.016) len=9.1377 chord=8.5435 ratio=1.0695 reverse=0 self_cross=0 worst_group=1 status=running[0m
[31miter: 42[0m
[32mtime generate: 0.036807ms[0m
[32mtime int penalty: 0.088172ms[0m
[31miter: 43[0m
[32mtime generate: 0.048518ms[0m
[32mtime int penalty: 0.088743ms[0m
[0m[INFO] [1784881953.568010999]: [MINCO-IRL] stage=stage2_with_sdf iter=34 eval=43 fx=139764.2062 step=1.0000 ls=1 d=(0.0100,0.2200) cost{snap=22.3475, coll=21.7111, guide=0.0000, yaw=3.0686, dyaw=0.0000} clearance=(0.025,0.237) margin=(0.015,0.017) len=9.1391 chord=8.5435 ratio=1.0697 reverse=0 self_cross=0 worst_group=1 status=running[0m
[31miter: 44[0m
[32mtime generate: 0.03699ms[0m
[32mtime int penalty: 0.088296ms[0m
[31miter: 45[0m
[32mtime generate: 0.035647ms[0m
[32mtime int penalty: 0.087812ms[0m
[0m[INFO] [1784881953.568464455]: [MINCO-IRL] stage=stage2_with_sdf iter=36 eval=45 fx=139704.7884 step=1.0000 ls=1 d=(0.0100,0.2200) cost{snap=21.4281, coll=25.1274, guide=0.0000, yaw=0.6577, dyaw=0.0000} clearance=(0.027,0.236) margin=(0.017,0.016) len=9.1387 chord=8.5435 ratio=1.0697 reverse=0 self_cross=0 worst_group=2 status=running[0m
[31miter: 46[0m
[32mtime generate: 0.0367ms[0m
[32mtime int penalty: 0.08789ms[0m
[31miter: 47[0m
[32mtime generate: 0.035455ms[0m
[32mtime int penalty: 0.087285ms[0m
[0m[INFO] [1784881953.568913874]: [MINCO-IRL] stage=stage2_with_sdf iter=38 eval=47 fx=139651.9117 step=1.0000 ls=1 d=(0.0100,0.2200) cost{snap=23.4382, coll=29.2027, guide=0.0000, yaw=0.0076, dyaw=5.6287} clearance=(0.026,0.236) margin=(0.016,0.016) len=9.1388 chord=8.5435 ratio=1.0697 reverse=0 self_cross=0 worst_group=1 status=running[0m
[31miter: 48[0m
[32mtime generate: 0.036696ms[0m
[32mtime int penalty: 0.087644ms[0m
[31miter: 49[0m
[32mtime generate: 0.035453ms[0m
[32mtime int penalty: 0.087376ms[0m
[0m[INFO] [1784881953.569363658]: [MINCO-IRL] stage=stage2_with_sdf iter=40 eval=49 fx=139620.5354 step=1.0000 ls=1 d=(0.0100,0.2200) cost{snap=23.8884, coll=21.6973, guide=0.0000, yaw=0.0016, dyaw=0.3519} clearance=(0.025,0.237) margin=(0.015,0.017) len=9.1418 chord=8.5435 ratio=1.0700 reverse=0 self_cross=0 worst_group=1 status=running[0m
[31miter: 50[0m
[32mtime generate: 0.036867ms[0m
[32mtime int penalty: 0.087099ms[0m
[31miter: 51[0m
[32mtime generate: 0.035628ms[0m
[32mtime int penalty: 0.086478ms[0m
[0m[INFO] [1784881953.569813586]: [MINCO-IRL] stage=stage2_with_sdf iter=42 eval=51 fx=139582.8942 step=1.0000 ls=1 d=(0.0100,0.2200) cost{snap=24.8359, coll=17.8678, guide=0.0000, yaw=0.0000, dyaw=0.0000} clearance=(0.025,0.238) margin=(0.015,0.018) len=9.1437 chord=8.5435 ratio=1.0702 reverse=0 self_cross=0 worst_group=1 status=running[0m
[31miter: 52[0m
[32mtime generate: 0.037018ms[0m
[32mtime int penalty: 0.087799ms[0m
[31miter: 53[0m
[32mtime generate: 0.070376ms[0m
[32mtime int penalty: 0.086028ms[0m
[0m[INFO] [1784881953.570298564]: [MINCO-IRL] stage=stage2_with_sdf iter=44 eval=53 fx=139534.6017 step=1.0000 ls=1 d=(0.0100,0.2200) cost{snap=27.9220, coll=28.3806, guide=0.0000, yaw=0.0000, dyaw=0.0000} clearance=(0.026,0.237) margin=(0.016,0.017) len=9.1400 chord=8.5435 ratio=1.0698 reverse=0 self_cross=0 worst_group=1 status=running[0m
[31miter: 54[0m
[32mtime generate: 0.036771ms[0m
[32mtime int penalty: 0.086593ms[0m
[31miter: 55[0m
[32mtime generate: 0.035408ms[0m
[32mtime int penalty: 0.086737ms[0m
[0m[INFO] [1784881953.570750987]: [MINCO-IRL] stage=stage2_with_sdf iter=46 eval=55 fx=139498.2818 step=1.0000 ls=1 d=(0.0100,0.2200) cost{snap=30.3537, coll=35.0703, guide=0.0000, yaw=0.0000, dyaw=0.0000} clearance=(0.026,0.237) margin=(0.016,0.017) len=9.1361 chord=8.5435 ratio=1.0694 reverse=0 self_cross=0 worst_group=1 status=running[0m
[31miter: 56[0m
[32mtime generate: 0.036899ms[0m
[32mtime int penalty: 0.087707ms[0m
[31miter: 57[0m
[32mtime generate: 0.035472ms[0m
[32mtime int penalty: 0.086661ms[0m
[0m[INFO] [1784881953.571209434]: [MINCO-IRL] stage=stage2_with_sdf iter=48 eval=57 fx=139424.2400 step=1.0000 ls=1 d=(0.0100,0.2200) cost{snap=33.2102, coll=57.9274, guide=0.0000, yaw=0.2390, dyaw=0.0000} clearance=(0.025,0.236) margin=(0.015,0.016) len=9.1351 chord=8.5435 ratio=1.0692 reverse=0 self_cross=0 worst_group=1 status=running[0m
[31miter: 58[0m
[32mtime generate: 0.036926ms[0m
[32mtime int penalty: 0.087874ms[0m
[31miter: 59[0m
[32mtime generate: 0.0355ms[0m
[32mtime int penalty: 0.087367ms[0m
[0m[INFO] [1784881953.571679634]: [MINCO-IRL] stage=stage2_with_sdf iter=50 eval=59 fx=139389.9469 step=1.0000 ls=1 d=(0.0100,0.2200) cost{snap=34.4900, coll=45.7192, guide=0.0000, yaw=9.4313, dyaw=4.7496} clearance=(0.025,0.236) margin=(0.015,0.016) len=9.1391 chord=8.5435 ratio=1.0697 reverse=0 self_cross=0 worst_group=1 status=running[0m
[31miter: 60[0m
[32mtime generate: 0.036954ms[0m
[32mtime int penalty: 0.094719ms[0m
[31miter: 61[0m
[32mtime generate: 0.035362ms[0m
[32mtime int penalty: 0.086375ms[0m
[0m[INFO] [1784881953.572144359]: [MINCO-IRL] stage=stage2_with_sdf iter=52 eval=61 fx=139351.7973 step=1.0000 ls=1 d=(0.0100,0.2200) cost{snap=35.6233, coll=11.9791, guide=0.0000, yaw=0.0015, dyaw=0.0000} clearance=(0.026,0.238) margin=(0.016,0.018) len=9.1426 chord=8.5435 ratio=1.0701 reverse=0 self_cross=0 worst_group=1 status=running[0m
[31miter: 62[0m
[32mtime generate: 0.036927ms[0m
[32mtime int penalty: 0.087308ms[0m
[31miter: 63[0m
[32mtime generate: 0.035216ms[0m
[32mtime int penalty: 0.086539ms[0m
[0m[INFO] [1784881953.572597385]: [MINCO-IRL] stage=stage2_with_sdf iter=54 eval=63 fx=139312.9335 step=1.0000 ls=1 d=(0.0100,0.2200) cost{snap=38.4404, coll=42.2216, guide=0.0000, yaw=1.3539, dyaw=0.0000} clearance=(0.025,0.236) margin=(0.015,0.016) len=9.1431 chord=8.5435 ratio=1.0702 reverse=0 self_cross=0 worst_group=1 status=running[0m
[31miter: 64[0m
[32mtime generate: 0.036477ms[0m
[32mtime int penalty: 0.087652ms[0m
[31miter: 65[0m
[32mtime generate: 0.035382ms[0m
[32mtime int penalty: 0.086558ms[0m
[0m[INFO] [1784881953.573050251]: [MINCO-IRL] stage=stage2_with_sdf iter=56 eval=65 fx=139269.6788 step=1.0000 ls=1 d=(0.0100,0.2200) cost{snap=39.3041, coll=22.4163, guide=0.0000, yaw=1.8657, dyaw=0.0000} clearance=(0.026,0.237) margin=(0.016,0.017) len=9.1452 chord=8.5435 ratio=1.0704 reverse=0 self_cross=0 worst_group=1 status=running[0m
[31miter: 66[0m
[32mtime generate: 0.036832ms[0m
[32mtime int penalty: 0.086637ms[0m
[31miter: 67[0m
[32mtime generate: 0.035398ms[0m
[32mtime int penalty: 0.086793ms[0m
[0m[INFO] [1784881953.573502660]: [MINCO-IRL] stage=stage2_with_sdf iter=58 eval=67 fx=139231.5441 step=1.0000 ls=1 d=(0.0100,0.2200) cost{snap=41.1277, coll=10.3003, guide=0.0000, yaw=2.0753, dyaw=0.0001} clearance=(0.027,0.238) margin=(0.017,0.018) len=9.1461 chord=8.5435 ratio=1.0705 reverse=0 self_cross=0 worst_group=1 status=running[0m
[31miter: 68[0m
[32mtime generate: 0.03683ms[0m
[32mtime int penalty: 0.087375ms[0m
[31miter: 69[0m
[32mtime generate: 0.035233ms[0m
[32mtime int penalty: 0.101884ms[0m
[0m[INFO] [1784881953.573991647]: [MINCO-IRL] stage=stage2_with_sdf iter=60 eval=69 fx=139149.6470 step=1.0000 ls=1 d=(0.0100,0.2200) cost{snap=46.6984, coll=30.6216, guide=0.0000, yaw=6.3878, dyaw=0.0000} clearance=(0.025,0.237) margin=(0.015,0.017) len=9.1361 chord=8.5435 ratio=1.0694 reverse=0 self_cross=0 worst_group=1 status=running[0m
[31miter: 70[0m
[32mtime generate: 0.036572ms[0m
[32mtime int penalty: 0.086733ms[0m
[31miter: 71[0m
[32mtime generate: 0.03552ms[0m
[32mtime int penalty: 0.087523ms[0m
[0m[INFO] [1784881953.574443891]: [MINCO-IRL] stage=stage2_with_sdf iter=62 eval=71 fx=139124.2350 step=1.0000 ls=1 d=(0.0100,0.2200) cost{snap=47.1948, coll=22.0897, guide=0.0000, yaw=8.4108, dyaw=0.0000} clearance=(0.025,0.237) margin=(0.015,0.017) len=9.1345 chord=8.5435 ratio=1.0692 reverse=0 self_cross=0 worst_group=1 status=running[0m
[31miter: 72[0m
[32mtime generate: 0.036888ms[0m
[32mtime int penalty: 0.087584ms[0m
[31miter: 73[0m
[32mtime generate: 0.035352ms[0m
[32mtime int penalty: 0.086866ms[0m
[0m[INFO] [1784881953.574901294]: [MINCO-IRL] stage=stage2_with_sdf iter=64 eval=73 fx=139092.5711 step=1.0000 ls=1 d=(0.0100,0.2200) cost{snap=46.5676, coll=33.8264, guide=0.0000, yaw=21.1872, dyaw=3.3123} clearance=(0.025,0.237) margin=(0.015,0.017) len=9.1369 chord=8.5435 ratio=1.0694 reverse=0 self_cross=0 worst_group=1 status=running[0m
[31miter: 74[0m
[32mtime generate: 0.036903ms[0m
[32mtime int penalty: 0.087648ms[0m
[31miter: 75[0m
[32mtime generate: 0.035404ms[0m
[32mtime int penalty: 0.087267ms[0m
[0m[INFO] [1784881953.575350118]: [MINCO-IRL] stage=stage2_with_sdf iter=66 eval=75 fx=139064.3414 step=1.0000 ls=1 d=(0.0100,0.2200) cost{snap=49.6943, coll=23.2366, guide=0.0000, yaw=22.2976, dyaw=0.0152} clearance=(0.025,0.237) margin=(0.015,0.017) len=9.1382 chord=8.5435 ratio=1.0696 reverse=0 self_cross=0 worst_group=1 status=running[0m
[31miter: 76[0m
[32mtime generate: 0.036535ms[0m
[32mtime int penalty: 0.087485ms[0m
[31miter: 77[0m
[32mtime generate: 0.035226ms[0m
[32mtime int penalty: 0.086706ms[0m
[0m[INFO] [1784881953.575815851]: [MINCO-IRL] stage=stage2_with_sdf iter=68 eval=77 fx=139047.2825 step=1.0000 ls=1 d=(0.0100,0.2200) cost{snap=51.7982, coll=17.4903, guide=0.0000, yaw=24.3746, dyaw=0.4944} clearance=(0.025,0.237) margin=(0.015,0.017) len=9.1406 chord=8.5435 ratio=1.0699 reverse=0 self_cross=0 worst_group=1 status=running[0m
[31miter: 78[0m
[32mtime generate: 0.037538ms[0m
[32mtime int penalty: 0.087796ms[0m
[31miter: 79[0m
[32mtime generate: 0.035513ms[0m
[32mtime int penalty: 0.087175ms[0m
[0m[INFO] [1784881953.576284964]: [MINCO-IRL] stage=stage2_with_sdf iter=70 eval=79 fx=139017.6357 step=1.0000 ls=1 d=(0.0100,0.2200) cost{snap=54.9754, coll=21.1490, guide=0.0000, yaw=28.4691, dyaw=0.8691} clearance=(0.025,0.237) margin=(0.015,0.017) len=9.1404 chord=8.5435 ratio=1.0699 reverse=0 self_cross=0 worst_group=1 status=running[0m
[31miter: 80[0m
[32mtime generate: 0.036475ms[0m
[32mtime int penalty: 0.087636ms[0m
[31miter: 81[0m
[32mtime generate: 0.035506ms[0m
[32mtime int penalty: 0.087101ms[0m
[0m[INFO] [1784881953.576732208]: [MINCO-IRL] stage=stage2_with_sdf iter=72 eval=81 fx=138992.9574 step=1.0000 ls=1 d=(0.0100,0.2200) cost{snap=57.3941, coll=19.8381, guide=0.0000, yaw=34.5524, dyaw=1.7686} clearance=(0.025,0.237) margin=(0.015,0.017) len=9.1411 chord=8.5435 ratio=1.0699 reverse=0 self_cross=0 worst_group=1 status=running[0m
[31miter: 82[0m
[32mtime generate: 0.036715ms[0m
[32mtime int penalty: 0.087486ms[0m
[31miter: 83[0m
[32mtime generate: 0.035535ms[0m
[32mtime int penalty: 0.087517ms[0m
[0m[INFO] [1784881953.577189326]: [MINCO-IRL] stage=stage2_with_sdf iter=74 eval=83 fx=138966.6369 step=1.0000 ls=1 d=(0.0100,0.2200) cost{snap=57.8705, coll=31.0454, guide=0.0000, yaw=38.1523, dyaw=0.3984} clearance=(0.025,0.237) margin=(0.015,0.017) len=9.1388 chord=8.5435 ratio=1.0697 reverse=0 self_cross=0 worst_group=1 status=running[0m
[31miter: 84[0m
[32mtime generate: 0.035025ms[0m
[32mtime int penalty: 0.084068ms[0m
[31miter: 85[0m
[32mtime generate: 0.033849ms[0m
[32mtime int penalty: 0.08294ms[0m
[0m[INFO] [1784881953.577625094]: [MINCO-IRL] stage=stage2_with_sdf iter=76 eval=85 fx=138941.7102 step=1.0000 ls=1 d=(0.0100,0.2200) cost{snap=58.9198, coll=21.9682, guide=0.0000, yaw=43.4406, dyaw=0.1529} clearance=(0.025,0.237) margin=(0.015,0.017) len=9.1382 chord=8.5435 ratio=1.0696 reverse=0 self_cross=0 worst_group=1 status=running[0m
[31miter: 86[0m
[32mtime generate: 0.034905ms[0m
[32mtime int penalty: 0.083746ms[0m
[31miter: 87[0m
[32mtime generate: 0.033678ms[0m
[32mtime int penalty: 0.083299ms[0m
[0m[INFO] [1784881953.578057858]: [MINCO-IRL] stage=stage2_with_sdf iter=78 eval=87 fx=138927.0949 step=1.0000 ls=1 d=(0.0100,0.2200) cost{snap=58.7514, coll=26.5379, guide=0.0000, yaw=50.0913, dyaw=1.3717} clearance=(0.025,0.237) margin=(0.015,0.017) len=9.1406 chord=8.5435 ratio=1.0699 reverse=0 self_cross=0 worst_group=1 status=running[0m
[31miter: 88[0m
[32mtime generate: 0.035037ms[0m
[32mtime int penalty: 0.083419ms[0m
[31miter: 89[0m
[32mtime generate: 0.034061ms[0m
[32mtime int penalty: 0.083307ms[0m
[0m[INFO] [1784881953.578485779]: [MINCO-IRL] stage=stage2_with_sdf iter=80 eval=89 fx=138916.0942 step=1.0000 ls=1 d=(0.0100,0.2200) cost{snap=58.5216, coll=21.2313, guide=0.0000, yaw=49.7207, dyaw=0.7094} clearance=(0.025,0.237) margin=(0.015,0.017) len=9.1428 chord=8.5435 ratio=1.0701 reverse=0 self_cross=0 worst_group=1 status=running[0m
[31miter: 90[0m
[32mtime generate: 0.035347ms[0m
[32mtime int penalty: 0.083553ms[0m
[31miter: 91[0m
[32mtime generate: 0.054142ms[0m
[32mtime int penalty: 0.101816ms[0m
[0m[INFO] [1784881953.578952322]: [MINCO-IRL] stage=stage2_with_sdf iter=82 eval=91 fx=138904.4447 step=1.0000 ls=1 d=(0.0100,0.2200) cost{snap=56.1710, coll=20.6677, guide=0.0000, yaw=50.2363, dyaw=0.6637} clearance=(0.025,0.237) margin=(0.015,0.017) len=9.1428 chord=8.5435 ratio=1.0701 reverse=0 self_cross=0 worst_group=1 status=running[0m
[31miter: 92[0m
[32mtime generate: 0.035152ms[0m
[32mtime int penalty: 0.083037ms[0m
[31miter: 93[0m
[32mtime generate: 0.055727ms[0m
[32mtime int penalty: 0.100209ms[0m
[0m[INFO] [1784881953.579418522]: [MINCO-IRL] stage=stage2_with_sdf iter=84 eval=93 fx=138895.1318 step=1.0000 ls=1 d=(0.0100,0.2200) cost{snap=55.9157, coll=26.3809, guide=0.0000, yaw=47.2626, dyaw=0.1642} clearance=(0.025,0.237) margin=(0.015,0.017) len=9.1438 chord=8.5435 ratio=1.0703 reverse=0 self_cross=0 worst_group=1 status=running[0m
[31miter: 94[0m
[32mtime generate: 0.035184ms[0m
[32mtime int penalty: 0.083278ms[0m
[31miter: 95[0m
[32mtime generate: 0.033686ms[0m
[32mtime int penalty: 0.102863ms[0m
[0m[INFO] [1784881953.579894438]: [MINCO-IRL] stage=stage2_with_sdf iter=86 eval=95 fx=138879.2742 step=1.0000 ls=1 d=(0.0100,0.2200) cost{snap=59.7870, coll=25.8262, guide=0.0000, yaw=48.2116, dyaw=0.0000} clearance=(0.025,0.237) margin=(0.015,0.017) len=9.1462 chord=8.5435 ratio=1.0705 reverse=0 self_cross=0 worst_group=1 status=running[0m
[31miter: 96[0m
[32mtime generate: 0.034997ms[0m
[32mtime int penalty: 0.08344ms[0m
[31miter: 97[0m
[32mtime generate: 0.033619ms[0m
[32mtime int penalty: 0.082934ms[0m
[31miter: 98[0m
[32mtime generate: 0.03363ms[0m
[32mtime int penalty: 0.083314ms[0m
[31miter: 99[0m
[32mtime generate: 0.033586ms[0m
[32mtime int penalty: 0.082684ms[0m
[31miter: 100[0m
[32mtime generate: 0.033789ms[0m
[32mtime int penalty: 0.083179ms[0m
[0m[INFO] [1784881953.580840859]: [MINCO-IRL] stage=stage2_with_sdf iter=88 eval=100 fx=138868.0224 step=0.1250 ls=4 d=(0.0100,0.2200) cost{snap=64.7241, coll=19.3702, guide=0.0000, yaw=47.6114, dyaw=5.5991} clearance=(0.026,0.237) margin=(0.016,0.017) len=9.1488 chord=8.5435 ratio=1.0708 reverse=0 self_cross=0 worst_group=1 status=running[0m
[31miter: 101[0m
[32mtime generate: 0.036841ms[0m
[32mtime int penalty: 0.134441ms[0m
[31miter: 102[0m
[32mtime generate: 0.061413ms[0m
[32mtime int penalty: 0.094759ms[0m
[0m[INFO] [1784881953.581375437]: [MINCO-IRL] stage=stage2_with_sdf iter=90 eval=102 fx=138854.8779 step=1.0000 ls=1 d=(0.0100,0.2200) cost{snap=64.6524, coll=17.3215, guide=0.0000, yaw=45.1045, dyaw=0.7363} clearance=(0.025,0.237) margin=(0.015,0.017) len=9.1463 chord=8.5435 ratio=1.0706 reverse=0 self_cross=0 worst_group=1 status=running[0m
[31miter: 103[0m
[32mtime generate: 0.026655ms[0m
[32mtime int penalty: 0.074335ms[0m
[31miter: 104[0m
[32mtime generate: 0.025643ms[0m
[32mtime int penalty: 0.073781ms[0m
[0m[INFO] [1784881953.581738333]: [MINCO-IRL] stage=stage2_with_sdf iter=92 eval=104 fx=138849.9109 step=1.0000 ls=1 d=(0.0100,0.2200) cost{snap=64.8650, coll=21.9106, guide=0.0000, yaw=41.3961, dyaw=1.0013} clearance=(0.025,0.237) margin=(0.015,0.017) len=9.1457 chord=8.5435 ratio=1.0705 reverse=0 self_cross=0 worst_group=1 status=running[0m
[48;5;2m[GenTraj] Opt (stage2_with_sdf) done, ret=1, objective=138850, elapsed=23.3135ms, collision_cost=21.9106[0m
[48;5;2m[GenTraj] 5 Opt done[0m
innerloop costs: 3.1083ms
integral costs: 9.29863ms
[32m>ret(stage2): 1[0m
iter: 104
[0m[INFO] [1784881953.581842635]: [TrajOpt][IRL] sphere hard check pass, min_margin=0.015, group=1[0m
[0m[INFO] [1784881953.581907868]: [MINCO-IRL] stage=final iter=104 eval=104 fx=129.1730 step=0.0000 ls=0 d=(0.0100,0.2200) cost{snap=64.8650, coll=21.9106, guide=0.0000, yaw=41.3961, dyaw=1.0013} clearance=(0.025,0.237) margin=(0.015,0.017) len=9.1457 chord=8.5435 ratio=1.0705 reverse=0 self_cross=0 worst_group=1 status=success[0m
[33mtraj_cur duration: 16.0914[0m
[31m[plan node] Plan Time Exceed: 0.0247864[0m
[31m[plan node] Plan Time Exceed Cause Replan Fail.[0m
[plan node] plan done
------------valid check
[32m[plan node] REPLAN SUCCESS.[0m
[32m[traj_server] Planned terminal state published. traj_id=172[0m
[32m[traj_server] Planned MINCO trajectory published. traj_id=172 pieces=11 order=7[0m
[32m[traj_server] Planned trajectory samples published. traj_id=172 points=1611[0m
[31m/traj/172[0m
------------------- Plan Thread(GOAL) -----------------------
[plan node] get init state
[plan node] plan done
[32m[plan node] NO NEED TO REPLAN.[0m
------------------- Plan Thread(GOAL) -----------------------
[plan node] get init state
[plan node] plan done
[32m[plan node] NO NEED TO REPLAN.[0m
------------------- Plan Thread(GOAL) -----------------------
[plan node] get init state
[plan node] plan done
[32m[plan node] NO NEED TO REPLAN.[0m
[33m[data_callback] Planner hold active: reset to HOVER and wait for next goal.[0m
[33m[FSM] GOAL -> HOVER (scene planner hold)[0m
------------------- Plan Thread(HOVER) -----------------------
[plan node] hovering...
[31m/traj/173[0m
------------------- Plan Thread(HOVER) -----------------------
[plan node] hovering...
[31m/traj/174[0m
------------------- Plan Thread(HOVER) -----------------------
[plan node] hovering...
[31m/traj/175[0m
------------------- Plan Thread(HOVER) -----------------------
[plan node] hovering...
[31m/traj/176[0m
------------------- Plan Thread(HOVER) -----------------------
[plan node] hovering...
[31m/traj/177[0m
[0m[INFO] [1784881954.118631756]: [MapInterface][IRL] split env_pcl by x=0.000 into group1/group2: 0 / 0 pts[0m
------------------- Plan Thread(HOVER) -----------------------
[plan node] hovering...
[31m/traj/178[0m
------------------- Plan Thread(HOVER) -----------------------
[plan node] hovering...
[31m/traj/179[0m
------------------- Plan Thread(HOVER) -----------------------
[plan node] hovering...
[31m/traj/180[0m
------------------- Plan Thread(HOVER) -----------------------
[plan node] hovering...
[31m/traj/181[0m
------------------- Plan Thread(HOVER) -----------------------
[plan node] hovering...
[31m/traj/182[0m
------------------- Plan Thread(HOVER) -----------------------
[plan node] hovering...
[31m/traj/183[0m
------------------- Plan Thread(HOVER) -----------------------
[plan node] hovering...
[31m/traj/184[0m
------------------- Plan Thread(HOVER) -----------------------
[plan node] hovering...
[31m/traj/185[0m
------------------- Plan Thread(HOVER) -----------------------
[plan node] hovering...
[31m/traj/186[0m
------------------- Plan Thread(HOVER) -----------------------
[plan node] hovering...
[31m/traj/187[0m
------------------- Plan Thread(HOVER) -----------------------
[plan node] hovering...
[31m/traj/188[0m
------------------- Plan Thread(HOVER) -----------------------
[plan node] hovering...
[31m/traj/189[0m
------------------- Plan Thread(HOVER) -----------------------
[plan node] hovering...
[31m/traj/190[0m
------------------- Plan Thread(HOVER) -----------------------
[plan node] hovering...
[31m/traj/191[0m
------------------- Plan Thread(HOVER) -----------------------
[plan node] hovering...
[31m/traj/192[0m
------------------- Plan Thread(HOVER) -----------------------
[plan node] hovering...
[31m/traj/193[0m
------------------- Plan Thread(HOVER) -----------------------
[plan node] hovering...
[31m/traj/194[0m
------------------- Plan Thread(HOVER) -----------------------
[plan node] hovering...
[31m/traj/195[0m
------------------- Plan Thread(HOVER) -----------------------
[plan node] hovering...
[31m/traj/196[0m
------------------- Plan Thread(HOVER) -----------------------
[plan node] hovering...
[31m/traj/197[0m
------------------- Plan Thread(HOVER) -----------------------
[plan node] hovering...
[31m/traj/198[0m
------------------- Plan Thread(HOVER) -----------------------
[plan node] hovering...
[31m/traj/199[0m
------------------- Plan Thread(HOVER) -----------------------
[plan node] hovering...
[31m/traj/200[0m
------------------- Plan Thread(HOVER) -----------------------
[plan node] hovering...
[31m/traj/201[0m
------------------- Plan Thread(HOVER) -----------------------
[plan node] hovering...
[31m/traj/202[0m
[33m[data_callback] Planner hold active: reset to HOVER and wait for next goal.[0m
------------------- Plan Thread(HOVER) -----------------------
[plan node] hovering...
[31m/traj/203[0m
------------------- Plan Thread(HOVER) -----------------------
[plan node] hovering...
[31m/traj/204[0m
------------------- Plan Thread(HOVER) -----------------------
[plan node] hovering...
[31m/traj/205[0m
------------------- Plan Thread(HOVER) -----------------------
[plan node] hovering...
[31m/traj/206[0m
------------------- Plan Thread(HOVER) -----------------------
[plan node] hovering...
[31m/traj/207[0m
------------------- Plan Thread(HOVER) -----------------------
[plan node] hovering...
[31m/traj/208[0m
------------------- Plan Thread(HOVER) -----------------------
[plan node] hovering...
[31m/traj/209[0m
------------------- Plan Thread(HOVER) -----------------------
[plan node] hovering...
[31m/traj/210[0m
------------------- Plan Thread(HOVER) -----------------------
[plan node] hovering...
[31m/traj/211[0m
------------------- Plan Thread(HOVER) -----------------------
[plan node] hovering...
[31m/traj/212[0m
------------------- Plan Thread(HOVER) -----------------------
[plan node] hovering...
[31m/traj/213[0m
------------------- Plan Thread(HOVER) -----------------------
[plan node] hovering...
[31m/traj/214[0m
------------------- Plan Thread(HOVER) -----------------------
[plan node] hovering...
[31m/traj/215[0m
[0m[INFO] [1784881956.618589276]: [MapInterface][IRL] split env_pcl by x=0.000 into group1/group2: 0 / 0 pts[0m
------------------- Plan Thread(HOVER) -----------------------
[plan node] hovering...
[31m/traj/216[0m
------------------- Plan Thread(HOVER) -----------------------
[plan node] hovering...
[31m/traj/217[0m
[0m[INFO] [1784881956.760206197]: [TrajOpt][IRL] sphere collision d1=0.010 d2=0.220 radius=0.250[0m
------------------- Plan Thread(HOVER) -----------------------
[plan node] hovering...
[31m/traj/218[0m
[0m[INFO] [1784881956.812599517]: [TrajOpt][IRL] sphere collision d1=0.010 d2=0.220 radius=0.250[0m
------------------- Plan Thread(HOVER) -----------------------
[plan node] hovering...
[31m/traj/219[0m
[0m[INFO] [1784881956.912563359]: [TrajOpt][IRL] sphere collision d1=0.010 d2=0.220 radius=0.250[0m
------------------- Plan Thread(HOVER) -----------------------
[plan node] hovering...
[31m/traj/220[0m
------------------- Plan Thread(HOVER) -----------------------
[plan node] hovering...
[31m/traj/221[0m
[0m[INFO] [1784881957.012964209]: [TrajOpt][IRL] sphere collision d1=0.010 d2=0.220 radius=0.250[0m
------------------- Plan Thread(HOVER) -----------------------
[plan node] hovering...
[31m/traj/222[0m
[0m[INFO] [1784881957.113182659]: [TrajOpt][IRL] sphere collision d1=0.010 d2=0.220 radius=0.250[0m
------------------- Plan Thread(HOVER) -----------------------
[plan node] hovering...
[31m/traj/223[0m
------------------- Plan Thread(HOVER) -----------------------
[plan node] hovering...
[31m/traj/224[0m
------------------- Plan Thread(HOVER) -----------------------
[plan node] hovering...
[31m/traj/225[0m
receive goal full state callback
[33m[data_callback] Planner hold released: next goal may enter GOAL mode.[0m
[33m[FSM] HOVER -> GOAL[0m
------------------- Plan Thread(GOAL) -----------------------
[33m[WARN] [1784881957.322093796]: [plan node] Current odom jumps away from last traj by 1.831 m, replan from current odom.[0m
init_state.theta_:
  0.6
-0.55
    0
[31m[ERROR] [1784881957.322267632]: last traj not valid, plan from current odom[0m
init_p:-0.261959  -0.00623       1.2
[plan node] get init state
[plan node] get new goal:   8.28032 -0.151455       1.2
init p: -0.261959  -0.00623       1.2
init v: 0 0 0
init a: 0 0 0
init j: 0 0 0
init yaw: -0.039639         0
init thetas:   0.6 -0.55     0
init d_thetas: 0 0 0
tar p:   8.28032 -0.151455       1.2
tar v: 0 0 0
tar a: 0 0 0
tar thetas: 0.785398 -0.785398         0
tar d_thetas:0 0 0
[48;5;2m----- Skip A*: use fixed S guide path[0m
[32m[tlplanner] use S guide path, points=11[0m
init p: -0.261959  -0.00623       1.2
end p:   8.28032 -0.151455       1.2
init yaw: -0.039639
end yaw: 0
[48;5;2m----- Start gen traj[0m
init_thetas:   0.6     0
-0.55     0
    0     0
final_thetas:  0.785398         0
-0.785398         0
        0         0
[48;5;2m[GenTraj] 1 Params set done[0m
extract start
ego_path.size = 11
ego_path[0]:-0.261959  -0.00623       1.2
ego_path[1]:0.681 0.153   1.2
ego_path[2]:1.622 0.334   1.2
ego_path[3]:2.67851 0.27934     1.2
ego_path[4]: 3.52683 0.295709      1.2
ego_path[5]: 4.231 -0.311    1.2
ego_path[6]:  4.85 -1.012    1.2
ego_path[7]:  5.84753 -0.989186       1.2
ego_path[8]:   6.5489 -0.898073       1.2
ego_path[9]:7.636 -0.86   1.2
ego_path[10]:  8.28032 -0.151455       1.2
-------------
mid_Q_vec[0]:-0.261959  -0.00623       1.2
mid_Q_vec[1]: 4.231 -0.311    1.2
-------------
mid_Q_vec[1]: 4.231 -0.311    1.2
mid_Q_vec[2]:  4.85 -1.012    1.2
-------------
mid_Q_vec[2]:  4.85 -1.012    1.2
mid_Q_vec[3]:  5.84753 -0.989186       1.2
-------------
mid_Q_vec[3]:  5.84753 -0.989186       1.2
mid_Q_vec[4]:   6.5489 -0.898073       1.2
-------------
mid_Q_vec[4]:   6.5489 -0.898073       1.2
mid_Q_vec[5]:7.636 -0.86   1.2
-------------
mid_Q_vec[5]:7.636 -0.86   1.2
mid_Q_vec[6]:  8.28032 -0.151455       1.2
extract end N_ret = 11
mid_q_vec[0]: 0.486868 -0.057025       1.2
mid_q_vec[1]: 1.23569 -0.10782      1.2
mid_q_vec[2]:  1.98452 -0.158615       1.2
mid_q_vec[3]: 2.73335 -0.20941      1.2
mid_q_vec[4]:  3.48217 -0.260205       1.2
mid_q_vec[5]: 4.231 -0.311    1.2
mid_q_vec[6]:  4.85 -1.012    1.2
mid_q_vec[7]:  5.84753 -0.989186       1.2
mid_q_vec[8]:   6.5489 -0.898073       1.2
mid_q_vec[9]:7.636 -0.86   1.2
[0m[INFO] [1784881957.324750445]: [TrajOpt] A* waypoint tracking path points=11[0m
[trajopt] Pieces: 11
[48;5;2m[GenTraj] 2 Extract mid points done[0m
yaw_in: -0.039639, yaw_out: 0
yaw_in:-0.039639, yaw_out:0
yaw: -0.0360355  -0.0324319  -0.0288284  -0.0252248  -0.0216213  -0.0180177  -0.0144142  -0.0108106 -0.00720709 -0.00360355
thetas_in: 
  0.6 -0.55     0
    0     0     0
thetas_out: 
 0.785398 -0.785398         0
        0         0         0
thetas(0): 0.616854 0.633709 0.650563 0.667417 0.684272 0.701126 0.717981 0.734835 0.751689 0.768544
thetas(1):   -0.5714   -0.5928 -0.614199 -0.635599 -0.656999 -0.678399 -0.699799 -0.721199 -0.742598 -0.763998
thetas(2): 0 0 0 0 0 0 0 0 0 0
P(0):  0.486868 -0.057025       1.2
P(1):  1.23569 -0.10782      1.2
P(2):   1.98452 -0.158615       1.2
P(3):  2.73335 -0.20941      1.2
P(4):   3.48217 -0.260205       1.2
P(5):  4.231 -0.311    1.2
P(6):   4.85 -1.012    1.2
P(7):   5.84753 -0.989186       1.2
P(8):    6.5489 -0.898073       1.2
P(9): 7.636 -0.86   1.2
iniState:
-0.261959         0         0         0
 -0.00623         0         0         0
      1.2         0         0         0
finState:
  8.28032         0         0         0
-0.151455         0         0         0
      1.2         0         0         0
[48;5;2m[GenTraj] 3 Value init done[0m
getAABBPoints full traj
getAABBPoints cached group1/group2: 0 / 0 pts
[0m[INFO] [1784881957.325877918]: [TrajOpt] reuse cached stage-1 warm-start (force); skip stage1_no_sdf.[0m
[32m[GenTraj] Begin opt (stage2_with_sdf)[0m
[31miter: 1[0m
[32mtime generate: 0.05358ms[0m
[32mtime int penalty: 0.135085ms[0m
[31miter: 2[0m
[32mtime generate: 0.047324ms[0m
[32mtime int penalty: 0.125299ms[0m
[31miter: 3[0m
[32mtime generate: 0.059958ms[0m
[32mtime int penalty: 0.119349ms[0m
[0m[INFO] [1784881957.326735689]: [MINCO-IRL] stage=stage2_with_sdf iter=1 eval=3 fx=170929.4551 step=0.0000 ls=2 d=(0.0100,0.2200) cost{snap=106.0423, coll=0.0000, guide=0.0000, yaw=699.1773, dyaw=0.0000} clearance=(0.176,0.411) margin=(0.166,0.191) len=9.6030 chord=8.5435 ratio=1.1240 reverse=0 self_cross=0 worst_group=1 status=running[0m
[31miter: 4[0m
[32mtime generate: 0.066296ms[0m
[32mtime int penalty: 0.137986ms[0m
[0m[INFO] [1784881957.327145689]: [MINCO-IRL] stage=stage2_with_sdf iter=2 eval=4 fx=154725.4325 step=1.0000 ls=1 d=(0.0100,0.2200) cost{snap=16.2177, coll=0.0000, guide=0.0000, yaw=752.7170, dyaw=0.0000} clearance=(0.171,0.385) margin=(0.161,0.165) len=9.6236 chord=8.5435 ratio=1.1264 reverse=0 self_cross=0 worst_group=1 status=running[0m
[31miter: 5[0m
[32mtime generate: 0.04583ms[0m
[32mtime int penalty: 0.122951ms[0m
[31miter: 6[0m
[32mtime generate: 0.044721ms[0m
[32mtime int penalty: 0.120442ms[0m
[0m[INFO] [1784881957.327738250]: [MINCO-IRL] stage=stage2_with_sdf iter=4 eval=6 fx=144926.0159 step=1.0000 ls=1 d=(0.0100,0.2200) cost{snap=24.3799, coll=0.0000, guide=0.0000, yaw=241.8153, dyaw=0.0000} clearance=(0.081,0.373) margin=(0.071,0.153) len=9.3645 chord=8.5435 ratio=1.0961 reverse=0 self_cross=0 worst_group=1 status=running[0m
[31miter: 7[0m
[32mtime generate: 0.048017ms[0m
[32mtime int penalty: 0.174788ms[0m
[31miter: 8[0m
[32mtime generate: 0.081189ms[0m
[32mtime int penalty: 0.143052ms[0m
[0m[INFO] [1784881957.328561634]: [MINCO-IRL] stage=stage2_with_sdf iter=6 eval=8 fx=143381.0515 step=1.0000 ls=1 d=(0.0100,0.2200) cost{snap=20.6497, coll=0.0000, guide=0.0000, yaw=250.8202, dyaw=0.0000} clearance=(0.062,0.350) margin=(0.052,0.130) len=9.3172 chord=8.5435 ratio=1.0906 reverse=0 self_cross=0 worst_group=1 status=running[0m
[31miter: 9[0m
[32mtime generate: 0.048373ms[0m
[32mtime int penalty: 0.176261ms[0m
[31miter: 10[0m
[32mtime generate: 0.048221ms[0m
[32mtime int penalty: 0.130611ms[0m
[0m[INFO] [1784881957.329285665]: [MINCO-IRL] stage=stage2_with_sdf iter=8 eval=10 fx=142515.5257 step=1.0000 ls=1 d=(0.0100,0.2200) cost{snap=21.3914, coll=821.9601, guide=0.0000, yaw=231.8839, dyaw=0.0000} clearance=(0.014,0.270) margin=(0.004,0.050) len=9.2349 chord=8.5435 ratio=1.0809 reverse=0 self_cross=0 worst_group=1 status=running[0m
[31miter: 11[0m
[32mtime generate: 0.049972ms[0m
[32mtime int penalty: 0.130681ms[0m
[31miter: 12[0m
[32mtime generate: 0.048175ms[0m
[32mtime int penalty: 0.129505ms[0m
[31miter: 13[0m
[32mtime generate: 0.047829ms[0m
[32mtime int penalty: 0.129011ms[0m
[0m[INFO] [1784881957.330175513]: [MINCO-IRL] stage=stage2_with_sdf iter=10 eval=13 fx=141402.3091 step=2.1000 ls=2 d=(0.0100,0.2200) cost{snap=20.8613, coll=6.5560, guide=0.0000, yaw=189.8795, dyaw=0.0000} clearance=(0.026,0.265) margin=(0.016,0.045) len=9.2244 chord=8.5435 ratio=1.0797 reverse=0 self_cross=0 worst_group=1 status=running[0m
[31miter: 14[0m
[32mtime generate: 0.048983ms[0m
[32mtime int penalty: 0.131612ms[0m
[31miter: 15[0m
[32mtime generate: 0.048174ms[0m
[32mtime int penalty: 0.13049ms[0m
[31miter: 16[0m
[32mtime generate: 0.047839ms[0m
[32mtime int penalty: 0.130991ms[0m
[31miter: 17[0m
[32mtime generate: 0.04764ms[0m
[32mtime int penalty: 0.083808ms[0m
[0m[INFO] [1784881957.331144112]: [MINCO-IRL] stage=stage2_with_sdf iter=12 eval=17 fx=140903.5665 step=1.0000 ls=1 d=(0.0100,0.2200) cost{snap=20.7607, coll=52.8424, guide=0.0000, yaw=134.0982, dyaw=0.0000} clearance=(0.024,0.245) margin=(0.014,0.025) len=9.1987 chord=8.5435 ratio=1.0767 reverse=0 self_cross=0 worst_group=1 status=running[0m
[31miter: 18[0m
[32mtime generate: 0.02776ms[0m
[32mtime int penalty: 0.079873ms[0m
[31miter: 19[0m
[32mtime generate: 0.028898ms[0m
[32mtime int penalty: 0.079093ms[0m
[31miter: 20[0m
[32mtime generate: 0.026774ms[0m
[32mtime int penalty: 0.078531ms[0m
[31miter: 21[0m
[32mtime generate: 0.026499ms[0m
[32mtime int penalty: 0.078528ms[0m
[31miter: 22[0m
[32mtime generate: 0.026663ms[0m
[32mtime int penalty: 0.103478ms[0m
[0m[INFO] [1784881957.331963583]: [MINCO-IRL] stage=stage2_with_sdf iter=14 eval=22 fx=140711.2983 step=0.2500 ls=3 d=(0.0100,0.2200) cost{snap=20.5856, coll=57.1916, guide=0.0000, yaw=119.6233, dyaw=0.0000} clearance=(0.026,0.235) margin=(0.016,0.015) len=9.1879 chord=8.5435 ratio=1.0754 reverse=0 self_cross=0 worst_group=2 status=running[0m
[31miter: 23[0m
[32mtime generate: 0.048248ms[0m
[32mtime int penalty: 0.07959ms[0m
[31miter: 24[0m
[32mtime generate: 0.027053ms[0m
[32mtime int penalty: 0.078329ms[0m
[0m[INFO] [1784881957.332368259]: [MINCO-IRL] stage=stage2_with_sdf iter=16 eval=24 fx=140534.8072 step=1.0000 ls=1 d=(0.0100,0.2200) cost{snap=20.8652, coll=23.5818, guide=0.0000, yaw=106.6456, dyaw=0.0000} clearance=(0.027,0.237) margin=(0.017,0.017) len=9.1780 chord=8.5435 ratio=1.0743 reverse=0 self_cross=0 worst_group=1 status=running[0m
[31miter: 25[0m
[32mtime generate: 0.027652ms[0m
[32mtime int penalty: 0.090241ms[0m
[31miter: 26[0m
[32mtime generate: 0.025544ms[0m
[32mtime int penalty: 0.074658ms[0m
[0m[INFO] [1784881957.332752027]: [MINCO-IRL] stage=stage2_with_sdf iter=18 eval=26 fx=140193.8423 step=1.0000 ls=1 d=(0.0100,0.2200) cost{snap=17.5992, coll=5.7226, guide=0.0000, yaw=127.8012, dyaw=0.0000} clearance=(0.028,0.238) margin=(0.018,0.018) len=9.1562 chord=8.5435 ratio=1.0717 reverse=0 self_cross=0 worst_group=2 status=running[0m
[31miter: 27[0m
[32mtime generate: 0.046971ms[0m
[32mtime int penalty: 0.079395ms[0m
[31miter: 28[0m
[32mtime generate: 0.026869ms[0m
[32mtime int penalty: 0.077484ms[0m
[0m[INFO] [1784881957.333153526]: [MINCO-IRL] stage=stage2_with_sdf iter=20 eval=28 fx=140091.1642 step=1.0000 ls=1 d=(0.0100,0.2200) cost{snap=18.7057, coll=38.2798, guide=0.0000, yaw=128.9697, dyaw=0.0000} clearance=(0.025,0.237) margin=(0.015,0.017) len=9.1446 chord=8.5435 ratio=1.0704 reverse=0 self_cross=0 worst_group=1 status=running[0m
[31miter: 29[0m
[32mtime generate: 0.02759ms[0m
[32mtime int penalty: 0.07867ms[0m
[31miter: 30[0m
[32mtime generate: 0.026803ms[0m
[32mtime int penalty: 0.078494ms[0m
[0m[INFO] [1784881957.333536054]: [MINCO-IRL] stage=stage2_with_sdf iter=22 eval=30 fx=140079.1662 step=1.0000 ls=1 d=(0.0100,0.2200) cost{snap=19.3676, coll=26.6969, guide=0.0000, yaw=127.2505, dyaw=0.0000} clearance=(0.026,0.237) margin=(0.016,0.017) len=9.1444 chord=8.5435 ratio=1.0703 reverse=0 self_cross=0 worst_group=1 status=running[0m
[31miter: 31[0m
[32mtime generate: 0.02788ms[0m
[32mtime int penalty: 0.079496ms[0m
[31miter: 32[0m
[32mtime generate: 0.026796ms[0m
[32mtime int penalty: 0.078036ms[0m
[0m[INFO] [1784881957.333913832]: [MINCO-IRL] stage=stage2_with_sdf iter=24 eval=32 fx=140063.2498 step=1.0000 ls=1 d=(0.0100,0.2200) cost{snap=19.7136, coll=22.8094, guide=0.0000, yaw=122.7547, dyaw=0.0000} clearance=(0.026,0.237) margin=(0.016,0.017) len=9.1432 chord=8.5435 ratio=1.0702 reverse=0 self_cross=0 worst_group=1 status=running[0m
[31miter: 33[0m
[32mtime generate: 0.027783ms[0m
[32mtime int penalty: 0.07884ms[0m
[31miter: 34[0m
[32mtime generate: 0.039744ms[0m
[32mtime int penalty: 0.074142ms[0m
[0m[INFO] [1784881957.334293913]: [MINCO-IRL] stage=stage2_with_sdf iter=26 eval=34 fx=140032.3845 step=1.0000 ls=1 d=(0.0100,0.2200) cost{snap=20.6489, coll=19.8622, guide=0.0000, yaw=106.3370, dyaw=0.0000} clearance=(0.026,0.237) margin=(0.016,0.017) len=9.1384 chord=8.5435 ratio=1.0696 reverse=0 self_cross=0 worst_group=1 status=running[0m
[31miter: 35[0m
[32mtime generate: 0.027075ms[0m
[32mtime int penalty: 0.075122ms[0m
[31miter: 36[0m
[32mtime generate: 0.02562ms[0m
[32mtime int penalty: 0.074179ms[0m
[0m[INFO] [1784881957.334656696]: [MINCO-IRL] stage=stage2_with_sdf iter=28 eval=36 fx=139996.2365 step=1.0000 ls=1 d=(0.0100,0.2200) cost{snap=21.6904, coll=22.8462, guide=0.0000, yaw=78.6245, dyaw=0.0000} clearance=(0.025,0.237) margin=(0.015,0.017) len=9.1380 chord=8.5435 ratio=1.0696 reverse=0 self_cross=0 worst_group=1 status=running[0m
[31miter: 37[0m
[32mtime generate: 0.026361ms[0m
[32mtime int penalty: 0.07554ms[0m
[31miter: 38[0m
[32mtime generate: 0.025432ms[0m
[32mtime int penalty: 0.073919ms[0m
[0m[INFO] [1784881957.335040900]: [MINCO-IRL] stage=stage2_with_sdf iter=30 eval=38 fx=139944.7409 step=1.0000 ls=1 d=(0.0100,0.2200) cost{snap=22.0758, coll=25.7513, guide=0.0000, yaw=47.9859, dyaw=0.0000} clearance=(0.025,0.237) margin=(0.015,0.017) len=9.1370 chord=8.5435 ratio=1.0695 reverse=0 self_cross=0 worst_group=1 status=running[0m
[31miter: 39[0m
[32mtime generate: 0.027727ms[0m
[32mtime int penalty: 0.089434ms[0m
[31miter: 40[0m
[32mtime generate: 0.025496ms[0m
[32mtime int penalty: 0.073813ms[0m
[31miter: 41[0m
[32mtime generate: 0.025373ms[0m
[32mtime int penalty: 0.073414ms[0m
[0m[INFO] [1784881957.335544094]: [MINCO-IRL] stage=stage2_with_sdf iter=32 eval=41 fx=139850.1078 step=0.5000 ls=2 d=(0.0100,0.2200) cost{snap=21.7174, coll=50.3481, guide=0.0000, yaw=5.9147, dyaw=0.0000} clearance=(0.025,0.236) margin=(0.015,0.016) len=9.1377 chord=8.5435 ratio=1.0695 reverse=0 self_cross=0 worst_group=1 status=running[0m
[31miter: 42[0m
[32mtime generate: 0.026269ms[0m
[32mtime int penalty: 0.096791ms[0m
[31miter: 43[0m
[32mtime generate: 0.026806ms[0m
[32mtime int penalty: 0.088145ms[0m
[0m[INFO] [1784881957.335956026]: [MINCO-IRL] stage=stage2_with_sdf iter=34 eval=43 fx=139764.2062 step=1.0000 ls=1 d=(0.0100,0.2200) cost{snap=22.3475, coll=21.7111, guide=0.0000, yaw=3.0686, dyaw=0.0000} clearance=(0.025,0.237) margin=(0.015,0.017) len=9.1391 chord=8.5435 ratio=1.0697 reverse=0 self_cross=0 worst_group=1 status=running[0m
[31miter: 44[0m
[32mtime generate: 0.027861ms[0m
[32mtime int penalty: 0.090349ms[0m
[31miter: 45[0m
[32mtime generate: 0.025733ms[0m
[32mtime int penalty: 0.073592ms[0m
[0m[INFO] [1784881957.336335969]: [MINCO-IRL] stage=stage2_with_sdf iter=36 eval=45 fx=139704.7884 step=1.0000 ls=1 d=(0.0100,0.2200) cost{snap=21.4281, coll=25.1274, guide=0.0000, yaw=0.6577, dyaw=0.0000} clearance=(0.027,0.236) margin=(0.017,0.016) len=9.1387 chord=8.5435 ratio=1.0697 reverse=0 self_cross=0 worst_group=2 status=running[0m
[31miter: 46[0m
[32mtime generate: 0.026416ms[0m
[32mtime int penalty: 0.074197ms[0m
[31miter: 47[0m
[32mtime generate: 0.026723ms[0m
[32mtime int penalty: 0.092431ms[0m
[0m[INFO] [1784881957.336746201]: [MINCO-IRL] stage=stage2_with_sdf iter=38 eval=47 fx=139651.9117 step=1.0000 ls=1 d=(0.0100,0.2200) cost{snap=23.4382, coll=29.2027, guide=0.0000, yaw=0.0076, dyaw=5.6287} clearance=(0.026,0.236) margin=(0.016,0.016) len=9.1388 chord=8.5435 ratio=1.0697 reverse=0 self_cross=0 worst_group=1 status=running[0m
[31miter: 48[0m
[32mtime generate: 0.027124ms[0m
[32mtime int penalty: 0.074455ms[0m
[31miter: 49[0m
[32mtime generate: 0.025446ms[0m
[32mtime int penalty: 0.073616ms[0m
[0m[INFO] [1784881957.337105896]: [MINCO-IRL] stage=stage2_with_sdf iter=40 eval=49 fx=139620.5354 step=1.0000 ls=1 d=(0.0100,0.2200) cost{snap=23.8884, coll=21.6973, guide=0.0000, yaw=0.0016, dyaw=0.3519} clearance=(0.025,0.237) margin=(0.015,0.017) len=9.1418 chord=8.5435 ratio=1.0700 reverse=0 self_cross=0 worst_group=1 status=running[0m
[31miter: 50[0m
[32mtime generate: 0.026237ms[0m
[32mtime int penalty: 0.074673ms[0m
[31miter: 51[0m
[32mtime generate: 0.025631ms[0m
[32mtime int penalty: 0.073342ms[0m
[0m[INFO] [1784881957.337468689]: [MINCO-IRL] stage=stage2_with_sdf iter=42 eval=51 fx=139582.8942 step=1.0000 ls=1 d=(0.0100,0.2200) cost{snap=24.8359, coll=17.8678, guide=0.0000, yaw=0.0000, dyaw=0.0000} clearance=(0.025,0.238) margin=(0.015,0.018) len=9.1437 chord=8.5435 ratio=1.0702 reverse=0 self_cross=0 worst_group=1 status=running[0m
[31miter: 52[0m
[32mtime generate: 0.028352ms[0m
[32mtime int penalty: 0.078337ms[0m
[31miter: 53[0m
[32mtime generate: 0.026804ms[0m
[32mtime int penalty: 0.076208ms[0m
[0m[INFO] [1784881957.337866002]: [MINCO-IRL] stage=stage2_with_sdf iter=44 eval=53 fx=139534.6017 step=1.0000 ls=1 d=(0.0100,0.2200) cost{snap=27.9220, coll=28.3806, guide=0.0000, yaw=0.0000, dyaw=0.0000} clearance=(0.026,0.237) margin=(0.016,0.017) len=9.1400 chord=8.5435 ratio=1.0698 reverse=0 self_cross=0 worst_group=1 status=running[0m
[31miter: 54[0m
[32mtime generate: 0.027762ms[0m
[32mtime int penalty: 0.077261ms[0m
[31miter: 55[0m
[32mtime generate: 0.026648ms[0m
[32mtime int penalty: 0.076808ms[0m
[0m[INFO] [1784881957.338246663]: [MINCO-IRL] stage=stage2_with_sdf iter=46 eval=55 fx=139498.2818 step=1.0000 ls=1 d=(0.0100,0.2200) cost{snap=30.3537, coll=35.0703, guide=0.0000, yaw=0.0000, dyaw=0.0000} clearance=(0.026,0.237) margin=(0.016,0.017) len=9.1361 chord=8.5435 ratio=1.0694 reverse=0 self_cross=0 worst_group=1 status=running[0m
[31miter: 56[0m
[32mtime generate: 0.027517ms[0m
[32mtime int penalty: 0.077759ms[0m
[31miter: 57[0m
[32mtime generate: 0.026645ms[0m
[32mtime int penalty: 0.077297ms[0m
[0m[INFO] [1784881957.338642163]: [MINCO-IRL] stage=stage2_with_sdf iter=48 eval=57 fx=139424.2400 step=1.0000 ls=1 d=(0.0100,0.2200) cost{snap=33.2102, coll=57.9274, guide=0.0000, yaw=0.2390, dyaw=0.0000} clearance=(0.025,0.236) margin=(0.015,0.016) len=9.1351 chord=8.5435 ratio=1.0692 reverse=0 self_cross=0 worst_group=1 status=running[0m
[31miter: 58[0m
[32mtime generate: 0.027721ms[0m
[32mtime int penalty: 0.077636ms[0m
[31miter: 59[0m
[32mtime generate: 0.026813ms[0m
[32mtime int penalty: 0.077766ms[0m
[0m[INFO] [1784881957.339029574]: [MINCO-IRL] stage=stage2_with_sdf iter=50 eval=59 fx=139389.9469 step=1.0000 ls=1 d=(0.0100,0.2200) cost{snap=34.4900, coll=45.7192, guide=0.0000, yaw=9.4313, dyaw=4.7496} clearance=(0.025,0.236) margin=(0.015,0.016) len=9.1391 chord=8.5435 ratio=1.0697 reverse=0 self_cross=0 worst_group=1 status=running[0m
[31miter: 60[0m
[32mtime generate: 0.026441ms[0m
[32mtime int penalty: 0.073755ms[0m
[31miter: 61[0m
[32mtime generate: 0.025498ms[0m
[32mtime int penalty: 0.073174ms[0m
[0m[INFO] [1784881957.339393530]: [MINCO-IRL] stage=stage2_with_sdf iter=52 eval=61 fx=139351.7973 step=1.0000 ls=1 d=(0.0100,0.2200) cost{snap=35.6233, coll=11.9791, guide=0.0000, yaw=0.0015, dyaw=0.0000} clearance=(0.026,0.238) margin=(0.016,0.018) len=9.1426 chord=8.5435 ratio=1.0701 reverse=0 self_cross=0 worst_group=1 status=running[0m
[31miter: 62[0m
[32mtime generate: 0.026081ms[0m
[32mtime int penalty: 0.074657ms[0m
[31miter: 63[0m
[32mtime generate: 0.025557ms[0m
[32mtime int penalty: 0.095136ms[0m
[0m[INFO] [1784881957.339792250]: [MINCO-IRL] stage=stage2_with_sdf iter=54 eval=63 fx=139312.9335 step=1.0000 ls=1 d=(0.0100,0.2200) cost{snap=38.4404, coll=42.2216, guide=0.0000, yaw=1.3539, dyaw=0.0000} clearance=(0.025,0.236) margin=(0.015,0.016) len=9.1431 chord=8.5435 ratio=1.0702 reverse=0 self_cross=0 worst_group=1 status=running[0m
[31miter: 64[0m
[32mtime generate: 0.026909ms[0m
[32mtime int penalty: 0.074641ms[0m
[31miter: 65[0m
[32mtime generate: 0.025676ms[0m
[32mtime int penalty: 0.073095ms[0m
[0m[INFO] [1784881957.340175129]: [MINCO-IRL] stage=stage2_with_sdf iter=56 eval=65 fx=139269.6788 step=1.0000 ls=1 d=(0.0100,0.2200) cost{snap=39.3041, coll=22.4163, guide=0.0000, yaw=1.8657, dyaw=0.0000} clearance=(0.026,0.237) margin=(0.016,0.017) len=9.1452 chord=8.5435 ratio=1.0704 reverse=0 self_cross=0 worst_group=1 status=running[0m
[31miter: 66[0m
[32mtime generate: 0.026244ms[0m
[32mtime int penalty: 0.07439ms[0m
[31miter: 67[0m
[32mtime generate: 0.025757ms[0m
[32mtime int penalty: 0.073629ms[0m
[0m[INFO] [1784881957.340557775]: [MINCO-IRL] stage=stage2_with_sdf iter=58 eval=67 fx=139231.5441 step=1.0000 ls=1 d=(0.0100,0.2200) cost{snap=41.1277, coll=10.3003, guide=0.0000, yaw=2.0753, dyaw=0.0001} clearance=(0.027,0.238) margin=(0.017,0.018) len=9.1461 chord=8.5435 ratio=1.0705 reverse=0 self_cross=0 worst_group=1 status=running[0m
[31miter: 68[0m
[32mtime generate: 0.04093ms[0m
[32mtime int penalty: 0.094526ms[0m
[31miter: 69[0m
[32mtime generate: 0.025867ms[0m
[32mtime int penalty: 0.129426ms[0m
[0m[INFO] [1784881957.341141231]: [MINCO-IRL] stage=stage2_with_sdf iter=60 eval=69 fx=139149.6470 step=1.0000 ls=1 d=(0.0100,0.2200) cost{snap=46.6984, coll=30.6216, guide=0.0000, yaw=6.3878, dyaw=0.0000} clearance=(0.025,0.237) margin=(0.015,0.017) len=9.1361 chord=8.5435 ratio=1.0694 reverse=0 self_cross=0 worst_group=1 status=running[0m
[31miter: 70[0m
[32mtime generate: 0.061922ms[0m
[32mtime int penalty: 0.078069ms[0m
[31miter: 71[0m
[32mtime generate: 0.027448ms[0m
[32mtime int penalty: 0.07809ms[0m
[0m[INFO] [1784881957.341564573]: [MINCO-IRL] stage=stage2_with_sdf iter=62 eval=71 fx=139124.2350 step=1.0000 ls=1 d=(0.0100,0.2200) cost{snap=47.1948, coll=22.0897, guide=0.0000, yaw=8.4108, dyaw=0.0000} clearance=(0.025,0.237) margin=(0.015,0.017) len=9.1345 chord=8.5435 ratio=1.0692 reverse=0 self_cross=0 worst_group=1 status=running[0m
[31miter: 72[0m
[32mtime generate: 0.027857ms[0m
[32mtime int penalty: 0.078677ms[0m
[31miter: 73[0m
[32mtime generate: 0.026919ms[0m
[32mtime int penalty: 0.077101ms[0m
[0m[INFO] [1784881957.341955189]: [MINCO-IRL] stage=stage2_with_sdf iter=64 eval=73 fx=139092.5711 step=1.0000 ls=1 d=(0.0100,0.2200) cost{snap=46.5676, coll=33.8264, guide=0.0000, yaw=21.1872, dyaw=3.3123} clearance=(0.025,0.237) margin=(0.015,0.017) len=9.1369 chord=8.5435 ratio=1.0694 reverse=0 self_cross=0 worst_group=1 status=running[0m
[31miter: 74[0m
[32mtime generate: 0.026765ms[0m
[32mtime int penalty: 0.074532ms[0m
[31miter: 75[0m
[32mtime generate: 0.02569ms[0m
[32mtime int penalty: 0.074107ms[0m
[0m[INFO] [1784881957.342331103]: [MINCO-IRL] stage=stage2_with_sdf iter=66 eval=75 fx=139064.3414 step=1.0000 ls=1 d=(0.0100,0.2200) cost{snap=49.6943, coll=23.2366, guide=0.0000, yaw=22.2976, dyaw=0.0152} clearance=(0.025,0.237) margin=(0.015,0.017) len=9.1382 chord=8.5435 ratio=1.0696 reverse=0 self_cross=0 worst_group=1 status=running[0m
[31miter: 76[0m
[32mtime generate: 0.026408ms[0m
[32mtime int penalty: 0.074073ms[0m
[31miter: 77[0m
[32mtime generate: 0.025583ms[0m
[32mtime int penalty: 0.097884ms[0m
[0m[INFO] [1784881957.342734568]: [MINCO-IRL] stage=stage2_with_sdf iter=68 eval=77 fx=139047.2825 step=1.0000 ls=1 d=(0.0100,0.2200) cost{snap=51.7982, coll=17.4903, guide=0.0000, yaw=24.3746, dyaw=0.4944} clearance=(0.025,0.237) margin=(0.015,0.017) len=9.1406 chord=8.5435 ratio=1.0699 reverse=0 self_cross=0 worst_group=1 status=running[0m
[31miter: 78[0m
[32mtime generate: 0.026295ms[0m
[32mtime int penalty: 0.074334ms[0m
[31miter: 79[0m
[32mtime generate: 0.025544ms[0m
[32mtime int penalty: 0.073774ms[0m
[0m[INFO] [1784881957.343097330]: [MINCO-IRL] stage=stage2_with_sdf iter=70 eval=79 fx=139017.6357 step=1.0000 ls=1 d=(0.0100,0.2200) cost{snap=54.9754, coll=21.1490, guide=0.0000, yaw=28.4691, dyaw=0.8691} clearance=(0.025,0.237) margin=(0.015,0.017) len=9.1404 chord=8.5435 ratio=1.0699 reverse=0 self_cross=0 worst_group=1 status=running[0m
[31miter: 80[0m
[32mtime generate: 0.026095ms[0m
[32mtime int penalty: 0.074617ms[0m
[31miter: 81[0m
[32mtime generate: 0.025628ms[0m
[32mtime int penalty: 0.073525ms[0m
[0m[INFO] [1784881957.343456002]: [MINCO-IRL] stage=stage2_with_sdf iter=72 eval=81 fx=138992.9574 step=1.0000 ls=1 d=(0.0100,0.2200) cost{snap=57.3941, coll=19.8381, guide=0.0000, yaw=34.5524, dyaw=1.7686} clearance=(0.025,0.237) margin=(0.015,0.017) len=9.1411 chord=8.5435 ratio=1.0699 reverse=0 self_cross=0 worst_group=1 status=running[0m
[31miter: 82[0m
[32mtime generate: 0.026653ms[0m
[32mtime int penalty: 0.07481ms[0m
[31miter: 83[0m
[32mtime generate: 0.025647ms[0m
[32mtime int penalty: 0.096776ms[0m
[0m[INFO] [1784881957.343898548]: [MINCO-IRL] stage=stage2_with_sdf iter=74 eval=83 fx=138966.6369 step=1.0000 ls=1 d=(0.0100,0.2200) cost{snap=57.8705, coll=31.0454, guide=0.0000, yaw=38.1523, dyaw=0.3984} clearance=(0.025,0.237) margin=(0.015,0.017) len=9.1388 chord=8.5435 ratio=1.0697 reverse=0 self_cross=0 worst_group=1 status=running[0m
[31miter: 84[0m
[32mtime generate: 0.027715ms[0m
[32mtime int penalty: 0.089498ms[0m
[31miter: 85[0m
[32mtime generate: 0.025579ms[0m
[32mtime int penalty: 0.07376ms[0m
[0m[INFO] [1784881957.344283229]: [MINCO-IRL] stage=stage2_with_sdf iter=76 eval=85 fx=138941.7102 step=1.0000 ls=1 d=(0.0100,0.2200) cost{snap=58.9198, coll=21.9682, guide=0.0000, yaw=43.4406, dyaw=0.1529} clearance=(0.025,0.237) margin=(0.015,0.017) len=9.1382 chord=8.5435 ratio=1.0696 reverse=0 self_cross=0 worst_group=1 status=running[0m
[31miter: 86[0m
[32mtime generate: 0.026512ms[0m
[32mtime int penalty: 0.074248ms[0m
[31miter: 87[0m
[32mtime generate: 0.025547ms[0m
[32mtime int penalty: 0.073548ms[0m
[0m[INFO] [1784881957.344645970]: [MINCO-IRL] stage=stage2_with_sdf iter=78 eval=87 fx=138927.0949 step=1.0000 ls=1 d=(0.0100,0.2200) cost{snap=58.7514, coll=26.5379, guide=0.0000, yaw=50.0913, dyaw=1.3717} clearance=(0.025,0.237) margin=(0.015,0.017) len=9.1406 chord=8.5435 ratio=1.0699 reverse=0 self_cross=0 worst_group=1 status=running[0m
[31miter: 88[0m
[32mtime generate: 0.026248ms[0m
[32mtime int penalty: 0.074296ms[0m
[31miter: 89[0m
[32mtime generate: 0.025538ms[0m
[32mtime int penalty: 0.073829ms[0m
[0m[INFO] [1784881957.345003923]: [MINCO-IRL] stage=stage2_with_sdf iter=80 eval=89 fx=138916.0942 step=1.0000 ls=1 d=(0.0100,0.2200) cost{snap=58.5216, coll=21.2313, guide=0.0000, yaw=49.7207, dyaw=0.7094} clearance=(0.025,0.237) margin=(0.015,0.017) len=9.1428 chord=8.5435 ratio=1.0701 reverse=0 self_cross=0 worst_group=1 status=running[0m
[31miter: 90[0m
[32mtime generate: 0.026348ms[0m
[32mtime int penalty: 0.074694ms[0m
[31miter: 91[0m
[32mtime generate: 0.025623ms[0m
[32mtime int penalty: 0.073963ms[0m
[0m[INFO] [1784881957.345361829]: [MINCO-IRL] stage=stage2_with_sdf iter=82 eval=91 fx=138904.4447 step=1.0000 ls=1 d=(0.0100,0.2200) cost{snap=56.1710, coll=20.6677, guide=0.0000, yaw=50.2363, dyaw=0.6637} clearance=(0.025,0.237) margin=(0.015,0.017) len=9.1428 chord=8.5435 ratio=1.0701 reverse=0 self_cross=0 worst_group=1 status=running[0m
[31miter: 92[0m
[32mtime generate: 0.02651ms[0m
[32mtime int penalty: 0.074437ms[0m
[31miter: 93[0m
[32mtime generate: 0.025406ms[0m
[32mtime int penalty: 0.073604ms[0m
[0m[INFO] [1784881957.345736682]: [MINCO-IRL] stage=stage2_with_sdf iter=84 eval=93 fx=138895.1318 step=1.0000 ls=1 d=(0.0100,0.2200) cost{snap=55.9157, coll=26.3809, guide=0.0000, yaw=47.2626, dyaw=0.1642} clearance=(0.025,0.237) margin=(0.015,0.017) len=9.1438 chord=8.5435 ratio=1.0703 reverse=0 self_cross=0 worst_group=1 status=running[0m
[31miter: 94[0m
[32mtime generate: 0.026513ms[0m
[32mtime int penalty: 0.074948ms[0m
[31miter: 95[0m
[32mtime generate: 0.025651ms[0m
[32mtime int penalty: 0.073261ms[0m
[0m[INFO] [1784881957.346095390]: [MINCO-IRL] stage=stage2_with_sdf iter=86 eval=95 fx=138879.2742 step=1.0000 ls=1 d=(0.0100,0.2200) cost{snap=59.7870, coll=25.8262, guide=0.0000, yaw=48.2116, dyaw=0.0000} clearance=(0.025,0.237) margin=(0.015,0.017) len=9.1462 chord=8.5435 ratio=1.0705 reverse=0 self_cross=0 worst_group=1 status=running[0m
[31miter: 96[0m
[32mtime generate: 0.026456ms[0m
[32mtime int penalty: 0.073985ms[0m
[31miter: 97[0m
[32mtime generate: 0.02556ms[0m
[32mtime int penalty: 0.073438ms[0m
[31miter: 98[0m
[32mtime generate: 0.025332ms[0m
[32mtime int penalty: 0.073816ms[0m
[31miter: 99[0m
[32mtime generate: 0.025285ms[0m
[32mtime int penalty: 0.073692ms[0m
[31miter: 100[0m
[32mtime generate: 0.025502ms[0m
[32mtime int penalty: 0.073106ms[0m
[0m[INFO] [1784881957.346835748]: [MINCO-IRL] stage=stage2_with_sdf iter=88 eval=100 fx=138868.0224 step=0.1250 ls=4 d=(0.0100,0.2200) cost{snap=64.7241, coll=19.3702, guide=0.0000, yaw=47.6114, dyaw=5.5991} clearance=(0.026,0.237) margin=(0.016,0.017) len=9.1488 chord=8.5435 ratio=1.0708 reverse=0 self_cross=0 worst_group=1 status=running[0m
[31miter: 101[0m
[32mtime generate: 0.026275ms[0m
[32mtime int penalty: 0.074008ms[0m
[31miter: 102[0m
[32mtime generate: 0.025504ms[0m
[32mtime int penalty: 0.073486ms[0m
[0m[INFO] [1784881957.347193850]: [MINCO-IRL] stage=stage2_with_sdf iter=90 eval=102 fx=138854.8779 step=1.0000 ls=1 d=(0.0100,0.2200) cost{snap=64.6524, coll=17.3215, guide=0.0000, yaw=45.1045, dyaw=0.7363} clearance=(0.025,0.237) margin=(0.015,0.017) len=9.1463 chord=8.5435 ratio=1.0706 reverse=0 self_cross=0 worst_group=1 status=running[0m
[31miter: 103[0m
[32mtime generate: 0.026402ms[0m
[32mtime int penalty: 0.074451ms[0m
[31miter: 104[0m
[32mtime generate: 0.025789ms[0m
[32mtime int penalty: 0.073258ms[0m
[0m[INFO] [1784881957.347551246]: [MINCO-IRL] stage=stage2_with_sdf iter=92 eval=104 fx=138849.9109 step=1.0000 ls=1 d=(0.0100,0.2200) cost{snap=64.8650, coll=21.9106, guide=0.0000, yaw=41.3961, dyaw=1.0013} clearance=(0.025,0.237) margin=(0.015,0.017) len=9.1457 chord=8.5435 ratio=1.0705 reverse=0 self_cross=0 worst_group=1 status=running[0m
[48;5;2m[GenTraj] Opt (stage2_with_sdf) done, ret=1, objective=138850, elapsed=21.6784ms, collision_cost=21.9106[0m
[48;5;2m[GenTraj] 5 Opt done[0m
innerloop costs: 2.5071ms
integral costs: 9.08901ms
[32m>ret(stage2): 1[0m
iter: 104
[0m[INFO] [1784881957.347643897]: [TrajOpt][IRL] sphere hard check pass, min_margin=0.015, group=1[0m
[0m[INFO] [1784881957.347730512]: [MINCO-IRL] stage=final iter=104 eval=104 fx=129.1730 step=0.0000 ls=0 d=(0.0100,0.2200) cost{snap=64.8650, coll=21.9106, guide=0.0000, yaw=41.3961, dyaw=1.0013} clearance=(0.025,0.237) margin=(0.015,0.017) len=9.1457 chord=8.5435 ratio=1.0705 reverse=0 self_cross=0 worst_group=1 status=success[0m
[33mtraj_cur duration: 16.0914[0m
[31m[plan node] Plan Time Exceed: 0.026263[0m
[31m[plan node] Plan Time Exceed Cause Replan Fail.[0m
[plan node] plan done
------------valid check
[32m[plan node] REPLAN SUCCESS.[0m
[32m[traj_server] Planned terminal state published. traj_id=226[0m
[32m[traj_server] Planned MINCO trajectory published. traj_id=226 pieces=11 order=7[0m
[32m[traj_server] Planned trajectory samples published. traj_id=226 points=1611[0m
[31m/traj/226[0m
------------------- Plan Thread(GOAL) -----------------------
[plan node] get init state
[plan node] plan done
[32m[plan node] NO NEED TO REPLAN.[0m
[33m[data_callback] Planner hold active: reset to HOVER and wait for next goal.[0m
[33m[FSM] GOAL -> HOVER (scene planner hold)[0m
------------------- Plan Thread(HOVER) -----------------------
[plan node] hovering...
[31m/traj/227[0m
------------------- Plan Thread(HOVER) -----------------------
[plan node] hovering...
[31m/traj/228[0m
------------------- Plan Thread(HOVER) -----------------------
[plan node] hovering...
[31m/traj/229[0m
------------------- Plan Thread(HOVER) -----------------------
[plan node] hovering...
[31m/traj/230[0m
------------------- Plan Thread(HOVER) -----------------------
[plan node] hovering...
[31m/traj/231[0m
------------------- Plan Thread(HOVER) -----------------------
[plan node] hovering...
[31m/traj/232[0m
------------------- Plan Thread(HOVER) -----------------------
[plan node] hovering...
[31m/traj/233[0m
------------------- Plan Thread(HOVER) -----------------------
[plan node] hovering...
[31m/traj/234[0m
------------------- Plan Thread(HOVER) -----------------------
[plan node] hovering...
[31m/traj/235[0m
------------------- Plan Thread(HOVER) -----------------------
[plan node] hovering...
[31m/traj/236[0m
------------------- Plan Thread(HOVER) -----------------------
[plan node] hovering...
[31m/traj/237[0m
------------------- Plan Thread(HOVER) -----------------------
[plan node] hovering...
[31m/traj/238[0m
------------------- Plan Thread(HOVER) -----------------------
[plan node] hovering...
[31m/traj/239[0m
------------------- Plan Thread(HOVER) -----------------------
[plan node] hovering...
[31m/traj/240[0m
------------------- Plan Thread(HOVER) -----------------------
[plan node] hovering...
[31m/traj/241[0m
------------------- Plan Thread(HOVER) -----------------------
[plan node] hovering...
[31m/traj/242[0m
------------------- Plan Thread(HOVER) -----------------------
[plan node] hovering...
[31m/traj/243[0m
------------------- Plan Thread(HOVER) -----------------------
[plan node] hovering...
[31m/traj/244[0m
[0m[INFO] [1784881958.620207032]: [MapInterface][IRL] split env_pcl by x=0.000 into group1/group2: 0 / 0 pts[0m
------------------- Plan Thread(HOVER) -----------------------
[plan node] hovering...
[31m/traj/245[0m
------------------- Plan Thread(HOVER) -----------------------
[plan node] hovering...
[31m/traj/246[0m
------------------- Plan Thread(HOVER) -----------------------
[plan node] hovering...
[31m/traj/247[0m
------------------- Plan Thread(HOVER) -----------------------
[plan node] hovering...
[31m/traj/248[0m
------------------- Plan Thread(HOVER) -----------------------
[plan node] hovering...
[31m/traj/249[0m
------------------- Plan Thread(HOVER) -----------------------
[plan node] hovering...
[31m/traj/250[0m
------------------- Plan Thread(HOVER) -----------------------
[plan node] hovering...
[31m/traj/251[0m
------------------- Plan Thread(HOVER) -----------------------
[plan node] hovering...
[31m/traj/252[0m
------------------- Plan Thread(HOVER) -----------------------
[plan node] hovering...
[31m/traj/253[0m
------------------- Plan Thread(HOVER) -----------------------
[plan node] hovering...
[31m/traj/254[0m
------------------- Plan Thread(HOVER) -----------------------
[plan node] hovering...
[31m/traj/255[0m
------------------- Plan Thread(HOVER) -----------------------
[plan node] hovering...
[31m/traj/256[0m
------------------- Plan Thread(HOVER) -----------------------
[plan node] hovering...
[31m/traj/257[0m
------------------- Plan Thread(HOVER) -----------------------
[plan node] hovering...
[31m/traj/258[0m
[33m[data_callback] Planner hold active: reset to HOVER and wait for next goal.[0m
------------------- Plan Thread(HOVER) -----------------------
[plan node] hovering...
[31m/traj/259[0m
------------------- Plan Thread(HOVER) -----------------------
[plan node] hovering...
[31m/traj/260[0m
------------------- Plan Thread(HOVER) -----------------------
[plan node] hovering...
[31m/traj/261[0m
------------------- Plan Thread(HOVER) -----------------------
[plan node] hovering...
[31m/traj/262[0m
------------------- Plan Thread(HOVER) -----------------------
[plan node] hovering...
[31m/traj/263[0m
------------------- Plan Thread(HOVER) -----------------------
[plan node] hovering...
[31m/traj/264[0m
------------------- Plan Thread(HOVER) -----------------------
[plan node] hovering...
[31m/traj/265[0m
------------------- Plan Thread(HOVER) -----------------------
[plan node] hovering...
[31m/traj/266[0m
------------------- Plan Thread(HOVER) -----------------------
[plan node] hovering...
[31m/traj/267[0m
------------------- Plan Thread(HOVER) -----------------------
[plan node] hovering...
[31m/traj/268[0m
------------------- Plan Thread(HOVER) -----------------------
[plan node] hovering...
[31m/traj/269[0m
[31m[traj_server] Thread Exit.[0m
[31m[FSM] Thread Exit.[0m
[31m[plan node] Thread Exit.[0m
[31m[Main node] Exit![0m
clean up done
[31mWARNING: disk usage in log directory [/home/gwx/.ros/log] is over 1GB.
It's recommended that you use the 'rosclean' command.[0m
WARNING: Package name "key_to_camPos" does not follow the naming conventions. It should start with a lower case letter and only contain lower case letters, digits, underscores, and dashes.

[1mROS_MASTER_URI=http://localhost:11311[0m
]2;/home/gwx/airgrasp_ws/src/airgrasp_planning/airgrasp_minco_irl/launch/two_pillar_planning.launch http://localhost:11311
[1mprocess[drone0/odom_visualization-1]: started with pid [3622868][0m
[1mprocess[drone0/planning-2]: started with pid [3622881][0m
[drone0/planning-2] killing on exit
[drone0/odom_visualization-1] killing on exit
shutting down processing monitor...
... shutting down processing monitor complete
[1mdone[0m
