trajectory_index,trajectory_id,trajectory_stamp,point_index,t,x,y,z,yaw
0,1031,1784881044.032377481,0,0.000000201,-0.261959000,-0.006230000,1.200000000,-0.039639000
0,1031,1784881044.032377481,1,0.010000201,-0.261958995,-0.006229999,1.200000000,-0.039641238
0,1031,1784881044.032377481,2,0.020000201,-0.261958922,-0.006229989,1.200000000,-0.039647861
0,1031,1784881044.032377481,3,0.030000201,-0.261958609,-0.006229946,1.200000000,-0.039658735
0,1031,1784881044.032377481,4,0.040000201,-0.261957778,-0.006229831,1.200000000,-0.039673723
0,1031,1784881044.032377481,5,0.050000201,-0.261956052,-0.006229592,1.200000000,-0.039692691
0,1031,1784881044.032377481,6,0.060000201,-0.261952960,-0.006229164,1.200000000,-0.039715502
0,1031,1784881044.032377481,7,0.070000201,-0.261947944,-0.006228470,1.200000000,-0.039742021
0,1031,1784881044.032377481,8,0.080000201,-0.261940364,-0.006227421,1.200000000,-0.039772114
0,1031,1784881044.032377481,9,0.090000201,-0.261929506,-0.006225918,1.200000000,-0.039805644
0,1031,1784881044.032377481,10,0.100000201,-0.261914585,-0.006223853,1.200000000,-0.039842476
0,1031,1784881044.032377481,11,0.110000201,-0.261894753,-0.006221108,1.200000000,-0.039882475
0,1031,1784881044.032377481,12,0.120000201,-0.261869103,-0.006217558,1.200000000,-0.039925505
0,1031,1784881044.032377481,13,0.130000201,-0.261836674,-0.006213069,1.200000000,-0.039971431
0,1031,1784881044.032377481,14,0.140000201,-0.261796455,-0.006207503,1.200000000,-0.040020117
0,1031,1784881044.032377481,15,0.150000201,-0.261747392,-0.006200712,1.200000000,-0.040071428
0,1031,1784881044.032377481,16,0.160000201,-0.261688393,-0.006192546,1.200000000,-0.040125228
0,1031,1784881044.032377481,17,0.170000201,-0.261618329,-0.006182849,1.200000000,-0.040181383
0,1031,1784881044.032377481,18,0.180000201,-0.261536040,-0.006171461,1.200000000,-0.040239756
0,1031,1784881044.032377481,19,0.190000201,-0.261440342,-0.006158216,1.200000000,-0.040300212
0,1031,1784881044.032377481,20,0.200000201,-0.261330026,-0.006142949,1.200000000,-0.040362616
0,1031,1784881044.032377481,21,0.210000201,-0.261203865,-0.006125488,1.200000000,-0.040426832
0,1031,1784881044.032377481,22,0.220000201,-0.261060617,-0.006105664,1.200000000,-0.040492725
0,1031,1784881044.032377481,23,0.230000201,-0.260899028,-0.006083301,1.200000000,-0.040560160
0,1031,1784881044.032377481,24,0.240000201,-0.260717837,-0.006058226,1.200000000,-0.040629000
0,1031,1784881044.032377481,25,0.250000201,-0.260515777,-0.006030264,1.200000000,-0.040699111
0,1031,1784881044.032377481,26,0.260000201,-0.260291578,-0.005999238,1.200000000,-0.040770358
0,1031,1784881044.032377481,27,0.270000201,-0.260043973,-0.005964974,1.200000000,-0.040842604
0,1031,1784881044.032377481,28,0.280000201,-0.259771697,-0.005927297,1.200000000,-0.040915714
0,1031,1784881044.032377481,29,0.290000201,-0.259473495,-0.005886033,1.200000000,-0.040989553
0,1031,1784881044.032377481,30,0.300000201,-0.259148116,-0.005841010,1.200000000,-0.041063985
0,1031,1784881044.032377481,31,0.310000201,-0.258794324,-0.005792056,1.200000000,-0.041138876
0,1031,1784881044.032377481,32,0.320000201,-0.258410895,-0.005739003,1.200000000,-0.041214089
0,1031,1784881044.032377481,33,0.330000201,-0.257996622,-0.005681684,1.200000000,-0.041289489
0,1031,1784881044.032377481,34,0.340000201,-0.257550315,-0.005619935,1.200000000,-0.041364941
0,1031,1784881044.032377481,35,0.350000201,-0.257070805,-0.005553594,1.200000000,-0.041440309
0,1031,1784881044.032377481,36,0.360000201,-0.256556943,-0.005482503,1.200000000,-0.041515457
0,1031,1784881044.032377481,37,0.370000201,-0.256007605,-0.005406507,1.200000000,-0.041590251
0,1031,1784881044.032377481,38,0.380000201,-0.255421690,-0.005325454,1.200000000,-0.041664555
0,1031,1784881044.032377481,39,0.390000201,-0.254798124,-0.005239196,1.200000000,-0.041738234
0,1031,1784881044.032377481,40,0.400000201,-0.254135862,-0.005147588,1.200000000,-0.041811152
0,1031,1784881044.032377481,41,0.410000201,-0.253433886,-0.005050492,1.200000000,-0.041883173
0,1031,1784881044.032377481,42,0.420000201,-0.252691210,-0.004947771,1.200000000,-0.041954162
0,1031,1784881044.032377481,43,0.430000201,-0.251906876,-0.004839293,1.200000000,-0.042023984
0,1031,1784881044.032377481,44,0.440000201,-0.251079963,-0.004724933,1.200000000,-0.042092504
0,1031,1784881044.032377481,45,0.450000201,-0.250209577,-0.004604566,1.200000000,-0.042159585
0,1031,1784881044.032377481,46,0.460000201,-0.249294863,-0.004478076,1.200000000,-0.042225093
0,1031,1784881044.032377481,47,0.470000201,-0.248334998,-0.004345351,1.200000000,-0.042288892
0,1031,1784881044.032377481,48,0.480000201,-0.247329193,-0.004206281,1.200000000,-0.042350847
0,1031,1784881044.032377481,49,0.490000201,-0.246276695,-0.004060764,1.200000000,-0.042410821
0,1031,1784881044.032377481,50,0.500000201,-0.245176790,-0.003908703,1.200000000,-0.042468681
0,1031,1784881044.032377481,51,0.510000201,-0.244028795,-0.003750005,1.200000000,-0.042524289
0,1031,1784881044.032377481,52,0.520000201,-0.242832068,-0.003584581,1.200000000,-0.042577512
0,1031,1784881044.032377481,53,0.530000201,-0.241586001,-0.003412350,1.200000000,-0.042628213
0,1031,1784881044.032377481,54,0.540000201,-0.240290023,-0.003233233,1.200000000,-0.042676257
0,1031,1784881044.032377481,55,0.550000201,-0.238943602,-0.003047160,1.200000000,-0.042721508
0,1031,1784881044.032377481,56,0.560000201,-0.237546241,-0.002854063,1.200000000,-0.042763832
0,1031,1784881044.032377481,57,0.570000201,-0.236097479,-0.002653880,1.200000000,-0.042803093
0,1031,1784881044.032377481,58,0.580000201,-0.234596894,-0.002446555,1.200000000,-0.042839154
0,1031,1784881044.032377481,59,0.590000201,-0.233044100,-0.002232037,1.200000000,-0.042871882
0,1031,1784881044.032377481,60,0.600000201,-0.231438744,-0.002010278,1.200000000,-0.042901139
0,1031,1784881044.032377481,61,0.610000201,-0.229780513,-0.001781237,1.200000000,-0.042926792
0,1031,1784881044.032377481,62,0.620000201,-0.228069127,-0.001544880,1.200000000,-0.042948705
0,1031,1784881044.032377481,63,0.630000201,-0.226304342,-0.001301173,1.200000000,-0.042966741
0,1031,1784881044.032377481,64,0.640000201,-0.224485949,-0.001050090,1.200000000,-0.042980766
0,1031,1784881044.032377481,65,0.650000201,-0.222613772,-0.000791611,1.200000000,-0.042990644
0,1031,1784881044.032377481,66,0.660000201,-0.220687669,-0.000525717,1.200000000,-0.042996241
0,1031,1784881044.032377481,67,0.670000201,-0.218707532,-0.000252398,1.200000000,-0.042997419
0,1031,1784881044.032377481,68,0.680000201,-0.216673284,0.000028355,1.200000000,-0.042994044
0,1031,1784881044.032377481,69,0.690000201,-0.214584881,0.000316545,1.200000000,-0.042985981
0,1031,1784881044.032377481,70,0.700000201,-0.212442308,0.000612171,1.200000000,-0.042973094
0,1031,1784881044.032377481,71,0.710000201,-0.210245583,0.000915226,1.200000000,-0.042955248
0,1031,1784881044.032377481,72,0.720000201,-0.207994752,0.001225702,1.200000000,-0.042932307
0,1031,1784881044.032377481,73,0.730000201,-0.205689889,0.001543583,1.200000000,-0.042904135
0,1031,1784881044.032377481,74,0.740000201,-0.203331098,0.001868853,1.200000000,-0.042870598
0,1031,1784881044.032377481,75,0.750000201,-0.200918510,0.002201489,1.200000000,-0.042831560
0,1031,1784881044.032377481,76,0.760000201,-0.198452281,0.002541467,1.200000000,-0.042786885
0,1031,1784881044.032377481,77,0.770000201,-0.195932593,0.002888755,1.200000000,-0.042736438
0,1031,1784881044.032377481,78,0.780000201,-0.193359653,0.003243323,1.200000000,-0.042680084
0,1031,1784881044.032377481,79,0.790000201,-0.190733693,0.003605133,1.200000000,-0.042617687
0,1031,1784881044.032377481,80,0.800000201,-0.188054966,0.003974146,1.200000000,-0.042549112
0,1031,1784881044.032377481,81,0.810000201,-0.185323748,0.004350320,1.200000000,-0.042474223
0,1031,1784881044.032377481,82,0.820000201,-0.182540337,0.004733609,1.200000000,-0.042392885
0,1031,1784881044.032377481,83,0.830000201,-0.179705051,0.005123963,1.200000000,-0.042304962
0,1031,1784881044.032377481,84,0.840000201,-0.176818226,0.005521332,1.200000000,-0.042210319
0,1031,1784881044.032377481,85,0.850000201,-0.173880220,0.005925662,1.200000000,-0.042108821
0,1031,1784881044.032377481,86,0.860000201,-0.170891404,0.006336895,1.200000000,-0.042000332
0,1031,1784881044.032377481,87,0.870000201,-0.167852171,0.006754972,1.200000000,-0.041884765
0,1031,1784881044.032377481,88,0.880000201,-0.164762928,0.007179832,1.200000000,-0.041762177
0,1031,1784881044.032377481,89,0.890000201,-0.161624096,0.007611411,1.200000000,-0.041632654
0,1031,1784881044.032377481,90,0.900000201,-0.158436113,0.008049642,1.200000000,-0.041496283
0,1031,1784881044.032377481,91,0.910000201,-0.155199429,0.008494459,1.200000000,-0.041353149
0,1031,1784881044.032377481,92,0.920000201,-0.151914508,0.008945790,1.200000000,-0.041203338
0,1031,1784881044.032377481,93,0.930000201,-0.148581827,0.009403564,1.200000000,-0.041046936
0,1031,1784881044.032377481,94,0.940000201,-0.145201872,0.009867708,1.200000000,-0.040884029
0,1031,1784881044.032377481,95,0.950000201,-0.141775143,0.010338146,1.200000000,-0.040714702
0,1031,1784881044.032377481,96,0.960000201,-0.138302147,0.010814802,1.200000000,-0.040539041
0,1031,1784881044.032377481,97,0.970000201,-0.134783403,0.011297599,1.200000000,-0.040357133
0,1031,1784881044.032377481,98,0.980000201,-0.131219438,0.011786456,1.200000000,-0.040169063
0,1031,1784881044.032377481,99,0.990000201,-0.127610787,0.012281293,1.200000000,-0.039974917
0,1031,1784881044.032377481,100,1.000000201,-0.123957992,0.012782028,1.200000000,-0.039774781
0,1031,1784881044.032377481,101,1.010000201,-0.120261602,0.013288579,1.200000000,-0.039568740
0,1031,1784881044.032377481,102,1.020000201,-0.116522173,0.013800862,1.200000000,-0.039356881
0,1031,1784881044.032377481,103,1.030000201,-0.112740266,0.014318793,1.200000000,-0.039139290
0,1031,1784881044.032377481,104,1.040000201,-0.108916448,0.014842285,1.200000000,-0.038916051
0,1031,1784881044.032377481,105,1.050000201,-0.105051288,0.015371254,1.200000000,-0.038687252
0,1031,1784881044.032377481,106,1.060000201,-0.101145363,0.015905612,1.200000000,-0.038452978
0,1031,1784881044.032377481,107,1.070000201,-0.097199250,0.016445271,1.200000000,-0.038213314
0,1031,1784881044.032377481,108,1.080000201,-0.093213529,0.016990145,1.200000000,-0.037968347
0,1031,1784881044.032377481,109,1.090000201,-0.089188784,0.017540146,1.200000000,-0.037718163
0,1031,1784881044.032377481,110,1.100000201,-0.085125601,0.018095184,1.200000000,-0.037462846
0,1031,1784881044.032377481,111,1.110000201,-0.081024565,0.018655170,1.200000000,-0.037202485
0,1031,1784881044.032377481,112,1.120000201,-0.076886264,0.019220017,1.200000000,-0.036937163
0,1031,1784881044.032377481,113,1.130000201,-0.072711285,0.019789635,1.200000000,-0.036666967
0,1031,1784881044.032377481,114,1.140000201,-0.068500217,0.020363935,1.200000000,-0.036391982
0,1031,1784881044.032377481,115,1.150000201,-0.064253647,0.020942827,1.200000000,-0.036112296
0,1031,1784881044.032377481,116,1.160000201,-0.059972160,0.021526223,1.200000000,-0.035827993
0,1031,1784881044.032377481,117,1.170000201,-0.055656343,0.022114034,1.200000000,-0.035539159
0,1031,1784881044.032377481,118,1.180000201,-0.051306777,0.022706171,1.200000000,-0.035245880
0,1031,1784881044.032377481,119,1.190000201,-0.046924044,0.023302546,1.200000000,-0.034948242
0,1031,1784881044.032377481,120,1.200000201,-0.042508723,0.023903071,1.200000000,-0.034646332
0,1031,1784881044.032377481,121,1.210000201,-0.038061390,0.024507657,1.200000000,-0.034340233
0,1031,1784881044.032377481,122,1.220000201,-0.033582616,0.025116217,1.200000000,-0.034030034
0,1031,1784881044.032377481,123,1.230000201,-0.029072972,0.025728665,1.200000000,-0.033715819
0,1031,1784881044.032377481,124,1.240000201,-0.024533021,0.026344914,1.200000000,-0.033397674
0,1031,1784881044.032377481,125,1.250000201,-0.019963326,0.026964878,1.200000000,-0.033075685
0,1031,1784881044.032377481,126,1.260000201,-0.015364442,0.027588472,1.200000000,-0.032749938
0,1031,1784881044.032377481,127,1.270000201,-0.010736920,0.028215612,1.200000000,-0.032420519
0,1031,1784881044.032377481,128,1.280000201,-0.006081308,0.028846212,1.200000000,-0.032087514
0,1031,1784881044.032377481,129,1.290000201,-0.001398146,0.029480191,1.200000000,-0.031751008
0,1031,1784881044.032377481,130,1.300000201,0.003312030,0.030117466,1.200000000,-0.031411088
0,1031,1784881044.032377481,131,1.310000201,0.008048691,0.030757955,1.200000000,-0.031067839
0,1031,1784881044.032377481,132,1.320000201,0.012811313,0.031401578,1.200000000,-0.030721347
0,1031,1784881044.032377481,133,1.330000201,0.017599380,0.032048254,1.200000000,-0.030371697
0,1031,1784881044.032377481,134,1.340000201,0.022412381,0.032697906,1.200000000,-0.030018977
0,1031,1784881044.032377481,135,1.350000201,0.027249812,0.033350454,1.200000000,-0.029663271
0,1031,1784881044.032377481,136,1.360000201,0.032111177,0.034005822,1.200000000,-0.029304666
0,1031,1784881044.032377481,137,1.370000201,0.036995987,0.034663934,1.200000000,-0.028943247
0,1031,1784881044.032377481,138,1.380000201,0.041903760,0.035324716,1.200000000,-0.028579101
0,1031,1784881044.032377481,139,1.390000201,0.046834021,0.035988093,1.200000000,-0.028212312
0,1031,1784881044.032377481,140,1.400000201,0.051786304,0.036653992,1.200000000,-0.027842967
0,1031,1784881044.032377481,141,1.410000201,0.056760150,0.037322343,1.200000000,-0.027471152
0,1031,1784881044.032377481,142,1.420000201,0.061755108,0.037993075,1.200000000,-0.027096953
0,1031,1784881044.032377481,143,1.430000201,0.066770736,0.038666119,1.200000000,-0.026720455
0,1031,1784881044.032377481,144,1.440000201,0.071806600,0.039341406,1.200000000,-0.026341744
0,1031,1784881044.032377481,145,1.450000201,0.076862273,0.040018871,1.200000000,-0.025960907
0,1031,1784881044.032377481,146,1.460000201,0.081937339,0.040698447,1.200000000,-0.025578028
0,1031,1784881044.032377481,147,1.470000201,0.087031389,0.041380070,1.200000000,-0.025193195
0,1031,1784881044.032377481,148,1.480000201,0.092144023,0.042063678,1.200000000,-0.024806492
0,1031,1784881044.032377481,149,1.490000201,0.097274849,0.042749208,1.200000000,-0.024418005
0,1031,1784881044.032377481,150,1.500000201,0.102423487,0.043436601,1.200000000,-0.024027821
0,1031,1784881044.032377481,151,1.510000201,0.107589563,0.044125798,1.200000000,-0.023636026
0,1031,1784881044.032377481,152,1.520000201,0.112772711,0.044816740,1.200000000,-0.023242704
0,1031,1784881044.032377481,153,1.530000201,0.117972579,0.045509372,1.200000000,-0.022847943
0,1031,1784881044.032377481,154,1.540000201,0.123188818,0.046203639,1.200000000,-0.022451827
0,1031,1784881044.032377481,155,1.550000201,0.128421094,0.046899487,1.200000000,-0.022054443
0,1031,1784881044.032377481,156,1.560000201,0.133669077,0.047596864,1.200000000,-0.021655876
0,1031,1784881044.032377481,157,1.570000201,0.138932450,0.048295719,1.200000000,-0.021256213
0,1031,1784881044.032377481,158,1.580000201,0.144210903,0.048996003,1.200000000,-0.020855539
0,1031,1784881044.032377481,159,1.590000201,0.149504137,0.049697669,1.200000000,-0.020453940
0,1031,1784881044.032377481,160,1.600000201,0.154811862,0.050400668,1.200000000,-0.020051502
0,1031,1784881044.032377481,161,1.610000201,0.160133794,0.051104957,1.200000000,-0.019648311
0,1031,1784881044.032377481,162,1.620000201,0.165469664,0.051810492,1.200000000,-0.019244453
0,1031,1784881044.032377481,163,1.630000201,0.170819206,0.052517231,1.200000000,-0.018840012
0,1031,1784881044.032377481,164,1.640000201,0.176182169,0.053225132,1.200000000,-0.018435077
0,1031,1784881044.032377481,165,1.650000201,0.181558307,0.053934156,1.200000000,-0.018029731
0,1031,1784881044.032377481,166,1.660000201,0.186947385,0.054644266,1.200000000,-0.017624062
0,1031,1784881044.032377481,167,1.670000201,0.192349176,0.055355425,1.200000000,-0.017218154
0,1031,1784881044.032377481,168,1.680000201,0.197763463,0.056067597,1.200000000,-0.016812094
0,1031,1784881044.032377481,169,1.690000201,0.203190039,0.056780749,1.200000000,-0.016405968
0,1031,1784881044.032377481,170,1.700000201,0.208628703,0.057494848,1.200000000,-0.015999861
0,1031,1784881044.032377481,171,1.710000201,0.214079265,0.058209865,1.200000000,-0.015593860
0,1031,1784881044.032377481,172,1.720000201,0.219541543,0.058925768,1.200000000,-0.015188050
0,1031,1784881044.032377481,173,1.730000201,0.225015365,0.059642531,1.200000000,-0.014782516
0,1031,1784881044.032377481,174,1.740000201,0.230500566,0.060360126,1.200000000,-0.014377346
0,1031,1784881044.032377481,175,1.750000201,0.235996990,0.061078529,1.200000000,-0.013972624
0,1031,1784881044.032377481,176,1.760000201,0.241504490,0.061797714,1.200000000,-0.013568437
0,1031,1784881044.032377481,177,1.770000201,0.247022927,0.062517660,1.200000000,-0.013164870
0,1031,1784881044.032377481,178,1.780000201,0.252552170,0.063238346,1.200000000,-0.012762010
0,1031,1784881044.032377481,179,1.790000201,0.258092097,0.063959751,1.200000000,-0.012359941
0,1031,1784881044.032377481,180,1.800000201,0.263642594,0.064681857,1.200000000,-0.011958751
0,1031,1784881044.032377481,181,1.810000201,0.269203553,0.065404647,1.200000000,-0.011558524
0,1031,1784881044.032377481,182,1.820000201,0.274774877,0.066128104,1.200000000,-0.011159347
0,1031,1784881044.032377481,183,1.830000201,0.280356474,0.066852215,1.200000000,-0.010761306
0,1031,1784881044.032377481,184,1.840000201,0.285948261,0.067576966,1.200000000,-0.010364486
0,1031,1784881044.032377481,185,1.850000201,0.291550161,0.068302345,1.200000000,-0.009968973
0,1031,1784881044.032377481,186,1.860000201,0.297162108,0.069028340,1.200000000,-0.009574853
0,1031,1784881044.032377481,187,1.870000201,0.302784038,0.069754944,1.200000000,-0.009182212
0,1031,1784881044.032377481,188,1.880000201,0.308415898,0.070482146,1.200000000,-0.008791136
0,1031,1784881044.032377481,189,1.890000201,0.314057641,0.071209941,1.200000000,-0.008401711
0,1031,1784881044.032377481,190,1.900000201,0.319709225,0.071938321,1.200000000,-0.008014022
0,1031,1784881044.032377481,191,1.910000201,0.325370617,0.072667283,1.200000000,-0.007628156
0,1031,1784881044.032377481,192,1.920000201,0.331041789,0.073396822,1.200000000,-0.007244197
0,1031,1784881044.032377481,193,1.930000201,0.336722720,0.074126937,1.200000000,-0.006862233
0,1031,1784881044.032377481,194,1.940000201,0.342413395,0.074857626,1.200000000,-0.006482348
0,1031,1784881044.032377481,195,1.950000201,0.348113804,0.075588888,1.200000000,-0.006104630
0,1031,1784881044.032377481,196,1.960000201,0.353823945,0.076320724,1.200000000,-0.005729163
0,1031,1784881044.032377481,197,1.970000201,0.359543820,0.077053137,1.200000000,-0.005356033
0,1031,1784881044.032377481,198,1.980000201,0.365273437,0.077786129,1.200000000,-0.004985327
0,1031,1784881044.032377481,199,1.990000201,0.371012810,0.078519704,1.200000000,-0.004617129
0,1031,1784881044.032377481,200,2.000000201,0.376761956,0.079253867,1.200000000,-0.004251527
0,1031,1784881044.032377481,201,2.010000201,0.382520899,0.079988624,1.200000000,-0.003888606
0,1031,1784881044.032377481,202,2.020000201,0.388289669,0.080723981,1.200000000,-0.003528451
0,1031,1784881044.032377481,203,2.030000201,0.394068297,0.081459948,1.200000000,-0.003171149
0,1031,1784881044.032377481,204,2.040000201,0.399856821,0.082196531,1.200000000,-0.002816785
0,1031,1784881044.032377481,205,2.050000201,0.405655283,0.082933742,1.200000000,-0.002465446
0,1031,1784881044.032377481,206,2.060000201,0.411463729,0.083671589,1.200000000,-0.002117217
0,1031,1784881044.032377481,207,2.070000201,0.417282209,0.084410085,1.200000000,-0.001772183
0,1031,1784881044.032377481,208,2.080000201,0.423110777,0.085149242,1.200000000,-0.001430432
0,1031,1784881044.032377481,209,2.090000201,0.428949490,0.085889073,1.200000000,-0.001092048
0,1031,1784881044.032377481,210,2.100000201,0.434798409,0.086629590,1.200000000,-0.000757118
0,1031,1784881044.032377481,211,2.110000201,0.440657597,0.087370809,1.200000000,-0.000425727
0,1031,1784881044.032377481,212,2.120000201,0.446527122,0.088112745,1.200000000,-0.000097961
0,1031,1784881044.032377481,213,2.130000201,0.452407054,0.088855414,1.200000000,0.000226094
0,1031,1784881044.032377481,214,2.140000201,0.458297465,0.089598832,1.200000000,0.000546351
0,1031,1784881044.032377481,215,2.150000201,0.464198431,0.090343016,1.200000000,0.000862726
0,1031,1784881044.032377481,216,2.160000201,0.470110029,0.091087984,1.200000000,0.001175133
0,1031,1784881044.032377481,217,2.170000201,0.476032339,0.091833754,1.200000000,0.001483485
0,1031,1784881044.032377481,218,2.180000201,0.481965442,0.092580346,1.200000000,0.001787696
0,1031,1784881044.032377481,219,2.190000201,0.487909423,0.093327779,1.200000000,0.002087681
0,1031,1784881044.032377481,220,2.200000201,0.493864365,0.094076072,1.200000000,0.002383355
0,1031,1784881044.032377481,221,2.210000201,0.499830356,0.094825247,1.200000000,0.002674630
0,1031,1784881044.032377481,222,2.220000201,0.505807484,0.095575325,1.200000000,0.002961422
0,1031,1784881044.032377481,223,2.230000201,0.511795836,0.096326326,1.200000000,0.003243644
0,1031,1784881044.032377481,224,2.240000201,0.517795505,0.097078273,1.200000000,0.003521210
0,1031,1784881044.032377481,225,2.250000201,0.523806579,0.097831189,1.200000000,0.003794036
0,1031,1784881044.032377481,226,2.260000201,0.529829150,0.098585095,1.200000000,0.004062034
0,1031,1784881044.032377481,227,2.270000201,0.535863310,0.099340015,1.200000000,0.004325119
0,1031,1784881044.032377481,228,2.280000201,0.541909151,0.100095972,1.200000000,0.004583205
0,1031,1784881044.032377481,229,2.290000201,0.547966764,0.100852989,1.200000000,0.004836207
0,1031,1784881044.032377481,230,2.300000201,0.554036242,0.101611092,1.200000000,0.005084038
0,1031,1784881044.032377481,231,2.310000201,0.560117676,0.102370303,1.200000000,0.005326612
0,1031,1784881044.032377481,232,2.320000201,0.566211158,0.103130648,1.200000000,0.005563845
0,1031,1784881044.032377481,233,2.330000201,0.572316777,0.103892150,1.200000000,0.005795649
0,1031,1784881044.032377481,234,2.340000201,0.578434625,0.104654835,1.200000000,0.006021939
0,1031,1784881044.032377481,235,2.350000201,0.584564790,0.105418728,1.200000000,0.006242630
0,1031,1784881044.032377481,236,2.360000201,0.590707360,0.106183854,1.200000000,0.006457635
0,1031,1784881044.032377481,237,2.370000201,0.596862423,0.106950238,1.200000000,0.006666868
0,1031,1784881044.032377481,238,2.380000201,0.603030064,0.107717905,1.200000000,0.006870244
0,1031,1784881044.032377481,239,2.390000201,0.609210367,0.108486881,1.200000000,0.007067676
0,1031,1784881044.032377481,240,2.400000201,0.615403414,0.109257190,1.200000000,0.007259080
0,1031,1784881044.032377481,241,2.410000201,0.621609288,0.110028860,1.200000000,0.007444369
0,1031,1784881044.032377481,242,2.420000201,0.627828066,0.110801914,1.200000000,0.007623457
0,1031,1784881044.032377481,243,2.430000201,0.634059826,0.111576379,1.200000000,0.007796258
0,1031,1784881044.032377481,244,2.440000201,0.640304644,0.112352280,1.200000000,0.007962700
0,1031,1784881044.032377481,245,2.450000201,0.646562591,0.113129642,1.200000000,0.008122816
0,1031,1784881044.032377481,246,2.460000201,0.652833739,0.113908491,1.200000000,0.008276691
0,1031,1784881044.032377481,247,2.470000201,0.659118155,0.114688851,1.200000000,0.008424407
0,1031,1784881044.032377481,248,2.480000201,0.665415906,0.115470747,1.200000000,0.008566049
0,1031,1784881044.032377481,249,2.490000201,0.671727053,0.116254205,1.200000000,0.008701701
0,1031,1784881044.032377481,250,2.500000201,0.678051659,0.117039250,1.200000000,0.008831448
0,1031,1784881044.032377481,251,2.510000201,0.684389778,0.117825905,1.200000000,0.008955372
0,1031,1784881044.032377481,252,2.520000201,0.690741467,0.118614195,1.200000000,0.009073559
0,1031,1784881044.032377481,253,2.530000201,0.697106777,0.119404145,1.200000000,0.009186092
0,1031,1784881044.032377481,254,2.540000201,0.703485756,0.120195778,1.200000000,0.009293055
0,1031,1784881044.032377481,255,2.550000201,0.709878449,0.120989117,1.200000000,0.009394532
0,1031,1784881044.032377481,256,2.560000201,0.716284898,0.121784187,1.200000000,0.009490608
0,1031,1784881044.032377481,257,2.570000201,0.722705142,0.122581011,1.200000000,0.009581366
0,1031,1784881044.032377481,258,2.580000201,0.729139217,0.123379610,1.200000000,0.009666891
0,1031,1784881044.032377481,259,2.590000201,0.735587153,0.124180009,1.200000000,0.009747266
0,1031,1784881044.032377481,260,2.600000201,0.742048980,0.124982228,1.200000000,0.009822575
0,1031,1784881044.032377481,261,2.610000201,0.748524722,0.125786290,1.200000000,0.009892903
0,1031,1784881044.032377481,262,2.620000201,0.755014401,0.126592217,1.200000000,0.009958334
0,1031,1784881044.032377481,263,2.630000201,0.761518033,0.127400029,1.200000000,0.010018951
0,1031,1784881044.032377481,264,2.640000201,0.768035633,0.128209747,1.200000000,0.010074839
0,1031,1784881044.032377481,265,2.650000201,0.774567211,0.129021391,1.200000000,0.010126081
0,1031,1784881044.032377481,266,2.660000201,0.781112773,0.129834982,1.200000000,0.010172762
0,1031,1784881044.032377481,267,2.670000201,0.787672320,0.130650539,1.200000000,0.010214967
0,1031,1784881044.032377481,268,2.680000201,0.794245853,0.131468081,1.200000000,0.010252777
0,1031,1784881044.032377481,269,2.690000201,0.800833365,0.132287626,1.200000000,0.010286279
0,1031,1784881044.032377481,270,2.700000201,0.807434847,0.133109193,1.200000000,0.010315556
0,1031,1784881044.032377481,271,2.710000201,0.814050286,0.133932800,1.200000000,0.010340691
0,1031,1784881044.032377481,272,2.720000201,0.820679664,0.134758462,1.200000000,0.010361770
0,1031,1784881044.032377481,273,2.730000201,0.827322960,0.135586199,1.200000000,0.010378876
0,1031,1784881044.032377481,274,2.740000201,0.833980150,0.136416024,1.200000000,0.010392092
0,1031,1784881044.032377481,275,2.750000201,0.840651203,0.137247955,1.200000000,0.010401504
0,1031,1784881044.032377481,276,2.760000201,0.847336086,0.138082005,1.200000000,0.010407195
0,1031,1784881044.032377481,277,2.770000201,0.854034762,0.138918191,1.200000000,0.010409249
0,1031,1784881044.032377481,278,2.780000201,0.860747189,0.139756525,1.200000000,0.010407751
0,1031,1784881044.032377481,279,2.790000201,0.867473322,0.140597021,1.200000000,0.010402783
0,1031,1784881044.032377481,280,2.800000201,0.874213112,0.141439693,1.200000000,0.010394431
0,1031,1784881044.032377481,281,2.810000201,0.880966504,0.142284552,1.200000000,0.010382779
0,1031,1784881044.032377481,282,2.820000201,0.887733441,0.143131610,1.200000000,0.010367910
0,1031,1784881044.032377481,283,2.830000201,0.894513861,0.143980879,1.200000000,0.010349908
0,1031,1784881044.032377481,284,2.840000201,0.901307699,0.144832368,1.200000000,0.010328857
0,1031,1784881044.032377481,285,2.850000201,0.908114885,0.145686088,1.200000000,0.010304843
0,1031,1784881044.032377481,286,2.860000201,0.914935344,0.146542049,1.200000000,0.010277947
0,1031,1784881044.032377481,287,2.870000201,0.921769000,0.147400258,1.200000000,0.010248256
0,1031,1784881044.032377481,288,2.880000201,0.928615770,0.148260724,1.200000000,0.010215852
0,1031,1784881044.032377481,289,2.890000201,0.935475570,0.149123454,1.200000000,0.010180819
0,1031,1784881044.032377481,290,2.900000201,0.942348308,0.149988455,1.200000000,0.010143243
0,1031,1784881044.032377481,291,2.910000201,0.949233893,0.150855733,1.200000000,0.010103206
0,1031,1784881044.032377481,292,2.920000201,0.956132226,0.151725294,1.200000000,0.010060793
0,1031,1784881044.032377481,293,2.930000201,0.963043206,0.152597142,1.200000000,0.010016088
0,1031,1784881044.032377481,294,2.940000201,0.969966729,0.153471282,1.200000000,0.009969175
0,1031,1784881044.032377481,295,2.950000201,0.976902685,0.154347716,1.200000000,0.009920137
0,1031,1784881044.032377481,296,2.960000201,0.983850963,0.155226448,1.200000000,0.009869060
0,1031,1784881044.032377481,297,2.970000201,0.990811446,0.156107480,1.200000000,0.009816027
0,1031,1784881044.032377481,298,2.980000201,0.997784015,0.156990812,1.200000000,0.009761121
0,1031,1784881044.032377481,299,2.990000201,1.004768545,0.157876447,1.200000000,0.009704428
0,1031,1784881044.032377481,300,3.000000201,1.011764911,0.158764383,1.200000000,0.009646031
0,1031,1784881044.032377481,301,3.010000201,1.018772982,0.159654620,1.200000000,0.009586014
0,1031,1784881044.032377481,302,3.020000201,1.025792623,0.160547157,1.200000000,0.009524462
0,1031,1784881044.032377481,303,3.030000201,1.032823698,0.161441991,1.200000000,0.009461457
0,1031,1784881044.032377481,304,3.040000201,1.039866066,0.162339120,1.200000000,0.009397085
0,1031,1784881044.032377481,305,3.050000201,1.046919583,0.163238540,1.200000000,0.009331429
0,1031,1784881044.032377481,306,3.060000201,1.053984102,0.164140247,1.200000000,0.009264574
0,1031,1784881044.032377481,307,3.070000201,1.061059472,0.165044235,1.200000000,0.009196603
0,1031,1784881044.032377481,308,3.080000201,1.068145541,0.165950499,1.200000000,0.009127601
0,1031,1784881044.032377481,309,3.090000201,1.075242150,0.166859033,1.200000000,0.009057651
0,1031,1784881044.032377481,310,3.100000201,1.082349141,0.167769829,1.200000000,0.008986837
0,1031,1784881044.032377481,311,3.110000201,1.089466351,0.168682880,1.200000000,0.008915245
0,1031,1784881044.032377481,312,3.120000201,1.096593615,0.169598176,1.200000000,0.008842956
0,1031,1784881044.032377481,313,3.130000201,1.103730765,0.170515709,1.200000000,0.008770057
0,1031,1784881044.032377481,314,3.140000201,1.110877628,0.171435468,1.200000000,0.008696630
0,1031,1784881044.032377481,315,3.150000201,1.118034033,0.172357442,1.200000000,0.008622760
0,1031,1784881044.032377481,316,3.160000201,1.125199801,0.173281620,1.200000000,0.008548531
0,1031,1784881044.032377481,317,3.170000201,1.132374755,0.174207989,1.200000000,0.008474026
0,1031,1784881044.032377481,318,3.180000201,1.139558713,0.175136537,1.200000000,0.008399331
0,1031,1784881044.032377481,319,3.190000201,1.146751491,0.176067249,1.200000000,0.008324528
0,1031,1784881044.032377481,320,3.200000201,1.153952903,0.177000112,1.200000000,0.008249703
0,1031,1784881044.032377481,321,3.210000201,1.161162761,0.177935109,1.200000000,0.008174938
0,1031,1784881044.032377481,322,3.220000201,1.168380874,0.178872224,1.200000000,0.008100318
0,1031,1784881044.032377481,323,3.230000201,1.175607050,0.179811442,1.200000000,0.008025928
0,1031,1784881044.032377481,324,3.240000201,1.182841093,0.180752744,1.200000000,0.007951851
0,1031,1784881044.032377481,325,3.250000201,1.190082808,0.181696112,1.200000000,0.007878170
0,1031,1784881044.032377481,326,3.260000201,1.197331995,0.182641527,1.200000000,0.007804971
0,1031,1784881044.032377481,327,3.270000201,1.204588455,0.183588970,1.200000000,0.007732338
0,1031,1784881044.032377481,328,3.280000201,1.211851984,0.184538419,1.200000000,0.007660353
0,1031,1784881044.032377481,329,3.290000201,1.219122380,0.185489855,1.200000000,0.007589102
0,1031,1784881044.032377481,330,3.300000201,1.226399437,0.186443254,1.200000000,0.007518668
0,1031,1784881044.032377481,331,3.310000201,1.233682949,0.187398594,1.200000000,0.007449136
0,1031,1784881044.032377481,332,3.320000201,1.240972707,0.188355853,1.200000000,0.007380589
0,1031,1784881044.032377481,333,3.330000201,1.248268503,0.189315005,1.200000000,0.007313111
0,1031,1784881044.032377481,334,3.340000201,1.255570124,0.190276026,1.200000000,0.007246788
0,1031,1784881044.032377481,335,3.350000201,1.262877360,0.191238890,1.200000000,0.007181701
0,1031,1784881044.032377481,336,3.360000201,1.270189997,0.192203572,1.200000000,0.007117937
0,1031,1784881044.032377481,337,3.370000201,1.277507822,0.193170043,1.200000000,0.007055578
0,1031,1784881044.032377481,338,3.380000201,1.284830620,0.194138277,1.200000000,0.006994708
0,1031,1784881044.032377481,339,3.390000201,1.292158175,0.195108245,1.200000000,0.006935413
0,1031,1784881044.032377481,340,3.400000201,1.299490272,0.196079918,1.200000000,0.006877775
0,1031,1784881044.032377481,341,3.410000201,1.306826692,0.197053266,1.200000000,0.006821879
0,1031,1784881044.032377481,342,3.420000201,1.314167219,0.198028258,1.200000000,0.006767809
0,1031,1784881044.032377481,343,3.430000201,1.321511635,0.199004864,1.200000000,0.006715649
0,1031,1784881044.032377481,344,3.440000201,1.328859721,0.199983051,1.200000000,0.006665482
0,1031,1784881044.032377481,345,3.450000201,1.336211258,0.200962787,1.200000000,0.006617394
0,1031,1784881044.032377481,346,3.460000201,1.343566029,0.201944038,1.200000000,0.006571468
0,1031,1784881044.032377481,347,3.470000201,1.350923813,0.202926770,1.200000000,0.006527788
0,1031,1784881044.032377481,348,3.480000201,1.358284391,0.203910950,1.200000000,0.006486438
0,1031,1784881044.032377481,349,3.490000201,1.365647546,0.204896540,1.200000000,0.006447502
0,1031,1784881044.032377481,350,3.500000201,1.373013057,0.205883506,1.200000000,0.006411064
0,1031,1784881044.032377481,351,3.510000201,1.380380705,0.206871811,1.200000000,0.006377208
0,1031,1784881044.032377481,352,3.520000201,1.387750274,0.207861416,1.200000000,0.006346019
0,1031,1784881044.032377481,353,3.530000201,1.395121544,0.208852285,1.200000000,0.006317580
0,1031,1784881044.032377481,354,3.540000201,1.402494297,0.209844379,1.200000000,0.006291976
0,1031,1784881044.032377481,355,3.550000201,1.409868318,0.210837657,1.200000000,0.006269290
0,1031,1784881044.032377481,356,3.560000201,1.417243388,0.211832081,1.200000000,0.006249606
0,1031,1784881044.032377481,357,3.570000201,1.424619294,0.212827609,1.200000000,0.006233009
0,1031,1784881044.032377481,358,3.580000201,1.431995818,0.213824200,1.200000000,0.006219582
0,1031,1784881044.032377481,359,3.590000201,1.439372748,0.214821813,1.200000000,0.006209410
0,1031,1784881044.032377481,360,3.600000201,1.446749870,0.215820404,1.200000000,0.006202576
0,1031,1784881044.032377481,361,3.610000201,1.454126973,0.216819931,1.200000000,0.006199165
0,1031,1784881044.032377481,362,3.620000201,1.461503843,0.217820349,1.200000000,0.006199261
0,1031,1784881044.032377481,363,3.630000201,1.468880273,0.218821615,1.200000000,0.006202948
0,1031,1784881044.032377481,364,3.640000201,1.476256053,0.219823683,1.200000000,0.006210309
0,1031,1784881044.032377481,365,3.650000201,1.483630976,0.220826507,1.200000000,0.006221429
0,1031,1784881044.032377481,366,3.660000201,1.491004836,0.221830042,1.200000000,0.006236392
0,1031,1784881044.032377481,367,3.670000201,1.498377427,0.222834241,1.200000000,0.006255282
0,1031,1784881044.032377481,368,3.680000201,1.505748549,0.223839055,1.200000000,0.006278183
0,1031,1784881044.032377481,369,3.690000201,1.513117998,0.224844437,1.200000000,0.006305179
0,1031,1784881044.032377481,370,3.700000201,1.520485575,0.225850339,1.200000000,0.006336353
0,1031,1784881044.032377481,371,3.710000201,1.527851083,0.226856711,1.200000000,0.006371791
0,1031,1784881044.032377481,372,3.720000201,1.535214325,0.227863504,1.200000000,0.006411576
0,1031,1784881044.032377481,373,3.730000201,1.542575107,0.228870666,1.200000000,0.006455792
0,1031,1784881044.032377481,374,3.740000201,1.549933236,0.229878148,1.200000000,0.006504523
0,1031,1784881044.032377481,375,3.750000201,1.557288523,0.230885898,1.200000000,0.006557854
0,1031,1784881044.032377481,376,3.760000201,1.564640779,0.231893864,1.200000000,0.006615868
0,1031,1784881044.032377481,377,3.770000201,1.571989819,0.232901993,1.200000000,0.006678649
0,1031,1784881044.032377481,378,3.780000201,1.579335458,0.233910233,1.200000000,0.006746281
0,1031,1784881044.032377481,379,3.790000201,1.586677514,0.234918529,1.200000000,0.006818849
0,1031,1784881044.032377481,380,3.800000201,1.594015809,0.235926827,1.200000000,0.006896436
0,1031,1784881044.032377481,381,3.810000201,1.601350166,0.236935074,1.200000000,0.006979126
0,1031,1784881044.032377481,382,3.820000201,1.608680410,0.237943213,1.200000000,0.007067005
0,1031,1784881044.032377481,383,3.830000201,1.616006369,0.238951190,1.200000000,0.007160154
0,1031,1784881044.032377481,384,3.840000201,1.623327873,0.239958947,1.200000000,0.007258660
0,1031,1784881044.032377481,385,3.850000201,1.630644757,0.240966429,1.200000000,0.007362604
0,1031,1784881044.032377481,386,3.860000201,1.637956855,0.241973578,1.200000000,0.007472073
0,1031,1784881044.032377481,387,3.870000201,1.645264006,0.242980336,1.200000000,0.007587143
0,1031,1784881044.032377481,388,3.880000201,1.652566051,0.243986646,1.200000000,0.007707767
0,1031,1784881044.032377481,389,3.890000201,1.659862835,0.244992448,1.200000000,0.007833789
0,1031,1784881044.032377481,390,3.900000201,1.667154203,0.245997684,1.200000000,0.007965049
0,1031,1784881044.032377481,391,3.910000201,1.674440005,0.247002294,1.200000000,0.008101387
0,1031,1784881044.032377481,392,3.920000201,1.681720095,0.248006219,1.200000000,0.008242642
0,1031,1784881044.032377481,393,3.930000201,1.688994326,0.249009396,1.200000000,0.008388654
0,1031,1784881044.032377481,394,3.940000201,1.696262558,0.250011767,1.200000000,0.008539263
0,1031,1784881044.032377481,395,3.950000201,1.703524651,0.251013269,1.200000000,0.008694308
0,1031,1784881044.032377481,396,3.960000201,1.710780470,0.252013840,1.200000000,0.008853630
0,1031,1784881044.032377481,397,3.970000201,1.718029883,0.253013419,1.200000000,0.009017068
0,1031,1784881044.032377481,398,3.980000201,1.725272759,0.254011942,1.200000000,0.009184462
0,1031,1784881044.032377481,399,3.990000201,1.732508972,0.255009348,1.200000000,0.009355652
0,1031,1784881044.032377481,400,4.000000201,1.739738398,0.256005571,1.200000000,0.009530477
0,1031,1784881044.032377481,401,4.010000201,1.746960918,0.257000549,1.200000000,0.009708777
0,1031,1784881044.032377481,402,4.020000201,1.754176413,0.257994216,1.200000000,0.009890393
0,1031,1784881044.032377481,403,4.030000201,1.761384771,0.258986509,1.200000000,0.010075163
0,1031,1784881044.032377481,404,4.040000201,1.768585880,0.259977362,1.200000000,0.010262928
0,1031,1784881044.032377481,405,4.050000201,1.775779632,0.260966710,1.200000000,0.010453526
0,1031,1784881044.032377481,406,4.060000201,1.782965923,0.261954486,1.200000000,0.010646799
0,1031,1784881044.032377481,407,4.070000201,1.790144652,0.262940626,1.200000000,0.010842586
0,1031,1784881044.032377481,408,4.080000201,1.797315721,0.263925061,1.200000000,0.011040726
0,1031,1784881044.032377481,409,4.090000201,1.804479035,0.264907726,1.200000000,0.011241060
0,1031,1784881044.032377481,410,4.100000201,1.811634503,0.265888552,1.200000000,0.011443427
0,1031,1784881044.032377481,411,4.110000201,1.818782036,0.266867472,1.200000000,0.011647666
0,1031,1784881044.032377481,412,4.120000201,1.825921549,0.267844418,1.200000000,0.011853618
0,1031,1784881044.032377481,413,4.130000201,1.833052960,0.268819322,1.200000000,0.012061123
0,1031,1784881044.032377481,414,4.140000201,1.840176192,0.269792115,1.200000000,0.012270020
0,1031,1784881044.032377481,415,4.150000201,1.847291169,0.270762727,1.200000000,0.012480148
0,1031,1784881044.032377481,416,4.160000201,1.854397818,0.271731090,1.200000000,0.012691349
0,1031,1784881044.032377481,417,4.170000201,1.861496071,0.272697134,1.200000000,0.012903460
0,1031,1784881044.032377481,418,4.180000201,1.868585863,0.273660789,1.200000000,0.013116323
0,1031,1784881044.032377481,419,4.190000201,1.875667132,0.274621985,1.200000000,0.013329777
0,1031,1784881044.032377481,420,4.200000201,1.882739818,0.275580650,1.200000000,0.013543662
0,1031,1784881044.032377481,421,4.210000201,1.889803865,0.276536714,1.200000000,0.013757817
0,1031,1784881044.032377481,422,4.220000201,1.896859222,0.277490105,1.200000000,0.013972082
0,1031,1784881044.032377481,423,4.230000201,1.903905838,0.278440753,1.200000000,0.014186297
0,1031,1784881044.032377481,424,4.240000201,1.910943668,0.279388585,1.200000000,0.014400303
0,1031,1784881044.032377481,425,4.250000201,1.917972669,0.280333530,1.200000000,0.014613937
0,1031,1784881044.032377481,426,4.260000201,1.924992800,0.281275515,1.200000000,0.014827041
0,1031,1784881044.032377481,427,4.270000201,1.932004026,0.282214466,1.200000000,0.015039454
0,1031,1784881044.032377481,428,4.280000201,1.939006312,0.283150313,1.200000000,0.015251016
0,1031,1784881044.032377481,429,4.290000201,1.945999629,0.284082980,1.200000000,0.015461567
0,1031,1784881044.032377481,430,4.300000201,1.952983948,0.285012396,1.200000000,0.015670946
0,1031,1784881044.032377481,431,4.310000201,1.959959247,0.285938486,1.200000000,0.015878993
0,1031,1784881044.032377481,432,4.320000201,1.966925503,0.286861176,1.200000000,0.016085547
0,1031,1784881044.032377481,433,4.330000201,1.973882699,0.287780392,1.200000000,0.016290450
0,1031,1784881044.032377481,434,4.340000201,1.980830820,0.288696061,1.200000000,0.016493540
0,1031,1784881044.032377481,435,4.350000201,1.987769853,0.289608107,1.200000000,0.016694657
0,1031,1784881044.032377481,436,4.360000201,1.994699789,0.290516455,1.200000000,0.016893641
0,1031,1784881044.032377481,437,4.370000201,2.001620623,0.291421031,1.200000000,0.017090332
0,1031,1784881044.032377481,438,4.380000201,2.008532350,0.292321760,1.200000000,0.017284569
0,1031,1784881044.032377481,439,4.390000201,2.015434971,0.293218565,1.200000000,0.017476193
0,1031,1784881044.032377481,440,4.400000201,2.022328488,0.294111372,1.200000000,0.017665042
0,1031,1784881044.032377481,441,4.410000201,2.029212906,0.295000105,1.200000000,0.017850958
0,1031,1784881044.032377481,442,4.420000201,2.036088234,0.295884687,1.200000000,0.018033778
0,1031,1784881044.032377481,443,4.430000201,2.042954481,0.296765042,1.200000000,0.018213344
0,1031,1784881044.032377481,444,4.440000201,2.049811663,0.297641094,1.200000000,0.018389496
0,1031,1784881044.032377481,445,4.450000201,2.056659795,0.298512767,1.200000000,0.018562072
0,1031,1784881044.032377481,446,4.460000201,2.063498896,0.299379984,1.200000000,0.018730912
0,1031,1784881044.032377481,447,4.470000201,2.070328988,0.300242668,1.200000000,0.018895857
0,1031,1784881044.032377481,448,4.480000201,2.077150094,0.301100742,1.200000000,0.019056746
0,1031,1784881044.032377481,449,4.490000201,2.083962243,0.301954128,1.200000000,0.019213419
0,1031,1784881044.032377481,450,4.500000201,2.090765462,0.302802750,1.200000000,0.019365716
0,1031,1784881044.032377481,451,4.510000201,2.097559784,0.303646531,1.200000000,0.019513475
0,1031,1784881044.032377481,452,4.520000201,2.104345243,0.304485391,1.200000000,0.019656539
0,1031,1784881044.032377481,453,4.530000201,2.111121875,0.305319255,1.200000000,0.019794745
0,1031,1784881044.032377481,454,4.540000201,2.117889721,0.306148043,1.200000000,0.019927933
0,1031,1784881044.032377481,455,4.550000201,2.124648820,0.306971679,1.200000000,0.020055945
0,1031,1784881044.032377481,456,4.560000201,2.131399216,0.307790083,1.200000000,0.020178618
0,1031,1784881044.032377481,457,4.570000201,2.138140956,0.308603179,1.200000000,0.020295793
0,1031,1784881044.032377481,458,4.580000201,2.144874087,0.309410886,1.200000000,0.020407310
0,1031,1784881044.032377481,459,4.590000201,2.151598660,0.310213128,1.200000000,0.020513009
0,1031,1784881044.032377481,460,4.600000201,2.158314727,0.311009826,1.200000000,0.020612729
0,1031,1784881044.032377481,461,4.610000201,2.165022342,0.311800901,1.200000000,0.020706310
0,1031,1784881044.032377481,462,4.620000201,2.171721562,0.312586274,1.200000000,0.020793592
0,1031,1784881044.032377481,463,4.630000201,2.178412446,0.313365867,1.200000000,0.020874414
0,1031,1784881044.032377481,464,4.640000201,2.185095053,0.314139601,1.200000000,0.020948617
0,1031,1784881044.032377481,465,4.650000201,2.191769446,0.314907397,1.200000000,0.021016039
0,1031,1784881044.032377481,466,4.660000201,2.198435690,0.315669177,1.200000000,0.021076522
0,1031,1784881044.032377481,467,4.670000201,2.205093849,0.316424861,1.200000000,0.021129904
0,1031,1784881044.032377481,468,4.680000201,2.211743993,0.317174370,1.200000000,0.021176026
0,1031,1784881044.032377481,469,4.690000201,2.218386189,0.317917625,1.200000000,0.021214727
0,1031,1784881044.032377481,470,4.700000201,2.225020510,0.318654548,1.200000000,0.021245846
0,1031,1784881044.032377481,471,4.710000201,2.231647028,0.319385059,1.200000000,0.021269225
0,1031,1784881044.032377481,472,4.720000201,2.238265817,0.320109078,1.200000000,0.021284702
0,1031,1784881044.032377481,473,4.730000201,2.244876953,0.320826527,1.200000000,0.021292117
0,1031,1784881044.032377481,474,4.740000201,2.251480514,0.321537327,1.200000000,0.021291310
0,1031,1784881044.032377481,475,4.750000201,2.258076577,0.322241398,1.200000000,0.021282120
0,1031,1784881044.032377481,476,4.760000201,2.264665224,0.322938660,1.200000000,0.021264388
0,1031,1784881044.032377481,477,4.770000201,2.271246535,0.323629036,1.200000000,0.021237954
0,1031,1784881044.032377481,478,4.780000201,2.277820593,0.324312445,1.200000000,0.021202656
0,1031,1784881044.032377481,479,4.790000201,2.284387482,0.324988809,1.200000000,0.021158336
0,1031,1784881044.032377481,480,4.800000201,2.290947287,0.325658048,1.200000000,0.021104831
0,1031,1784881044.032377481,481,4.810000201,2.297500095,0.326320082,1.200000000,0.021041984
0,1031,1784881044.032377481,482,4.820000201,2.304045992,0.326974834,1.200000000,0.020969632
0,1031,1784881044.032377481,483,4.830000201,2.310585067,0.327622223,1.200000000,0.020887616
0,1031,1784881044.032377481,484,4.840000201,2.317117409,0.328262170,1.200000000,0.020795776
0,1031,1784881044.032377481,485,4.850000201,2.323643108,0.328894598,1.200000000,0.020693951
0,1031,1784881044.032377481,486,4.860000201,2.330162256,0.329519425,1.200000000,0.020581981
0,1031,1784881044.032377481,487,4.870000201,2.336674945,0.330136574,1.200000000,0.020459706
0,1031,1784881044.032377481,488,4.880000201,2.343181266,0.330745966,1.200000000,0.020326966
0,1031,1784881044.032377481,489,4.890000201,2.349681314,0.331347521,1.200000000,0.020183600
0,1031,1784881044.032377481,490,4.900000201,2.356175183,0.331941161,1.200000000,0.020029448
0,1031,1784881044.032377481,491,4.910000201,2.362662967,0.332526808,1.200000000,0.019864350
0,1031,1784881044.032377481,492,4.920000201,2.369144762,0.333104382,1.200000000,0.019688146
0,1031,1784881044.032377481,493,4.930000201,2.375620663,0.333673805,1.200000000,0.019500676
0,1031,1784881044.032377481,494,4.940000201,2.382090767,0.334234998,1.200000000,0.019301778
0,1031,1784881044.032377481,495,4.950000201,2.388555170,0.334787884,1.200000000,0.019091294
0,1031,1784881044.032377481,496,4.960000201,2.395013970,0.335332383,1.200000000,0.018869063
0,1031,1784881044.032377481,497,4.970000201,2.401467265,0.335868418,1.200000000,0.018634924
0,1031,1784881044.032377481,498,4.980000201,2.407915151,0.336395910,1.200000000,0.018388717
0,1031,1784881044.032377481,499,4.990000201,2.414357727,0.336914782,1.200000000,0.018130282
0,1031,1784881044.032377481,500,5.000000201,2.420795091,0.337424956,1.200000000,0.017859460
0,1031,1784881044.032377481,501,5.010000201,2.427227341,0.337926353,1.200000000,0.017576088
0,1031,1784881044.032377481,502,5.020000201,2.433654576,0.338418897,1.200000000,0.017280008
0,1031,1784881044.032377481,503,5.030000201,2.440076894,0.338902510,1.200000000,0.016971060
0,1031,1784881044.032377481,504,5.040000201,2.446494393,0.339377114,1.200000000,0.016649082
0,1031,1784881044.032377481,505,5.050000201,2.452907172,0.339842632,1.200000000,0.016313915
0,1031,1784881044.032377481,506,5.060000201,2.459315330,0.340298988,1.200000000,0.015965398
0,1031,1784881044.032377481,507,5.070000201,2.465718963,0.340746104,1.200000000,0.015603371
0,1031,1784881044.032377481,508,5.080000201,2.472118170,0.341183904,1.200000000,0.015227675
0,1031,1784881044.032377481,509,5.090000201,2.478513049,0.341612310,1.200000000,0.014838148
0,1031,1784881044.032377481,510,5.100000201,2.484903697,0.342031247,1.200000000,0.014434630
0,1031,1784881044.032377481,511,5.110000201,2.491290211,0.342440639,1.200000000,0.014016962
0,1031,1784881044.032377481,512,5.120000201,2.497672688,0.342840409,1.200000000,0.013584982
0,1031,1784881044.032377481,513,5.130000201,2.504051224,0.343230482,1.200000000,0.013138532
0,1031,1784881044.032377481,514,5.140000201,2.510425915,0.343610781,1.200000000,0.012677450
0,1031,1784881044.032377481,515,5.150000201,2.516796856,0.343981231,1.200000000,0.012201576
0,1031,1784881044.032377481,516,5.160000201,2.523164142,0.344341758,1.200000000,0.011710750
0,1031,1784881044.032377481,517,5.170000201,2.529527867,0.344692286,1.200000000,0.011204812
0,1031,1784881044.032377481,518,5.180000201,2.535888124,0.345032739,1.200000000,0.010683602
0,1031,1784881044.032377481,519,5.190000201,2.542245007,0.345363044,1.200000000,0.010146959
0,1031,1784881044.032377481,520,5.200000201,2.548598607,0.345683126,1.200000000,0.009594723
0,1031,1784881044.032377481,521,5.210000201,2.554949016,0.345992911,1.200000000,0.009026734
0,1031,1784881044.032377481,522,5.220000201,2.561296324,0.346292325,1.200000000,0.008442831
0,1031,1784881044.032377481,523,5.230000201,2.567640622,0.346581293,1.200000000,0.007842855
0,1031,1784881044.032377481,524,5.240000201,2.573981998,0.346859744,1.200000000,0.007226646
0,1031,1784881044.032377481,525,5.250000201,2.580320540,0.347127602,1.200000000,0.006594042
0,1031,1784881044.032377481,526,5.260000201,2.586656335,0.347384796,1.200000000,0.005944883
0,1031,1784881044.032377481,527,5.270000201,2.592989469,0.347631253,1.200000000,0.005279010
0,1031,1784881044.032377481,528,5.280000201,2.599320028,0.347866899,1.200000000,0.004596263
0,1031,1784881044.032377481,529,5.290000201,2.605648096,0.348091664,1.200000000,0.003896480
0,1031,1784881044.032377481,530,5.300000201,2.611973755,0.348305474,1.200000000,0.003179502
0,1031,1784881044.032377481,531,5.310000201,2.618297087,0.348508259,1.200000000,0.002445169
0,1031,1784881044.032377481,532,5.320000201,2.624618173,0.348699947,1.200000000,0.001693320
0,1031,1784881044.032377481,533,5.330000201,2.630937093,0.348880467,1.200000000,0.000923795
0,1031,1784881044.032377481,534,5.340000201,2.637253925,0.349049748,1.200000000,0.000136433
0,1031,1784881044.032377481,535,5.350000201,2.643568747,0.349207719,1.200000000,-0.000668925
0,1031,1784881044.032377481,536,5.360000201,2.649881633,0.349354311,1.200000000,-0.001492439
0,1031,1784881044.032377481,537,5.370000201,2.656192659,0.349489454,1.200000000,-0.002334195
0,1031,1784881044.032377481,538,5.380000201,2.662501898,0.349613077,1.200000000,-0.003194079
0,1031,1784881044.032377481,539,5.390000201,2.668809422,0.349725112,1.200000000,-0.004071946
0,1031,1784881044.032377481,540,5.400000201,2.675115302,0.349825491,1.200000000,-0.004967652
0,1031,1784881044.032377481,541,5.410000201,2.681419607,0.349914143,1.200000000,-0.005881051
0,1031,1784881044.032377481,542,5.420000201,2.687722405,0.349991001,1.200000000,-0.006811999
0,1031,1784881044.032377481,543,5.430000201,2.694023762,0.350055998,1.200000000,-0.007760349
0,1031,1784881044.032377481,544,5.440000201,2.700323743,0.350109065,1.200000000,-0.008725959
0,1031,1784881044.032377481,545,5.450000201,2.706622412,0.350150135,1.200000000,-0.009708681
0,1031,1784881044.032377481,546,5.460000201,2.712919832,0.350179142,1.200000000,-0.010708372
0,1031,1784881044.032377481,547,5.470000201,2.719216062,0.350196019,1.200000000,-0.011724887
0,1031,1784881044.032377481,548,5.480000201,2.725511161,0.350200700,1.200000000,-0.012758080
0,1031,1784881044.032377481,549,5.490000201,2.731805188,0.350193119,1.200000000,-0.013807806
0,1031,1784881044.032377481,550,5.500000201,2.738098198,0.350173211,1.200000000,-0.014873920
0,1031,1784881044.032377481,551,5.510000201,2.744390246,0.350140911,1.200000000,-0.015956278
0,1031,1784881044.032377481,552,5.520000201,2.750681385,0.350096154,1.200000000,-0.017054734
0,1031,1784881044.032377481,553,5.530000201,2.756971665,0.350038876,1.200000000,-0.018169143
0,1031,1784881044.032377481,554,5.540000201,2.763261138,0.349969014,1.200000000,-0.019299361
0,1031,1784881044.032377481,555,5.550000201,2.769549850,0.349886503,1.200000000,-0.020445242
0,1031,1784881044.032377481,556,5.560000201,2.775837849,0.349791281,1.200000000,-0.021606642
0,1031,1784881044.032377481,557,5.570000201,2.782125179,0.349683285,1.200000000,-0.022783415
0,1031,1784881044.032377481,558,5.580000201,2.788411884,0.349562454,1.200000000,-0.023975416
0,1031,1784881044.032377481,559,5.590000201,2.794698006,0.349428725,1.200000000,-0.025182500
0,1031,1784881044.032377481,560,5.600000201,2.800983584,0.349282037,1.200000000,-0.026404523
0,1031,1784881044.032377481,561,5.610000201,2.807268657,0.349122329,1.200000000,-0.027641339
0,1031,1784881044.032377481,562,5.620000201,2.813553261,0.348949542,1.200000000,-0.028892804
0,1031,1784881044.032377481,563,5.630000201,2.819837432,0.348763614,1.200000000,-0.030158771
0,1031,1784881044.032377481,564,5.640000201,2.826121203,0.348564486,1.200000000,-0.031439097
0,1031,1784881044.032377481,565,5.650000201,2.832404607,0.348352100,1.200000000,-0.032733637
0,1031,1784881044.032377481,566,5.660000201,2.838687672,0.348126397,1.200000000,-0.034042244
0,1031,1784881044.032377481,567,5.670000201,2.844970428,0.347887318,1.200000000,-0.035364775
0,1031,1784881044.032377481,568,5.680000201,2.851252901,0.347634806,1.200000000,-0.036701085
0,1031,1784881044.032377481,569,5.690000201,2.857535117,0.347368804,1.200000000,-0.038051027
0,1031,1784881044.032377481,570,5.700000201,2.863817098,0.347089255,1.200000000,-0.039414458
0,1031,1784881044.032377481,571,5.710000201,2.870098867,0.346796103,1.200000000,-0.040791232
0,1031,1784881044.032377481,572,5.720000201,2.876380445,0.346489292,1.200000000,-0.042181204
0,1031,1784881044.032377481,573,5.730000201,2.882661849,0.346168767,1.200000000,-0.043584230
0,1031,1784881044.032377481,574,5.740000201,2.888943096,0.345834473,1.200000000,-0.045000164
0,1031,1784881044.032377481,575,5.750000201,2.895224201,0.345486355,1.200000000,-0.046428861
0,1031,1784881044.032377481,576,5.760000201,2.901505179,0.345124361,1.200000000,-0.047870177
0,1031,1784881044.032377481,577,5.770000201,2.907786041,0.344748437,1.200000000,-0.049323966
0,1031,1784881044.032377481,578,5.780000201,2.914066798,0.344358531,1.200000000,-0.050790083
0,1031,1784881044.032377481,579,5.790000201,2.920347457,0.343954589,1.200000000,-0.052268383
0,1031,1784881044.032377481,580,5.800000201,2.926628027,0.343536561,1.200000000,-0.053758721
0,1031,1784881044.032377481,581,5.810000201,2.932908512,0.343104396,1.200000000,-0.055260953
0,1031,1784881044.032377481,582,5.820000201,2.939188917,0.342658043,1.200000000,-0.056774933
0,1031,1784881044.032377481,583,5.830000201,2.945469244,0.342197451,1.200000000,-0.058300517
0,1031,1784881044.032377481,584,5.840000201,2.951749494,0.341722573,1.200000000,-0.059837558
0,1031,1784881044.032377481,585,5.850000201,2.958029665,0.341233358,1.200000000,-0.061385913
0,1031,1784881044.032377481,586,5.860000201,2.964309756,0.340729758,1.200000000,-0.062945436
0,1031,1784881044.032377481,587,5.870000201,2.970589762,0.340211726,1.200000000,-0.064515982
0,1031,1784881044.032377481,588,5.880000201,2.976869678,0.339679214,1.200000000,-0.066097407
0,1031,1784881044.032377481,589,5.890000201,2.983149497,0.339132176,1.200000000,-0.067689564
0,1031,1784881044.032377481,590,5.900000201,2.989429210,0.338570566,1.200000000,-0.069292310
0,1031,1784881044.032377481,591,5.910000201,2.995708808,0.337994339,1.200000000,-0.070905500
0,1031,1784881044.032377481,592,5.920000201,3.001988279,0.337403448,1.200000000,-0.072528987
0,1031,1784881044.032377481,593,5.930000201,3.008267610,0.336797851,1.200000000,-0.074162628
0,1031,1784881044.032377481,594,5.940000201,3.014546786,0.336177504,1.200000000,-0.075806276
0,1031,1784881044.032377481,595,5.950000201,3.020825792,0.335542363,1.200000000,-0.077459789
0,1031,1784881044.032377481,596,5.960000201,3.027104611,0.334892386,1.200000000,-0.079123019
0,1031,1784881044.032377481,597,5.970000201,3.033383223,0.334227532,1.200000000,-0.080795822
0,1031,1784881044.032377481,598,5.980000201,3.039661609,0.333547758,1.200000000,-0.082478054
0,1031,1784881044.032377481,599,5.990000201,3.045939748,0.332853025,1.200000000,-0.084169569
0,1031,1784881044.032377481,600,6.000000201,3.052217616,0.332143292,1.200000000,-0.085870222
0,1031,1784881044.032377481,601,6.010000201,3.058495190,0.331418520,1.200000000,-0.087579868
0,1031,1784881044.032377481,602,6.020000201,3.064772443,0.330678670,1.200000000,-0.089298363
0,1031,1784881044.032377481,603,6.030000201,3.071049350,0.329923705,1.200000000,-0.091025560
0,1031,1784881044.032377481,604,6.040000201,3.077325883,0.329153587,1.200000000,-0.092761316
0,1031,1784881044.032377481,605,6.050000201,3.083602012,0.328368278,1.200000000,-0.094505485
0,1031,1784881044.032377481,606,6.060000201,3.089877706,0.327567744,1.200000000,-0.096257922
0,1031,1784881044.032377481,607,6.070000201,3.096152934,0.326751948,1.200000000,-0.098018483
0,1031,1784881044.032377481,608,6.080000201,3.102427663,0.325920855,1.200000000,-0.099787021
0,1031,1784881044.032377481,609,6.090000201,3.108701860,0.325074432,1.200000000,-0.101563393
0,1031,1784881044.032377481,610,6.100000201,3.114975487,0.324212645,1.200000000,-0.103347453
0,1031,1784881044.032377481,611,6.110000201,3.121248511,0.323335460,1.200000000,-0.105139056
0,1031,1784881044.032377481,612,6.120000201,3.127520892,0.322442847,1.200000000,-0.106938057
0,1031,1784881044.032377481,613,6.130000201,3.133792593,0.321534774,1.200000000,-0.108744311
0,1031,1784881044.032377481,614,6.140000201,3.140063573,0.320611209,1.200000000,-0.110557674
0,1031,1784881044.032377481,615,6.150000201,3.146333792,0.319672122,1.200000000,-0.112378000
0,1031,1784881044.032377481,616,6.160000201,3.152603209,0.318717485,1.200000000,-0.114205143
0,1031,1784881044.032377481,617,6.170000201,3.158871781,0.317747268,1.200000000,-0.116038960
0,1031,1784881044.032377481,618,6.180000201,3.165139463,0.316761444,1.200000000,-0.117879305
0,1031,1784881044.032377481,619,6.190000201,3.171406212,0.315759985,1.200000000,-0.119726034
0,1031,1784881044.032377481,620,6.200000201,3.177671982,0.314742865,1.200000000,-0.121579000
0,1031,1784881044.032377481,621,6.210000201,3.183936726,0.313710057,1.200000000,-0.123438060
0,1031,1784881044.032377481,622,6.220000201,3.190200397,0.312661537,1.200000000,-0.125303067
0,1031,1784881044.032377481,623,6.230000201,3.196462947,0.311597280,1.200000000,-0.127173878
0,1031,1784881044.032377481,624,6.240000201,3.202724328,0.310517263,1.200000000,-0.129050347
0,1031,1784881044.032377481,625,6.250000201,3.208984488,0.309421461,1.200000000,-0.130932329
0,1031,1784881044.032377481,626,6.260000201,3.215243379,0.308309854,1.200000000,-0.132819679
0,1031,1784881044.032377481,627,6.270000201,3.221500947,0.307182419,1.200000000,-0.134712252
0,1031,1784881044.032377481,628,6.280000201,3.227757142,0.306039136,1.200000000,-0.136609904
0,1031,1784881044.032377481,629,6.290000201,3.234011911,0.304879985,1.200000000,-0.138512488
0,1031,1784881044.032377481,630,6.300000201,3.240265200,0.303704946,1.200000000,-0.140419861
0,1031,1784881044.032377481,631,6.310000201,3.246516955,0.302514000,1.200000000,-0.142331876
0,1031,1784881044.032377481,632,6.320000201,3.252767121,0.301307131,1.200000000,-0.144248390
0,1031,1784881044.032377481,633,6.330000201,3.259015644,0.300084320,1.200000000,-0.146169257
0,1031,1784881044.032377481,634,6.340000201,3.265262467,0.298845552,1.200000000,-0.148094332
0,1031,1784881044.032377481,635,6.350000201,3.271507534,0.297590811,1.200000000,-0.150023470
0,1031,1784881044.032377481,636,6.360000201,3.277750789,0.296320081,1.200000000,-0.151956526
0,1031,1784881044.032377481,637,6.370000201,3.283992173,0.295033350,1.200000000,-0.153893355
0,1031,1784881044.032377481,638,6.380000201,3.290231630,0.293730604,1.200000000,-0.155833812
0,1031,1784881044.032377481,639,6.390000201,3.296469100,0.292411829,1.200000000,-0.157777753
0,1031,1784881044.032377481,640,6.400000201,3.302704526,0.291077016,1.200000000,-0.159725031
0,1031,1784881044.032377481,641,6.410000201,3.308937848,0.289726151,1.200000000,-0.161675503
0,1031,1784881044.032377481,642,6.420000201,3.315169006,0.288359226,1.200000000,-0.163629022
0,1031,1784881044.032377481,643,6.430000201,3.321397942,0.286976232,1.200000000,-0.165585445
0,1031,1784881044.032377481,644,6.440000201,3.327624595,0.285577158,1.200000000,-0.167544626
0,1031,1784881044.032377481,645,6.450000201,3.333848904,0.284161998,1.200000000,-0.169506419
0,1031,1784881044.032377481,646,6.460000201,3.340070811,0.282730744,1.200000000,-0.171470681
0,1031,1784881044.032377481,647,6.470000201,3.346290252,0.281283391,1.200000000,-0.173437266
0,1031,1784881044.032377481,648,6.480000201,3.352507169,0.279819932,1.200000000,-0.175406029
0,1031,1784881044.032377481,649,6.490000201,3.358721500,0.278340364,1.200000000,-0.177376825
0,1031,1784881044.032377481,650,6.500000201,3.364933183,0.276844681,1.200000000,-0.179349509
0,1031,1784881044.032377481,651,6.510000201,3.371142157,0.275332882,1.200000000,-0.181323936
0,1031,1784881044.032377481,652,6.520000201,3.377348361,0.273804964,1.200000000,-0.183299961
0,1031,1784881044.032377481,653,6.530000201,3.383551734,0.272260925,1.200000000,-0.185277439
0,1031,1784881044.032377481,654,6.540000201,3.389752214,0.270700765,1.200000000,-0.187256226
0,1031,1784881044.032377481,655,6.550000201,3.395949740,0.269124484,1.200000000,-0.189236175
0,1031,1784881044.032377481,656,6.560000201,3.402144251,0.267532083,1.200000000,-0.191217142
0,1031,1784881044.032377481,657,6.570000201,3.408335684,0.265923564,1.200000000,-0.193198982
0,1031,1784881044.032377481,658,6.580000201,3.414523979,0.264298929,1.200000000,-0.195181550
0,1031,1784881044.032377481,659,6.590000201,3.420709075,0.262658182,1.200000000,-0.197164702
0,1031,1784881044.032377481,660,6.600000201,3.426890910,0.261001327,1.200000000,-0.199148291
0,1031,1784881044.032377481,661,6.610000201,3.433069425,0.259328368,1.200000000,-0.201132173
0,1031,1784881044.032377481,662,6.620000201,3.439244557,0.257639313,1.200000000,-0.203116204
0,1031,1784881044.032377481,663,6.630000201,3.445416248,0.255934168,1.200000000,-0.205100237
0,1031,1784881044.032377481,664,6.640000201,3.451584436,0.254212939,1.200000000,-0.207084128
0,1031,1784881044.032377481,665,6.650000201,3.457749062,0.252475636,1.200000000,-0.209067732
0,1031,1784881044.032377481,666,6.660000201,3.463910066,0.250722268,1.200000000,-0.211050905
0,1031,1784881044.032377481,667,6.670000201,3.470067390,0.248952845,1.200000000,-0.213033500
0,1031,1784881044.032377481,668,6.680000201,3.476220973,0.247167377,1.200000000,-0.215015373
0,1031,1784881044.032377481,669,6.690000201,3.482370757,0.245365877,1.200000000,-0.216996380
0,1031,1784881044.032377481,670,6.700000201,3.488516685,0.243548356,1.200000000,-0.218976374
0,1031,1784881044.032377481,671,6.710000201,3.494658699,0.241714829,1.200000000,-0.220955211
0,1031,1784881044.032377481,672,6.720000201,3.500796740,0.239865309,1.200000000,-0.222932746
0,1031,1784881044.032377481,673,6.730000201,3.506930753,0.237999811,1.200000000,-0.224908834
0,1031,1784881044.032377481,674,6.740000201,3.513060682,0.236118351,1.200000000,-0.226883331
0,1031,1784881044.032377481,675,6.750000201,3.519186469,0.234220946,1.200000000,-0.228856090
0,1031,1784881044.032377481,676,6.760000201,3.525308061,0.232307614,1.200000000,-0.230826967
0,1031,1784881044.032377481,677,6.770000201,3.531425402,0.230378373,1.200000000,-0.232795817
0,1031,1784881044.032377481,678,6.780000201,3.537538438,0.228433241,1.200000000,-0.234762495
0,1031,1784881044.032377481,679,6.790000201,3.543647115,0.226472240,1.200000000,-0.236726856
0,1031,1784881044.032377481,680,6.800000201,3.549751382,0.224495389,1.200000000,-0.238688755
0,1031,1784881044.032377481,681,6.810000201,3.555851185,0.222502712,1.200000000,-0.240648046
0,1031,1784881044.032377481,682,6.820000201,3.561946473,0.220494229,1.200000000,-0.242604586
0,1031,1784881044.032377481,683,6.830000201,3.568037195,0.218469966,1.200000000,-0.244558229
0,1031,1784881044.032377481,684,6.840000201,3.574123302,0.216429945,1.200000000,-0.246508830
0,1031,1784881044.032377481,685,6.850000201,3.580204743,0.214374193,1.200000000,-0.248456243
0,1031,1784881044.032377481,686,6.860000201,3.586281470,0.212302734,1.200000000,-0.250400325
0,1031,1784881044.032377481,687,6.870000201,3.592353435,0.210215596,1.200000000,-0.252340929
0,1031,1784881044.032377481,688,6.880000201,3.598420591,0.208112807,1.200000000,-0.254277912
0,1031,1784881044.032377481,689,6.890000201,3.604482892,0.205994395,1.200000000,-0.256211127
0,1031,1784881044.032377481,690,6.900000201,3.610540293,0.203860389,1.200000000,-0.258140430
0,1031,1784881044.032377481,691,6.910000201,3.616592748,0.201710819,1.200000000,-0.260065676
0,1031,1784881044.032377481,692,6.920000201,3.622640215,0.199545717,1.200000000,-0.261986720
0,1031,1784881044.032377481,693,6.930000201,3.628682650,0.197365114,1.200000000,-0.263903417
0,1031,1784881044.032377481,694,6.940000201,3.634720012,0.195169043,1.200000000,-0.265815622
0,1031,1784881044.032377481,695,6.950000201,3.640752259,0.192957538,1.200000000,-0.267723190
0,1031,1784881044.032377481,696,6.960000201,3.646779352,0.190730632,1.200000000,-0.269625976
0,1031,1784881044.032377481,697,6.970000201,3.652801251,0.188488362,1.200000000,-0.271523834
0,1031,1784881044.032377481,698,6.980000201,3.658817919,0.186230762,1.200000000,-0.273416621
0,1031,1784881044.032377481,699,6.990000201,3.664829318,0.183957871,1.200000000,-0.275304190
0,1031,1784881044.032377481,700,7.000000201,3.670835413,0.181669725,1.200000000,-0.277186397
0,1031,1784881044.032377481,701,7.010000201,3.676836167,0.179366363,1.200000000,-0.279063098
0,1031,1784881044.032377481,702,7.020000201,3.682831548,0.177047825,1.200000000,-0.280934146
0,1031,1784881044.032377481,703,7.030000201,3.688821522,0.174714151,1.200000000,-0.282799396
0,1031,1784881044.032377481,704,7.040000201,3.694806058,0.172365381,1.200000000,-0.284658706
0,1031,1784881044.032377481,705,7.050000201,3.700785123,0.170001558,1.200000000,-0.286511986
0,1031,1784881044.032377481,706,7.060000201,3.706758689,0.167622725,1.200000000,-0.288359253
0,1031,1784881044.032377481,707,7.070000201,3.712726727,0.165228925,1.200000000,-0.290200530
0,1031,1784881044.032377481,708,7.080000201,3.718689209,0.162820202,1.200000000,-0.292035843
0,1031,1784881044.032377481,709,7.090000201,3.724646109,0.160396601,1.200000000,-0.293865219
0,1031,1784881044.032377481,710,7.100000201,3.730597401,0.157958169,1.200000000,-0.295688681
0,1031,1784881044.032377481,711,7.110000201,3.736543061,0.155504952,1.200000000,-0.297506256
0,1031,1784881044.032377481,712,7.120000201,3.742483066,0.153036997,1.200000000,-0.299317968
0,1031,1784881044.032377481,713,7.130000201,3.748417394,0.150554354,1.200000000,-0.301123843
0,1031,1784881044.032377481,714,7.140000201,3.754346024,0.148057072,1.200000000,-0.302923907
0,1031,1784881044.032377481,715,7.150000201,3.760268936,0.145545201,1.200000000,-0.304718184
0,1031,1784881044.032377481,716,7.160000201,3.766186112,0.143018790,1.200000000,-0.306506700
0,1031,1784881044.032377481,717,7.170000201,3.772097535,0.140477893,1.200000000,-0.308289480
0,1031,1784881044.032377481,718,7.180000201,3.778003188,0.137922562,1.200000000,-0.310066549
0,1031,1784881044.032377481,719,7.190000201,3.783903057,0.135352850,1.200000000,-0.311837934
0,1031,1784881044.032377481,720,7.200000201,3.789797127,0.132768810,1.200000000,-0.313603658
0,1031,1784881044.032377481,721,7.210000201,3.795685387,0.130170499,1.200000000,-0.315363749
0,1031,1784881044.032377481,722,7.220000201,3.801567824,0.127557971,1.200000000,-0.317118230
0,1031,1784881044.032377481,723,7.230000201,3.807444428,0.124931283,1.200000000,-0.318867127
0,1031,1784881044.032377481,724,7.240000201,3.813315191,0.122290493,1.200000000,-0.320610465
0,1031,1784881044.032377481,725,7.250000201,3.819180104,0.119635657,1.200000000,-0.322348270
0,1031,1784881044.032377481,726,7.260000201,3.825039161,0.116966836,1.200000000,-0.324080567
0,1031,1784881044.032377481,727,7.270000201,3.830892356,0.114284089,1.200000000,-0.325807382
0,1031,1784881044.032377481,728,7.280000201,3.836739686,0.111587476,1.200000000,-0.327528739
0,1031,1784881044.032377481,729,7.290000201,3.842581147,0.108877057,1.200000000,-0.329244665
0,1031,1784881044.032377481,730,7.300000201,3.848416737,0.106152896,1.200000000,-0.330955183
0,1031,1784881044.032377481,731,7.310000201,3.854246457,0.103415055,1.200000000,-0.332660321
0,1031,1784881044.032377481,732,7.320000201,3.860070305,0.100663597,1.200000000,-0.334360102
0,1031,1784881044.032377481,733,7.330000201,3.865888285,0.097898587,1.200000000,-0.336054552
0,1031,1784881044.032377481,734,7.340000201,3.871700398,0.095120089,1.200000000,-0.337743697
0,1031,1784881044.032377481,735,7.350000201,3.877506650,0.092328168,1.200000000,-0.339427562
0,1031,1784881044.032377481,736,7.360000201,3.883307046,0.089522893,1.200000000,-0.341106172
0,1031,1784881044.032377481,737,7.370000201,3.889101592,0.086704329,1.200000000,-0.342779553
0,1031,1784881044.032377481,738,7.380000201,3.894890296,0.083872544,1.200000000,-0.344447730
0,1031,1784881044.032377481,739,7.390000201,3.900673167,0.081027608,1.200000000,-0.346110727
0,1031,1784881044.032377481,740,7.400000201,3.906450215,0.078169590,1.200000000,-0.347768572
0,1031,1784881044.032377481,741,7.410000201,3.912221451,0.075298559,1.200000000,-0.349421288
0,1031,1784881044.032377481,742,7.420000201,3.917986888,0.072414588,1.200000000,-0.351068901
0,1031,1784881044.032377481,743,7.430000201,3.923746540,0.069517746,1.200000000,-0.352711436
0,1031,1784881044.032377481,744,7.440000201,3.929500420,0.066608107,1.200000000,-0.354348919
0,1031,1784881044.032377481,745,7.450000201,3.935248546,0.063685743,1.200000000,-0.355981376
0,1031,1784881044.032377481,746,7.460000201,3.940990934,0.060750728,1.200000000,-0.357608831
0,1031,1784881044.032377481,747,7.470000201,3.946727602,0.057803137,1.200000000,-0.359231309
0,1031,1784881044.032377481,748,7.480000201,3.952458570,0.054843045,1.200000000,-0.360848836
0,1031,1784881044.032377481,749,7.490000201,3.958183859,0.051870528,1.200000000,-0.362461438
0,1031,1784881044.032377481,750,7.500000201,3.963903489,0.048885661,1.200000000,-0.364069139
0,1031,1784881044.032377481,751,7.510000201,3.969617484,0.045888522,1.200000000,-0.365671966
0,1031,1784881044.032377481,752,7.520000201,3.975325867,0.042879190,1.200000000,-0.367269942
0,1031,1784881044.032377481,753,7.530000201,3.981028664,0.039857742,1.200000000,-0.368863094
0,1031,1784881044.032377481,754,7.540000201,3.986725900,0.036824258,1.200000000,-0.370451447
0,1031,1784881044.032377481,755,7.550000201,3.992417602,0.033778817,1.200000000,-0.372035027
0,1031,1784881044.032377481,756,7.560000201,3.998103798,0.030721501,1.200000000,-0.373613858
0,1031,1784881044.032377481,757,7.570000201,4.003784519,0.027652390,1.200000000,-0.375187965
0,1031,1784881044.032377481,758,7.580000201,4.009459793,0.024571566,1.200000000,-0.376757375
0,1031,1784881044.032377481,759,7.590000201,4.015129653,0.021479112,1.200000000,-0.378322112
0,1031,1784881044.032377481,760,7.600000201,4.020794130,0.018375111,1.200000000,-0.379882202
0,1031,1784881044.032377481,761,7.610000201,4.026453257,0.015259647,1.200000000,-0.381437671
0,1031,1784881044.032377481,762,7.620000201,4.032107070,0.012132803,1.200000000,-0.382988542
0,1031,1784881044.032377481,763,7.630000201,4.037755604,0.008994666,1.200000000,-0.384534843
0,1031,1784881044.032377481,764,7.640000201,4.043398894,0.005845320,1.200000000,-0.386076597
0,1031,1784881044.032377481,765,7.650000201,4.049036978,0.002684853,1.200000000,-0.387613831
0,1031,1784881044.032377481,766,7.660000201,4.054669894,-0.000486650,1.200000000,-0.389146570
0,1031,1784881044.032377481,767,7.670000201,4.060297681,-0.003669100,1.200000000,-0.390674838
0,1031,1784881044.032377481,768,7.680000201,4.065920380,-0.006862410,1.200000000,-0.392198662
0,1031,1784881044.032377481,769,7.690000201,4.071538031,-0.010066491,1.200000000,-0.393718066
0,1031,1784881044.032377481,770,7.700000201,4.077150677,-0.013281253,1.200000000,-0.395233077
0,1031,1784881044.032377481,771,7.710000201,4.082758360,-0.016506607,1.200000000,-0.396743719
0,1031,1784881044.032377481,772,7.720000201,4.088361124,-0.019742462,1.200000000,-0.398250017
0,1031,1784881044.032377481,773,7.730000201,4.093959012,-0.022988727,1.200000000,-0.399751997
0,1031,1784881044.032377481,774,7.740000201,4.099552072,-0.026245311,1.200000000,-0.401249685
0,1031,1784881044.032377481,775,7.750000201,4.105140349,-0.029512121,1.200000000,-0.402743105
0,1031,1784881044.032377481,776,7.760000201,4.110723889,-0.032789064,1.200000000,-0.404232283
0,1031,1784881044.032377481,777,7.770000201,4.116302742,-0.036076048,1.200000000,-0.405717244
0,1031,1784881044.032377481,778,7.780000201,4.121876955,-0.039372979,1.200000000,-0.407198013
0,1031,1784881044.032377481,779,7.790000201,4.127446578,-0.042679762,1.200000000,-0.408674616
0,1031,1784881044.032377481,780,7.800000201,4.133011660,-0.045996302,1.200000000,-0.410147079
0,1031,1784881044.032377481,781,7.810000201,4.138572254,-0.049322504,1.200000000,-0.411615426
0,1031,1784881044.032377481,782,7.820000201,4.144128411,-0.052658271,1.200000000,-0.413079682
0,1031,1784881044.032377481,783,7.830000201,4.149680182,-0.056003508,1.200000000,-0.414539874
0,1031,1784881044.032377481,784,7.840000201,4.155227622,-0.059358118,1.200000000,-0.415996026
0,1031,1784881044.032377481,785,7.850000201,4.160770784,-0.062722002,1.200000000,-0.417448164
0,1031,1784881044.032377481,786,7.860000201,4.166309721,-0.066095063,1.200000000,-0.418896313
0,1031,1784881044.032377481,787,7.870000201,4.171844490,-0.069477203,1.200000000,-0.420340498
0,1031,1784881044.032377481,788,7.880000201,4.177375146,-0.072868322,1.200000000,-0.421780744
0,1031,1784881044.032377481,789,7.890000201,4.182901745,-0.076268320,1.200000000,-0.423217078
0,1031,1784881044.032377481,790,7.900000201,4.188424345,-0.079677099,1.200000000,-0.424649524
0,1031,1784881044.032377481,791,7.910000201,4.193943002,-0.083094557,1.200000000,-0.426078108
0,1031,1784881044.032377481,792,7.920000201,4.199457775,-0.086520593,1.200000000,-0.427502854
0,1031,1784881044.032377481,793,7.930000201,4.204968722,-0.089955107,1.200000000,-0.428923789
0,1031,1784881044.032377481,794,7.940000201,4.210475903,-0.093397996,1.200000000,-0.430340937
0,1031,1784881044.032377481,795,7.950000201,4.215979377,-0.096849158,1.200000000,-0.431754324
0,1031,1784881044.032377481,796,7.960000201,4.221479204,-0.100308491,1.200000000,-0.433163976
0,1031,1784881044.032377481,797,7.970000201,4.226975444,-0.103775890,1.200000000,-0.434569916
0,1031,1784881044.032377481,798,7.980000201,4.232468160,-0.107251254,1.200000000,-0.435972172
0,1031,1784881044.032377481,799,7.990000201,4.237957412,-0.110734477,1.200000000,-0.437370768
0,1031,1784881044.032377481,800,8.000000201,4.243443263,-0.114225455,1.200000000,-0.438765729
0,1031,1784881044.032377481,801,8.010000201,4.248925774,-0.117724083,1.200000000,-0.440157081
0,1031,1784881044.032377481,802,8.020000201,4.254405009,-0.121230257,1.200000000,-0.441544849
0,1031,1784881044.032377481,803,8.030000201,4.259881031,-0.124743869,1.200000000,-0.442929058
0,1031,1784881044.032377481,804,8.040000201,4.265353902,-0.128264816,1.200000000,-0.444309734
0,1031,1784881044.032377481,805,8.050000201,4.270823687,-0.131792989,1.200000000,-0.445686902
0,1031,1784881044.032377481,806,8.060000201,4.276290450,-0.135328282,1.200000000,-0.447060587
0,1031,1784881044.032377481,807,8.070000201,4.281754255,-0.138870588,1.200000000,-0.448430815
0,1031,1784881044.032377481,808,8.080000201,4.287215168,-0.142419799,1.200000000,-0.449797612
0,1031,1784881044.032377481,809,8.090000201,4.292673252,-0.145975808,1.200000000,-0.451161001
0,1031,1784881044.032377481,810,8.100000201,4.298128573,-0.149538506,1.200000000,-0.452521009
0,1031,1784881044.032377481,811,8.110000201,4.303581197,-0.153107784,1.200000000,-0.453877661
0,1031,1784881044.032377481,812,8.120000201,4.309031189,-0.156683533,1.200000000,-0.455230982
0,1031,1784881044.032377481,813,8.130000201,4.314478614,-0.160265645,1.200000000,-0.456580997
0,1031,1784881044.032377481,814,8.140000201,4.319923540,-0.163854009,1.200000000,-0.457927733
0,1031,1784881044.032377481,815,8.150000201,4.325366031,-0.167448516,1.200000000,-0.459271213
0,1031,1784881044.032377481,816,8.160000201,4.330806154,-0.171049054,1.200000000,-0.460611464
0,1031,1784881044.032377481,817,8.170000201,4.336243976,-0.174655514,1.200000000,-0.461948511
0,1031,1784881044.032377481,818,8.180000201,4.341679562,-0.178267784,1.200000000,-0.463282379
0,1031,1784881044.032377481,819,8.190000201,4.347112980,-0.181885754,1.200000000,-0.464613094
0,1031,1784881044.032377481,820,8.200000201,4.352544296,-0.185509311,1.200000000,-0.465940680
0,1031,1784881044.032377481,821,8.210000201,4.357973576,-0.189138344,1.200000000,-0.467265163
0,1031,1784881044.032377481,822,8.220000201,4.363400887,-0.192772741,1.200000000,-0.468586569
0,1031,1784881044.032377481,823,8.230000201,4.368826296,-0.196412389,1.200000000,-0.469904922
0,1031,1784881044.032377481,824,8.240000201,4.374249869,-0.200057175,1.200000000,-0.471220249
0,1031,1784881044.032377481,825,8.250000201,4.379671673,-0.203706987,1.200000000,-0.472532574
0,1031,1784881044.032377481,826,8.260000201,4.385091773,-0.207361712,1.200000000,-0.473841922
0,1031,1784881044.032377481,827,8.270000201,4.390510238,-0.211021235,1.200000000,-0.475148319
0,1031,1784881044.032377481,828,8.280000201,4.395927132,-0.214685444,1.200000000,-0.476451791
0,1031,1784881044.032377481,829,8.290000201,4.401342522,-0.218354224,1.200000000,-0.477752362
0,1031,1784881044.032377481,830,8.300000201,4.406756475,-0.222027461,1.200000000,-0.479050059
0,1031,1784881044.032377481,831,8.310000201,4.412169055,-0.225705040,1.200000000,-0.480344905
0,1031,1784881044.032377481,832,8.320000201,4.417580329,-0.229386848,1.200000000,-0.481636927
0,1031,1784881044.032377481,833,8.330000201,4.422990363,-0.233072769,1.200000000,-0.482926150
0,1031,1784881044.032377481,834,8.340000201,4.428399220,-0.236762688,1.200000000,-0.484212599
0,1031,1784881044.032377481,835,8.350000201,4.433806968,-0.240456489,1.200000000,-0.485496299
0,1031,1784881044.032377481,836,8.360000201,4.439213670,-0.244154058,1.200000000,-0.486777277
0,1031,1784881044.032377481,837,8.370000201,4.444619391,-0.247855278,1.200000000,-0.488055556
0,1031,1784881044.032377481,838,8.380000201,4.450024196,-0.251560034,1.200000000,-0.489331163
0,1031,1784881044.032377481,839,8.390000201,4.455428148,-0.255268210,1.200000000,-0.490604123
0,1031,1784881044.032377481,840,8.400000201,4.460831311,-0.258979689,1.200000000,-0.491874461
0,1031,1784881044.032377481,841,8.410000201,4.466233749,-0.262694355,1.200000000,-0.493142202
0,1031,1784881044.032377481,842,8.420000201,4.471635525,-0.266412092,1.200000000,-0.494407372
0,1031,1784881044.032377481,843,8.430000201,4.477036701,-0.270132782,1.200000000,-0.495669996
0,1031,1784881044.032377481,844,8.440000201,4.482437340,-0.273856309,1.200000000,-0.496930099
0,1031,1784881044.032377481,845,8.450000201,4.487837503,-0.277582556,1.200000000,-0.498187707
0,1031,1784881044.032377481,846,8.460000201,4.493237251,-0.281311405,1.200000000,-0.499442844
0,1031,1784881044.032377481,847,8.470000201,4.498636647,-0.285042740,1.200000000,-0.500695538
0,1031,1784881044.032377481,848,8.480000201,4.504035751,-0.288776443,1.200000000,-0.501945811
0,1031,1784881044.032377481,849,8.490000201,4.509434622,-0.292512396,1.200000000,-0.503193691
0,1031,1784881044.032377481,850,8.500000201,4.514833321,-0.296250481,1.200000000,-0.504439202
0,1031,1784881044.032377481,851,8.510000201,4.520231906,-0.299990582,1.200000000,-0.505682369
0,1031,1784881044.032377481,852,8.520000201,4.525630436,-0.303732579,1.200000000,-0.506923219
0,1031,1784881044.032377481,853,8.530000201,4.531028970,-0.307476356,1.200000000,-0.508161775
0,1031,1784881044.032377481,854,8.540000201,4.536427564,-0.311221793,1.200000000,-0.509398064
0,1031,1784881044.032377481,855,8.550000201,4.541826276,-0.314968773,1.200000000,-0.510632111
0,1031,1784881044.032377481,856,8.560000201,4.547225162,-0.318717177,1.200000000,-0.511863941
0,1031,1784881044.032377481,857,8.570000201,4.552624278,-0.322466888,1.200000000,-0.513093579
0,1031,1784881044.032377481,858,8.580000201,4.558023680,-0.326217786,1.200000000,-0.514321052
0,1031,1784881044.032377481,859,8.590000201,4.563423421,-0.329969753,1.200000000,-0.515546383
0,1031,1784881044.032377481,860,8.600000201,4.568823556,-0.333722671,1.200000000,-0.516769598
0,1031,1784881044.032377481,861,8.610000201,4.574224138,-0.337476421,1.200000000,-0.517990724
0,1031,1784881044.032377481,862,8.620000201,4.579625220,-0.341230884,1.200000000,-0.519209784
0,1031,1784881044.032377481,863,8.630000201,4.585026853,-0.344985942,1.200000000,-0.520426805
0,1031,1784881044.032377481,864,8.640000201,4.590429090,-0.348741476,1.200000000,-0.521641811
0,1031,1784881044.032377481,865,8.650000201,4.595831980,-0.352497367,1.200000000,-0.522854829
0,1031,1784881044.032377481,866,8.660000201,4.601235573,-0.356253497,1.200000000,-0.524065882
0,1031,1784881044.032377481,867,8.670000201,4.606639919,-0.360009745,1.200000000,-0.525274998
0,1031,1784881044.032377481,868,8.680000201,4.612045065,-0.363765995,1.200000000,-0.526482200
0,1031,1784881044.032377481,869,8.690000201,4.617451060,-0.367522126,1.200000000,-0.527687514
0,1031,1784881044.032377481,870,8.700000201,4.622857950,-0.371278020,1.200000000,-0.528890966
0,1031,1784881044.032377481,871,8.710000201,4.628265782,-0.375033558,1.200000000,-0.530092581
0,1031,1784881044.032377481,872,8.720000201,4.633674600,-0.378788621,1.200000000,-0.531292384
0,1031,1784881044.032377481,873,8.730000201,4.639084450,-0.382543090,1.200000000,-0.532490401
0,1031,1784881044.032377481,874,8.740000201,4.644495374,-0.386296847,1.200000000,-0.533686656
0,1031,1784881044.032377481,875,8.750000201,4.649907415,-0.390049772,1.200000000,-0.534881176
0,1031,1784881044.032377481,876,8.760000201,4.655320617,-0.393801746,1.200000000,-0.536073985
0,1031,1784881044.032377481,877,8.770000201,4.660735018,-0.397552652,1.200000000,-0.537265108
0,1031,1784881044.032377481,878,8.780000201,4.666150661,-0.401302370,1.200000000,-0.538454572
0,1031,1784881044.032377481,879,8.790000201,4.671567584,-0.405050781,1.200000000,-0.539642402
0,1031,1784881044.032377481,880,8.800000201,4.676985826,-0.408797766,1.200000000,-0.540828621
0,1031,1784881044.032377481,881,8.810000201,4.682405425,-0.412543208,1.200000000,-0.542013257
0,1031,1784881044.032377481,882,8.820000201,4.687826416,-0.416286987,1.200000000,-0.543196335
0,1031,1784881044.032377481,883,8.830000201,4.693248837,-0.420028984,1.200000000,-0.544377879
0,1031,1784881044.032377481,884,8.840000201,4.698672722,-0.423769082,1.200000000,-0.545557915
0,1031,1784881044.032377481,885,8.850000201,4.704098105,-0.427507162,1.200000000,-0.546736468
0,1031,1784881044.032377481,886,8.860000201,4.709525019,-0.431243105,1.200000000,-0.547913564
0,1031,1784881044.032377481,887,8.870000201,4.714953496,-0.434976794,1.200000000,-0.549089228
0,1031,1784881044.032377481,888,8.880000201,4.720383568,-0.438708109,1.200000000,-0.550263485
0,1031,1784881044.032377481,889,8.890000201,4.725815264,-0.442436933,1.200000000,-0.551436360
0,1031,1784881044.032377481,890,8.900000201,4.731248614,-0.446163147,1.200000000,-0.552607880
0,1031,1784881044.032377481,891,8.910000201,4.736683647,-0.449886635,1.200000000,-0.553778069
0,1031,1784881044.032377481,892,8.920000201,4.742120390,-0.453607277,1.200000000,-0.554946952
0,1031,1784881044.032377481,893,8.930000201,4.747558868,-0.457324956,1.200000000,-0.556114555
0,1031,1784881044.032377481,894,8.940000201,4.752999108,-0.461039555,1.200000000,-0.557280903
0,1031,1784881044.032377481,895,8.950000201,4.758441134,-0.464750955,1.200000000,-0.558446022
0,1031,1784881044.032377481,896,8.960000201,4.763884969,-0.468459040,1.200000000,-0.559609936
0,1031,1784881044.032377481,897,8.970000201,4.769330637,-0.472163691,1.200000000,-0.560772671
0,1031,1784881044.032377481,898,8.980000201,4.774778157,-0.475864792,1.200000000,-0.561934253
0,1031,1784881044.032377481,899,8.990000201,4.780227551,-0.479562225,1.200000000,-0.563094707
0,1031,1784881044.032377481,900,9.000000201,4.785678839,-0.483255874,1.200000000,-0.564254058
0,1031,1784881044.032377481,901,9.010000201,4.791132038,-0.486945621,1.200000000,-0.565412331
0,1031,1784881044.032377481,902,9.020000201,4.796587166,-0.490631351,1.200000000,-0.566569551
0,1031,1784881044.032377481,903,9.030000201,4.802044240,-0.494312945,1.200000000,-0.567725745
0,1031,1784881044.032377481,904,9.040000201,4.807503275,-0.497990288,1.200000000,-0.568880937
0,1031,1784881044.032377481,905,9.050000201,4.812964286,-0.501663263,1.200000000,-0.570035152
0,1031,1784881044.032377481,906,9.060000201,4.818427286,-0.505331754,1.200000000,-0.571188417
0,1031,1784881044.032377481,907,9.070000201,4.823892286,-0.508995645,1.200000000,-0.572340756
0,1031,1784881044.032377481,908,9.080000201,4.829359300,-0.512654820,1.200000000,-0.573492194
0,1031,1784881044.032377481,909,9.090000201,4.834828337,-0.516309164,1.200000000,-0.574642757
0,1031,1784881044.032377481,910,9.100000201,4.840299407,-0.519958560,1.200000000,-0.575792470
0,1031,1784881044.032377481,911,9.110000201,4.845772518,-0.523602893,1.200000000,-0.576941359
0,1031,1784881044.032377481,912,9.120000201,4.851247677,-0.527242048,1.200000000,-0.578089449
0,1031,1784881044.032377481,913,9.130000201,4.856724891,-0.530875910,1.200000000,-0.579236765
0,1031,1784881044.032377481,914,9.140000201,4.862204166,-0.534504363,1.200000000,-0.580383332
0,1031,1784881044.032377481,915,9.150000201,4.867685505,-0.538127294,1.200000000,-0.581529176
0,1031,1784881044.032377481,916,9.160000201,4.873168913,-0.541744586,1.200000000,-0.582674323
0,1031,1784881044.032377481,917,9.170000201,4.878654392,-0.545356127,1.200000000,-0.583818796
0,1031,1784881044.032377481,918,9.180000201,4.884141942,-0.548961801,1.200000000,-0.584962622
0,1031,1784881044.032377481,919,9.190000201,4.889631566,-0.552561494,1.200000000,-0.586105827
0,1031,1784881044.032377481,920,9.200000201,4.895123262,-0.556155093,1.200000000,-0.587248435
0,1031,1784881044.032377481,921,9.210000201,4.900617029,-0.559742484,1.200000000,-0.588390471
0,1031,1784881044.032377481,922,9.220000201,4.906112864,-0.563323552,1.200000000,-0.589531953
0,1031,1784881044.032377481,923,9.230000201,4.911610765,-0.566898186,1.200000000,-0.590672703
0,1031,1784881044.032377481,924,9.240000201,4.917110727,-0.570466270,1.200000000,-0.591812338
0,1031,1784881044.032377481,925,9.250000201,4.922612745,-0.574027694,1.200000000,-0.592950466
0,1031,1784881044.032377481,926,9.260000201,4.928116814,-0.577582343,1.200000000,-0.594086696
0,1031,1784881044.032377481,927,9.270000201,4.933622925,-0.581130105,1.200000000,-0.595220635
0,1031,1784881044.032377481,928,9.280000201,4.939131072,-0.584670868,1.200000000,-0.596351893
0,1031,1784881044.032377481,929,9.290000201,4.944641245,-0.588204519,1.200000000,-0.597480076
0,1031,1784881044.032377481,930,9.300000201,4.950153435,-0.591730947,1.200000000,-0.598604794
0,1031,1784881044.032377481,931,9.310000201,4.955667632,-0.595250039,1.200000000,-0.599725654
0,1031,1784881044.032377481,932,9.320000201,4.961183823,-0.598761684,1.200000000,-0.600842266
0,1031,1784881044.032377481,933,9.330000201,4.966701998,-0.602265770,1.200000000,-0.601954236
0,1031,1784881044.032377481,934,9.340000201,4.972222143,-0.605762186,1.200000000,-0.603061174
0,1031,1784881044.032377481,935,9.350000201,4.977744244,-0.609250822,1.200000000,-0.604162687
0,1031,1784881044.032377481,936,9.360000201,4.983268287,-0.612731566,1.200000000,-0.605258384
0,1031,1784881044.032377481,937,9.370000201,4.988794256,-0.616204308,1.200000000,-0.606347872
0,1031,1784881044.032377481,938,9.380000201,4.994322136,-0.619668937,1.200000000,-0.607430761
0,1031,1784881044.032377481,939,9.390000201,4.999851909,-0.623125342,1.200000000,-0.608506658
0,1031,1784881044.032377481,940,9.400000201,5.005383557,-0.626573415,1.200000000,-0.609575172
0,1031,1784881044.032377481,941,9.410000201,5.010917063,-0.630013046,1.200000000,-0.610635910
0,1031,1784881044.032377481,942,9.420000201,5.016452408,-0.633444124,1.200000000,-0.611688482
0,1031,1784881044.032377481,943,9.430000201,5.021989570,-0.636866540,1.200000000,-0.612732495
0,1031,1784881044.032377481,944,9.440000201,5.027528531,-0.640280185,1.200000000,-0.613767557
0,1031,1784881044.032377481,945,9.450000201,5.033069270,-0.643684951,1.200000000,-0.614793277
0,1031,1784881044.032377481,946,9.460000201,5.038611763,-0.647080727,1.200000000,-0.615809263
0,1031,1784881044.032377481,947,9.470000201,5.044155990,-0.650467407,1.200000000,-0.616815122
0,1031,1784881044.032377481,948,9.480000201,5.049701926,-0.653844882,1.200000000,-0.617810465
0,1031,1784881044.032377481,949,9.490000201,5.055249550,-0.657213043,1.200000000,-0.618794897
0,1031,1784881044.032377481,950,9.500000201,5.060798835,-0.660571782,1.200000000,-0.619768029
0,1031,1784881044.032377481,951,9.510000201,5.066349759,-0.663920993,1.200000000,-0.620729467
0,1031,1784881044.032377481,952,9.520000201,5.071902295,-0.667260566,1.200000000,-0.621678821
0,1031,1784881044.032377481,953,9.530000201,5.077456418,-0.670590397,1.200000000,-0.622615698
0,1031,1784881044.032377481,954,9.540000201,5.083012102,-0.673910376,1.200000000,-0.623539707
0,1031,1784881044.032377481,955,9.550000201,5.088569320,-0.677220398,1.200000000,-0.624450455
0,1031,1784881044.032377481,956,9.560000201,5.094128045,-0.680520355,1.200000000,-0.625347552
0,1031,1784881044.032377481,957,9.570000201,5.099688249,-0.683810143,1.200000000,-0.626230605
0,1031,1784881044.032377481,958,9.580000201,5.105249905,-0.687089653,1.200000000,-0.627099222
0,1031,1784881044.032377481,959,9.590000201,5.110812984,-0.690358781,1.200000000,-0.627953013
0,1031,1784881044.032377481,960,9.600000201,5.116377458,-0.693617420,1.200000000,-0.628791584
0,1031,1784881044.032377481,961,9.610000201,5.121943296,-0.696865466,1.200000000,-0.629614544
0,1031,1784881044.032377481,962,9.620000201,5.127510471,-0.700102812,1.200000000,-0.630421502
0,1031,1784881044.032377481,963,9.630000201,5.133078952,-0.703329355,1.200000000,-0.631212065
0,1031,1784881044.032377481,964,9.640000201,5.138648708,-0.706544988,1.200000000,-0.631985842
0,1031,1784881044.032377481,965,9.650000201,5.144219711,-0.709749608,1.200000000,-0.632742441
0,1031,1784881044.032377481,966,9.660000201,5.149791929,-0.712943109,1.200000000,-0.633481471
0,1031,1784881044.032377481,967,9.670000201,5.155365332,-0.716125389,1.200000000,-0.634202539
0,1031,1784881044.032377481,968,9.680000201,5.160939888,-0.719296342,1.200000000,-0.634905253
0,1031,1784881044.032377481,969,9.690000201,5.166515567,-0.722455865,1.200000000,-0.635589223
0,1031,1784881044.032377481,970,9.700000201,5.172092338,-0.725603855,1.200000000,-0.636254055
0,1031,1784881044.032377481,971,9.710000201,5.177670168,-0.728740208,1.200000000,-0.636899359
0,1031,1784881044.032377481,972,9.720000201,5.183249026,-0.731864821,1.200000000,-0.637524743
0,1031,1784881044.032377481,973,9.730000201,5.188828881,-0.734977592,1.200000000,-0.638129815
0,1031,1784881044.032377481,974,9.740000201,5.194409701,-0.738078417,1.200000000,-0.638714182
0,1031,1784881044.032377481,975,9.750000201,5.199991454,-0.741167195,1.200000000,-0.639277454
0,1031,1784881044.032377481,976,9.760000201,5.205574108,-0.744243822,1.200000000,-0.639819238
0,1031,1784881044.032377481,977,9.770000201,5.211157632,-0.747308198,1.200000000,-0.640339143
0,1031,1784881044.032377481,978,9.780000201,5.216741994,-0.750360220,1.200000000,-0.640836776
0,1031,1784881044.032377481,979,9.790000201,5.222327162,-0.753399787,1.200000000,-0.641311747
0,1031,1784881044.032377481,980,9.800000201,5.227913105,-0.756426798,1.200000000,-0.641763663
0,1031,1784881044.032377481,981,9.810000201,5.233499790,-0.759441151,1.200000000,-0.642192133
0,1031,1784881044.032377481,982,9.820000201,5.239087187,-0.762442746,1.200000000,-0.642596764
0,1031,1784881044.032377481,983,9.830000201,5.244675264,-0.765431482,1.200000000,-0.642977166
0,1031,1784881044.032377481,984,9.840000201,5.250263990,-0.768407258,1.200000000,-0.643332945
0,1031,1784881044.032377481,985,9.850000201,5.255853333,-0.771369975,1.200000000,-0.643663711
0,1031,1784881044.032377481,986,9.860000201,5.261443264,-0.774319533,1.200000000,-0.643969072
0,1031,1784881044.032377481,987,9.870000201,5.267033751,-0.777255832,1.200000000,-0.644248636
0,1031,1784881044.032377481,988,9.880000201,5.272624765,-0.780178772,1.200000000,-0.644502010
0,1031,1784881044.032377481,989,9.890000201,5.278216274,-0.783088254,1.200000000,-0.644728804
0,1031,1784881044.032377481,990,9.900000201,5.283808250,-0.785984179,1.200000000,-0.644928626
0,1031,1784881044.032377481,991,9.910000201,5.289400662,-0.788866449,1.200000000,-0.645101083
0,1031,1784881044.032377481,992,9.920000201,5.294993482,-0.791734965,1.200000000,-0.645245784
0,1031,1784881044.032377481,993,9.930000201,5.300586680,-0.794589628,1.200000000,-0.645362338
0,1031,1784881044.032377481,994,9.940000201,5.306180229,-0.797430341,1.200000000,-0.645450351
0,1031,1784881044.032377481,995,9.950000201,5.311774100,-0.800257005,1.200000000,-0.645509434
0,1031,1784881044.032377481,996,9.960000201,5.317368265,-0.803069523,1.200000000,-0.645539193
0,1031,1784881044.032377481,997,9.970000201,5.322962697,-0.805867798,1.200000000,-0.645539237
0,1031,1784881044.032377481,998,9.980000201,5.328557370,-0.808651733,1.200000000,-0.645509175
0,1031,1784881044.032377481,999,9.990000201,5.334152258,-0.811421230,1.200000000,-0.645448614
0,1031,1784881044.032377481,1000,10.000000201,5.339747333,-0.814176194,1.200000000,-0.645357162
0,1031,1784881044.032377481,1001,10.010000201,5.345342572,-0.816916527,1.200000000,-0.645234429
0,1031,1784881044.032377481,1002,10.020000201,5.350937949,-0.819642133,1.200000000,-0.645080022
0,1031,1784881044.032377481,1003,10.030000201,5.356533440,-0.822352918,1.200000000,-0.644893549
0,1031,1784881044.032377481,1004,10.040000201,5.362129021,-0.825048784,1.200000000,-0.644674619
0,1031,1784881044.032377481,1005,10.050000201,5.367724670,-0.827729637,1.200000000,-0.644422839
0,1031,1784881044.032377481,1006,10.060000201,5.373320365,-0.830395381,1.200000000,-0.644137819
0,1031,1784881044.032377481,1007,10.070000201,5.378916082,-0.833045923,1.200000000,-0.643819166
0,1031,1784881044.032377481,1008,10.080000201,5.384511801,-0.835681166,1.200000000,-0.643466488
0,1031,1784881044.032377481,1009,10.090000201,5.390107502,-0.838301016,1.200000000,-0.643079394
0,1031,1784881044.032377481,1010,10.100000201,5.395703165,-0.840905380,1.200000000,-0.642657492
0,1031,1784881044.032377481,1011,10.110000201,5.401298770,-0.843494164,1.200000000,-0.642200390
0,1031,1784881044.032377481,1012,10.120000201,5.406894300,-0.846067275,1.200000000,-0.641707696
0,1031,1784881044.032377481,1013,10.130000201,5.412489737,-0.848624617,1.200000000,-0.641179019
0,1031,1784881044.032377481,1014,10.140000201,5.418085063,-0.851166100,1.200000000,-0.640613966
0,1031,1784881044.032377481,1015,10.150000201,5.423680263,-0.853691630,1.200000000,-0.640012147
0,1031,1784881044.032377481,1016,10.160000201,5.429275322,-0.856201114,1.200000000,-0.639373169
0,1031,1784881044.032377481,1017,10.170000201,5.434870224,-0.858694461,1.200000000,-0.638696640
0,1031,1784881044.032377481,1018,10.180000201,5.440464957,-0.861171579,1.200000000,-0.637982169
0,1031,1784881044.032377481,1019,10.190000201,5.446059507,-0.863632375,1.200000000,-0.637229364
0,1031,1784881044.032377481,1020,10.200000201,5.451653862,-0.866076759,1.200000000,-0.636437833
0,1031,1784881044.032377481,1021,10.210000201,5.457248012,-0.868504639,1.200000000,-0.635607184
0,1031,1784881044.032377481,1022,10.220000201,5.462841945,-0.870915925,1.200000000,-0.634737026
0,1031,1784881044.032377481,1023,10.230000201,5.468435653,-0.873310527,1.200000000,-0.633826966
0,1031,1784881044.032377481,1024,10.240000201,5.474029126,-0.875688353,1.200000000,-0.632876614
0,1031,1784881044.032377481,1025,10.250000201,5.479622358,-0.878049315,1.200000000,-0.631885576
0,1031,1784881044.032377481,1026,10.260000201,5.485215342,-0.880393323,1.200000000,-0.630853462
0,1031,1784881044.032377481,1027,10.270000201,5.490808072,-0.882720288,1.200000000,-0.629779880
0,1031,1784881044.032377481,1028,10.280000201,5.496400543,-0.885030120,1.200000000,-0.628664438
0,1031,1784881044.032377481,1029,10.290000201,5.501992751,-0.887322732,1.200000000,-0.627506743
0,1031,1784881044.032377481,1030,10.300000201,5.507584695,-0.889598035,1.200000000,-0.626306405
0,1031,1784881044.032377481,1031,10.310000201,5.513176371,-0.891855941,1.200000000,-0.625063031
0,1031,1784881044.032377481,1032,10.320000201,5.518767779,-0.894096362,1.200000000,-0.623776230
0,1031,1784881044.032377481,1033,10.330000201,5.524358919,-0.896319212,1.200000000,-0.622445610
0,1031,1784881044.032377481,1034,10.340000201,5.529949792,-0.898524403,1.200000000,-0.621070780
0,1031,1784881044.032377481,1035,10.350000201,5.535540401,-0.900711849,1.200000000,-0.619651346
0,1031,1784881044.032377481,1036,10.360000201,5.541130748,-0.902881464,1.200000000,-0.618186918
0,1031,1784881044.032377481,1037,10.370000201,5.546720838,-0.905033163,1.200000000,-0.616677104
0,1031,1784881044.032377481,1038,10.380000201,5.552310677,-0.907166859,1.200000000,-0.615121512
0,1031,1784881044.032377481,1039,10.390000201,5.557900269,-0.909282467,1.200000000,-0.613519750
0,1031,1784881044.032377481,1040,10.400000201,5.563489624,-0.911379903,1.200000000,-0.611871427
0,1031,1784881044.032377481,1041,10.410000201,5.569078749,-0.913459083,1.200000000,-0.610176150
0,1031,1784881044.032377481,1042,10.420000201,5.574667653,-0.915519923,1.200000000,-0.608433529
0,1031,1784881044.032377481,1043,10.430000201,5.580256348,-0.917562339,1.200000000,-0.606643170
0,1031,1784881044.032377481,1044,10.440000201,5.585844845,-0.919586249,1.200000000,-0.604804683
0,1031,1784881044.032377481,1045,10.450000201,5.591433156,-0.921591568,1.200000000,-0.602917675
0,1031,1784881044.032377481,1046,10.460000201,5.597021295,-0.923578216,1.200000000,-0.600981755
0,1031,1784881044.032377481,1047,10.470000201,5.602609277,-0.925546111,1.200000000,-0.598996531
0,1031,1784881044.032377481,1048,10.480000201,5.608197119,-0.927495171,1.200000000,-0.596961611
0,1031,1784881044.032377481,1049,10.490000201,5.613784836,-0.929425314,1.200000000,-0.594876604
0,1031,1784881044.032377481,1050,10.500000201,5.619372447,-0.931336461,1.200000000,-0.592741118
0,1031,1784881044.032377481,1051,10.510000201,5.624959971,-0.933228532,1.200000000,-0.590554760
0,1031,1784881044.032377481,1052,10.520000201,5.630547428,-0.935101447,1.200000000,-0.588317139
0,1031,1784881044.032377481,1053,10.530000201,5.636134840,-0.936955126,1.200000000,-0.586027864
0,1031,1784881044.032377481,1054,10.540000201,5.641722228,-0.938789492,1.200000000,-0.583686542
0,1031,1784881044.032377481,1055,10.550000201,5.647309616,-0.940604465,1.200000000,-0.581292791
0,1031,1784881044.032377481,1056,10.560000201,5.652897029,-0.942399969,1.200000000,-0.578846600
0,1031,1784881044.032377481,1057,10.570000201,5.658484491,-0.944175926,1.200000000,-0.576348466
0,1031,1784881044.032377481,1058,10.580000201,5.664072030,-0.945932260,1.200000000,-0.573798920
0,1031,1784881044.032377481,1059,10.590000201,5.669659673,-0.947668894,1.200000000,-0.571198495
0,1031,1784881044.032377481,1060,10.600000201,5.675247448,-0.949385752,1.200000000,-0.568547721
0,1031,1784881044.032377481,1061,10.610000201,5.680835385,-0.951082760,1.200000000,-0.565847130
0,1031,1784881044.032377481,1062,10.620000201,5.686423514,-0.952759844,1.200000000,-0.563097255
0,1031,1784881044.032377481,1063,10.630000201,5.692011867,-0.954416928,1.200000000,-0.560298627
0,1031,1784881044.032377481,1064,10.640000201,5.697600478,-0.956053941,1.200000000,-0.557451778
0,1031,1784881044.032377481,1065,10.650000201,5.703189378,-0.957670808,1.200000000,-0.554557240
0,1031,1784881044.032377481,1066,10.660000201,5.708778603,-0.959267458,1.200000000,-0.551615544
0,1031,1784881044.032377481,1067,10.670000201,5.714368188,-0.960843819,1.200000000,-0.548627222
0,1031,1784881044.032377481,1068,10.680000201,5.719958169,-0.962399821,1.200000000,-0.545592806
0,1031,1784881044.032377481,1069,10.690000201,5.725548585,-0.963935392,1.200000000,-0.542512828
0,1031,1784881044.032377481,1070,10.700000201,5.731139472,-0.965450462,1.200000000,-0.539387820
0,1031,1784881044.032377481,1071,10.710000201,5.736730871,-0.966944964,1.200000000,-0.536218313
0,1031,1784881044.032377481,1072,10.720000201,5.742322821,-0.968418828,1.200000000,-0.533004839
0,1031,1784881044.032377481,1073,10.730000201,5.747915363,-0.969871986,1.200000000,-0.529747929
0,1031,1784881044.032377481,1074,10.740000201,5.753508539,-0.971304371,1.200000000,-0.526448117
0,1031,1784881044.032377481,1075,10.750000201,5.759102391,-0.972715918,1.200000000,-0.523105932
0,1031,1784881044.032377481,1076,10.760000201,5.764696963,-0.974106559,1.200000000,-0.519721908
0,1031,1784881044.032377481,1077,10.770000201,5.770292300,-0.975476230,1.200000000,-0.516296576
0,1031,1784881044.032377481,1078,10.780000201,5.775888445,-0.976824866,1.200000000,-0.512830468
0,1031,1784881044.032377481,1079,10.790000201,5.781485446,-0.978152405,1.200000000,-0.509324115
0,1031,1784881044.032377481,1080,10.800000201,5.787083348,-0.979458783,1.200000000,-0.505778049
0,1031,1784881044.032377481,1081,10.810000201,5.792682198,-0.980743937,1.200000000,-0.502192802
0,1031,1784881044.032377481,1082,10.820000201,5.798282045,-0.982007807,1.200000000,-0.498568906
0,1031,1784881044.032377481,1083,10.830000201,5.803882937,-0.983250332,1.200000000,-0.494906892
0,1031,1784881044.032377481,1084,10.840000201,5.809484924,-0.984471452,1.200000000,-0.491207293
0,1031,1784881044.032377481,1085,10.850000201,5.815088055,-0.985671108,1.200000000,-0.487470640
0,1031,1784881044.032377481,1086,10.860000201,5.820692381,-0.986849241,1.200000000,-0.483697465
0,1031,1784881044.032377481,1087,10.870000201,5.826297954,-0.988005795,1.200000000,-0.479888299
0,1031,1784881044.032377481,1088,10.880000201,5.831904824,-0.989140714,1.200000000,-0.476043675
0,1031,1784881044.032377481,1089,10.890000201,5.837513044,-0.990253940,1.200000000,-0.472164124
0,1031,1784881044.032377481,1090,10.900000201,5.843122668,-0.991345419,1.200000000,-0.468250178
0,1031,1784881044.032377481,1091,10.910000201,5.848733747,-0.992415098,1.200000000,-0.464302369
0,1031,1784881044.032377481,1092,10.920000201,5.854346337,-0.993462924,1.200000000,-0.460321228
0,1031,1784881044.032377481,1093,10.930000201,5.859960492,-0.994488843,1.200000000,-0.456307288
0,1031,1784881044.032377481,1094,10.940000201,5.865576266,-0.995492805,1.200000000,-0.452261079
0,1031,1784881044.032377481,1095,10.950000201,5.871193714,-0.996474759,1.200000000,-0.448183134
0,1031,1784881044.032377481,1096,10.960000201,5.876812892,-0.997434657,1.200000000,-0.444073985
0,1031,1784881044.032377481,1097,10.970000201,5.882433855,-0.998372449,1.200000000,-0.439934163
0,1031,1784881044.032377481,1098,10.980000201,5.888056661,-0.999288088,1.200000000,-0.435764201
0,1031,1784881044.032377481,1099,10.990000201,5.893681365,-1.000181527,1.200000000,-0.431564629
0,1031,1784881044.032377481,1100,11.000000201,5.899308024,-1.001052721,1.200000000,-0.427335980
0,1031,1784881044.032377481,1101,11.010000201,5.904936696,-1.001901625,1.200000000,-0.423078785
0,1031,1784881044.032377481,1102,11.020000201,5.910567438,-1.002728196,1.200000000,-0.418793577
0,1031,1784881044.032377481,1103,11.030000201,5.916200306,-1.003532391,1.200000000,-0.414480886
0,1031,1784881044.032377481,1104,11.040000201,5.921835360,-1.004314169,1.200000000,-0.410141245
0,1031,1784881044.032377481,1105,11.050000201,5.927472656,-1.005073488,1.200000000,-0.405775186
0,1031,1784881044.032377481,1106,11.060000201,5.933112252,-1.005810311,1.200000000,-0.401383240
0,1031,1784881044.032377481,1107,11.070000201,5.938754207,-1.006524597,1.200000000,-0.396965939
0,1031,1784881044.032377481,1108,11.080000201,5.944398579,-1.007216311,1.200000000,-0.392523815
0,1031,1784881044.032377481,1109,11.090000201,5.950045426,-1.007885415,1.200000000,-0.388057400
0,1031,1784881044.032377481,1110,11.100000201,5.955694806,-1.008531875,1.200000000,-0.383567225
0,1031,1784881044.032377481,1111,11.110000201,5.961346776,-1.009155657,1.200000000,-0.379053822
0,1031,1784881044.032377481,1112,11.120000201,5.967001396,-1.009756728,1.200000000,-0.374517723
0,1031,1784881044.032377481,1113,11.130000201,5.972658723,-1.010335056,1.200000000,-0.369959459
0,1031,1784881044.032377481,1114,11.140000201,5.978318816,-1.010890611,1.200000000,-0.365379563
0,1031,1784881044.032377481,1115,11.150000201,5.983981730,-1.011423364,1.200000000,-0.360778567
0,1031,1784881044.032377481,1116,11.160000201,5.989647526,-1.011933285,1.200000000,-0.356157001
0,1031,1784881044.032377481,1117,11.170000201,5.995316259,-1.012420348,1.200000000,-0.351515398
0,1031,1784881044.032377481,1118,11.180000201,6.000987987,-1.012884528,1.200000000,-0.346854290
0,1031,1784881044.032377481,1119,11.190000201,6.006662767,-1.013325800,1.200000000,-0.342174208
0,1031,1784881044.032377481,1120,11.200000201,6.012340656,-1.013744140,1.200000000,-0.337475684
0,1031,1784881044.032377481,1121,11.210000201,6.018021709,-1.014139526,1.200000000,-0.332759250
0,1031,1784881044.032377481,1122,11.220000201,6.023705984,-1.014511937,1.200000000,-0.328025437
0,1031,1784881044.032377481,1123,11.230000201,6.029393535,-1.014861354,1.200000000,-0.323274778
0,1031,1784881044.032377481,1124,11.240000201,6.035084417,-1.015187758,1.200000000,-0.318507805
0,1031,1784881044.032377481,1125,11.250000201,6.040778687,-1.015491133,1.200000000,-0.313725048
0,1031,1784881044.032377481,1126,11.260000201,6.046476397,-1.015771462,1.200000000,-0.308927039
0,1031,1784881044.032377481,1127,11.270000201,6.052177602,-1.016028731,1.200000000,-0.304114312
0,1031,1784881044.032377481,1128,11.280000201,6.057882356,-1.016262927,1.200000000,-0.299287396
0,1031,1784881044.032377481,1129,11.290000201,6.063590710,-1.016474037,1.200000000,-0.294446825
0,1031,1784881044.032377481,1130,11.300000201,6.069302718,-1.016662052,1.200000000,-0.289593129
0,1031,1784881044.032377481,1131,11.310000201,6.075018431,-1.016826962,1.200000000,-0.284726841
0,1031,1784881044.032377481,1132,11.320000201,6.080737900,-1.016968759,1.200000000,-0.279848492
0,1031,1784881044.032377481,1133,11.330000201,6.086461175,-1.017087437,1.200000000,-0.274958615
0,1031,1784881044.032377481,1134,11.340000201,6.092188306,-1.017182991,1.200000000,-0.270057740
0,1031,1784881044.032377481,1135,11.350000201,6.097919342,-1.017255417,1.200000000,-0.265146400
0,1031,1784881044.032377481,1136,11.360000201,6.103654332,-1.017304712,1.200000000,-0.260225126
0,1031,1784881044.032377481,1137,11.370000201,6.109393322,-1.017330876,1.200000000,-0.255294451
0,1031,1784881044.032377481,1138,11.380000201,6.115136360,-1.017333910,1.200000000,-0.250354905
0,1031,1784881044.032377481,1139,11.390000201,6.120883491,-1.017313814,1.200000000,-0.245407022
0,1031,1784881044.032377481,1140,11.400000201,6.126634761,-1.017270593,1.200000000,-0.240451331
0,1031,1784881044.032377481,1141,11.410000201,6.132390212,-1.017204252,1.200000000,-0.235488366
0,1031,1784881044.032377481,1142,11.420000201,6.138149890,-1.017114795,1.200000000,-0.230518659
0,1031,1784881044.032377481,1143,11.430000201,6.143913835,-1.017002232,1.200000000,-0.225542739
0,1031,1784881044.032377481,1144,11.440000201,6.149682090,-1.016866571,1.200000000,-0.220561141
0,1031,1784881044.032377481,1145,11.450000201,6.155454694,-1.016707822,1.200000000,-0.215574395
0,1031,1784881044.032377481,1146,11.460000201,6.161231687,-1.016525999,1.200000000,-0.210583033
0,1031,1784881044.032377481,1147,11.470000201,6.167013107,-1.016321114,1.200000000,-0.205587587
0,1031,1784881044.032377481,1148,11.480000201,6.172798992,-1.016093182,1.200000000,-0.200588589
0,1031,1784881044.032377481,1149,11.490000201,6.178589377,-1.015842221,1.200000000,-0.195586570
0,1031,1784881044.032377481,1150,11.500000201,6.184384298,-1.015568248,1.200000000,-0.190582062
0,1031,1784881044.032377481,1151,11.510000201,6.190183788,-1.015271282,1.200000000,-0.185575597
0,1031,1784881044.032377481,1152,11.520000201,6.195987880,-1.014951345,1.200000000,-0.180567707
0,1031,1784881044.032377481,1153,11.530000201,6.201796606,-1.014608459,1.200000000,-0.175558924
0,1031,1784881044.032377481,1154,11.540000201,6.207609995,-1.014242649,1.200000000,-0.170549779
0,1031,1784881044.032377481,1155,11.550000201,6.213428078,-1.013853940,1.200000000,-0.165540804
0,1031,1784881044.032377481,1156,11.560000201,6.219250881,-1.013442360,1.200000000,-0.160532531
0,1031,1784881044.032377481,1157,11.570000201,6.225078432,-1.013007937,1.200000000,-0.155525491
0,1031,1784881044.032377481,1158,11.580000201,6.230910756,-1.012550701,1.200000000,-0.150520217
0,1031,1784881044.032377481,1159,11.590000201,6.236747875,-1.012070685,1.200000000,-0.145517240
0,1031,1784881044.032377481,1160,11.600000201,6.242589814,-1.011567922,1.200000000,-0.140517092
0,1031,1784881044.032377481,1161,11.610000201,6.248436593,-1.011042446,1.200000000,-0.135520305
0,1031,1784881044.032377481,1162,11.620000201,6.254288232,-1.010494295,1.200000000,-0.130527410
0,1031,1784881044.032377481,1163,11.630000201,6.260144750,-1.009923507,1.200000000,-0.125538939
0,1031,1784881044.032377481,1164,11.640000201,6.266006162,-1.009330122,1.200000000,-0.120555425
0,1031,1784881044.032377481,1165,11.650000201,6.271872486,-1.008714180,1.200000000,-0.115577398
0,1031,1784881044.032377481,1166,11.660000201,6.277743734,-1.008075724,1.200000000,-0.110605391
0,1031,1784881044.032377481,1167,11.670000201,6.283619920,-1.007414800,1.200000000,-0.105639935
0,1031,1784881044.032377481,1168,11.680000201,6.289501054,-1.006731454,1.200000000,-0.100681562
0,1031,1784881044.032377481,1169,11.690000201,6.295387145,-1.006025732,1.200000000,-0.095730805
0,1031,1784881044.032377481,1170,11.700000201,6.301278203,-1.005297684,1.200000000,-0.090788193
0,1031,1784881044.032377481,1171,11.710000201,6.307174233,-1.004547362,1.200000000,-0.085854260
0,1031,1784881044.032377481,1172,11.720000201,6.313075240,-1.003774817,1.200000000,-0.080929538
0,1031,1784881044.032377481,1173,11.730000201,6.318981228,-1.002980104,1.200000000,-0.076014557
0,1031,1784881044.032377481,1174,11.740000201,6.324892197,-1.002163278,1.200000000,-0.071109850
0,1031,1784881044.032377481,1175,11.750000201,6.330808148,-1.001324397,1.200000000,-0.066215949
0,1031,1784881044.032377481,1176,11.760000201,6.336729080,-1.000463519,1.200000000,-0.061333385
0,1031,1784881044.032377481,1177,11.770000201,6.342654989,-0.999580705,1.200000000,-0.056462690
0,1031,1784881044.032377481,1178,11.780000201,6.348585870,-0.998676018,1.200000000,-0.051604396
0,1031,1784881044.032377481,1179,11.790000201,6.354521717,-0.997749520,1.200000000,-0.046759034
0,1031,1784881044.032377481,1180,11.800000201,6.360462521,-0.996801276,1.200000000,-0.041927137
0,1031,1784881044.032377481,1181,11.810000201,6.366408273,-0.995831355,1.200000000,-0.037109235
0,1031,1784881044.032377481,1182,11.820000201,6.372358960,-0.994839824,1.200000000,-0.032305862
0,1031,1784881044.032377481,1183,11.830000201,6.378314569,-0.993826753,1.200000000,-0.027517549
0,1031,1784881044.032377481,1184,11.840000201,6.384275086,-0.992792214,1.200000000,-0.022744826
0,1031,1784881044.032377481,1185,11.850000201,6.390240494,-0.991736280,1.200000000,-0.017988228
0,1031,1784881044.032377481,1186,11.860000201,6.396210773,-0.990659026,1.200000000,-0.013248284
0,1031,1784881044.032377481,1187,11.870000201,6.402185904,-0.989560527,1.200000000,-0.008525526
0,1031,1784881044.032377481,1188,11.880000201,6.408165864,-0.988440863,1.200000000,-0.003820488
0,1031,1784881044.032377481,1189,11.890000201,6.414150630,-0.987300113,1.200000000,0.000866300
0,1031,1784881044.032377481,1190,11.900000201,6.420140176,-0.986138357,1.200000000,0.005534307
0,1031,1784881044.032377481,1191,11.910000201,6.426134475,-0.984955678,1.200000000,0.010183035
0,1031,1784881044.032377481,1192,11.920000201,6.432133497,-0.983752161,1.200000000,0.014812297
0,1031,1784881044.032377481,1193,11.930000201,6.438137212,-0.982527890,1.200000000,0.019422063
0,1031,1784881044.032377481,1194,11.940000201,6.444145588,-0.981282954,1.200000000,0.024012303
0,1031,1784881044.032377481,1195,11.950000201,6.450158589,-0.980017441,1.200000000,0.028582989
0,1031,1784881044.032377481,1196,11.960000201,6.456176179,-0.978731441,1.200000000,0.033134090
0,1031,1784881044.032377481,1197,11.970000201,6.462198321,-0.977425047,1.200000000,0.037665578
0,1031,1784881044.032377481,1198,11.980000201,6.468224975,-0.976098351,1.200000000,0.042177423
0,1031,1784881044.032377481,1199,11.990000201,6.474256100,-0.974751447,1.200000000,0.046669596
0,1031,1784881044.032377481,1200,12.000000201,6.480291651,-0.973384434,1.200000000,0.051142068
0,1031,1784881044.032377481,1201,12.010000201,6.486331584,-0.971997408,1.200000000,0.055594809
0,1031,1784881044.032377481,1202,12.020000201,6.492375852,-0.970590468,1.200000000,0.060027791
0,1031,1784881044.032377481,1203,12.030000201,6.498424407,-0.969163715,1.200000000,0.064440984
0,1031,1784881044.032377481,1204,12.040000201,6.504477198,-0.967717252,1.200000000,0.068834358
0,1031,1784881044.032377481,1205,12.050000201,6.510534174,-0.966251181,1.200000000,0.073207885
0,1031,1784881044.032377481,1206,12.060000201,6.516595280,-0.964765609,1.200000000,0.077561535
0,1031,1784881044.032377481,1207,12.070000201,6.522660460,-0.963260641,1.200000000,0.081895280
0,1031,1784881044.032377481,1208,12.080000201,6.528729659,-0.961736385,1.200000000,0.086209088
0,1031,1784881044.032377481,1209,12.090000201,6.534802816,-0.960192951,1.200000000,0.090502933
0,1031,1784881044.032377481,1210,12.100000201,6.540879871,-0.958630448,1.200000000,0.094776783
0,1031,1784881044.032377481,1211,12.110000201,6.546960762,-0.957048990,1.200000000,0.099030610
0,1031,1784881044.032377481,1212,12.120000201,6.553045425,-0.955448689,1.200000000,0.103264385
0,1031,1784881044.032377481,1213,12.130000201,6.559133793,-0.953829660,1.200000000,0.107478079
0,1031,1784881044.032377481,1214,12.140000201,6.565225801,-0.952192020,1.200000000,0.111671661
0,1031,1784881044.032377481,1215,12.150000201,6.571321377,-0.950535884,1.200000000,0.115845104
0,1031,1784881044.032377481,1216,12.160000201,6.577420453,-0.948861373,1.200000000,0.119998377
0,1031,1784881044.032377481,1217,12.170000201,6.583522955,-0.947168606,1.200000000,0.124131451
0,1031,1784881044.032377481,1218,12.180000201,6.589628810,-0.945457703,1.200000000,0.128244297
0,1031,1784881044.032377481,1219,12.190000201,6.595737941,-0.943728788,1.200000000,0.132336887
0,1031,1784881044.032377481,1220,12.200000201,6.601850273,-0.941981985,1.200000000,0.136409189
0,1031,1784881044.032377481,1221,12.210000201,6.607965727,-0.940217418,1.200000000,0.140461177
0,1031,1784881044.032377481,1222,12.220000201,6.614084221,-0.938435212,1.200000000,0.144492819
0,1031,1784881044.032377481,1223,12.230000201,6.620205676,-0.936635497,1.200000000,0.148504087
0,1031,1784881044.032377481,1224,12.240000201,6.626330006,-0.934818399,1.200000000,0.152494951
0,1031,1784881044.032377481,1225,12.250000201,6.632457128,-0.932984050,1.200000000,0.156465383
0,1031,1784881044.032377481,1226,12.260000201,6.638586955,-0.931132579,1.200000000,0.160415352
0,1031,1784881044.032377481,1227,12.270000201,6.644719400,-0.929264118,1.200000000,0.164344831
0,1031,1784881044.032377481,1228,12.280000201,6.650854373,-0.927378801,1.200000000,0.168253789
0,1031,1784881044.032377481,1229,12.290000201,6.656991783,-0.925476761,1.200000000,0.172142197
0,1031,1784881044.032377481,1230,12.300000201,6.663131540,-0.923558135,1.200000000,0.176010026
0,1031,1784881044.032377481,1231,12.310000201,6.669273549,-0.921623057,1.200000000,0.179857247
0,1031,1784881044.032377481,1232,12.320000201,6.675417716,-0.919671666,1.200000000,0.183683830
0,1031,1784881044.032377481,1233,12.330000201,6.681563944,-0.917704100,1.200000000,0.187489746
0,1031,1784881044.032377481,1234,12.340000201,6.687712137,-0.915720498,1.200000000,0.191274966
0,1031,1784881044.032377481,1235,12.350000201,6.693862195,-0.913721000,1.200000000,0.195039461
0,1031,1784881044.032377481,1236,12.360000201,6.700014019,-0.911705748,1.200000000,0.198783202
0,1031,1784881044.032377481,1237,12.370000201,6.706167507,-0.909674884,1.200000000,0.202506158
0,1031,1784881044.032377481,1238,12.380000201,6.712322556,-0.907628551,1.200000000,0.206208301
0,1031,1784881044.032377481,1239,12.390000201,6.718479064,-0.905566894,1.200000000,0.209889602
0,1031,1784881044.032377481,1240,12.400000201,6.724636924,-0.903490057,1.200000000,0.213550031
0,1031,1784881044.032377481,1241,12.410000201,6.730796032,-0.901398185,1.200000000,0.217189560
0,1031,1784881044.032377481,1242,12.420000201,6.736956280,-0.899291427,1.200000000,0.220808158
0,1031,1784881044.032377481,1243,12.430000201,6.743117559,-0.897169929,1.200000000,0.224405796
0,1031,1784881044.032377481,1244,12.440000201,6.749279760,-0.895033839,1.200000000,0.227982446
0,1031,1784881044.032377481,1245,12.450000201,6.755442773,-0.892883307,1.200000000,0.231538078
0,1031,1784881044.032377481,1246,12.460000201,6.761606485,-0.890718483,1.200000000,0.235072663
0,1031,1784881044.032377481,1247,12.470000201,6.767770786,-0.888539517,1.200000000,0.238586171
0,1031,1784881044.032377481,1248,12.480000201,6.773935560,-0.886346560,1.200000000,0.242078574
0,1031,1784881044.032377481,1249,12.490000201,6.780100693,-0.884139766,1.200000000,0.245549841
0,1031,1784881044.032377481,1250,12.500000201,6.786266071,-0.881919285,1.200000000,0.248999944
0,1031,1784881044.032377481,1251,12.510000201,6.792431576,-0.879685273,1.200000000,0.252428854
0,1031,1784881044.032377481,1252,12.520000201,6.798597092,-0.877437882,1.200000000,0.255836541
0,1031,1784881044.032377481,1253,12.530000201,6.804762500,-0.875177268,1.200000000,0.259222976
0,1031,1784881044.032377481,1254,12.540000201,6.810927681,-0.872903586,1.200000000,0.262588129
0,1031,1784881044.032377481,1255,12.550000201,6.817092516,-0.870616992,1.200000000,0.265931972
0,1031,1784881044.032377481,1256,12.560000201,6.823256884,-0.868317642,1.200000000,0.269254475
0,1031,1784881044.032377481,1257,12.570000201,6.829420663,-0.866005693,1.200000000,0.272555609
0,1031,1784881044.032377481,1258,12.580000201,6.835583733,-0.863681302,1.200000000,0.275835345
0,1031,1784881044.032377481,1259,12.590000201,6.841745969,-0.861344628,1.200000000,0.279093653
0,1031,1784881044.032377481,1260,12.600000201,6.847907250,-0.858995830,1.200000000,0.282330504
0,1031,1784881044.032377481,1261,12.610000201,6.854067450,-0.856635065,1.200000000,0.285545869
0,1031,1784881044.032377481,1262,12.620000201,6.860226446,-0.854262493,1.200000000,0.288739719
0,1031,1784881044.032377481,1263,12.630000201,6.866384111,-0.851878274,1.200000000,0.291912023
0,1031,1784881044.032377481,1264,12.640000201,6.872540322,-0.849482569,1.200000000,0.295062754
0,1031,1784881044.032377481,1265,12.650000201,6.878694950,-0.847075536,1.200000000,0.298191882
0,1031,1784881044.032377481,1266,12.660000201,6.884847870,-0.844657338,1.200000000,0.301299378
0,1031,1784881044.032377481,1267,12.670000201,6.890998954,-0.842228136,1.200000000,0.304385211
0,1031,1784881044.032377481,1268,12.680000201,6.897148075,-0.839788090,1.200000000,0.307449354
0,1031,1784881044.032377481,1269,12.690000201,6.903295105,-0.837337362,1.200000000,0.310491776
0,1031,1784881044.032377481,1270,12.700000201,6.909439915,-0.834876115,1.200000000,0.313512449
0,1031,1784881044.032377481,1271,12.710000201,6.915582377,-0.832404511,1.200000000,0.316511343
0,1031,1784881044.032377481,1272,12.720000201,6.921722362,-0.829922711,1.200000000,0.319488429
0,1031,1784881044.032377481,1273,12.730000201,6.927859740,-0.827430878,1.200000000,0.322443678
0,1031,1784881044.032377481,1274,12.740000201,6.933994382,-0.824929176,1.200000000,0.325377060
0,1031,1784881044.032377481,1275,12.750000201,6.940126159,-0.822417766,1.200000000,0.328288547
0,1031,1784881044.032377481,1276,12.760000201,6.946254939,-0.819896812,1.200000000,0.331178108
0,1031,1784881044.032377481,1277,12.770000201,6.952380594,-0.817366477,1.200000000,0.334045715
0,1031,1784881044.032377481,1278,12.780000201,6.958502993,-0.814826923,1.200000000,0.336891339
0,1031,1784881044.032377481,1279,12.790000201,6.964622006,-0.812278315,1.200000000,0.339714949
0,1031,1784881044.032377481,1280,12.800000201,6.970737502,-0.809720814,1.200000000,0.342516518
0,1031,1784881044.032377481,1281,12.810000201,6.976849350,-0.807154585,1.200000000,0.345296015
0,1031,1784881044.032377481,1282,12.820000201,6.982957422,-0.804579790,1.200000000,0.348053412
0,1031,1784881044.032377481,1283,12.830000201,6.989061585,-0.801996592,1.200000000,0.350788678
0,1031,1784881044.032377481,1284,12.840000201,6.995161710,-0.799405155,1.200000000,0.353501786
0,1031,1784881044.032377481,1285,12.850000201,7.001257667,-0.796805641,1.200000000,0.356192705
0,1031,1784881044.032377481,1286,12.860000201,7.007349325,-0.794198213,1.200000000,0.358861406
0,1031,1784881044.032377481,1287,12.870000201,7.013436555,-0.791583033,1.200000000,0.361507861
0,1031,1784881044.032377481,1288,12.880000201,7.019519226,-0.788960265,1.200000000,0.364132039
0,1031,1784881044.032377481,1289,12.890000201,7.025597209,-0.786330070,1.200000000,0.366733912
0,1031,1784881044.032377481,1290,12.900000201,7.031670374,-0.783692611,1.200000000,0.369313450
0,1031,1784881044.032377481,1291,12.910000201,7.037738593,-0.781048050,1.200000000,0.371870624
0,1031,1784881044.032377481,1292,12.920000201,7.043801737,-0.778396548,1.200000000,0.374405405
0,1031,1784881044.032377481,1293,12.930000201,7.049859677,-0.775738266,1.200000000,0.376917763
0,1031,1784881044.032377481,1294,12.940000201,7.055912285,-0.773073366,1.200000000,0.379407670
0,1031,1784881044.032377481,1295,12.950000201,7.061959433,-0.770402008,1.200000000,0.381875095
0,1031,1784881044.032377481,1296,12.960000201,7.068000995,-0.767724353,1.200000000,0.384320011
0,1031,1784881044.032377481,1297,12.970000201,7.074036842,-0.765040561,1.200000000,0.386742386
0,1031,1784881044.032377481,1298,12.980000201,7.080066849,-0.762350792,1.200000000,0.389142193
0,1031,1784881044.032377481,1299,12.990000201,7.086090890,-0.759655204,1.200000000,0.391519402
0,1031,1784881044.032377481,1300,13.000000201,7.092108838,-0.756953958,1.200000000,0.393873983
0,1031,1784881044.032377481,1301,13.010000201,7.098120571,-0.754247211,1.200000000,0.396205908
0,1031,1784881044.032377481,1302,13.020000201,7.104125962,-0.751535121,1.200000000,0.398515147
0,1031,1784881044.032377481,1303,13.030000201,7.110124890,-0.748817845,1.200000000,0.400801671
0,1031,1784881044.032377481,1304,13.040000201,7.116117229,-0.746095542,1.200000000,0.403065451
0,1031,1784881044.032377481,1305,13.050000201,7.122102859,-0.743368367,1.200000000,0.405306457
0,1031,1784881044.032377481,1306,13.060000201,7.128081658,-0.740636476,1.200000000,0.407524660
0,1031,1784881044.032377481,1307,13.070000201,7.134053504,-0.737900025,1.200000000,0.409720031
0,1031,1784881044.032377481,1308,13.080000201,7.140018277,-0.735159168,1.200000000,0.411892540
0,1031,1784881044.032377481,1309,13.090000201,7.145975859,-0.732414059,1.200000000,0.414042159
0,1031,1784881044.032377481,1310,13.100000201,7.151926130,-0.729664853,1.200000000,0.416168857
0,1031,1784881044.032377481,1311,13.110000201,7.157868973,-0.726911702,1.200000000,0.418272607
0,1031,1784881044.032377481,1312,13.120000201,7.163804270,-0.724154758,1.200000000,0.420353378
0,1031,1784881044.032377481,1313,13.130000201,7.169731906,-0.721394173,1.200000000,0.422411141
0,1031,1784881044.032377481,1314,13.140000201,7.175651766,-0.718630098,1.200000000,0.424445868
0,1031,1784881044.032377481,1315,13.150000201,7.181563735,-0.715862683,1.200000000,0.426457528
0,1031,1784881044.032377481,1316,13.160000201,7.187467701,-0.713092078,1.200000000,0.428446093
0,1031,1784881044.032377481,1317,13.170000201,7.193363550,-0.710318430,1.200000000,0.430411532
0,1031,1784881044.032377481,1318,13.180000201,7.199251172,-0.707541888,1.200000000,0.432353818
0,1031,1784881044.032377481,1319,13.190000201,7.205130456,-0.704762600,1.200000000,0.434272921
0,1031,1784881044.032377481,1320,13.200000201,7.211001294,-0.701980710,1.200000000,0.436168811
0,1031,1784881044.032377481,1321,13.210000201,7.216863576,-0.699196366,1.200000000,0.438041459
0,1031,1784881044.032377481,1322,13.220000201,7.222717197,-0.696409711,1.200000000,0.439890836
0,1031,1784881044.032377481,1323,13.230000201,7.228562049,-0.693620889,1.200000000,0.441716913
0,1031,1784881044.032377481,1324,13.240000201,7.234398030,-0.690830043,1.200000000,0.443519660
0,1031,1784881044.032377481,1325,13.250000201,7.240225033,-0.688037315,1.200000000,0.445299048
0,1031,1784881044.032377481,1326,13.260000201,7.246042959,-0.685242846,1.200000000,0.447055048
0,1031,1784881044.032377481,1327,13.270000201,7.251851704,-0.682446776,1.200000000,0.448787631
0,1031,1784881044.032377481,1328,13.280000201,7.257651169,-0.679649245,1.200000000,0.450496767
0,1031,1784881044.032377481,1329,13.290000201,7.263441256,-0.676850390,1.200000000,0.452182427
0,1031,1784881044.032377481,1330,13.300000201,7.269221867,-0.674050349,1.200000000,0.453844582
0,1031,1784881044.032377481,1331,13.310000201,7.274992905,-0.671249258,1.200000000,0.455483203
0,1031,1784881044.032377481,1332,13.320000201,7.280754276,-0.668447252,1.200000000,0.457098259
0,1031,1784881044.032377481,1333,13.330000201,7.286505886,-0.665644466,1.200000000,0.458689723
0,1031,1784881044.032377481,1334,13.340000201,7.292247643,-0.662841032,1.200000000,0.460257565
0,1031,1784881044.032377481,1335,13.350000201,7.297979456,-0.660037083,1.200000000,0.461801755
0,1031,1784881044.032377481,1336,13.360000201,7.303701235,-0.657232750,1.200000000,0.463322265
0,1031,1784881044.032377481,1337,13.370000201,7.309412893,-0.654428163,1.200000000,0.464819064
0,1031,1784881044.032377481,1338,13.380000201,7.315114342,-0.651623451,1.200000000,0.466292125
0,1031,1784881044.032377481,1339,13.390000201,7.320805497,-0.648818741,1.200000000,0.467741416
0,1031,1784881044.032377481,1340,13.400000201,7.326486275,-0.646014160,1.200000000,0.469166910
0,1031,1784881044.032377481,1341,13.410000201,7.332156592,-0.643209834,1.200000000,0.470568577
0,1031,1784881044.032377481,1342,13.420000201,7.337816368,-0.640405887,1.200000000,0.471946388
0,1031,1784881044.032377481,1343,13.430000201,7.343465523,-0.637602443,1.200000000,0.473300313
0,1031,1784881044.032377481,1344,13.440000201,7.349103980,-0.634799623,1.200000000,0.474630323
0,1031,1784881044.032377481,1345,13.450000201,7.354731661,-0.631997548,1.200000000,0.475936389
0,1031,1784881044.032377481,1346,13.460000201,7.360348492,-0.629196339,1.200000000,0.477218482
0,1031,1784881044.032377481,1347,13.470000201,7.365954398,-0.626396113,1.200000000,0.478476572
0,1031,1784881044.032377481,1348,13.480000201,7.371549309,-0.623596988,1.200000000,0.479710630
0,1031,1784881044.032377481,1349,13.490000201,7.377133153,-0.620799079,1.200000000,0.480920627
0,1031,1784881044.032377481,1350,13.500000201,7.382705862,-0.618002503,1.200000000,0.482106534
0,1031,1784881044.032377481,1351,13.510000201,7.388267368,-0.615207372,1.200000000,0.483268321
0,1031,1784881044.032377481,1352,13.520000201,7.393817605,-0.612413799,1.200000000,0.484405959
0,1031,1784881044.032377481,1353,13.530000201,7.399356509,-0.609621894,1.200000000,0.485519419
0,1031,1784881044.032377481,1354,13.540000201,7.404884018,-0.606831769,1.200000000,0.486608672
0,1031,1784881044.032377481,1355,13.550000201,7.410400071,-0.604043531,1.200000000,0.487673688
0,1031,1784881044.032377481,1356,13.560000201,7.415904607,-0.601257288,1.200000000,0.488714437
0,1031,1784881044.032377481,1357,13.570000201,7.421397569,-0.598473145,1.200000000,0.489730892
0,1031,1784881044.032377481,1358,13.580000201,7.426878901,-0.595691208,1.200000000,0.490723022
0,1031,1784881044.032377481,1359,13.590000201,7.432348548,-0.592911580,1.200000000,0.491690799
0,1031,1784881044.032377481,1360,13.600000201,7.437806457,-0.590134363,1.200000000,0.492634192
0,1031,1784881044.032377481,1361,13.610000201,7.443252576,-0.587359658,1.200000000,0.493553173
0,1031,1784881044.032377481,1362,13.620000201,7.448686855,-0.584587564,1.200000000,0.494447713
0,1031,1784881044.032377481,1363,13.630000201,7.454109246,-0.581818180,1.200000000,0.495317782
0,1031,1784881044.032377481,1364,13.640000201,7.459519703,-0.579051603,1.200000000,0.496163351
0,1031,1784881044.032377481,1365,13.650000201,7.464918179,-0.576287928,1.200000000,0.496984390
0,1031,1784881044.032377481,1366,13.660000201,7.470304633,-0.573527249,1.200000000,0.497780871
0,1031,1784881044.032377481,1367,13.670000201,7.475679021,-0.570769660,1.200000000,0.498552764
0,1031,1784881044.032377481,1368,13.680000201,7.481041304,-0.568015252,1.200000000,0.499300040
0,1031,1784881044.032377481,1369,13.690000201,7.486391442,-0.565264114,1.200000000,0.500022670
0,1031,1784881044.032377481,1370,13.700000201,7.491729399,-0.562516337,1.200000000,0.500720624
0,1031,1784881044.032377481,1371,13.710000201,7.497055139,-0.559772008,1.200000000,0.501393873
0,1031,1784881044.032377481,1372,13.720000201,7.502368628,-0.557031213,1.200000000,0.502042388
0,1031,1784881044.032377481,1373,13.730000201,7.507669834,-0.554294036,1.200000000,0.502666139
0,1031,1784881044.032377481,1374,13.740000201,7.512958725,-0.551560562,1.200000000,0.503265098
0,1031,1784881044.032377481,1375,13.750000201,7.518235272,-0.548830873,1.200000000,0.503839235
0,1031,1784881044.032377481,1376,13.760000201,7.523499448,-0.546105049,1.200000000,0.504388521
0,1031,1784881044.032377481,1377,13.770000201,7.528751226,-0.543383171,1.200000000,0.504912926
0,1031,1784881044.032377481,1378,13.780000201,7.533990581,-0.540665316,1.200000000,0.505412422
0,1031,1784881044.032377481,1379,13.790000201,7.539217490,-0.537951561,1.200000000,0.505886979
0,1031,1784881044.032377481,1380,13.800000201,7.544431932,-0.535241983,1.200000000,0.506336567
0,1031,1784881044.032377481,1381,13.810000201,7.549633886,-0.532536655,1.200000000,0.506761158
0,1031,1784881044.032377481,1382,13.820000201,7.554823334,-0.529835650,1.200000000,0.507160722
0,1031,1784881044.032377481,1383,13.830000201,7.560000257,-0.527139041,1.200000000,0.507535230
0,1031,1784881044.032377481,1384,13.840000201,7.565164639,-0.524446896,1.200000000,0.507884653
0,1031,1784881044.032377481,1385,13.850000201,7.570316468,-0.521759286,1.200000000,0.508208962
0,1031,1784881044.032377481,1386,13.860000201,7.575455728,-0.519076279,1.200000000,0.508508126
0,1031,1784881044.032377481,1387,13.870000201,7.580582408,-0.516397940,1.200000000,0.508782118
0,1031,1784881044.032377481,1388,13.880000201,7.585696499,-0.513724335,1.200000000,0.509030907
0,1031,1784881044.032377481,1389,13.890000201,7.590797990,-0.511055528,1.200000000,0.509254464
0,1031,1784881044.032377481,1390,13.900000201,7.595886874,-0.508391582,1.200000000,0.509452761
0,1031,1784881044.032377481,1391,13.910000201,7.600963144,-0.505732558,1.200000000,0.509625768
0,1031,1784881044.032377481,1392,13.920000201,7.606026796,-0.503078516,1.200000000,0.509773455
0,1031,1784881044.032377481,1393,13.930000201,7.611077824,-0.500429515,1.200000000,0.509895794
0,1031,1784881044.032377481,1394,13.940000201,7.616116226,-0.497785613,1.200000000,0.509992755
0,1031,1784881044.032377481,1395,13.950000201,7.621142002,-0.495146867,1.200000000,0.510064308
0,1031,1784881044.032377481,1396,13.960000201,7.626155149,-0.492513332,1.200000000,0.510110426
0,1031,1784881044.032377481,1397,13.970000201,7.631155668,-0.489885062,1.200000000,0.510131077
0,1031,1784881044.032377481,1398,13.980000201,7.636143562,-0.487262110,1.200000000,0.510126234
0,1031,1784881044.032377481,1399,13.990000201,7.641118833,-0.484644527,1.200000000,0.510095866
0,1031,1784881044.032377481,1400,14.000000201,7.646081485,-0.482032366,1.200000000,0.510039945
0,1031,1784881044.032377481,1401,14.010000201,7.651031522,-0.479425675,1.200000000,0.509958441
0,1031,1784881044.032377481,1402,14.020000201,7.655968951,-0.476824502,1.200000000,0.509851326
0,1031,1784881044.032377481,1403,14.030000201,7.660893778,-0.474228896,1.200000000,0.509718569
0,1031,1784881044.032377481,1404,14.040000201,7.665806010,-0.471638902,1.200000000,0.509560141
0,1031,1784881044.032377481,1405,14.050000201,7.670705656,-0.469054565,1.200000000,0.509376014
0,1031,1784881044.032377481,1406,14.060000201,7.675592726,-0.466475930,1.200000000,0.509166158
0,1031,1784881044.032377481,1407,14.070000201,7.680467228,-0.463903040,1.200000000,0.508930543
0,1031,1784881044.032377481,1408,14.080000201,7.685329174,-0.461335938,1.200000000,0.508669141
0,1031,1784881044.032377481,1409,14.090000201,7.690178576,-0.458774663,1.200000000,0.508381922
0,1031,1784881044.032377481,1410,14.100000201,7.695015444,-0.456219257,1.200000000,0.508068857
0,1031,1784881044.032377481,1411,14.110000201,7.699839793,-0.453669758,1.200000000,0.507729917
0,1031,1784881044.032377481,1412,14.120000201,7.704651634,-0.451126206,1.200000000,0.507365072
0,1031,1784881044.032377481,1413,14.130000201,7.709450983,-0.448588637,1.200000000,0.506974293
0,1031,1784881044.032377481,1414,14.140000201,7.714237852,-0.446057088,1.200000000,0.506557552
0,1031,1784881044.032377481,1415,14.150000201,7.719012256,-0.443531595,1.200000000,0.506114817
0,1031,1784881044.032377481,1416,14.160000201,7.723774211,-0.441012193,1.200000000,0.505646062
0,1031,1784881044.032377481,1417,14.170000201,7.728523732,-0.438498915,1.200000000,0.505151255
0,1031,1784881044.032377481,1418,14.180000201,7.733260833,-0.435991796,1.200000000,0.504630368
0,1031,1784881044.032377481,1419,14.190000201,7.737985532,-0.433490867,1.200000000,0.504083372
0,1031,1784881044.032377481,1420,14.200000201,7.742697842,-0.430996160,1.200000000,0.503510237
0,1031,1784881044.032377481,1421,14.210000201,7.747397781,-0.428507707,1.200000000,0.502910934
0,1031,1784881044.032377481,1422,14.220000201,7.752085365,-0.426025537,1.200000000,0.502285434
0,1031,1784881044.032377481,1423,14.230000201,7.756760609,-0.423549682,1.200000000,0.501633707
0,1031,1784881044.032377481,1424,14.240000201,7.761423529,-0.421080170,1.200000000,0.500955725
0,1031,1784881044.032377481,1425,14.250000201,7.766074141,-0.418617029,1.200000000,0.500251457
0,1031,1784881044.032377481,1426,14.260000201,7.770712460,-0.416160288,1.200000000,0.499520876
0,1031,1784881044.032377481,1427,14.270000201,7.775338501,-0.413709974,1.200000000,0.498763951
0,1031,1784881044.032377481,1428,14.280000201,7.779952280,-0.411266115,1.200000000,0.497980653
0,1031,1784881044.032377481,1429,14.290000201,7.784553811,-0.408828737,1.200000000,0.497170953
0,1031,1784881044.032377481,1430,14.300000201,7.789143107,-0.406397866,1.200000000,0.496334822
0,1031,1784881044.032377481,1431,14.310000201,7.793720183,-0.403973528,1.200000000,0.495472230
0,1031,1784881044.032377481,1432,14.320000201,7.798285050,-0.401555749,1.200000000,0.494583149
0,1031,1784881044.032377481,1433,14.330000201,7.802837722,-0.399144554,1.200000000,0.493667548
0,1031,1784881044.032377481,1434,14.340000201,7.807378209,-0.396739968,1.200000000,0.492725399
0,1031,1784881044.032377481,1435,14.350000201,7.811906523,-0.394342015,1.200000000,0.491756673
0,1031,1784881044.032377481,1436,14.360000201,7.816422671,-0.391950720,1.200000000,0.490761339
0,1031,1784881044.032377481,1437,14.370000201,7.820926665,-0.389566108,1.200000000,0.489739370
0,1031,1784881044.032377481,1438,14.380000201,7.825418510,-0.387188202,1.200000000,0.488690735
0,1031,1784881044.032377481,1439,14.390000201,7.829898213,-0.384817027,1.200000000,0.487615406
0,1031,1784881044.032377481,1440,14.400000201,7.834365780,-0.382452608,1.200000000,0.486513352
0,1031,1784881044.032377481,1441,14.410000201,7.838821214,-0.380094967,1.200000000,0.485384546
0,1031,1784881044.032377481,1442,14.420000201,7.843264519,-0.377744130,1.200000000,0.484228957
0,1031,1784881044.032377481,1443,14.430000201,7.847695694,-0.375400120,1.200000000,0.483046556
0,1031,1784881044.032377481,1444,14.440000201,7.852114740,-0.373062963,1.200000000,0.481837314
0,1031,1784881044.032377481,1445,14.450000201,7.856521654,-0.370732682,1.200000000,0.480601202
0,1031,1784881044.032377481,1446,14.460000201,7.860916432,-0.368409304,1.200000000,0.479338191
0,1031,1784881044.032377481,1447,14.470000201,7.865299069,-0.366092852,1.200000000,0.478048251
0,1031,1784881044.032377481,1448,14.480000201,7.869669557,-0.363783353,1.200000000,0.476731353
0,1031,1784881044.032377481,1449,14.490000201,7.874027886,-0.361480832,1.200000000,0.475387468
0,1031,1784881044.032377481,1450,14.500000201,7.878374044,-0.359185316,1.200000000,0.474016566
0,1031,1784881044.032377481,1451,14.510000201,7.882708018,-0.356896831,1.200000000,0.472618618
0,1031,1784881044.032377481,1452,14.520000201,7.887029791,-0.354615406,1.200000000,0.471193596
0,1031,1784881044.032377481,1453,14.530000201,7.891339344,-0.352341067,1.200000000,0.469741469
0,1031,1784881044.032377481,1454,14.540000201,7.895636656,-0.350073844,1.200000000,0.468262208
0,1031,1784881044.032377481,1455,14.550000201,7.899921703,-0.347813766,1.200000000,0.466755785
0,1031,1784881044.032377481,1456,14.560000201,7.904194459,-0.345560862,1.200000000,0.465222169
0,1031,1784881044.032377481,1457,14.570000201,7.908454894,-0.343315165,1.200000000,0.463661333
0,1031,1784881044.032377481,1458,14.580000201,7.912702975,-0.341076704,1.200000000,0.462073245
0,1031,1784881044.032377481,1459,14.590000201,7.916938668,-0.338845514,1.200000000,0.460457878
0,1031,1784881044.032377481,1460,14.600000201,7.921161933,-0.336621628,1.200000000,0.458815202
0,1031,1784881044.032377481,1461,14.610000201,7.925372730,-0.334405080,1.200000000,0.457145187
0,1031,1784881044.032377481,1462,14.620000201,7.929571011,-0.332195906,1.200000000,0.455447805
0,1031,1784881044.032377481,1463,14.630000201,7.933756730,-0.329994143,1.200000000,0.453723025
0,1031,1784881044.032377481,1464,14.640000201,7.937929834,-0.327799829,1.200000000,0.451970820
0,1031,1784881044.032377481,1465,14.650000201,7.942090266,-0.325613004,1.200000000,0.450191159
0,1031,1784881044.032377481,1466,14.660000201,7.946237966,-0.323433709,1.200000000,0.448384014
0,1031,1784881044.032377481,1467,14.670000201,7.950372872,-0.321261985,1.200000000,0.446549354
0,1031,1784881044.032377481,1468,14.680000201,7.954494914,-0.319097876,1.200000000,0.444687151
0,1031,1784881044.032377481,1469,14.690000201,7.958604021,-0.316941429,1.200000000,0.442797376
0,1031,1784881044.032377481,1470,14.700000201,7.962700115,-0.314792688,1.200000000,0.440879999
0,1031,1784881044.032377481,1471,14.710000201,7.966783117,-0.312651704,1.200000000,0.438934991
0,1031,1784881044.032377481,1472,14.720000201,7.970852940,-0.310518526,1.200000000,0.436962323
0,1031,1784881044.032377481,1473,14.730000201,7.974909494,-0.308393207,1.200000000,0.434961965
0,1031,1784881044.032377481,1474,14.740000201,7.978952683,-0.306275800,1.200000000,0.432933889
0,1031,1784881044.032377481,1475,14.750000201,7.982982408,-0.304166361,1.200000000,0.430878064
0,1031,1784881044.032377481,1476,14.760000201,7.986998563,-0.302064949,1.200000000,0.428794462
0,1031,1784881044.032377481,1477,14.770000201,7.991001037,-0.299971624,1.200000000,0.426683054
0,1031,1784881044.032377481,1478,14.780000201,7.994989714,-0.297886448,1.200000000,0.424543809
0,1031,1784881044.032377481,1479,14.790000201,7.998964472,-0.295809485,1.200000000,0.422376700
0,1031,1784881044.032377481,1480,14.800000201,8.002925184,-0.293740803,1.200000000,0.420181696
0,1031,1784881044.032377481,1481,14.810000201,8.006871717,-0.291680470,1.200000000,0.417958769
0,1031,1784881044.032377481,1482,14.820000201,8.010803931,-0.289628560,1.200000000,0.415707889
0,1031,1784881044.032377481,1483,14.830000201,8.014721681,-0.287585146,1.200000000,0.413429026
0,1031,1784881044.032377481,1484,14.840000201,8.018624815,-0.285550305,1.200000000,0.411122152
0,1031,1784881044.032377481,1485,14.850000201,8.022513175,-0.283524117,1.200000000,0.408787238
0,1031,1784881044.032377481,1486,14.860000201,8.026386596,-0.281506665,1.200000000,0.406424254
0,1031,1784881044.032377481,1487,14.870000201,8.030244906,-0.279498035,1.200000000,0.404033170
0,1031,1784881044.032377481,1488,14.880000201,8.034087928,-0.277498315,1.200000000,0.401613958
0,1031,1784881044.032377481,1489,14.890000201,8.037915475,-0.275507597,1.200000000,0.399166589
0,1031,1784881044.032377481,1490,14.900000201,8.041727354,-0.273525976,1.200000000,0.396691032
0,1031,1784881044.032377481,1491,14.910000201,8.045523365,-0.271553549,1.200000000,0.394187259
0,1031,1784881044.032377481,1492,14.920000201,8.049303301,-0.269590419,1.200000000,0.391655241
0,1031,1784881044.032377481,1493,14.930000201,8.053066945,-0.267636690,1.200000000,0.389094948
0,1031,1784881044.032377481,1494,14.940000201,8.056814075,-0.265692470,1.200000000,0.386506351
0,1031,1784881044.032377481,1495,14.950000201,8.060544458,-0.263757872,1.200000000,0.383889420
0,1031,1784881044.032377481,1496,14.960000201,8.064257855,-0.261833012,1.200000000,0.381244127
0,1031,1784881044.032377481,1497,14.970000201,8.067954017,-0.259918008,1.200000000,0.378570443
0,1031,1784881044.032377481,1498,14.980000201,8.071632688,-0.258012986,1.200000000,0.375868337
0,1031,1784881044.032377481,1499,14.990000201,8.075293602,-0.256118071,1.200000000,0.373137783
0,1031,1784881044.032377481,1500,15.000000201,8.078936483,-0.254233396,1.200000000,0.370378807
0,1031,1784881044.032377481,1501,15.010000201,8.082561049,-0.252359096,1.200000000,0.367591501
0,1031,1784881044.032377481,1502,15.020000201,8.086167006,-0.250495312,1.200000000,0.364775961
0,1031,1784881044.032377481,1503,15.030000201,8.089754052,-0.248642187,1.200000000,0.361932281
0,1031,1784881044.032377481,1504,15.040000201,8.093321873,-0.246799872,1.200000000,0.359060556
0,1031,1784881044.032377481,1505,15.050000201,8.096870148,-0.244968519,1.200000000,0.356160881
0,1031,1784881044.032377481,1506,15.060000201,8.100398545,-0.243148288,1.200000000,0.353233352
0,1031,1784881044.032377481,1507,15.070000201,8.103906721,-0.241339339,1.200000000,0.350278064
0,1031,1784881044.032377481,1508,15.080000201,8.107394323,-0.239541843,1.200000000,0.347295111
0,1031,1784881044.032377481,1509,15.090000201,8.110860988,-0.237755971,1.200000000,0.344284589
0,1031,1784881044.032377481,1510,15.100000201,8.114306341,-0.235981902,1.200000000,0.341246593
0,1031,1784881044.032377481,1511,15.110000201,8.117729998,-0.234219818,1.200000000,0.338181218
0,1031,1784881044.032377481,1512,15.120000201,8.121131563,-0.232469907,1.200000000,0.335088559
0,1031,1784881044.032377481,1513,15.130000201,8.124510630,-0.230732363,1.200000000,0.331968711
0,1031,1784881044.032377481,1514,15.140000201,8.127866780,-0.229007385,1.200000000,0.328821769
0,1031,1784881044.032377481,1515,15.150000201,8.131199586,-0.227295175,1.200000000,0.325647829
0,1031,1784881044.032377481,1516,15.160000201,8.134508606,-0.225595944,1.200000000,0.322446985
0,1031,1784881044.032377481,1517,15.170000201,8.137793391,-0.223909905,1.200000000,0.319219332
0,1031,1784881044.032377481,1518,15.180000201,8.141053478,-0.222237279,1.200000000,0.315964966
0,1031,1784881044.032377481,1519,15.190000201,8.144288394,-0.220578290,1.200000000,0.312683982
0,1031,1784881044.032377481,1520,15.200000201,8.147497655,-0.218933169,1.200000000,0.309376474
0,1031,1784881044.032377481,1521,15.210000201,8.150680766,-0.217302151,1.200000000,0.306042539
0,1031,1784881044.032377481,1522,15.220000201,8.153837221,-0.215685477,1.200000000,0.302682270
0,1031,1784881044.032377481,1523,15.230000201,8.156966504,-0.214083392,1.200000000,0.299295764
0,1031,1784881044.032377481,1524,15.240000201,8.160068088,-0.212496148,1.200000000,0.295883114
0,1031,1784881044.032377481,1525,15.250000201,8.163141438,-0.210923999,1.200000000,0.292444417
0,1031,1784881044.032377481,1526,15.260000201,8.166186005,-0.209367207,1.200000000,0.288979767
0,1031,1784881044.032377481,1527,15.270000201,8.169201235,-0.207826037,1.200000000,0.285489259
0,1031,1784881044.032377481,1528,15.280000201,8.172186562,-0.206300757,1.200000000,0.281972989
0,1031,1784881044.032377481,1529,15.290000201,8.175141412,-0.204791641,1.200000000,0.278431051
0,1031,1784881044.032377481,1530,15.300000201,8.178065203,-0.203298967,1.200000000,0.274863542
0,1031,1784881044.032377481,1531,15.310000201,8.180957345,-0.201823017,1.200000000,0.271270555
0,1031,1784881044.032377481,1532,15.320000201,8.183817241,-0.200364075,1.200000000,0.267652185
0,1031,1784881044.032377481,1533,15.330000201,8.186644287,-0.198922429,1.200000000,0.264008529
0,1031,1784881044.032377481,1534,15.340000201,8.189437872,-0.197498370,1.200000000,0.260339681
0,1031,1784881044.032377481,1535,15.350000201,8.192197383,-0.196092193,1.200000000,0.256645736
0,1031,1784881044.032377481,1536,15.360000201,8.194922199,-0.194704192,1.200000000,0.252926789
0,1031,1784881044.032377481,1537,15.370000201,8.197611696,-0.193334665,1.200000000,0.249182935
0,1031,1784881044.032377481,1538,15.380000201,8.200265248,-0.191983912,1.200000000,0.245414270
0,1031,1784881044.032377481,1539,15.390000201,8.202882227,-0.190652232,1.200000000,0.241620888
0,1031,1784881044.032377481,1540,15.400000201,8.205462004,-0.189339925,1.200000000,0.237802885
0,1031,1784881044.032377481,1541,15.410000201,8.208003949,-0.188047292,1.200000000,0.233960355
0,1031,1784881044.032377481,1542,15.420000201,8.210507434,-0.186774633,1.200000000,0.230093394
0,1031,1784881044.032377481,1543,15.430000201,8.212971834,-0.185522245,1.200000000,0.226202098
0,1031,1784881044.032377481,1544,15.440000201,8.215396527,-0.184290426,1.200000000,0.222286559
0,1031,1784881044.032377481,1545,15.450000201,8.217780895,-0.183079469,1.200000000,0.218346876
0,1031,1784881044.032377481,1546,15.460000201,8.220124327,-0.181889665,1.200000000,0.214383141
0,1031,1784881044.032377481,1547,15.470000201,8.222426222,-0.180721302,1.200000000,0.210395450
0,1031,1784881044.032377481,1548,15.480000201,8.224685985,-0.179574661,1.200000000,0.206383899
0,1031,1784881044.032377481,1549,15.490000201,8.226903034,-0.178450019,1.200000000,0.202348582
0,1031,1784881044.032377481,1550,15.500000201,8.229076798,-0.177347648,1.200000000,0.198289594
0,1031,1784881044.032377481,1551,15.510000201,8.231206722,-0.176267810,1.200000000,0.194207031
0,1031,1784881044.032377481,1552,15.520000201,8.233292267,-0.175210761,1.200000000,0.190101291
0,1031,1784881044.032377481,1553,15.530000201,8.235332911,-0.174176747,1.200000000,0.185974456
0,1031,1784881044.032377481,1554,15.540000201,8.237328154,-0.173166005,1.200000000,0.181829195
0,1031,1784881044.032377481,1555,15.550000201,8.239277518,-0.172178759,1.200000000,0.177668176
0,1031,1784881044.032377481,1556,15.560000201,8.241180546,-0.171215222,1.200000000,0.173494067
0,1031,1784881044.032377481,1557,15.570000201,8.243036814,-0.170275594,1.200000000,0.169309536
0,1031,1784881044.032377481,1558,15.580000201,8.244845920,-0.169360061,1.200000000,0.165117251
0,1031,1784881044.032377481,1559,15.590000201,8.246607499,-0.168468792,1.200000000,0.160919880
0,1031,1784881044.032377481,1560,15.600000201,8.248321215,-0.167601941,1.200000000,0.156720092
0,1031,1784881044.032377481,1561,15.610000201,8.249986771,-0.166759643,1.200000000,0.152520554
0,1031,1784881044.032377481,1562,15.620000201,8.251603907,-0.165942014,1.200000000,0.148323934
0,1031,1784881044.032377481,1563,15.630000201,8.253172401,-0.165149151,1.200000000,0.144132901
0,1031,1784881044.032377481,1564,15.640000201,8.254692076,-0.164381130,1.200000000,0.139950122
0,1031,1784881044.032377481,1565,15.650000201,8.256162800,-0.163638004,1.200000000,0.135778267
0,1031,1784881044.032377481,1566,15.660000201,8.257584485,-0.162919802,1.200000000,0.131620002
0,1031,1784881044.032377481,1567,15.670000201,8.258957095,-0.162226531,1.200000000,0.127477996
0,1031,1784881044.032377481,1568,15.680000201,8.260280643,-0.161558170,1.200000000,0.123354917
0,1031,1784881044.032377481,1569,15.690000201,8.261555195,-0.160914673,1.200000000,0.119253433
0,1031,1784881044.032377481,1570,15.700000201,8.262780871,-0.160295969,1.200000000,0.115176213
0,1031,1784881044.032377481,1571,15.710000201,8.263957849,-0.159701955,1.200000000,0.111125924
0,1031,1784881044.032377481,1572,15.720000201,8.265086362,-0.159132502,1.200000000,0.107105234
0,1031,1784881044.032377481,1573,15.730000201,8.266166704,-0.158587452,1.200000000,0.103116812
0,1031,1784881044.032377481,1574,15.740000201,8.267199229,-0.158066615,1.200000000,0.099163325
0,1031,1784881044.032377481,1575,15.750000201,8.268184352,-0.157569771,1.200000000,0.095247442
0,1031,1784881044.032377481,1576,15.760000201,8.269122551,-0.157096670,1.200000000,0.091371831
0,1031,1784881044.032377481,1577,15.770000201,8.270014367,-0.156647029,1.200000000,0.087539160
0,1031,1784881044.032377481,1578,15.780000201,8.270860404,-0.156220535,1.200000000,0.083752097
0,1031,1784881044.032377481,1579,15.790000201,8.271661331,-0.155816843,1.200000000,0.080013310
0,1031,1784881044.032377481,1580,15.800000201,8.272417881,-0.155435575,1.200000000,0.076325467
0,1031,1784881044.032377481,1581,15.810000201,8.273130850,-0.155076321,1.200000000,0.072691237
0,1031,1784881044.032377481,1582,15.820000201,8.273801098,-0.154738640,1.200000000,0.069113287
0,1031,1784881044.032377481,1583,15.830000201,8.274429550,-0.154422061,1.200000000,0.065594285
0,1031,1784881044.032377481,1584,15.840000201,8.275017190,-0.154126080,1.200000000,0.062136900
0,1031,1784881044.032377481,1585,15.850000201,8.275565065,-0.153850164,1.200000000,0.058743799
0,1031,1784881044.032377481,1586,15.860000201,8.276074282,-0.153593750,1.200000000,0.055417652
0,1031,1784881044.032377481,1587,15.870000201,8.276546004,-0.153356246,1.200000000,0.052161125
0,1031,1784881044.032377481,1588,15.880000201,8.276981450,-0.153137032,1.200000000,0.048976887
0,1031,1784881044.032377481,1589,15.890000201,8.277381894,-0.152935463,1.200000000,0.045867607
0,1031,1784881044.032377481,1590,15.900000201,8.277748659,-0.152750868,1.200000000,0.042835951
0,1031,1784881044.032377481,1591,15.910000201,8.278083117,-0.152582553,1.200000000,0.039884589
0,1031,1784881044.032377481,1592,15.920000201,8.278386683,-0.152429801,1.200000000,0.037016188
0,1031,1784881044.032377481,1593,15.930000201,8.278660812,-0.152291876,1.200000000,0.034233416
0,1031,1784881044.032377481,1594,15.940000201,8.278906996,-0.152168025,1.200000000,0.031538942
0,1031,1784881044.032377481,1595,15.950000201,8.279126758,-0.152057477,1.200000000,0.028935434
0,1031,1784881044.032377481,1596,15.960000201,8.279321647,-0.151959451,1.200000000,0.026425560
0,1031,1784881044.032377481,1597,15.970000201,8.279493235,-0.151873154,1.200000000,0.024011987
0,1031,1784881044.032377481,1598,15.980000201,8.279643108,-0.151797785,1.200000000,0.021697384
0,1031,1784881044.032377481,1599,15.990000201,8.279772860,-0.151732541,1.200000000,0.019484419
0,1031,1784881044.032377481,1600,16.000000201,8.279884088,-0.151676616,1.200000000,0.017375761
0,1031,1784881044.032377481,1601,16.010000201,8.279978385,-0.151629208,1.200000000,0.015374076
0,1031,1784881044.032377481,1602,16.020000201,8.280057329,-0.151589522,1.200000000,0.013482034
0,1031,1784881044.032377481,1603,16.030000201,8.280122480,-0.151556773,1.200000000,0.011702302
0,1031,1784881044.032377481,1604,16.040000201,8.280175367,-0.151530191,1.200000000,0.010037549
0,1031,1784881044.032377481,1605,16.050000201,8.280217479,-0.151509027,1.200000000,0.008490442
0,1031,1784881044.032377481,1606,16.060000201,8.280250258,-0.151492554,1.200000000,0.007063651
0,1031,1784881044.032377481,1607,16.070000201,8.280275087,-0.151480077,1.200000000,0.005759841
0,1031,1784881044.032377481,1608,16.080000201,8.280293280,-0.151470936,1.200000000,0.004581683
0,1031,1784881044.032377481,1609,16.090000201,8.280306068,-0.151464511,1.200000000,0.003531844
0,1031,1784881044.032377481,1610,16.100000201,8.280314592,-0.151460229,1.200000000,0.002612992
0,1031,1784881044.032377481,1611,16.110000201,8.280319884,-0.151457570,1.200000000,0.001827795
0,1031,1784881044.032377481,1612,16.120000201,8.280322862,-0.151456074,1.200000000,0.001178921
0,1031,1784881044.032377481,1613,16.130000201,8.280324308,-0.151455347,1.200000000,0.000669039
0,1031,1784881044.032377481,1614,16.140000201,8.280324860,-0.151455071,1.200000000,0.000300816
0,1031,1784881044.032377481,1615,16.150000201,8.280324991,-0.151455005,1.200000000,0.000076921
0,1031,1784881044.032377481,1616,16.160000201,8.280325000,-0.151455000,1.200000000,0.000000021
0,1031,1784881044.032377481,1617,16.160168048,8.280325000,-0.151455000,1.200000000,-0.000000000
