stamp,elapsed,x,y,z,yaw
1784881036.281257629,0.000000693,-0.261959000,-0.006230000,1.200000000,-0.039639000
1784881036.291257620,0.010000693,-0.261958995,-0.006229999,1.200000000,-0.039642132
1784881036.301257610,0.020000693,-0.261958925,-0.006229991,1.200000000,-0.039651411
1784881036.311257601,0.030000693,-0.261958625,-0.006229954,1.200000000,-0.039666661
1784881036.321257591,0.040000693,-0.261957829,-0.006229857,1.200000000,-0.039687706
1784881036.331257582,0.050000693,-0.261956175,-0.006229655,1.200000000,-0.039714371
1784881036.341257572,0.060000693,-0.261953211,-0.006229293,1.200000000,-0.039746478
1784881036.351257563,0.070000693,-0.261948399,-0.006228705,1.200000000,-0.039783853
1784881036.361257553,0.080000693,-0.261941126,-0.006227815,1.200000000,-0.039826319
1784881036.371257544,0.090000693,-0.261930704,-0.006226541,1.200000000,-0.039873700
1784881036.381257534,0.100000693,-0.261916378,-0.006224788,1.200000000,-0.039925821
1784881036.391257524,0.110000693,-0.261897330,-0.006222457,1.200000000,-0.039982505
1784881036.401257515,0.120000693,-0.261872685,-0.006219440,1.200000000,-0.040043577
1784881036.411257505,0.130000693,-0.261841514,-0.006215623,1.200000000,-0.040108860
1784881036.421257496,0.140000693,-0.261802843,-0.006210887,1.200000000,-0.040178179
1784881036.431257725,0.150000693,-0.261755651,-0.006205105,1.200000000,-0.040251358
1784881036.441257715,0.160000693,-0.261698882,-0.006198147,1.200000000,-0.040328221
1784881036.451257706,0.170000693,-0.261631441,-0.006189879,1.200000000,-0.040408591
1784881036.461257696,0.180000693,-0.261552205,-0.006180161,1.200000000,-0.040492293
1784881036.471257687,0.190000693,-0.261460023,-0.006168853,1.200000000,-0.040579152
1784881036.481257677,0.200000693,-0.261353721,-0.006155808,1.200000000,-0.040668990
1784881036.491257668,0.210000693,-0.261232105,-0.006140879,1.200000000,-0.040761632
1784881036.501257658,0.220000693,-0.261093968,-0.006123916,1.200000000,-0.040856903
1784881036.511257648,0.230000693,-0.260938087,-0.006104767,1.200000000,-0.040954625
1784881036.521257639,0.240000693,-0.260763230,-0.006083281,1.200000000,-0.041054624
1784881036.531257629,0.250000693,-0.260568161,-0.006059303,1.200000000,-0.041156724
1784881036.541257620,0.260000693,-0.260351638,-0.006032679,1.200000000,-0.041260747
1784881036.551257610,0.270000693,-0.260112421,-0.006003254,1.200000000,-0.041366519
1784881036.561257601,0.280000693,-0.259849271,-0.005970874,1.200000000,-0.041473864
1784881036.571257591,0.290000693,-0.259560953,-0.005935385,1.200000000,-0.041582605
1784881036.581257582,0.300000693,-0.259246240,-0.005896633,1.200000000,-0.041692566
1784881036.591257572,0.310000693,-0.258903916,-0.005854466,1.200000000,-0.041803573
1784881036.601257563,0.320000693,-0.258532774,-0.005808733,1.200000000,-0.041915448
1784881036.611257553,0.330000693,-0.258131624,-0.005759284,1.200000000,-0.042028016
1784881036.621257544,0.340000693,-0.257699290,-0.005705972,1.200000000,-0.042141100
1784881036.631257534,0.350000693,-0.257234613,-0.005648650,1.200000000,-0.042254526
1784881036.641257524,0.360000693,-0.256736456,-0.005587175,1.200000000,-0.042368117
1784881036.651257515,0.370000693,-0.256203702,-0.005521406,1.200000000,-0.042481696
1784881036.661257505,0.380000693,-0.255635257,-0.005451204,1.200000000,-0.042595089
1784881036.671257496,0.390000693,-0.255030050,-0.005376434,1.200000000,-0.042708119
1784881036.681257725,0.400000693,-0.254387039,-0.005296962,1.200000000,-0.042820610
1784881036.691257715,0.410000693,-0.253705204,-0.005212659,1.200000000,-0.042932386
1784881036.701257706,0.420000693,-0.252983557,-0.005123398,1.200000000,-0.043043272
1784881036.711257696,0.430000693,-0.252221138,-0.005029057,1.200000000,-0.043153091
1784881036.721257687,0.440000693,-0.251417017,-0.004929516,1.200000000,-0.043261667
1784881036.731257677,0.450000693,-0.250570295,-0.004824660,1.200000000,-0.043368825
1784881036.741257668,0.460000693,-0.249680104,-0.004714375,1.200000000,-0.043474389
1784881036.751257658,0.470000693,-0.248745611,-0.004598554,1.200000000,-0.043578182
1784881036.761257648,0.480000693,-0.247766013,-0.004477093,1.200000000,-0.043680029
1784881036.771257639,0.490000693,-0.246740543,-0.004349890,1.200000000,-0.043779753
1784881036.781257629,0.500000693,-0.245668467,-0.004216851,1.200000000,-0.043877180
1784881036.791257620,0.510000693,-0.244549087,-0.004077883,1.200000000,-0.043972132
1784881036.801257610,0.520000693,-0.243381739,-0.003932898,1.200000000,-0.044064434
1784881036.811257601,0.530000693,-0.242165795,-0.003781813,1.200000000,-0.044153910
1784881036.821257591,0.540000693,-0.240900660,-0.003624547,1.200000000,-0.044240384
1784881036.831257582,0.550000693,-0.239585778,-0.003461026,1.200000000,-0.044323681
1784881036.841257572,0.560000693,-0.238220627,-0.003291179,1.200000000,-0.044403623
1784881036.851257563,0.570000693,-0.236804721,-0.003114938,1.200000000,-0.044480036
1784881036.861257553,0.580000693,-0.235337608,-0.002932243,1.200000000,-0.044552743
1784881036.871257544,0.590000693,-0.233818874,-0.002743035,1.200000000,-0.044621568
1784881036.881257534,0.600000693,-0.232248138,-0.002547259,1.200000000,-0.044686335
1784881036.891257524,0.610000693,-0.230625057,-0.002344868,1.200000000,-0.044746869
1784881036.901257515,0.620000693,-0.228949320,-0.002135814,1.200000000,-0.044802994
1784881036.911257505,0.630000693,-0.227220651,-0.001920058,1.200000000,-0.044854533
1784881036.921257496,0.640000693,-0.225438809,-0.001697562,1.200000000,-0.044901311
1784881036.931257725,0.650000693,-0.223603587,-0.001468293,1.200000000,-0.044943151
1784881036.941257715,0.660000693,-0.221714810,-0.001232223,1.200000000,-0.044979879
1784881036.951257706,0.670000693,-0.219772337,-0.000989327,1.200000000,-0.045011317
1784881036.961257696,0.680000693,-0.217776057,-0.000739585,1.200000000,-0.045037290
1784881036.971257687,0.690000693,-0.215725894,-0.000482978,1.200000000,-0.045057621
1784881036.981257677,0.700000693,-0.213621801,-0.000219495,1.200000000,-0.045072136
1784881036.991257668,0.710000693,-0.211463760,0.000050873,1.200000000,-0.045080658
1784881037.001257658,0.720000693,-0.209251787,0.000328133,1.200000000,-0.045083011
1784881037.011257648,0.730000693,-0.206985924,0.000612287,1.200000000,-0.045079019
1784881037.021257639,0.740000693,-0.204666241,0.000903332,1.200000000,-0.045068507
1784881037.031257629,0.750000693,-0.202292837,0.001201264,1.200000000,-0.045051297
1784881037.041257620,0.760000693,-0.199865838,0.001506075,1.200000000,-0.045027215
1784881037.051257610,0.770000693,-0.197385395,0.001817752,1.200000000,-0.044996085
1784881037.061257601,0.780000693,-0.194851685,0.002136281,1.200000000,-0.044957729
1784881037.071257591,0.790000693,-0.192264910,0.002461644,1.200000000,-0.044911974
1784881037.081257582,0.800000693,-0.189625296,0.002793819,1.200000000,-0.044858642
1784881037.091257572,0.810000693,-0.186933089,0.003132783,1.200000000,-0.044797557
1784881037.101257563,0.820000693,-0.184188561,0.003478510,1.200000000,-0.044728545
1784881037.111257553,0.830000693,-0.181392003,0.003830968,1.200000000,-0.044651428
1784881037.121257544,0.840000693,-0.178543726,0.004190127,1.200000000,-0.044566030
1784881037.131257534,0.850000693,-0.175644063,0.004555952,1.200000000,-0.044472177
1784881037.141257524,0.860000693,-0.172693363,0.004928406,1.200000000,-0.044369692
1784881037.151257515,0.870000693,-0.169691995,0.005307449,1.200000000,-0.044258399
1784881037.161257505,0.880000693,-0.166640344,0.005693039,1.200000000,-0.044138121
1784881037.171257496,0.890000693,-0.163538812,0.006085132,1.200000000,-0.044008685
1784881037.181257725,0.900000693,-0.160387815,0.006483683,1.200000000,-0.043869994
1784881037.191257715,0.910000693,-0.157187786,0.006888644,1.200000000,-0.043722135
1784881037.201257706,0.920000693,-0.153939171,0.007299965,1.200000000,-0.043565218
1784881037.211257696,0.930000693,-0.150642428,0.007717593,1.200000000,-0.043399352
1784881037.221257687,0.940000693,-0.147298029,0.008141476,1.200000000,-0.043224647
1784881037.231257677,0.950000693,-0.143906458,0.008571559,1.200000000,-0.043041214
1784881037.241257668,0.960000693,-0.140468208,0.009007785,1.200000000,-0.042849161
1784881037.251257658,0.970000693,-0.136983785,0.009450096,1.200000000,-0.042648599
1784881037.261257648,0.980000693,-0.133453702,0.009898433,1.200000000,-0.042439638
1784881037.271257639,0.990000693,-0.129878484,0.010352735,1.200000000,-0.042222388
1784881037.281257629,1.000000693,-0.126258661,0.010812940,1.200000000,-0.041996958
1784881037.291257620,1.010000693,-0.122594773,0.011278985,1.200000000,-0.041763458
1784881037.301257610,1.020000693,-0.118887367,0.011750805,1.200000000,-0.041521998
1784881037.311257601,1.030000693,-0.115136995,0.012228336,1.200000000,-0.041272688
1784881037.321257591,1.040000693,-0.111344217,0.012711511,1.200000000,-0.041015637
1784881037.331257582,1.050000693,-0.107509596,0.013200263,1.200000000,-0.040750957
1784881037.341257572,1.060000693,-0.103633702,0.013694525,1.200000000,-0.040478756
1784881037.351257563,1.070000693,-0.099717107,0.014194228,1.200000000,-0.040199144
1784881037.361257553,1.080000693,-0.095760389,0.014699302,1.200000000,-0.039912231
1784881037.371257544,1.090000693,-0.091764127,0.015209677,1.200000000,-0.039618127
1784881037.381257534,1.100000693,-0.087728903,0.015725284,1.200000000,-0.039316942
1784881037.391257524,1.110000693,-0.083655302,0.016246052,1.200000000,-0.039008786
1784881037.401257515,1.120000693,-0.079543911,0.016771908,1.200000000,-0.038693768
1784881037.411257505,1.130000693,-0.075395316,0.017302782,1.200000000,-0.038371998
1784881037.421257496,1.140000693,-0.071210106,0.017838601,1.200000000,-0.038043587
1784881037.431257725,1.150000693,-0.066988868,0.018379294,1.200000000,-0.037708644
1784881037.441257715,1.160000693,-0.062732191,0.018924787,1.200000000,-0.037367279
1784881037.451257706,1.170000693,-0.058440662,0.019475008,1.200000000,-0.037019601
1784881037.461257696,1.180000693,-0.054114867,0.020029884,1.200000000,-0.036665722
1784881037.471257687,1.190000693,-0.049755391,0.020589343,1.200000000,-0.036305749
1784881037.481257677,1.200000693,-0.045362816,0.021153312,1.200000000,-0.035939794
1784881037.491257668,1.210000693,-0.040937724,0.021721718,1.200000000,-0.035567966
1784881037.501257658,1.220000693,-0.036480693,0.022294489,1.200000000,-0.035190375
1784881037.511257648,1.230000693,-0.031992297,0.022871552,1.200000000,-0.034807131
1784881037.521257639,1.240000693,-0.027473109,0.023452835,1.200000000,-0.034418343
1784881037.531257629,1.250000693,-0.022923696,0.024038266,1.200000000,-0.034024122
1784881037.541257620,1.260000693,-0.018344623,0.024627773,1.200000000,-0.033624578
1784881037.551257610,1.270000693,-0.013736449,0.025221285,1.200000000,-0.033219820
1784881037.561257601,1.280000693,-0.009099731,0.025818731,1.200000000,-0.032809957
1784881037.571257591,1.290000693,-0.004435018,0.026420040,1.200000000,-0.032395101
1784881037.581257582,1.300000693,0.000257144,0.027025141,1.200000000,-0.031975360
1784881037.591257572,1.310000693,0.004976216,0.027633966,1.200000000,-0.031550845
1784881037.601257563,1.320000693,0.009721662,0.028246444,1.200000000,-0.031121666
1784881037.611257553,1.330000693,0.014492955,0.028862508,1.200000000,-0.030687932
1784881037.621257544,1.340000693,0.019289573,0.029482088,1.200000000,-0.030249753
1784881037.631257534,1.350000693,0.024110999,0.030105117,1.200000000,-0.029807239
1784881037.641257524,1.360000693,0.028956725,0.030731529,1.200000000,-0.029360499
1784881037.651257515,1.370000693,0.033826248,0.031361257,1.200000000,-0.028909645
1784881037.661257505,1.380000693,0.038719073,0.031994236,1.200000000,-0.028454785
1784881037.671257496,1.390000693,0.043634711,0.032630400,1.200000000,-0.027996029
1784881037.681257725,1.400000693,0.048572683,0.033269685,1.200000000,-0.027533488
1784881037.691257715,1.410000693,0.053532514,0.033912029,1.200000000,-0.027067271
1784881037.701257706,1.420000693,0.058513739,0.034557368,1.200000000,-0.026597487
1784881037.711257696,1.430000693,0.063515900,0.035205641,1.200000000,-0.026124248
1784881037.721257687,1.440000693,0.068538549,0.035856787,1.200000000,-0.025647662
1784881037.731257677,1.450000693,0.073581242,0.036510746,1.200000000,-0.025167840
1784881037.741257668,1.460000693,0.078643548,0.037167458,1.200000000,-0.024684890
1784881037.751257658,1.470000693,0.083725041,0.037826866,1.200000000,-0.024198924
1784881037.761257648,1.480000693,0.088825306,0.038488912,1.200000000,-0.023710051
1784881037.771257639,1.490000693,0.093943933,0.039153539,1.200000000,-0.023218381
1784881037.781257629,1.500000693,0.099080524,0.039820692,1.200000000,-0.022724024
1784881037.791257620,1.510000693,0.104234689,0.040490317,1.200000000,-0.022227089
1784881037.801257610,1.520000693,0.109406047,0.041162360,1.200000000,-0.021727687
1784881037.811257601,1.530000693,0.114594225,0.041836769,1.200000000,-0.021225926
1784881037.821257591,1.540000693,0.119798858,0.042513492,1.200000000,-0.020721918
1784881037.831257582,1.550000693,0.125019594,0.043192478,1.200000000,-0.020215772
1784881037.841257572,1.560000693,0.130256086,0.043873678,1.200000000,-0.019707598
1784881037.851257563,1.570000693,0.135507999,0.044557044,1.200000000,-0.019197505
1784881037.861257553,1.580000693,0.140775004,0.045242528,1.200000000,-0.018685604
1784881037.871257544,1.590000693,0.146056784,0.045930084,1.200000000,-0.018172004
1784881037.881257534,1.600000693,0.151353031,0.046619667,1.200000000,-0.017656815
1784881037.891257524,1.610000693,0.156663444,0.047311233,1.200000000,-0.017140147
1784881037.901257515,1.620000693,0.161987734,0.048004738,1.200000000,-0.016622110
1784881037.911257505,1.630000693,0.167325618,0.048700140,1.200000000,-0.016102814
1784881037.921257496,1.640000693,0.172676826,0.049397399,1.200000000,-0.015582368
1784881037.931257725,1.650000693,0.178041095,0.050096475,1.200000000,-0.015060883
1784881037.941257715,1.660000693,0.183418169,0.050797330,1.200000000,-0.014538468
1784881037.951257706,1.670000693,0.188807807,0.051499925,1.200000000,-0.014015233
1784881037.961257696,1.680000693,0.194209771,0.052204224,1.200000000,-0.013491288
1784881037.971257687,1.690000693,0.199623835,0.052910191,1.200000000,-0.012966743
1784881037.981257677,1.700000693,0.205049783,0.053617794,1.200000000,-0.012441708
1784881037.991257668,1.710000693,0.210487405,0.054326997,1.200000000,-0.011916292
1784881038.001257658,1.720000693,0.215936503,0.055037771,1.200000000,-0.011390605
1784881038.011257648,1.730000693,0.221396886,0.055750082,1.200000000,-0.010864758
1784881038.021257639,1.740000693,0.226868371,0.056463902,1.200000000,-0.010338859
1784881038.031257629,1.750000693,0.232350786,0.057179202,1.200000000,-0.009813020
1784881038.041257620,1.760000693,0.237843967,0.057895955,1.200000000,-0.009287349
1784881038.051257610,1.770000693,0.243347756,0.058614133,1.200000000,-0.008761956
1784881038.061257601,1.780000693,0.248862007,0.059333712,1.200000000,-0.008236953
1784881038.071257591,1.790000693,0.254386581,0.060054666,1.200000000,-0.007712447
1784881038.081257582,1.800000693,0.259921347,0.060776974,1.200000000,-0.007188549
1784881038.091257572,1.810000693,0.265466182,0.061500612,1.200000000,-0.006665370
1784881038.101257563,1.820000693,0.271020971,0.062225560,1.200000000,-0.006143018
1784881038.111257553,1.830000693,0.276585607,0.062951797,1.200000000,-0.005621604
1784881038.121257544,1.840000693,0.282159993,0.063679304,1.200000000,-0.005101238
1784881038.131257534,1.850000693,0.287744036,0.064408065,1.200000000,-0.004582028
1784881038.141257524,1.860000693,0.293337654,0.065138060,1.200000000,-0.004064086
1784881038.151257515,1.870000693,0.298940770,0.065869276,1.200000000,-0.003547521
1784881038.161257505,1.880000693,0.304553315,0.066601697,1.200000000,-0.003032443
1784881038.171257496,1.890000693,0.310175229,0.067335309,1.200000000,-0.002518962
1784881038.181257725,1.900000693,0.315806456,0.068070099,1.200000000,-0.002007187
1784881038.191257715,1.910000693,0.321446950,0.068806055,1.200000000,-0.001497228
1784881038.201257706,1.920000693,0.327096669,0.069543168,1.200000000,-0.000989196
1784881038.211257696,1.930000693,0.332755580,0.070281425,1.200000000,-0.000483200
1784881038.221257687,1.940000693,0.338423656,0.071020820,1.200000000,0.000020650
1784881038.231257677,1.950000693,0.344100875,0.071761343,1.200000000,0.000522244
1784881038.241257668,1.960000693,0.349787223,0.072502988,1.200000000,0.001021472
1784881038.251257658,1.970000693,0.355482691,0.073245748,1.200000000,0.001518226
1784881038.261257648,1.980000693,0.361187276,0.073989619,1.200000000,0.002012393
1784881038.271257639,1.990000693,0.366900980,0.074734595,1.200000000,0.002503866
1784881038.281257629,2.000000693,0.372623814,0.075480673,1.200000000,0.002992533
1784881038.291257620,2.010000693,0.378355789,0.076227851,1.200000000,0.003478286
1784881038.301257610,2.020000693,0.384096926,0.076976127,1.200000000,0.003961014
1784881038.311257601,2.030000693,0.389847249,0.077725500,1.200000000,0.004440607
1784881038.321257591,2.040000693,0.395606787,0.078475969,1.200000000,0.004916956
1784881038.331257582,2.050000693,0.401375574,0.079227535,1.200000000,0.005389950
1784881038.341257572,2.060000693,0.407153649,0.079980201,1.200000000,0.005859480
1784881038.351257563,2.070000693,0.412941055,0.080733967,1.200000000,0.006325437
1784881038.361257553,2.080000693,0.418737838,0.081488836,1.200000000,0.006787709
1784881038.371257544,2.090000693,0.424544051,0.082244813,1.200000000,0.007246188
1784881038.381257534,2.100000693,0.430359748,0.083001902,1.200000000,0.007700764
1784881038.391257524,2.110000693,0.436184988,0.083760108,1.200000000,0.008151326
1784881038.401257515,2.120000693,0.442019834,0.084519436,1.200000000,0.008597765
1784881038.411257505,2.130000693,0.447864351,0.085279892,1.200000000,0.009039970
1784881038.421257496,2.140000693,0.453718609,0.086041485,1.200000000,0.009477833
1784881038.431257725,2.150000693,0.459582680,0.086804222,1.200000000,0.009911243
1784881038.441257715,2.160000693,0.465456638,0.087568110,1.200000000,0.010340091
1784881038.451257706,2.170000693,0.471340561,0.088333158,1.200000000,0.010764266
1784881038.461257696,2.180000693,0.477234529,0.089099377,1.200000000,0.011183659
1784881038.471257687,2.190000693,0.483138625,0.089866776,1.200000000,0.011598159
1784881038.481257677,2.200000693,0.489052932,0.090635365,1.200000000,0.012007658
1784881038.491257668,2.210000693,0.494977537,0.091405156,1.200000000,0.012412045
1784881038.501257658,2.220000693,0.500912529,0.092176160,1.200000000,0.012811210
1784881038.511257648,2.230000693,0.506857997,0.092948389,1.200000000,0.013205044
1784881038.521257639,2.240000693,0.512814032,0.093721856,1.200000000,0.013593436
1784881038.531257629,2.250000693,0.518780726,0.094496572,1.200000000,0.013976277
1784881038.541257620,2.260000693,0.524758174,0.095272553,1.200000000,0.014353457
1784881038.551257610,2.270000693,0.530746469,0.096049811,1.200000000,0.014724866
1784881038.561257601,2.280000693,0.536745707,0.096828360,1.200000000,0.015090394
1784881038.571257591,2.290000693,0.542755984,0.097608215,1.200000000,0.015449932
1784881038.581257582,2.300000693,0.548777395,0.098389390,1.200000000,0.015803369
1784881038.591257572,2.310000693,0.554810038,0.099171902,1.200000000,0.016150596
1784881038.601257563,2.320000693,0.560854008,0.099955764,1.200000000,0.016491503
1784881038.611257553,2.330000693,0.566909402,0.100740994,1.200000000,0.016825980
1784881038.621257544,2.340000693,0.572976315,0.101527606,1.200000000,0.017153917
1784881038.631257534,2.350000693,0.579054845,0.102315617,1.200000000,0.017475204
1784881038.641257524,2.360000693,0.585145086,0.103105044,1.200000000,0.017789731
1784881038.651257515,2.370000693,0.591247132,0.103895903,1.200000000,0.018097390
1784881038.661257505,2.380000693,0.597361078,0.104688211,1.200000000,0.018398069
1784881038.671257496,2.390000693,0.603487015,0.105481985,1.200000000,0.018691659
1784881038.681257725,2.400000693,0.609625036,0.106277242,1.200000000,0.018978050
1784881038.691257715,2.410000693,0.615775230,0.107074000,1.200000000,0.019257132
1784881038.701257706,2.420000693,0.621937687,0.107872276,1.200000000,0.019528796
1784881038.711257696,2.430000693,0.628112493,0.108672087,1.200000000,0.019792931
1784881038.721257687,2.440000693,0.634299734,0.109473451,1.200000000,0.020049428
1784881038.731257677,2.450000693,0.640499494,0.110276386,1.200000000,0.020298177
1784881038.741257668,2.460000693,0.646711855,0.111080910,1.200000000,0.020539068
1784881038.751257658,2.470000693,0.652936897,0.111887040,1.200000000,0.020771993
1784881038.761257648,2.480000693,0.659174696,0.112694795,1.200000000,0.020996934
1784881038.771257639,2.490000693,0.665425328,0.113504191,1.200000000,0.021213977
1784881038.781257629,2.500000693,0.671688867,0.114315248,1.200000000,0.021423214
1784881038.791257620,2.510000693,0.677965382,0.115127981,1.200000000,0.021624738
1784881038.801257610,2.520000693,0.684254941,0.115942410,1.200000000,0.021818643
1784881038.811257601,2.530000693,0.690557610,0.116758552,1.200000000,0.022005022
1784881038.821257591,2.540000693,0.696873450,0.117576425,1.200000000,0.022183967
1784881038.831257582,2.550000693,0.703202521,0.118396045,1.200000000,0.022355571
1784881038.841257572,2.560000693,0.709544879,0.119217431,1.200000000,0.022519928
1784881038.851257563,2.570000693,0.715900578,0.120040599,1.200000000,0.022677130
1784881038.861257553,2.580000693,0.722269667,0.120865567,1.200000000,0.022827271
1784881038.871257544,2.590000693,0.728652195,0.121692352,1.200000000,0.022970442
1784881038.881257534,2.600000693,0.735048203,0.122520970,1.200000000,0.023106737
1784881038.891257524,2.610000693,0.741457734,0.123351438,1.200000000,0.023236250
1784881038.901257515,2.620000693,0.747880823,0.124183773,1.200000000,0.023359073
1784881038.911257505,2.630000693,0.754317505,0.125017990,1.200000000,0.023475298
1784881038.921257496,2.640000693,0.760767808,0.125854107,1.200000000,0.023585020
1784881038.931257725,2.650000693,0.767231760,0.126692137,1.200000000,0.023688330
1784881038.941257715,2.660000693,0.773709383,0.127532098,1.200000000,0.023785322
1784881038.951257706,2.670000693,0.780200696,0.128374004,1.200000000,0.023876089
1784881038.961257696,2.680000693,0.786705714,0.129217870,1.200000000,0.023960723
1784881038.971257687,2.690000693,0.793224449,0.130063712,1.200000000,0.024039318
1784881038.981257677,2.700000693,0.799756909,0.130911543,1.200000000,0.024111967
1784881038.991257668,2.710000693,0.806303096,0.131761377,1.200000000,0.024178762
1784881039.001257658,2.720000693,0.812863012,0.132613229,1.200000000,0.024239797
1784881039.011257648,2.730000693,0.819436652,0.133467112,1.200000000,0.024295164
1784881039.021257639,2.740000693,0.826024008,0.134323040,1.200000000,0.024344956
1784881039.031257629,2.750000693,0.832625068,0.135181024,1.200000000,0.024389267
1784881039.041257620,2.760000693,0.839239817,0.136041077,1.200000000,0.024428189
1784881039.051257610,2.770000693,0.845868234,0.136903212,1.200000000,0.024461815
1784881039.061257601,2.780000693,0.852510295,0.137767440,1.200000000,0.024490239
1784881039.071257591,2.790000693,0.859165974,0.138633773,1.200000000,0.024513552
1784881039.081257582,2.800000693,0.865835237,0.139502222,1.200000000,0.024531849
1784881039.091257572,2.810000693,0.872518048,0.140372796,1.200000000,0.024545221
1784881039.101257563,2.820000693,0.879214368,0.141245507,1.200000000,0.024553762
1784881039.111257553,2.830000693,0.885924153,0.142120363,1.200000000,0.024557566
1784881039.121257544,2.840000693,0.892647354,0.142997374,1.200000000,0.024556724
1784881039.131257534,2.850000693,0.899383918,0.143876550,1.200000000,0.024551330
1784881039.141257524,2.860000693,0.906133791,0.144757898,1.200000000,0.024541476
1784881039.151257515,2.870000693,0.912896911,0.145641426,1.200000000,0.024527257
1784881039.161257505,2.880000693,0.919673214,0.146527141,1.200000000,0.024508764
1784881039.171257496,2.890000693,0.926462632,0.147415052,1.200000000,0.024486090
1784881039.181257725,2.900000693,0.933265093,0.148305163,1.200000000,0.024459329
1784881039.191257715,2.910000693,0.940080520,0.149197482,1.200000000,0.024428573
1784881039.201257706,2.920000693,0.946908833,0.150092014,1.200000000,0.024393916
1784881039.211257696,2.930000693,0.953749948,0.150988763,1.200000000,0.024355450
1784881039.221257687,2.940000693,0.960603777,0.151887734,1.200000000,0.024313269
1784881039.231257677,2.950000693,0.967470227,0.152788931,1.200000000,0.024267464
1784881039.241257668,2.960000693,0.974349204,0.153692359,1.200000000,0.024218130
1784881039.251257658,2.970000693,0.981240607,0.154598018,1.200000000,0.024165359
1784881039.261257648,2.980000693,0.988144334,0.155505913,1.200000000,0.024109244
1784881039.271257639,2.990000693,0.995060276,0.156416045,1.200000000,0.024049879
1784881039.281257629,3.000000693,1.001988324,0.157328414,1.200000000,0.023987355
1784881039.291257620,3.010000693,1.008928362,0.158243023,1.200000000,0.023921766
1784881039.301257610,3.020000693,1.015880273,0.159159871,1.200000000,0.023853205
1784881039.311257601,3.030000693,1.022843935,0.160078957,1.200000000,0.023781764
1784881039.321257591,3.040000693,1.029819222,0.161000282,1.200000000,0.023707538
1784881039.331257582,3.050000693,1.036806006,0.161923843,1.200000000,0.023630618
1784881039.341257572,3.060000693,1.043804155,0.162849637,1.200000000,0.023551098
1784881039.351257563,3.070000693,1.050813532,0.163777664,1.200000000,0.023469070
1784881039.361257553,3.080000693,1.057834000,0.164707919,1.200000000,0.023384628
1784881039.371257544,3.090000693,1.064865415,0.165640398,1.200000000,0.023297864
1784881039.381257534,3.100000693,1.071907632,0.166575097,1.200000000,0.023208872
1784881039.391257524,3.110000693,1.078960503,0.167512011,1.200000000,0.023117745
1784881039.401257515,3.120000693,1.086023876,0.168451135,1.200000000,0.023024574
1784881039.411257505,3.130000693,1.093097595,0.169392461,1.200000000,0.022929454
1784881039.421257496,3.140000693,1.100181503,0.170335984,1.200000000,0.022832477
1784881039.431257725,3.150000693,1.107275440,0.171281696,1.200000000,0.022733736
1784881039.441257715,3.160000693,1.114379241,0.172229588,1.200000000,0.022633325
1784881039.451257706,3.170000693,1.121492739,0.173179652,1.200000000,0.022531335
1784881039.461257696,3.180000693,1.128615767,0.174131878,1.200000000,0.022427861
1784881039.471257687,3.190000693,1.135748151,0.175086257,1.200000000,0.022322994
1784881039.481257677,3.200000693,1.142889716,0.176042778,1.200000000,0.022216828
1784881039.491257668,3.210000693,1.150040287,0.177001430,1.200000000,0.022109457
1784881039.501257658,3.220000693,1.157199683,0.177962201,1.200000000,0.022000971
1784881039.511257648,3.230000693,1.164367722,0.178925077,1.200000000,0.021891466
1784881039.521257639,3.240000693,1.171544219,0.179890048,1.200000000,0.021781034
1784881039.531257629,3.250000693,1.178728989,0.180857097,1.200000000,0.021669767
1784881039.541257620,3.260000693,1.185921842,0.181826212,1.200000000,0.021557758
1784881039.551257610,3.270000693,1.193122587,0.182797376,1.200000000,0.021445101
1784881039.561257601,3.280000693,1.200331031,0.183770574,1.200000000,0.021331889
1784881039.571257591,3.290000693,1.207546980,0.184745791,1.200000000,0.021218214
1784881039.581257582,3.300000693,1.214770235,0.185723008,1.200000000,0.021104170
1784881039.591257572,3.310000693,1.222000600,0.186702208,1.200000000,0.020989848
1784881039.601257563,3.320000693,1.229237873,0.187683373,1.200000000,0.020875343
1784881039.611257553,3.330000693,1.236481852,0.188666484,1.200000000,0.020760747
1784881039.621257544,3.340000693,1.243732333,0.189651521,1.200000000,0.020646154
1784881039.631257534,3.350000693,1.250989112,0.190638464,1.200000000,0.020531655
1784881039.641257524,3.360000693,1.258251982,0.191627292,1.200000000,0.020417345
1784881039.651257515,3.370000693,1.265520735,0.192617983,1.200000000,0.020303315
1784881039.661257505,3.380000693,1.272795161,0.193610516,1.200000000,0.020189660
1784881039.671257496,3.390000693,1.280075051,0.194604867,1.200000000,0.020076471
1784881039.681257725,3.400000693,1.287360192,0.195601012,1.200000000,0.019963842
1784881039.691257715,3.410000693,1.294650374,0.196598928,1.200000000,0.019851866
1784881039.701257706,3.420000693,1.301945381,0.197598590,1.200000000,0.019740636
1784881039.711257696,3.430000693,1.309245000,0.198599972,1.200000000,0.019630244
1784881039.721257687,3.440000693,1.316549016,0.199603047,1.200000000,0.019520784
1784881039.731257677,3.450000693,1.323857214,0.200607790,1.200000000,0.019412349
1784881039.741257668,3.460000693,1.331169377,0.201614173,1.200000000,0.019305031
1784881039.751257658,3.470000693,1.338485288,0.202622167,1.200000000,0.019198924
1784881039.761257648,3.480000693,1.345804730,0.203631744,1.200000000,0.019094120
1784881039.771257639,3.490000693,1.353127486,0.204642874,1.200000000,0.018990712
1784881039.781257629,3.500000693,1.360453338,0.205655527,1.200000000,0.018888793
1784881039.791257620,3.510000693,1.367782068,0.206669673,1.200000000,0.018788457
1784881039.801257610,3.520000693,1.375113457,0.207685280,1.200000000,0.018689796
1784881039.811257601,3.530000693,1.382447289,0.208702316,1.200000000,0.018592904
1784881039.821257591,3.540000693,1.389783344,0.209720749,1.200000000,0.018497872
1784881039.831257582,3.550000693,1.397121405,0.210740545,1.200000000,0.018404794
1784881039.841257572,3.560000693,1.404461254,0.211761670,1.200000000,0.018313763
1784881039.851257563,3.570000693,1.411802675,0.212784089,1.200000000,0.018224873
1784881039.861257553,3.580000693,1.419145449,0.213807768,1.200000000,0.018138215
1784881039.871257544,3.590000693,1.426489361,0.214832670,1.200000000,0.018053883
1784881039.881257534,3.600000693,1.433834195,0.215858760,1.200000000,0.017971969
1784881039.891257524,3.610000693,1.441179735,0.216885999,1.200000000,0.017892568
1784881039.901257515,3.620000693,1.448525767,0.217914351,1.200000000,0.017815771
1784881039.911257505,3.630000693,1.455872078,0.218943776,1.200000000,0.017741672
1784881039.921257496,3.640000693,1.463218454,0.219974236,1.200000000,0.017670363
1784881039.931257725,3.650000693,1.470564684,0.221005691,1.200000000,0.017601937
1784881039.941257715,3.660000693,1.477910556,0.222038100,1.200000000,0.017536489
1784881039.951257706,3.670000693,1.485255861,0.223071424,1.200000000,0.017474109
1784881039.961257696,3.680000693,1.492600390,0.224105620,1.200000000,0.017414892
1784881039.971257687,3.690000693,1.499943936,0.225140647,1.200000000,0.017358930
1784881039.981257677,3.700000693,1.507286293,0.226176461,1.200000000,0.017306317
1784881039.991257668,3.710000693,1.514627256,0.227213020,1.200000000,0.017257144
1784881040.001257658,3.720000693,1.521966623,0.228250279,1.200000000,0.017211506
1784881040.011257648,3.730000693,1.529304191,0.229288194,1.200000000,0.017169495
1784881040.021257639,3.740000693,1.536639760,0.230326720,1.200000000,0.017131204
1784881040.031257629,3.750000693,1.543973133,0.231365811,1.200000000,0.017096725
1784881040.041257620,3.760000693,1.551304112,0.232405420,1.200000000,0.017066153
1784881040.051257610,3.770000693,1.558632502,0.233445502,1.200000000,0.017039580
1784881040.061257601,3.780000693,1.565958112,0.234486008,1.200000000,0.017017098
1784881040.071257591,3.790000693,1.573280750,0.235526890,1.200000000,0.016998801
1784881040.081257582,3.800000693,1.580600226,0.236568100,1.200000000,0.016984782
1784881040.091257572,3.810000693,1.587916355,0.237609588,1.200000000,0.016975133
1784881040.101257563,3.820000693,1.595228951,0.238651306,1.200000000,0.016969949
1784881040.111257553,3.830000693,1.602537832,0.239693201,1.200000000,0.016969320
1784881040.121257544,3.840000693,1.609842817,0.240735224,1.200000000,0.016973341
1784881040.131257534,3.850000693,1.617143728,0.241777323,1.200000000,0.016982105
1784881040.141257524,3.860000693,1.624440390,0.242819446,1.200000000,0.016995704
1784881040.151257515,3.870000693,1.631732630,0.243861540,1.200000000,0.017014231
1784881040.161257505,3.880000693,1.639020275,0.244903553,1.200000000,0.017037779
1784881040.171257496,3.890000693,1.646303159,0.245945430,1.200000000,0.017066442
1784881040.181257725,3.900000693,1.653581116,0.246987118,1.200000000,0.017100312
1784881040.191257715,3.910000693,1.660853981,0.248028561,1.200000000,0.017139477
1784881040.201257706,3.920000693,1.668121595,0.249069704,1.200000000,0.017183912
1784881040.211257696,3.930000693,1.675383799,0.250110492,1.200000000,0.017233471
1784881040.221257687,3.940000693,1.682640439,0.251150868,1.200000000,0.017288003
1784881040.231257677,3.950000693,1.689891363,0.252190776,1.200000000,0.017347356
1784881040.241257668,3.960000693,1.697136419,0.253230157,1.200000000,0.017411380
1784881040.251257658,3.970000693,1.704375462,0.254268955,1.200000000,0.017479922
1784881040.261257648,3.980000693,1.711608348,0.255307110,1.200000000,0.017552832
1784881040.271257639,3.990000693,1.718834936,0.256344564,1.200000000,0.017629959
1784881040.281257629,4.000000693,1.726055088,0.257381258,1.200000000,0.017711151
1784881040.291257620,4.010000693,1.733268668,0.258417131,1.200000000,0.017796257
1784881040.301257610,4.020000693,1.740475545,0.259452123,1.200000000,0.017885126
1784881040.311257601,4.030000693,1.747675588,0.260486173,1.200000000,0.017977607
1784881040.321257591,4.040000693,1.754868673,0.261519221,1.200000000,0.018073548
1784881040.331257582,4.050000693,1.762054677,0.262551204,1.200000000,0.018172797
1784881040.341257572,4.060000693,1.769233478,0.263582059,1.200000000,0.018275205
1784881040.351257563,4.070000693,1.776404961,0.264611725,1.200000000,0.018380619
1784881040.361257553,4.080000693,1.783569011,0.265640138,1.200000000,0.018488889
1784881040.371257544,4.090000693,1.790725518,0.266667234,1.200000000,0.018599863
1784881040.381257534,4.100000693,1.797874374,0.267692949,1.200000000,0.018713389
1784881040.391257524,4.110000693,1.805015476,0.268717219,1.200000000,0.018829317
1784881040.401257515,4.120000693,1.812148721,0.269739978,1.200000000,0.018947496
1784881040.411257505,4.130000693,1.819274012,0.270761162,1.200000000,0.019067774
1784881040.421257496,4.140000693,1.826391254,0.271780703,1.200000000,0.019189999
1784881040.431257725,4.150000693,1.833500356,0.272798537,1.200000000,0.019314021
1784881040.441257715,4.160000693,1.840601228,0.273814596,1.200000000,0.019439689
1784881040.451257706,4.170000693,1.847693786,0.274828814,1.200000000,0.019566851
1784881040.461257696,4.180000693,1.854777947,0.275841121,1.200000000,0.019695355
1784881040.471257687,4.190000693,1.861853634,0.276851452,1.200000000,0.019825052
1784881040.481257677,4.200000693,1.868920769,0.277859736,1.200000000,0.019955789
1784881040.491257668,4.210000693,1.875979281,0.278865906,1.200000000,0.020087414
1784881040.501257658,4.220000693,1.883029100,0.279869893,1.200000000,0.020219778
1784881040.511257648,4.230000693,1.890070161,0.280871626,1.200000000,0.020352729
1784881040.521257639,4.240000693,1.897102400,0.281871036,1.200000000,0.020486115
1784881040.531257629,4.250000693,1.904125758,0.282868052,1.200000000,0.020619785
1784881040.541257620,4.260000693,1.911140178,0.283862604,1.200000000,0.020753589
1784881040.551257610,4.270000693,1.918145607,0.284854622,1.200000000,0.020887374
1784881040.561257601,4.280000693,1.925141995,0.285844032,1.200000000,0.021020989
1784881040.571257591,4.290000693,1.932129294,0.286830765,1.200000000,0.021154284
1784881040.581257582,4.300000693,1.939107461,0.287814747,1.200000000,0.021287106
1784881040.591257572,4.310000693,1.946076456,0.288795906,1.200000000,0.021419306
1784881040.601257563,4.320000693,1.953036239,0.289774170,1.200000000,0.021550731
1784881040.611257553,4.330000693,1.959986778,0.290749464,1.200000000,0.021681230
1784881040.621257544,4.340000693,1.966928039,0.291721717,1.200000000,0.021810653
1784881040.631257534,4.350000693,1.973859996,0.292690854,1.200000000,0.021938847
1784881040.641257524,4.360000693,1.980782621,0.293656800,1.200000000,0.022065661
1784881040.651257515,4.370000693,1.987695894,0.294619482,1.200000000,0.022190945
1784881040.661257505,4.380000693,1.994599794,0.295578826,1.200000000,0.022314547
1784881040.671257496,4.390000693,2.001494305,0.296534755,1.200000000,0.022436316
1784881040.681257725,4.400000693,2.008379414,0.297487194,1.200000000,0.022556100
1784881040.691257715,4.410000693,2.015255109,0.298436069,1.200000000,0.022673749
1784881040.701257706,4.420000693,2.022121384,0.299381302,1.200000000,0.022789111
1784881040.711257696,4.430000693,2.028978234,0.300322819,1.200000000,0.022902035
1784881040.721257687,4.440000693,2.035825656,0.301260542,1.200000000,0.023012369
1784881040.731257677,4.450000693,2.042663652,0.302194396,1.200000000,0.023119962
1784881040.741257668,4.460000693,2.049492224,0.303124302,1.200000000,0.023224664
1784881040.751257658,4.470000693,2.056311381,0.304050184,1.200000000,0.023326323
1784881040.761257648,4.480000693,2.063121130,0.304971964,1.200000000,0.023424787
1784881040.771257639,4.490000693,2.069921483,0.305889565,1.200000000,0.023519906
1784881040.781257629,4.500000693,2.076712456,0.306802909,1.200000000,0.023611528
1784881040.791257620,4.510000693,2.083494066,0.307711917,1.200000000,0.023699501
1784881040.801257610,4.520000693,2.090266331,0.308616512,1.200000000,0.023783676
1784881040.811257601,4.530000693,2.097029275,0.309516614,1.200000000,0.023863899
1784881040.821257591,4.540000693,2.103782923,0.310412145,1.200000000,0.023940021
1784881040.831257582,4.550000693,2.110527302,0.311303026,1.200000000,0.024011890
1784881040.841257572,4.560000693,2.117262441,0.312189177,1.200000000,0.024079355
1784881040.851257563,4.570000693,2.123988374,0.313070520,1.200000000,0.024142264
1784881040.861257553,4.580000693,2.130705134,0.313946974,1.200000000,0.024200466
1784881040.871257544,4.590000693,2.137412759,0.314818460,1.200000000,0.024253810
1784881040.881257534,4.600000693,2.144111289,0.315684898,1.200000000,0.024302145
1784881040.891257524,4.610000693,2.150800765,0.316546208,1.200000000,0.024345320
1784881040.901257515,4.620000693,2.157481231,0.317402309,1.200000000,0.024383182
1784881040.911257505,4.630000693,2.164152732,0.318253121,1.200000000,0.024415582
1784881040.921257496,4.640000693,2.170815318,0.319098564,1.200000000,0.024442367
1784881040.931257725,4.650000693,2.177469039,0.319938556,1.200000000,0.024463387
1784881040.941257715,4.660000693,2.184113947,0.320773017,1.200000000,0.024478490
1784881040.951257706,4.670000693,2.190750096,0.321601866,1.200000000,0.024487525
1784881040.961257696,4.680000693,2.197377544,0.322425022,1.200000000,0.024490341
1784881040.971257687,4.690000693,2.203996348,0.323242402,1.200000000,0.024486787
1784881040.981257677,4.700000693,2.210606570,0.324053927,1.200000000,0.024476711
1784881040.991257668,4.710000693,2.217208270,0.324859515,1.200000000,0.024459961
1784881041.001257658,4.720000693,2.223801514,0.325659083,1.200000000,0.024436388
1784881041.011257648,4.730000693,2.230386366,0.326452550,1.200000000,0.024405839
1784881041.021257639,4.740000693,2.236962895,0.327239835,1.200000000,0.024368164
1784881041.031257629,4.750000693,2.243531170,0.328020855,1.200000000,0.024323210
1784881041.041257620,4.760000693,2.250091262,0.328795529,1.200000000,0.024270828
1784881041.051257610,4.770000693,2.256643242,0.329563775,1.200000000,0.024210865
1784881041.061257601,4.780000693,2.263187186,0.330325509,1.200000000,0.024143170
1784881041.071257591,4.790000693,2.269723168,0.331080652,1.200000000,0.024067593
1784881041.081257582,4.800000693,2.276251265,0.331829119,1.200000000,0.023983981
1784881041.091257572,4.810000693,2.282771556,0.332570830,1.200000000,0.023892184
1784881041.101257563,4.820000693,2.289284121,0.333305701,1.200000000,0.023792050
1784881041.111257553,4.830000693,2.295789040,0.334033650,1.200000000,0.023683429
1784881041.121257544,4.840000693,2.302286396,0.334754595,1.200000000,0.023566168
1784881041.131257534,4.850000693,2.308776272,0.335468454,1.200000000,0.023440117
1784881041.141257524,4.860000693,2.315258752,0.336175144,1.200000000,0.023305125
1784881041.151257515,4.870000693,2.321733924,0.336874583,1.200000000,0.023161039
1784881041.161257505,4.880000693,2.328201873,0.337566689,1.200000000,0.023007710
1784881041.171257496,4.890000693,2.334662687,0.338251378,1.200000000,0.022844985
1784881041.181257725,4.900000693,2.341116455,0.338928569,1.200000000,0.022672714
1784881041.191257715,4.910000693,2.347563268,0.339598180,1.200000000,0.022490745
1784881041.201257706,4.920000693,2.354003215,0.340260127,1.200000000,0.022298927
1784881041.211257696,4.930000693,2.360436388,0.340914330,1.200000000,0.022097108
1784881041.221257687,4.940000693,2.366862879,0.341560704,1.200000000,0.021885138
1784881041.231257677,4.950000693,2.373282782,0.342199169,1.200000000,0.021662865
1784881041.241257668,4.960000693,2.379696190,0.342829642,1.200000000,0.021430139
1784881041.251257658,4.970000693,2.386103197,0.343452040,1.200000000,0.021186806
1784881041.261257648,4.980000693,2.392503898,0.344066283,1.200000000,0.020932718
1784881041.271257639,4.990000693,2.398898389,0.344672287,1.200000000,0.020667722
1784881041.281257629,5.000000693,2.405286766,0.345269971,1.200000000,0.020391666
1784881041.291257620,5.010000693,2.411669124,0.345859253,1.200000000,0.020104401
1784881041.301257610,5.020000693,2.418045562,0.346440051,1.200000000,0.019805774
1784881041.311257601,5.030000693,2.424416175,0.347012284,1.200000000,0.019495634
1784881041.321257591,5.040000693,2.430781062,0.347575870,1.200000000,0.019173830
1784881041.331257582,5.050000693,2.437140320,0.348130728,1.200000000,0.018840211
1784881041.341257572,5.060000693,2.443494047,0.348676776,1.200000000,0.018494626
1784881041.351257563,5.070000693,2.449842341,0.349213932,1.200000000,0.018136923
1784881041.361257553,5.080000693,2.456185301,0.349742117,1.200000000,0.017766951
1784881041.371257544,5.090000693,2.462523024,0.350261249,1.200000000,0.017384559
1784881041.381257534,5.100000693,2.468855609,0.350771247,1.200000000,0.016989596
1784881041.391257524,5.110000693,2.475183154,0.351272030,1.200000000,0.016581909
1784881041.401257515,5.120000693,2.481505758,0.351763518,1.200000000,0.016161349
1784881041.411257505,5.130000693,2.487823518,0.352245630,1.200000000,0.015727764
1784881041.421257496,5.140000693,2.494136533,0.352718287,1.200000000,0.015281002
1784881041.431257725,5.150000693,2.500444900,0.353181407,1.200000000,0.014820913
1784881041.441257715,5.160000693,2.506748717,0.353634913,1.200000000,0.014347345
1784881041.451257706,5.170000693,2.513048082,0.354078722,1.200000000,0.013860147
1784881041.461257696,5.180000693,2.519343090,0.354512757,1.200000000,0.013359167
1784881041.471257687,5.190000693,2.525633839,0.354936938,1.200000000,0.012844255
1784881041.481257677,5.200000693,2.531920425,0.355351185,1.200000000,0.012315259
1784881041.491257668,5.210000693,2.538202943,0.355755420,1.200000000,0.011772028
1784881041.501257658,5.220000693,2.544481489,0.356149564,1.200000000,0.011214410
1784881041.511257648,5.230000693,2.550756157,0.356533539,1.200000000,0.010642255
1784881041.521257639,5.240000693,2.557027042,0.356907266,1.200000000,0.010055412
1784881041.531257629,5.250000693,2.563294237,0.357270667,1.200000000,0.009453728
1784881041.541257620,5.260000693,2.569557835,0.357623665,1.200000000,0.008837053
1784881041.551257610,5.270000693,2.575817928,0.357966182,1.200000000,0.008205235
1784881041.561257601,5.280000693,2.582074608,0.358298140,1.200000000,0.007558123
1784881041.571257591,5.290000693,2.588327965,0.358619464,1.200000000,0.006895567
1784881041.581257582,5.300000693,2.594578089,0.358930075,1.200000000,0.006217414
1784881041.591257572,5.310000693,2.600825070,0.359229898,1.200000000,0.005523514
1784881041.601257563,5.320000693,2.607068996,0.359518855,1.200000000,0.004813715
1784881041.611257553,5.330000693,2.613309953,0.359796872,1.200000000,0.004087865
1784881041.621257544,5.340000693,2.619548029,0.360063873,1.200000000,0.003345815
1784881041.631257534,5.350000693,2.625783308,0.360319782,1.200000000,0.002587412
1784881041.641257524,5.360000693,2.632015876,0.360564524,1.200000000,0.001812506
1784881041.651257515,5.370000693,2.638245816,0.360798025,1.200000000,0.001020944
1784881041.661257505,5.380000693,2.644473210,0.361020209,1.200000000,0.000212577
1784881041.671257496,5.390000693,2.650698140,0.361231004,1.200000000,-0.000612749
1784881041.681257725,5.400000693,2.656920685,0.361430334,1.200000000,-0.001455182
1784881041.691257715,5.410000693,2.663140925,0.361618127,1.200000000,-0.002314876
1784881041.701257706,5.420000693,2.669358938,0.361794310,1.200000000,-0.003191980
1784881041.711257696,5.430000693,2.675574800,0.361958809,1.200000000,-0.004086534
1784881041.721257687,5.440000693,2.681788587,0.362111552,1.200000000,-0.004998411
1784881041.731257677,5.450000693,2.688000374,0.362252468,1.200000000,-0.005927466
1784881041.741257668,5.460000693,2.694210232,0.362381484,1.200000000,-0.006873558
1784881041.751257658,5.470000693,2.700418235,0.362498529,1.200000000,-0.007836542
1784881041.761257648,5.480000693,2.706624452,0.362603532,1.200000000,-0.008816275
1784881041.771257639,5.490000693,2.712828953,0.362696423,1.200000000,-0.009812614
1784881041.781257629,5.500000693,2.719031805,0.362777131,1.200000000,-0.010825415
1784881041.791257620,5.510000693,2.725233075,0.362845586,1.200000000,-0.011854535
1784881041.801257610,5.520000693,2.731432828,0.362901720,1.200000000,-0.012899831
1784881041.811257601,5.530000693,2.737631127,0.362945462,1.200000000,-0.013961158
1784881041.821257591,5.540000693,2.743828035,0.362976744,1.200000000,-0.015038375
1784881041.831257582,5.550000693,2.750023613,0.362995498,1.200000000,-0.016131336
1784881041.841257572,5.560000693,2.756217920,0.363001657,1.200000000,-0.017239900
1784881041.851257563,5.570000693,2.762411014,0.362995153,1.200000000,-0.018363923
1784881041.861257553,5.580000693,2.768602951,0.362975918,1.200000000,-0.019503261
1784881041.871257544,5.590000693,2.774793787,0.362943887,1.200000000,-0.020657770
1784881041.881257534,5.600000693,2.780983575,0.362898993,1.200000000,-0.021827308
1784881041.891257524,5.610000693,2.787172367,0.362841171,1.200000000,-0.023011732
1784881041.901257515,5.620000693,2.793360214,0.362770356,1.200000000,-0.024210897
1784881041.911257505,5.630000693,2.799547164,0.362686482,1.200000000,-0.025424661
1784881041.921257496,5.640000693,2.805733266,0.362589486,1.200000000,-0.026652879
1784881041.931257725,5.650000693,2.811918565,0.362479303,1.200000000,-0.027895410
1784881041.941257715,5.660000693,2.818103105,0.362355871,1.200000000,-0.029152108
1784881041.951257706,5.670000693,2.824286930,0.362219127,1.200000000,-0.030422832
1784881041.961257696,5.680000693,2.830470081,0.362069008,1.200000000,-0.031707437
1784881041.971257687,5.690000693,2.836652598,0.361905453,1.200000000,-0.033005780
1784881041.981257677,5.700000693,2.842834520,0.361728400,1.200000000,-0.034317718
1784881041.991257668,5.710000693,2.849015882,0.361537787,1.200000000,-0.035643108
1784881042.001257658,5.720000693,2.855196720,0.361333556,1.200000000,-0.036981805
1784881042.011257648,5.730000693,2.861377068,0.361115646,1.200000000,-0.038333667
1784881042.021257639,5.740000693,2.867556957,0.360883998,1.200000000,-0.039698551
1784881042.031257629,5.750000693,2.873736420,0.360638553,1.200000000,-0.041076312
1784881042.041257620,5.760000693,2.879915483,0.360379252,1.200000000,-0.042466808
1784881042.051257610,5.770000693,2.886094175,0.360106039,1.200000000,-0.043869895
1784881042.061257601,5.780000693,2.892272522,0.359818855,1.200000000,-0.045285430
1784881042.071257591,5.790000693,2.898450548,0.359517645,1.200000000,-0.046713269
1784881042.081257582,5.800000693,2.904628276,0.359202351,1.200000000,-0.048153270
1784881042.091257572,5.810000693,2.910805727,0.358872919,1.200000000,-0.049605288
1784881042.101257563,5.820000693,2.916982921,0.358529294,1.200000000,-0.051069180
1784881042.111257553,5.830000693,2.923159876,0.358171421,1.200000000,-0.052544804
1784881042.121257544,5.840000693,2.929336609,0.357799247,1.200000000,-0.054032015
1784881042.131257534,5.850000693,2.935513134,0.357412717,1.200000000,-0.055530670
1784881042.141257524,5.860000693,2.941689467,0.357011780,1.200000000,-0.057040625
1784881042.151257515,5.870000693,2.947865617,0.356596383,1.200000000,-0.058561739
1784881042.161257505,5.880000693,2.954041598,0.356166474,1.200000000,-0.060093866
1784881042.171257496,5.890000693,2.960217417,0.355722004,1.200000000,-0.061636864
1784881042.181257725,5.900000693,2.966393082,0.355262921,1.200000000,-0.063190590
1784881042.191257715,5.910000693,2.972568600,0.354789176,1.200000000,-0.064754899
1784881042.201257706,5.920000693,2.978743975,0.354300720,1.200000000,-0.066329649
1784881042.211257696,5.930000693,2.984919210,0.353797504,1.200000000,-0.067914696
1784881042.221257687,5.940000693,2.991094309,0.353279480,1.200000000,-0.069509897
1784881042.231257677,5.950000693,2.997269270,0.352746602,1.200000000,-0.071115108
1784881042.241257668,5.960000693,3.003444094,0.352198821,1.200000000,-0.072730186
1784881042.251257658,5.970000693,3.009618777,0.351636094,1.200000000,-0.074354989
1784881042.261257648,5.980000693,3.015793317,0.351058373,1.200000000,-0.075989371
1784881042.271257639,5.990000693,3.021967707,0.350465615,1.200000000,-0.077633190
1784881042.281257629,6.000000693,3.028141943,0.349857775,1.200000000,-0.079286303
1784881042.291257620,6.010000693,3.034316015,0.349234810,1.200000000,-0.080948566
1784881042.301257610,6.020000693,3.040489915,0.348596677,1.200000000,-0.082619836
1784881042.311257601,6.030000693,3.046663633,0.347943335,1.200000000,-0.084299970
1784881042.321257591,6.040000693,3.052837156,0.347274740,1.200000000,-0.085988823
1784881042.331257582,6.050000693,3.059010472,0.346590854,1.200000000,-0.087686253
1784881042.341257572,6.060000693,3.065183567,0.345891635,1.200000000,-0.089392117
1784881042.351257563,6.070000693,3.071356425,0.345177045,1.200000000,-0.091106270
1784881042.361257553,6.080000693,3.077529029,0.344447045,1.200000000,-0.092828570
1784881042.371257544,6.090000693,3.083701362,0.343701595,1.200000000,-0.094558874
1784881042.381257534,6.100000693,3.089873404,0.342940660,1.200000000,-0.096297037
1784881042.391257524,6.110000693,3.096045136,0.342164203,1.200000000,-0.098042916
1784881042.401257515,6.120000693,3.102216535,0.341372186,1.200000000,-0.099796369
1784881042.411257505,6.130000693,3.108387579,0.340564576,1.200000000,-0.101557251
1784881042.421257496,6.140000693,3.114558245,0.339741338,1.200000000,-0.103325420
1784881042.431257725,6.150000693,3.120728508,0.338902437,1.200000000,-0.105100731
1784881042.441257715,6.160000693,3.126898341,0.338047841,1.200000000,-0.106883043
1784881042.451257706,6.170000693,3.133067719,0.337177517,1.200000000,-0.108672210
1784881042.461257696,6.180000693,3.139236613,0.336291433,1.200000000,-0.110468090
1784881042.471257687,6.190000693,3.145404993,0.335389559,1.200000000,-0.112270540
1784881042.481257677,6.200000693,3.151572832,0.334471864,1.200000000,-0.114079416
1784881042.491257668,6.210000693,3.157740096,0.333538318,1.200000000,-0.115894574
1784881042.501257658,6.220000693,3.163906755,0.332588893,1.200000000,-0.117715872
1784881042.511257648,6.230000693,3.170072776,0.331623561,1.200000000,-0.119543166
1784881042.521257639,6.240000693,3.176238124,0.330642294,1.200000000,-0.121376312
1784881042.531257629,6.250000693,3.182402767,0.329645066,1.200000000,-0.123215168
1784881042.541257620,6.260000693,3.188566667,0.328631850,1.200000000,-0.125059589
1784881042.551257610,6.270000693,3.194729789,0.327602623,1.200000000,-0.126909433
1784881042.561257601,6.280000693,3.200892096,0.326557359,1.200000000,-0.128764556
1784881042.571257591,6.290000693,3.207053550,0.325496035,1.200000000,-0.130624815
1784881042.581257582,6.300000693,3.213214113,0.324418628,1.200000000,-0.132490066
1784881042.591257572,6.310000693,3.219373744,0.323325116,1.200000000,-0.134360166
1784881042.601257563,6.320000693,3.225532404,0.322215478,1.200000000,-0.136234972
1784881042.611257553,6.330000693,3.231690052,0.321089694,1.200000000,-0.138114340
1784881042.621257544,6.340000693,3.237846648,0.319947742,1.200000000,-0.139998127
1784881042.631257534,6.350000693,3.244002147,0.318789605,1.200000000,-0.141886189
1784881042.641257524,6.360000693,3.250156509,0.317615265,1.200000000,-0.143778383
1784881042.651257515,6.370000693,3.256309690,0.316424704,1.200000000,-0.145674567
1784881042.661257505,6.380000693,3.262461645,0.315217905,1.200000000,-0.147574595
1784881042.671257496,6.390000693,3.268612330,0.313994852,1.200000000,-0.149478325
1784881042.681257725,6.400000693,3.274761702,0.312755531,1.200000000,-0.151385614
1784881042.691257715,6.410000693,3.280909713,0.311499927,1.200000000,-0.153296319
1784881042.701257706,6.420000693,3.287056318,0.310228027,1.200000000,-0.155210295
1784881042.711257696,6.430000693,3.293201471,0.308939818,1.200000000,-0.157127399
1784881042.721257687,6.440000693,3.299345126,0.307635288,1.200000000,-0.159047489
1784881042.731257677,6.450000693,3.305487234,0.306314427,1.200000000,-0.160970421
1784881042.741257668,6.460000693,3.311627749,0.304977223,1.200000000,-0.162896050
1784881042.751257658,6.470000693,3.317766622,0.303623668,1.200000000,-0.164824235
1784881042.761257648,6.480000693,3.323903806,0.302253753,1.200000000,-0.166754832
1784881042.771257639,6.490000693,3.330039252,0.300867471,1.200000000,-0.168687696
1784881042.781257629,6.500000693,3.336172911,0.299464813,1.200000000,-0.170622686
1784881042.791257620,6.510000693,3.342304734,0.298045774,1.200000000,-0.172559657
1784881042.801257610,6.520000693,3.348434672,0.296610349,1.200000000,-0.174498466
1784881042.811257601,6.530000693,3.354562676,0.295158532,1.200000000,-0.176438970
1784881042.821257591,6.540000693,3.360688696,0.293690321,1.200000000,-0.178381025
1784881042.831257582,6.550000693,3.366812682,0.292205713,1.200000000,-0.180324488
1784881042.841257572,6.560000693,3.372934585,0.290704705,1.200000000,-0.182269216
1784881042.851257563,6.570000693,3.379054355,0.289187295,1.200000000,-0.184215065
1784881042.861257553,6.580000693,3.385171942,0.287653485,1.200000000,-0.186161892
1784881042.871257544,6.590000693,3.391287295,0.286103274,1.200000000,-0.188109554
1784881042.881257534,6.600000693,3.397400366,0.284536663,1.200000000,-0.190057906
1784881042.891257524,6.610000693,3.403511103,0.282953654,1.200000000,-0.192006806
1784881042.901257515,6.620000693,3.409619457,0.281354251,1.200000000,-0.193956111
1784881042.911257505,6.630000693,3.415725378,0.279738457,1.200000000,-0.195905677
1784881042.921257496,6.640000693,3.421828817,0.278106277,1.200000000,-0.197855360
1784881042.931257725,6.650000693,3.427929723,0.276457716,1.200000000,-0.199805018
1784881042.941257715,6.660000693,3.434028047,0.274792780,1.200000000,-0.201754506
1784881042.951257706,6.670000693,3.440123739,0.273111478,1.200000000,-0.203703682
1784881042.961257696,6.680000693,3.446216752,0.271413815,1.200000000,-0.205652402
1784881042.971257687,6.690000693,3.452307034,0.269699802,1.200000000,-0.207600523
1784881042.981257677,6.700000693,3.458394539,0.267969448,1.200000000,-0.209547902
1784881042.991257668,6.710000693,3.464479217,0.266222764,1.200000000,-0.211494394
1784881043.001257658,6.720000693,3.470561019,0.264459761,1.200000000,-0.213439857
1784881043.011257648,6.730000693,3.476639899,0.262680450,1.200000000,-0.215384147
1784881043.021257639,6.740000693,3.482715809,0.260884846,1.200000000,-0.217327121
1784881043.031257629,6.750000693,3.488788701,0.259072962,1.200000000,-0.219268636
1784881043.041257620,6.760000693,3.494858528,0.257244813,1.200000000,-0.221208547
1784881043.051257610,6.770000693,3.500925245,0.255400414,1.200000000,-0.223146713
1784881043.061257601,6.780000693,3.506988805,0.253539783,1.200000000,-0.225082989
1784881043.071257591,6.790000693,3.513049162,0.251662935,1.200000000,-0.227017232
1784881043.081257582,6.800000693,3.519106271,0.249769890,1.200000000,-0.228949298
1784881043.091257572,6.810000693,3.525160089,0.247860666,1.200000000,-0.230879045
1784881043.101257563,6.820000693,3.531210569,0.245935284,1.200000000,-0.232806328
1784881043.111257553,6.830000693,3.537257670,0.243993764,1.200000000,-0.234731006
1784881043.121257544,6.840000693,3.543301348,0.242036127,1.200000000,-0.236652933
1784881043.131257534,6.850000693,3.549341561,0.240062396,1.200000000,-0.238571967
1784881043.141257524,6.860000693,3.555378266,0.238072595,1.200000000,-0.240487965
1784881043.151257515,6.870000693,3.561411423,0.236066747,1.200000000,-0.242400782
1784881043.161257505,6.880000693,3.567440990,0.234044877,1.200000000,-0.244310276
1784881043.171257496,6.890000693,3.573466928,0.232007012,1.200000000,-0.246216304
1784881043.181257725,6.900000693,3.579489197,0.229953178,1.200000000,-0.248118721
1784881043.191257715,6.910000693,3.585507760,0.227883402,1.200000000,-0.250017385
1784881043.201257706,6.920000693,3.591522577,0.225797714,1.200000000,-0.251912152
1784881043.211257696,6.930000693,3.597533612,0.223696141,1.200000000,-0.253802879
1784881043.221257687,6.940000693,3.603540828,0.221578715,1.200000000,-0.255689422
1784881043.231257677,6.950000693,3.609544190,0.219445466,1.200000000,-0.257571638
1784881043.241257668,6.960000693,3.615543662,0.217296426,1.200000000,-0.259449384
1784881043.251257658,6.970000693,3.621539211,0.215131628,1.200000000,-0.261322517
1784881043.261257648,6.980000693,3.627530802,0.212951105,1.200000000,-0.263190892
1784881043.271257639,6.990000693,3.633518405,0.210754892,1.200000000,-0.265054366
1784881043.281257629,7.000000693,3.639501987,0.208543024,1.200000000,-0.266912797
1784881043.291257620,7.010000693,3.645481516,0.206315536,1.200000000,-0.268766041
1784881043.301257610,7.020000693,3.651456964,0.204072466,1.200000000,-0.270613954
1784881043.311257601,7.030000693,3.657428302,0.201813852,1.200000000,-0.272456393
1784881043.321257591,7.040000693,3.663395500,0.199539731,1.200000000,-0.274293214
1784881043.331257582,7.050000693,3.669358532,0.197250144,1.200000000,-0.276124275
1784881043.341257572,7.060000693,3.675317372,0.194945130,1.200000000,-0.277949432
1784881043.351257563,7.070000693,3.681271994,0.192624732,1.200000000,-0.279768542
1784881043.361257553,7.080000693,3.687222373,0.190288990,1.200000000,-0.281581460
1784881043.371257544,7.090000693,3.693168487,0.187937947,1.200000000,-0.283388045
1784881043.381257534,7.100000693,3.699110312,0.185571647,1.200000000,-0.285188152
1784881043.391257524,7.110000693,3.705047828,0.183190135,1.200000000,-0.286981694
1784881043.401257515,7.120000693,3.710981013,0.180793455,1.200000000,-0.288768693
1784881043.411257505,7.130000693,3.716909848,0.178381654,1.200000000,-0.290549182
1784881043.421257496,7.140000693,3.722834315,0.175954779,1.200000000,-0.292323194
1784881043.431257725,7.150000693,3.728754395,0.173512877,1.200000000,-0.294090764
1784881043.441257715,7.160000693,3.734670073,0.171055996,1.200000000,-0.295851925
1784881043.451257706,7.170000693,3.740581333,0.168584187,1.200000000,-0.297606712
1784881043.461257696,7.180000693,3.746488160,0.166097500,1.200000000,-0.299355157
1784881043.471257687,7.190000693,3.752390542,0.163595984,1.200000000,-0.301097295
1784881043.481257677,7.200000693,3.758288465,0.161079693,1.200000000,-0.302833160
1784881043.491257668,7.210000693,3.764181918,0.158548679,1.200000000,-0.304562785
1784881043.501257658,7.220000693,3.770070892,0.156002994,1.200000000,-0.306286203
1784881043.511257648,7.230000693,3.775955376,0.153442694,1.200000000,-0.308003450
1784881043.521257639,7.240000693,3.781835363,0.150867833,1.200000000,-0.309714559
1784881043.531257629,7.250000693,3.787710846,0.148278467,1.200000000,-0.311419562
1784881043.541257620,7.260000693,3.793581818,0.145674653,1.200000000,-0.313118495
1784881043.551257610,7.270000693,3.799448275,0.143056449,1.200000000,-0.314811391
1784881043.561257601,7.280000693,3.805310213,0.140423911,1.200000000,-0.316498284
1784881043.571257591,7.290000693,3.811167629,0.137777099,1.200000000,-0.318179207
1784881043.581257582,7.300000693,3.817020521,0.135116074,1.200000000,-0.319854194
1784881043.591257572,7.310000693,3.822868889,0.132440895,1.200000000,-0.321523280
1784881043.601257563,7.320000693,3.828712733,0.129751623,1.200000000,-0.323186497
1784881043.611257553,7.330000693,3.834552054,0.127048322,1.200000000,-0.324843881
1784881043.621257544,7.340000693,3.840386855,0.124331053,1.200000000,-0.326495463
1784881043.631257534,7.350000693,3.846217141,0.121599880,1.200000000,-0.328141279
1784881043.641257524,7.360000693,3.852042914,0.118854868,1.200000000,-0.329781362
1784881043.651257515,7.370000693,3.857864182,0.116096082,1.200000000,-0.331415745
1784881043.661257505,7.380000693,3.863680951,0.113323587,1.200000000,-0.333044463
1784881043.671257496,7.390000693,3.869493229,0.110537450,1.200000000,-0.334667550
1784881043.681257725,7.400000693,3.875301025,0.107737739,1.200000000,-0.336285039
1784881043.691257715,7.410000693,3.881104349,0.104924521,1.200000000,-0.337896963
1784881043.701257706,7.420000693,3.886903212,0.102097866,1.200000000,-0.339503358
1784881043.711257696,7.430000693,3.892697626,0.099257843,1.200000000,-0.341104255
1784881043.721257687,7.440000693,3.898487605,0.096404522,1.200000000,-0.342699691
1784881043.731257677,7.450000693,3.904273162,0.093537974,1.200000000,-0.344289697
1784881043.741257668,7.460000693,3.910054312,0.090658272,1.200000000,-0.345874308
1784881043.751257658,7.470000693,3.915831073,0.087765487,1.200000000,-0.347453557
1784881043.761257648,7.480000693,3.921603461,0.084859693,1.200000000,-0.349027479
1784881043.771257639,7.490000693,3.927371494,0.081940964,1.200000000,-0.350596107
1784881043.781257629,7.500000693,3.933135193,0.079009374,1.200000000,-0.352159476
1784881043.791257620,7.510000693,3.938894576,0.076064998,1.200000000,-0.353717617
1784881043.801257610,7.520000693,3.944649666,0.073107913,1.200000000,-0.355270567
1784881043.811257601,7.530000693,3.950400484,0.070138196,1.200000000,-0.356818358
1784881043.821257591,7.540000693,3.956147054,0.067155922,1.200000000,-0.358361024
1784881043.831257582,7.550000693,3.961889401,0.064161172,1.200000000,-0.359898598
1784881043.841257572,7.560000693,3.967627548,0.061154023,1.200000000,-0.361431116
1784881043.851257563,7.570000693,3.973361523,0.058134555,1.200000000,-0.362958610
1784881043.861257553,7.580000693,3.979091352,0.055102847,1.200000000,-0.364481114
1784881043.871257544,7.590000693,3.984817064,0.052058982,1.200000000,-0.365998662
1784881043.881257534,7.600000693,3.990538686,0.049003039,1.200000000,-0.367511288
1784881043.891257524,7.610000693,3.996256250,0.045935101,1.200000000,-0.369019025
1784881043.901257515,7.620000693,4.001969785,0.042855252,1.200000000,-0.370521908
1784881043.911257505,7.630000693,4.007679324,0.039763573,1.200000000,-0.372019970
1784881043.921257496,7.640000693,4.013384898,0.036660150,1.200000000,-0.373513245
1784881043.931257725,7.650000693,4.019086541,0.033545066,1.200000000,-0.375001767
1784881043.941257715,7.660000693,4.024784288,0.030418407,1.200000000,-0.376485569
1784881043.951257706,7.670000693,4.030478172,0.027280260,1.200000000,-0.377964686
1784881043.961257696,7.680000693,4.036168231,0.024130709,1.200000000,-0.379439150
1784881043.971257687,7.690000693,4.041854500,0.020969844,1.200000000,-0.380908997
1784881043.981257677,7.700000693,4.047537017,0.017797750,1.200000000,-0.382374259
1784881043.991257668,7.710000693,4.053215820,0.014614517,1.200000000,-0.383834970
1784881044.001257658,7.720000693,4.058890948,0.011420234,1.200000000,-0.385291165
1784881044.011257648,7.730000693,4.064562442,0.008214989,1.200000000,-0.386742876
1784881044.021257639,7.740000693,4.070230341,0.004998874,1.200000000,-0.388190138
1784881044.031257629,7.750000693,4.075894687,0.001771979,1.200000000,-0.389632985
1784881044.041257620,7.760000693,4.081555521,-0.001465606,1.200000000,-0.391071451
1784881044.051257610,7.770000693,4.087212887,-0.004713787,1.200000000,-0.392505568
1784881044.061257601,7.780000693,4.092866828,-0.007972473,1.200000000,-0.393935371
1784881044.071257591,7.790000693,4.098517387,-0.011241571,1.200000000,-0.395360894
1784881044.081257582,7.800000693,4.104164610,-0.014520987,1.200000000,-0.396782170
1784881044.091257572,7.810000693,4.109808542,-0.017810627,1.200000000,-0.398199234
1784881044.101257563,7.820000693,4.115449229,-0.021110396,1.200000000,-0.399612119
1784881044.111257553,7.830000693,4.121086716,-0.024420200,1.200000000,-0.401020858
1784881044.121257544,7.840000693,4.126721053,-0.027739942,1.200000000,-0.402425486
1784881044.131257534,7.850000693,4.132352286,-0.031069527,1.200000000,-0.403826036
1784881044.141257524,7.860000693,4.137980463,-0.034408858,1.200000000,-0.405222543
1784881044.151257515,7.870000693,4.143605634,-0.037757836,1.200000000,-0.406615039
1784881044.161257505,7.880000693,4.149227848,-0.041116366,1.200000000,-0.408003560
1784881044.171257496,7.890000693,4.154847155,-0.044484348,1.200000000,-0.409388137
1784881044.181257725,7.900000693,4.160463606,-0.047861683,1.200000000,-0.410768806
1784881044.191257715,7.910000693,4.166077250,-0.051248273,1.200000000,-0.412145600
1784881044.201257706,7.920000693,4.171688141,-0.054644017,1.200000000,-0.413518553
1784881044.211257696,7.930000693,4.177296329,-0.058048815,1.200000000,-0.414887699
1784881044.221257687,7.940000693,4.182901867,-0.061462567,1.200000000,-0.416253071
1784881044.231257677,7.950000693,4.188504807,-0.064885172,1.200000000,-0.417614703
1784881044.241257668,7.960000693,4.194105203,-0.068316527,1.200000000,-0.418972629
1784881044.251257658,7.970000693,4.199703108,-0.071756531,1.200000000,-0.420326883
1784881044.261257648,7.980000693,4.205298576,-0.075205081,1.200000000,-0.421677499
1784881044.271257639,7.990000693,4.210891662,-0.078662074,1.200000000,-0.423024509
1784881044.281257629,8.000000693,4.216482419,-0.082127407,1.200000000,-0.424367949
1784881044.291257620,8.010000693,4.222070903,-0.085600975,1.200000000,-0.425707852
1784881044.301257610,8.020000693,4.227657168,-0.089082675,1.200000000,-0.427044252
1784881044.311257601,8.030000693,4.233241271,-0.092572402,1.200000000,-0.428377182
1784881044.321257591,8.040000693,4.238823266,-0.096070050,1.200000000,-0.429706676
1784881044.331257582,8.050000693,4.244403210,-0.099575514,1.200000000,-0.431032768
1784881044.341257572,8.060000693,4.249981159,-0.103088688,1.200000000,-0.432355492
1784881044.351257563,8.070000693,4.255557169,-0.106609466,1.200000000,-0.433674882
1784881044.361257553,8.080000693,4.261131297,-0.110137740,1.200000000,-0.434990971
1784881044.371257544,8.090000693,4.266703599,-0.113673404,1.200000000,-0.436303793
1784881044.381257534,8.100000693,4.272274133,-0.117216351,1.200000000,-0.437613382
1784881044.391257524,8.110000693,4.277842954,-0.120766472,1.200000000,-0.438919772
1784881044.401257515,8.120000693,4.283410121,-0.124323659,1.200000000,-0.440222996
1784881044.411257505,8.130000693,4.288975691,-0.127887803,1.200000000,-0.441523089
1784881044.421257496,8.140000693,4.294539720,-0.131458795,1.200000000,-0.442820084
1784881044.431257725,8.150000693,4.300102266,-0.135036527,1.200000000,-0.444114015
1784881044.441257715,8.160000693,4.305663386,-0.138620888,1.200000000,-0.445404915
1784881044.451257706,8.170000693,4.311223138,-0.142211768,1.200000000,-0.446692818
1784881044.461257696,8.180000693,4.316781579,-0.145809057,1.200000000,-0.447977759
1784881044.471257687,8.190000693,4.322338767,-0.149412645,1.200000000,-0.449259771
1784881044.481257677,8.200000693,4.327894758,-0.153022419,1.200000000,-0.450538888
1784881044.491257668,8.210000693,4.333449611,-0.156638270,1.200000000,-0.451815143
1784881044.501257658,8.220000693,4.339003381,-0.160260085,1.200000000,-0.453088571
1784881044.511257648,8.230000693,4.344556127,-0.163887752,1.200000000,-0.454359204
1784881044.521257639,8.240000693,4.350107905,-0.167521159,1.200000000,-0.455627078
1784881044.531257629,8.250000693,4.355658772,-0.171160194,1.200000000,-0.456892225
1784881044.541257620,8.260000693,4.361208785,-0.174804744,1.200000000,-0.458154680
1784881044.551257610,8.270000693,4.366758000,-0.178454695,1.200000000,-0.459414476
1784881044.561257601,8.280000693,4.372306474,-0.182109935,1.200000000,-0.460671647
1784881044.571257591,8.290000693,4.377854263,-0.185770349,1.200000000,-0.461926227
1784881044.581257582,8.300000693,4.383401423,-0.189435825,1.200000000,-0.463178249
1784881044.591257572,8.310000693,4.388948009,-0.193106246,1.200000000,-0.464427748
1784881044.601257563,8.320000693,4.394494077,-0.196781500,1.200000000,-0.465674757
1784881044.611257553,8.330000693,4.400039682,-0.200461472,1.200000000,-0.466919310
1784881044.621257544,8.340000693,4.405584879,-0.204146047,1.200000000,-0.468161441
1784881044.631257534,8.350000693,4.411129723,-0.207835109,1.200000000,-0.469401183
1784881044.641257524,8.360000693,4.416674268,-0.211528543,1.200000000,-0.470638570
1784881044.651257515,8.370000693,4.422218567,-0.215226235,1.200000000,-0.471873637
1784881044.661257505,8.380000693,4.427762674,-0.218928067,1.200000000,-0.473106416
1784881044.671257496,8.390000693,4.433306643,-0.222633924,1.200000000,-0.474336943
1784881044.681257725,8.400000693,4.438850527,-0.226343691,1.200000000,-0.475565249
1784881044.691257715,8.410000693,4.444394376,-0.230057249,1.200000000,-0.476791370
1784881044.701257706,8.420000693,4.449938244,-0.233774484,1.200000000,-0.478015339
1784881044.711257696,8.430000693,4.455482182,-0.237495278,1.200000000,-0.479237189
1784881044.721257687,8.440000693,4.461026241,-0.241219515,1.200000000,-0.480456955
1784881044.731257677,8.450000693,4.466570471,-0.244947077,1.200000000,-0.481674671
1784881044.741257668,8.460000693,4.472114923,-0.248677846,1.200000000,-0.482890369
1784881044.751257658,8.470000693,4.477659646,-0.252411707,1.200000000,-0.484104085
1784881044.761257648,8.480000693,4.483204689,-0.256148540,1.200000000,-0.485315851
1784881044.771257639,8.490000693,4.488750100,-0.259888229,1.200000000,-0.486525701
1784881044.781257629,8.500000693,4.494295927,-0.263630655,1.200000000,-0.487733670
1784881044.791257620,8.510000693,4.499842218,-0.267375701,1.200000000,-0.488939791
1784881044.801257610,8.520000693,4.505389020,-0.271123248,1.200000000,-0.490144098
1784881044.811257601,8.530000693,4.510936377,-0.274873178,1.200000000,-0.491346624
1784881044.821257591,8.540000693,4.516484337,-0.278625372,1.200000000,-0.492547404
1784881044.831257582,8.550000693,4.522032943,-0.282379714,1.200000000,-0.493746471
1784881044.841257572,8.560000693,4.527582240,-0.286136082,1.200000000,-0.494943859
1784881044.851257563,8.570000693,4.533132271,-0.289894360,1.200000000,-0.496139602
1784881044.861257553,8.580000693,4.538683080,-0.293654428,1.200000000,-0.497333733
1784881044.871257544,8.590000693,4.544234708,-0.297416167,1.200000000,-0.498526286
1784881044.881257534,8.600000693,4.549787197,-0.301179458,1.200000000,-0.499717296
1784881044.891257524,8.610000693,4.555340587,-0.304944183,1.200000000,-0.500906795
1784881044.901257515,8.620000693,4.560894918,-0.308710221,1.200000000,-0.502094819
1784881044.911257505,8.630000693,4.566450230,-0.312477455,1.200000000,-0.503281399
1784881044.921257496,8.640000693,4.572006561,-0.316245764,1.200000000,-0.504466571
1784881044.931257725,8.650000693,4.577563949,-0.320015029,1.200000000,-0.505650368
1784881044.941257715,8.660000693,4.583122431,-0.323785132,1.200000000,-0.506832823
1784881044.951257706,8.670000693,4.588682042,-0.327555951,1.200000000,-0.508013971
1784881044.961257696,8.680000693,4.594242818,-0.331327369,1.200000000,-0.509193846
1784881044.971257687,8.690000693,4.599804793,-0.335099265,1.200000000,-0.510372480
1784881044.981257677,8.700000693,4.605368001,-0.338871520,1.200000000,-0.511549909
1784881044.991257668,8.710000693,4.610932475,-0.342644014,1.200000000,-0.512726165
1784881045.001257658,8.720000693,4.616498246,-0.346416628,1.200000000,-0.513901283
1784881045.011257648,8.730000693,4.622065345,-0.350189242,1.200000000,-0.515075296
1784881045.021257639,8.740000693,4.627633804,-0.353961736,1.200000000,-0.516248238
1784881045.031257629,8.750000693,4.633203650,-0.357733991,1.200000000,-0.517420143
1784881045.041257620,8.760000693,4.638774912,-0.361505887,1.200000000,-0.518591044
1784881045.051257610,8.770000693,4.644347618,-0.365277304,1.200000000,-0.519760976
1784881045.061257601,8.780000693,4.649921794,-0.369048123,1.200000000,-0.520929972
1784881045.071257591,8.790000693,4.655497465,-0.372818224,1.200000000,-0.522098066
1784881045.081257582,8.800000693,4.661074657,-0.376587488,1.200000000,-0.523265292
1784881045.091257572,8.810000693,4.666653392,-0.380355794,1.200000000,-0.524431683
1784881045.101257563,8.820000693,4.672233694,-0.384123024,1.200000000,-0.525597274
1784881045.111257553,8.830000693,4.677815585,-0.387889057,1.200000000,-0.526762097
1784881045.121257544,8.840000693,4.683399084,-0.391653774,1.200000000,-0.527926188
1784881045.131257534,8.850000693,4.688984212,-0.395417056,1.200000000,-0.529089579
1784881045.141257524,8.860000693,4.694570988,-0.399178784,1.200000000,-0.530252305
1784881045.151257515,8.870000693,4.700159430,-0.402938837,1.200000000,-0.531414399
1784881045.161257505,8.880000693,4.705749554,-0.406697096,1.200000000,-0.532575895
1784881045.171257496,8.890000693,4.711341375,-0.410453443,1.200000000,-0.533736827
1784881045.181257725,8.900000693,4.716934910,-0.414207757,1.200000000,-0.534897228
1784881045.191257715,8.910000693,4.722530172,-0.417959920,1.200000000,-0.536057132
1784881045.201257706,8.920000693,4.728127173,-0.421709813,1.200000000,-0.537216574
1784881045.211257696,8.930000693,4.733725925,-0.425457316,1.200000000,-0.538375587
1784881045.221257687,8.940000693,4.739326439,-0.429202311,1.200000000,-0.539534204
1784881045.231257677,8.950000693,4.744928724,-0.432944679,1.200000000,-0.540692460
1784881045.241257668,8.960000693,4.750532790,-0.436684301,1.200000000,-0.541850389
1784881045.251257658,8.970000693,4.756138644,-0.440421057,1.200000000,-0.543008023
1784881045.261257648,8.980000693,4.761746292,-0.444154831,1.200000000,-0.544165397
1784881045.271257639,8.990000693,4.767355739,-0.447885502,1.200000000,-0.545322545
1784881045.281257629,9.000000693,4.772966992,-0.451612953,1.200000000,-0.546479500
1784881045.291257620,9.010000693,4.778580052,-0.455337065,1.200000000,-0.547636296
1784881045.301257610,9.020000693,4.784194922,-0.459057720,1.200000000,-0.548792967
1784881045.311257601,9.030000693,4.789811604,-0.462774800,1.200000000,-0.549949547
1784881045.321257591,9.040000693,4.795430098,-0.466488188,1.200000000,-0.551106070
1784881045.331257582,9.050000693,4.801050403,-0.470197764,1.200000000,-0.552262569
1784881045.341257572,9.060000693,4.806672517,-0.473903411,1.200000000,-0.553419078
1784881045.351257563,9.070000693,4.812296438,-0.477605012,1.200000000,-0.554575631
1784881045.361257553,9.080000693,4.817922161,-0.481302449,1.200000000,-0.555732261
1784881045.371257544,9.090000693,4.823549682,-0.484995605,1.200000000,-0.556889003
1784881045.381257534,9.100000693,4.829178995,-0.488684363,1.200000000,-0.558045890
1784881045.391257524,9.110000693,4.834810093,-0.492368605,1.200000000,-0.559202957
1784881045.401257515,9.120000693,4.840442967,-0.496048214,1.200000000,-0.560360236
1784881045.411257505,9.130000693,4.846077609,-0.499723073,1.200000000,-0.561517761
1784881045.421257496,9.140000693,4.851714009,-0.503393067,1.200000000,-0.562675567
1784881045.431257725,9.150000693,4.857352156,-0.507058078,1.200000000,-0.563833687
1784881045.441257715,9.160000693,4.862992037,-0.510717989,1.200000000,-0.564992155
1784881045.451257706,9.170000693,4.868633640,-0.514372686,1.200000000,-0.566151005
1784881045.461257696,9.180000693,4.874276950,-0.518022050,1.200000000,-0.567310270
1784881045.471257687,9.190000693,4.879921952,-0.521665968,1.200000000,-0.568469985
1784881045.481257677,9.200000693,4.885568631,-0.525304322,1.200000000,-0.569630183
1784881045.491257668,9.210000693,4.891216969,-0.528936997,1.200000000,-0.570790897
1784881045.501257658,9.220000693,4.896866949,-0.532563878,1.200000000,-0.571952162
1784881045.511257648,9.230000693,4.902518551,-0.536184850,1.200000000,-0.573114012
1784881045.521257639,9.240000693,4.908171756,-0.539799796,1.200000000,-0.574276479
1784881045.531257629,9.250000693,4.913826542,-0.543408604,1.200000000,-0.575439563
1784881045.541257620,9.260000693,4.919482889,-0.547011156,1.200000000,-0.576602974
1784881045.551257610,9.270000693,4.925140772,-0.550607340,1.200000000,-0.577766291
1784881045.561257601,9.280000693,4.930800170,-0.554197040,1.200000000,-0.578929093
1784881045.571257591,9.290000693,4.936461057,-0.557780143,1.200000000,-0.580090955
1784881045.581257582,9.300000693,4.942123409,-0.561356533,1.200000000,-0.581251457
1784881045.591257572,9.310000693,4.947787198,-0.564926098,1.200000000,-0.582410175
1784881045.601257563,9.320000693,4.953452398,-0.568488724,1.200000000,-0.583566687
1784881045.611257553,9.330000693,4.959118982,-0.572044297,1.200000000,-0.584720571
1784881045.621257544,9.340000693,4.964786920,-0.575592703,1.200000000,-0.585871403
1784881045.631257534,9.350000693,4.970456183,-0.579133830,1.200000000,-0.587018762
1784881045.641257524,9.360000693,4.976126741,-0.582667564,1.200000000,-0.588162226
1784881045.651257515,9.370000693,4.981798562,-0.586193793,1.200000000,-0.589301371
1784881045.661257505,9.380000693,4.987471616,-0.589712405,1.200000000,-0.590435775
1784881045.671257496,9.390000693,4.993145869,-0.593223286,1.200000000,-0.591565016
1784881045.681257725,9.400000693,4.998821288,-0.596726325,1.200000000,-0.592688671
1784881045.691257715,9.410000693,5.004497840,-0.600221410,1.200000000,-0.593806318
1784881045.701257706,9.420000693,5.010175489,-0.603708428,1.200000000,-0.594917535
1784881045.711257696,9.430000693,5.015854201,-0.607187268,1.200000000,-0.596021898
1784881045.721257687,9.440000693,5.021533939,-0.610657819,1.200000000,-0.597118986
1784881045.731257677,9.450000693,5.027214668,-0.614119969,1.200000000,-0.598208375
1784881045.741257668,9.460000693,5.032896349,-0.617573608,1.200000000,-0.599289644
1784881045.751257658,9.470000693,5.038578946,-0.621018625,1.200000000,-0.600362371
1784881045.761257648,9.480000693,5.044262419,-0.624454908,1.200000000,-0.601426132
1784881045.771257639,9.490000693,5.049946731,-0.627882348,1.200000000,-0.602480504
1784881045.781257629,9.500000693,5.055631841,-0.631300834,1.200000000,-0.603525067
1784881045.791257620,9.510000693,5.061317710,-0.634710256,1.200000000,-0.604559397
1784881045.801257610,9.520000693,5.067004298,-0.638110504,1.200000000,-0.605583071
1784881045.811257601,9.530000693,5.072691563,-0.641501469,1.200000000,-0.606595668
1784881045.821257591,9.540000693,5.078379466,-0.644883041,1.200000000,-0.607596765
1784881045.831257582,9.550000693,5.084067962,-0.648255112,1.200000000,-0.608585939
1784881045.841257572,9.560000693,5.089757012,-0.651617571,1.200000000,-0.609562768
1784881045.851257563,9.570000693,5.095446573,-0.654970311,1.200000000,-0.610526829
1784881045.861257553,9.580000693,5.101136601,-0.658313221,1.200000000,-0.611477700
1784881045.871257544,9.590000693,5.106827054,-0.661646195,1.200000000,-0.612414959
1784881045.881257534,9.600000693,5.112517888,-0.664969124,1.200000000,-0.613338182
1784881045.891257524,9.610000693,5.118209061,-0.668281900,1.200000000,-0.614246949
1784881045.901257515,9.620000693,5.123900527,-0.671584414,1.200000000,-0.615140835
1784881045.911257505,9.630000693,5.129592243,-0.674876561,1.200000000,-0.616019419
1784881045.921257496,9.640000693,5.135284165,-0.678158231,1.200000000,-0.616882278
1784881045.931257725,9.650000693,5.140976248,-0.681429318,1.200000000,-0.617728990
1784881045.941257715,9.660000693,5.146668447,-0.684689714,1.200000000,-0.618559133
1784881045.951257706,9.670000693,5.152360718,-0.687939314,1.200000000,-0.619372283
1784881045.961257696,9.680000693,5.158053017,-0.691178010,1.200000000,-0.620168018
1784881045.971257687,9.690000693,5.163745297,-0.694405697,1.200000000,-0.620945916
1784881045.981257677,9.700000693,5.169437515,-0.697622267,1.200000000,-0.621705555
1784881045.991257668,9.710000693,5.175129625,-0.700827616,1.200000000,-0.622446511
1784881046.001257658,9.720000693,5.180821582,-0.704021636,1.200000000,-0.623168363
1784881046.011257648,9.730000693,5.186513342,-0.707204224,1.200000000,-0.623870689
1784881046.021257639,9.740000693,5.192204859,-0.710375273,1.200000000,-0.624553064
1784881046.031257629,9.750000693,5.197896088,-0.713534678,1.200000000,-0.625215068
1784881046.041257620,9.760000693,5.203586986,-0.716682335,1.200000000,-0.625856277
1784881046.051257610,9.770000693,5.209277507,-0.719818138,1.200000000,-0.626476270
1784881046.061257601,9.780000693,5.214967607,-0.722941984,1.200000000,-0.627074623
1784881046.071257591,9.790000693,5.220657242,-0.726053768,1.200000000,-0.627650915
1784881046.081257582,9.800000693,5.226346367,-0.729153386,1.200000000,-0.628204722
1784881046.091257572,9.810000693,5.232034939,-0.732240734,1.200000000,-0.628735622
1784881046.101257563,9.820000693,5.237722915,-0.735315709,1.200000000,-0.629243194
1784881046.111257553,9.830000693,5.243410251,-0.738378207,1.200000000,-0.629727014
1784881046.121257544,9.840000693,5.249096904,-0.741428125,1.200000000,-0.630186660
1784881046.131257534,9.850000693,5.254782831,-0.744465360,1.200000000,-0.630621709
1784881046.141257524,9.860000693,5.260467991,-0.747489809,1.200000000,-0.631031739
1784881046.151257515,9.870000693,5.266152341,-0.750501370,1.200000000,-0.631416328
1784881046.161257505,9.880000693,5.271835840,-0.753499940,1.200000000,-0.631775053
1784881046.171257496,9.890000693,5.277518448,-0.756485418,1.200000000,-0.632107491
1784881046.181257725,9.900000693,5.283200122,-0.759457702,1.200000000,-0.632413221
1784881046.191257715,9.910000693,5.288880824,-0.762416689,1.200000000,-0.632691819
1784881046.201257706,9.920000693,5.294560514,-0.765362279,1.200000000,-0.632942864
1784881046.211257696,9.930000693,5.300239152,-0.768294370,1.200000000,-0.633165932
1784881046.221257687,9.940000693,5.305916701,-0.771212861,1.200000000,-0.633360602
1784881046.231257677,9.950000693,5.311593122,-0.774117652,1.200000000,-0.633526451
1784881046.241257668,9.960000693,5.317268378,-0.777008642,1.200000000,-0.633663056
1784881046.251257658,9.970000693,5.322942433,-0.779885731,1.200000000,-0.633769995
1784881046.261257648,9.980000693,5.328615250,-0.782748818,1.200000000,-0.633846845
1784881046.271257639,9.990000693,5.334286794,-0.785597804,1.200000000,-0.633893184
1784881046.281257629,10.000000693,5.339957031,-0.788432590,1.200000000,-0.633908590
1784881046.291257620,10.010000693,5.345625926,-0.791253076,1.200000000,-0.633892640
1784881046.301257610,10.020000693,5.351293447,-0.794059163,1.200000000,-0.633844912
1784881046.311257601,10.030000693,5.356959562,-0.796850751,1.200000000,-0.633764982
1784881046.321257591,10.040000693,5.362624238,-0.799627743,1.200000000,-0.633652430
1784881046.331257582,10.050000693,5.368287444,-0.802390040,1.200000000,-0.633506831
1784881046.341257572,10.060000693,5.373949152,-0.805137544,1.200000000,-0.633327765
1784881046.351257563,10.070000693,5.379609332,-0.807870158,1.200000000,-0.633114807
1784881046.361257553,10.080000693,5.385267955,-0.810587782,1.200000000,-0.632867537
1784881046.371257544,10.090000693,5.390924995,-0.813290320,1.200000000,-0.632585531
1784881046.381257534,10.100000693,5.396580425,-0.815977676,1.200000000,-0.632268367
1784881046.391257524,10.110000693,5.402234219,-0.818649751,1.200000000,-0.631915622
1784881046.401257515,10.120000693,5.407886354,-0.821306450,1.200000000,-0.631526874
1784881046.411257505,10.130000693,5.413536806,-0.823947676,1.200000000,-0.631101701
1784881046.421257496,10.140000693,5.419185552,-0.826573332,1.200000000,-0.630639680
1784881046.431257725,10.150000693,5.424832571,-0.829183324,1.200000000,-0.630140388
1784881046.441257715,10.160000693,5.430477843,-0.831777556,1.200000000,-0.629603404
1784881046.451257706,10.170000693,5.436121348,-0.834355932,1.200000000,-0.629028304
1784881046.461257696,10.180000693,5.441763068,-0.836918357,1.200000000,-0.628414666
1784881046.471257687,10.190000693,5.447402986,-0.839464737,1.200000000,-0.627762069
1784881046.481257677,10.200000693,5.453041086,-0.841994977,1.200000000,-0.627070088
1784881046.491257668,10.210000693,5.458677352,-0.844508983,1.200000000,-0.626338302
1784881046.501257658,10.220000693,5.464311772,-0.847006662,1.200000000,-0.625566289
1784881046.511257648,10.230000693,5.469944332,-0.849487919,1.200000000,-0.624753626
1784881046.521257639,10.240000693,5.475575021,-0.851952662,1.200000000,-0.623899890
1784881046.531257629,10.250000693,5.481203829,-0.854400797,1.200000000,-0.623004659
1784881046.541257620,10.260000693,5.486830747,-0.856832232,1.200000000,-0.622067510
1784881046.551257610,10.270000693,5.492455767,-0.859246875,1.200000000,-0.621088022
1784881046.561257601,10.280000693,5.498078882,-0.861644633,1.200000000,-0.620065771
1784881046.571257591,10.290000693,5.503700087,-0.864025415,1.200000000,-0.619000335
1784881046.581257582,10.300000693,5.509319378,-0.866389129,1.200000000,-0.617891292
1784881046.591257572,10.310000693,5.514936752,-0.868735685,1.200000000,-0.616738219
1784881046.601257563,10.320000693,5.520552207,-0.871064992,1.200000000,-0.615540694
1784881046.611257553,10.330000693,5.526165744,-0.873376959,1.200000000,-0.614298294
1784881046.621257544,10.340000693,5.531777363,-0.875671496,1.200000000,-0.613010597
1784881046.631257534,10.350000693,5.537387066,-0.877948514,1.200000000,-0.611677181
1784881046.641257524,10.360000693,5.542994858,-0.880207923,1.200000000,-0.610297622
1784881046.651257515,10.370000693,5.548600743,-0.882449635,1.200000000,-0.608871499
1784881046.661257505,10.380000693,5.554204728,-0.884673560,1.200000000,-0.607398388
1784881046.671257496,10.390000693,5.559806820,-0.886879611,1.200000000,-0.605877868
1784881046.681257725,10.400000693,5.565407028,-0.889067700,1.200000000,-0.604309517
1784881046.691257715,10.410000693,5.571005363,-0.891237739,1.200000000,-0.602692910
1784881046.701257706,10.420000693,5.576601836,-0.893389641,1.200000000,-0.601027627
1784881046.711257696,10.430000693,5.582196461,-0.895523320,1.200000000,-0.599313245
1784881046.721257687,10.440000693,5.587789252,-0.897638689,1.200000000,-0.597549340
1784881046.731257677,10.450000693,5.593380224,-0.899735662,1.200000000,-0.595735492
1784881046.741257668,10.460000693,5.598969395,-0.901814155,1.200000000,-0.593871277
1784881046.751257658,10.470000693,5.604556784,-0.903874081,1.200000000,-0.591956272
1784881046.761257648,10.480000693,5.610142411,-0.905915357,1.200000000,-0.589990056
1784881046.771257639,10.490000693,5.615726296,-0.907937898,1.200000000,-0.587972206
1784881046.781257629,10.500000693,5.621308463,-0.909941620,1.200000000,-0.585902299
1784881046.791257620,10.510000693,5.626888935,-0.911926441,1.200000000,-0.583779913
1784881046.801257610,10.520000693,5.632467738,-0.913892277,1.200000000,-0.581604625
1784881046.811257601,10.530000693,5.638044900,-0.915839047,1.200000000,-0.579376014
1784881046.821257591,10.540000693,5.643620447,-0.917766667,1.200000000,-0.577093656
1784881046.831257582,10.550000693,5.649194410,-0.919675058,1.200000000,-0.574757130
1784881046.841257572,10.560000693,5.654766819,-0.921564138,1.200000000,-0.572366011
1784881046.851257563,10.570000693,5.660337708,-0.923433827,1.200000000,-0.569919957
1784881046.861257553,10.580000693,5.665907108,-0.925284045,1.200000000,-0.567419247
1784881046.871257544,10.590000693,5.671475056,-0.927114712,1.200000000,-0.564864463
1784881046.881257534,10.600000693,5.677041588,-0.928925750,1.200000000,-0.562256189
1784881046.891257524,10.610000693,5.682606741,-0.930717081,1.200000000,-0.559595010
1784881046.901257515,10.620000693,5.688170554,-0.932488627,1.200000000,-0.556881510
1784881046.911257505,10.630000693,5.693733067,-0.934240311,1.200000000,-0.554116272
1784881046.921257496,10.640000693,5.699294322,-0.935972056,1.200000000,-0.551299881
1784881046.931257725,10.650000693,5.704854361,-0.937683786,1.200000000,-0.548432922
1784881046.941257715,10.660000693,5.710413230,-0.939375426,1.200000000,-0.545515977
1784881046.951257706,10.670000693,5.715970972,-0.941046902,1.200000000,-0.542549632
1784881046.961257696,10.680000693,5.721527635,-0.942698138,1.200000000,-0.539534470
1784881046.971257687,10.690000693,5.727083265,-0.944329062,1.200000000,-0.536471075
1784881046.981257677,10.700000693,5.732637913,-0.945939600,1.200000000,-0.533360032
1784881046.991257668,10.710000693,5.738191629,-0.947529680,1.200000000,-0.530201925
1784881047.001257658,10.720000693,5.743744462,-0.949099232,1.200000000,-0.526997338
1784881047.011257648,10.730000693,5.749296467,-0.950648182,1.200000000,-0.523746855
1784881047.021257639,10.740000693,5.754847697,-0.952176463,1.200000000,-0.520451060
1784881047.031257629,10.750000693,5.760398206,-0.953684003,1.200000000,-0.517110538
1784881047.041257620,10.760000693,5.765948050,-0.955170734,1.200000000,-0.513725872
1784881047.051257610,10.770000693,5.771497286,-0.956636588,1.200000000,-0.510297646
1784881047.061257601,10.780000693,5.777045973,-0.958081498,1.200000000,-0.506826445
1784881047.071257591,10.790000693,5.782594168,-0.959505397,1.200000000,-0.503312853
1784881047.081257582,10.800000693,5.788141932,-0.960908218,1.200000000,-0.499757454
1784881047.091257572,10.810000693,5.793689327,-0.962289897,1.200000000,-0.496160832
1784881047.101257563,10.820000693,5.799236413,-0.963650369,1.200000000,-0.492523571
1784881047.111257553,10.830000693,5.804783255,-0.964989571,1.200000000,-0.488846255
1784881047.121257544,10.840000693,5.810329915,-0.966307440,1.200000000,-0.485129469
1784881047.131257534,10.850000693,5.815876459,-0.967603914,1.200000000,-0.481373797
1784881047.141257524,10.860000693,5.821422951,-0.968878931,1.200000000,-0.477579822
1784881047.151257515,10.870000693,5.826969460,-0.970132432,1.200000000,-0.473748129
1784881047.161257505,10.880000693,5.832516051,-0.971364357,1.200000000,-0.469879301
1784881047.171257496,10.890000693,5.838062792,-0.972574647,1.200000000,-0.465973924
1784881047.181257725,10.900000693,5.843609754,-0.973763245,1.200000000,-0.462032582
1784881047.191257715,10.910000693,5.849157004,-0.974930093,1.200000000,-0.458055857
1784881047.201257706,10.920000693,5.854704615,-0.976075136,1.200000000,-0.454044335
1784881047.211257696,10.930000693,5.860252655,-0.977198319,1.200000000,-0.449998600
1784881047.221257687,10.940000693,5.865801198,-0.978299587,1.200000000,-0.445919235
1784881047.231257677,10.950000693,5.871350314,-0.979378888,1.200000000,-0.441806825
1784881047.241257668,10.960000693,5.876900078,-0.980436170,1.200000000,-0.437661954
1784881047.251257658,10.970000693,5.882450563,-0.981471380,1.200000000,-0.433485207
1784881047.261257648,10.980000693,5.888001842,-0.982484469,1.200000000,-0.429277166
1784881047.271257639,10.990000693,5.893553989,-0.983475387,1.200000000,-0.425038417
1784881047.281257629,11.000000693,5.899107081,-0.984444086,1.200000000,-0.420769543
1784881047.291257620,11.010000693,5.904661192,-0.985390520,1.200000000,-0.416471129
1784881047.301257610,11.020000693,5.910216397,-0.986314641,1.200000000,-0.412143759
1784881047.311257601,11.030000693,5.915772774,-0.987216404,1.200000000,-0.407788016
1784881047.321257591,11.040000693,5.921330398,-0.988095766,1.200000000,-0.403404486
1784881047.331257582,11.050000693,5.926889347,-0.988952684,1.200000000,-0.398993752
1784881047.341257572,11.060000693,5.932449697,-0.989787114,1.200000000,-0.394556397
1784881047.351257563,11.070000693,5.938011526,-0.990599017,1.200000000,-0.390093008
1784881047.361257553,11.080000693,5.943574912,-0.991388353,1.200000000,-0.385604167
1784881047.371257544,11.090000693,5.949139932,-0.992155083,1.200000000,-0.381090458
1784881047.381257534,11.100000693,5.954706664,-0.992899169,1.200000000,-0.376552466
1784881047.391257524,11.110000693,5.960275186,-0.993620575,1.200000000,-0.371990775
1784881047.401257515,11.120000693,5.965845577,-0.994319267,1.200000000,-0.367405970
1784881047.411257505,11.130000693,5.971417915,-0.994995209,1.200000000,-0.362798633
1784881047.421257496,11.140000693,5.976992277,-0.995648369,1.200000000,-0.358169349
1784881047.431257725,11.150000693,5.982568743,-0.996278716,1.200000000,-0.353518703
1784881047.441257715,11.160000693,5.988147390,-0.996886219,1.200000000,-0.348847279
1784881047.451257706,11.170000693,5.993728296,-0.997470848,1.200000000,-0.344155660
1784881047.461257696,11.180000693,5.999311540,-0.998032576,1.200000000,-0.339444431
1784881047.471257687,11.190000693,6.004897198,-0.998571376,1.200000000,-0.334714176
1784881047.481257677,11.200000693,6.010485350,-0.999087222,1.200000000,-0.329965479
1784881047.491257668,11.210000693,6.016076072,-0.999580091,1.200000000,-0.325198924
1784881047.501257658,11.220000693,6.021669441,-1.000049959,1.200000000,-0.320415095
1784881047.511257648,11.230000693,6.027265534,-1.000496804,1.200000000,-0.315614577
1784881047.521257639,11.240000693,6.032864429,-1.000920607,1.200000000,-0.310797953
1784881047.531257629,11.250000693,6.038466201,-1.001321347,1.200000000,-0.305965808
1784881047.541257620,11.260000693,6.044070925,-1.001699009,1.200000000,-0.301118726
1784881047.551257610,11.270000693,6.049678678,-1.002053574,1.200000000,-0.296257291
1784881047.561257601,11.280000693,6.055289535,-1.002385029,1.200000000,-0.291382087
1784881047.571257591,11.290000693,6.060903569,-1.002693359,1.200000000,-0.286493698
1784881047.581257582,11.300000693,6.066520855,-1.002978552,1.200000000,-0.281592708
1784881047.591257572,11.310000693,6.072141466,-1.003240597,1.200000000,-0.276679702
1784881047.601257563,11.320000693,6.077765475,-1.003479485,1.200000000,-0.271755263
1784881047.611257553,11.330000693,6.083392954,-1.003695207,1.200000000,-0.266819976
1784881047.621257544,11.340000693,6.089023975,-1.003887758,1.200000000,-0.261874425
1784881047.631257534,11.350000693,6.094658608,-1.004057131,1.200000000,-0.256919194
1784881047.641257524,11.360000693,6.100296924,-1.004203322,1.200000000,-0.251954867
1784881047.651257515,11.370000693,6.105938991,-1.004326330,1.200000000,-0.246982028
1784881047.661257505,11.380000693,6.111584879,-1.004426154,1.200000000,-0.242001262
1784881047.671257496,11.390000693,6.117234655,-1.004502793,1.200000000,-0.237013152
1784881047.681257725,11.400000693,6.122888386,-1.004556250,1.200000000,-0.232018282
1784881047.691257715,11.410000693,6.128546137,-1.004586528,1.200000000,-0.227017238
1784881047.701257706,11.420000693,6.134207975,-1.004593632,1.200000000,-0.222010602
1784881047.711257696,11.430000693,6.139873962,-1.004577569,1.200000000,-0.216998959
1784881047.721257687,11.440000693,6.145544162,-1.004538347,1.200000000,-0.211982893
1784881047.731257677,11.450000693,6.151218638,-1.004475975,1.200000000,-0.206962989
1784881047.741257668,11.460000693,6.156897449,-1.004390463,1.200000000,-0.201939829
1784881047.751257658,11.470000693,6.162580656,-1.004281825,1.200000000,-0.196914000
1784881047.761257648,11.480000693,6.168268319,-1.004150075,1.200000000,-0.191886084
1784881047.771257639,11.490000693,6.173960493,-1.003995228,1.200000000,-0.186856665
1784881047.781257629,11.500000693,6.179657237,-1.003817301,1.200000000,-0.181826329
1784881047.791257620,11.510000693,6.185358604,-1.003616313,1.200000000,-0.176795658
1784881047.801257610,11.520000693,6.191064650,-1.003392284,1.200000000,-0.171765238
1784881047.811257601,11.530000693,6.196775426,-1.003145236,1.200000000,-0.166735652
1784881047.821257591,11.540000693,6.202490986,-1.002875193,1.200000000,-0.161707484
1784881047.831257582,11.550000693,6.208211377,-1.002582179,1.200000000,-0.156681319
1784881047.841257572,11.560000693,6.213936650,-1.002266221,1.200000000,-0.151657741
1784881047.851257563,11.570000693,6.219666852,-1.001927347,1.200000000,-0.146637333
1784881047.861257553,11.580000693,6.225402029,-1.001565587,1.200000000,-0.141620680
1784881047.871257544,11.590000693,6.231142225,-1.001180972,1.200000000,-0.136608366
1784881047.881257534,11.600000693,6.236887484,-1.000773535,1.200000000,-0.131600976
1784881047.891257524,11.610000693,6.242637847,-1.000343312,1.200000000,-0.126599092
1784881047.901257515,11.620000693,6.248393354,-0.999890337,1.200000000,-0.121603300
1784881047.911257505,11.630000693,6.254154045,-0.999414649,1.200000000,-0.116614184
1784881047.921257496,11.640000693,6.259919955,-0.998916288,1.200000000,-0.111632327
1784881047.931257725,11.650000693,6.265691121,-0.998395294,1.200000000,-0.106658314
1784881047.941257715,11.660000693,6.271467576,-0.997851710,1.200000000,-0.101692729
1784881047.951257706,11.670000693,6.277249352,-0.997285580,1.200000000,-0.096736156
1784881047.961257696,11.680000693,6.283036481,-0.996696951,1.200000000,-0.091789179
1784881047.971257687,11.690000693,6.288828990,-0.996085870,1.200000000,-0.086852382
1784881047.981257677,11.700000693,6.294626908,-0.995452386,1.200000000,-0.081926350
1784881047.991257668,11.710000693,6.300430259,-0.994796550,1.200000000,-0.077011667
1784881048.001257658,11.720000693,6.306239068,-0.994118414,1.200000000,-0.072108916
1784881048.011257648,11.730000693,6.312053356,-0.993418034,1.200000000,-0.067218682
1784881048.021257639,11.740000693,6.317873144,-0.992695464,1.200000000,-0.062341548
1784881048.031257629,11.750000693,6.323698449,-0.991950762,1.200000000,-0.057478100
1784881048.041257620,11.760000693,6.329529290,-0.991183987,1.200000000,-0.052628921
1784881048.051257610,11.770000693,6.335365679,-0.990395199,1.200000000,-0.047794596
1784881048.061257601,11.780000693,6.341207631,-0.989584462,1.200000000,-0.042975708
1784881048.071257591,11.790000693,6.347055156,-0.988751839,1.200000000,-0.038172841
1784881048.081257582,11.800000693,6.352908263,-0.987897396,1.200000000,-0.033386580
1784881048.091257572,11.810000693,6.358766961,-0.987021200,1.200000000,-0.028617509
1784881048.101257563,11.820000693,6.364631253,-0.986123320,1.200000000,-0.023866212
1784881048.111257553,11.830000693,6.370501144,-0.985203826,1.200000000,-0.019133273
1784881048.121257544,11.840000693,6.376376636,-0.984262790,1.200000000,-0.014419277
1784881048.131257534,11.850000693,6.382257727,-0.983300287,1.200000000,-0.009724806
1784881048.141257524,11.860000693,6.388144415,-0.982316391,1.200000000,-0.005050446
1784881048.151257515,11.870000693,6.394036697,-0.981311180,1.200000000,-0.000396781
1784881048.161257505,11.880000693,6.399934565,-0.980284732,1.200000000,0.004235606
1784881048.171257496,11.890000693,6.405838012,-0.979237127,1.200000000,0.008846129
1784881048.181257725,11.900000693,6.411747028,-0.978168448,1.200000000,0.013434206
1784881048.191257715,11.910000693,6.417661599,-0.977078776,1.200000000,0.017999328
1784881048.201257706,11.920000693,6.423581712,-0.975968199,1.200000000,0.022541375
1784881048.211257696,11.930000693,6.429507351,-0.974836800,1.200000000,0.027060351
1784881048.221257687,11.940000693,6.435438497,-0.973684670,1.200000000,0.031556260
1784881048.231257677,11.950000693,6.441375131,-0.972511898,1.200000000,0.036029106
1784881048.241257668,11.960000693,6.447317228,-0.971318574,1.200000000,0.040478892
1784881048.251257658,11.970000693,6.453264767,-0.970104791,1.200000000,0.044905622
1784881048.261257648,11.980000693,6.459217719,-0.968870644,1.200000000,0.049309301
1784881048.271257639,11.990000693,6.465176058,-0.967616229,1.200000000,0.053689931
1784881048.281257629,12.000000693,6.471139752,-0.966341642,1.200000000,0.058047516
1784881048.291257620,12.010000693,6.477108769,-0.965046982,1.200000000,0.062382062
1784881048.301257610,12.020000693,6.483083074,-0.963732351,1.200000000,0.066693570
1784881048.311257601,12.030000693,6.489062632,-0.962397849,1.200000000,0.070982045
1784881048.321257591,12.040000693,6.495047405,-0.961043579,1.200000000,0.075247491
1784881048.331257582,12.050000693,6.501037350,-0.959669647,1.200000000,0.079489912
1784881048.341257572,12.060000693,6.507032427,-0.958276158,1.200000000,0.083709311
1784881048.351257563,12.070000693,6.513032591,-0.956863220,1.200000000,0.087905692
1784881048.361257553,12.080000693,6.519037795,-0.955430942,1.200000000,0.092079059
1784881048.371257544,12.090000693,6.525047991,-0.953979434,1.200000000,0.096229416
1784881048.381257534,12.100000693,6.531063130,-0.952508809,1.200000000,0.100356767
1784881048.391257524,12.110000693,6.537083158,-0.951019178,1.200000000,0.104461114
1784881048.401257515,12.120000693,6.543108021,-0.949510657,1.200000000,0.108542463
1784881048.411257505,12.130000693,6.549137663,-0.947983362,1.200000000,0.112600817
1784881048.421257496,12.140000693,6.555172027,-0.946437409,1.200000000,0.116636180
1784881048.431257725,12.150000693,6.561211052,-0.944872917,1.200000000,0.120648555
1784881048.441257715,12.160000693,6.567254677,-0.943290007,1.200000000,0.124637946
1784881048.451257706,12.170000693,6.573302836,-0.941688798,1.200000000,0.128604357
1784881048.461257696,12.180000693,6.579355466,-0.940069414,1.200000000,0.132547793
1784881048.471257687,12.190000693,6.585412498,-0.938431977,1.200000000,0.136468256
1784881048.481257677,12.200000693,6.591473864,-0.936776613,1.200000000,0.140365750
1784881048.491257668,12.210000693,6.597539491,-0.935103448,1.200000000,0.144240280
1784881048.501257658,12.220000693,6.603609306,-0.933412609,1.200000000,0.148091849
1784881048.511257648,12.230000693,6.609683236,-0.931704225,1.200000000,0.151920461
1784881048.521257639,12.240000693,6.615761203,-0.929978425,1.200000000,0.155726119
1784881048.531257629,12.250000693,6.621843129,-0.928235339,1.200000000,0.159508828
1784881048.541257620,12.260000693,6.627928934,-0.926475101,1.200000000,0.163268591
1784881048.551257610,12.270000693,6.634018536,-0.924697842,1.200000000,0.167005412
1784881048.561257601,12.280000693,6.640111851,-0.922903697,1.200000000,0.170719295
1784881048.571257591,12.290000693,6.646208794,-0.921092801,1.200000000,0.174410243
1784881048.581257582,12.300000693,6.652309278,-0.919265290,1.200000000,0.178078261
1784881048.591257572,12.310000693,6.658413215,-0.917421302,1.200000000,0.181723352
1784881048.601257563,12.320000693,6.664520515,-0.915560975,1.200000000,0.185345520
1784881048.611257553,12.330000693,6.670631084,-0.913684448,1.200000000,0.188944769
1784881048.621257544,12.340000693,6.676744831,-0.911791861,1.200000000,0.192521103
1784881048.631257534,12.350000693,6.682861660,-0.909883355,1.200000000,0.196074525
1784881048.641257524,12.360000693,6.688981475,-0.907959073,1.200000000,0.199605039
1784881048.651257515,12.370000693,6.695104176,-0.906019158,1.200000000,0.203112649
1784881048.661257505,12.380000693,6.701229666,-0.904063754,1.200000000,0.206597358
1784881048.671257496,12.390000693,6.707357843,-0.902093005,1.200000000,0.210059172
1784881048.681257725,12.400000693,6.713488604,-0.900107058,1.200000000,0.213498092
1784881048.691257715,12.410000693,6.719621845,-0.898106058,1.200000000,0.216914124
1784881048.701257706,12.420000693,6.725757462,-0.896090153,1.200000000,0.220307271
1784881048.711257696,12.430000693,6.731895347,-0.894059491,1.200000000,0.223677537
1784881048.721257687,12.440000693,6.738035393,-0.892014222,1.200000000,0.227024925
1784881048.731257677,12.450000693,6.744177489,-0.889954493,1.200000000,0.230349439
1784881048.741257668,12.460000693,6.750321527,-0.887880457,1.200000000,0.233651083
1784881048.751257658,12.470000693,6.756467392,-0.885792264,1.200000000,0.236929862
1784881048.761257648,12.480000693,6.762614974,-0.883690065,1.200000000,0.240185778
1784881048.771257639,12.490000693,6.768764156,-0.881574014,1.200000000,0.243418835
1784881048.781257629,12.500000693,6.774914824,-0.879444262,1.200000000,0.246629038
1784881048.791257620,12.510000693,6.781066861,-0.877300964,1.200000000,0.249816390
1784881048.801257610,12.520000693,6.787220148,-0.875144274,1.200000000,0.252980895
1784881048.811257601,12.530000693,6.793374568,-0.872974347,1.200000000,0.256122556
1784881048.821257591,12.540000693,6.799530000,-0.870791337,1.200000000,0.259241378
1784881048.831257582,12.550000693,6.805686324,-0.868595401,1.200000000,0.262337364
1784881048.841257572,12.560000693,6.811843416,-0.866386695,1.200000000,0.265410518
1784881048.851257563,12.570000693,6.818001154,-0.864165375,1.200000000,0.268460844
1784881048.861257553,12.580000693,6.824159414,-0.861931600,1.200000000,0.271488346
1784881048.871257544,12.590000693,6.830318072,-0.859685526,1.200000000,0.274493027
1784881048.881257534,12.600000693,6.836477001,-0.857427312,1.200000000,0.277474891
1784881048.891257524,12.610000693,6.842636075,-0.855157115,1.200000000,0.280433943
1784881048.901257515,12.620000693,6.848795166,-0.852875095,1.200000000,0.283370185
1784881048.911257505,12.630000693,6.854954147,-0.850581411,1.200000000,0.286283621
1784881048.921257496,12.640000693,6.861112887,-0.848276223,1.200000000,0.289174256
1784881048.931257725,12.650000693,6.867271258,-0.845959689,1.200000000,0.292042094
1784881048.941257715,12.660000693,6.873429129,-0.843631970,1.200000000,0.294887137
1784881048.951257706,12.670000693,6.879586369,-0.841293225,1.200000000,0.297709390
1784881048.961257696,12.680000693,6.885742845,-0.838943616,1.200000000,0.300508857
1784881048.971257687,12.690000693,6.891898427,-0.836583303,1.200000000,0.303285541
1784881048.981257677,12.700000693,6.898052980,-0.834212446,1.200000000,0.306039446
1784881048.991257668,12.710000693,6.904206371,-0.831831207,1.200000000,0.308770576
1784881049.001257658,12.720000693,6.910358467,-0.829439746,1.200000000,0.311478935
1784881049.011257648,12.730000693,6.916509133,-0.827038224,1.200000000,0.314164526
1784881049.021257639,12.740000693,6.922658234,-0.824626803,1.200000000,0.316827354
1784881049.031257629,12.750000693,6.928805634,-0.822205643,1.200000000,0.319467422
1784881049.041257620,12.760000693,6.934951199,-0.819774906,1.200000000,0.322084733
1784881049.051257610,12.770000693,6.941094791,-0.817334752,1.200000000,0.324679293
1784881049.061257601,12.780000693,6.947236276,-0.814885344,1.200000000,0.327251104
1784881049.071257591,12.790000693,6.953375515,-0.812426842,1.200000000,0.329800170
1784881049.081257582,12.800000693,6.959512372,-0.809959406,1.200000000,0.332326495
1784881049.091257572,12.810000693,6.965646711,-0.807483199,1.200000000,0.334830083
1784881049.101257563,12.820000693,6.971778394,-0.804998379,1.200000000,0.337310938
1784881049.111257553,12.830000693,6.977907283,-0.802505109,1.200000000,0.339769064
1784881049.121257544,12.840000693,6.984033241,-0.800003549,1.200000000,0.342204463
1784881049.131257534,12.850000693,6.990156131,-0.797493858,1.200000000,0.344617141
1784881049.141257524,12.860000693,6.996275815,-0.794976198,1.200000000,0.347007100
1784881049.151257515,12.870000693,7.002392155,-0.792450726,1.200000000,0.349374346
1784881049.161257505,12.880000693,7.008505013,-0.789917604,1.200000000,0.351718880
1784881049.171257496,12.890000693,7.014614252,-0.787376989,1.200000000,0.354040708
1784881049.181257725,12.900000693,7.020719735,-0.784829042,1.200000000,0.356339833
1784881049.191257715,12.910000693,7.026821324,-0.782273920,1.200000000,0.358616259
1784881049.201257706,12.920000693,7.032918882,-0.779711782,1.200000000,0.360869989
1784881049.211257696,12.930000693,7.039012272,-0.777142785,1.200000000,0.363101028
1784881049.221257687,12.940000693,7.045101357,-0.774567087,1.200000000,0.365309379
1784881049.231257677,12.950000693,7.051186001,-0.771984845,1.200000000,0.367495045
1784881049.241257668,12.960000693,7.057266067,-0.769396215,1.200000000,0.369658032
1784881049.251257658,12.970000693,7.063341419,-0.766801353,1.200000000,0.371798342
1784881049.261257648,12.980000693,7.069411921,-0.764200415,1.200000000,0.373915980
1784881049.271257639,12.990000693,7.075477439,-0.761593556,1.200000000,0.376010949
1784881049.281257629,13.000000693,7.081537837,-0.758980930,1.200000000,0.378083253
1784881049.291257620,13.010000693,7.087592982,-0.756362691,1.200000000,0.380132895
1784881049.301257610,13.020000693,7.093642738,-0.753738992,1.200000000,0.382159880
1784881049.311257601,13.030000693,7.099686973,-0.751109987,1.200000000,0.384164212
1784881049.321257591,13.040000693,7.105725554,-0.748475826,1.200000000,0.386145893
1784881049.331257582,13.050000693,7.111758348,-0.745836662,1.200000000,0.388104929
1784881049.341257572,13.060000693,7.117785224,-0.743192645,1.200000000,0.390041322
1784881049.351257563,13.070000693,7.123806050,-0.740543926,1.200000000,0.391955077
1784881049.361257553,13.080000693,7.129820695,-0.737890653,1.200000000,0.393846197
1784881049.371257544,13.090000693,7.135829031,-0.735232976,1.200000000,0.395714686
1784881049.381257534,13.100000693,7.141830928,-0.732571041,1.200000000,0.397560548
1784881049.391257524,13.110000693,7.147826258,-0.729904997,1.200000000,0.399383787
1784881049.401257515,13.120000693,7.153814892,-0.727234989,1.200000000,0.401184406
1784881049.411257505,13.130000693,7.159796704,-0.724561163,1.200000000,0.402962409
1784881049.421257496,13.140000693,7.165771569,-0.721883664,1.200000000,0.404717801
1784881049.431257725,13.150000693,7.171739361,-0.719202635,1.200000000,0.406450584
1784881049.441257715,13.160000693,7.177699955,-0.716518220,1.200000000,0.408160763
1784881049.451257706,13.170000693,7.183653229,-0.713830559,1.200000000,0.409848342
1784881049.461257696,13.180000693,7.189599060,-0.711139795,1.200000000,0.411513324
1784881049.471257687,13.190000693,7.195537326,-0.708446068,1.200000000,0.413155712
1784881049.481257677,13.200000693,7.201467908,-0.705749517,1.200000000,0.414775512
1784881049.491257668,13.210000693,7.207390685,-0.703050280,1.200000000,0.416372726
1784881049.501257658,13.220000693,7.213305539,-0.700348495,1.200000000,0.417947359
1784881049.511257648,13.230000693,7.219212353,-0.697644297,1.200000000,0.419499414
1784881049.521257639,13.240000693,7.225111011,-0.694937823,1.200000000,0.421028895
1784881049.531257629,13.250000693,7.231001397,-0.692229206,1.200000000,0.422535806
1784881049.541257620,13.260000693,7.236883398,-0.689518580,1.200000000,0.424020150
1784881049.551257610,13.270000693,7.242756900,-0.686806077,1.200000000,0.425481932
1784881049.561257601,13.280000693,7.248621792,-0.684091827,1.200000000,0.426921154
1784881049.571257591,13.290000693,7.254477963,-0.681375962,1.200000000,0.428337822
1784881049.581257582,13.300000693,7.260325305,-0.678658610,1.200000000,0.429731939
1784881049.591257572,13.310000693,7.266163709,-0.675939898,1.200000000,0.431103508
1784881049.601257563,13.320000693,7.271993069,-0.673219954,1.200000000,0.432452534
1784881049.611257553,13.330000693,7.277813278,-0.670498903,1.200000000,0.433779019
1784881049.621257544,13.340000693,7.283624234,-0.667776868,1.200000000,0.435082969
1784881049.631257534,13.350000693,7.289425833,-0.665053975,1.200000000,0.436364386
1784881049.641257524,13.360000693,7.295217973,-0.662330343,1.200000000,0.437623275
1784881049.651257515,13.370000693,7.301000555,-0.659606095,1.200000000,0.438859639
1784881049.661257505,13.380000693,7.306773481,-0.656881349,1.200000000,0.440073483
1784881049.671257496,13.390000693,7.312536652,-0.654156224,1.200000000,0.441264809
1784881049.681257725,13.400000693,7.318289972,-0.651430837,1.200000000,0.442433622
1784881049.691257715,13.410000693,7.324033349,-0.648705303,1.200000000,0.443579925
1784881049.701257706,13.420000693,7.329766688,-0.645979739,1.200000000,0.444703723
1784881049.711257696,13.430000693,7.335489898,-0.643254255,1.200000000,0.445805019
1784881049.721257687,13.440000693,7.341202889,-0.640528966,1.200000000,0.446883817
1784881049.731257677,13.450000693,7.346905573,-0.637803981,1.200000000,0.447940120
1784881049.741257668,13.460000693,7.352597863,-0.635079410,1.200000000,0.448973933
1784881049.751257658,13.470000693,7.358279672,-0.632355360,1.200000000,0.449985259
1784881049.761257648,13.480000693,7.363950918,-0.629631939,1.200000000,0.450974102
1784881049.771257639,13.490000693,7.369611518,-0.626909253,1.200000000,0.451940466
1784881049.781257629,13.500000693,7.375261391,-0.624187404,1.200000000,0.452884355
1784881049.791257620,13.510000693,7.380900458,-0.621466497,1.200000000,0.453805772
1784881049.801257610,13.520000693,7.386528642,-0.618746632,1.200000000,0.454704721
1784881049.811257601,13.530000693,7.392145865,-0.616027909,1.200000000,0.455581206
1784881049.821257591,13.540000693,7.397752054,-0.613310428,1.200000000,0.456435231
1784881049.831257582,13.550000693,7.403347137,-0.610594285,1.200000000,0.457266800
1784881049.841257572,13.560000693,7.408931041,-0.607879576,1.200000000,0.458075916
1784881049.851257563,13.570000693,7.414503697,-0.605166397,1.200000000,0.458862584
1784881049.861257553,13.580000693,7.420065037,-0.602454839,1.200000000,0.459626806
1784881049.871257544,13.590000693,7.425614996,-0.599744996,1.200000000,0.460368587
1784881049.881257534,13.600000693,7.431153507,-0.597036957,1.200000000,0.461087931
1784881049.891257524,13.610000693,7.436680509,-0.594330811,1.200000000,0.461784841
1784881049.901257515,13.620000693,7.442195939,-0.591626647,1.200000000,0.462459321
1784881049.911257505,13.630000693,7.447699738,-0.588924550,1.200000000,0.463111375
1784881049.921257496,13.640000693,7.453191848,-0.586224604,1.200000000,0.463741007
1784881049.931257725,13.650000693,7.458672213,-0.583526895,1.200000000,0.464348220
1784881049.941257715,13.660000693,7.464140777,-0.580831502,1.200000000,0.464933019
1784881049.951257706,13.670000693,7.469597487,-0.578138508,1.200000000,0.465495407
1784881049.961257696,13.680000693,7.475042292,-0.575447992,1.200000000,0.466035388
1784881049.971257687,13.690000693,7.480475143,-0.572760030,1.200000000,0.466552965
1784881049.981257677,13.700000693,7.485895989,-0.570074700,1.200000000,0.467048143
1784881049.991257668,13.710000693,7.491304786,-0.567392077,1.200000000,0.467520926
1784881050.001257658,13.720000693,7.496701489,-0.564712234,1.200000000,0.467971316
1784881050.011257648,13.730000693,7.502086052,-0.562035243,1.200000000,0.468399319
1784881050.021257639,13.740000693,7.507458436,-0.559361176,1.200000000,0.468804937
1784881050.031257629,13.750000693,7.512818600,-0.556690102,1.200000000,0.469188174
1784881050.041257620,13.760000693,7.518166505,-0.554022088,1.200000000,0.469549035
1784881050.051257610,13.770000693,7.523502114,-0.551357202,1.200000000,0.469887523
1784881050.061257601,13.780000693,7.528825393,-0.548695509,1.200000000,0.470203641
1784881050.071257591,13.790000693,7.534136306,-0.546037073,1.200000000,0.470497395
1784881050.081257582,13.800000693,7.539434823,-0.543381957,1.200000000,0.470768787
1784881050.091257572,13.810000693,7.544720912,-0.540730222,1.200000000,0.471017821
1784881050.101257563,13.820000693,7.549994544,-0.538081927,1.200000000,0.471244501
1784881050.111257553,13.830000693,7.555255691,-0.535437133,1.200000000,0.471448831
1784881050.121257544,13.840000693,7.560504327,-0.532795894,1.200000000,0.471630814
1784881050.131257534,13.850000693,7.565740429,-0.530158269,1.200000000,0.471790455
1784881050.141257524,13.860000693,7.570963971,-0.527524312,1.200000000,0.471927757
1784881050.151257515,13.870000693,7.576174933,-0.524894075,1.200000000,0.472042724
1784881050.161257505,13.880000693,7.581373294,-0.522267612,1.200000000,0.472135360
1784881050.171257496,13.890000693,7.586559035,-0.519644972,1.200000000,0.472205669
1784881050.181257725,13.900000693,7.591732139,-0.517026207,1.200000000,0.472253654
1784881050.191257715,13.910000693,7.596892589,-0.514411363,1.200000000,0.472279319
1784881050.201257706,13.920000693,7.602040370,-0.511800489,1.200000000,0.472282668
1784881050.211257696,13.930000693,7.607175470,-0.509193630,1.200000000,0.472263705
1784881050.221257687,13.940000693,7.612297875,-0.506590831,1.200000000,0.472222433
1784881050.231257677,13.950000693,7.617407574,-0.503992135,1.200000000,0.472158857
1784881050.241257668,13.960000693,7.622504558,-0.501397586,1.200000000,0.472072980
1784881050.251257658,13.970000693,7.627588819,-0.498807224,1.200000000,0.471964805
1784881050.261257648,13.980000693,7.632660347,-0.496221090,1.200000000,0.471834338
1784881050.271257639,13.990000693,7.637719138,-0.493639223,1.200000000,0.471681581
1784881050.281257629,14.000000693,7.642765185,-0.491061661,1.200000000,0.471506538
1784881050.291257620,14.010000693,7.647798486,-0.488488440,1.200000000,0.471309214
1784881050.301257610,14.020000693,7.652819036,-0.485919597,1.200000000,0.471089611
1784881050.311257601,14.030000693,7.657826833,-0.483355167,1.200000000,0.470847734
1784881050.321257591,14.040000693,7.662821876,-0.480795183,1.200000000,0.470583587
1784881050.331257582,14.050000693,7.667804166,-0.478239678,1.200000000,0.470297173
1784881050.341257572,14.060000693,7.672773701,-0.475688685,1.200000000,0.469988496
1784881050.351257563,14.070000693,7.677730485,-0.473142234,1.200000000,0.469657559
1784881050.361257553,14.080000693,7.682674519,-0.470600356,1.200000000,0.469304368
1784881050.371257544,14.090000693,7.687605805,-0.468063080,1.200000000,0.468928925
1784881050.381257534,14.100000693,7.692524349,-0.465530435,1.200000000,0.468531234
1784881050.391257524,14.110000693,7.697430154,-0.463002447,1.200000000,0.468111299
1784881050.401257515,14.120000693,7.702323224,-0.460479144,1.200000000,0.467669124
1784881050.411257505,14.130000693,7.707203566,-0.457960552,1.200000000,0.467204713
1784881050.421257496,14.140000693,7.712071186,-0.455446697,1.200000000,0.466718069
1784881050.431257725,14.150000693,7.716926090,-0.452937602,1.200000000,0.466209196
1784881050.441257715,14.160000693,7.721768285,-0.450433292,1.200000000,0.465678099
1784881050.451257706,14.170000693,7.726597778,-0.447933791,1.200000000,0.465124780
1784881050.461257696,14.180000693,7.731414577,-0.445439120,1.200000000,0.464549244
1784881050.471257687,14.190000693,7.736218689,-0.442949303,1.200000000,0.463951494
1784881050.481257677,14.200000693,7.741010124,-0.440464361,1.200000000,0.463331534
1784881050.491257668,14.210000693,7.745788888,-0.437984314,1.200000000,0.462689369
1784881050.501257658,14.220000693,7.750554990,-0.435509184,1.200000000,0.462025001
1784881050.511257648,14.230000693,7.755308438,-0.433038991,1.200000000,0.461338434
1784881050.521257639,14.240000693,7.760049241,-0.430573755,1.200000000,0.460629673
1784881050.531257629,14.250000693,7.764777407,-0.428113495,1.200000000,0.459898722
1784881050.541257620,14.260000693,7.769492943,-0.425658230,1.200000000,0.459145583
1784881050.551257610,14.270000693,7.774195857,-0.423207980,1.200000000,0.458370261
1784881050.561257601,14.280000693,7.778886156,-0.420762763,1.200000000,0.457572759
1784881050.571257591,14.290000693,7.783563849,-0.418322597,1.200000000,0.456753082
1784881050.581257582,14.300000693,7.788228940,-0.415887501,1.200000000,0.455911233
1784881050.591257572,14.310000693,7.792881435,-0.413457494,1.200000000,0.455047215
1784881050.601257563,14.320000693,7.797521342,-0.411032592,1.200000000,0.454161034
1784881050.611257553,14.330000693,7.802148663,-0.408612816,1.200000000,0.453252692
1784881050.621257544,14.340000693,7.806763404,-0.406198182,1.200000000,0.452322193
1784881050.631257534,14.350000693,7.811365566,-0.403788710,1.200000000,0.451369542
1784881050.641257524,14.360000693,7.815955153,-0.401384416,1.200000000,0.450394741
1784881050.651257515,14.370000693,7.820532166,-0.398985322,1.200000000,0.449397795
1784881050.661257505,14.380000693,7.825096604,-0.396591444,1.200000000,0.448378707
1784881050.671257496,14.390000693,7.829648467,-0.394202802,1.200000000,0.447337482
1784881050.681257725,14.400000693,7.834187753,-0.391819416,1.200000000,0.446274123
1784881050.691257715,14.410000693,7.838714458,-0.389441305,1.200000000,0.445188633
1784881050.701257706,14.420000693,7.843228577,-0.387068490,1.200000000,0.444081018
1784881050.711257696,14.430000693,7.847730103,-0.384700991,1.200000000,0.442951279
1784881050.721257687,14.440000693,7.852219029,-0.382338830,1.200000000,0.441799422
1784881050.731257677,14.450000693,7.856695345,-0.379982029,1.200000000,0.440625450
1784881050.741257668,14.460000693,7.861159040,-0.377630610,1.200000000,0.439429367
1784881050.751257658,14.470000693,7.865610099,-0.375284597,1.200000000,0.438211176
1784881050.761257648,14.480000693,7.870048508,-0.372944012,1.200000000,0.436970882
1784881050.771257639,14.490000693,7.874474248,-0.370608883,1.200000000,0.435708488
1784881050.781257629,14.500000693,7.878887302,-0.368279233,1.200000000,0.434423998
1784881050.791257620,14.510000693,7.883287645,-0.365955091,1.200000000,0.433117416
1784881050.801257610,14.520000693,7.887675255,-0.363636483,1.200000000,0.431788745
1784881050.811257601,14.530000693,7.892050105,-0.361323439,1.200000000,0.430437990
1784881050.821257591,14.540000693,7.896412164,-0.359015988,1.200000000,0.429065154
1784881050.831257582,14.550000693,7.900761402,-0.356714161,1.200000000,0.427670241
1784881050.841257572,14.560000693,7.905097783,-0.354417992,1.200000000,0.426253254
1784881050.851257563,14.570000693,7.909421269,-0.352127514,1.200000000,0.424814199
1784881050.861257553,14.580000693,7.913731819,-0.349842762,1.200000000,0.423353077
1784881050.871257544,14.590000693,7.918029390,-0.347563773,1.200000000,0.421869894
1784881050.881257534,14.600000693,7.922313934,-0.345290586,1.200000000,0.420364652
1784881050.891257524,14.610000693,7.926585400,-0.343023239,1.200000000,0.418837357
1784881050.901257515,14.620000693,7.930843735,-0.340761775,1.200000000,0.417288011
1784881050.911257505,14.630000693,7.935088880,-0.338506237,1.200000000,0.415716618
1784881050.921257496,14.640000693,7.939320774,-0.336256670,1.200000000,0.414123182
1784881050.931257725,14.650000693,7.943539352,-0.334013122,1.200000000,0.412507707
1784881050.941257715,14.660000693,7.947744543,-0.331775642,1.200000000,0.410870197
1784881050.951257706,14.670000693,7.951936275,-0.329544280,1.200000000,0.409210655
1784881050.961257696,14.680000693,7.956114469,-0.327319091,1.200000000,0.407529086
1784881050.971257687,14.690000693,7.960279044,-0.325100129,1.200000000,0.405825492
1784881050.981257677,14.700000693,7.964429911,-0.322887453,1.200000000,0.404099879
1784881050.991257668,14.710000693,7.968566981,-0.320681123,1.200000000,0.402352249
1784881051.001257658,14.720000693,7.972690156,-0.318481202,1.200000000,0.400582607
1784881051.011257648,14.730000693,7.976799335,-0.316287756,1.200000000,0.398790956
1784881051.021257639,14.740000693,7.980894412,-0.314100851,1.200000000,0.396977300
1784881051.031257629,14.750000693,7.984975275,-0.311920560,1.200000000,0.395141642
1784881051.041257620,14.760000693,7.989041808,-0.309746956,1.200000000,0.393283988
1784881051.051257610,14.770000693,7.993093887,-0.307580114,1.200000000,0.391404340
1784881051.061257601,14.780000693,7.997131385,-0.305420116,1.200000000,0.389502702
1784881051.071257591,14.790000693,8.001154167,-0.303267042,1.200000000,0.387579078
1784881051.081257582,14.800000693,8.005162094,-0.301120980,1.200000000,0.385633471
1784881051.091257572,14.810000693,8.009155019,-0.298982018,1.200000000,0.383665887
1784881051.101257563,14.820000693,8.013132790,-0.296850249,1.200000000,0.381676328
1784881051.111257553,14.830000693,8.017095248,-0.294725768,1.200000000,0.379664798
1784881051.121257544,14.840000693,8.021042228,-0.292608675,1.200000000,0.377631301
1784881051.131257534,14.850000693,8.024973557,-0.290499074,1.200000000,0.375575840
1784881051.141257524,14.860000693,8.028889055,-0.288397070,1.200000000,0.373498421
1784881051.151257515,14.870000693,8.032788538,-0.286302775,1.200000000,0.371399045
1784881051.161257505,14.880000693,8.036671810,-0.284216304,1.200000000,0.369277718
1784881051.171257496,14.890000693,8.040538671,-0.282137775,1.200000000,0.367134443
1784881051.181257725,14.900000693,8.044388913,-0.280067311,1.200000000,0.364969223
1784881051.191257715,14.910000693,8.048222318,-0.278005040,1.200000000,0.362782063
1784881051.201257706,14.920000693,8.052038663,-0.275951092,1.200000000,0.360572967
1784881051.211257696,14.930000693,8.055837714,-0.273905605,1.200000000,0.358341937
1784881051.221257687,14.940000693,8.059619231,-0.271868719,1.200000000,0.356088979
1784881051.231257677,14.950000693,8.063382965,-0.269840578,1.200000000,0.353814076
1784881051.241257668,14.960000693,8.067128657,-0.267821334,1.200000000,0.351517060
1784881051.251257658,14.970000693,8.070856040,-0.265811142,1.200000000,0.349197693
1784881051.261257648,14.980000693,8.074564838,-0.263810160,1.200000000,0.346855731
1784881051.271257639,14.990000693,8.078254767,-0.261818556,1.200000000,0.344490934
1784881051.281257629,15.000000693,8.081925530,-0.259836499,1.200000000,0.342103061
1784881051.291257620,15.010000693,8.085576825,-0.257864165,1.200000000,0.339691871
1784881051.301257610,15.020000693,8.089208336,-0.255901736,1.200000000,0.337257123
1784881051.311257601,15.030000693,8.092819740,-0.253949398,1.200000000,0.334798575
1784881051.321257591,15.040000693,8.096410702,-0.252007344,1.200000000,0.332315987
1784881051.331257582,15.050000693,8.099980878,-0.250075772,1.200000000,0.329809117
1784881051.341257572,15.060000693,8.103529912,-0.248154887,1.200000000,0.327277725
1784881051.351257563,15.070000693,8.107057441,-0.246244899,1.200000000,0.324721569
1784881051.361257553,15.080000693,8.110563086,-0.244346023,1.200000000,0.322140408
1784881051.371257544,15.090000693,8.114046462,-0.242458483,1.200000000,0.319534001
1784881051.381257534,15.100000693,8.117507171,-0.240582506,1.200000000,0.316902107
1784881051.391257524,15.110000693,8.120944804,-0.238718327,1.200000000,0.314244485
1784881051.401257515,15.120000693,8.124358942,-0.236866186,1.200000000,0.311560894
1784881051.411257505,15.130000693,8.127749154,-0.235026330,1.200000000,0.308851092
1784881051.421257496,15.140000693,8.131114999,-0.233199013,1.200000000,0.306114839
1784881051.431257725,15.150000693,8.134456024,-0.231384493,1.200000000,0.303351894
1784881051.441257715,15.160000693,8.137771765,-0.229583036,1.200000000,0.300562014
1784881051.451257706,15.170000693,8.141061750,-0.227794913,1.200000000,0.297744960
1784881051.461257696,15.180000693,8.144325493,-0.226020403,1.200000000,0.294900491
1784881051.471257687,15.190000693,8.147562498,-0.224259789,1.200000000,0.292028364
1784881051.481257677,15.200000693,8.150772261,-0.222513361,1.200000000,0.289128339
1784881051.491257668,15.210000693,8.153954264,-0.220781414,1.200000000,0.286200175
1784881051.501257658,15.220000693,8.157107983,-0.219064248,1.200000000,0.283243631
1784881051.511257648,15.230000693,8.160232881,-0.217362172,1.200000000,0.280258465
1784881051.521257639,15.240000693,8.163328414,-0.215675497,1.200000000,0.277244437
1784881051.531257629,15.250000693,8.166394027,-0.214004541,1.200000000,0.274201306
1784881051.541257620,15.260000693,8.169429158,-0.212349625,1.200000000,0.271128830
1784881051.551257610,15.270000693,8.172433236,-0.210711076,1.200000000,0.268026768
1784881051.561257601,15.280000693,8.175405683,-0.209089227,1.200000000,0.264894880
1784881051.571257591,15.290000693,8.178345913,-0.207484413,1.200000000,0.261732923
1784881051.581257582,15.300000693,8.181253333,-0.205896974,1.200000000,0.258540657
1784881051.591257572,15.310000693,8.184127345,-0.204327252,1.200000000,0.255317842
1784881051.601257563,15.320000693,8.186967346,-0.202775594,1.200000000,0.252064235
1784881051.611257553,15.330000693,8.189772727,-0.201242349,1.200000000,0.248779596
1784881051.621257544,15.340000693,8.192542875,-0.199727869,1.200000000,0.245463683
1784881051.631257534,15.350000693,8.195277177,-0.198232506,1.200000000,0.242116256
1784881051.641257524,15.360000693,8.197975013,-0.196756616,1.200000000,0.238737073
1784881051.651257515,15.370000693,8.200635765,-0.195300554,1.200000000,0.235325894
1784881051.661257505,15.380000693,8.203258816,-0.193864677,1.200000000,0.231882477
1784881051.671257496,15.390000693,8.205843545,-0.192449339,1.200000000,0.228406581
1784881051.681257725,15.400000693,8.208389339,-0.191054895,1.200000000,0.224897965
1784881051.691257715,15.410000693,8.210895582,-0.189681700,1.200000000,0.221356387
1784881051.701257706,15.420000693,8.213361667,-0.188330103,1.200000000,0.217781608
1784881051.711257696,15.430000693,8.215786991,-0.187000453,1.200000000,0.214173385
1784881051.721257687,15.440000693,8.218170958,-0.185693095,1.200000000,0.210531478
1784881051.731257677,15.450000693,8.220512980,-0.184408367,1.200000000,0.206855646
1784881051.741257668,15.460000693,8.222812480,-0.183146605,1.200000000,0.203145647
1784881051.751257658,15.470000693,8.225068892,-0.181908136,1.200000000,0.199401240
1784881051.761257648,15.480000693,8.227281664,-0.180693281,1.200000000,0.195622347
1784881051.771257639,15.490000693,8.229450257,-0.179502353,1.200000000,0.191810588
1784881051.781257629,15.500000693,8.231574151,-0.178335656,1.200000000,0.187968593
1784881051.791257620,15.510000693,8.233652845,-0.177193482,1.200000000,0.184099005
1784881051.801257610,15.520000693,8.235685855,-0.176076114,1.200000000,0.180204468
1784881051.811257601,15.530000693,8.237672724,-0.174983821,1.200000000,0.176287625
1784881051.821257591,15.540000693,8.239613017,-0.173916858,1.200000000,0.172351120
1784881051.831257582,15.550000693,8.241506327,-0.172875468,1.200000000,0.168397595
1784881051.841257572,15.560000693,8.243352274,-0.171859874,1.200000000,0.164429695
1784881051.851257563,15.570000693,8.245150511,-0.170870285,1.200000000,0.160450063
1784881051.861257553,15.580000693,8.246900723,-0.169906891,1.200000000,0.156461341
1784881051.871257544,15.590000693,8.248602629,-0.168969863,1.200000000,0.152466175
1784881051.881257534,15.600000693,8.250255988,-0.168059348,1.200000000,0.148467206
1784881051.891257524,15.610000693,8.251860595,-0.167175477,1.200000000,0.144467079
1784881051.901257515,15.620000693,8.253416288,-0.166318353,1.200000000,0.140468436
1784881051.911257505,15.630000693,8.254922947,-0.165488058,1.200000000,0.136473922
1784881051.921257496,15.640000693,8.256380499,-0.164684647,1.200000000,0.132486179
1784881051.931257725,15.650000693,8.257788915,-0.163908150,1.200000000,0.128507851
1784881051.941257715,15.660000693,8.259148218,-0.163158571,1.200000000,0.124541582
1784881051.951257706,15.670000693,8.260458479,-0.162435883,1.200000000,0.120590014
1784881051.961257696,15.680000693,8.261719820,-0.161740033,1.200000000,0.116655792
1784881051.971257687,15.690000693,8.262932420,-0.161070935,1.200000000,0.112741558
1784881051.981257677,15.700000693,8.264096509,-0.160428477,1.200000000,0.108849956
1784881051.991257668,15.710000693,8.265212375,-0.159812511,1.200000000,0.104983630
1784881052.001257658,15.720000693,8.266280363,-0.159222859,1.200000000,0.101145223
1784881052.011257648,15.730000693,8.267300875,-0.158659312,1.200000000,0.097337378
1784881052.021257639,15.740000693,8.268274373,-0.158121627,1.200000000,0.093562738
1784881052.031257629,15.750000693,8.269201377,-0.157609527,1.200000000,0.089823948
1784881052.041257620,15.760000693,8.270082469,-0.157122701,1.200000000,0.086123649
1784881052.051257610,15.770000693,8.270918290,-0.156660808,1.200000000,0.082464487
1784881052.061257601,15.780000693,8.271709541,-0.156223467,1.200000000,0.078849104
1784881052.071257591,15.790000693,8.272456983,-0.155810270,1.200000000,0.075280144
1784881052.081257582,15.800000693,8.273161439,-0.155420771,1.200000000,0.071760250
1784881052.091257572,15.810000693,8.273823789,-0.155054491,1.200000000,0.068292066
1784881052.101257563,15.820000693,8.274444973,-0.154710920,1.200000000,0.064878234
1784881052.111257553,15.830000693,8.275025988,-0.154389515,1.200000000,0.061521398
1784881052.121257544,15.840000693,8.275567887,-0.154089701,1.200000000,0.058224203
1784881052.131257534,15.850000693,8.276071779,-0.153810872,1.200000000,0.054989290
1784881052.141257524,15.860000693,8.276538824,-0.153552393,1.200000000,0.051819304
1784881052.151257515,15.870000693,8.276970235,-0.153313600,1.200000000,0.048716888
1784881052.161257505,15.880000693,8.277367272,-0.153093801,1.200000000,0.045684685
1784881052.171257496,15.890000693,8.277731242,-0.152892278,1.200000000,0.042725339
1784881052.181257725,15.900000693,8.278063494,-0.152708292,1.200000000,0.039841494
1784881052.191257715,15.910000693,8.278365417,-0.152541077,1.200000000,0.037035791
1784881052.201257706,15.920000693,8.278638437,-0.152389849,1.200000000,0.034310876
1784881052.211257696,15.930000693,8.278884010,-0.152253806,1.200000000,0.031669391
1784881052.221257687,15.940000693,8.279103621,-0.152132129,1.200000000,0.029113980
1784881052.231257677,15.950000693,8.279298778,-0.152023988,1.200000000,0.026647286
1784881052.241257668,15.960000693,8.279471007,-0.151928539,1.200000000,0.024271952
1784881052.251257658,15.970000693,8.279621846,-0.151844934,1.200000000,0.021990623
1784881052.261257648,15.980000693,8.279752841,-0.151772319,1.200000000,0.019805941
1784881052.271257639,15.990000693,8.279865537,-0.151709840,1.200000000,0.017720550
1784881052.281257629,16.000000693,8.279961476,-0.151656646,1.200000000,0.015737093
1784881052.291257620,16.010000693,8.280042183,-0.151611891,1.200000000,0.013858213
1784881052.301257610,16.020000693,8.280109166,-0.151574743,1.200000000,0.012086555
1784881052.311257601,16.030000693,8.280163903,-0.151544382,1.200000000,0.010424761
1784881052.321257591,16.040000693,8.280207836,-0.151520012,1.200000000,0.008875475
1784881052.331257582,16.050000693,8.280242361,-0.151500859,1.200000000,0.007441340
1784881052.341257572,16.060000693,8.280268820,-0.151486178,1.200000000,0.006125000
1784881052.351257563,16.070000693,8.280288491,-0.151475263,1.200000000,0.004929098
1784881052.361257553,16.080000693,8.280302576,-0.151467447,1.200000000,0.003856277
1784881052.371257544,16.090000693,8.280312193,-0.151462109,1.200000000,0.002909181
1784881052.381257534,16.100000693,8.280318364,-0.151458684,1.200000000,0.002090454
1784881052.391257524,16.110000693,8.280322001,-0.151456665,1.200000000,0.001402738
1784881052.401257515,16.120000693,8.280323898,-0.151455612,1.200000000,0.000848677
1784881052.411257505,16.130000693,8.280324715,-0.151455158,1.200000000,0.000430915
1784881052.421257496,16.140000693,8.280324964,-0.151455020,1.200000000,0.000152095
1784881052.431257725,16.150000693,8.280325000,-0.151455000,1.200000000,0.000014860
1784881052.435784578,16.154527558,8.280325000,-0.151455000,1.200000000,0.000000000
