trajectory_index,trajectory_id,trajectory_stamp,point_index,t,x,y,z,yaw
0,3473,1784881208.664430857,0,0.000000134,-0.261959000,-0.006230000,1.200000000,-0.039639000
0,3473,1784881208.664430857,1,0.010000134,-0.261958995,-0.006229999,1.200000000,-0.039641929
0,3473,1784881208.664430857,2,0.020000134,-0.261958925,-0.006229991,1.200000000,-0.039650604
0,3473,1784881208.664430857,3,0.030000134,-0.261958625,-0.006229955,1.200000000,-0.039664856
0,3473,1784881208.664430857,4,0.040000134,-0.261957827,-0.006229859,1.200000000,-0.039684517
0,3473,1784881208.664430857,5,0.050000134,-0.261956170,-0.006229660,1.200000000,-0.039709419
0,3473,1784881208.664430857,6,0.060000134,-0.261953201,-0.006229304,1.200000000,-0.039739394
0,3473,1784881208.664430857,7,0.070000134,-0.261948383,-0.006228726,1.200000000,-0.039774272
0,3473,1784881208.664430857,8,0.080000134,-0.261941102,-0.006227852,1.200000000,-0.039813887
0,3473,1784881208.664430857,9,0.090000134,-0.261930670,-0.006226599,1.200000000,-0.039858070
0,3473,1784881208.664430857,10,0.100000134,-0.261916333,-0.006224877,1.200000000,-0.039906652
0,3473,1784881208.664430857,11,0.110000134,-0.261897273,-0.006222587,1.200000000,-0.039959464
0,3473,1784881208.664430857,12,0.120000134,-0.261872617,-0.006219624,1.200000000,-0.040016340
0,3473,1784881208.664430857,13,0.130000134,-0.261841439,-0.006215877,1.200000000,-0.040077110
0,3473,1784881208.664430857,14,0.140000134,-0.261802766,-0.006211229,1.200000000,-0.040141606
0,3473,1784881208.664430857,15,0.150000134,-0.261755581,-0.006205555,1.200000000,-0.040209660
0,3473,1784881208.664430857,16,0.160000134,-0.261698830,-0.006198730,1.200000000,-0.040281104
0,3473,1784881208.664430857,17,0.170000134,-0.261631424,-0.006190622,1.200000000,-0.040355769
0,3473,1784881208.664430857,18,0.180000134,-0.261552243,-0.006181096,1.200000000,-0.040433487
0,3473,1784881208.664430857,19,0.190000134,-0.261460143,-0.006170012,1.200000000,-0.040514090
0,3473,1784881208.664430857,20,0.200000134,-0.261353955,-0.006157231,1.200000000,-0.040597409
0,3473,1784881208.664430857,21,0.210000134,-0.261232494,-0.006142607,1.200000000,-0.040683276
0,3473,1784881208.664430857,22,0.220000134,-0.261094558,-0.006125996,1.200000000,-0.040771523
0,3473,1784881208.664430857,23,0.230000134,-0.260938933,-0.006107251,1.200000000,-0.040861982
0,3473,1784881208.664430857,24,0.240000134,-0.260764397,-0.006086223,1.200000000,-0.040954484
0,3473,1784881208.664430857,25,0.250000134,-0.260569723,-0.006062763,1.200000000,-0.041048860
0,3473,1784881208.664430857,26,0.260000134,-0.260353681,-0.006036721,1.200000000,-0.041144943
0,3473,1784881208.664430857,27,0.270000134,-0.260115040,-0.006007949,1.200000000,-0.041242565
0,3473,1784881208.664430857,28,0.280000134,-0.259852574,-0.005976296,1.200000000,-0.041341557
0,3473,1784881208.664430857,29,0.290000134,-0.259565060,-0.005941613,1.200000000,-0.041441750
0,3473,1784881208.664430857,30,0.300000134,-0.259251286,-0.005903753,1.200000000,-0.041542977
0,3473,1784881208.664430857,31,0.310000134,-0.258910048,-0.005862569,1.200000000,-0.041645069
0,3473,1784881208.664430857,32,0.320000134,-0.258540156,-0.005817915,1.200000000,-0.041747858
0,3473,1784881208.664430857,33,0.330000134,-0.258140433,-0.005769647,1.200000000,-0.041851175
0,3473,1784881208.664430857,34,0.340000134,-0.257709720,-0.005717622,1.200000000,-0.041954853
0,3473,1784881208.664430857,35,0.350000134,-0.257246875,-0.005661702,1.200000000,-0.042058723
0,3473,1784881208.664430857,36,0.360000134,-0.256750777,-0.005601747,1.200000000,-0.042162616
0,3473,1784881208.664430857,37,0.370000134,-0.256220327,-0.005537624,1.200000000,-0.042266364
0,3473,1784881208.664430857,38,0.380000134,-0.255654449,-0.005469198,1.200000000,-0.042369800
0,3473,1784881208.664430857,39,0.390000134,-0.255052091,-0.005396341,1.200000000,-0.042472755
0,3473,1784881208.664430857,40,0.400000134,-0.254412229,-0.005318926,1.200000000,-0.042575060
0,3473,1784881208.664430857,41,0.410000134,-0.253733865,-0.005236829,1.200000000,-0.042676547
0,3473,1784881208.664430857,42,0.420000134,-0.253016028,-0.005149929,1.200000000,-0.042777048
0,3473,1784881208.664430857,43,0.430000134,-0.252257780,-0.005058110,1.200000000,-0.042876395
0,3473,1784881208.664430857,44,0.440000134,-0.251458210,-0.004961258,1.200000000,-0.042974419
0,3473,1784881208.664430857,45,0.450000134,-0.250616440,-0.004859263,1.200000000,-0.043070952
0,3473,1784881208.664430857,46,0.460000134,-0.249731623,-0.004752020,1.200000000,-0.043165826
0,3473,1784881208.664430857,47,0.470000134,-0.248802947,-0.004639427,1.200000000,-0.043258872
0,3473,1784881208.664430857,48,0.480000134,-0.247829631,-0.004521384,1.200000000,-0.043349922
0,3473,1784881208.664430857,49,0.490000134,-0.246810929,-0.004397798,1.200000000,-0.043438808
0,3473,1784881208.664430857,50,0.500000134,-0.245746127,-0.004268578,1.200000000,-0.043525362
0,3473,1784881208.664430857,51,0.510000134,-0.244634550,-0.004133637,1.200000000,-0.043609415
0,3473,1784881208.664430857,52,0.520000134,-0.243475554,-0.003992895,1.200000000,-0.043690799
0,3473,1784881208.664430857,53,0.530000134,-0.242268532,-0.003846272,1.200000000,-0.043769345
0,3473,1784881208.664430857,54,0.540000134,-0.241012911,-0.003693695,1.200000000,-0.043844886
0,3473,1784881208.664430857,55,0.550000134,-0.239708156,-0.003535093,1.200000000,-0.043917253
0,3473,1784881208.664430857,56,0.560000134,-0.238353764,-0.003370402,1.200000000,-0.043986278
0,3473,1784881208.664430857,57,0.570000134,-0.236949270,-0.003199560,1.200000000,-0.044051792
0,3473,1784881208.664430857,58,0.580000134,-0.235494244,-0.003022509,1.200000000,-0.044113627
0,3473,1784881208.664430857,59,0.590000134,-0.233988289,-0.002839196,1.200000000,-0.044171615
0,3473,1784881208.664430857,60,0.600000134,-0.232431045,-0.002649574,1.200000000,-0.044225588
0,3473,1784881208.664430857,61,0.610000134,-0.230822186,-0.002453595,1.200000000,-0.044275377
0,3473,1784881208.664430857,62,0.620000134,-0.229161421,-0.002251221,1.200000000,-0.044320814
0,3473,1784881208.664430857,63,0.630000134,-0.227448491,-0.002042413,1.200000000,-0.044361731
0,3473,1784881208.664430857,64,0.640000134,-0.225683173,-0.001827140,1.200000000,-0.044397959
0,3473,1784881208.664430857,65,0.650000134,-0.223865276,-0.001605371,1.200000000,-0.044429330
0,3473,1784881208.664430857,66,0.660000134,-0.221994641,-0.001377083,1.200000000,-0.044455676
0,3473,1784881208.664430857,67,0.670000134,-0.220071143,-0.001142254,1.200000000,-0.044476828
0,3473,1784881208.664430857,68,0.680000134,-0.218094685,-0.000900867,1.200000000,-0.044492619
0,3473,1784881208.664430857,69,0.690000134,-0.216065206,-0.000652907,1.200000000,-0.044502880
0,3473,1784881208.664430857,70,0.700000134,-0.213982670,-0.000398365,1.200000000,-0.044507442
0,3473,1784881208.664430857,71,0.710000134,-0.211847074,-0.000137234,1.200000000,-0.044506137
0,3473,1784881208.664430857,72,0.720000134,-0.209658443,0.000130488,1.200000000,-0.044498798
0,3473,1784881208.664430857,73,0.730000134,-0.207416831,0.000404803,1.200000000,-0.044485255
0,3473,1784881208.664430857,74,0.740000134,-0.205122318,0.000685706,1.200000000,-0.044465341
0,3473,1784881208.664430857,75,0.750000134,-0.202775012,0.000973190,1.200000000,-0.044438887
0,3473,1784881208.664430857,76,0.760000134,-0.200375046,0.001267246,1.200000000,-0.044405725
0,3473,1784881208.664430857,77,0.770000134,-0.197922579,0.001567860,1.200000000,-0.044365686
0,3473,1784881208.664430857,78,0.780000134,-0.195417793,0.001875017,1.200000000,-0.044318603
0,3473,1784881208.664430857,79,0.790000134,-0.192860897,0.002188698,1.200000000,-0.044264306
0,3473,1784881208.664430857,80,0.800000134,-0.190252119,0.002508882,1.200000000,-0.044202629
0,3473,1784881208.664430857,81,0.810000134,-0.187591710,0.002835544,1.200000000,-0.044133401
0,3473,1784881208.664430857,82,0.820000134,-0.184879944,0.003168658,1.200000000,-0.044056456
0,3473,1784881208.664430857,83,0.830000134,-0.182117112,0.003508194,1.200000000,-0.043971624
0,3473,1784881208.664430857,84,0.840000134,-0.179303527,0.003854121,1.200000000,-0.043878738
0,3473,1784881208.664430857,85,0.850000134,-0.176439519,0.004206405,1.200000000,-0.043777629
0,3473,1784881208.664430857,86,0.860000134,-0.173525439,0.004565011,1.200000000,-0.043668129
0,3473,1784881208.664430857,87,0.870000134,-0.170561650,0.004929899,1.200000000,-0.043550070
0,3473,1784881208.664430857,88,0.880000134,-0.167548535,0.005301031,1.200000000,-0.043423322
0,3473,1784881208.664430857,89,0.890000134,-0.164486491,0.005678363,1.200000000,-0.043287936
0,3473,1784881208.664430857,90,0.900000134,-0.161375931,0.006061852,1.200000000,-0.043144015
0,3473,1784881208.664430857,91,0.910000134,-0.158217279,0.006451453,1.200000000,-0.042991664
0,3473,1784881208.664430857,92,0.920000134,-0.155010975,0.006847118,1.200000000,-0.042830984
0,3473,1784881208.664430857,93,0.930000134,-0.151757470,0.007248799,1.200000000,-0.042662081
0,3473,1784881208.664430857,94,0.940000134,-0.148457227,0.007656445,1.200000000,-0.042485057
0,3473,1784881208.664430857,95,0.950000134,-0.145110721,0.008070005,1.200000000,-0.042300016
0,3473,1784881208.664430857,96,0.960000134,-0.141718434,0.008489426,1.200000000,-0.042107061
0,3473,1784881208.664430857,97,0.970000134,-0.138280862,0.008914654,1.200000000,-0.041906295
0,3473,1784881208.664430857,98,0.980000134,-0.134798507,0.009345632,1.200000000,-0.041697823
0,3473,1784881208.664430857,99,0.990000134,-0.131271881,0.009782306,1.200000000,-0.041481746
0,3473,1784881208.664430857,100,1.000000134,-0.127701502,0.010224618,1.200000000,-0.041258170
0,3473,1784881208.664430857,101,1.010000134,-0.124087897,0.010672508,1.200000000,-0.041027197
0,3473,1784881208.664430857,102,1.020000134,-0.120431598,0.011125919,1.200000000,-0.040788931
0,3473,1784881208.664430857,103,1.030000134,-0.116733143,0.011584790,1.200000000,-0.040543474
0,3473,1784881208.664430857,104,1.040000134,-0.112993078,0.012049060,1.200000000,-0.040290931
0,3473,1784881208.664430857,105,1.050000134,-0.109211949,0.012518668,1.200000000,-0.040031405
0,3473,1784881208.664430857,106,1.060000134,-0.105390311,0.012993552,1.200000000,-0.039765000
0,3473,1784881208.664430857,107,1.070000134,-0.101528718,0.013473649,1.200000000,-0.039491818
0,3473,1784881208.664430857,108,1.080000134,-0.097627733,0.013958897,1.200000000,-0.039211964
0,3473,1784881208.664430857,109,1.090000134,-0.093687916,0.014449232,1.200000000,-0.038925540
0,3473,1784881208.664430857,110,1.100000134,-0.089709832,0.014944590,1.200000000,-0.038632650
0,3473,1784881208.664430857,111,1.110000134,-0.085694047,0.015444908,1.200000000,-0.038333398
0,3473,1784881208.664430857,112,1.120000134,-0.081641130,0.015950121,1.200000000,-0.038027887
0,3473,1784881208.664430857,113,1.130000134,-0.077551648,0.016460164,1.200000000,-0.037716220
0,3473,1784881208.664430857,114,1.140000134,-0.073426169,0.016974974,1.200000000,-0.037398500
0,3473,1784881208.664430857,115,1.150000134,-0.069265263,0.017494484,1.200000000,-0.037074832
0,3473,1784881208.664430857,116,1.160000134,-0.065069497,0.018018631,1.200000000,-0.036745319
0,3473,1784881208.664430857,117,1.170000134,-0.060839438,0.018547351,1.200000000,-0.036410064
0,3473,1784881208.664430857,118,1.180000134,-0.056575652,0.019080578,1.200000000,-0.036069170
0,3473,1784881208.664430857,119,1.190000134,-0.052278703,0.019618247,1.200000000,-0.035722741
0,3473,1784881208.664430857,120,1.200000134,-0.047949152,0.020160295,1.200000000,-0.035370880
0,3473,1784881208.664430857,121,1.210000134,-0.043587559,0.020706658,1.200000000,-0.035013691
0,3473,1784881208.664430857,122,1.220000134,-0.039194480,0.021257271,1.200000000,-0.034651278
0,3473,1784881208.664430857,123,1.230000134,-0.034770470,0.021812072,1.200000000,-0.034283743
0,3473,1784881208.664430857,124,1.240000134,-0.030316076,0.022370996,1.200000000,-0.033911189
0,3473,1784881208.664430857,125,1.250000134,-0.025831847,0.022933981,1.200000000,-0.033533722
0,3473,1784881208.664430857,126,1.260000134,-0.021318323,0.023500965,1.200000000,-0.033151443
0,3473,1784881208.664430857,127,1.270000134,-0.016776043,0.024071886,1.200000000,-0.032764457
0,3473,1784881208.664430857,128,1.280000134,-0.012205539,0.024646681,1.200000000,-0.032372866
0,3473,1784881208.664430857,129,1.290000134,-0.007607340,0.025225290,1.200000000,-0.031976774
0,3473,1784881208.664430857,130,1.300000134,-0.002981967,0.025807653,1.200000000,-0.031576285
0,3473,1784881208.664430857,131,1.310000134,0.001670061,0.026393710,1.200000000,-0.031171502
0,3473,1784881208.664430857,132,1.320000134,0.006348234,0.026983401,1.200000000,-0.030762528
0,3473,1784881208.664430857,133,1.330000134,0.011052046,0.027576667,1.200000000,-0.030349468
0,3473,1784881208.664430857,134,1.340000134,0.015780997,0.028173452,1.200000000,-0.029932423
0,3473,1784881208.664430857,135,1.350000134,0.020534595,0.028773697,1.200000000,-0.029511498
0,3473,1784881208.664430857,136,1.360000134,0.025312352,0.029377346,1.200000000,-0.029086797
0,3473,1784881208.664430857,137,1.370000134,0.030113791,0.029984343,1.200000000,-0.028658421
0,3473,1784881208.664430857,138,1.380000134,0.034938437,0.030594634,1.200000000,-0.028226476
0,3473,1784881208.664430857,139,1.390000134,0.039785827,0.031208163,1.200000000,-0.027791064
0,3473,1784881208.664430857,140,1.400000134,0.044655501,0.031824879,1.200000000,-0.027352290
0,3473,1784881208.664430857,141,1.410000134,0.049547009,0.032444727,1.200000000,-0.026910255
0,3473,1784881208.664430857,142,1.420000134,0.054459908,0.033067657,1.200000000,-0.026465064
0,3473,1784881208.664430857,143,1.430000134,0.059393764,0.033693617,1.200000000,-0.026016820
0,3473,1784881208.664430857,144,1.440000134,0.064348148,0.034322558,1.200000000,-0.025565626
0,3473,1784881208.664430857,145,1.450000134,0.069322643,0.034954431,1.200000000,-0.025111587
0,3473,1784881208.664430857,146,1.460000134,0.074316836,0.035589187,1.200000000,-0.024654805
0,3473,1784881208.664430857,147,1.470000134,0.079330325,0.036226780,1.200000000,-0.024195383
0,3473,1784881208.664430857,148,1.480000134,0.084362716,0.036867163,1.200000000,-0.023733426
0,3473,1784881208.664430857,149,1.490000134,0.089413623,0.037510291,1.200000000,-0.023269037
0,3473,1784881208.664430857,150,1.500000134,0.094482668,0.038156120,1.200000000,-0.022802318
0,3473,1784881208.664430857,151,1.510000134,0.099569483,0.038804606,1.200000000,-0.022333374
0,3473,1784881208.664430857,152,1.520000134,0.104673708,0.039455709,1.200000000,-0.021862308
0,3473,1784881208.664430857,153,1.530000134,0.109794991,0.040109385,1.200000000,-0.021389224
0,3473,1784881208.664430857,154,1.540000134,0.114932991,0.040765596,1.200000000,-0.020914224
0,3473,1784881208.664430857,155,1.550000134,0.120087372,0.041424302,1.200000000,-0.020437412
0,3473,1784881208.664430857,156,1.560000134,0.125257811,0.042085465,1.200000000,-0.019958892
0,3473,1784881208.664430857,157,1.570000134,0.130443991,0.042749048,1.200000000,-0.019478767
0,3473,1784881208.664430857,158,1.580000134,0.135645606,0.043415014,1.200000000,-0.018997140
0,3473,1784881208.664430857,159,1.590000134,0.140862357,0.044083330,1.200000000,-0.018514116
0,3473,1784881208.664430857,160,1.600000134,0.146093956,0.044753961,1.200000000,-0.018029796
0,3473,1784881208.664430857,161,1.610000134,0.151340123,0.045426875,1.200000000,-0.017544286
0,3473,1784881208.664430857,162,1.620000134,0.156600586,0.046102039,1.200000000,-0.017057687
0,3473,1784881208.664430857,163,1.630000134,0.161875083,0.046779423,1.200000000,-0.016570104
0,3473,1784881208.664430857,164,1.640000134,0.167163361,0.047458997,1.200000000,-0.016081640
0,3473,1784881208.664430857,165,1.650000134,0.172465176,0.048140734,1.200000000,-0.015592399
0,3473,1784881208.664430857,166,1.660000134,0.177780292,0.048824605,1.200000000,-0.015102483
0,3473,1784881208.664430857,167,1.670000134,0.183108483,0.049510584,1.200000000,-0.014611997
0,3473,1784881208.664430857,168,1.680000134,0.188449531,0.050198646,1.200000000,-0.014121043
0,3473,1784881208.664430857,169,1.690000134,0.193803228,0.050888767,1.200000000,-0.013629726
0,3473,1784881208.664430857,170,1.700000134,0.199169372,0.051580922,1.200000000,-0.013138148
0,3473,1784881208.664430857,171,1.710000134,0.204547772,0.052275091,1.200000000,-0.012646413
0,3473,1784881208.664430857,172,1.720000134,0.209938246,0.052971253,1.200000000,-0.012154625
0,3473,1784881208.664430857,173,1.730000134,0.215340619,0.053669386,1.200000000,-0.011662886
0,3473,1784881208.664430857,174,1.740000134,0.220754725,0.054369473,1.200000000,-0.011171301
0,3473,1784881208.664430857,175,1.750000134,0.226180407,0.055071494,1.200000000,-0.010679972
0,3473,1784881208.664430857,176,1.760000134,0.231617515,0.055775434,1.200000000,-0.010189003
0,3473,1784881208.664430857,177,1.770000134,0.237065908,0.056481276,1.200000000,-0.009698498
0,3473,1784881208.664430857,178,1.780000134,0.242525453,0.057189006,1.200000000,-0.009208560
0,3473,1784881208.664430857,179,1.790000134,0.247996026,0.057898609,1.200000000,-0.008719293
0,3473,1784881208.664430857,180,1.800000134,0.253477510,0.058610073,1.200000000,-0.008230799
0,3473,1784881208.664430857,181,1.810000134,0.258969796,0.059323385,1.200000000,-0.007743182
0,3473,1784881208.664430857,182,1.820000134,0.264472782,0.060038535,1.200000000,-0.007256546
0,3473,1784881208.664430857,183,1.830000134,0.269986375,0.060755513,1.200000000,-0.006770994
0,3473,1784881208.664430857,184,1.840000134,0.275510488,0.061474310,1.200000000,-0.006286630
0,3473,1784881208.664430857,185,1.850000134,0.281045043,0.062194917,1.200000000,-0.005803557
0,3473,1784881208.664430857,186,1.860000134,0.286589969,0.062917327,1.200000000,-0.005321877
0,3473,1784881208.664430857,187,1.870000134,0.292145200,0.063641535,1.200000000,-0.004841696
0,3473,1784881208.664430857,188,1.880000134,0.297710680,0.064367534,1.200000000,-0.004363116
0,3473,1784881208.664430857,189,1.890000134,0.303286358,0.065095321,1.200000000,-0.003886241
0,3473,1784881208.664430857,190,1.900000134,0.308872191,0.065824892,1.200000000,-0.003411173
0,3473,1784881208.664430857,191,1.910000134,0.314468141,0.066556243,1.200000000,-0.002938017
0,3473,1784881208.664430857,192,1.920000134,0.320074177,0.067289373,1.200000000,-0.002466876
0,3473,1784881208.664430857,193,1.930000134,0.325690276,0.068024282,1.200000000,-0.001997854
0,3473,1784881208.664430857,194,1.940000134,0.331316419,0.068760968,1.200000000,-0.001531053
0,3473,1784881208.664430857,195,1.950000134,0.336952593,0.069499432,1.200000000,-0.001066577
0,3473,1784881208.664430857,196,1.960000134,0.342598794,0.070239676,1.200000000,-0.000604530
0,3473,1784881208.664430857,197,1.970000134,0.348255020,0.070981701,1.200000000,-0.000145015
0,3473,1784881208.664430857,198,1.980000134,0.353921276,0.071725511,1.200000000,0.000311865
0,3473,1784881208.664430857,199,1.990000134,0.359597573,0.072471109,1.200000000,0.000766006
0,3473,1784881208.664430857,200,2.000000134,0.365283926,0.073218499,1.200000000,0.001217304
0,3473,1784881208.664430857,201,2.010000134,0.370980356,0.073967687,1.200000000,0.001665657
0,3473,1784881208.664430857,202,2.020000134,0.376686889,0.074718677,1.200000000,0.002110960
0,3473,1784881208.664430857,203,2.030000134,0.382403556,0.075471476,1.200000000,0.002553111
0,3473,1784881208.664430857,204,2.040000134,0.388130391,0.076226091,1.200000000,0.002992006
0,3473,1784881208.664430857,205,2.050000134,0.393867434,0.076982530,1.200000000,0.003427542
0,3473,1784881208.664430857,206,2.060000134,0.399614728,0.077740801,1.200000000,0.003859614
0,3473,1784881208.664430857,207,2.070000134,0.405372322,0.078500912,1.200000000,0.004288121
0,3473,1784881208.664430857,208,2.080000134,0.411140267,0.079262873,1.200000000,0.004712957
0,3473,1784881208.664430857,209,2.090000134,0.416918618,0.080026694,1.200000000,0.005134021
0,3473,1784881208.664430857,210,2.100000134,0.422707435,0.080792384,1.200000000,0.005551208
0,3473,1784881208.664430857,211,2.110000134,0.428506780,0.081559956,1.200000000,0.005964415
0,3473,1784881208.664430857,212,2.120000134,0.434316719,0.082329419,1.200000000,0.006373539
0,3473,1784881208.664430857,213,2.130000134,0.440137320,0.083100787,1.200000000,0.006778475
0,3473,1784881208.664430857,214,2.140000134,0.445968655,0.083874071,1.200000000,0.007179122
0,3473,1784881208.664430857,215,2.150000134,0.451810799,0.084649284,1.200000000,0.007575375
0,3473,1784881208.664430857,216,2.160000134,0.457663828,0.085426439,1.200000000,0.007967131
0,3473,1784881208.664430857,217,2.170000134,0.463527821,0.086205549,1.200000000,0.008354286
0,3473,1784881208.664430857,218,2.180000134,0.469402860,0.086986629,1.200000000,0.008736737
0,3473,1784881208.664430857,219,2.190000134,0.475289028,0.087769692,1.200000000,0.009114381
0,3473,1784881208.664430857,220,2.200000134,0.481186410,0.088554753,1.200000000,0.009487114
0,3473,1784881208.664430857,221,2.210000134,0.487095094,0.089341827,1.200000000,0.009854833
0,3473,1784881208.664430857,222,2.220000134,0.493015167,0.090130929,1.200000000,0.010217434
0,3473,1784881208.664430857,223,2.230000134,0.498946719,0.090922074,1.200000000,0.010574814
0,3473,1784881208.664430857,224,2.240000134,0.504889841,0.091715278,1.200000000,0.010926870
0,3473,1784881208.664430857,225,2.250000134,0.510844626,0.092510556,1.200000000,0.011273497
0,3473,1784881208.664430857,226,2.260000134,0.516811164,0.093307925,1.200000000,0.011614594
0,3473,1784881208.664430857,227,2.270000134,0.522789551,0.094107400,1.200000000,0.011950055
0,3473,1784881208.664430857,228,2.280000134,0.528779880,0.094908999,1.200000000,0.012279779
0,3473,1784881208.664430857,229,2.290000134,0.534782244,0.095712737,1.200000000,0.012603660
0,3473,1784881208.664430857,230,2.300000134,0.540796738,0.096518630,1.200000000,0.012921597
0,3473,1784881208.664430857,231,2.310000134,0.546823457,0.097326697,1.200000000,0.013233485
0,3473,1784881208.664430857,232,2.320000134,0.552862494,0.098136952,1.200000000,0.013539222
0,3473,1784881208.664430857,233,2.330000134,0.558913944,0.098949414,1.200000000,0.013838702
0,3473,1784881208.664430857,234,2.340000134,0.564977899,0.099764099,1.200000000,0.014131825
0,3473,1784881208.664430857,235,2.350000134,0.571054453,0.100581023,1.200000000,0.014418485
0,3473,1784881208.664430857,236,2.360000134,0.577143697,0.101400204,1.200000000,0.014698579
0,3473,1784881208.664430857,237,2.370000134,0.583245724,0.102221659,1.200000000,0.014972005
0,3473,1784881208.664430857,238,2.380000134,0.589360621,0.103045403,1.200000000,0.015238658
0,3473,1784881208.664430857,239,2.390000134,0.595488480,0.103871455,1.200000000,0.015498435
0,3473,1784881208.664430857,240,2.400000134,0.601629387,0.104699830,1.200000000,0.015751232
0,3473,1784881208.664430857,241,2.410000134,0.607783428,0.105530545,1.200000000,0.015996947
0,3473,1784881208.664430857,242,2.420000134,0.613950687,0.106363616,1.200000000,0.016235476
0,3473,1784881208.664430857,243,2.430000134,0.620131249,0.107199060,1.200000000,0.016466716
0,3473,1784881208.664430857,244,2.440000134,0.626325193,0.108036893,1.200000000,0.016690562
0,3473,1784881208.664430857,245,2.450000134,0.632532598,0.108877130,1.200000000,0.016906912
0,3473,1784881208.664430857,246,2.460000134,0.638753542,0.109719788,1.200000000,0.017115698
0,3473,1784881208.664430857,247,2.470000134,0.644988100,0.110564882,1.200000000,0.017316982
0,3473,1784881208.664430857,248,2.480000134,0.651236343,0.111412428,1.200000000,0.017510855
0,3473,1784881208.664430857,249,2.490000134,0.657498342,0.112262439,1.200000000,0.017697408
0,3473,1784881208.664430857,250,2.500000134,0.663774164,0.113114932,1.200000000,0.017876732
0,3473,1784881208.664430857,251,2.510000134,0.670063875,0.113969921,1.200000000,0.018048919
0,3473,1784881208.664430857,252,2.520000134,0.676367536,0.114827420,1.200000000,0.018214059
0,3473,1784881208.664430857,253,2.530000134,0.682685207,0.115687443,1.200000000,0.018372243
0,3473,1784881208.664430857,254,2.540000134,0.689016944,0.116550004,1.200000000,0.018523563
0,3473,1784881208.664430857,255,2.550000134,0.695362801,0.117415116,1.200000000,0.018668109
0,3473,1784881208.664430857,256,2.560000134,0.701722830,0.118282792,1.200000000,0.018805974
0,3473,1784881208.664430857,257,2.570000134,0.708097076,0.119153045,1.200000000,0.018937247
0,3473,1784881208.664430857,258,2.580000134,0.714485585,0.120025887,1.200000000,0.019062019
0,3473,1784881208.664430857,259,2.590000134,0.720888397,0.120901330,1.200000000,0.019180383
0,3473,1784881208.664430857,260,2.600000134,0.727305551,0.121779385,1.200000000,0.019292429
0,3473,1784881208.664430857,261,2.610000134,0.733737080,0.122660064,1.200000000,0.019398248
0,3473,1784881208.664430857,262,2.620000134,0.740183015,0.123543377,1.200000000,0.019497931
0,3473,1784881208.664430857,263,2.630000134,0.746643384,0.124429334,1.200000000,0.019591569
0,3473,1784881208.664430857,264,2.640000134,0.753118211,0.125317945,1.200000000,0.019679254
0,3473,1784881208.664430857,265,2.650000134,0.759607516,0.126209220,1.200000000,0.019761076
0,3473,1784881208.664430857,266,2.660000134,0.766111314,0.127103168,1.200000000,0.019837126
0,3473,1784881208.664430857,267,2.670000134,0.772629620,0.127999796,1.200000000,0.019907497
0,3473,1784881208.664430857,268,2.680000134,0.779162443,0.128899112,1.200000000,0.019972278
0,3473,1784881208.664430857,269,2.690000134,0.785709787,0.129801125,1.200000000,0.020031560
0,3473,1784881208.664430857,270,2.700000134,0.792271654,0.130705841,1.200000000,0.020085436
0,3473,1784881208.664430857,271,2.710000134,0.798848043,0.131613265,1.200000000,0.020133995
0,3473,1784881208.664430857,272,2.720000134,0.805438946,0.132523405,1.200000000,0.020177329
0,3473,1784881208.664430857,273,2.730000134,0.812044355,0.133436266,1.200000000,0.020215530
0,3473,1784881208.664430857,274,2.740000134,0.818664254,0.134351851,1.200000000,0.020248687
0,3473,1784881208.664430857,275,2.750000134,0.825298627,0.135270166,1.200000000,0.020276893
0,3473,1784881208.664430857,276,2.760000134,0.831947452,0.136191214,1.200000000,0.020300238
0,3473,1784881208.664430857,277,2.770000134,0.838610702,0.137114998,1.200000000,0.020318814
0,3473,1784881208.664430857,278,2.780000134,0.845288348,0.138041520,1.200000000,0.020332711
0,3473,1784881208.664430857,279,2.790000134,0.851980357,0.138970783,1.200000000,0.020342020
0,3473,1784881208.664430857,280,2.800000134,0.858686690,0.139902787,1.200000000,0.020346834
0,3473,1784881208.664430857,281,2.810000134,0.865407307,0.140837533,1.200000000,0.020347242
0,3473,1784881208.664430857,282,2.820000134,0.872142160,0.141775022,1.200000000,0.020343335
0,3473,1784881208.664430857,283,2.830000134,0.878891202,0.142715253,1.200000000,0.020335206
0,3473,1784881208.664430857,284,2.840000134,0.885654378,0.143658224,1.200000000,0.020322945
0,3473,1784881208.664430857,285,2.850000134,0.892431631,0.144603934,1.200000000,0.020306642
0,3473,1784881208.664430857,286,2.860000134,0.899222899,0.145552381,1.200000000,0.020286390
0,3473,1784881208.664430857,287,2.870000134,0.906028117,0.146503560,1.200000000,0.020262279
0,3473,1784881208.664430857,288,2.880000134,0.912847215,0.147457470,1.200000000,0.020234401
0,3473,1784881208.664430857,289,2.890000134,0.919680120,0.148414104,1.200000000,0.020202845
0,3473,1784881208.664430857,290,2.900000134,0.926526755,0.149373459,1.200000000,0.020167705
0,3473,1784881208.664430857,291,2.910000134,0.933387038,0.150335527,1.200000000,0.020129069
0,3473,1784881208.664430857,292,2.920000134,0.940260885,0.151300304,1.200000000,0.020087031
0,3473,1784881208.664430857,293,2.930000134,0.947148207,0.152267782,1.200000000,0.020041680
0,3473,1784881208.664430857,294,2.940000134,0.954048911,0.153237952,1.200000000,0.019993108
0,3473,1784881208.664430857,295,2.950000134,0.960962901,0.154210808,1.200000000,0.019941406
0,3473,1784881208.664430857,296,2.960000134,0.967890076,0.155186339,1.200000000,0.019886664
0,3473,1784881208.664430857,297,2.970000134,0.974830333,0.156164536,1.200000000,0.019828975
0,3473,1784881208.664430857,298,2.980000134,0.981783564,0.157145388,1.200000000,0.019768429
0,3473,1784881208.664430857,299,2.990000134,0.988749658,0.158128884,1.200000000,0.019705117
0,3473,1784881208.664430857,300,3.000000134,0.995728500,0.159115012,1.200000000,0.019639130
0,3473,1784881208.664430857,301,3.010000134,1.002719971,0.160103760,1.200000000,0.019570560
0,3473,1784881208.664430857,302,3.020000134,1.009723951,0.161095114,1.200000000,0.019499497
0,3473,1784881208.664430857,303,3.030000134,1.016740313,0.162089060,1.200000000,0.019426033
0,3473,1784881208.664430857,304,3.040000134,1.023768928,0.163085584,1.200000000,0.019350258
0,3473,1784881208.664430857,305,3.050000134,1.030809665,0.164084669,1.200000000,0.019272264
0,3473,1784881208.664430857,306,3.060000134,1.037862388,0.165086301,1.200000000,0.019192142
0,3473,1784881208.664430857,307,3.070000134,1.044926958,0.166090462,1.200000000,0.019109983
0,3473,1784881208.664430857,308,3.080000134,1.052003232,0.167097134,1.200000000,0.019025877
0,3473,1784881208.664430857,309,3.090000134,1.059091066,0.168106299,1.200000000,0.018939917
0,3473,1784881208.664430857,310,3.100000134,1.066190312,0.169117938,1.200000000,0.018852192
0,3473,1784881208.664430857,311,3.110000134,1.073300817,0.170132031,1.200000000,0.018762795
0,3473,1784881208.664430857,312,3.120000134,1.080422428,0.171148559,1.200000000,0.018671816
0,3473,1784881208.664430857,313,3.130000134,1.087554986,0.172167499,1.200000000,0.018579347
0,3473,1784881208.664430857,314,3.140000134,1.094698332,0.173188829,1.200000000,0.018485477
0,3473,1784881208.664430857,315,3.150000134,1.101852302,0.174212527,1.200000000,0.018390300
0,3473,1784881208.664430857,316,3.160000134,1.109016730,0.175238571,1.200000000,0.018293905
0,3473,1784881208.664430857,317,3.170000134,1.116191449,0.176266934,1.200000000,0.018196383
0,3473,1784881208.664430857,318,3.180000134,1.123376285,0.177297594,1.200000000,0.018097827
0,3473,1784881208.664430857,319,3.190000134,1.130571067,0.178330523,1.200000000,0.017998326
0,3473,1784881208.664430857,320,3.200000134,1.137775616,0.179365696,1.200000000,0.017897972
0,3473,1784881208.664430857,321,3.210000134,1.144989755,0.180403086,1.200000000,0.017796856
0,3473,1784881208.664430857,322,3.220000134,1.152213302,0.181442666,1.200000000,0.017695069
0,3473,1784881208.664430857,323,3.230000134,1.159446073,0.182484406,1.200000000,0.017592702
0,3473,1784881208.664430857,324,3.240000134,1.166687884,0.183528277,1.200000000,0.017489847
0,3473,1784881208.664430857,325,3.250000134,1.173938545,0.184574250,1.200000000,0.017386594
0,3473,1784881208.664430857,326,3.260000134,1.181197868,0.185622295,1.200000000,0.017283034
0,3473,1784881208.664430857,327,3.270000134,1.188465659,0.186672378,1.200000000,0.017179259
0,3473,1784881208.664430857,328,3.280000134,1.195741725,0.187724470,1.200000000,0.017075359
0,3473,1784881208.664430857,329,3.290000134,1.203025871,0.188778537,1.200000000,0.016971426
0,3473,1784881208.664430857,330,3.300000134,1.210317898,0.189834545,1.200000000,0.016867551
0,3473,1784881208.664430857,331,3.310000134,1.217617608,0.190892460,1.200000000,0.016763824
0,3473,1784881208.664430857,332,3.320000134,1.224924798,0.191952248,1.200000000,0.016660338
0,3473,1784881208.664430857,333,3.330000134,1.232239268,0.193013873,1.200000000,0.016557182
0,3473,1784881208.664430857,334,3.340000134,1.239560813,0.194077298,1.200000000,0.016454449
0,3473,1784881208.664430857,335,3.350000134,1.246889227,0.195142488,1.200000000,0.016352228
0,3473,1784881208.664430857,336,3.360000134,1.254224303,0.196209403,1.200000000,0.016250612
0,3473,1784881208.664430857,337,3.370000134,1.261565835,0.197278006,1.200000000,0.016149691
0,3473,1784881208.664430857,338,3.380000134,1.268913611,0.198348257,1.200000000,0.016049556
0,3473,1784881208.664430857,339,3.390000134,1.276267424,0.199420118,1.200000000,0.015950299
0,3473,1784881208.664430857,340,3.400000134,1.283627060,0.200493546,1.200000000,0.015852011
0,3473,1784881208.664430857,341,3.410000134,1.290992308,0.201568503,1.200000000,0.015754782
0,3473,1784881208.664430857,342,3.420000134,1.298362955,0.202644945,1.200000000,0.015658704
0,3473,1784881208.664430857,343,3.430000134,1.305738788,0.203722830,1.200000000,0.015563867
0,3473,1784881208.664430857,344,3.440000134,1.313119591,0.204802115,1.200000000,0.015470364
0,3473,1784881208.664430857,345,3.450000134,1.320505149,0.205882756,1.200000000,0.015378284
0,3473,1784881208.664430857,346,3.460000134,1.327895248,0.206964710,1.200000000,0.015287720
0,3473,1784881208.664430857,347,3.470000134,1.335289670,0.208047930,1.200000000,0.015198761
0,3473,1784881208.664430857,348,3.480000134,1.342688200,0.209132371,1.200000000,0.015111500
0,3473,1784881208.664430857,349,3.490000134,1.350090621,0.210217987,1.200000000,0.015026027
0,3473,1784881208.664430857,350,3.500000134,1.357496716,0.211304730,1.200000000,0.014942433
0,3473,1784881208.664430857,351,3.510000134,1.364906267,0.212392553,1.200000000,0.014860810
0,3473,1784881208.664430857,352,3.520000134,1.372319059,0.213481408,1.200000000,0.014781248
0,3473,1784881208.664430857,353,3.530000134,1.379734873,0.214571246,1.200000000,0.014703839
0,3473,1784881208.664430857,354,3.540000134,1.387153494,0.215662017,1.200000000,0.014628674
0,3473,1784881208.664430857,355,3.550000134,1.394574704,0.216753670,1.200000000,0.014555843
0,3473,1784881208.664430857,356,3.560000134,1.401998286,0.217846156,1.200000000,0.014485439
0,3473,1784881208.664430857,357,3.570000134,1.409424026,0.218939422,1.200000000,0.014417551
0,3473,1784881208.664430857,358,3.580000134,1.416851706,0.220033418,1.200000000,0.014352271
0,3473,1784881208.664430857,359,3.590000134,1.424281113,0.221128089,1.200000000,0.014289690
0,3473,1784881208.664430857,360,3.600000134,1.431712031,0.222223383,1.200000000,0.014229900
0,3473,1784881208.664430857,361,3.610000134,1.439144247,0.223319246,1.200000000,0.014172990
0,3473,1784881208.664430857,362,3.620000134,1.446577547,0.224415624,1.200000000,0.014119054
0,3473,1784881208.664430857,363,3.630000134,1.454011720,0.225512461,1.200000000,0.014068180
0,3473,1784881208.664430857,364,3.640000134,1.461446553,0.226609703,1.200000000,0.014020461
0,3473,1784881208.664430857,365,3.650000134,1.468881837,0.227707292,1.200000000,0.013975988
0,3473,1784881208.664430857,366,3.660000134,1.476317361,0.228805173,1.200000000,0.013934851
0,3473,1784881208.664430857,367,3.670000134,1.483752919,0.229903288,1.200000000,0.013897142
0,3473,1784881208.664430857,368,3.680000134,1.491188301,0.231001579,1.200000000,0.013862952
0,3473,1784881208.664430857,369,3.690000134,1.498623303,0.232099988,1.200000000,0.013832371
0,3473,1784881208.664430857,370,3.700000134,1.506057721,0.233198457,1.200000000,0.013805492
0,3473,1784881208.664430857,371,3.710000134,1.513491350,0.234296925,1.200000000,0.013782405
0,3473,1784881208.664430857,372,3.720000134,1.520923989,0.235395332,1.200000000,0.013763201
0,3473,1784881208.664430857,373,3.730000134,1.528355439,0.236493619,1.200000000,0.013747971
0,3473,1784881208.664430857,374,3.740000134,1.535785500,0.237591724,1.200000000,0.013736806
0,3473,1784881208.664430857,375,3.750000134,1.543213975,0.238689586,1.200000000,0.013729798
0,3473,1784881208.664430857,376,3.760000134,1.550640670,0.239787143,1.200000000,0.013727037
0,3473,1784881208.664430857,377,3.770000134,1.558065391,0.240884332,1.200000000,0.013728615
0,3473,1784881208.664430857,378,3.780000134,1.565487946,0.241981091,1.200000000,0.013734623
0,3473,1784881208.664430857,379,3.790000134,1.572908145,0.243077355,1.200000000,0.013745151
0,3473,1784881208.664430857,380,3.800000134,1.580325802,0.244173061,1.200000000,0.013760291
0,3473,1784881208.664430857,381,3.810000134,1.587740730,0.245268145,1.200000000,0.013780134
0,3473,1784881208.664430857,382,3.820000134,1.595152746,0.246362541,1.200000000,0.013804771
0,3473,1784881208.664430857,383,3.830000134,1.602561667,0.247456185,1.200000000,0.013834293
0,3473,1784881208.664430857,384,3.840000134,1.609967316,0.248549010,1.200000000,0.013868791
0,3473,1784881208.664430857,385,3.850000134,1.617369515,0.249640950,1.200000000,0.013908357
0,3473,1784881208.664430857,386,3.860000134,1.624768088,0.250731938,1.200000000,0.013953080
0,3473,1784881208.664430857,387,3.870000134,1.632162865,0.251821908,1.200000000,0.014003053
0,3473,1784881208.664430857,388,3.880000134,1.639553674,0.252910792,1.200000000,0.014058367
0,3473,1784881208.664430857,389,3.890000134,1.646940347,0.253998522,1.200000000,0.014119088
0,3473,1784881208.664430857,390,3.900000134,1.654322721,0.255085029,1.200000000,0.014185125
0,3473,1784881208.664430857,391,3.910000134,1.661700632,0.256170244,1.200000000,0.014256324
0,3473,1784881208.664430857,392,3.920000134,1.669073920,0.257254099,1.200000000,0.014332531
0,3473,1784881208.664430857,393,3.930000134,1.676442427,0.258336524,1.200000000,0.014413591
0,3473,1784881208.664430857,394,3.940000134,1.683805999,0.259417448,1.200000000,0.014499351
0,3473,1784881208.664430857,395,3.950000134,1.691164484,0.260496802,1.200000000,0.014589655
0,3473,1784881208.664430857,396,3.960000134,1.698517731,0.261574514,1.200000000,0.014684349
0,3473,1784881208.664430857,397,3.970000134,1.705865594,0.262650514,1.200000000,0.014783279
0,3473,1784881208.664430857,398,3.980000134,1.713207930,0.263724730,1.200000000,0.014886290
0,3473,1784881208.664430857,399,3.990000134,1.720544596,0.264797090,1.200000000,0.014993229
0,3473,1784881208.664430857,400,4.000000134,1.727875455,0.265867522,1.200000000,0.015103940
0,3473,1784881208.664430857,401,4.010000134,1.735200370,0.266935953,1.200000000,0.015218269
0,3473,1784881208.664430857,402,4.020000134,1.742519209,0.268002311,1.200000000,0.015336063
0,3473,1784881208.664430857,403,4.030000134,1.749831843,0.269066522,1.200000000,0.015457165
0,3473,1784881208.664430857,404,4.040000134,1.757138143,0.270128513,1.200000000,0.015581423
0,3473,1784881208.664430857,405,4.050000134,1.764437987,0.271188209,1.200000000,0.015708682
0,3473,1784881208.664430857,406,4.060000134,1.771731253,0.272245537,1.200000000,0.015838787
0,3473,1784881208.664430857,407,4.070000134,1.779017822,0.273300423,1.200000000,0.015971585
0,3473,1784881208.664430857,408,4.080000134,1.786297581,0.274352791,1.200000000,0.016106919
0,3473,1784881208.664430857,409,4.090000134,1.793570415,0.275402566,1.200000000,0.016244637
0,3473,1784881208.664430857,410,4.100000134,1.800836217,0.276449673,1.200000000,0.016384584
0,3473,1784881208.664430857,411,4.110000134,1.808094881,0.277494036,1.200000000,0.016526606
0,3473,1784881208.664430857,412,4.120000134,1.815346302,0.278535580,1.200000000,0.016670547
0,3473,1784881208.664430857,413,4.130000134,1.822590381,0.279574227,1.200000000,0.016816254
0,3473,1784881208.664430857,414,4.140000134,1.829827021,0.280609903,1.200000000,0.016963573
0,3473,1784881208.664430857,415,4.150000134,1.837056128,0.281642530,1.200000000,0.017112348
0,3473,1784881208.664430857,416,4.160000134,1.844277610,0.282672030,1.200000000,0.017262426
0,3473,1784881208.664430857,417,4.170000134,1.851491380,0.283698328,1.200000000,0.017413652
0,3473,1784881208.664430857,418,4.180000134,1.858697352,0.284721345,1.200000000,0.017565872
0,3473,1784881208.664430857,419,4.190000134,1.865895446,0.285741004,1.200000000,0.017718931
0,3473,1784881208.664430857,420,4.200000134,1.873085582,0.286757227,1.200000000,0.017872675
0,3473,1784881208.664430857,421,4.210000134,1.880267683,0.287769936,1.200000000,0.018026950
0,3473,1784881208.664430857,422,4.220000134,1.887441678,0.288779052,1.200000000,0.018181601
0,3473,1784881208.664430857,423,4.230000134,1.894607497,0.289784498,1.200000000,0.018336474
0,3473,1784881208.664430857,424,4.240000134,1.901765073,0.290786194,1.200000000,0.018491415
0,3473,1784881208.664430857,425,4.250000134,1.908914342,0.291784061,1.200000000,0.018646269
0,3473,1784881208.664430857,426,4.260000134,1.916055244,0.292778021,1.200000000,0.018800881
0,3473,1784881208.664430857,427,4.270000134,1.923187720,0.293767994,1.200000000,0.018955098
0,3473,1784881208.664430857,428,4.280000134,1.930311717,0.294753901,1.200000000,0.019108764
0,3473,1784881208.664430857,429,4.290000134,1.937427183,0.295735662,1.200000000,0.019261727
0,3473,1784881208.664430857,430,4.300000134,1.944534068,0.296713198,1.200000000,0.019413830
0,3473,1784881208.664430857,431,4.310000134,1.951632327,0.297686428,1.200000000,0.019564920
0,3473,1784881208.664430857,432,4.320000134,1.958721918,0.298655273,1.200000000,0.019714843
0,3473,1784881208.664430857,433,4.330000134,1.965802800,0.299619653,1.200000000,0.019863444
0,3473,1784881208.664430857,434,4.340000134,1.972874936,0.300579486,1.200000000,0.020010568
0,3473,1784881208.664430857,435,4.350000134,1.979938292,0.301534694,1.200000000,0.020156062
0,3473,1784881208.664430857,436,4.360000134,1.986992837,0.302485195,1.200000000,0.020299770
0,3473,1784881208.664430857,437,4.370000134,1.994038543,0.303430908,1.200000000,0.020441539
0,3473,1784881208.664430857,438,4.380000134,2.001075384,0.304371753,1.200000000,0.020581215
0,3473,1784881208.664430857,439,4.390000134,2.008103336,0.305307650,1.200000000,0.020718641
0,3473,1784881208.664430857,440,4.400000134,2.015122382,0.306238516,1.200000000,0.020853666
0,3473,1784881208.664430857,441,4.410000134,2.022132502,0.307164272,1.200000000,0.020986133
0,3473,1784881208.664430857,442,4.420000134,2.029133682,0.308084835,1.200000000,0.021115889
0,3473,1784881208.664430857,443,4.430000134,2.036125912,0.309000126,1.200000000,0.021242779
0,3473,1784881208.664430857,444,4.440000134,2.043109181,0.309910062,1.200000000,0.021366649
0,3473,1784881208.664430857,445,4.450000134,2.050083483,0.310814562,1.200000000,0.021487344
0,3473,1784881208.664430857,446,4.460000134,2.057048815,0.311713546,1.200000000,0.021604711
0,3473,1784881208.664430857,447,4.470000134,2.064005176,0.312606931,1.200000000,0.021718594
0,3473,1784881208.664430857,448,4.480000134,2.070952566,0.313494636,1.200000000,0.021828839
0,3473,1784881208.664430857,449,4.490000134,2.077890991,0.314376580,1.200000000,0.021935293
0,3473,1784881208.664430857,450,4.500000134,2.084820455,0.315252681,1.200000000,0.022037800
0,3473,1784881208.664430857,451,4.510000134,2.091740969,0.316122858,1.200000000,0.022136206
0,3473,1784881208.664430857,452,4.520000134,2.098652544,0.316987029,1.200000000,0.022230356
0,3473,1784881208.664430857,453,4.530000134,2.105555193,0.317845112,1.200000000,0.022320098
0,3473,1784881208.664430857,454,4.540000134,2.112448933,0.318697027,1.200000000,0.022405275
0,3473,1784881208.664430857,455,4.550000134,2.119333783,0.319542691,1.200000000,0.022485734
0,3473,1784881208.664430857,456,4.560000134,2.126209763,0.320382023,1.200000000,0.022561320
0,3473,1784881208.664430857,457,4.570000134,2.133076896,0.321214942,1.200000000,0.022631879
0,3473,1784881208.664430857,458,4.580000134,2.139935209,0.322041366,1.200000000,0.022697256
0,3473,1784881208.664430857,459,4.590000134,2.146784729,0.322861213,1.200000000,0.022757297
0,3473,1784881208.664430857,460,4.600000134,2.153625485,0.323674402,1.200000000,0.022811849
0,3473,1784881208.664430857,461,4.610000134,2.160457510,0.324480852,1.200000000,0.022860755
0,3473,1784881208.664430857,462,4.620000134,2.167280837,0.325280482,1.200000000,0.022903863
0,3473,1784881208.664430857,463,4.630000134,2.174095504,0.326073210,1.200000000,0.022941017
0,3473,1784881208.664430857,464,4.640000134,2.180901548,0.326858954,1.200000000,0.022972063
0,3473,1784881208.664430857,465,4.650000134,2.187699009,0.327637634,1.200000000,0.022996847
0,3473,1784881208.664430857,466,4.660000134,2.194487930,0.328409169,1.200000000,0.023015214
0,3473,1784881208.664430857,467,4.670000134,2.201268355,0.329173478,1.200000000,0.023027010
0,3473,1784881208.664430857,468,4.680000134,2.208040329,0.329930479,1.200000000,0.023032081
0,3473,1784881208.664430857,469,4.690000134,2.214803901,0.330680092,1.200000000,0.023030273
0,3473,1784881208.664430857,470,4.700000134,2.221559120,0.331422236,1.200000000,0.023021430
0,3473,1784881208.664430857,471,4.710000134,2.228306036,0.332156831,1.200000000,0.023005399
0,3473,1784881208.664430857,472,4.720000134,2.235044705,0.332883796,1.200000000,0.022982024
0,3473,1784881208.664430857,473,4.730000134,2.241775179,0.333603050,1.200000000,0.022951153
0,3473,1784881208.664430857,474,4.740000134,2.248497515,0.334314514,1.200000000,0.022912630
0,3473,1784881208.664430857,475,4.750000134,2.255211771,0.335018106,1.200000000,0.022866301
0,3473,1784881208.664430857,476,4.760000134,2.261918007,0.335713748,1.200000000,0.022812011
0,3473,1784881208.664430857,477,4.770000134,2.268616284,0.336401358,1.200000000,0.022749607
0,3473,1784881208.664430857,478,4.780000134,2.275306663,0.337080858,1.200000000,0.022678933
0,3473,1784881208.664430857,479,4.790000134,2.281989209,0.337752168,1.200000000,0.022599836
0,3473,1784881208.664430857,480,4.800000134,2.288663986,0.338415208,1.200000000,0.022512161
0,3473,1784881208.664430857,481,4.810000134,2.295331062,0.339069899,1.200000000,0.022415753
0,3473,1784881208.664430857,482,4.820000134,2.301990503,0.339716162,1.200000000,0.022310459
0,3473,1784881208.664430857,483,4.830000134,2.308642380,0.340353917,1.200000000,0.022196124
0,3473,1784881208.664430857,484,4.840000134,2.315286761,0.340983087,1.200000000,0.022072593
0,3473,1784881208.664430857,485,4.850000134,2.321923718,0.341603593,1.200000000,0.021939713
0,3473,1784881208.664430857,486,4.860000134,2.328553324,0.342215355,1.200000000,0.021797328
0,3473,1784881208.664430857,487,4.870000134,2.335175652,0.342818296,1.200000000,0.021645284
0,3473,1784881208.664430857,488,4.880000134,2.341790777,0.343412339,1.200000000,0.021483428
0,3473,1784881208.664430857,489,4.890000134,2.348398773,0.343997404,1.200000000,0.021311604
0,3473,1784881208.664430857,490,4.900000134,2.354999717,0.344573415,1.200000000,0.021129658
0,3473,1784881208.664430857,491,4.910000134,2.361593687,0.345140294,1.200000000,0.020937437
0,3473,1784881208.664430857,492,4.920000134,2.368180759,0.345697964,1.200000000,0.020734784
0,3473,1784881208.664430857,493,4.930000134,2.374761014,0.346246348,1.200000000,0.020521547
0,3473,1784881208.664430857,494,4.940000134,2.381334530,0.346785369,1.200000000,0.020297570
0,3473,1784881208.664430857,495,4.950000134,2.387901389,0.347314952,1.200000000,0.020062700
0,3473,1784881208.664430857,496,4.960000134,2.394461669,0.347835019,1.200000000,0.019816782
0,3473,1784881208.664430857,497,4.970000134,2.401015454,0.348345494,1.200000000,0.019559661
0,3473,1784881208.664430857,498,4.980000134,2.407562825,0.348846303,1.200000000,0.019291183
0,3473,1784881208.664430857,499,4.990000134,2.414103864,0.349337369,1.200000000,0.019011194
0,3473,1784881208.664430857,500,5.000000134,2.420638655,0.349818618,1.200000000,0.018719540
0,3473,1784881208.664430857,501,5.010000134,2.427167281,0.350289975,1.200000000,0.018416065
0,3473,1784881208.664430857,502,5.020000134,2.433689826,0.350751364,1.200000000,0.018100616
0,3473,1784881208.664430857,503,5.030000134,2.440206374,0.351202712,1.200000000,0.017773039
0,3473,1784881208.664430857,504,5.040000134,2.446717009,0.351643945,1.200000000,0.017433178
0,3473,1784881208.664430857,505,5.050000134,2.453221816,0.352074988,1.200000000,0.017080880
0,3473,1784881208.664430857,506,5.060000134,2.459720881,0.352495768,1.200000000,0.016715990
0,3473,1784881208.664430857,507,5.070000134,2.466214287,0.352906213,1.200000000,0.016338353
0,3473,1784881208.664430857,508,5.080000134,2.472702120,0.353306249,1.200000000,0.015947816
0,3473,1784881208.664430857,509,5.090000134,2.479184466,0.353695804,1.200000000,0.015544224
0,3473,1784881208.664430857,510,5.100000134,2.485661410,0.354074806,1.200000000,0.015127422
0,3473,1784881208.664430857,511,5.110000134,2.492133037,0.354443182,1.200000000,0.014697257
0,3473,1784881208.664430857,512,5.120000134,2.498599432,0.354800861,1.200000000,0.014253573
0,3473,1784881208.664430857,513,5.130000134,2.505060681,0.355147772,1.200000000,0.013796217
0,3473,1784881208.664430857,514,5.140000134,2.511516868,0.355483844,1.200000000,0.013325034
0,3473,1784881208.664430857,515,5.150000134,2.517968079,0.355809007,1.200000000,0.012839869
0,3473,1784881208.664430857,516,5.160000134,2.524414398,0.356123190,1.200000000,0.012340569
0,3473,1784881208.664430857,517,5.170000134,2.530855909,0.356426323,1.200000000,0.011826979
0,3473,1784881208.664430857,518,5.180000134,2.537292698,0.356718337,1.200000000,0.011298944
0,3473,1784881208.664430857,519,5.190000134,2.543724846,0.356999163,1.200000000,0.010756310
0,3473,1784881208.664430857,520,5.200000134,2.550152439,0.357268732,1.200000000,0.010198923
0,3473,1784881208.664430857,521,5.210000134,2.556575558,0.357526975,1.200000000,0.009626628
0,3473,1784881208.664430857,522,5.220000134,2.562994288,0.357773825,1.200000000,0.009039271
0,3473,1784881208.664430857,523,5.230000134,2.569408709,0.358009214,1.200000000,0.008436698
0,3473,1784881208.664430857,524,5.240000134,2.575818904,0.358233075,1.200000000,0.007818754
0,3473,1784881208.664430857,525,5.250000134,2.582224953,0.358445340,1.200000000,0.007185285
0,3473,1784881208.664430857,526,5.260000134,2.588626938,0.358645944,1.200000000,0.006536137
0,3473,1784881208.664430857,527,5.270000134,2.595024937,0.358834820,1.200000000,0.005871154
0,3473,1784881208.664430857,528,5.280000134,2.601419032,0.359011903,1.200000000,0.005190183
0,3473,1784881208.664430857,529,5.290000134,2.607809299,0.359177128,1.200000000,0.004493069
0,3473,1784881208.664430857,530,5.300000134,2.614195817,0.359330428,1.200000000,0.003779659
0,3473,1784881208.664430857,531,5.310000134,2.620578664,0.359471741,1.200000000,0.003049796
0,3473,1784881208.664430857,532,5.320000134,2.626957915,0.359601002,1.200000000,0.002303328
0,3473,1784881208.664430857,533,5.330000134,2.633333647,0.359718148,1.200000000,0.001540100
0,3473,1784881208.664430857,534,5.340000134,2.639705933,0.359823115,1.200000000,0.000759957
0,3473,1784881208.664430857,535,5.350000134,2.646074849,0.359915841,1.200000000,-0.000037255
0,3473,1784881208.664430857,536,5.360000134,2.652440467,0.359996263,1.200000000,-0.000851690
0,3473,1784881208.664430857,537,5.370000134,2.658802859,0.360064320,1.200000000,-0.001683503
0,3473,1784881208.664430857,538,5.380000134,2.665162097,0.360119949,1.200000000,-0.002532840
0,3473,1784881208.664430857,539,5.390000134,2.671518250,0.360163091,1.200000000,-0.003399701
0,3473,1784881208.664430857,540,5.400000134,2.677871388,0.360193685,1.200000000,-0.004283955
0,3473,1784881208.664430857,541,5.410000134,2.684221580,0.360211671,1.200000000,-0.005185471
0,3473,1784881208.664430857,542,5.420000134,2.690568892,0.360216988,1.200000000,-0.006104115
0,3473,1784881208.664430857,543,5.430000134,2.696913391,0.360209579,1.200000000,-0.007039755
0,3473,1784881208.664430857,544,5.440000134,2.703255142,0.360189384,1.200000000,-0.007992258
0,3473,1784881208.664430857,545,5.450000134,2.709594208,0.360156345,1.200000000,-0.008961490
0,3473,1784881208.664430857,546,5.460000134,2.715930654,0.360110405,1.200000000,-0.009947318
0,3473,1784881208.664430857,547,5.470000134,2.722264540,0.360051506,1.200000000,-0.010949611
0,3473,1784881208.664430857,548,5.480000134,2.728595927,0.359979591,1.200000000,-0.011968234
0,3473,1784881208.664430857,549,5.490000134,2.734924875,0.359894605,1.200000000,-0.013003055
0,3473,1784881208.664430857,550,5.500000134,2.741251443,0.359796492,1.200000000,-0.014053941
0,3473,1784881208.664430857,551,5.510000134,2.747575686,0.359685196,1.200000000,-0.015120759
0,3473,1784881208.664430857,552,5.520000134,2.753897661,0.359560662,1.200000000,-0.016203375
0,3473,1784881208.664430857,553,5.530000134,2.760217423,0.359422837,1.200000000,-0.017301658
0,3473,1784881208.664430857,554,5.540000134,2.766535024,0.359271666,1.200000000,-0.018415474
0,3473,1784881208.664430857,555,5.550000134,2.772850519,0.359107097,1.200000000,-0.019544690
0,3473,1784881208.664430857,556,5.560000134,2.779163956,0.358929076,1.200000000,-0.020689174
0,3473,1784881208.664430857,557,5.570000134,2.785475386,0.358737552,1.200000000,-0.021848791
0,3473,1784881208.664430857,558,5.580000134,2.791784857,0.358532472,1.200000000,-0.023023410
0,3473,1784881208.664430857,559,5.590000134,2.798092416,0.358313786,1.200000000,-0.024212897
0,3473,1784881208.664430857,560,5.600000134,2.804398109,0.358081443,1.200000000,-0.025417120
0,3473,1784881208.664430857,561,5.610000134,2.810701980,0.357835393,1.200000000,-0.026635945
0,3473,1784881208.664430857,562,5.620000134,2.817004072,0.357575585,1.200000000,-0.027869239
0,3473,1784881208.664430857,563,5.630000134,2.823304428,0.357301972,1.200000000,-0.029116870
0,3473,1784881208.664430857,564,5.640000134,2.829603088,0.357014504,1.200000000,-0.030378705
0,3473,1784881208.664430857,565,5.650000134,2.835900090,0.356713134,1.200000000,-0.031654611
0,3473,1784881208.664430857,566,5.660000134,2.842195473,0.356397814,1.200000000,-0.032944454
0,3473,1784881208.664430857,567,5.670000134,2.848489272,0.356068497,1.200000000,-0.034248102
0,3473,1784881208.664430857,568,5.680000134,2.854781524,0.355725137,1.200000000,-0.035565421
0,3473,1784881208.664430857,569,5.690000134,2.861072261,0.355367689,1.200000000,-0.036896280
0,3473,1784881208.664430857,570,5.700000134,2.867361517,0.354996105,1.200000000,-0.038240545
0,3473,1784881208.664430857,571,5.710000134,2.873649321,0.354610344,1.200000000,-0.039598082
0,3473,1784881208.664430857,572,5.720000134,2.879935705,0.354210359,1.200000000,-0.040968760
0,3473,1784881208.664430857,573,5.730000134,2.886220695,0.353796107,1.200000000,-0.042352444
0,3473,1784881208.664430857,574,5.740000134,2.892504319,0.353367546,1.200000000,-0.043749003
0,3473,1784881208.664430857,575,5.750000134,2.898786603,0.352924633,1.200000000,-0.045158303
0,3473,1784881208.664430857,576,5.760000134,2.905067570,0.352467326,1.200000000,-0.046580212
0,3473,1784881208.664430857,577,5.770000134,2.911347244,0.351995584,1.200000000,-0.048014595
0,3473,1784881208.664430857,578,5.780000134,2.917625646,0.351509366,1.200000000,-0.049461321
0,3473,1784881208.664430857,579,5.790000134,2.923902796,0.351008631,1.200000000,-0.050920257
0,3473,1784881208.664430857,580,5.800000134,2.930178712,0.350493342,1.200000000,-0.052391269
0,3473,1784881208.664430857,581,5.810000134,2.936453414,0.349963457,1.200000000,-0.053874224
0,3473,1784881208.664430857,582,5.820000134,2.942726915,0.349418940,1.200000000,-0.055368990
0,3473,1784881208.664430857,583,5.830000134,2.948999232,0.348859752,1.200000000,-0.056875434
0,3473,1784881208.664430857,584,5.840000134,2.955270377,0.348285855,1.200000000,-0.058393422
0,3473,1784881208.664430857,585,5.850000134,2.961540363,0.347697214,1.200000000,-0.059922822
0,3473,1784881208.664430857,586,5.860000134,2.967809201,0.347093793,1.200000000,-0.061463501
0,3473,1784881208.664430857,587,5.870000134,2.974076900,0.346475555,1.200000000,-0.063015325
0,3473,1784881208.664430857,588,5.880000134,2.980343467,0.345842466,1.200000000,-0.064578163
0,3473,1784881208.664430857,589,5.890000134,2.986608911,0.345194492,1.200000000,-0.066151880
0,3473,1784881208.664430857,590,5.900000134,2.992873236,0.344531598,1.200000000,-0.067736345
0,3473,1784881208.664430857,591,5.910000134,2.999136447,0.343853753,1.200000000,-0.069331423
0,3473,1784881208.664430857,592,5.920000134,3.005398548,0.343160924,1.200000000,-0.070936983
0,3473,1784881208.664430857,593,5.930000134,3.011659538,0.342453078,1.200000000,-0.072552891
0,3473,1784881208.664430857,594,5.940000134,3.017919420,0.341730185,1.200000000,-0.074179014
0,3473,1784881208.664430857,595,5.950000134,3.024178193,0.340992213,1.200000000,-0.075815219
0,3473,1784881208.664430857,596,5.960000134,3.030435854,0.340239134,1.200000000,-0.077461374
0,3473,1784881208.664430857,597,5.970000134,3.036692401,0.339470917,1.200000000,-0.079117345
0,3473,1784881208.664430857,598,5.980000134,3.042947828,0.338687534,1.200000000,-0.080782999
0,3473,1784881208.664430857,599,5.990000134,3.049202131,0.337888956,1.200000000,-0.082458204
0,3473,1784881208.664430857,600,6.000000134,3.055455303,0.337075157,1.200000000,-0.084142826
0,3473,1784881208.664430857,601,6.010000134,3.061707335,0.336246109,1.200000000,-0.085836733
0,3473,1784881208.664430857,602,6.020000134,3.067958219,0.335401785,1.200000000,-0.087539792
0,3473,1784881208.664430857,603,6.030000134,3.074207945,0.334542161,1.200000000,-0.089251869
0,3473,1784881208.664430857,604,6.040000134,3.080456500,0.333667211,1.200000000,-0.090972832
0,3473,1784881208.664430857,605,6.050000134,3.086703874,0.332776911,1.200000000,-0.092702548
0,3473,1784881208.664430857,606,6.060000134,3.092950051,0.331871236,1.200000000,-0.094440884
0,3473,1784881208.664430857,607,6.070000134,3.099195018,0.330950165,1.200000000,-0.096187706
0,3473,1784881208.664430857,608,6.080000134,3.105438759,0.330013674,1.200000000,-0.097942883
0,3473,1784881208.664430857,609,6.090000134,3.111681256,0.329061742,1.200000000,-0.099706280
0,3473,1784881208.664430857,610,6.100000134,3.117922493,0.328094346,1.200000000,-0.101477766
0,3473,1784881208.664430857,611,6.110000134,3.124162451,0.327111467,1.200000000,-0.103257207
0,3473,1784881208.664430857,612,6.120000134,3.130401109,0.326113085,1.200000000,-0.105044470
0,3473,1784881208.664430857,613,6.130000134,3.136638446,0.325099181,1.200000000,-0.106839422
0,3473,1784881208.664430857,614,6.140000134,3.142874442,0.324069734,1.200000000,-0.108641930
0,3473,1784881208.664430857,615,6.150000134,3.149109073,0.323024729,1.200000000,-0.110451862
0,3473,1784881208.664430857,616,6.160000134,3.155342315,0.321964147,1.200000000,-0.112269084
0,3473,1784881208.664430857,617,6.170000134,3.161574144,0.320887971,1.200000000,-0.114093464
0,3473,1784881208.664430857,618,6.180000134,3.167804535,0.319796185,1.200000000,-0.115924868
0,3473,1784881208.664430857,619,6.190000134,3.174033461,0.318688774,1.200000000,-0.117763163
0,3473,1784881208.664430857,620,6.200000134,3.180260895,0.317565723,1.200000000,-0.119608217
0,3473,1784881208.664430857,621,6.210000134,3.186486809,0.316427018,1.200000000,-0.121459897
0,3473,1784881208.664430857,622,6.220000134,3.192711173,0.315272645,1.200000000,-0.123318069
0,3473,1784881208.664430857,623,6.230000134,3.198933959,0.314102592,1.200000000,-0.125182602
0,3473,1784881208.664430857,624,6.240000134,3.205155136,0.312916846,1.200000000,-0.127053361
0,3473,1784881208.664430857,625,6.250000134,3.211374672,0.311715395,1.200000000,-0.128930214
0,3473,1784881208.664430857,626,6.260000134,3.217592535,0.310498229,1.200000000,-0.130813027
0,3473,1784881208.664430857,627,6.270000134,3.223808694,0.309265338,1.200000000,-0.132701669
0,3473,1784881208.664430857,628,6.280000134,3.230023113,0.308016711,1.200000000,-0.134596006
0,3473,1784881208.664430857,629,6.290000134,3.236235760,0.306752341,1.200000000,-0.136495905
0,3473,1784881208.664430857,630,6.300000134,3.242446600,0.305472217,1.200000000,-0.138401233
0,3473,1784881208.664430857,631,6.310000134,3.248655596,0.304176334,1.200000000,-0.140311857
0,3473,1784881208.664430857,632,6.320000134,3.254862714,0.302864684,1.200000000,-0.142227644
0,3473,1784881208.664430857,633,6.330000134,3.261067916,0.301537260,1.200000000,-0.144148462
0,3473,1784881208.664430857,634,6.340000134,3.267271165,0.300194057,1.200000000,-0.146074177
0,3473,1784881208.664430857,635,6.350000134,3.273472423,0.298835070,1.200000000,-0.148004656
0,3473,1784881208.664430857,636,6.360000134,3.279671653,0.297460295,1.200000000,-0.149939767
0,3473,1784881208.664430857,637,6.370000134,3.285868815,0.296069727,1.200000000,-0.151879376
0,3473,1784881208.664430857,638,6.380000134,3.292063869,0.294663364,1.200000000,-0.153823351
0,3473,1784881208.664430857,639,6.390000134,3.298256777,0.293241204,1.200000000,-0.155771559
0,3473,1784881208.664430857,640,6.400000134,3.304447498,0.291803244,1.200000000,-0.157723866
0,3473,1784881208.664430857,641,6.410000134,3.310635991,0.290349484,1.200000000,-0.159680140
0,3473,1784881208.664430857,642,6.420000134,3.316822215,0.288879924,1.200000000,-0.161640247
0,3473,1784881208.664430857,643,6.430000134,3.323006128,0.287394563,1.200000000,-0.163604055
0,3473,1784881208.664430857,644,6.440000134,3.329187690,0.285893402,1.200000000,-0.165571432
0,3473,1784881208.664430857,645,6.450000134,3.335366857,0.284376444,1.200000000,-0.167542243
0,3473,1784881208.664430857,646,6.460000134,3.341543587,0.282843690,1.200000000,-0.169516356
0,3473,1784881208.664430857,647,6.470000134,3.347717838,0.281295143,1.200000000,-0.171493638
0,3473,1784881208.664430857,648,6.480000134,3.353889565,0.279730808,1.200000000,-0.173473956
0,3473,1784881208.664430857,649,6.490000134,3.360058727,0.278150687,1.200000000,-0.175457178
0,3473,1784881208.664430857,650,6.500000134,3.366225280,0.276554787,1.200000000,-0.177443169
0,3473,1784881208.664430857,651,6.510000134,3.372389178,0.274943112,1.200000000,-0.179431798
0,3473,1784881208.664430857,652,6.520000134,3.378550380,0.273315669,1.200000000,-0.181422931
0,3473,1784881208.664430857,653,6.530000134,3.384708840,0.271672465,1.200000000,-0.183416435
0,3473,1784881208.664430857,654,6.540000134,3.390864515,0.270013508,1.200000000,-0.185412178
0,3473,1784881208.664430857,655,6.550000134,3.397017360,0.268338805,1.200000000,-0.187410027
0,3473,1784881208.664430857,656,6.560000134,3.403167330,0.266648366,1.200000000,-0.189409847
0,3473,1784881208.664430857,657,6.570000134,3.409314381,0.264942200,1.200000000,-0.191411508
0,3473,1784881208.664430857,658,6.580000134,3.415458469,0.263220317,1.200000000,-0.193414874
0,3473,1784881208.664430857,659,6.590000134,3.421599548,0.261482729,1.200000000,-0.195419815
0,3473,1784881208.664430857,660,6.600000134,3.427737575,0.259729446,1.200000000,-0.197426196
0,3473,1784881208.664430857,661,6.610000134,3.433872504,0.257960482,1.200000000,-0.199433885
0,3473,1784881208.664430857,662,6.620000134,3.440004291,0.256175849,1.200000000,-0.201442749
0,3473,1784881208.664430857,663,6.630000134,3.446132892,0.254375560,1.200000000,-0.203452655
0,3473,1784881208.664430857,664,6.640000134,3.452258262,0.252559630,1.200000000,-0.205463470
0,3473,1784881208.664430857,665,6.650000134,3.458380356,0.250728074,1.200000000,-0.207475060
0,3473,1784881208.664430857,666,6.660000134,3.464499131,0.248880907,1.200000000,-0.209487294
0,3473,1784881208.664430857,667,6.670000134,3.470614542,0.247018146,1.200000000,-0.211500038
0,3473,1784881208.664430857,668,6.680000134,3.476726545,0.245139807,1.200000000,-0.213513159
0,3473,1784881208.664430857,669,6.690000134,3.482835097,0.243245907,1.200000000,-0.215526524
0,3473,1784881208.664430857,670,6.700000134,3.488940155,0.241336466,1.200000000,-0.217540000
0,3473,1784881208.664430857,671,6.710000134,3.495041674,0.239411502,1.200000000,-0.219553455
0,3473,1784881208.664430857,672,6.720000134,3.501139611,0.237471034,1.200000000,-0.221566755
0,3473,1784881208.664430857,673,6.730000134,3.507233925,0.235515083,1.200000000,-0.223579767
0,3473,1784881208.664430857,674,6.740000134,3.513324572,0.233543669,1.200000000,-0.225592359
0,3473,1784881208.664430857,675,6.750000134,3.519411509,0.231556814,1.200000000,-0.227604397
0,3473,1784881208.664430857,676,6.760000134,3.525494697,0.229554540,1.200000000,-0.229615749
0,3473,1784881208.664430857,677,6.770000134,3.531574091,0.227536871,1.200000000,-0.231626282
0,3473,1784881208.664430857,678,6.780000134,3.537649653,0.225503829,1.200000000,-0.233635862
0,3473,1784881208.664430857,679,6.790000134,3.543721340,0.223455438,1.200000000,-0.235644357
0,3473,1784881208.664430857,680,6.800000134,3.549789112,0.221391723,1.200000000,-0.237651633
0,3473,1784881208.664430857,681,6.810000134,3.555852929,0.219312711,1.200000000,-0.239657559
0,3473,1784881208.664430857,682,6.820000134,3.561912752,0.217218426,1.200000000,-0.241662000
0,3473,1784881208.664430857,683,6.830000134,3.567968542,0.215108896,1.200000000,-0.243664825
0,3473,1784881208.664430857,684,6.840000134,3.574020259,0.212984148,1.200000000,-0.245665899
0,3473,1784881208.664430857,685,6.850000134,3.580067866,0.210844210,1.200000000,-0.247665090
0,3473,1784881208.664430857,686,6.860000134,3.586111326,0.208689111,1.200000000,-0.249662266
0,3473,1784881208.664430857,687,6.870000134,3.592150601,0.206518880,1.200000000,-0.251657292
0,3473,1784881208.664430857,688,6.880000134,3.598185654,0.204333548,1.200000000,-0.253650037
0,3473,1784881208.664430857,689,6.890000134,3.604216449,0.202133144,1.200000000,-0.255640367
0,3473,1784881208.664430857,690,6.900000134,3.610242952,0.199917700,1.200000000,-0.257628150
0,3473,1784881208.664430857,691,6.910000134,3.616265127,0.197687249,1.200000000,-0.259613251
0,3473,1784881208.664430857,692,6.920000134,3.622282940,0.195441822,1.200000000,-0.261595539
0,3473,1784881208.664430857,693,6.930000134,3.628296357,0.193181453,1.200000000,-0.263574881
0,3473,1784881208.664430857,694,6.940000134,3.634305346,0.190906176,1.200000000,-0.265551143
0,3473,1784881208.664430857,695,6.950000134,3.640309873,0.188616026,1.200000000,-0.267524193
0,3473,1784881208.664430857,696,6.960000134,3.646309909,0.186311037,1.200000000,-0.269493897
0,3473,1784881208.664430857,697,6.970000134,3.652305420,0.183991245,1.200000000,-0.271460123
0,3473,1784881208.664430857,698,6.980000134,3.658296378,0.181656688,1.200000000,-0.273422738
0,3473,1784881208.664430857,699,6.990000134,3.664282753,0.179307401,1.200000000,-0.275381608
0,3473,1784881208.664430857,700,7.000000134,3.670264515,0.176943423,1.200000000,-0.277336602
0,3473,1784881208.664430857,701,7.010000134,3.676241637,0.174564792,1.200000000,-0.279287585
0,3473,1784881208.664430857,702,7.020000134,3.682214090,0.172171548,1.200000000,-0.281234425
0,3473,1784881208.664430857,703,7.030000134,3.688181850,0.169763729,1.200000000,-0.283176989
0,3473,1784881208.664430857,704,7.040000134,3.694144889,0.167341376,1.200000000,-0.285115144
0,3473,1784881208.664430857,705,7.050000134,3.700103183,0.164904530,1.200000000,-0.287048774
0,3473,1784881208.664430857,706,7.060000134,3.706056707,0.162453233,1.200000000,-0.288977856
0,3473,1784881208.664430857,707,7.070000134,3.712005438,0.159987526,1.200000000,-0.290902395
0,3473,1784881208.664430857,708,7.080000134,3.717949353,0.157507453,1.200000000,-0.292822400
0,3473,1784881208.664430857,709,7.090000134,3.723888430,0.155013057,1.200000000,-0.294737876
0,3473,1784881208.664430857,710,7.100000134,3.729822648,0.152504382,1.200000000,-0.296648832
0,3473,1784881208.664430857,711,7.110000134,3.735751988,0.149981472,1.200000000,-0.298555274
0,3473,1784881208.664430857,712,7.120000134,3.741676428,0.147444374,1.200000000,-0.300457209
0,3473,1784881208.664430857,713,7.130000134,3.747595952,0.144893133,1.200000000,-0.302354644
0,3473,1784881208.664430857,714,7.140000134,3.753510541,0.142327795,1.200000000,-0.304247587
0,3473,1784881208.664430857,715,7.150000134,3.759420178,0.139748407,1.200000000,-0.306136043
0,3473,1784881208.664430857,716,7.160000134,3.765324848,0.137155019,1.200000000,-0.308020021
0,3473,1784881208.664430857,717,7.170000134,3.771224535,0.134547677,1.200000000,-0.309899527
0,3473,1784881208.664430857,718,7.180000134,3.777119226,0.131926430,1.200000000,-0.311774569
0,3473,1784881208.664430857,719,7.190000134,3.783008906,0.129291330,1.200000000,-0.313645152
0,3473,1784881208.664430857,720,7.200000134,3.788893563,0.126642425,1.200000000,-0.315511285
0,3473,1784881208.664430857,721,7.210000134,3.794773187,0.123979767,1.200000000,-0.317372974
0,3473,1784881208.664430857,722,7.220000134,3.800647766,0.121303407,1.200000000,-0.319230227
0,3473,1784881208.664430857,723,7.230000134,3.806517290,0.118613397,1.200000000,-0.321083049
0,3473,1784881208.664430857,724,7.240000134,3.812381750,0.115909789,1.200000000,-0.322931449
0,3473,1784881208.664430857,725,7.250000134,3.818241140,0.113192638,1.200000000,-0.324775434
0,3473,1784881208.664430857,726,7.260000134,3.824095451,0.110461997,1.200000000,-0.326615010
0,3473,1784881208.664430857,727,7.270000134,3.829944677,0.107717920,1.200000000,-0.328450184
0,3473,1784881208.664430857,728,7.280000134,3.835788814,0.104960463,1.200000000,-0.330280964
0,3473,1784881208.664430857,729,7.290000134,3.841627857,0.102189681,1.200000000,-0.332107356
0,3473,1784881208.664430857,730,7.300000134,3.847461802,0.099405631,1.200000000,-0.333929367
0,3473,1784881208.664430857,731,7.310000134,3.853290647,0.096608369,1.200000000,-0.335747005
0,3473,1784881208.664430857,732,7.320000134,3.859114391,0.093797952,1.200000000,-0.337560276
0,3473,1784881208.664430857,733,7.330000134,3.864933033,0.090974440,1.200000000,-0.339369188
0,3473,1784881208.664430857,734,7.340000134,3.870746574,0.088137890,1.200000000,-0.341173747
0,3473,1784881208.664430857,735,7.350000134,3.876555013,0.085288362,1.200000000,-0.342973961
0,3473,1784881208.664430857,736,7.360000134,3.882358355,0.082425915,1.200000000,-0.344769837
0,3473,1784881208.664430857,737,7.370000134,3.888156600,0.079550611,1.200000000,-0.346561380
0,3473,1784881208.664430857,738,7.380000134,3.893949755,0.076662509,1.200000000,-0.348348600
0,3473,1784881208.664430857,739,7.390000134,3.899737822,0.073761671,1.200000000,-0.350131502
0,3473,1784881208.664430857,740,7.400000134,3.905520809,0.070848160,1.200000000,-0.351910093
0,3473,1784881208.664430857,741,7.410000134,3.911298722,0.067922039,1.200000000,-0.353684382
0,3473,1784881208.664430857,742,7.420000134,3.917071567,0.064983370,1.200000000,-0.355454373
0,3473,1784881208.664430857,743,7.430000134,3.922839355,0.062032217,1.200000000,-0.357220076
0,3473,1784881208.664430857,744,7.440000134,3.928602094,0.059068645,1.200000000,-0.358981496
0,3473,1784881208.664430857,745,7.450000134,3.934359794,0.056092719,1.200000000,-0.360738640
0,3473,1784881208.664430857,746,7.460000134,3.940112466,0.053104504,1.200000000,-0.362491517
0,3473,1784881208.664430857,747,7.470000134,3.945860124,0.050104067,1.200000000,-0.364240132
0,3473,1784881208.664430857,748,7.480000134,3.951602778,0.047091474,1.200000000,-0.365984493
0,3473,1784881208.664430857,749,7.490000134,3.957340444,0.044066792,1.200000000,-0.367724606
0,3473,1784881208.664430857,750,7.500000134,3.963073136,0.041030089,1.200000000,-0.369460479
0,3473,1784881208.664430857,751,7.510000134,3.968800869,0.037981433,1.200000000,-0.371192119
0,3473,1784881208.664430857,752,7.520000134,3.974523660,0.034920894,1.200000000,-0.372919533
0,3473,1784881208.664430857,753,7.530000134,3.980241526,0.031848541,1.200000000,-0.374642728
0,3473,1784881208.664430857,754,7.540000134,3.985954484,0.028764443,1.200000000,-0.376361710
0,3473,1784881208.664430857,755,7.550000134,3.991662555,0.025668672,1.200000000,-0.378076487
0,3473,1784881208.664430857,756,7.560000134,3.997365758,0.022561298,1.200000000,-0.379787066
0,3473,1784881208.664430857,757,7.570000134,4.003064113,0.019442394,1.200000000,-0.381493454
0,3473,1784881208.664430857,758,7.580000134,4.008757641,0.016312030,1.200000000,-0.383195657
0,3473,1784881208.664430857,759,7.590000134,4.014446366,0.013170280,1.200000000,-0.384893684
0,3473,1784881208.664430857,760,7.600000134,4.020130309,0.010017218,1.200000000,-0.386587540
0,3473,1784881208.664430857,761,7.610000134,4.025809496,0.006852916,1.200000000,-0.388277234
0,3473,1784881208.664430857,762,7.620000134,4.031483949,0.003677449,1.200000000,-0.389962771
0,3473,1784881208.664430857,763,7.630000134,4.037153696,0.000490893,1.200000000,-0.391644159
0,3473,1784881208.664430857,764,7.640000134,4.042818761,-0.002706679,1.200000000,-0.393321405
0,3473,1784881208.664430857,765,7.650000134,4.048479172,-0.005915189,1.200000000,-0.394994516
0,3473,1784881208.664430857,766,7.660000134,4.054134957,-0.009134561,1.200000000,-0.396663499
0,3473,1784881208.664430857,767,7.670000134,4.059786144,-0.012364719,1.200000000,-0.398328361
0,3473,1784881208.664430857,768,7.680000134,4.065432762,-0.015605585,1.200000000,-0.399989109
0,3473,1784881208.664430857,769,7.690000134,4.071074841,-0.018857081,1.200000000,-0.401645750
0,3473,1784881208.664430857,770,7.700000134,4.076712411,-0.022119129,1.200000000,-0.403298291
0,3473,1784881208.664430857,771,7.710000134,4.082345505,-0.025391650,1.200000000,-0.404946739
0,3473,1784881208.664430857,772,7.720000134,4.087974155,-0.028674564,1.200000000,-0.406591102
0,3473,1784881208.664430857,773,7.730000134,4.093598391,-0.031967791,1.200000000,-0.408231385
0,3473,1784881208.664430857,774,7.740000134,4.099218250,-0.035271250,1.200000000,-0.409867596
0,3473,1784881208.664430857,775,7.750000134,4.104833763,-0.038584862,1.200000000,-0.411499743
0,3473,1784881208.664430857,776,7.760000134,4.110444967,-0.041908544,1.200000000,-0.413127831
0,3473,1784881208.664430857,777,7.770000134,4.116051896,-0.045242214,1.200000000,-0.414751869
0,3473,1784881208.664430857,778,7.780000134,4.121654587,-0.048585790,1.200000000,-0.416371863
0,3473,1784881208.664430857,779,7.790000134,4.127253076,-0.051939190,1.200000000,-0.417987820
0,3473,1784881208.664430857,780,7.800000134,4.132847401,-0.055302328,1.200000000,-0.419599747
0,3473,1784881208.664430857,781,7.810000134,4.138437599,-0.058675123,1.200000000,-0.421207652
0,3473,1784881208.664430857,782,7.820000134,4.144023709,-0.062057489,1.200000000,-0.422811541
0,3473,1784881208.664430857,783,7.830000134,4.149605770,-0.065449341,1.200000000,-0.424411421
0,3473,1784881208.664430857,784,7.840000134,4.155183821,-0.068850594,1.200000000,-0.426007299
0,3473,1784881208.664430857,785,7.850000134,4.160757904,-0.072261162,1.200000000,-0.427599182
0,3473,1784881208.664430857,786,7.860000134,4.166328057,-0.075680959,1.200000000,-0.429187078
0,3473,1784881208.664430857,787,7.870000134,4.171894324,-0.079109898,1.200000000,-0.430770993
0,3473,1784881208.664430857,788,7.880000134,4.177456745,-0.082547892,1.200000000,-0.432350935
0,3473,1784881208.664430857,789,7.890000134,4.183015362,-0.085994854,1.200000000,-0.433926909
0,3473,1784881208.664430857,790,7.900000134,4.188570220,-0.089450694,1.200000000,-0.435498924
0,3473,1784881208.664430857,791,7.910000134,4.194121360,-0.092915325,1.200000000,-0.437066987
0,3473,1784881208.664430857,792,7.920000134,4.199668827,-0.096388658,1.200000000,-0.438631103
0,3473,1784881208.664430857,793,7.930000134,4.205212665,-0.099870602,1.200000000,-0.440191282
0,3473,1784881208.664430857,794,7.940000134,4.210752919,-0.103361068,1.200000000,-0.441747528
0,3473,1784881208.664430857,795,7.950000134,4.216289633,-0.106859966,1.200000000,-0.443299850
0,3473,1784881208.664430857,796,7.960000134,4.221822853,-0.110367204,1.200000000,-0.444848255
0,3473,1784881208.664430857,797,7.970000134,4.227352625,-0.113882692,1.200000000,-0.446392748
0,3473,1784881208.664430857,798,7.980000134,4.232878996,-0.117406338,1.200000000,-0.447933339
0,3473,1784881208.664430857,799,7.990000134,4.238402011,-0.120938048,1.200000000,-0.449470033
0,3473,1784881208.664430857,800,8.000000134,4.243921719,-0.124477732,1.200000000,-0.451002837
0,3473,1784881208.664430857,801,8.010000134,4.249438166,-0.128025296,1.200000000,-0.452531759
0,3473,1784881208.664430857,802,8.020000134,4.254951400,-0.131580646,1.200000000,-0.454056805
0,3473,1784881208.664430857,803,8.030000134,4.260461470,-0.135143689,1.200000000,-0.455577983
0,3473,1784881208.664430857,804,8.040000134,4.265968423,-0.138714330,1.200000000,-0.457095299
0,3473,1784881208.664430857,805,8.050000134,4.271472309,-0.142292474,1.200000000,-0.458608761
0,3473,1784881208.664430857,806,8.060000134,4.276973176,-0.145878027,1.200000000,-0.460118376
0,3473,1784881208.664430857,807,8.070000134,4.282471073,-0.149470892,1.200000000,-0.461624150
0,3473,1784881208.664430857,808,8.080000134,4.287966050,-0.153070975,1.200000000,-0.463126091
0,3473,1784881208.664430857,809,8.090000134,4.293458158,-0.156678178,1.200000000,-0.464624205
0,3473,1784881208.664430857,810,8.100000134,4.298947444,-0.160292405,1.200000000,-0.466118500
0,3473,1784881208.664430857,811,8.110000134,4.304433961,-0.163913558,1.200000000,-0.467608983
0,3473,1784881208.664430857,812,8.120000134,4.309917758,-0.167541541,1.200000000,-0.469095661
0,3473,1784881208.664430857,813,8.130000134,4.315398885,-0.171176254,1.200000000,-0.470578540
0,3473,1784881208.664430857,814,8.140000134,4.320877395,-0.174817601,1.200000000,-0.472057628
0,3473,1784881208.664430857,815,8.150000134,4.326353336,-0.178465481,1.200000000,-0.473532931
0,3473,1784881208.664430857,816,8.160000134,4.331826761,-0.182119796,1.200000000,-0.475004457
0,3473,1784881208.664430857,817,8.170000134,4.337297720,-0.185780447,1.200000000,-0.476472213
0,3473,1784881208.664430857,818,8.180000134,4.342766266,-0.189447333,1.200000000,-0.477936206
0,3473,1784881208.664430857,819,8.190000134,4.348232448,-0.193120355,1.200000000,-0.479396443
0,3473,1784881208.664430857,820,8.200000134,4.353696319,-0.196799411,1.200000000,-0.480852930
0,3473,1784881208.664430857,821,8.210000134,4.359157931,-0.200484401,1.200000000,-0.482305675
0,3473,1784881208.664430857,822,8.220000134,4.364617334,-0.204175223,1.200000000,-0.483754685
0,3473,1784881208.664430857,823,8.230000134,4.370074580,-0.207871775,1.200000000,-0.485199967
0,3473,1784881208.664430857,824,8.240000134,4.375529722,-0.211573956,1.200000000,-0.486641528
0,3473,1784881208.664430857,825,8.250000134,4.380982810,-0.215281663,1.200000000,-0.488079375
0,3473,1784881208.664430857,826,8.260000134,4.386433897,-0.218994794,1.200000000,-0.489513514
0,3473,1784881208.664430857,827,8.270000134,4.391883034,-0.222713244,1.200000000,-0.490943954
0,3473,1784881208.664430857,828,8.280000134,4.397330273,-0.226436911,1.200000000,-0.492370700
0,3473,1784881208.664430857,829,8.290000134,4.402775665,-0.230165690,1.200000000,-0.493793760
0,3473,1784881208.664430857,830,8.300000134,4.408219262,-0.233899478,1.200000000,-0.495213141
0,3473,1784881208.664430857,831,8.310000134,4.413661115,-0.237638170,1.200000000,-0.496628851
0,3473,1784881208.664430857,832,8.320000134,4.419101276,-0.241381661,1.200000000,-0.498040895
0,3473,1784881208.664430857,833,8.330000134,4.424539797,-0.245129846,1.200000000,-0.499449281
0,3473,1784881208.664430857,834,8.340000134,4.429976727,-0.248882619,1.200000000,-0.500854016
0,3473,1784881208.664430857,835,8.350000134,4.435412119,-0.252639875,1.200000000,-0.502255107
0,3473,1784881208.664430857,836,8.360000134,4.440846023,-0.256401507,1.200000000,-0.503652562
0,3473,1784881208.664430857,837,8.370000134,4.446278490,-0.260167409,1.200000000,-0.505046386
0,3473,1784881208.664430857,838,8.380000134,4.451709571,-0.263937474,1.200000000,-0.506436587
0,3473,1784881208.664430857,839,8.390000134,4.457139316,-0.267711594,1.200000000,-0.507823173
0,3473,1784881208.664430857,840,8.400000134,4.462567776,-0.271489664,1.200000000,-0.509206149
0,3473,1784881208.664430857,841,8.410000134,4.467994999,-0.275271573,1.200000000,-0.510585524
0,3473,1784881208.664430857,842,8.420000134,4.473421037,-0.279057216,1.200000000,-0.511961304
0,3473,1784881208.664430857,843,8.430000134,4.478845939,-0.282846483,1.200000000,-0.513333496
0,3473,1784881208.664430857,844,8.440000134,4.484269754,-0.286639265,1.200000000,-0.514702107
0,3473,1784881208.664430857,845,8.450000134,4.489692532,-0.290435454,1.200000000,-0.516067144
0,3473,1784881208.664430857,846,8.460000134,4.495114320,-0.294234941,1.200000000,-0.517428615
0,3473,1784881208.664430857,847,8.470000134,4.500535168,-0.298037615,1.200000000,-0.518786526
0,3473,1784881208.664430857,848,8.480000134,4.505955124,-0.301843368,1.200000000,-0.520140884
0,3473,1784881208.664430857,849,8.490000134,4.511374236,-0.305652089,1.200000000,-0.521491696
0,3473,1784881208.664430857,850,8.500000134,4.516792551,-0.309463667,1.200000000,-0.522838969
0,3473,1784881208.664430857,851,8.510000134,4.522210117,-0.313277992,1.200000000,-0.524182711
0,3473,1784881208.664430857,852,8.520000134,4.527626981,-0.317094954,1.200000000,-0.525522928
0,3473,1784881208.664430857,853,8.530000134,4.533043189,-0.320914440,1.200000000,-0.526859627
0,3473,1784881208.664430857,854,8.540000134,4.538458787,-0.324736340,1.200000000,-0.528192816
0,3473,1784881208.664430857,855,8.550000134,4.543873822,-0.328560542,1.200000000,-0.529522501
0,3473,1784881208.664430857,856,8.560000134,4.549288339,-0.332386933,1.200000000,-0.530848689
0,3473,1784881208.664430857,857,8.570000134,4.554702382,-0.336215403,1.200000000,-0.532171388
0,3473,1784881208.664430857,858,8.580000134,4.560115997,-0.340045837,1.200000000,-0.533490604
0,3473,1784881208.664430857,859,8.590000134,4.565529228,-0.343878124,1.200000000,-0.534806344
0,3473,1784881208.664430857,860,8.600000134,4.570942117,-0.347712150,1.200000000,-0.536118616
0,3473,1784881208.664430857,861,8.610000134,4.576354710,-0.351547803,1.200000000,-0.537427427
0,3473,1784881208.664430857,862,8.620000134,4.581767048,-0.355384968,1.200000000,-0.538732782
0,3473,1784881208.664430857,863,8.630000134,4.587179175,-0.359223533,1.200000000,-0.540034691
0,3473,1784881208.664430857,864,8.640000134,4.592591131,-0.363063383,1.200000000,-0.541333158
0,3473,1784881208.664430857,865,8.650000134,4.598002958,-0.366904404,1.200000000,-0.542628192
0,3473,1784881208.664430857,866,8.660000134,4.603414698,-0.370746482,1.200000000,-0.543919800
0,3473,1784881208.664430857,867,8.670000134,4.608826390,-0.374589502,1.200000000,-0.545207988
0,3473,1784881208.664430857,868,8.680000134,4.614238075,-0.378433349,1.200000000,-0.546492764
0,3473,1784881208.664430857,869,8.690000134,4.619649791,-0.382277909,1.200000000,-0.547774134
0,3473,1784881208.664430857,870,8.700000134,4.625061579,-0.386123066,1.200000000,-0.549052106
0,3473,1784881208.664430857,871,8.710000134,4.630473475,-0.389968705,1.200000000,-0.550326686
0,3473,1784881208.664430857,872,8.720000134,4.635885518,-0.393814711,1.200000000,-0.551597882
0,3473,1784881208.664430857,873,8.730000134,4.641297745,-0.397660966,1.200000000,-0.552865701
0,3473,1784881208.664430857,874,8.740000134,4.646710192,-0.401507356,1.200000000,-0.554130149
0,3473,1784881208.664430857,875,8.750000134,4.652122896,-0.405353764,1.200000000,-0.555391234
0,3473,1784881208.664430857,876,8.760000134,4.657535892,-0.409200074,1.200000000,-0.556648962
0,3473,1784881208.664430857,877,8.770000134,4.662949214,-0.413046169,1.200000000,-0.557903341
0,3473,1784881208.664430857,878,8.780000134,4.668362897,-0.416891932,1.200000000,-0.559154378
0,3473,1784881208.664430857,879,8.790000134,4.673776974,-0.420737247,1.200000000,-0.560402080
0,3473,1784881208.664430857,880,8.800000134,4.679191479,-0.424581996,1.200000000,-0.561646453
0,3473,1784881208.664430857,881,8.810000134,4.684606443,-0.428426062,1.200000000,-0.562887505
0,3473,1784881208.664430857,882,8.820000134,4.690021899,-0.432269327,1.200000000,-0.564125242
0,3473,1784881208.664430857,883,8.830000134,4.695437878,-0.436111675,1.200000000,-0.565359673
0,3473,1784881208.664430857,884,8.840000134,4.700854409,-0.439952986,1.200000000,-0.566590803
0,3473,1784881208.664430857,885,8.850000134,4.706271523,-0.443793144,1.200000000,-0.567818640
0,3473,1784881208.664430857,886,8.860000134,4.711689249,-0.447632030,1.200000000,-0.569043191
0,3473,1784881208.664430857,887,8.870000134,4.717107614,-0.451469525,1.200000000,-0.570264463
0,3473,1784881208.664430857,888,8.880000134,4.722526648,-0.455305512,1.200000000,-0.571482462
0,3473,1784881208.664430857,889,8.890000134,4.727946377,-0.459139872,1.200000000,-0.572697196
0,3473,1784881208.664430857,890,8.900000134,4.733366827,-0.462972486,1.200000000,-0.573908673
0,3473,1784881208.664430857,891,8.910000134,4.738788025,-0.466803235,1.200000000,-0.575116898
0,3473,1784881208.664430857,892,8.920000134,4.744209995,-0.470632001,1.200000000,-0.576321879
0,3473,1784881208.664430857,893,8.930000134,4.749632761,-0.474458664,1.200000000,-0.577523623
0,3473,1784881208.664430857,894,8.940000134,4.755056347,-0.478283105,1.200000000,-0.578722136
0,3473,1784881208.664430857,895,8.950000134,4.760480777,-0.482105204,1.200000000,-0.579917427
0,3473,1784881208.664430857,896,8.960000134,4.765906072,-0.485924843,1.200000000,-0.581109502
0,3473,1784881208.664430857,897,8.970000134,4.771332254,-0.489741901,1.200000000,-0.582298368
0,3473,1784881208.664430857,898,8.980000134,4.776759344,-0.493556260,1.200000000,-0.583484031
0,3473,1784881208.664430857,899,8.990000134,4.782187362,-0.497367799,1.200000000,-0.584666500
0,3473,1784881208.664430857,900,9.000000134,4.787616327,-0.501176398,1.200000000,-0.585845781
0,3473,1784881208.664430857,901,9.010000134,4.793046258,-0.504981937,1.200000000,-0.587021880
0,3473,1784881208.664430857,902,9.020000134,4.798477173,-0.508784296,1.200000000,-0.588194806
0,3473,1784881208.664430857,903,9.030000134,4.803909089,-0.512583355,1.200000000,-0.589364565
0,3473,1784881208.664430857,904,9.040000134,4.809342024,-0.516378994,1.200000000,-0.590531164
0,3473,1784881208.664430857,905,9.050000134,4.814775991,-0.520171093,1.200000000,-0.591694610
0,3473,1784881208.664430857,906,9.060000134,4.820211008,-0.523959530,1.200000000,-0.592854910
0,3473,1784881208.664430857,907,9.070000134,4.825647088,-0.527744185,1.200000000,-0.594012071
0,3473,1784881208.664430857,908,9.080000134,4.831084245,-0.531524938,1.200000000,-0.595166101
0,3473,1784881208.664430857,909,9.090000134,4.836522491,-0.535301668,1.200000000,-0.596317005
0,3473,1784881208.664430857,910,9.100000134,4.841961840,-0.539074255,1.200000000,-0.597464792
0,3473,1784881208.664430857,911,9.110000134,4.847402303,-0.542842576,1.200000000,-0.598609468
0,3473,1784881208.664430857,912,9.120000134,4.852843890,-0.546606512,1.200000000,-0.599751040
0,3473,1784881208.664430857,913,9.130000134,4.858286611,-0.550365942,1.200000000,-0.600889515
0,3473,1784881208.664430857,914,9.140000134,4.863730477,-0.554120744,1.200000000,-0.602024901
0,3473,1784881208.664430857,915,9.150000134,4.869175495,-0.557870797,1.200000000,-0.603157203
0,3473,1784881208.664430857,916,9.160000134,4.874621675,-0.561615981,1.200000000,-0.604286430
0,3473,1784881208.664430857,917,9.170000134,4.880069022,-0.565356174,1.200000000,-0.605412589
0,3473,1784881208.664430857,918,9.180000134,4.885517544,-0.569091255,1.200000000,-0.606535685
0,3473,1784881208.664430857,919,9.190000134,4.890967247,-0.572821103,1.200000000,-0.607655727
0,3473,1784881208.664430857,920,9.200000134,4.896418136,-0.576545596,1.200000000,-0.608772722
0,3473,1784881208.664430857,921,9.210000134,4.901870216,-0.580264614,1.200000000,-0.609886675
0,3473,1784881208.664430857,922,9.220000134,4.907323490,-0.583978034,1.200000000,-0.610997544
0,3473,1784881208.664430857,923,9.230000134,4.912777962,-0.587685735,1.200000000,-0.612105027
0,3473,1784881208.664430857,924,9.240000134,4.918233635,-0.591387597,1.200000000,-0.613208746
0,3473,1784881208.664430857,925,9.250000134,4.923690510,-0.595083498,1.200000000,-0.614308319
0,3473,1784881208.664430857,926,9.260000134,4.929148589,-0.598773315,1.200000000,-0.615403367
0,3473,1784881208.664430857,927,9.270000134,4.934607873,-0.602456929,1.200000000,-0.616493510
0,3473,1784881208.664430857,928,9.280000134,4.940068361,-0.606134217,1.200000000,-0.617578367
0,3473,1784881208.664430857,929,9.290000134,4.945530053,-0.609805058,1.200000000,-0.618657559
0,3473,1784881208.664430857,930,9.300000134,4.950992948,-0.613469331,1.200000000,-0.619730706
0,3473,1784881208.664430857,931,9.310000134,4.956457044,-0.617126914,1.200000000,-0.620797427
0,3473,1784881208.664430857,932,9.320000134,4.961922338,-0.620777686,1.200000000,-0.621857342
0,3473,1784881208.664430857,933,9.330000134,4.967388829,-0.624421525,1.200000000,-0.622910072
0,3473,1784881208.664430857,934,9.340000134,4.972856512,-0.628058310,1.200000000,-0.623955236
0,3473,1784881208.664430857,935,9.350000134,4.978325383,-0.631687920,1.200000000,-0.624992455
0,3473,1784881208.664430857,936,9.360000134,4.983795438,-0.635310233,1.200000000,-0.626021347
0,3473,1784881208.664430857,937,9.370000134,4.989266671,-0.638925128,1.200000000,-0.627041534
0,3473,1784881208.664430857,938,9.380000134,4.994739078,-0.642532484,1.200000000,-0.628052635
0,3473,1784881208.664430857,939,9.390000134,5.000212651,-0.646132179,1.200000000,-0.629054270
0,3473,1784881208.664430857,940,9.400000134,5.005687383,-0.649724092,1.200000000,-0.630046059
0,3473,1784881208.664430857,941,9.410000134,5.011163269,-0.653308102,1.200000000,-0.631027622
0,3473,1784881208.664430857,942,9.420000134,5.016640300,-0.656884089,1.200000000,-0.631998578
0,3473,1784881208.664430857,943,9.430000134,5.022118468,-0.660451930,1.200000000,-0.632958549
0,3473,1784881208.664430857,944,9.440000134,5.027597764,-0.664011504,1.200000000,-0.633907153
0,3473,1784881208.664430857,945,9.450000134,5.033078180,-0.667562692,1.200000000,-0.634844011
0,3473,1784881208.664430857,946,9.460000134,5.038559706,-0.671105372,1.200000000,-0.635768742
0,3473,1784881208.664430857,947,9.470000134,5.044042332,-0.674639422,1.200000000,-0.636680968
0,3473,1784881208.664430857,948,9.480000134,5.049526048,-0.678164723,1.200000000,-0.637580306
0,3473,1784881208.664430857,949,9.490000134,5.055010843,-0.681681153,1.200000000,-0.638466378
0,3473,1784881208.664430857,950,9.500000134,5.060496706,-0.685188592,1.200000000,-0.639338804
0,3473,1784881208.664430857,951,9.510000134,5.065983626,-0.688686920,1.200000000,-0.640197203
0,3473,1784881208.664430857,952,9.520000134,5.071471591,-0.692176015,1.200000000,-0.641041195
0,3473,1784881208.664430857,953,9.530000134,5.076960590,-0.695655757,1.200000000,-0.641870401
0,3473,1784881208.664430857,954,9.540000134,5.082450609,-0.699126027,1.200000000,-0.642684440
0,3473,1784881208.664430857,955,9.550000134,5.087941636,-0.702586703,1.200000000,-0.643482931
0,3473,1784881208.664430857,956,9.560000134,5.093433658,-0.706037666,1.200000000,-0.644265496
0,3473,1784881208.664430857,957,9.570000134,5.098926663,-0.709478796,1.200000000,-0.645031754
0,3473,1784881208.664430857,958,9.580000134,5.104420635,-0.712909973,1.200000000,-0.645781325
0,3473,1784881208.664430857,959,9.590000134,5.109915563,-0.716331077,1.200000000,-0.646513829
0,3473,1784881208.664430857,960,9.600000134,5.115411432,-0.719741987,1.200000000,-0.647228886
0,3473,1784881208.664430857,961,9.610000134,5.120908227,-0.723142586,1.200000000,-0.647926116
0,3473,1784881208.664430857,962,9.620000134,5.126405936,-0.726532753,1.200000000,-0.648605138
0,3473,1784881208.664430857,963,9.630000134,5.131904542,-0.729912368,1.200000000,-0.649265573
0,3473,1784881208.664430857,964,9.640000134,5.137404032,-0.733281314,1.200000000,-0.649907041
0,3473,1784881208.664430857,965,9.650000134,5.142904390,-0.736639469,1.200000000,-0.650529161
0,3473,1784881208.664430857,966,9.660000134,5.148405603,-0.739986717,1.200000000,-0.651131554
0,3473,1784881208.664430857,967,9.670000134,5.153907654,-0.743322937,1.200000000,-0.651713839
0,3473,1784881208.664430857,968,9.680000134,5.159410529,-0.746648012,1.200000000,-0.652275637
0,3473,1784881208.664430857,969,9.690000134,5.164914213,-0.749961822,1.200000000,-0.652816567
0,3473,1784881208.664430857,970,9.700000134,5.170418690,-0.753264249,1.200000000,-0.653336249
0,3473,1784881208.664430857,971,9.710000134,5.175923946,-0.756555176,1.200000000,-0.653834304
0,3473,1784881208.664430857,972,9.720000134,5.181429965,-0.759834484,1.200000000,-0.654310350
0,3473,1784881208.664430857,973,9.730000134,5.186936731,-0.763102055,1.200000000,-0.654764009
0,3473,1784881208.664430857,974,9.740000134,5.192444230,-0.766357771,1.200000000,-0.655194900
0,3473,1784881208.664430857,975,9.750000134,5.197952447,-0.769601515,1.200000000,-0.655602644
0,3473,1784881208.664430857,976,9.760000134,5.203461365,-0.772833171,1.200000000,-0.655986859
0,3473,1784881208.664430857,977,9.770000134,5.208970971,-0.776052619,1.200000000,-0.656347166
0,3473,1784881208.664430857,978,9.780000134,5.214481249,-0.779259744,1.200000000,-0.656683184
0,3473,1784881208.664430857,979,9.790000134,5.219992183,-0.782454429,1.200000000,-0.656994535
0,3473,1784881208.664430857,980,9.800000134,5.225503761,-0.785636557,1.200000000,-0.657280837
0,3473,1784881208.664430857,981,9.810000134,5.231015965,-0.788806012,1.200000000,-0.657541711
0,3473,1784881208.664430857,982,9.820000134,5.236528783,-0.791962677,1.200000000,-0.657776777
0,3473,1784881208.664430857,983,9.830000134,5.242042200,-0.795106437,1.200000000,-0.657985655
0,3473,1784881208.664430857,984,9.840000134,5.247556201,-0.798237176,1.200000000,-0.658167963
0,3473,1784881208.664430857,985,9.850000134,5.253070773,-0.801354779,1.200000000,-0.658323324
0,3473,1784881208.664430857,986,9.860000134,5.258585901,-0.804459129,1.200000000,-0.658451355
0,3473,1784881208.664430857,987,9.870000134,5.264101573,-0.807550113,1.200000000,-0.658551678
0,3473,1784881208.664430857,988,9.880000134,5.269617775,-0.810627614,1.200000000,-0.658623913
0,3473,1784881208.664430857,989,9.890000134,5.275134494,-0.813691519,1.200000000,-0.658667678
0,3473,1784881208.664430857,990,9.900000134,5.280651716,-0.816741714,1.200000000,-0.658682595
0,3473,1784881208.664430857,991,9.910000134,5.286169431,-0.819778083,1.200000000,-0.658668283
0,3473,1784881208.664430857,992,9.920000134,5.291687625,-0.822800514,1.200000000,-0.658624362
0,3473,1784881208.664430857,993,9.930000134,5.297206287,-0.825808892,1.200000000,-0.658550452
0,3473,1784881208.664430857,994,9.940000134,5.302725406,-0.828803105,1.200000000,-0.658446173
0,3473,1784881208.664430857,995,9.950000134,5.308244969,-0.831783039,1.200000000,-0.658311145
0,3473,1784881208.664430857,996,9.960000134,5.313764968,-0.834748582,1.200000000,-0.658144988
0,3473,1784881208.664430857,997,9.970000134,5.319285390,-0.837699620,1.200000000,-0.657947322
0,3473,1784881208.664430857,998,9.980000134,5.324806226,-0.840636043,1.200000000,-0.657717766
0,3473,1784881208.664430857,999,9.990000134,5.330327468,-0.843557737,1.200000000,-0.657455941
0,3473,1784881208.664430857,1000,10.000000134,5.335849104,-0.846464592,1.200000000,-0.657161467
0,3473,1784881208.664430857,1001,10.010000134,5.341371128,-0.849356496,1.200000000,-0.656833963
0,3473,1784881208.664430857,1002,10.020000134,5.346893531,-0.852233337,1.200000000,-0.656473050
0,3473,1784881208.664430857,1003,10.030000134,5.352416305,-0.855095006,1.200000000,-0.656078347
0,3473,1784881208.664430857,1004,10.040000134,5.357939443,-0.857941392,1.200000000,-0.655649475
0,3473,1784881208.664430857,1005,10.050000134,5.363462938,-0.860772384,1.200000000,-0.655186053
0,3473,1784881208.664430857,1006,10.060000134,5.368986784,-0.863587874,1.200000000,-0.654687702
0,3473,1784881208.664430857,1007,10.070000134,5.374510976,-0.866387751,1.200000000,-0.654154040
0,3473,1784881208.664430857,1008,10.080000134,5.380035509,-0.869171907,1.200000000,-0.653584689
0,3473,1784881208.664430857,1009,10.090000134,5.385560377,-0.871940233,1.200000000,-0.652979268
0,3473,1784881208.664430857,1010,10.100000134,5.391085578,-0.874692620,1.200000000,-0.652337397
0,3473,1784881208.664430857,1011,10.110000134,5.396611107,-0.877428961,1.200000000,-0.651658696
0,3473,1784881208.664430857,1012,10.120000134,5.402136962,-0.880149148,1.200000000,-0.650942785
0,3473,1784881208.664430857,1013,10.130000134,5.407663142,-0.882853074,1.200000000,-0.650189284
0,3473,1784881208.664430857,1014,10.140000134,5.413189643,-0.885540631,1.200000000,-0.649397813
0,3473,1784881208.664430857,1015,10.150000134,5.418716466,-0.888211714,1.200000000,-0.648567991
0,3473,1784881208.664430857,1016,10.160000134,5.424243610,-0.890866216,1.200000000,-0.647699440
0,3473,1784881208.664430857,1017,10.170000134,5.429771076,-0.893504031,1.200000000,-0.646791778
0,3473,1784881208.664430857,1018,10.180000134,5.435298865,-0.896125055,1.200000000,-0.645844625
0,3473,1784881208.664430857,1019,10.190000134,5.440826978,-0.898729182,1.200000000,-0.644857602
0,3473,1784881208.664430857,1020,10.200000134,5.446355418,-0.901316308,1.200000000,-0.643830329
0,3473,1784881208.664430857,1021,10.210000134,5.451884189,-0.903886329,1.200000000,-0.642762425
0,3473,1784881208.664430857,1022,10.220000134,5.457413293,-0.906439141,1.200000000,-0.641653511
0,3473,1784881208.664430857,1023,10.230000134,5.462942736,-0.908974640,1.200000000,-0.640503206
0,3473,1784881208.664430857,1024,10.240000134,5.468472524,-0.911492725,1.200000000,-0.639311130
0,3473,1784881208.664430857,1025,10.250000134,5.474002661,-0.913993293,1.200000000,-0.638076904
0,3473,1784881208.664430857,1026,10.260000134,5.479533155,-0.916476242,1.200000000,-0.636800147
0,3473,1784881208.664430857,1027,10.270000134,5.485064013,-0.918941470,1.200000000,-0.635480478
0,3473,1784881208.664430857,1028,10.280000134,5.490595245,-0.921388877,1.200000000,-0.634117519
0,3473,1784881208.664430857,1029,10.290000134,5.496126858,-0.923818363,1.200000000,-0.632710889
0,3473,1784881208.664430857,1030,10.300000134,5.501658862,-0.926229826,1.200000000,-0.631260208
0,3473,1784881208.664430857,1031,10.310000134,5.507191269,-0.928623169,1.200000000,-0.629765096
0,3473,1784881208.664430857,1032,10.320000134,5.512724089,-0.930998291,1.200000000,-0.628225173
0,3473,1784881208.664430857,1033,10.330000134,5.518257335,-0.933355095,1.200000000,-0.626640058
0,3473,1784881208.664430857,1034,10.340000134,5.523791020,-0.935693482,1.200000000,-0.625009372
0,3473,1784881208.664430857,1035,10.350000134,5.529325157,-0.938013356,1.200000000,-0.623332735
0,3473,1784881208.664430857,1036,10.360000134,5.534859762,-0.940314618,1.200000000,-0.621609767
0,3473,1784881208.664430857,1037,10.370000134,5.540394848,-0.942597173,1.200000000,-0.619840087
0,3473,1784881208.664430857,1038,10.380000134,5.545930434,-0.944860925,1.200000000,-0.618023315
0,3473,1784881208.664430857,1039,10.390000134,5.551466535,-0.947105779,1.200000000,-0.616159072
0,3473,1784881208.664430857,1040,10.400000134,5.557003169,-0.949331639,1.200000000,-0.614246978
0,3473,1784881208.664430857,1041,10.410000134,5.562540355,-0.951538412,1.200000000,-0.612286652
0,3473,1784881208.664430857,1042,10.420000134,5.568078113,-0.953726005,1.200000000,-0.610277714
0,3473,1784881208.664430857,1043,10.430000134,5.573616462,-0.955894324,1.200000000,-0.608219784
0,3473,1784881208.664430857,1044,10.440000134,5.579155424,-0.958043276,1.200000000,-0.606112483
0,3473,1784881208.664430857,1045,10.450000134,5.584695021,-0.960172770,1.200000000,-0.603955430
0,3473,1784881208.664430857,1046,10.460000134,5.590235275,-0.962282716,1.200000000,-0.601748244
0,3473,1784881208.664430857,1047,10.470000134,5.595776209,-0.964373021,1.200000000,-0.599490547
0,3473,1784881208.664430857,1048,10.480000134,5.601317849,-0.966443597,1.200000000,-0.597181958
0,3473,1784881208.664430857,1049,10.490000134,5.606860219,-0.968494353,1.200000000,-0.594822096
0,3473,1784881208.664430857,1050,10.500000134,5.612403345,-0.970525202,1.200000000,-0.592410583
0,3473,1784881208.664430857,1051,10.510000134,5.617947254,-0.972536055,1.200000000,-0.589947037
0,3473,1784881208.664430857,1052,10.520000134,5.623491973,-0.974526825,1.200000000,-0.587431079
0,3473,1784881208.664430857,1053,10.530000134,5.629037530,-0.976497425,1.200000000,-0.584862329
0,3473,1784881208.664430857,1054,10.540000134,5.634583956,-0.978447769,1.200000000,-0.582240406
0,3473,1784881208.664430857,1055,10.550000134,5.640131279,-0.980377771,1.200000000,-0.579565034
0,3473,1784881208.664430857,1056,10.560000134,5.645679530,-0.982287348,1.200000000,-0.576836585
0,3473,1784881208.664430857,1057,10.570000134,5.651228741,-0.984176415,1.200000000,-0.574055689
0,3473,1784881208.664430857,1058,10.580000134,5.656778944,-0.986044889,1.200000000,-0.571222975
0,3473,1784881208.664430857,1059,10.590000134,5.662330172,-0.987892687,1.200000000,-0.568339072
0,3473,1784881208.664430857,1060,10.600000134,5.667882458,-0.989719727,1.200000000,-0.565404609
0,3473,1784881208.664430857,1061,10.610000134,5.673435837,-0.991525930,1.200000000,-0.562420216
0,3473,1784881208.664430857,1062,10.620000134,5.678990345,-0.993311213,1.200000000,-0.559386522
0,3473,1784881208.664430857,1063,10.630000134,5.684546016,-0.995075498,1.200000000,-0.556304156
0,3473,1784881208.664430857,1064,10.640000134,5.690102888,-0.996818706,1.200000000,-0.553173747
0,3473,1784881208.664430857,1065,10.650000134,5.695660998,-0.998540759,1.200000000,-0.549995925
0,3473,1784881208.664430857,1066,10.660000134,5.701220383,-1.000241580,1.200000000,-0.546771320
0,3473,1784881208.664430857,1067,10.670000134,5.706781083,-1.001921093,1.200000000,-0.543500559
0,3473,1784881208.664430857,1068,10.680000134,5.712343137,-1.003579221,1.200000000,-0.540184273
0,3473,1784881208.664430857,1069,10.690000134,5.717906584,-1.005215890,1.200000000,-0.536823091
0,3473,1784881208.664430857,1070,10.700000134,5.723471465,-1.006831026,1.200000000,-0.533417642
0,3473,1784881208.664430857,1071,10.710000134,5.729037822,-1.008424556,1.200000000,-0.529968556
0,3473,1784881208.664430857,1072,10.720000134,5.734605696,-1.009996408,1.200000000,-0.526476461
0,3473,1784881208.664430857,1073,10.730000134,5.740175129,-1.011546510,1.200000000,-0.522941987
0,3473,1784881208.664430857,1074,10.740000134,5.745746164,-1.013074793,1.200000000,-0.519365763
0,3473,1784881208.664430857,1075,10.750000134,5.751318846,-1.014581185,1.200000000,-0.515748418
0,3473,1784881208.664430857,1076,10.760000134,5.756893217,-1.016065619,1.200000000,-0.512090583
0,3473,1784881208.664430857,1077,10.770000134,5.762469323,-1.017528026,1.200000000,-0.508392885
0,3473,1784881208.664430857,1078,10.780000134,5.768047208,-1.018968341,1.200000000,-0.504655955
0,3473,1784881208.664430857,1079,10.790000134,5.773626918,-1.020386495,1.200000000,-0.500880421
0,3473,1784881208.664430857,1080,10.800000134,5.779208499,-1.021782426,1.200000000,-0.497066913
0,3473,1784881208.664430857,1081,10.810000134,5.784791997,-1.023156068,1.200000000,-0.493216060
0,3473,1784881208.664430857,1082,10.820000134,5.790377460,-1.024507358,1.200000000,-0.489328491
0,3473,1784881208.664430857,1083,10.830000134,5.795964935,-1.025836234,1.200000000,-0.485404836
0,3473,1784881208.664430857,1084,10.840000134,5.801554468,-1.027142635,1.200000000,-0.481445724
0,3473,1784881208.664430857,1085,10.850000134,5.807146109,-1.028426500,1.200000000,-0.477451784
0,3473,1784881208.664430857,1086,10.860000134,5.812739906,-1.029687771,1.200000000,-0.473423646
0,3473,1784881208.664430857,1087,10.870000134,5.818335907,-1.030926388,1.200000000,-0.469361938
0,3473,1784881208.664430857,1088,10.880000134,5.823934162,-1.032142296,1.200000000,-0.465267290
0,3473,1784881208.664430857,1089,10.890000134,5.829534720,-1.033335436,1.200000000,-0.461140332
0,3473,1784881208.664430857,1090,10.900000134,5.835137630,-1.034505755,1.200000000,-0.456981692
0,3473,1784881208.664430857,1091,10.910000134,5.840742943,-1.035653198,1.200000000,-0.452791999
0,3473,1784881208.664430857,1092,10.920000134,5.846350709,-1.036777712,1.200000000,-0.448571884
0,3473,1784881208.664430857,1093,10.930000134,5.851960977,-1.037879245,1.200000000,-0.444321976
0,3473,1784881208.664430857,1094,10.940000134,5.857573798,-1.038957745,1.200000000,-0.440042902
0,3473,1784881208.664430857,1095,10.950000134,5.863189224,-1.040013164,1.200000000,-0.435735294
0,3473,1784881208.664430857,1096,10.960000134,5.868807304,-1.041045452,1.200000000,-0.431399780
0,3473,1784881208.664430857,1097,10.970000134,5.874428090,-1.042054562,1.200000000,-0.427036989
0,3473,1784881208.664430857,1098,10.980000134,5.880051632,-1.043040447,1.200000000,-0.422647551
0,3473,1784881208.664430857,1099,10.990000134,5.885677983,-1.044003061,1.200000000,-0.418232095
0,3473,1784881208.664430857,1100,11.000000134,5.891307192,-1.044942361,1.200000000,-0.413791250
0,3473,1784881208.664430857,1101,11.010000134,5.896939311,-1.045858303,1.200000000,-0.409325646
0,3473,1784881208.664430857,1102,11.020000134,5.902574391,-1.046750845,1.200000000,-0.404835911
0,3473,1784881208.664430857,1103,11.030000134,5.908212483,-1.047619946,1.200000000,-0.400322676
0,3473,1784881208.664430857,1104,11.040000134,5.913853639,-1.048465567,1.200000000,-0.395786569
0,3473,1784881208.664430857,1105,11.050000134,5.919497909,-1.049287670,1.200000000,-0.391228219
0,3473,1784881208.664430857,1106,11.060000134,5.925145344,-1.050086216,1.200000000,-0.386648256
0,3473,1784881208.664430857,1107,11.070000134,5.930795994,-1.050861170,1.200000000,-0.382047310
0,3473,1784881208.664430857,1108,11.080000134,5.936449912,-1.051612497,1.200000000,-0.377426009
0,3473,1784881208.664430857,1109,11.090000134,5.942107146,-1.052340163,1.200000000,-0.372784982
0,3473,1784881208.664430857,1110,11.100000134,5.947767747,-1.053044136,1.200000000,-0.368124860
0,3473,1784881208.664430857,1111,11.110000134,5.953431765,-1.053724385,1.200000000,-0.363446270
0,3473,1784881208.664430857,1112,11.120000134,5.959099250,-1.054380880,1.200000000,-0.358749844
0,3473,1784881208.664430857,1113,11.130000134,5.964770252,-1.055013592,1.200000000,-0.354036209
0,3473,1784881208.664430857,1114,11.140000134,5.970444819,-1.055622494,1.200000000,-0.349305995
0,3473,1784881208.664430857,1115,11.150000134,5.976123000,-1.056207560,1.200000000,-0.344559831
0,3473,1784881208.664430857,1116,11.160000134,5.981804845,-1.056768764,1.200000000,-0.339798347
0,3473,1784881208.664430857,1117,11.170000134,5.987490400,-1.057306084,1.200000000,-0.335022172
0,3473,1784881208.664430857,1118,11.180000134,5.993179714,-1.057819497,1.200000000,-0.330231934
0,3473,1784881208.664430857,1119,11.190000134,5.998872835,-1.058308983,1.200000000,-0.325428265
0,3473,1784881208.664430857,1120,11.200000134,6.004569808,-1.058774521,1.200000000,-0.320611792
0,3473,1784881208.664430857,1121,11.210000134,6.010270681,-1.059216093,1.200000000,-0.315783145
0,3473,1784881208.664430857,1122,11.220000134,6.015975499,-1.059633683,1.200000000,-0.310942953
0,3473,1784881208.664430857,1123,11.230000134,6.021684307,-1.060027275,1.200000000,-0.306091845
0,3473,1784881208.664430857,1124,11.240000134,6.027397152,-1.060396855,1.200000000,-0.301230451
0,3473,1784881208.664430857,1125,11.250000134,6.033114075,-1.060742409,1.200000000,-0.296359401
0,3473,1784881208.664430857,1126,11.260000134,6.038835122,-1.061063927,1.200000000,-0.291479322
0,3473,1784881208.664430857,1127,11.270000134,6.044560336,-1.061361399,1.200000000,-0.286590846
0,3473,1784881208.664430857,1128,11.280000134,6.050289758,-1.061634814,1.200000000,-0.281694600
0,3473,1784881208.664430857,1129,11.290000134,6.056023430,-1.061884167,1.200000000,-0.276791214
0,3473,1784881208.664430857,1130,11.300000134,6.061761394,-1.062109452,1.200000000,-0.271881317
0,3473,1784881208.664430857,1131,11.310000134,6.067503689,-1.062310663,1.200000000,-0.266965539
0,3473,1784881208.664430857,1132,11.320000134,6.073250355,-1.062487797,1.200000000,-0.262044509
0,3473,1784881208.664430857,1133,11.330000134,6.079001431,-1.062640854,1.200000000,-0.257118857
0,3473,1784881208.664430857,1134,11.340000134,6.084756955,-1.062769833,1.200000000,-0.252189210
0,3473,1784881208.664430857,1135,11.350000134,6.090516963,-1.062874734,1.200000000,-0.247256200
0,3473,1784881208.664430857,1136,11.360000134,6.096281493,-1.062955561,1.200000000,-0.242320454
0,3473,1784881208.664430857,1137,11.370000134,6.102050579,-1.063012317,1.200000000,-0.237382603
0,3473,1784881208.664430857,1138,11.380000134,6.107824256,-1.063045008,1.200000000,-0.232443275
0,3473,1784881208.664430857,1139,11.390000134,6.113602557,-1.063053642,1.200000000,-0.227503100
0,3473,1784881208.664430857,1140,11.400000134,6.119385516,-1.063038226,1.200000000,-0.222562708
0,3473,1784881208.664430857,1141,11.410000134,6.125173163,-1.062998770,1.200000000,-0.217622726
0,3473,1784881208.664430857,1142,11.420000134,6.130965530,-1.062935286,1.200000000,-0.212683785
0,3473,1784881208.664430857,1143,11.430000134,6.136762645,-1.062847787,1.200000000,-0.207746515
0,3473,1784881208.664430857,1144,11.440000134,6.142564539,-1.062736286,1.200000000,-0.202811543
0,3473,1784881208.664430857,1145,11.450000134,6.148371237,-1.062600801,1.200000000,-0.197879500
0,3473,1784881208.664430857,1146,11.460000134,6.154182767,-1.062441347,1.200000000,-0.192951014
0,3473,1784881208.664430857,1147,11.470000134,6.159999155,-1.062257944,1.200000000,-0.188026716
0,3473,1784881208.664430857,1148,11.480000134,6.165820424,-1.062050613,1.200000000,-0.183107233
0,3473,1784881208.664430857,1149,11.490000134,6.171646597,-1.061819374,1.200000000,-0.178193196
0,3473,1784881208.664430857,1150,11.500000134,6.177477697,-1.061564252,1.200000000,-0.173285235
0,3473,1784881208.664430857,1151,11.510000134,6.183313744,-1.061285272,1.200000000,-0.168383977
0,3473,1784881208.664430857,1152,11.520000134,6.189154758,-1.060982459,1.200000000,-0.163490052
0,3473,1784881208.664430857,1153,11.530000134,6.195000756,-1.060655841,1.200000000,-0.158604090
0,3473,1784881208.664430857,1154,11.540000134,6.200851758,-1.060305449,1.200000000,-0.153726720
0,3473,1784881208.664430857,1155,11.550000134,6.206707777,-1.059931312,1.200000000,-0.148858571
0,3473,1784881208.664430857,1156,11.560000134,6.212568829,-1.059533464,1.200000000,-0.144000273
0,3473,1784881208.664430857,1157,11.570000134,6.218434926,-1.059111938,1.200000000,-0.139152454
0,3473,1784881208.664430857,1158,11.580000134,6.224306082,-1.058666770,1.200000000,-0.134315744
0,3473,1784881208.664430857,1159,11.590000134,6.230182306,-1.058197997,1.200000000,-0.129490773
0,3473,1784881208.664430857,1160,11.600000134,6.236063607,-1.057705658,1.200000000,-0.124678169
0,3473,1784881208.664430857,1161,11.610000134,6.241949994,-1.057189792,1.200000000,-0.119878562
0,3473,1784881208.664430857,1162,11.620000134,6.247841473,-1.056650443,1.200000000,-0.115092581
0,3473,1784881208.664430857,1163,11.630000134,6.253738049,-1.056087652,1.200000000,-0.110320855
0,3473,1784881208.664430857,1164,11.640000134,6.259639725,-1.055501464,1.200000000,-0.105564014
0,3473,1784881208.664430857,1165,11.650000134,6.265546505,-1.054891927,1.200000000,-0.100822686
0,3473,1784881208.664430857,1166,11.660000134,6.271458388,-1.054259087,1.200000000,-0.096097502
0,3473,1784881208.664430857,1167,11.670000134,6.277375374,-1.053602994,1.200000000,-0.091389091
0,3473,1784881208.664430857,1168,11.680000134,6.283297460,-1.052923700,1.200000000,-0.086698080
0,3473,1784881208.664430857,1169,11.690000134,6.289224643,-1.052221256,1.200000000,-0.082025101
0,3473,1784881208.664430857,1170,11.700000134,6.295156918,-1.051495718,1.200000000,-0.077370782
0,3473,1784881208.664430857,1171,11.710000134,6.301094279,-1.050747139,1.200000000,-0.072735753
0,3473,1784881208.664430857,1172,11.720000134,6.307036715,-1.049975578,1.200000000,-0.068120643
0,3473,1784881208.664430857,1173,11.730000134,6.312984219,-1.049181093,1.200000000,-0.063526080
0,3473,1784881208.664430857,1174,11.740000134,6.318936778,-1.048363745,1.200000000,-0.058952695
0,3473,1784881208.664430857,1175,11.750000134,6.324894380,-1.047523594,1.200000000,-0.054401116
0,3473,1784881208.664430857,1176,11.760000134,6.330857010,-1.046660706,1.200000000,-0.049871973
0,3473,1784881208.664430857,1177,11.770000134,6.336824652,-1.045775143,1.200000000,-0.045365896
0,3473,1784881208.664430857,1178,11.780000134,6.342797288,-1.044866973,1.200000000,-0.040883512
0,3473,1784881208.664430857,1179,11.790000134,6.348774899,-1.043936263,1.200000000,-0.036425453
0,3473,1784881208.664430857,1180,11.800000134,6.354757464,-1.042983084,1.200000000,-0.031992346
0,3473,1784881208.664430857,1181,11.810000134,6.360744960,-1.042007505,1.200000000,-0.027584822
0,3473,1784881208.664430857,1182,11.820000134,6.366737364,-1.041009599,1.200000000,-0.023203509
0,3473,1784881208.664430857,1183,11.830000134,6.372734649,-1.039989441,1.200000000,-0.018849037
0,3473,1784881208.664430857,1184,11.840000134,6.378736787,-1.038947105,1.200000000,-0.014522035
0,3473,1784881208.664430857,1185,11.850000134,6.384743751,-1.037882668,1.200000000,-0.010223132
0,3473,1784881208.664430857,1186,11.860000134,6.390755509,-1.036796210,1.200000000,-0.005952957
0,3473,1784881208.664430857,1187,11.870000134,6.396772028,-1.035687809,1.200000000,-0.001712141
0,3473,1784881208.664430857,1188,11.880000134,6.402793274,-1.034557548,1.200000000,0.002498688
0,3473,1784881208.664430857,1189,11.890000134,6.408819213,-1.033405509,1.200000000,0.006678901
0,3473,1784881208.664430857,1190,11.900000134,6.414849805,-1.032231777,1.200000000,0.010827868
0,3473,1784881208.664430857,1191,11.910000134,6.420885013,-1.031036437,1.200000000,0.014944961
0,3473,1784881208.664430857,1192,11.920000134,6.426924795,-1.029819576,1.200000000,0.019029597
0,3473,1784881208.664430857,1193,11.930000134,6.432969110,-1.028581284,1.200000000,0.023081651
0,3473,1784881208.664430857,1194,11.940000134,6.439017912,-1.027321651,1.200000000,0.027101242
0,3473,1784881208.664430857,1195,11.950000134,6.445071156,-1.026040768,1.200000000,0.031088493
0,3473,1784881208.664430857,1196,11.960000134,6.451128795,-1.024738728,1.200000000,0.035043528
0,3473,1784881208.664430857,1197,11.970000134,6.457190780,-1.023415626,1.200000000,0.038966470
0,3473,1784881208.664430857,1198,11.980000134,6.463257060,-1.022071558,1.200000000,0.042857442
0,3473,1784881208.664430857,1199,11.990000134,6.469327583,-1.020706620,1.200000000,0.046716566
0,3473,1784881208.664430857,1200,12.000000134,6.475402294,-1.019320912,1.200000000,0.050543967
0,3473,1784881208.664430857,1201,12.010000134,6.481481138,-1.017914534,1.200000000,0.054339767
0,3473,1784881208.664430857,1202,12.020000134,6.487564057,-1.016487587,1.200000000,0.058104089
0,3473,1784881208.664430857,1203,12.030000134,6.493650993,-1.015040173,1.200000000,0.061837056
0,3473,1784881208.664430857,1204,12.040000134,6.499741885,-1.013572397,1.200000000,0.065538792
0,3473,1784881208.664430857,1205,12.050000134,6.505836672,-1.012084365,1.200000000,0.069209419
0,3473,1784881208.664430857,1206,12.060000134,6.511935288,-1.010576183,1.200000000,0.072849061
0,3473,1784881208.664430857,1207,12.070000134,6.518037669,-1.009047958,1.200000000,0.076457840
0,3473,1784881208.664430857,1208,12.080000134,6.524143747,-1.007499802,1.200000000,0.080035880
0,3473,1784881208.664430857,1209,12.090000134,6.530253455,-1.005931824,1.200000000,0.083583304
0,3473,1784881208.664430857,1210,12.100000134,6.536366722,-1.004344136,1.200000000,0.087100235
0,3473,1784881208.664430857,1211,12.110000134,6.542483477,-1.002736852,1.200000000,0.090586796
0,3473,1784881208.664430857,1212,12.120000134,6.548603645,-1.001110085,1.200000000,0.094043111
0,3473,1784881208.664430857,1213,12.130000134,6.554727153,-0.999463953,1.200000000,0.097469301
0,3473,1784881208.664430857,1214,12.140000134,6.560853924,-0.997798571,1.200000000,0.100865491
0,3473,1784881208.664430857,1215,12.150000134,6.566983881,-0.996114058,1.200000000,0.104231803
0,3473,1784881208.664430857,1216,12.160000134,6.573116944,-0.994410533,1.200000000,0.107568361
0,3473,1784881208.664430857,1217,12.170000134,6.579253032,-0.992688117,1.200000000,0.110875287
0,3473,1784881208.664430857,1218,12.180000134,6.585392064,-0.990946932,1.200000000,0.114152705
0,3473,1784881208.664430857,1219,12.190000134,6.591533955,-0.989187100,1.200000000,0.117400738
0,3473,1784881208.664430857,1220,12.200000134,6.597678621,-0.987408745,1.200000000,0.120619509
0,3473,1784881208.664430857,1221,12.210000134,6.603825974,-0.985611993,1.200000000,0.123809140
0,3473,1784881208.664430857,1222,12.220000134,6.609975928,-0.983796969,1.200000000,0.126969756
0,3473,1784881208.664430857,1223,12.230000134,6.616128393,-0.981963802,1.200000000,0.130101479
0,3473,1784881208.664430857,1224,12.240000134,6.622283278,-0.980112619,1.200000000,0.133204432
0,3473,1784881208.664430857,1225,12.250000134,6.628440491,-0.978243551,1.200000000,0.136278739
0,3473,1784881208.664430857,1226,12.260000134,6.634599939,-0.976356727,1.200000000,0.139324522
0,3473,1784881208.664430857,1227,12.270000134,6.640761528,-0.974452279,1.200000000,0.142341904
0,3473,1784881208.664430857,1228,12.280000134,6.646925161,-0.972530340,1.200000000,0.145331009
0,3473,1784881208.664430857,1229,12.290000134,6.653090741,-0.970591043,1.200000000,0.148291960
0,3473,1784881208.664430857,1230,12.300000134,6.659258171,-0.968634524,1.200000000,0.151224880
0,3473,1784881208.664430857,1231,12.310000134,6.665427349,-0.966660916,1.200000000,0.154129891
0,3473,1784881208.664430857,1232,12.320000134,6.671598177,-0.964670358,1.200000000,0.157007118
0,3473,1784881208.664430857,1233,12.330000134,6.677770550,-0.962662986,1.200000000,0.159856683
0,3473,1784881208.664430857,1234,12.340000134,6.683944367,-0.960638939,1.200000000,0.162678708
0,3473,1784881208.664430857,1235,12.350000134,6.690119523,-0.958598355,1.200000000,0.165473319
0,3473,1784881208.664430857,1236,12.360000134,6.696295912,-0.956541375,1.200000000,0.168240636
0,3473,1784881208.664430857,1237,12.370000134,6.702473429,-0.954468141,1.200000000,0.170980784
0,3473,1784881208.664430857,1238,12.380000134,6.708651964,-0.952378793,1.200000000,0.173693886
0,3473,1784881208.664430857,1239,12.390000134,6.714831411,-0.950273474,1.200000000,0.176380064
0,3473,1784881208.664430857,1240,12.400000134,6.721011659,-0.948152328,1.200000000,0.179039442
0,3473,1784881208.664430857,1241,12.410000134,6.727192597,-0.946015499,1.200000000,0.181672142
0,3473,1784881208.664430857,1242,12.420000134,6.733374114,-0.943863132,1.200000000,0.184278289
0,3473,1784881208.664430857,1243,12.430000134,6.739556097,-0.941695373,1.200000000,0.186858005
0,3473,1784881208.664430857,1244,12.440000134,6.745738432,-0.939512368,1.200000000,0.189411413
0,3473,1784881208.664430857,1245,12.450000134,6.751921006,-0.937314264,1.200000000,0.191938636
0,3473,1784881208.664430857,1246,12.460000134,6.758103703,-0.935101209,1.200000000,0.194439797
0,3473,1784881208.664430857,1247,12.470000134,6.764286407,-0.932873352,1.200000000,0.196915020
0,3473,1784881208.664430857,1248,12.480000134,6.770469000,-0.930630842,1.200000000,0.199364427
0,3473,1784881208.664430857,1249,12.490000134,6.776651366,-0.928373828,1.200000000,0.201788142
0,3473,1784881208.664430857,1250,12.500000134,6.782833385,-0.926102462,1.200000000,0.204186288
0,3473,1784881208.664430857,1251,12.510000134,6.789014939,-0.923816894,1.200000000,0.206558987
0,3473,1784881208.664430857,1252,12.520000134,6.795195907,-0.921517275,1.200000000,0.208906363
0,3473,1784881208.664430857,1253,12.530000134,6.801376168,-0.919203758,1.200000000,0.211228539
0,3473,1784881208.664430857,1254,12.540000134,6.807555602,-0.916876496,1.200000000,0.213525638
0,3473,1784881208.664430857,1255,12.550000134,6.813734085,-0.914535642,1.200000000,0.215797784
0,3473,1784881208.664430857,1256,12.560000134,6.819911497,-0.912181349,1.200000000,0.218045098
0,3473,1784881208.664430857,1257,12.570000134,6.826087713,-0.909813773,1.200000000,0.220267705
0,3473,1784881208.664430857,1258,12.580000134,6.832262610,-0.907433066,1.200000000,0.222465727
0,3473,1784881208.664430857,1259,12.590000134,6.838436063,-0.905039385,1.200000000,0.224639288
0,3473,1784881208.664430857,1260,12.600000134,6.844607949,-0.902632885,1.200000000,0.226788511
0,3473,1784881208.664430857,1261,12.610000134,6.850778140,-0.900213721,1.200000000,0.228913518
0,3473,1784881208.664430857,1262,12.620000134,6.856946513,-0.897782051,1.200000000,0.231014433
0,3473,1784881208.664430857,1263,12.630000134,6.863112941,-0.895338031,1.200000000,0.233091379
0,3473,1784881208.664430857,1264,12.640000134,6.869277297,-0.892881817,1.200000000,0.235144478
0,3473,1784881208.664430857,1265,12.650000134,6.875439455,-0.890413567,1.200000000,0.237173855
0,3473,1784881208.664430857,1266,12.660000134,6.881599288,-0.887933439,1.200000000,0.239179632
0,3473,1784881208.664430857,1267,12.670000134,6.887756667,-0.885441590,1.200000000,0.241161932
0,3473,1784881208.664430857,1268,12.680000134,6.893911467,-0.882938178,1.200000000,0.243120879
0,3473,1784881208.664430857,1269,12.690000134,6.900063557,-0.880423363,1.200000000,0.245056595
0,3473,1784881208.664430857,1270,12.700000134,6.906212812,-0.877897301,1.200000000,0.246969204
0,3473,1784881208.664430857,1271,12.710000134,6.912359102,-0.875360153,1.200000000,0.248858828
0,3473,1784881208.664430857,1272,12.720000134,6.918502298,-0.872812077,1.200000000,0.250725591
0,3473,1784881208.664430857,1273,12.730000134,6.924642273,-0.870253232,1.200000000,0.252569616
0,3473,1784881208.664430857,1274,12.740000134,6.930778897,-0.867683777,1.200000000,0.254391025
0,3473,1784881208.664430857,1275,12.750000134,6.936912043,-0.865103871,1.200000000,0.256189943
0,3473,1784881208.664430857,1276,12.760000134,6.943041580,-0.862513674,1.200000000,0.257966492
0,3473,1784881208.664430857,1277,12.770000134,6.949167381,-0.859913346,1.200000000,0.259720795
0,3473,1784881208.664430857,1278,12.780000134,6.955289317,-0.857303045,1.200000000,0.261452975
0,3473,1784881208.664430857,1279,12.790000134,6.961407259,-0.854682932,1.200000000,0.263163156
0,3473,1784881208.664430857,1280,12.800000134,6.967521079,-0.852053166,1.200000000,0.264851460
0,3473,1784881208.664430857,1281,12.810000134,6.973630648,-0.849413906,1.200000000,0.266518011
0,3473,1784881208.664430857,1282,12.820000134,6.979735838,-0.846765312,1.200000000,0.268162931
0,3473,1784881208.664430857,1283,12.830000134,6.985836521,-0.844107544,1.200000000,0.269786344
0,3473,1784881208.664430857,1284,12.840000134,6.991932568,-0.841440760,1.200000000,0.271388373
0,3473,1784881208.664430857,1285,12.850000134,6.998023853,-0.838765120,1.200000000,0.272969141
0,3473,1784881208.664430857,1286,12.860000134,7.004110248,-0.836080783,1.200000000,0.274528771
0,3473,1784881208.664430857,1287,12.870000134,7.010191625,-0.833387909,1.200000000,0.276067386
0,3473,1784881208.664430857,1288,12.880000134,7.016267858,-0.830686656,1.200000000,0.277585109
0,3473,1784881208.664430857,1289,12.890000134,7.022338821,-0.827977182,1.200000000,0.279082063
0,3473,1784881208.664430857,1290,12.900000134,7.028404388,-0.825259647,1.200000000,0.280558372
0,3473,1784881208.664430857,1291,12.910000134,7.034464432,-0.822534208,1.200000000,0.282014159
0,3473,1784881208.664430857,1292,12.920000134,7.040518829,-0.819801024,1.200000000,0.283449546
0,3473,1784881208.664430857,1293,12.930000134,7.046567453,-0.817060252,1.200000000,0.284864656
0,3473,1784881208.664430857,1294,12.940000134,7.052610182,-0.814312051,1.200000000,0.286259614
0,3473,1784881208.664430857,1295,12.950000134,7.058646890,-0.811556577,1.200000000,0.287634541
0,3473,1784881208.664430857,1296,12.960000134,7.064677455,-0.808793987,1.200000000,0.288989561
0,3473,1784881208.664430857,1297,12.970000134,7.070701754,-0.806024438,1.200000000,0.290324798
0,3473,1784881208.664430857,1298,12.980000134,7.076719665,-0.803248086,1.200000000,0.291640373
0,3473,1784881208.664430857,1299,12.990000134,7.082731067,-0.800465087,1.200000000,0.292936411
0,3473,1784881208.664430857,1300,13.000000134,7.088735839,-0.797675596,1.200000000,0.294213034
0,3473,1784881208.664430857,1301,13.010000134,7.094733860,-0.794879769,1.200000000,0.295470365
0,3473,1784881208.664430857,1302,13.020000134,7.100725013,-0.792077761,1.200000000,0.296708528
0,3473,1784881208.664430857,1303,13.030000134,7.106709178,-0.789269725,1.200000000,0.297927646
0,3473,1784881208.664430857,1304,13.040000134,7.112686237,-0.786455816,1.200000000,0.299127841
0,3473,1784881208.664430857,1305,13.050000134,7.118656073,-0.783636186,1.200000000,0.300309237
0,3473,1784881208.664430857,1306,13.060000134,7.124618571,-0.780810989,1.200000000,0.301471957
0,3473,1784881208.664430857,1307,13.070000134,7.130573614,-0.777980377,1.200000000,0.302616124
0,3473,1784881208.664430857,1308,13.080000134,7.136521088,-0.775144501,1.200000000,0.303741861
0,3473,1784881208.664430857,1309,13.090000134,7.142460881,-0.772303514,1.200000000,0.304849291
0,3473,1784881208.664430857,1310,13.100000134,7.148392878,-0.769457564,1.200000000,0.305938538
0,3473,1784881208.664430857,1311,13.110000134,7.154316969,-0.766606804,1.200000000,0.307009723
0,3473,1784881208.664430857,1312,13.120000134,7.160233042,-0.763751381,1.200000000,0.308062972
0,3473,1784881208.664430857,1313,13.130000134,7.166140988,-0.760891446,1.200000000,0.309098406
0,3473,1784881208.664430857,1314,13.140000134,7.172040698,-0.758027145,1.200000000,0.310116148
0,3473,1784881208.664430857,1315,13.150000134,7.177932064,-0.755158628,1.200000000,0.311116322
0,3473,1784881208.664430857,1316,13.160000134,7.183814980,-0.752286040,1.200000000,0.312099051
0,3473,1784881208.664430857,1317,13.170000134,7.189689341,-0.749409528,1.200000000,0.313064458
0,3473,1784881208.664430857,1318,13.180000134,7.195555041,-0.746529238,1.200000000,0.314012666
0,3473,1784881208.664430857,1319,13.190000134,7.201411977,-0.743645313,1.200000000,0.314943798
0,3473,1784881208.664430857,1320,13.200000134,7.207260047,-0.740757900,1.200000000,0.315857977
0,3473,1784881208.664430857,1321,13.210000134,7.213099151,-0.737867140,1.200000000,0.316755326
0,3473,1784881208.664430857,1322,13.220000134,7.218929188,-0.734973176,1.200000000,0.317635969
0,3473,1784881208.664430857,1323,13.230000134,7.224750060,-0.732076150,1.200000000,0.318500028
0,3473,1784881208.664430857,1324,13.240000134,7.230561669,-0.729176203,1.200000000,0.319347627
0,3473,1784881208.664430857,1325,13.250000134,7.236363920,-0.726273476,1.200000000,0.320178889
0,3473,1784881208.664430857,1326,13.260000134,7.242156716,-0.723368108,1.200000000,0.320993936
0,3473,1784881208.664430857,1327,13.270000134,7.247939966,-0.720460237,1.200000000,0.321792892
0,3473,1784881208.664430857,1328,13.280000134,7.253713577,-0.717550000,1.200000000,0.322575880
0,3473,1784881208.664430857,1329,13.290000134,7.259477457,-0.714637536,1.200000000,0.323343023
0,3473,1784881208.664430857,1330,13.300000134,7.265231517,-0.711722980,1.200000000,0.324094444
0,3473,1784881208.664430857,1331,13.310000134,7.270975670,-0.708806466,1.200000000,0.324830267
0,3473,1784881208.664430857,1332,13.320000134,7.276709827,-0.705888130,1.200000000,0.325550613
0,3473,1784881208.664430857,1333,13.330000134,7.282433904,-0.702968104,1.200000000,0.326255608
0,3473,1784881208.664430857,1334,13.340000134,7.288147817,-0.700046521,1.200000000,0.326945372
0,3473,1784881208.664430857,1335,13.350000134,7.293851483,-0.697123512,1.200000000,0.327620030
0,3473,1784881208.664430857,1336,13.360000134,7.299544821,-0.694199208,1.200000000,0.328279705
0,3473,1784881208.664430857,1337,13.370000134,7.305227751,-0.691273738,1.200000000,0.328924520
0,3473,1784881208.664430857,1338,13.380000134,7.310900195,-0.688347230,1.200000000,0.329554597
0,3473,1784881208.664430857,1339,13.390000134,7.316562077,-0.685419813,1.200000000,0.330170061
0,3473,1784881208.664430857,1340,13.400000134,7.322213320,-0.682491613,1.200000000,0.330771033
0,3473,1784881208.664430857,1341,13.410000134,7.327853852,-0.679562756,1.200000000,0.331357638
0,3473,1784881208.664430857,1342,13.420000134,7.333483600,-0.676633365,1.200000000,0.331929998
0,3473,1784881208.664430857,1343,13.430000134,7.339102493,-0.673703565,1.200000000,0.332488236
0,3473,1784881208.664430857,1344,13.440000134,7.344710463,-0.670773478,1.200000000,0.333032476
0,3473,1784881208.664430857,1345,13.450000134,7.350307440,-0.667843225,1.200000000,0.333562840
0,3473,1784881208.664430857,1346,13.460000134,7.355893361,-0.664912927,1.200000000,0.334079452
0,3473,1784881208.664430857,1347,13.470000134,7.361468160,-0.661982704,1.200000000,0.334582434
0,3473,1784881208.664430857,1348,13.480000134,7.367031773,-0.659052673,1.200000000,0.335071910
0,3473,1784881208.664430857,1349,13.490000134,7.372584141,-0.656122952,1.200000000,0.335548003
0,3473,1784881208.664430857,1350,13.500000134,7.378125203,-0.653193656,1.200000000,0.336010837
0,3473,1784881208.664430857,1351,13.510000134,7.383654900,-0.650264902,1.200000000,0.336460533
0,3473,1784881208.664430857,1352,13.520000134,7.389173177,-0.647336802,1.200000000,0.336897215
0,3473,1784881208.664430857,1353,13.530000134,7.394679979,-0.644409470,1.200000000,0.337321007
0,3473,1784881208.664430857,1354,13.540000134,7.400175252,-0.641483018,1.200000000,0.337732031
0,3473,1784881208.664430857,1355,13.550000134,7.405658944,-0.638557555,1.200000000,0.338130410
0,3473,1784881208.664430857,1356,13.560000134,7.411131006,-0.635633192,1.200000000,0.338516268
0,3473,1784881208.664430857,1357,13.570000134,7.416591389,-0.632710037,1.200000000,0.338889728
0,3473,1784881208.664430857,1358,13.580000134,7.422040046,-0.629788197,1.200000000,0.339250912
0,3473,1784881208.664430857,1359,13.590000134,7.427476932,-0.626867778,1.200000000,0.339599944
0,3473,1784881208.664430857,1360,13.600000134,7.432902004,-0.623948885,1.200000000,0.339936947
0,3473,1784881208.664430857,1361,13.610000134,7.438315218,-0.621031622,1.200000000,0.340262045
0,3473,1784881208.664430857,1362,13.620000134,7.443716536,-0.618116092,1.200000000,0.340575359
0,3473,1784881208.664430857,1363,13.630000134,7.449105919,-0.615202395,1.200000000,0.340877013
0,3473,1784881208.664430857,1364,13.640000134,7.454483329,-0.612290634,1.200000000,0.341167131
0,3473,1784881208.664430857,1365,13.650000134,7.459848730,-0.609380906,1.200000000,0.341445835
0,3473,1784881208.664430857,1366,13.660000134,7.465202090,-0.606473310,1.200000000,0.341713248
0,3473,1784881208.664430857,1367,13.670000134,7.470543375,-0.603567942,1.200000000,0.341969494
0,3473,1784881208.664430857,1368,13.680000134,7.475872556,-0.600664899,1.200000000,0.342214696
0,3473,1784881208.664430857,1369,13.690000134,7.481189602,-0.597764275,1.200000000,0.342448977
0,3473,1784881208.664430857,1370,13.700000134,7.486494488,-0.594866163,1.200000000,0.342672459
0,3473,1784881208.664430857,1371,13.710000134,7.491787185,-0.591970656,1.200000000,0.342885266
0,3473,1784881208.664430857,1372,13.720000134,7.497067672,-0.589077845,1.200000000,0.343087521
0,3473,1784881208.664430857,1373,13.730000134,7.502335924,-0.586187819,1.200000000,0.343279348
0,3473,1784881208.664430857,1374,13.740000134,7.507591920,-0.583300668,1.200000000,0.343460868
0,3473,1784881208.664430857,1375,13.750000134,7.512835641,-0.580416480,1.200000000,0.343632206
0,3473,1784881208.664430857,1376,13.760000134,7.518067069,-0.577535340,1.200000000,0.343793485
0,3473,1784881208.664430857,1377,13.770000134,7.523286187,-0.574657334,1.200000000,0.343944827
0,3473,1784881208.664430857,1378,13.780000134,7.528492979,-0.571782546,1.200000000,0.344086355
0,3473,1784881208.664430857,1379,13.790000134,7.533687434,-0.568911059,1.200000000,0.344218193
0,3473,1784881208.664430857,1380,13.800000134,7.538869537,-0.566042956,1.200000000,0.344340464
0,3473,1784881208.664430857,1381,13.810000134,7.544039279,-0.563178317,1.200000000,0.344453291
0,3473,1784881208.664430857,1382,13.820000134,7.549196650,-0.560317221,1.200000000,0.344556796
0,3473,1784881208.664430857,1383,13.830000134,7.554341643,-0.557459748,1.200000000,0.344651104
0,3473,1784881208.664430857,1384,13.840000134,7.559474250,-0.554605974,1.200000000,0.344736337
0,3473,1784881208.664430857,1385,13.850000134,7.564594468,-0.551755976,1.200000000,0.344812618
0,3473,1784881208.664430857,1386,13.860000134,7.569702292,-0.548909830,1.200000000,0.344880071
0,3473,1784881208.664430857,1387,13.870000134,7.574797720,-0.546067608,1.200000000,0.344938817
0,3473,1784881208.664430857,1388,13.880000134,7.579880752,-0.543229385,1.200000000,0.344988982
0,3473,1784881208.664430857,1389,13.890000134,7.584951386,-0.540395233,1.200000000,0.345030687
0,3473,1784881208.664430857,1390,13.900000134,7.590009626,-0.537565222,1.200000000,0.345064056
0,3473,1784881208.664430857,1391,13.910000134,7.595055473,-0.534739421,1.200000000,0.345089211
0,3473,1784881208.664430857,1392,13.920000134,7.600088932,-0.531917901,1.200000000,0.345106277
0,3473,1784881208.664430857,1393,13.930000134,7.605110007,-0.529100728,1.200000000,0.345115375
0,3473,1784881208.664430857,1394,13.940000134,7.610118707,-0.526287969,1.200000000,0.345116629
0,3473,1784881208.664430857,1395,13.950000134,7.615115037,-0.523479691,1.200000000,0.345110163
0,3473,1784881208.664430857,1396,13.960000134,7.620099006,-0.520675957,1.200000000,0.345096099
0,3473,1784881208.664430857,1397,13.970000134,7.625070625,-0.517876832,1.200000000,0.345074560
0,3473,1784881208.664430857,1398,13.980000134,7.630029904,-0.515082377,1.200000000,0.345045670
0,3473,1784881208.664430857,1399,13.990000134,7.634976854,-0.512292656,1.200000000,0.345009551
0,3473,1784881208.664430857,1400,14.000000134,7.639911489,-0.509507728,1.200000000,0.344966327
0,3473,1784881208.664430857,1401,14.010000134,7.644833822,-0.506727655,1.200000000,0.344916121
0,3473,1784881208.664430857,1402,14.020000134,7.649743868,-0.503952493,1.200000000,0.344859055
0,3473,1784881208.664430857,1403,14.030000134,7.654641642,-0.501182303,1.200000000,0.344795253
0,3473,1784881208.664430857,1404,14.040000134,7.659527160,-0.498417140,1.200000000,0.344724839
0,3473,1784881208.664430857,1405,14.050000134,7.664400440,-0.495657061,1.200000000,0.344647934
0,3473,1784881208.664430857,1406,14.060000134,7.669261499,-0.492902122,1.200000000,0.344564663
0,3473,1784881208.664430857,1407,14.070000134,7.674110356,-0.490152377,1.200000000,0.344475148
0,3473,1784881208.664430857,1408,14.080000134,7.678947029,-0.487407880,1.200000000,0.344379512
0,3473,1784881208.664430857,1409,14.090000134,7.683771540,-0.484668684,1.200000000,0.344277879
0,3473,1784881208.664430857,1410,14.100000134,7.688583907,-0.481934841,1.200000000,0.344170371
0,3473,1784881208.664430857,1411,14.110000134,7.693384153,-0.479206403,1.200000000,0.344057112
0,3473,1784881208.664430857,1412,14.120000134,7.698172297,-0.476483420,1.200000000,0.343938225
0,3473,1784881208.664430857,1413,14.130000134,7.702948363,-0.473765943,1.200000000,0.343813832
0,3473,1784881208.664430857,1414,14.140000134,7.707712372,-0.471054020,1.200000000,0.343684058
0,3473,1784881208.664430857,1415,14.150000134,7.712464347,-0.468347701,1.200000000,0.343549024
0,3473,1784881208.664430857,1416,14.160000134,7.717204311,-0.465647033,1.200000000,0.343408855
0,3473,1784881208.664430857,1417,14.170000134,7.721932286,-0.462952064,1.200000000,0.343263673
0,3473,1784881208.664430857,1418,14.180000134,7.726648296,-0.460262841,1.200000000,0.343113601
0,3473,1784881208.664430857,1419,14.190000134,7.731352364,-0.457579409,1.200000000,0.342958763
0,3473,1784881208.664430857,1420,14.200000134,7.736044513,-0.454901814,1.200000000,0.342799281
0,3473,1784881208.664430857,1421,14.210000134,7.740724767,-0.452230102,1.200000000,0.342635279
0,3473,1784881208.664430857,1422,14.220000134,7.745393149,-0.449564317,1.200000000,0.342466879
0,3473,1784881208.664430857,1423,14.230000134,7.750049683,-0.446904504,1.200000000,0.342294205
0,3473,1784881208.664430857,1424,14.240000134,7.754694390,-0.444250706,1.200000000,0.342117380
0,3473,1784881208.664430857,1425,14.250000134,7.759327295,-0.441602966,1.200000000,0.341936527
0,3473,1784881208.664430857,1426,14.260000134,7.763948419,-0.438961328,1.200000000,0.341751769
0,3473,1784881208.664430857,1427,14.270000134,7.768557785,-0.436325833,1.200000000,0.341563229
0,3473,1784881208.664430857,1428,14.280000134,7.773155414,-0.433696525,1.200000000,0.341371031
0,3473,1784881208.664430857,1429,14.290000134,7.777741327,-0.431073446,1.200000000,0.341175297
0,3473,1784881208.664430857,1430,14.300000134,7.782315546,-0.428456636,1.200000000,0.340976150
0,3473,1784881208.664430857,1431,14.310000134,7.786878089,-0.425846138,1.200000000,0.340773713
0,3473,1784881208.664430857,1432,14.320000134,7.791428976,-0.423241993,1.200000000,0.340568111
0,3473,1784881208.664430857,1433,14.330000134,7.795968226,-0.420644243,1.200000000,0.340359465
0,3473,1784881208.664430857,1434,14.340000134,7.800495855,-0.418052927,1.200000000,0.340147898
0,3473,1784881208.664430857,1435,14.350000134,7.805011882,-0.415468088,1.200000000,0.339933535
0,3473,1784881208.664430857,1436,14.360000134,7.809516320,-0.412889766,1.200000000,0.339716498
0,3473,1784881208.664430857,1437,14.370000134,7.814009185,-0.410318002,1.200000000,0.339496910
0,3473,1784881208.664430857,1438,14.380000134,7.818490490,-0.407752837,1.200000000,0.339274894
0,3473,1784881208.664430857,1439,14.390000134,7.822960248,-0.405194313,1.200000000,0.339050573
0,3473,1784881208.664430857,1440,14.400000134,7.827418468,-0.402642470,1.200000000,0.338824070
0,3473,1784881208.664430857,1441,14.410000134,7.831865160,-0.400097349,1.200000000,0.338595509
0,3473,1784881208.664430857,1442,14.420000134,7.836300332,-0.397558993,1.200000000,0.338365013
0,3473,1784881208.664430857,1443,14.430000134,7.840723990,-0.395027443,1.200000000,0.338132704
0,3473,1784881208.664430857,1444,14.440000134,7.845136138,-0.392502740,1.200000000,0.337898706
0,3473,1784881208.664430857,1445,14.450000134,7.849536780,-0.389984927,1.200000000,0.337663142
0,3473,1784881208.664430857,1446,14.460000134,7.853925916,-0.387474048,1.200000000,0.337426134
0,3473,1784881208.664430857,1447,14.470000134,7.858303546,-0.384970144,1.200000000,0.337187807
0,3473,1784881208.664430857,1448,14.480000134,7.862669665,-0.382473259,1.200000000,0.336948283
0,3473,1784881208.664430857,1449,14.490000134,7.867024269,-0.379983438,1.200000000,0.336707685
0,3473,1784881208.664430857,1450,14.500000134,7.871367351,-0.377500725,1.200000000,0.336466136
0,3473,1784881208.664430857,1451,14.510000134,7.875698899,-0.375025165,1.200000000,0.336223759
0,3473,1784881208.664430857,1452,14.520000134,7.880018903,-0.372556804,1.200000000,0.335980679
0,3473,1784881208.664430857,1453,14.530000134,7.884327348,-0.370095688,1.200000000,0.335737016
0,3473,1784881208.664430857,1454,14.540000134,7.888624215,-0.367641865,1.200000000,0.335492896
0,3473,1784881208.664430857,1455,14.550000134,7.892909484,-0.365195382,1.200000000,0.335248440
0,3473,1784881208.664430857,1456,14.560000134,7.897183134,-0.362756288,1.200000000,0.335003771
0,3473,1784881208.664430857,1457,14.570000134,7.901445137,-0.360324633,1.200000000,0.334759014
0,3473,1784881208.664430857,1458,14.580000134,7.905695464,-0.357900468,1.200000000,0.334514291
0,3473,1784881208.664430857,1459,14.590000134,7.909934084,-0.355483844,1.200000000,0.334269725
0,3473,1784881208.664430857,1460,14.600000134,7.914160960,-0.353074813,1.200000000,0.334025439
0,3473,1784881208.664430857,1461,14.610000134,7.918376055,-0.350673430,1.200000000,0.333781557
0,3473,1784881208.664430857,1462,14.620000134,7.922579324,-0.348279750,1.200000000,0.333538201
0,3473,1784881208.664430857,1463,14.630000134,7.926770723,-0.345893828,1.200000000,0.333295494
0,3473,1784881208.664430857,1464,14.640000134,7.930950201,-0.343515723,1.200000000,0.333053560
0,3473,1784881208.664430857,1465,14.650000134,7.935117705,-0.341145492,1.200000000,0.332812522
0,3473,1784881208.664430857,1466,14.660000134,7.939273177,-0.338783196,1.200000000,0.332572502
0,3473,1784881208.664430857,1467,14.670000134,7.943416555,-0.336428897,1.200000000,0.332333625
0,3473,1784881208.664430857,1468,14.680000134,7.947547774,-0.334082657,1.200000000,0.332096012
0,3473,1784881208.664430857,1469,14.690000134,7.951666762,-0.331744541,1.200000000,0.331859787
0,3473,1784881208.664430857,1470,14.700000134,7.955773445,-0.329414616,1.200000000,0.331625074
0,3473,1784881208.664430857,1471,14.710000134,7.959867744,-0.327092949,1.200000000,0.331391995
0,3473,1784881208.664430857,1472,14.720000134,7.963949573,-0.324779611,1.200000000,0.331160673
0,3473,1784881208.664430857,1473,14.730000134,7.968018845,-0.322474672,1.200000000,0.330931231
0,3473,1784881208.664430857,1474,14.740000134,7.972075465,-0.320178207,1.200000000,0.330703793
0,3473,1784881208.664430857,1475,14.750000134,7.976119333,-0.317890290,1.200000000,0.330478482
0,3473,1784881208.664430857,1476,14.760000134,7.980150345,-0.315611000,1.200000000,0.330255420
0,3473,1784881208.664430857,1477,14.770000134,7.984168391,-0.313340415,1.200000000,0.330034731
0,3473,1784881208.664430857,1478,14.780000134,7.988173356,-0.311078617,1.200000000,0.329816538
0,3473,1784881208.664430857,1479,14.790000134,7.992165118,-0.308825691,1.200000000,0.329600965
0,3473,1784881208.664430857,1480,14.800000134,7.996143550,-0.306581723,1.200000000,0.329388133
0,3473,1784881208.664430857,1481,14.810000134,8.000108519,-0.304346800,1.200000000,0.329178166
0,3473,1784881208.664430857,1482,14.820000134,8.004059885,-0.302121015,1.200000000,0.328971187
0,3473,1784881208.664430857,1483,14.830000134,8.007997504,-0.299904461,1.200000000,0.328767320
0,3473,1784881208.664430857,1484,14.840000134,8.011921222,-0.297697233,1.200000000,0.328566688
0,3473,1784881208.664430857,1485,14.850000134,8.015830882,-0.295499432,1.200000000,0.328369413
0,3473,1784881208.664430857,1486,14.860000134,8.019726318,-0.293311158,1.200000000,0.328175618
0,3473,1784881208.664430857,1487,14.870000134,8.023607358,-0.291132515,1.200000000,0.327985427
0,3473,1784881208.664430857,1488,14.880000134,8.027473822,-0.288963612,1.200000000,0.327798963
0,3473,1784881208.664430857,1489,14.890000134,8.031325524,-0.286804559,1.200000000,0.327616349
0,3473,1784881208.664430857,1490,14.900000134,8.035162270,-0.284655468,1.200000000,0.327437708
0,3473,1784881208.664430857,1491,14.910000134,8.038983859,-0.282516457,1.200000000,0.327263164
0,3473,1784881208.664430857,1492,14.920000134,8.042790081,-0.280387645,1.200000000,0.327092838
0,3473,1784881208.664430857,1493,14.930000134,8.046580718,-0.278269155,1.200000000,0.326926854
0,3473,1784881208.664430857,1494,14.940000134,8.050355547,-0.276161114,1.200000000,0.326765336
0,3473,1784881208.664430857,1495,14.950000134,8.054114333,-0.274063652,1.200000000,0.326608407
0,3473,1784881208.664430857,1496,14.960000134,8.057856835,-0.271976901,1.200000000,0.326456189
0,3473,1784881208.664430857,1497,14.970000134,8.061582803,-0.269901000,1.200000000,0.326308595
0,3473,1784881208.664430857,1498,14.980000134,8.065291977,-0.267836088,1.200000000,0.326163906
0,3473,1784881208.664430857,1499,14.990000134,8.068984089,-0.265782312,1.200000000,0.326019637
0,3473,1784881208.664430857,1500,15.000000134,8.072658863,-0.263739819,1.200000000,0.325873298
0,3473,1784881208.664430857,1501,15.010000134,8.076316011,-0.261708761,1.200000000,0.325722399
0,3473,1784881208.664430857,1502,15.020000134,8.079955239,-0.259689297,1.200000000,0.325564452
0,3473,1784881208.664430857,1503,15.030000134,8.083576240,-0.257681586,1.200000000,0.325396967
0,3473,1784881208.664430857,1504,15.040000134,8.087178699,-0.255685793,1.200000000,0.325217455
0,3473,1784881208.664430857,1505,15.050000134,8.090762292,-0.253702089,1.200000000,0.325023426
0,3473,1784881208.664430857,1506,15.060000134,8.094326682,-0.251730646,1.200000000,0.324812392
0,3473,1784881208.664430857,1507,15.070000134,8.097871524,-0.249771644,1.200000000,0.324581862
0,3473,1784881208.664430857,1508,15.080000134,8.101396463,-0.247825265,1.200000000,0.324329347
0,3473,1784881208.664430857,1509,15.090000134,8.104901131,-0.245891697,1.200000000,0.324052358
0,3473,1784881208.664430857,1510,15.100000134,8.108385153,-0.243971131,1.200000000,0.323748406
0,3473,1784881208.664430857,1511,15.110000134,8.111848139,-0.242063766,1.200000000,0.323415002
0,3473,1784881208.664430857,1512,15.120000134,8.115289691,-0.240169802,1.200000000,0.323049655
0,3473,1784881208.664430857,1513,15.130000134,8.118709400,-0.238289446,1.200000000,0.322649877
0,3473,1784881208.664430857,1514,15.140000134,8.122106846,-0.236422909,1.200000000,0.322213178
0,3473,1784881208.664430857,1515,15.150000134,8.125481597,-0.234570407,1.200000000,0.321737069
0,3473,1784881208.664430857,1516,15.160000134,8.128833211,-0.232732161,1.200000000,0.321219061
0,3473,1784881208.664430857,1517,15.170000134,8.132161235,-0.230908398,1.200000000,0.320656664
0,3473,1784881208.664430857,1518,15.180000134,8.135465205,-0.229099346,1.200000000,0.320047389
0,3473,1784881208.664430857,1519,15.190000134,8.138744647,-0.227305242,1.200000000,0.319388746
0,3473,1784881208.664430857,1520,15.200000134,8.141999075,-0.225526324,1.200000000,0.318678247
0,3473,1784881208.664430857,1521,15.210000134,8.145227993,-0.223762839,1.200000000,0.317913401
0,3473,1784881208.664430857,1522,15.220000134,8.148430895,-0.222015035,1.200000000,0.317091720
0,3473,1784881208.664430857,1523,15.230000134,8.151607265,-0.220283164,1.200000000,0.316210714
0,3473,1784881208.664430857,1524,15.240000134,8.154756576,-0.218567486,1.200000000,0.315267894
0,3473,1784881208.664430857,1525,15.250000134,8.157878291,-0.216868262,1.200000000,0.314260771
0,3473,1784881208.664430857,1526,15.260000134,8.160971867,-0.215185759,1.200000000,0.313186854
0,3473,1784881208.664430857,1527,15.270000134,8.164036746,-0.213520245,1.200000000,0.312043655
0,3473,1784881208.664430857,1528,15.280000134,8.167072368,-0.211871996,1.200000000,0.310828685
0,3473,1784881208.664430857,1529,15.290000134,8.170078158,-0.210241288,1.200000000,0.309539454
0,3473,1784881208.664430857,1530,15.300000134,8.173053539,-0.208628401,1.200000000,0.308173472
0,3473,1784881208.664430857,1531,15.310000134,8.175997924,-0.207033620,1.200000000,0.306728251
0,3473,1784881208.664430857,1532,15.320000134,8.178910718,-0.205457230,1.200000000,0.305201301
0,3473,1784881208.664430857,1533,15.330000134,8.181791321,-0.203899521,1.200000000,0.303590132
0,3473,1784881208.664430857,1534,15.340000134,8.184639128,-0.202360782,1.200000000,0.301892256
0,3473,1784881208.664430857,1535,15.350000134,8.187453529,-0.200841308,1.200000000,0.300105183
0,3473,1784881208.664430857,1536,15.360000134,8.190233908,-0.199341392,1.200000000,0.298226423
0,3473,1784881208.664430857,1537,15.370000134,8.192979648,-0.197861329,1.200000000,0.296253488
0,3473,1784881208.664430857,1538,15.380000134,8.195690128,-0.196401415,1.200000000,0.294183888
0,3473,1784881208.664430857,1539,15.390000134,8.198364724,-0.194961947,1.200000000,0.292015133
0,3473,1784881208.664430857,1540,15.400000134,8.201002815,-0.193543220,1.200000000,0.289744735
0,3473,1784881208.664430857,1541,15.410000134,8.203603776,-0.192145530,1.200000000,0.287370203
0,3473,1784881208.664430857,1542,15.420000134,8.206166986,-0.190769169,1.200000000,0.284889049
0,3473,1784881208.664430857,1543,15.430000134,8.208691825,-0.189414431,1.200000000,0.282298783
0,3473,1784881208.664430857,1544,15.440000134,8.211177678,-0.188081604,1.200000000,0.279596916
0,3473,1784881208.664430857,1545,15.450000134,8.213623934,-0.186770976,1.200000000,0.276780959
0,3473,1784881208.664430857,1546,15.460000134,8.216029987,-0.185482828,1.200000000,0.273848421
0,3473,1784881208.664430857,1547,15.470000134,8.218395239,-0.184217439,1.200000000,0.270796815
0,3473,1784881208.664430857,1548,15.480000134,8.220719103,-0.182975083,1.200000000,0.267623650
0,3473,1784881208.664430857,1549,15.490000134,8.223001000,-0.181756027,1.200000000,0.264326437
0,3473,1784881208.664430857,1550,15.500000134,8.225240364,-0.180560531,1.200000000,0.260902690
0,3473,1784881208.664430857,1551,15.510000134,8.227436641,-0.179388850,1.200000000,0.257351826
0,3473,1784881208.664430857,1552,15.520000134,8.229589295,-0.178241227,1.200000000,0.253678232
0,3473,1784881208.664430857,1553,15.530000134,8.231697805,-0.177117898,1.200000000,0.249887101
0,3473,1784881208.664430857,1554,15.540000134,8.233761670,-0.176019090,1.200000000,0.245983625
0,3473,1784881208.664430857,1555,15.550000134,8.235780409,-0.174945017,1.200000000,0.241972995
0,3473,1784881208.664430857,1556,15.560000134,8.237753564,-0.173895881,1.200000000,0.237860405
0,3473,1784881208.664430857,1557,15.570000134,8.239680703,-0.172871871,1.200000000,0.233651046
0,3473,1784881208.664430857,1558,15.580000134,8.241561420,-0.171873163,1.200000000,0.229350110
0,3473,1784881208.664430857,1559,15.590000134,8.243395335,-0.170899918,1.200000000,0.224962789
0,3473,1784881208.664430857,1560,15.600000134,8.245182104,-0.169952279,1.200000000,0.220494276
0,3473,1784881208.664430857,1561,15.610000134,8.246921412,-0.169030374,1.200000000,0.215949762
0,3473,1784881208.664430857,1562,15.620000134,8.248612980,-0.168134311,1.200000000,0.211334440
0,3473,1784881208.664430857,1563,15.630000134,8.250256566,-0.167264182,1.200000000,0.206653501
0,3473,1784881208.664430857,1564,15.640000134,8.251851966,-0.166420054,1.200000000,0.201912138
0,3473,1784881208.664430857,1565,15.650000134,8.253399018,-0.165601979,1.200000000,0.197115543
0,3473,1784881208.664430857,1566,15.660000134,8.254897602,-0.164809981,1.200000000,0.192268908
0,3473,1784881208.664430857,1567,15.670000134,8.256347643,-0.164044066,1.200000000,0.187377425
0,3473,1784881208.664430857,1568,15.680000134,8.257749110,-0.163304214,1.200000000,0.182446286
0,3473,1784881208.664430857,1569,15.690000134,8.259102023,-0.162590381,1.200000000,0.177480683
0,3473,1784881208.664430857,1570,15.700000134,8.260406450,-0.161902496,1.200000000,0.172485809
0,3473,1784881208.664430857,1571,15.710000134,8.261662509,-0.161240464,1.200000000,0.167466855
0,3473,1784881208.664430857,1572,15.720000134,8.262870372,-0.160604163,1.200000000,0.162429013
0,3473,1784881208.664430857,1573,15.730000134,8.264030264,-0.159993442,1.200000000,0.157377476
0,3473,1784881208.664430857,1574,15.740000134,8.265142466,-0.159408123,1.200000000,0.152317436
0,3473,1784881208.664430857,1575,15.750000134,8.266207313,-0.158848001,1.200000000,0.147254084
0,3473,1784881208.664430857,1576,15.760000134,8.267225199,-0.158312839,1.200000000,0.142192614
0,3473,1784881208.664430857,1577,15.770000134,8.268196573,-0.157802373,1.200000000,0.137138216
0,3473,1784881208.664430857,1578,15.780000134,8.269121945,-0.157316308,1.200000000,0.132096084
0,3473,1784881208.664430857,1579,15.790000134,8.270001881,-0.156854320,1.200000000,0.127071408
0,3473,1784881208.664430857,1580,15.800000134,8.270837008,-0.156416056,1.200000000,0.122069382
0,3473,1784881208.664430857,1581,15.810000134,8.271628012,-0.156001131,1.200000000,0.117095197
0,3473,1784881208.664430857,1582,15.820000134,8.272375636,-0.155609131,1.200000000,0.112154046
0,3473,1784881208.664430857,1583,15.830000134,8.273080683,-0.155239614,1.200000000,0.107251120
0,3473,1784881208.664430857,1584,15.840000134,8.273744013,-0.154892106,1.200000000,0.102391612
0,3473,1784881208.664430857,1585,15.850000134,8.274366546,-0.154566107,1.200000000,0.097580713
0,3473,1784881208.664430857,1586,15.860000134,8.274949254,-0.154261086,1.200000000,0.092823617
0,3473,1784881208.664430857,1587,15.870000134,8.275493167,-0.153976485,1.200000000,0.088125514
0,3473,1784881208.664430857,1588,15.880000134,8.275999368,-0.153711721,1.200000000,0.083491597
0,3473,1784881208.664430857,1589,15.890000134,8.276468993,-0.153466182,1.200000000,0.078927058
0,3473,1784881208.664430857,1590,15.900000134,8.276903224,-0.153239234,1.200000000,0.074437090
0,3473,1784881208.664430857,1591,15.910000134,8.277303296,-0.153030217,1.200000000,0.070026883
0,3473,1784881208.664430857,1592,15.920000134,8.277670484,-0.152838450,1.200000000,0.065701631
0,3473,1784881208.664430857,1593,15.930000134,8.278006110,-0.152663229,1.200000000,0.061466526
0,3473,1784881208.664430857,1594,15.940000134,8.278311530,-0.152503834,1.200000000,0.057326759
0,3473,1784881208.664430857,1595,15.950000134,8.278588140,-0.152359524,1.200000000,0.053287523
0,3473,1784881208.664430857,1596,15.960000134,8.278837365,-0.152229546,1.200000000,0.049354009
0,3473,1784881208.664430857,1597,15.970000134,8.279060659,-0.152113130,1.200000000,0.045531410
0,3473,1784881208.664430857,1598,15.980000134,8.279259498,-0.152009497,1.200000000,0.041824918
0,3473,1784881208.664430857,1599,15.990000134,8.279435379,-0.151917860,1.200000000,0.038239726
0,3473,1784881208.664430857,1600,16.000000134,8.279589809,-0.151837424,1.200000000,0.034781024
0,3473,1784881208.664430857,1601,16.010000134,8.279724304,-0.151767393,1.200000000,0.031454005
0,3473,1784881208.664430857,1602,16.020000134,8.279840383,-0.151706970,1.200000000,0.028263862
0,3473,1784881208.664430857,1603,16.030000134,8.279939559,-0.151655360,1.200000000,0.025215786
0,3473,1784881208.664430857,1604,16.040000134,8.280023334,-0.151611778,1.200000000,0.022314970
0,3473,1784881208.664430857,1605,16.050000134,8.280093193,-0.151575446,1.200000000,0.019566605
0,3473,1784881208.664430857,1606,16.060000134,8.280150593,-0.151545602,1.200000000,0.016975884
0,3473,1784881208.664430857,1607,16.070000134,8.280196960,-0.151521501,1.200000000,0.014547999
0,3473,1784881208.664430857,1608,16.080000134,8.280233674,-0.151502423,1.200000000,0.012288142
0,3473,1784881208.664430857,1609,16.090000134,8.280262068,-0.151487672,1.200000000,0.010201504
0,3473,1784881208.664430857,1610,16.100000134,8.280283414,-0.151476586,1.200000000,0.008293279
0,3473,1784881208.664430857,1611,16.110000134,8.280298912,-0.151468539,1.200000000,0.006568657
0,3473,1784881208.664430857,1612,16.120000134,8.280309684,-0.151462947,1.200000000,0.005032832
0,3473,1784881208.664430857,1613,16.130000134,8.280316761,-0.151459274,1.200000000,0.003690995
0,3473,1784881208.664430857,1614,16.140000134,8.280321072,-0.151457037,1.200000000,0.002548339
0,3473,1784881208.664430857,1615,16.150000134,8.280323432,-0.151455813,1.200000000,0.001610055
0,3473,1784881208.664430857,1616,16.160000134,8.280324530,-0.151455244,1.200000000,0.000881336
0,3473,1784881208.664430857,1617,16.170000134,8.280324918,-0.151455042,1.200000000,0.000367373
0,3473,1784881208.664430857,1618,16.180000134,8.280324997,-0.151455002,1.200000000,0.000073359
0,3473,1784881208.664430857,1619,16.188023445,8.280325000,-0.151455000,1.200000000,-0.000000000
