stamp,elapsed,x,y,z,yaw
1784881063.644508600,0.000000168,-0.261959000,-0.006230000,1.200000000,-0.039639000
1784881063.654508591,0.010000168,-0.261958994,-0.006229999,1.200000000,-0.039641960
1784881063.664508581,0.020000168,-0.261958913,-0.006229988,1.200000000,-0.039650716
1784881063.674508572,0.030000168,-0.261958565,-0.006229942,1.200000000,-0.039665082
1784881063.684508562,0.040000168,-0.261957642,-0.006229818,1.200000000,-0.039684870
1784881063.694508553,0.050000168,-0.261955725,-0.006229561,1.200000000,-0.039709893
1784881063.704508543,0.060000168,-0.261952294,-0.006229101,1.200000000,-0.039739966
1784881063.714508533,0.070000168,-0.261946732,-0.006228354,1.200000000,-0.039774901
1784881063.724508524,0.080000168,-0.261938334,-0.006227227,1.200000000,-0.039814512
1784881063.734508514,0.090000168,-0.261926314,-0.006225613,1.200000000,-0.039858611
1784881063.744508505,0.100000168,-0.261909810,-0.006223397,1.200000000,-0.039907013
1784881063.754508495,0.110000168,-0.261887893,-0.006220453,1.200000000,-0.039959530
1784881063.764508486,0.120000168,-0.261859569,-0.006216647,1.200000000,-0.040015976
1784881063.774508476,0.130000168,-0.261823788,-0.006211837,1.200000000,-0.040076164
1784881063.784508467,0.140000168,-0.261779450,-0.006205876,1.200000000,-0.040139908
1784881063.794508457,0.150000168,-0.261725409,-0.006198608,1.200000000,-0.040207020
1784881063.804508448,0.160000168,-0.261660478,-0.006189872,1.200000000,-0.040277314
1784881063.814508438,0.170000168,-0.261583434,-0.006179504,1.200000000,-0.040350603
1784881063.824508429,0.180000168,-0.261493025,-0.006167334,1.200000000,-0.040426701
1784881063.834508419,0.190000168,-0.261387974,-0.006153187,1.200000000,-0.040505420
1784881063.844508648,0.200000168,-0.261266979,-0.006136889,1.200000000,-0.040586575
1784881063.854508638,0.210000168,-0.261128726,-0.006118260,1.200000000,-0.040669978
1784881063.864508629,0.220000168,-0.260971883,-0.006097119,1.200000000,-0.040755442
1784881063.874508619,0.230000168,-0.260795113,-0.006073284,1.200000000,-0.040842781
1784881063.884508610,0.240000168,-0.260597072,-0.006046572,1.200000000,-0.040931809
1784881063.894508600,0.250000168,-0.260376413,-0.006016800,1.200000000,-0.041022338
1784881063.904508591,0.260000168,-0.260131793,-0.005983783,1.200000000,-0.041114182
1784881063.914508581,0.270000168,-0.259861872,-0.005947339,1.200000000,-0.041207153
1784881063.924508572,0.280000168,-0.259565320,-0.005907285,1.200000000,-0.041301066
1784881063.934508562,0.290000168,-0.259240816,-0.005863440,1.200000000,-0.041395734
1784881063.944508553,0.300000168,-0.258887053,-0.005815625,1.200000000,-0.041490970
1784881063.954508543,0.310000168,-0.258502740,-0.005763662,1.200000000,-0.041586587
1784881063.964508533,0.320000168,-0.258086605,-0.005707375,1.200000000,-0.041682398
1784881063.974508524,0.330000168,-0.257637396,-0.005646593,1.200000000,-0.041778217
1784881063.984508514,0.340000168,-0.257153885,-0.005581146,1.200000000,-0.041873857
1784881063.994508505,0.350000168,-0.256634869,-0.005510865,1.200000000,-0.041969131
1784881064.004508495,0.360000168,-0.256079170,-0.005435589,1.200000000,-0.042063853
1784881064.014508486,0.370000168,-0.255485640,-0.005355158,1.200000000,-0.042157836
1784881064.024508476,0.380000168,-0.254853161,-0.005269415,1.200000000,-0.042250893
1784881064.034508467,0.390000168,-0.254180646,-0.005178208,1.200000000,-0.042342838
1784881064.044508457,0.400000168,-0.253467042,-0.005081391,1.200000000,-0.042433483
1784881064.054508448,0.410000168,-0.252711327,-0.004978820,1.200000000,-0.042522642
1784881064.064508438,0.420000168,-0.251912519,-0.004870356,1.200000000,-0.042610129
1784881064.074508429,0.430000168,-0.251069668,-0.004755864,1.200000000,-0.042695756
1784881064.084508419,0.440000168,-0.250181863,-0.004635217,1.200000000,-0.042779337
1784881064.094508648,0.450000168,-0.249248229,-0.004508289,1.200000000,-0.042860685
1784881064.104508638,0.460000168,-0.248267931,-0.004374961,1.200000000,-0.042939614
1784881064.114508629,0.470000168,-0.247240174,-0.004235119,1.200000000,-0.043015936
1784881064.124508619,0.480000168,-0.246164199,-0.004088653,1.200000000,-0.043089465
1784881064.134508610,0.490000168,-0.245039289,-0.003935460,1.200000000,-0.043160015
1784881064.144508600,0.500000168,-0.243864766,-0.003775440,1.200000000,-0.043227398
1784881064.154508591,0.510000168,-0.242639994,-0.003608501,1.200000000,-0.043291428
1784881064.164508581,0.520000168,-0.241364375,-0.003434554,1.200000000,-0.043351919
1784881064.174508572,0.530000168,-0.240037353,-0.003253517,1.200000000,-0.043408682
1784881064.184508562,0.540000168,-0.238658410,-0.003065311,1.200000000,-0.043461533
1784881064.194508553,0.550000168,-0.237227069,-0.002869864,1.200000000,-0.043510283
1784881064.204508543,0.560000168,-0.235742895,-0.002667110,1.200000000,-0.043554747
1784881064.214508533,0.570000168,-0.234205489,-0.002456986,1.200000000,-0.043594737
1784881064.224508524,0.580000168,-0.232614493,-0.002239436,1.200000000,-0.043630068
1784881064.234508514,0.590000168,-0.230969588,-0.002014408,1.200000000,-0.043660551
1784881064.244508505,0.600000168,-0.229270492,-0.001781857,1.200000000,-0.043686001
1784881064.254508495,0.610000168,-0.227516962,-0.001541739,1.200000000,-0.043706230
1784881064.264508486,0.620000168,-0.225708791,-0.001294020,1.200000000,-0.043721052
1784881064.274508476,0.630000168,-0.223845810,-0.001038668,1.200000000,-0.043730281
1784881064.284508467,0.640000168,-0.221927884,-0.000775655,1.200000000,-0.043733730
1784881064.294508457,0.650000168,-0.219954914,-0.000504961,1.200000000,-0.043731211
1784881064.304508448,0.660000168,-0.217926836,-0.000226567,1.200000000,-0.043722538
1784881064.314508438,0.670000168,-0.215843618,0.000059540,1.200000000,-0.043707525
1784881064.324508429,0.680000168,-0.213705263,0.000353367,1.200000000,-0.043685984
1784881064.334508419,0.690000168,-0.211511804,0.000654919,1.200000000,-0.043657730
1784881064.344508648,0.700000168,-0.209263306,0.000964196,1.200000000,-0.043622574
1784881064.354508638,0.710000168,-0.206959862,0.001281193,1.200000000,-0.043580332
1784881064.364508629,0.720000168,-0.204601598,0.001605902,1.200000000,-0.043530815
1784881064.374508619,0.730000168,-0.202188666,0.001938312,1.200000000,-0.043473837
1784881064.384508610,0.740000168,-0.199721244,0.002278406,1.200000000,-0.043409211
1784881064.394508600,0.750000168,-0.197199540,0.002626165,1.200000000,-0.043336752
1784881064.404508591,0.760000168,-0.194623784,0.002981565,1.200000000,-0.043256271
1784881064.414508581,0.770000168,-0.191994233,0.003344582,1.200000000,-0.043167583
1784881064.424508572,0.780000168,-0.189311166,0.003715184,1.200000000,-0.043070500
1784881064.434508562,0.790000168,-0.186574885,0.004093338,1.200000000,-0.042964836
1784881064.444508553,0.800000168,-0.183785713,0.004479010,1.200000000,-0.042850409
1784881064.454508543,0.810000168,-0.180943996,0.004872161,1.200000000,-0.042727172
1784881064.464508533,0.820000168,-0.178050096,0.005272748,1.200000000,-0.042595225
1784881064.474508524,0.830000168,-0.175104398,0.005680727,1.200000000,-0.042454674
1784881064.484508514,0.840000168,-0.172107303,0.006096051,1.200000000,-0.042305626
1784881064.494508505,0.850000168,-0.169059229,0.006518672,1.200000000,-0.042148188
1784881064.504508495,0.860000168,-0.165960609,0.006948537,1.200000000,-0.041982467
1784881064.514508486,0.870000168,-0.162811896,0.007385593,1.200000000,-0.041808569
1784881064.524508476,0.880000168,-0.159613553,0.007829782,1.200000000,-0.041626602
1784881064.534508467,0.890000168,-0.156366058,0.008281048,1.200000000,-0.041436671
1784881064.544508457,0.900000168,-0.153069905,0.008739329,1.200000000,-0.041238884
1784881064.554508448,0.910000168,-0.149725597,0.009204565,1.200000000,-0.041033348
1784881064.564508438,0.920000168,-0.146333649,0.009676690,1.200000000,-0.040820169
1784881064.574508429,0.930000168,-0.142894588,0.010155640,1.200000000,-0.040599454
1784881064.584508419,0.940000168,-0.139408951,0.010641347,1.200000000,-0.040371310
1784881064.594508648,0.950000168,-0.135877284,0.011133743,1.200000000,-0.040135844
1784881064.604508638,0.960000168,-0.132300141,0.011632759,1.200000000,-0.039893162
1784881064.614508629,0.970000168,-0.128678087,0.012138322,1.200000000,-0.039643371
1784881064.624508619,0.980000168,-0.125011690,0.012650361,1.200000000,-0.039386578
1784881064.634508610,0.990000168,-0.121301528,0.013168801,1.200000000,-0.039122890
1784881064.644508600,1.000000168,-0.117548185,0.013693569,1.200000000,-0.038852413
1784881064.654508591,1.010000168,-0.113752248,0.014224588,1.200000000,-0.038575255
1784881064.664508581,1.020000168,-0.109914313,0.014761783,1.200000000,-0.038291522
1784881064.674508572,1.030000168,-0.106034976,0.015305074,1.200000000,-0.038001321
1784881064.684508562,1.040000168,-0.102114840,0.015854386,1.200000000,-0.037704758
1784881064.694508553,1.050000168,-0.098154509,0.016409638,1.200000000,-0.037401941
1784881064.704508543,1.060000168,-0.094154592,0.016970751,1.200000000,-0.037092975
1784881064.714508533,1.070000168,-0.090115698,0.017537646,1.200000000,-0.036777969
1784881064.724508524,1.080000168,-0.086038438,0.018110241,1.200000000,-0.036457029
1784881064.734508514,1.090000168,-0.081923426,0.018688457,1.200000000,-0.036130261
1784881064.744508505,1.100000168,-0.077771275,0.019272212,1.200000000,-0.035797772
1784881064.754508495,1.110000168,-0.073582597,0.019861424,1.200000000,-0.035459670
1784881064.764508486,1.120000168,-0.069358007,0.020456012,1.200000000,-0.035116060
1784881064.774508476,1.130000168,-0.065098116,0.021055894,1.200000000,-0.034767050
1784881064.784508467,1.140000168,-0.060803536,0.021660988,1.200000000,-0.034412746
1784881064.794508457,1.150000168,-0.056474876,0.022271212,1.200000000,-0.034053255
1784881064.804508448,1.160000168,-0.052112744,0.022886485,1.200000000,-0.033688684
1784881064.814508438,1.170000168,-0.047717746,0.023506724,1.200000000,-0.033319140
1784881064.824508429,1.180000168,-0.043290483,0.024131847,1.200000000,-0.032944730
1784881064.834508419,1.190000168,-0.038831555,0.024761774,1.200000000,-0.032565560
1784881064.844508648,1.200000168,-0.034341557,0.025396423,1.200000000,-0.032181737
1784881064.854508638,1.210000168,-0.029821082,0.026035712,1.200000000,-0.031793367
1784881064.864508629,1.220000168,-0.025270718,0.026679561,1.200000000,-0.031400558
1784881064.874508619,1.230000168,-0.020691046,0.027327890,1.200000000,-0.031003417
1784881064.884508610,1.240000168,-0.016082646,0.027980618,1.200000000,-0.030602050
1784881064.894508600,1.250000168,-0.011446090,0.028637666,1.200000000,-0.030196563
1784881064.904508591,1.260000168,-0.006781946,0.029298955,1.200000000,-0.029787065
1784881064.914508581,1.270000168,-0.002090777,0.029964406,1.200000000,-0.029373661
1784881064.924508572,1.280000168,0.002626863,0.030633942,1.200000000,-0.028956458
1784881064.934508562,1.290000168,0.007370423,0.031307486,1.200000000,-0.028535563
1784881064.944508553,1.300000168,0.012139360,0.031984959,1.200000000,-0.028111083
1784881064.954508543,1.310000168,0.016933138,0.032666287,1.200000000,-0.027683124
1784881064.964508533,1.320000168,0.021751228,0.033351394,1.200000000,-0.027251794
1784881064.974508524,1.330000168,0.026593106,0.034040205,1.200000000,-0.026817199
1784881064.984508514,1.340000168,0.031458259,0.034732647,1.200000000,-0.026379446
1784881064.994508505,1.350000168,0.036346179,0.035428646,1.200000000,-0.025938641
1784881065.004508495,1.360000168,0.041256366,0.036128131,1.200000000,-0.025494892
1784881065.014508486,1.370000168,0.046188330,0.036831030,1.200000000,-0.025048305
1784881065.024508476,1.380000168,0.051141585,0.037537272,1.200000000,-0.024598988
1784881065.034508467,1.390000168,0.056115658,0.038246789,1.200000000,-0.024147046
1784881065.044508457,1.400000168,0.061110082,0.038959510,1.200000000,-0.023692586
1784881065.054508448,1.410000168,0.066124398,0.039675370,1.200000000,-0.023235716
1784881065.064508438,1.420000168,0.071158156,0.040394300,1.200000000,-0.022776542
1784881065.074508429,1.430000168,0.076210917,0.041116236,1.200000000,-0.022315171
1784881065.084508419,1.440000168,0.081282249,0.041841112,1.200000000,-0.021851710
1784881065.094508648,1.450000168,0.086371727,0.042568865,1.200000000,-0.021386265
1784881065.104508638,1.460000168,0.091478940,0.043299432,1.200000000,-0.020918943
1784881065.114508629,1.470000168,0.096603483,0.044032752,1.200000000,-0.020449851
1784881065.124508619,1.480000168,0.101744959,0.044768764,1.200000000,-0.019979096
1784881065.134508610,1.490000168,0.106902985,0.045507409,1.200000000,-0.019506785
1784881065.144508600,1.500000168,0.112077182,0.046248628,1.200000000,-0.019033023
1784881065.154508591,1.510000168,0.117267185,0.046992364,1.200000000,-0.018557919
1784881065.164508581,1.520000168,0.122472635,0.047738561,1.200000000,-0.018081579
1784881065.174508572,1.530000168,0.127693185,0.048487165,1.200000000,-0.017604110
1784881065.184508562,1.540000168,0.132928497,0.049238120,1.200000000,-0.017125617
1784881065.194508553,1.550000168,0.138178241,0.049991376,1.200000000,-0.016646209
1784881065.204508543,1.560000168,0.143442099,0.050746880,1.200000000,-0.016165993
1784881065.214508533,1.570000168,0.148719761,0.051504581,1.200000000,-0.015685073
1784881065.224508524,1.580000168,0.154010928,0.052264431,1.200000000,-0.015203559
1784881065.234508514,1.590000168,0.159315308,0.053026382,1.200000000,-0.014721555
1784881065.244508505,1.600000168,0.164632622,0.053790387,1.200000000,-0.014239170
1784881065.254508495,1.610000168,0.169962598,0.054556400,1.200000000,-0.013756510
1784881065.264508486,1.620000168,0.175304974,0.055324377,1.200000000,-0.013273681
1784881065.274508476,1.630000168,0.180659499,0.056094274,1.200000000,-0.012790790
1784881065.284508467,1.640000168,0.186025930,0.056866050,1.200000000,-0.012307945
1784881065.294508457,1.650000168,0.191404034,0.057639663,1.200000000,-0.011825252
1784881065.304508448,1.660000168,0.196793588,0.058415074,1.200000000,-0.011342817
1784881065.314508438,1.670000168,0.202194376,0.059192243,1.200000000,-0.010860748
1784881065.324508429,1.680000168,0.207606194,0.059971135,1.200000000,-0.010379152
1784881065.334508419,1.690000168,0.213028845,0.060751712,1.200000000,-0.009898134
1784881065.344508648,1.700000168,0.218462144,0.061533940,1.200000000,-0.009417802
1784881065.354508638,1.710000168,0.223905912,0.062317784,1.200000000,-0.008938263
1784881065.364508629,1.720000168,0.229359980,0.063103211,1.200000000,-0.008459623
1784881065.374508619,1.730000168,0.234824189,0.063890191,1.200000000,-0.007981990
1784881065.384508610,1.740000168,0.240298387,0.064678693,1.200000000,-0.007505469
1784881065.394508600,1.750000168,0.245782433,0.065468687,1.200000000,-0.007030168
1784881065.404508591,1.760000168,0.251276191,0.066260145,1.200000000,-0.006556193
1784881065.414508581,1.770000168,0.256779538,0.067053041,1.200000000,-0.006083652
1784881065.424508572,1.780000168,0.262292355,0.067847347,1.200000000,-0.005612651
1784881065.434508562,1.790000168,0.267814534,0.068643039,1.200000000,-0.005143297
1784881065.444508553,1.800000168,0.273345974,0.069440094,1.200000000,-0.004675696
1784881065.454508543,1.810000168,0.278886583,0.070238489,1.200000000,-0.004209955
1784881065.464508533,1.820000168,0.284436277,0.071038201,1.200000000,-0.003746182
1784881065.474508524,1.830000168,0.289994977,0.071839211,1.200000000,-0.003284483
1784881065.484508514,1.840000168,0.295562614,0.072641499,1.200000000,-0.002824964
1784881065.494508505,1.850000168,0.301139127,0.073445046,1.200000000,-0.002367733
1784881065.504508495,1.860000168,0.306724461,0.074249834,1.200000000,-0.001912896
1784881065.514508486,1.870000168,0.312318569,0.075055847,1.200000000,-0.001460561
1784881065.524508476,1.880000168,0.317921409,0.075863070,1.200000000,-0.001010832
1784881065.534508467,1.890000168,0.323532949,0.076671488,1.200000000,-0.000563819
1784881065.544508457,1.900000168,0.329153162,0.077481087,1.200000000,-0.000119627
1784881065.554508448,1.910000168,0.334782027,0.078291855,1.200000000,0.000321637
1784881065.564508438,1.920000168,0.340419530,0.079103779,1.200000000,0.000759866
1784881065.574508429,1.930000168,0.346065665,0.079916849,1.200000000,0.001194953
1784881065.584508419,1.940000168,0.351720430,0.080731055,1.200000000,0.001626792
1784881065.594508648,1.950000168,0.357383828,0.081546387,1.200000000,0.002055276
1784881065.604508638,1.960000168,0.363055870,0.082362838,1.200000000,0.002480298
1784881065.614508629,1.970000168,0.368736572,0.083180399,1.200000000,0.002901750
1784881065.624508619,1.980000168,0.374425956,0.083999065,1.200000000,0.003319528
1784881065.634508610,1.990000168,0.380124047,0.084818829,1.200000000,0.003733523
1784881065.644508600,2.000000168,0.385830876,0.085639686,1.200000000,0.004143629
1784881065.654508591,2.010000168,0.391546481,0.086461631,1.200000000,0.004549738
1784881065.664508581,2.020000168,0.397270902,0.087284662,1.200000000,0.004951746
1784881065.674508572,2.030000168,0.403004185,0.088108775,1.200000000,0.005349544
1784881065.684508562,2.040000168,0.408746380,0.088933969,1.200000000,0.005743025
1784881065.694508553,2.050000168,0.414497541,0.089760241,1.200000000,0.006132084
1784881065.704508543,2.060000168,0.420257726,0.090587590,1.200000000,0.006516613
1784881065.714508533,2.070000168,0.426026997,0.091416018,1.200000000,0.006896505
1784881065.724508524,2.080000168,0.431805420,0.092245523,1.200000000,0.007271654
1784881065.734508514,2.090000168,0.437593063,0.093076107,1.200000000,0.007641953
1784881065.744508505,2.100000168,0.443389998,0.093907772,1.200000000,0.008007295
1784881065.754508495,2.110000168,0.449196302,0.094740519,1.200000000,0.008367573
1784881065.764508486,2.120000168,0.455012052,0.095574352,1.200000000,0.008722681
1784881065.774508476,2.130000168,0.460837329,0.096409273,1.200000000,0.009072512
1784881065.784508467,2.140000168,0.466672218,0.097245286,1.200000000,0.009416958
1784881065.794508457,2.150000168,0.472516802,0.098082396,1.200000000,0.009755914
1784881065.804508448,2.160000168,0.478371172,0.098920607,1.200000000,0.010089273
1784881065.814508438,2.170000168,0.484235416,0.099759924,1.200000000,0.010416927
1784881065.824508429,2.180000168,0.490109627,0.100600352,1.200000000,0.010738770
1784881065.834508419,2.190000168,0.495993898,0.101441897,1.200000000,0.011054695
1784881065.844508648,2.200000168,0.501888323,0.102284566,1.200000000,0.011364595
1784881065.854508638,2.210000168,0.507793001,0.103128365,1.200000000,0.011668365
1784881065.864508629,2.220000168,0.513708027,0.103973301,1.200000000,0.011965895
1784881065.874508619,2.230000168,0.519633500,0.104819381,1.200000000,0.012257081
1784881065.884508610,2.240000168,0.525569519,0.105666612,1.200000000,0.012541816
1784881065.894508600,2.250000168,0.531516184,0.106515003,1.200000000,0.012819991
1784881065.904508591,2.260000168,0.537473595,0.107364560,1.200000000,0.013091502
1784881065.914508581,2.270000168,0.543441853,0.108215293,1.200000000,0.013356240
1784881065.924508572,2.280000168,0.549421058,0.109067210,1.200000000,0.013614099
1784881065.934508562,2.290000168,0.555411310,0.109920320,1.200000000,0.013864973
1784881065.944508553,2.300000168,0.561412711,0.110774630,1.200000000,0.014108755
1784881065.954508543,2.310000168,0.567425360,0.111630151,1.200000000,0.014345337
1784881065.964508533,2.320000168,0.573449356,0.112486891,1.200000000,0.014574613
1784881065.974508524,2.330000168,0.579484799,0.113344859,1.200000000,0.014796477
1784881065.984508514,2.340000168,0.585531786,0.114204064,1.200000000,0.015010821
1784881065.994508505,2.350000168,0.591590415,0.115064516,1.200000000,0.015217539
1784881066.004508495,2.360000168,0.597660782,0.115926224,1.200000000,0.015416524
1784881066.014508486,2.370000168,0.603742981,0.116789197,1.200000000,0.015607669
1784881066.024508476,2.380000168,0.609837107,0.117653445,1.200000000,0.015790881
1784881066.034508467,2.390000168,0.615943251,0.118518978,1.200000000,0.015966191
1784881066.044508457,2.400000168,0.622061503,0.119385803,1.200000000,0.016133694
1784881066.054508448,2.410000168,0.628191952,0.120253932,1.200000000,0.016293485
1784881066.064508438,2.420000168,0.634334686,0.121123373,1.200000000,0.016445660
1784881066.074508429,2.430000168,0.640489790,0.121994135,1.200000000,0.016590315
1784881066.084508419,2.440000168,0.646657345,0.122866228,1.200000000,0.016727546
1784881066.094508648,2.450000168,0.652837434,0.123739660,1.200000000,0.016857448
1784881066.104508638,2.460000168,0.659030134,0.124614441,1.200000000,0.016980116
1784881066.114508629,2.470000168,0.665235522,0.125490579,1.200000000,0.017095647
1784881066.124508619,2.480000168,0.671453671,0.126368082,1.200000000,0.017204137
1784881066.134508610,2.490000168,0.677684653,0.127246960,1.200000000,0.017305680
1784881066.144508600,2.500000168,0.683928537,0.128127221,1.200000000,0.017400373
1784881066.154508591,2.510000168,0.690185387,0.129008873,1.200000000,0.017488310
1784881066.164508581,2.520000168,0.696455268,0.129891923,1.200000000,0.017569589
1784881066.174508572,2.530000168,0.702738239,0.130776380,1.200000000,0.017644304
1784881066.184508562,2.540000168,0.709034358,0.131662250,1.200000000,0.017712552
1784881066.194508553,2.550000168,0.715343678,0.132549542,1.200000000,0.017774427
1784881066.204508543,2.560000168,0.721666252,0.133438263,1.200000000,0.017830026
1784881066.214508533,2.570000168,0.728002127,0.134328418,1.200000000,0.017879444
1784881066.224508524,2.580000168,0.734351348,0.135220015,1.200000000,0.017922777
1784881066.234508514,2.590000168,0.740713957,0.136113059,1.200000000,0.017960120
1784881066.244508505,2.600000168,0.747089992,0.137007557,1.200000000,0.017991570
1784881066.254508495,2.610000168,0.753479487,0.137903515,1.200000000,0.018017222
1784881066.264508486,2.620000168,0.759882475,0.138800937,1.200000000,0.018037171
1784881066.274508476,2.630000168,0.766298984,0.139699829,1.200000000,0.018051514
1784881066.284508467,2.640000168,0.772729037,0.140600195,1.200000000,0.018060345
1784881066.294508457,2.650000168,0.779172656,0.141502040,1.200000000,0.018063761
1784881066.304508448,2.660000168,0.785629859,0.142405368,1.200000000,0.018061857
1784881066.314508438,2.670000168,0.792100660,0.143310181,1.200000000,0.018054729
1784881066.324508429,2.680000168,0.798585068,0.144216484,1.200000000,0.018042473
1784881066.334508419,2.690000168,0.805083090,0.145124280,1.200000000,0.018025184
1784881066.344508648,2.700000168,0.811594729,0.146033570,1.200000000,0.018002958
1784881066.354508638,2.710000168,0.818119984,0.146944357,1.200000000,0.017975891
1784881066.364508629,2.720000168,0.824658852,0.147856643,1.200000000,0.017944078
1784881066.374508619,2.730000168,0.831211322,0.148770429,1.200000000,0.017907615
1784881066.384508610,2.740000168,0.837777384,0.149685716,1.200000000,0.017866597
1784881066.394508600,2.750000168,0.844357022,0.150602504,1.200000000,0.017821121
1784881066.404508591,2.760000168,0.850950216,0.151520793,1.200000000,0.017771282
1784881066.414508581,2.770000168,0.857556942,0.152440583,1.200000000,0.017717175
1784881066.424508572,2.780000168,0.864177173,0.153361873,1.200000000,0.017658897
1784881066.434508562,2.790000168,0.870810880,0.154284663,1.200000000,0.017596542
1784881066.444508553,2.800000168,0.877458026,0.155208949,1.200000000,0.017530208
1784881066.454508543,2.810000168,0.884118573,0.156134730,1.200000000,0.017459989
1784881066.464508533,2.820000168,0.890792479,0.157062004,1.200000000,0.017385980
1784881066.474508524,2.830000168,0.897479698,0.157990766,1.200000000,0.017308279
1784881066.484508514,2.840000168,0.904180180,0.158921015,1.200000000,0.017226979
1784881066.494508505,2.850000168,0.910893872,0.159852744,1.200000000,0.017142178
1784881066.504508495,2.860000168,0.917620716,0.160785951,1.200000000,0.017053971
1784881066.514508486,2.870000168,0.924360651,0.161720630,1.200000000,0.016962452
1784881066.524508476,2.880000168,0.931113613,0.162656776,1.200000000,0.016867719
1784881066.534508467,2.890000168,0.937879533,0.163594382,1.200000000,0.016769867
1784881066.544508457,2.900000168,0.944658338,0.164533442,1.200000000,0.016668991
1784881066.554508448,2.910000168,0.951449954,0.165473949,1.200000000,0.016565187
1784881066.564508438,2.920000168,0.958254301,0.166415896,1.200000000,0.016458550
1784881066.574508429,2.930000168,0.965071297,0.167359274,1.200000000,0.016349178
1784881066.584508419,2.940000168,0.971900854,0.168304076,1.200000000,0.016237164
1784881066.594508648,2.950000168,0.978742883,0.169250292,1.200000000,0.016122605
1784881066.604508638,2.960000168,0.985597290,0.170197912,1.200000000,0.016005596
1784881066.614508629,2.970000168,0.992463980,0.171146927,1.200000000,0.015886233
1784881066.624508619,2.980000168,0.999342850,0.172097327,1.200000000,0.015764612
1784881066.634508610,2.990000168,1.006233799,0.173049099,1.200000000,0.015640829
1784881066.644508600,3.000000168,1.013136718,0.174002233,1.200000000,0.015514979
1784881066.654508591,3.010000168,1.020051498,0.174956716,1.200000000,0.015387157
1784881066.664508581,3.020000168,1.026978026,0.175912536,1.200000000,0.015257460
1784881066.674508572,3.030000168,1.033916184,0.176869680,1.200000000,0.015125983
1784881066.684508562,3.040000168,1.040865852,0.177828133,1.200000000,0.014992822
1784881066.694508553,3.050000168,1.047826909,0.178787883,1.200000000,0.014858072
1784881066.704508543,3.060000168,1.054799228,0.179748914,1.200000000,0.014721829
1784881066.714508533,3.070000168,1.061782680,0.180711211,1.200000000,0.014584189
1784881066.724508524,3.080000168,1.068777133,0.181674758,1.200000000,0.014445248
1784881066.734508514,3.090000168,1.075782453,0.182639539,1.200000000,0.014305100
1784881066.744508505,3.100000168,1.082798502,0.183605537,1.200000000,0.014163843
1784881066.754508495,3.110000168,1.089825139,0.184572735,1.200000000,0.014021571
1784881066.764508486,3.120000168,1.096862221,0.185541115,1.200000000,0.013878380
1784881066.774508476,3.130000168,1.103909604,0.186510659,1.200000000,0.013734366
1784881066.784508467,3.140000168,1.110967137,0.187481348,1.200000000,0.013589624
1784881066.794508457,3.150000168,1.118034672,0.188453162,1.200000000,0.013444251
1784881066.804508448,3.160000168,1.125112053,0.189426081,1.200000000,0.013298341
1784881066.814508438,3.170000168,1.132199125,0.190400085,1.200000000,0.013151991
1784881066.824508429,3.180000168,1.139295731,0.191375154,1.200000000,0.013005296
1784881066.834508419,3.190000168,1.146401709,0.192351265,1.200000000,0.012858352
1784881066.844508648,3.200000168,1.153516898,0.193328396,1.200000000,0.012711255
1784881066.854508638,3.210000168,1.160641132,0.194306525,1.200000000,0.012564100
1784881066.864508629,3.220000168,1.167774244,0.195285630,1.200000000,0.012416982
1784881066.874508619,3.230000168,1.174916065,0.196265686,1.200000000,0.012269998
1784881066.884508610,3.240000168,1.182066425,0.197246669,1.200000000,0.012123244
1784881066.894508600,3.250000168,1.189225151,0.198228555,1.200000000,0.011976814
1784881066.904508591,3.260000168,1.196392068,0.199211319,1.200000000,0.011830804
1784881066.914508581,3.270000168,1.203567000,0.200194935,1.200000000,0.011685311
1784881066.924508572,3.280000168,1.210749769,0.201179377,1.200000000,0.011540430
1784881066.934508562,3.290000168,1.217940195,0.202164619,1.200000000,0.011396257
1784881066.944508553,3.300000168,1.225138097,0.203150633,1.200000000,0.011252886
1784881066.954508543,3.310000168,1.232343293,0.204137392,1.200000000,0.011110415
1784881066.964508533,3.320000168,1.239555599,0.205124868,1.200000000,0.010968938
1784881066.974508524,3.330000168,1.246774829,0.206113032,1.200000000,0.010828551
1784881066.984508514,3.340000168,1.254000797,0.207101855,1.200000000,0.010689351
1784881066.994508505,3.350000168,1.261233316,0.208091308,1.200000000,0.010551432
1784881067.004508495,3.360000168,1.268472196,0.209081360,1.200000000,0.010414890
1784881067.014508486,3.370000168,1.275717248,0.210071982,1.200000000,0.010279821
1784881067.024508476,3.380000168,1.282968281,0.211063142,1.200000000,0.010146321
1784881067.034508467,3.390000168,1.290225103,0.212054809,1.200000000,0.010014485
1784881067.044508457,3.400000168,1.297487523,0.213046951,1.200000000,0.009884409
1784881067.054508448,3.410000168,1.304755347,0.214039535,1.200000000,0.009756188
1784881067.064508438,3.420000168,1.312028381,0.215032529,1.200000000,0.009629919
1784881067.074508429,3.430000168,1.319306432,0.216025899,1.200000000,0.009505697
1784881067.084508419,3.440000168,1.326589305,0.217019612,1.200000000,0.009383618
1784881067.094508648,3.450000168,1.333876804,0.218013634,1.200000000,0.009263776
1784881067.104508638,3.460000168,1.341168734,0.219007929,1.200000000,0.009146269
1784881067.114508629,3.470000168,1.348464899,0.220002463,1.200000000,0.009031192
1784881067.124508619,3.480000168,1.355765103,0.220997200,1.200000000,0.008918639
1784881067.134508610,3.490000168,1.363069151,0.221992104,1.200000000,0.008808708
1784881067.144508600,3.500000168,1.370376847,0.222987138,1.200000000,0.008701494
1784881067.154508591,3.510000168,1.377687993,0.223982267,1.200000000,0.008597091
1784881067.164508581,3.520000168,1.385002395,0.224977452,1.200000000,0.008495597
1784881067.174508572,3.530000168,1.392319857,0.225972657,1.200000000,0.008397107
1784881067.184508562,3.540000168,1.399640183,0.226967841,1.200000000,0.008301716
1784881067.194508553,3.550000168,1.406963178,0.227962969,1.200000000,0.008209519
1784881067.204508543,3.560000168,1.414288648,0.228957999,1.200000000,0.008120614
1784881067.214508533,3.570000168,1.421616398,0.229952893,1.200000000,0.008035095
1784881067.224508524,3.580000168,1.428946234,0.230947612,1.200000000,0.007953058
1784881067.234508514,3.590000168,1.436277964,0.231942114,1.200000000,0.007874598
1784881067.244508505,3.600000168,1.443611395,0.232936360,1.200000000,0.007799813
1784881067.254508495,3.610000168,1.450946335,0.233930308,1.200000000,0.007728796
1784881067.264508486,3.620000168,1.458282594,0.234923917,1.200000000,0.007661644
1784881067.274508476,3.630000168,1.465619982,0.235917145,1.200000000,0.007598452
1784881067.284508467,3.640000168,1.472958309,0.236909951,1.200000000,0.007539316
1784881067.294508457,3.650000168,1.480297388,0.237902291,1.200000000,0.007484332
1784881067.304508448,3.660000168,1.487637033,0.238894123,1.200000000,0.007433596
1784881067.314508438,3.670000168,1.494977056,0.239885403,1.200000000,0.007387202
1784881067.324508429,3.680000168,1.502317275,0.240876089,1.200000000,0.007345247
1784881067.334508419,3.690000168,1.509657505,0.241866135,1.200000000,0.007307827
1784881067.344508648,3.700000168,1.516997564,0.242855498,1.200000000,0.007275037
1784881067.354508638,3.710000168,1.524337274,0.243844132,1.200000000,0.007246973
1784881067.364508629,3.720000168,1.531676453,0.244831993,1.200000000,0.007223730
1784881067.374508619,3.730000168,1.539014926,0.245819036,1.200000000,0.007205404
1784881067.384508610,3.740000168,1.546352515,0.246805214,1.200000000,0.007192091
1784881067.394508600,3.750000168,1.553689047,0.247790482,1.200000000,0.007183886
1784881067.404508591,3.760000168,1.561024350,0.248774793,1.200000000,0.007180886
1784881067.414508581,3.770000168,1.568358252,0.249758099,1.200000000,0.007183185
1784881067.424508572,3.780000168,1.575690584,0.250740356,1.200000000,0.007190880
1784881067.434508562,3.790000168,1.583021179,0.251721513,1.200000000,0.007204066
1784881067.444508553,3.800000168,1.590349872,0.252701525,1.200000000,0.007222838
1784881067.454508543,3.810000168,1.597676500,0.253680343,1.200000000,0.007247294
1784881067.464508533,3.820000168,1.605000900,0.254657918,1.200000000,0.007277527
1784881067.474508524,3.830000168,1.612322915,0.255634202,1.200000000,0.007313634
1784881067.484508514,3.840000168,1.619642386,0.256609145,1.200000000,0.007355631
1784881067.494508505,3.850000168,1.626959158,0.257582699,1.200000000,0.007403385
1784881067.504508495,3.860000168,1.634273078,0.258554814,1.200000000,0.007456744
1784881067.514508486,3.870000168,1.641583996,0.259525439,1.200000000,0.007515558
1784881067.524508476,3.880000168,1.648891763,0.260494525,1.200000000,0.007579674
1784881067.534508467,3.890000168,1.656196233,0.261462020,1.200000000,0.007648941
1784881067.544508457,3.900000168,1.663497261,0.262427875,1.200000000,0.007723208
1784881067.554508448,3.910000168,1.670794706,0.263392038,1.200000000,0.007802323
1784881067.564508438,3.920000168,1.678088429,0.264354457,1.200000000,0.007886135
1784881067.574508429,3.930000168,1.685378292,0.265315081,1.200000000,0.007974492
1784881067.584508419,3.940000168,1.692664162,0.266273858,1.200000000,0.008067244
1784881067.594508648,3.950000168,1.699945906,0.267230736,1.200000000,0.008164239
1784881067.604508638,3.960000168,1.707223394,0.268185661,1.200000000,0.008265324
1784881067.614508629,3.970000168,1.714496500,0.269138581,1.200000000,0.008370350
1784881067.624508619,3.980000168,1.721765099,0.270089444,1.200000000,0.008479164
1784881067.634508610,3.990000168,1.729029069,0.271038195,1.200000000,0.008591616
1784881067.644508600,4.000000168,1.736288290,0.271984781,1.200000000,0.008707553
1784881067.654508591,4.010000168,1.743542646,0.272929148,1.200000000,0.008826824
1784881067.664508581,4.020000168,1.750792023,0.273871242,1.200000000,0.008949278
1784881067.674508572,4.030000168,1.758036308,0.274811008,1.200000000,0.009074764
1784881067.684508562,4.040000168,1.765275392,0.275748392,1.200000000,0.009203130
1784881067.694508553,4.050000168,1.772509170,0.276683338,1.200000000,0.009334224
1784881067.704508543,4.060000168,1.779737537,0.277615792,1.200000000,0.009467896
1784881067.714508533,4.070000168,1.786960392,0.278545697,1.200000000,0.009603993
1784881067.724508524,4.080000168,1.794177637,0.279472999,1.200000000,0.009742365
1784881067.734508514,4.090000168,1.801389177,0.280397641,1.200000000,0.009882860
1784881067.744508505,4.100000168,1.808594917,0.281319567,1.200000000,0.010025327
1784881067.754508495,4.110000168,1.815794768,0.282238721,1.200000000,0.010169614
1784881067.764508486,4.120000168,1.822988641,0.283155044,1.200000000,0.010315570
1784881067.774508476,4.130000168,1.830176453,0.284068482,1.200000000,0.010463043
1784881067.784508467,4.140000168,1.837358120,0.284978976,1.200000000,0.010611883
1784881067.794508457,4.150000168,1.844533563,0.285886469,1.200000000,0.010761937
1784881067.804508448,4.160000168,1.851702705,0.286790903,1.200000000,0.010913054
1784881067.814508438,4.170000168,1.858865471,0.287692220,1.200000000,0.011065083
1784881067.824508429,4.180000168,1.866021791,0.288590362,1.200000000,0.011217872
1784881067.834508419,4.190000168,1.873171595,0.289485271,1.200000000,0.011371270
1784881067.844508648,4.200000168,1.880314818,0.290376888,1.200000000,0.011525126
1784881067.854508638,4.210000168,1.887451395,0.291265154,1.200000000,0.011679289
1784881067.864508629,4.220000168,1.894581265,0.292150009,1.200000000,0.011833606
1784881067.874508619,4.230000168,1.901704372,0.293031396,1.200000000,0.011987926
1784881067.884508610,4.240000168,1.908820658,0.293909253,1.200000000,0.012142098
1784881067.894508600,4.250000168,1.915930072,0.294783521,1.200000000,0.012295971
1784881067.904508591,4.260000168,1.923032563,0.295654140,1.200000000,0.012449393
1784881067.914508581,4.270000168,1.930128083,0.296521050,1.200000000,0.012602213
1784881067.924508572,4.280000168,1.937216588,0.297384190,1.200000000,0.012754280
1784881067.934508562,4.290000168,1.944298035,0.298243500,1.200000000,0.012905441
1784881067.944508553,4.300000168,1.951372384,0.299098918,1.200000000,0.013055546
1784881067.954508543,4.310000168,1.958439598,0.299950384,1.200000000,0.013204443
1784881067.964508533,4.320000168,1.965499642,0.300797836,1.200000000,0.013351980
1784881067.974508524,4.330000168,1.972552485,0.301641212,1.200000000,0.013498007
1784881067.984508514,4.340000168,1.979598095,0.302480451,1.200000000,0.013642372
1784881067.994508505,4.350000168,1.986636447,0.303315491,1.200000000,0.013784924
1784881068.004508495,4.360000168,1.993667515,0.304146269,1.200000000,0.013925510
1784881068.014508486,4.370000168,2.000691278,0.304972723,1.200000000,0.014063981
1784881068.024508476,4.380000168,2.007707715,0.305794790,1.200000000,0.014200183
1784881068.034508467,4.390000168,2.014716808,0.306612408,1.200000000,0.014333967
1784881068.044508457,4.400000168,2.021718544,0.307425513,1.200000000,0.014465180
1784881068.054508448,4.410000168,2.028712910,0.308234042,1.200000000,0.014593671
1784881068.064508438,4.420000168,2.035699894,0.309037931,1.200000000,0.014719289
1784881068.074508429,4.430000168,2.042679489,0.309837118,1.200000000,0.014841882
1784881068.084508419,4.440000168,2.049651690,0.310631538,1.200000000,0.014961299
1784881068.094508648,4.450000168,2.056616493,0.311421126,1.200000000,0.015077389
1784881068.104508638,4.460000168,2.063573896,0.312205819,1.200000000,0.015190000
1784881068.114508629,4.470000168,2.070523901,0.312985552,1.200000000,0.015298980
1784881068.124508619,4.480000168,2.077466511,0.313760261,1.200000000,0.015404179
1784881068.134508610,4.490000168,2.084401731,0.314529880,1.200000000,0.015505444
1784881068.144508600,4.500000168,2.091329569,0.315294345,1.200000000,0.015602625
1784881068.154508591,4.510000168,2.098250034,0.316053589,1.200000000,0.015695570
1784881068.164508581,4.520000168,2.105163138,0.316807549,1.200000000,0.015784128
1784881068.174508572,4.530000168,2.112068895,0.317556157,1.200000000,0.015868147
1784881068.184508562,4.540000168,2.118967319,0.318299348,1.200000000,0.015947475
1784881068.194508553,4.550000168,2.125858430,0.319037057,1.200000000,0.016021963
1784881068.204508543,4.560000168,2.132742246,0.319769216,1.200000000,0.016091457
1784881068.214508533,4.570000168,2.139618789,0.320495760,1.200000000,0.016155807
1784881068.224508524,4.580000168,2.146488082,0.321216622,1.200000000,0.016214861
1784881068.234508514,4.590000168,2.153350150,0.321931735,1.200000000,0.016268468
1784881068.244508505,4.600000168,2.160205021,0.322641032,1.200000000,0.016316476
1784881068.254508495,4.610000168,2.167052723,0.323344445,1.200000000,0.016358734
1784881068.264508486,4.620000168,2.173893286,0.324041909,1.200000000,0.016395091
1784881068.274508476,4.630000168,2.180726744,0.324733354,1.200000000,0.016425395
1784881068.284508467,4.640000168,2.187553128,0.325418714,1.200000000,0.016449495
1784881068.294508457,4.650000168,2.194372476,0.326097921,1.200000000,0.016467240
1784881068.304508448,4.660000168,2.201184823,0.326770906,1.200000000,0.016478477
1784881068.314508438,4.670000168,2.207990210,0.327437602,1.200000000,0.016483056
1784881068.324508429,4.680000168,2.214788675,0.328097939,1.200000000,0.016480825
1784881068.334508419,4.690000168,2.221580260,0.328751850,1.200000000,0.016471633
1784881068.344508648,4.700000168,2.228365008,0.329399265,1.200000000,0.016455328
1784881068.354508638,4.710000168,2.235142965,0.330040117,1.200000000,0.016431759
1784881068.364508629,4.720000168,2.241914175,0.330674335,1.200000000,0.016400775
1784881068.374508619,4.730000168,2.248678685,0.331301851,1.200000000,0.016362224
1784881068.384508610,4.740000168,2.255436544,0.331922595,1.200000000,0.016315955
1784881068.394508600,4.750000168,2.262187802,0.332536498,1.200000000,0.016261816
1784881068.404508591,4.760000168,2.268932510,0.333143490,1.200000000,0.016199656
1784881068.414508581,4.770000168,2.275670719,0.333743502,1.200000000,0.016129323
1784881068.424508572,4.780000168,2.282402482,0.334336462,1.200000000,0.016050667
1784881068.434508562,4.790000168,2.289127854,0.334922302,1.200000000,0.015963535
1784881068.444508553,4.800000168,2.295846891,0.335500951,1.200000000,0.015867777
1784881068.454508543,4.810000168,2.302559647,0.336072339,1.200000000,0.015763240
1784881068.464508533,4.820000168,2.309266182,0.336636394,1.200000000,0.015649774
1784881068.474508524,4.830000168,2.315966552,0.337193047,1.200000000,0.015527228
1784881068.484508514,4.840000168,2.322660816,0.337742226,1.200000000,0.015395448
1784881068.494508505,4.850000168,2.329349036,0.338283861,1.200000000,0.015254286
1784881068.504508495,4.860000168,2.336031271,0.338817881,1.200000000,0.015103588
1784881068.514508486,4.870000168,2.342707583,0.339344213,1.200000000,0.014943203
1784881068.524508476,4.880000168,2.349378034,0.339862787,1.200000000,0.014772981
1784881068.534508467,4.890000168,2.356042687,0.340373532,1.200000000,0.014592769
1784881068.544508457,4.900000168,2.362701606,0.340876375,1.200000000,0.014402417
1784881068.554508448,4.910000168,2.369354855,0.341371246,1.200000000,0.014201773
1784881068.564508438,4.920000168,2.376002498,0.341858071,1.200000000,0.013990684
1784881068.574508429,4.930000168,2.382644601,0.342336780,1.200000000,0.013769001
1784881068.584508419,4.940000168,2.389281230,0.342807300,1.200000000,0.013536572
1784881068.594508648,4.950000168,2.395912450,0.343269559,1.200000000,0.013293245
1784881068.604508638,4.960000168,2.402538329,0.343723484,1.200000000,0.013038869
1784881068.614508629,4.970000168,2.409158933,0.344169004,1.200000000,0.012773292
1784881068.624508619,4.980000168,2.415774330,0.344606045,1.200000000,0.012496363
1784881068.634508610,4.990000168,2.422384587,0.345034536,1.200000000,0.012207931
1784881068.644508600,5.000000168,2.428989772,0.345454403,1.200000000,0.011907844
1784881068.654508591,5.010000168,2.435589954,0.345865574,1.200000000,0.011595951
1784881068.664508581,5.020000168,2.442185200,0.346267976,1.200000000,0.011272101
1784881068.674508572,5.030000168,2.448775579,0.346661535,1.200000000,0.010936141
1784881068.684508562,5.040000168,2.455361159,0.347046180,1.200000000,0.010587921
1784881068.694508553,5.050000168,2.461942010,0.347421836,1.200000000,0.010227289
1784881068.704508543,5.060000168,2.468518199,0.347788431,1.200000000,0.009854094
1784881068.714508533,5.070000168,2.475089796,0.348145891,1.200000000,0.009468185
1784881068.724508524,5.080000168,2.481656868,0.348494143,1.200000000,0.009069409
1784881068.734508514,5.090000168,2.488219485,0.348833113,1.200000000,0.008657616
1784881068.744508505,5.100000168,2.494777714,0.349162729,1.200000000,0.008232654
1784881068.754508495,5.110000168,2.501331624,0.349482917,1.200000000,0.007794372
1784881068.764508486,5.120000168,2.507881283,0.349793603,1.200000000,0.007342618
1784881068.774508476,5.130000168,2.514426759,0.350094713,1.200000000,0.006877242
1784881068.784508467,5.140000168,2.520968119,0.350386174,1.200000000,0.006398090
1784881068.794508457,5.150000168,2.527505430,0.350667912,1.200000000,0.005905013
1784881068.804508448,5.160000168,2.534038760,0.350939854,1.200000000,0.005397859
1784881068.814508438,5.170000168,2.540568175,0.351201926,1.200000000,0.004876476
1784881068.824508429,5.180000168,2.547093741,0.351454054,1.200000000,0.004340713
1784881068.834508419,5.190000168,2.553615523,0.351696165,1.200000000,0.003790419
1784881068.844508648,5.200000168,2.560133588,0.351928183,1.200000000,0.003225442
1784881068.854508638,5.210000168,2.566648001,0.352150037,1.200000000,0.002645630
1784881068.864508629,5.220000168,2.573158824,0.352361651,1.200000000,0.002050833
1784881068.874508619,5.230000168,2.579666123,0.352562953,1.200000000,0.001440898
1784881068.884508610,5.240000168,2.586169960,0.352753867,1.200000000,0.000815676
1784881068.894508600,5.250000168,2.592670398,0.352934322,1.200000000,0.000175013
1784881068.904508591,5.260000168,2.599167499,0.353104242,1.200000000,-0.000481241
1784881068.914508581,5.270000168,2.605661324,0.353263554,1.200000000,-0.001153238
1784881068.924508572,5.280000168,2.612151935,0.353412185,1.200000000,-0.001841129
1784881068.934508562,5.290000168,2.618639390,0.353550060,1.200000000,-0.002545065
1784881068.944508553,5.300000168,2.625123749,0.353677106,1.200000000,-0.003265198
1784881068.954508543,5.310000168,2.631605071,0.353793249,1.200000000,-0.004001680
1784881068.964508533,5.320000168,2.638083413,0.353898417,1.200000000,-0.004754661
1784881068.974508524,5.330000168,2.644558832,0.353992534,1.200000000,-0.005524274
1784881068.984508514,5.340000168,2.651031385,0.354075529,1.200000000,-0.006310483
1784881068.994508505,5.350000168,2.657501125,0.354147327,1.200000000,-0.007113172
1784881069.004508495,5.360000168,2.663968108,0.354207855,1.200000000,-0.007932221
1784881069.014508486,5.370000168,2.670432388,0.354257040,1.200000000,-0.008767510
1784881069.024508476,5.380000168,2.676894015,0.354294809,1.200000000,-0.009618922
1784881069.034508467,5.390000168,2.683353043,0.354321089,1.200000000,-0.010486336
1784881069.044508457,5.400000168,2.689809522,0.354335807,1.200000000,-0.011369635
1784881069.054508448,5.410000168,2.696263501,0.354338890,1.200000000,-0.012268699
1784881069.064508438,5.420000168,2.702715029,0.354330266,1.200000000,-0.013183410
1784881069.074508429,5.430000168,2.709164155,0.354309861,1.200000000,-0.014113647
1784881069.084508419,5.440000168,2.715610924,0.354277604,1.200000000,-0.015059294
1784881069.094508648,5.450000168,2.722055382,0.354233422,1.200000000,-0.016020229
1784881069.104508638,5.460000168,2.728497573,0.354177242,1.200000000,-0.016996336
1784881069.114508629,5.470000168,2.734937543,0.354108994,1.200000000,-0.017987494
1784881069.124508619,5.480000168,2.741375332,0.354028605,1.200000000,-0.018993585
1784881069.134508610,5.490000168,2.747810983,0.353936003,1.200000000,-0.020014490
1784881069.144508600,5.500000168,2.754244535,0.353831117,1.200000000,-0.021050090
1784881069.154508591,5.510000168,2.760676029,0.353713875,1.200000000,-0.022100265
1784881069.164508581,5.520000168,2.767105501,0.353584207,1.200000000,-0.023164898
1784881069.174508572,5.530000168,2.773532990,0.353442041,1.200000000,-0.024243869
1784881069.184508562,5.540000168,2.779958531,0.353287307,1.200000000,-0.025337060
1784881069.194508553,5.550000168,2.786382158,0.353119934,1.200000000,-0.026444350
1784881069.204508543,5.560000168,2.792803906,0.352939852,1.200000000,-0.027565622
1784881069.214508533,5.570000168,2.799223807,0.352746991,1.200000000,-0.028700756
1784881069.224508524,5.580000168,2.805641892,0.352541280,1.200000000,-0.029849634
1784881069.234508514,5.590000168,2.812058191,0.352322651,1.200000000,-0.031012137
1784881069.244508505,5.600000168,2.818472734,0.352091034,1.200000000,-0.032188145
1784881069.254508495,5.610000168,2.824885548,0.351846360,1.200000000,-0.033377540
1784881069.264508486,5.620000168,2.831296659,0.351588560,1.200000000,-0.034580203
1784881069.274508476,5.630000168,2.837706094,0.351317565,1.200000000,-0.035796015
1784881069.284508467,5.640000168,2.844113876,0.351033308,1.200000000,-0.037024857
1784881069.294508457,5.650000168,2.850520029,0.350735720,1.200000000,-0.038266610
1784881069.304508448,5.660000168,2.856924575,0.350424735,1.200000000,-0.039521155
1784881069.314508438,5.670000168,2.863327534,0.350100283,1.200000000,-0.040788373
1784881069.324508429,5.680000168,2.869728926,0.349762299,1.200000000,-0.042068146
1784881069.334508419,5.690000168,2.876128769,0.349410716,1.200000000,-0.043360354
1784881069.344508648,5.700000168,2.882527080,0.349045468,1.200000000,-0.044664878
1784881069.354508638,5.710000168,2.888923876,0.348666488,1.200000000,-0.045981600
1784881069.364508629,5.720000168,2.895319171,0.348273710,1.200000000,-0.047310401
1784881069.374508619,5.730000168,2.901712979,0.347867071,1.200000000,-0.048651161
1784881069.384508610,5.740000168,2.908105312,0.347446504,1.200000000,-0.050003762
1784881069.394508600,5.750000168,2.914496182,0.347011946,1.200000000,-0.051368085
1784881069.404508591,5.760000168,2.920885598,0.346563332,1.200000000,-0.052744011
1784881069.414508581,5.770000168,2.927273570,0.346100599,1.200000000,-0.054131420
1784881069.424508572,5.780000168,2.933660106,0.345623682,1.200000000,-0.055530195
1784881069.434508562,5.790000168,2.940045211,0.345132521,1.200000000,-0.056940216
1784881069.444508553,5.800000168,2.946428892,0.344627051,1.200000000,-0.058361364
1784881069.454508543,5.810000168,2.952811153,0.344107212,1.200000000,-0.059793520
1784881069.464508533,5.820000168,2.959191997,0.343572941,1.200000000,-0.061236566
1784881069.474508524,5.830000168,2.965571426,0.343024177,1.200000000,-0.062690383
1784881069.484508514,5.840000168,2.971949441,0.342460860,1.200000000,-0.064154850
1784881069.494508505,5.850000168,2.978326042,0.341882930,1.200000000,-0.065629851
1784881069.504508495,5.860000168,2.984701227,0.341290328,1.200000000,-0.067115265
1784881069.514508486,5.870000168,2.991074995,0.340682993,1.200000000,-0.068610973
1784881069.524508476,5.880000168,2.997447340,0.340060868,1.200000000,-0.070116858
1784881069.534508467,5.890000168,3.003818260,0.339423894,1.200000000,-0.071632799
1784881069.544508457,5.900000168,3.010187748,0.338772013,1.200000000,-0.073158679
1784881069.554508448,5.910000168,3.016555798,0.338105169,1.200000000,-0.074694377
1784881069.564508438,5.920000168,3.022922401,0.337423306,1.200000000,-0.076239776
1784881069.574508429,5.930000168,3.029287549,0.336726366,1.200000000,-0.077794756
1784881069.584508419,5.940000168,3.035651233,0.336014295,1.200000000,-0.079359198
1784881069.594508648,5.950000168,3.042013440,0.335287039,1.200000000,-0.080932983
1784881069.604508638,5.960000168,3.048374159,0.334544541,1.200000000,-0.082515993
1784881069.614508629,5.970000168,3.054733378,0.333786750,1.200000000,-0.084108108
1784881069.624508619,5.980000168,3.061091082,0.333013612,1.200000000,-0.085709210
1784881069.634508610,5.990000168,3.067447257,0.332225074,1.200000000,-0.087319180
1784881069.644508600,6.000000168,3.073801886,0.331421085,1.200000000,-0.088937898
1784881069.654508591,6.010000168,3.080154953,0.330601594,1.200000000,-0.090565246
1784881069.664508581,6.020000168,3.086506440,0.329766549,1.200000000,-0.092201105
1784881069.674508572,6.030000168,3.092856329,0.328915901,1.200000000,-0.093845356
1784881069.684508562,6.040000168,3.099204599,0.328049601,1.200000000,-0.095497880
1784881069.694508553,6.050000168,3.105551231,0.327167601,1.200000000,-0.097158558
1784881069.704508543,6.060000168,3.111896203,0.326269851,1.200000000,-0.098827271
1784881069.714508533,6.070000168,3.118239493,0.325356305,1.200000000,-0.100503901
1784881069.724508524,6.080000168,3.124581078,0.324426916,1.200000000,-0.102188328
1784881069.734508514,6.090000168,3.130920934,0.323481639,1.200000000,-0.103880433
1784881069.744508505,6.100000168,3.137259036,0.322520429,1.200000000,-0.105580098
1784881069.754508495,6.110000168,3.143595359,0.321543240,1.200000000,-0.107287203
1784881069.764508486,6.120000168,3.149929876,0.320550029,1.200000000,-0.109001630
1784881069.774508476,6.130000168,3.156262560,0.319540754,1.200000000,-0.110723260
1784881069.784508467,6.140000168,3.162593384,0.318515371,1.200000000,-0.112451973
1784881069.794508457,6.150000168,3.168922320,0.317473840,1.200000000,-0.114187652
1784881069.804508448,6.160000168,3.175249337,0.316416120,1.200000000,-0.115930176
1784881069.814508438,6.170000168,3.181574405,0.315342171,1.200000000,-0.117679427
1784881069.824508429,6.180000168,3.187897495,0.314251953,1.200000000,-0.119435287
1784881069.834508419,6.190000168,3.194218575,0.313145429,1.200000000,-0.121197635
1784881069.844508648,6.200000168,3.200537612,0.312022561,1.200000000,-0.122966354
1784881069.854508638,6.210000168,3.206854575,0.310883311,1.200000000,-0.124741324
1784881069.864508629,6.220000168,3.213169429,0.309727645,1.200000000,-0.126522427
1784881069.874508619,6.230000168,3.219482142,0.308555526,1.200000000,-0.128309543
1784881069.884508610,6.240000168,3.225792678,0.307366921,1.200000000,-0.130102553
1784881069.894508600,6.250000168,3.232101003,0.306161796,1.200000000,-0.131901339
1784881069.904508591,6.260000168,3.238407081,0.304940119,1.200000000,-0.133705782
1784881069.914508581,6.270000168,3.244710877,0.303701858,1.200000000,-0.135515763
1784881069.924508572,6.280000168,3.251012353,0.302446981,1.200000000,-0.137331162
1784881069.934508562,6.290000168,3.257311473,0.301175460,1.200000000,-0.139151862
1784881069.944508553,6.300000168,3.263608199,0.299887264,1.200000000,-0.140977742
1784881069.954508543,6.310000168,3.269902493,0.298582366,1.200000000,-0.142808685
1784881069.964508533,6.320000168,3.276194317,0.297260738,1.200000000,-0.144644571
1784881069.974508524,6.330000168,3.282483633,0.295922354,1.200000000,-0.146485280
1784881069.984508514,6.340000168,3.288770400,0.294567187,1.200000000,-0.148330696
1784881069.994508505,6.350000168,3.295054580,0.293195215,1.200000000,-0.150180697
1784881070.004508495,6.360000168,3.301336132,0.291806412,1.200000000,-0.152035166
1784881070.014508486,6.370000168,3.307615017,0.290400757,1.200000000,-0.153893984
1784881070.024508476,6.380000168,3.313891194,0.288978227,1.200000000,-0.155757031
1784881070.034508467,6.390000168,3.320164622,0.287538801,1.200000000,-0.157624189
1784881070.044508457,6.400000168,3.326435260,0.286082460,1.200000000,-0.159495339
1784881070.054508448,6.410000168,3.332703067,0.284609185,1.200000000,-0.161370361
1784881070.064508438,6.420000168,3.338968001,0.283118957,1.200000000,-0.163249138
1784881070.074508429,6.430000168,3.345230020,0.281611760,1.200000000,-0.165131549
1784881070.084508419,6.440000168,3.351489083,0.280087578,1.200000000,-0.167017477
1784881070.094508648,6.450000168,3.357745148,0.278546396,1.200000000,-0.168906801
1784881070.104508638,6.460000168,3.363998171,0.276988199,1.200000000,-0.170799404
1784881070.114508629,6.470000168,3.370248112,0.275412975,1.200000000,-0.172695166
1784881070.124508619,6.480000168,3.376494926,0.273820712,1.200000000,-0.174593969
1784881070.134508610,6.490000168,3.382738572,0.272211398,1.200000000,-0.176495693
1784881070.144508600,6.500000168,3.388979007,0.270585024,1.200000000,-0.178400219
1784881070.154508591,6.510000168,3.395216189,0.268941581,1.200000000,-0.180307429
1784881070.164508581,6.520000168,3.401450073,0.267281061,1.200000000,-0.182217204
1784881070.174508572,6.530000168,3.407680619,0.265603458,1.200000000,-0.184129424
1784881070.184508562,6.540000168,3.413907782,0.263908764,1.200000000,-0.186043972
1784881070.194508553,6.550000168,3.420131521,0.262196977,1.200000000,-0.187960727
1784881070.204508543,6.560000168,3.426351792,0.260468091,1.200000000,-0.189879571
1784881070.214508533,6.570000168,3.432568554,0.258722104,1.200000000,-0.191800385
1784881070.224508524,6.580000168,3.438781762,0.256959016,1.200000000,-0.193723051
1784881070.234508514,6.590000168,3.444991376,0.255178825,1.200000000,-0.195647448
1784881070.244508505,6.600000168,3.451197353,0.253381531,1.200000000,-0.197573459
1784881070.254508495,6.610000168,3.457399649,0.251567138,1.200000000,-0.199500964
1784881070.264508486,6.620000168,3.463598225,0.249735647,1.200000000,-0.201429845
1784881070.274508476,6.630000168,3.469793037,0.247887062,1.200000000,-0.203359982
1784881070.284508467,6.640000168,3.475984044,0.246021388,1.200000000,-0.205291257
1784881070.294508457,6.650000168,3.482171205,0.244138633,1.200000000,-0.207223550
1784881070.304508448,6.660000168,3.488354479,0.242238801,1.200000000,-0.209156743
1784881070.314508438,6.670000168,3.494533824,0.240321903,1.200000000,-0.211090717
1784881070.324508429,6.680000168,3.500709201,0.238387947,1.200000000,-0.213025353
1784881070.334508419,6.690000168,3.506880568,0.236436945,1.200000000,-0.214960532
1784881070.344508648,6.700000168,3.513047885,0.234468906,1.200000000,-0.216896135
1784881070.354508638,6.710000168,3.519211114,0.232483846,1.200000000,-0.218832043
1784881070.364508629,6.720000168,3.525370214,0.230481777,1.200000000,-0.220768137
1784881070.374508619,6.730000168,3.531525147,0.228462714,1.200000000,-0.222704298
1784881070.384508610,6.740000168,3.537675874,0.226426675,1.200000000,-0.224640408
1784881070.394508600,6.750000168,3.543822356,0.224373675,1.200000000,-0.226576347
1784881070.404508591,6.760000168,3.549964557,0.222303734,1.200000000,-0.228511997
1784881070.414508581,6.770000168,3.556102438,0.220216872,1.200000000,-0.230447238
1784881070.424508572,6.780000168,3.562235963,0.218113108,1.200000000,-0.232381952
1784881070.434508562,6.790000168,3.568365095,0.215992466,1.200000000,-0.234316019
1784881070.444508553,6.800000168,3.574489798,0.213854968,1.200000000,-0.236249322
1784881070.454508543,6.810000168,3.580610036,0.211700638,1.200000000,-0.238181740
1784881070.464508533,6.820000168,3.586725776,0.209529503,1.200000000,-0.240113155
1784881070.474508524,6.830000168,3.592836981,0.207341588,1.200000000,-0.242043448
1784881070.484508514,6.840000168,3.598943619,0.205136921,1.200000000,-0.243972501
1784881070.494508505,6.850000168,3.605045656,0.202915532,1.200000000,-0.245900193
1784881070.504508495,6.860000168,3.611143059,0.200677450,1.200000000,-0.247826407
1784881070.514508486,6.870000168,3.617235796,0.198422706,1.200000000,-0.249751023
1784881070.524508476,6.880000168,3.623323834,0.196151334,1.200000000,-0.251673922
1784881070.534508467,6.890000168,3.629407144,0.193863366,1.200000000,-0.253594986
1784881070.544508457,6.900000168,3.635485695,0.191558838,1.200000000,-0.255514096
1784881070.554508448,6.910000168,3.641559457,0.189237785,1.200000000,-0.257431132
1784881070.564508438,6.920000168,3.647628400,0.186900245,1.200000000,-0.259345976
1784881070.574508429,6.930000168,3.653692497,0.184546255,1.200000000,-0.261258508
1784881070.584508419,6.940000168,3.659751719,0.182175856,1.200000000,-0.263168611
1784881070.594508648,6.950000168,3.665806040,0.179789087,1.200000000,-0.265076164
1784881070.604508638,6.960000168,3.671855433,0.177385991,1.200000000,-0.266981050
1784881070.614508629,6.970000168,3.677899872,0.174966611,1.200000000,-0.268883148
1784881070.624508619,6.980000168,3.683939332,0.172530990,1.200000000,-0.270782341
1784881070.634508610,6.990000168,3.689973790,0.170079174,1.200000000,-0.272678509
1784881070.644508600,7.000000168,3.696003220,0.167611210,1.200000000,-0.274571533
1784881070.654508591,7.010000168,3.702027602,0.165127145,1.200000000,-0.276461323
1784881070.664508581,7.020000168,3.708046912,0.162627028,1.200000000,-0.278347865
1784881070.674508572,7.030000168,3.714061129,0.160110908,1.200000000,-0.280231159
1784881070.684508562,7.040000168,3.720070233,0.157578837,1.200000000,-0.282111205
1784881070.694508553,7.050000168,3.726074204,0.155030868,1.200000000,-0.283988002
1784881070.704508543,7.060000168,3.732073022,0.152467053,1.200000000,-0.285861550
1784881070.714508533,7.070000168,3.738066671,0.149887447,1.200000000,-0.287731849
1784881070.724508524,7.080000168,3.744055132,0.147292106,1.200000000,-0.289598899
1784881070.734508514,7.090000168,3.750038389,0.144681087,1.200000000,-0.291462699
1784881070.744508505,7.100000168,3.756016427,0.142054447,1.200000000,-0.293323249
1784881070.754508495,7.110000168,3.761989229,0.139412246,1.200000000,-0.295180549
1784881070.764508486,7.120000168,3.767956783,0.136754544,1.200000000,-0.297034599
1784881070.774508476,7.130000168,3.773919074,0.134081403,1.200000000,-0.298885398
1784881070.784508467,7.140000168,3.779876090,0.131392884,1.200000000,-0.300732947
1784881070.794508457,7.150000168,3.785827821,0.128689052,1.200000000,-0.302577244
1784881070.804508448,7.160000168,3.791774254,0.125969972,1.200000000,-0.304418290
1784881070.814508438,7.170000168,3.797715380,0.123235709,1.200000000,-0.306256084
1784881070.824508429,7.180000168,3.803651190,0.120486329,1.200000000,-0.308090627
1784881070.834508419,7.190000168,3.809581675,0.117721903,1.200000000,-0.309921917
1784881070.844508648,7.200000168,3.815506829,0.114942498,1.200000000,-0.311749955
1784881070.854508638,7.210000168,3.821426644,0.112148184,1.200000000,-0.313574741
1784881070.864508629,7.220000168,3.827341115,0.109339034,1.200000000,-0.315396274
1784881070.874508619,7.230000168,3.833250238,0.106515119,1.200000000,-0.317214553
1784881070.884508610,7.240000168,3.839154007,0.103676513,1.200000000,-0.319029579
1784881070.894508600,7.250000168,3.845052421,0.100823291,1.200000000,-0.320841352
1784881070.904508591,7.260000168,3.850945476,0.097955529,1.200000000,-0.322649871
1784881070.914508581,7.270000168,3.856833171,0.095073302,1.200000000,-0.324455135
1784881070.924508572,7.280000168,3.862715506,0.092176690,1.200000000,-0.326257146
1784881070.934508562,7.290000168,3.868592482,0.089265770,1.200000000,-0.328055901
1784881070.944508553,7.300000168,3.874464098,0.086340622,1.200000000,-0.329851402
1784881070.954508543,7.310000168,3.880330358,0.083401328,1.200000000,-0.331643648
1784881070.964508533,7.320000168,3.886191264,0.080447969,1.200000000,-0.333432639
1784881070.974508524,7.330000168,3.892046820,0.077480629,1.200000000,-0.335218373
1784881070.984508514,7.340000168,3.897897030,0.074499391,1.200000000,-0.337000852
1784881070.994508505,7.350000168,3.903741900,0.071504340,1.200000000,-0.338780075
1784881071.004508495,7.360000168,3.909581437,0.068495562,1.200000000,-0.340556042
1784881071.014508486,7.370000168,3.915415647,0.065473144,1.200000000,-0.342328752
1784881071.024508476,7.380000168,3.921244538,0.062437174,1.200000000,-0.344098205
1784881071.034508467,7.390000168,3.927068120,0.059387741,1.200000000,-0.345864401
1784881071.044508457,7.400000168,3.932886402,0.056324935,1.200000000,-0.347627340
1784881071.054508448,7.410000168,3.938699393,0.053248847,1.200000000,-0.349387021
1784881071.064508438,7.420000168,3.944507107,0.050159567,1.200000000,-0.351143444
1784881071.074508429,7.430000168,3.950309554,0.047057190,1.200000000,-0.352896609
1784881071.084508419,7.440000168,3.956106749,0.043941808,1.200000000,-0.354646516
1784881071.094508648,7.450000168,3.961898704,0.040813517,1.200000000,-0.356393164
1784881071.104508638,7.460000168,3.967685434,0.037672411,1.200000000,-0.358136553
1784881071.114508629,7.470000168,3.973466955,0.034518588,1.200000000,-0.359876684
1784881071.124508619,7.480000168,3.979243282,0.031352144,1.200000000,-0.361613554
1784881071.134508610,7.490000168,3.985014434,0.028173177,1.200000000,-0.363347166
1784881071.144508600,7.500000168,3.990780427,0.024981787,1.200000000,-0.365077517
1784881071.154508591,7.510000168,3.996541280,0.021778074,1.200000000,-0.366804608
1784881071.164508581,7.520000168,4.002297013,0.018562138,1.200000000,-0.368528439
1784881071.174508572,7.530000168,4.008047646,0.015334081,1.200000000,-0.370249010
1784881071.184508562,7.540000168,4.013793200,0.012094005,1.200000000,-0.371966319
1784881071.194508553,7.550000168,4.019533695,0.008842014,1.200000000,-0.373680368
1784881071.204508543,7.560000168,4.025269156,0.005578212,1.200000000,-0.375391155
1784881071.214508533,7.570000168,4.030999604,0.002302704,1.200000000,-0.377098680
1784881071.224508524,7.580000168,4.036725064,-0.000984404,1.200000000,-0.378802944
1784881071.234508514,7.590000168,4.042445561,-0.004283007,1.200000000,-0.380503946
1784881071.244508505,7.600000168,4.048161119,-0.007592996,1.200000000,-0.382201685
1784881071.254508495,7.610000168,4.053871765,-0.010914263,1.200000000,-0.383896161
1784881071.264508486,7.620000168,4.059577525,-0.014246700,1.200000000,-0.385587375
1784881071.274508476,7.630000168,4.065278427,-0.017590197,1.200000000,-0.387275326
1784881071.284508467,7.640000168,4.070974500,-0.020944644,1.200000000,-0.388960013
1784881071.294508457,7.650000168,4.076665771,-0.024309929,1.200000000,-0.390641437
1784881071.304508448,7.660000168,4.082352271,-0.027685941,1.200000000,-0.392319597
1784881071.314508438,7.670000168,4.088034030,-0.031072567,1.200000000,-0.393994492
1784881071.324508429,7.680000168,4.093711077,-0.034469695,1.200000000,-0.395666124
1784881071.334508419,7.690000168,4.099383446,-0.037877209,1.200000000,-0.397334490
1784881071.344508648,7.700000168,4.105051167,-0.041294996,1.200000000,-0.398999592
1784881071.354508638,7.710000168,4.110714275,-0.044722940,1.200000000,-0.400661429
1784881071.364508629,7.720000168,4.116372801,-0.048160926,1.200000000,-0.402320001
1784881071.374508619,7.730000168,4.122026779,-0.051608837,1.200000000,-0.403975307
1784881071.384508610,7.740000168,4.127676246,-0.055066555,1.200000000,-0.405627347
1784881071.394508600,7.750000168,4.133321234,-0.058533963,1.200000000,-0.407276121
1784881071.404508591,7.760000168,4.138961781,-0.062010943,1.200000000,-0.408921628
1784881071.414508581,7.770000168,4.144597922,-0.065497375,1.200000000,-0.410563869
1784881071.424508572,7.780000168,4.150229694,-0.068993140,1.200000000,-0.412202843
1784881071.434508562,7.790000168,4.155857135,-0.072498118,1.200000000,-0.413838550
1784881071.444508553,7.800000168,4.161480282,-0.076012188,1.200000000,-0.415470990
1784881071.454508543,7.810000168,4.167099174,-0.079535229,1.200000000,-0.417100162
1784881071.464508533,7.820000168,4.172713849,-0.083067118,1.200000000,-0.418726066
1784881071.474508524,7.830000168,4.178324347,-0.086607734,1.200000000,-0.420348702
1784881071.484508514,7.840000168,4.183930708,-0.090156954,1.200000000,-0.421968070
1784881071.494508505,7.850000168,4.189532972,-0.093714654,1.200000000,-0.423584169
1784881071.504508495,7.860000168,4.195131180,-0.097280710,1.200000000,-0.425197000
1784881071.514508486,7.870000168,4.200725373,-0.100854998,1.200000000,-0.426806561
1784881071.524508476,7.880000168,4.206315593,-0.104437394,1.200000000,-0.428412853
1784881071.534508467,7.890000168,4.211901882,-0.108027771,1.200000000,-0.430015875
1784881071.544508457,7.900000168,4.217484282,-0.111626005,1.200000000,-0.431615627
1784881071.554508448,7.910000168,4.223062837,-0.115231969,1.200000000,-0.433212110
1784881071.564508438,7.920000168,4.228637589,-0.118845536,1.200000000,-0.434805321
1784881071.574508429,7.930000168,4.234208583,-0.122466579,1.200000000,-0.436395263
1784881071.584508419,7.940000168,4.239775863,-0.126094971,1.200000000,-0.437981933
1784881071.594508648,7.950000168,4.245339472,-0.129730584,1.200000000,-0.439565333
1784881071.604508638,7.960000168,4.250899456,-0.133373291,1.200000000,-0.441145461
1784881071.614508629,7.970000168,4.256455860,-0.137022961,1.200000000,-0.442722317
1784881071.624508619,7.980000168,4.262008729,-0.140679468,1.200000000,-0.444295902
1784881071.634508610,7.990000168,4.267558109,-0.144342680,1.200000000,-0.445866214
1784881071.644508600,8.000000168,4.273104045,-0.148012469,1.200000000,-0.447433254
1784881071.654508591,8.010000168,4.278646585,-0.151688705,1.200000000,-0.448997022
1784881071.664508581,8.020000168,4.284185775,-0.155371257,1.200000000,-0.450557516
1784881071.674508572,8.030000168,4.289721661,-0.159059996,1.200000000,-0.452114738
1784881071.684508562,8.040000168,4.295254290,-0.162754790,1.200000000,-0.453668686
1784881071.694508553,8.050000168,4.300783711,-0.166455508,1.200000000,-0.455219361
1784881071.704508543,8.060000168,4.306309969,-0.170162020,1.200000000,-0.456766761
1784881071.714508533,8.070000168,4.311833114,-0.173874192,1.200000000,-0.458310888
1784881071.724508524,8.080000168,4.317353192,-0.177591895,1.200000000,-0.459851740
1784881071.734508514,8.090000168,4.322870252,-0.181314995,1.200000000,-0.461389318
1784881071.744508505,8.100000168,4.328384342,-0.185043361,1.200000000,-0.462923620
1784881071.754508495,8.110000168,4.333895511,-0.188776860,1.200000000,-0.464454648
1784881071.764508486,8.120000168,4.339403807,-0.192515359,1.200000000,-0.465982400
1784881071.774508476,8.130000168,4.344909278,-0.196258726,1.200000000,-0.467506877
1784881071.784508467,8.140000168,4.350411973,-0.200006828,1.200000000,-0.469028078
1784881071.794508457,8.150000168,4.355911942,-0.203759532,1.200000000,-0.470546003
1784881071.804508448,8.160000168,4.361409233,-0.207516705,1.200000000,-0.472060651
1784881071.814508438,8.170000168,4.366903894,-0.211278212,1.200000000,-0.473572023
1784881071.824508429,8.180000168,4.372395976,-0.215043922,1.200000000,-0.475080118
1784881071.834508419,8.190000168,4.377885527,-0.218813700,1.200000000,-0.476584936
1784881071.844508648,8.200000168,4.383372596,-0.222587412,1.200000000,-0.478086476
1784881071.854508638,8.210000168,4.388857232,-0.226364926,1.200000000,-0.479584739
1784881071.864508629,8.220000168,4.394339485,-0.230146107,1.200000000,-0.481079724
1784881071.874508619,8.230000168,4.399819404,-0.233930821,1.200000000,-0.482571431
1784881071.884508610,8.240000168,4.405297038,-0.237718934,1.200000000,-0.484059860
1784881071.894508600,8.250000168,4.410772435,-0.241510313,1.200000000,-0.485545009
1784881071.904508591,8.260000168,4.416245646,-0.245304823,1.200000000,-0.487026881
1784881071.914508581,8.270000168,4.421716718,-0.249102332,1.200000000,-0.488505472
1784881071.924508572,8.280000168,4.427185702,-0.252902703,1.200000000,-0.489980785
1784881071.934508562,8.290000168,4.432652645,-0.256705805,1.200000000,-0.491452818
1784881071.944508553,8.300000168,4.438117597,-0.260511503,1.200000000,-0.492921571
1784881071.954508543,8.310000168,4.443580606,-0.264319662,1.200000000,-0.494387044
1784881071.964508533,8.320000168,4.449041721,-0.268130150,1.200000000,-0.495849237
1784881071.974508524,8.330000168,4.454500989,-0.271942832,1.200000000,-0.497308149
1784881071.984508514,8.340000168,4.459958460,-0.275757575,1.200000000,-0.498763780
1784881071.994508505,8.350000168,4.465414182,-0.279574245,1.200000000,-0.500216130
1784881072.004508495,8.360000168,4.470868202,-0.283392709,1.200000000,-0.501665199
1784881072.014508486,8.370000168,4.476320568,-0.287212832,1.200000000,-0.503110986
1784881072.024508476,8.380000168,4.481771327,-0.291034483,1.200000000,-0.504553491
1784881072.034508467,8.390000168,4.487220528,-0.294857527,1.200000000,-0.505992715
1784881072.044508457,8.400000168,4.492668216,-0.298681832,1.200000000,-0.507428655
1784881072.054508448,8.410000168,4.498114440,-0.302507265,1.200000000,-0.508861313
1784881072.064508438,8.420000168,4.503559245,-0.306333693,1.200000000,-0.510290689
1784881072.074508429,8.430000168,4.509002679,-0.310160983,1.200000000,-0.511716781
1784881072.084508419,8.440000168,4.514444787,-0.313989003,1.200000000,-0.513139590
1784881072.094508648,8.450000168,4.519885614,-0.317817621,1.200000000,-0.514559115
1784881072.104508638,8.460000168,4.525325208,-0.321646705,1.200000000,-0.515975356
1784881072.114508629,8.470000168,4.530763613,-0.325476122,1.200000000,-0.517388314
1784881072.124508619,8.480000168,4.536200873,-0.329305742,1.200000000,-0.518797987
1784881072.134508610,8.490000168,4.541637034,-0.333135433,1.200000000,-0.520204375
1784881072.144508600,8.500000168,4.547072140,-0.336965064,1.200000000,-0.521607478
1784881072.154508591,8.510000168,4.552506235,-0.340794504,1.200000000,-0.523007297
1784881072.164508581,8.520000168,4.557939363,-0.344623622,1.200000000,-0.524403830
1784881072.174508572,8.530000168,4.563371567,-0.348452288,1.200000000,-0.525797077
1784881072.184508562,8.540000168,4.568802889,-0.352280371,1.200000000,-0.527187039
1784881072.194508553,8.550000168,4.574233373,-0.356107743,1.200000000,-0.528573714
1784881072.204508543,8.560000168,4.579663060,-0.359934273,1.200000000,-0.529957103
1784881072.214508533,8.570000168,4.585091992,-0.363759833,1.200000000,-0.531337205
1784881072.224508524,8.580000168,4.590520211,-0.367584293,1.200000000,-0.532714021
1784881072.234508514,8.590000168,4.595947757,-0.371407525,1.200000000,-0.534087549
1784881072.244508505,8.600000168,4.601374671,-0.375229400,1.200000000,-0.535457790
1784881072.254508495,8.610000168,4.606800993,-0.379049791,1.200000000,-0.536824744
1784881072.264508486,8.620000168,4.612226763,-0.382868570,1.200000000,-0.538188409
1784881072.274508476,8.630000168,4.617652019,-0.386685610,1.200000000,-0.539548787
1784881072.284508467,8.640000168,4.623076800,-0.390500784,1.200000000,-0.540905876
1784881072.294508457,8.650000168,4.628501145,-0.394313966,1.200000000,-0.542259676
1784881072.304508448,8.660000168,4.633925091,-0.398125029,1.200000000,-0.543610188
1784881072.314508438,8.670000168,4.639348676,-0.401933848,1.200000000,-0.544957411
1784881072.324508429,8.680000168,4.644771935,-0.405740297,1.200000000,-0.546301344
1784881072.334508419,8.690000168,4.650194906,-0.409544251,1.200000000,-0.547641987
1784881072.344508648,8.700000168,4.655617623,-0.413345587,1.200000000,-0.548979341
1784881072.354508638,8.710000168,4.661040123,-0.417144180,1.200000000,-0.550313405
1784881072.364508629,8.720000168,4.666462440,-0.420939905,1.200000000,-0.551644178
1784881072.374508619,8.730000168,4.671884607,-0.424732641,1.200000000,-0.552971660
1784881072.384508610,8.740000168,4.677306659,-0.428522264,1.200000000,-0.554295852
1784881072.394508600,8.750000168,4.682728628,-0.432308652,1.200000000,-0.555616753
1784881072.404508591,8.760000168,4.688150547,-0.436091683,1.200000000,-0.556934362
1784881072.414508581,8.770000168,4.693572448,-0.439871236,1.200000000,-0.558248680
1784881072.424508572,8.780000168,4.698994361,-0.443647189,1.200000000,-0.559559705
1784881072.434508562,8.790000168,4.704416319,-0.447419423,1.200000000,-0.560867439
1784881072.444508553,8.800000168,4.709838350,-0.451187816,1.200000000,-0.562171880
1784881072.454508543,8.810000168,4.715260485,-0.454952250,1.200000000,-0.563473029
1784881072.464508533,8.820000168,4.720682752,-0.458712606,1.200000000,-0.564770885
1784881072.474508524,8.830000168,4.726105181,-0.462468765,1.200000000,-0.566065447
1784881072.484508514,8.840000168,4.731527797,-0.466220609,1.200000000,-0.567356717
1784881072.494508505,8.850000168,4.736950630,-0.469968020,1.200000000,-0.568644692
1784881072.504508495,8.860000168,4.742373705,-0.473710882,1.200000000,-0.569929374
1784881072.514508486,8.870000168,4.747797048,-0.477449077,1.200000000,-0.571210762
1784881072.524508476,8.880000168,4.753220685,-0.481182491,1.200000000,-0.572488855
1784881072.534508467,8.890000168,4.758644641,-0.484911007,1.200000000,-0.573763654
1784881072.544508457,8.900000168,4.764068939,-0.488634511,1.200000000,-0.575035158
1784881072.554508448,8.910000168,4.769493602,-0.492352888,1.200000000,-0.576303367
1784881072.564508438,8.920000168,4.774918655,-0.496066025,1.200000000,-0.577568280
1784881072.574508429,8.930000168,4.780344118,-0.499773807,1.200000000,-0.578829898
1784881072.584508419,8.940000168,4.785770015,-0.503476123,1.200000000,-0.580088220
1784881072.594508648,8.950000168,4.791196364,-0.507172860,1.200000000,-0.581343246
1784881072.604508638,8.960000168,4.796623188,-0.510863907,1.200000000,-0.582594975
1784881072.614508629,8.970000168,4.802050505,-0.514549151,1.200000000,-0.583843408
1784881072.624508619,8.980000168,4.807478334,-0.518228484,1.200000000,-0.585088544
1784881072.634508610,8.990000168,4.812906695,-0.521901795,1.200000000,-0.586330383
1784881072.644508600,9.000000168,4.818335604,-0.525568974,1.200000000,-0.587568924
1784881072.654508591,9.010000168,4.823765078,-0.529229913,1.200000000,-0.588804168
1784881072.664508581,9.020000168,4.829195135,-0.532884503,1.200000000,-0.590036114
1784881072.674508572,9.030000168,4.834625790,-0.536532637,1.200000000,-0.591264762
1784881072.684508562,9.040000168,4.840057059,-0.540174207,1.200000000,-0.592490111
1784881072.694508553,9.050000168,4.845488955,-0.543809108,1.200000000,-0.593712162
1784881072.704508543,9.060000168,4.850921493,-0.547437232,1.200000000,-0.594930914
1784881072.714508533,9.070000168,4.856354686,-0.551058475,1.200000000,-0.596146367
1784881072.724508524,9.080000168,4.861788546,-0.554672733,1.200000000,-0.597358521
1784881072.734508514,9.090000168,4.867223087,-0.558279900,1.200000000,-0.598567374
1784881072.744508505,9.100000168,4.872658318,-0.561879873,1.200000000,-0.599772928
1784881072.754508495,9.110000168,4.878094251,-0.565472549,1.200000000,-0.600975182
1784881072.764508486,9.120000168,4.883530897,-0.569057825,1.200000000,-0.602174136
1784881072.774508476,9.130000168,4.888968264,-0.572635601,1.200000000,-0.603369789
1784881072.784508467,9.140000168,4.894406362,-0.576205773,1.200000000,-0.604562141
1784881072.794508457,9.150000168,4.899845198,-0.579768243,1.200000000,-0.605751192
1784881072.804508448,9.160000168,4.905284781,-0.583322908,1.200000000,-0.606936941
1784881072.814508438,9.170000168,4.910725118,-0.586869671,1.200000000,-0.608119285
1784881072.824508429,9.180000168,4.916166215,-0.590408432,1.200000000,-0.609297890
1784881072.834508419,9.190000168,4.921608078,-0.593939092,1.200000000,-0.610472392
1784881072.844508648,9.200000168,4.927050713,-0.597461554,1.200000000,-0.611642426
1784881072.854508638,9.210000168,4.932494125,-0.600975720,1.200000000,-0.612807626
1784881072.864508629,9.220000168,4.937938317,-0.604481494,1.200000000,-0.613967630
1784881072.874508619,9.230000168,4.943383293,-0.607978780,1.200000000,-0.615122071
1784881072.884508610,9.240000168,4.948829057,-0.611467482,1.200000000,-0.616270584
1784881072.894508600,9.250000168,4.954275610,-0.614947505,1.200000000,-0.617412806
1784881072.904508591,9.260000168,4.959722956,-0.618418754,1.200000000,-0.618548371
1784881072.914508581,9.270000168,4.965171095,-0.621881137,1.200000000,-0.619676915
1784881072.924508572,9.280000168,4.970620029,-0.625334559,1.200000000,-0.620798073
1784881072.934508562,9.290000168,4.976069759,-0.628778927,1.200000000,-0.621911480
1784881072.944508553,9.300000168,4.981520283,-0.632214151,1.200000000,-0.623016771
1784881072.954508543,9.310000168,4.986971602,-0.635640137,1.200000000,-0.624113582
1784881072.964508533,9.320000168,4.992423714,-0.639056795,1.200000000,-0.625201547
1784881072.974508524,9.330000168,4.997876619,-0.642464035,1.200000000,-0.626280303
1784881072.984508514,9.340000168,5.003330314,-0.645861765,1.200000000,-0.627349484
1784881072.994508505,9.350000168,5.008784797,-0.649249897,1.200000000,-0.628408726
1784881073.004508495,9.360000168,5.014240065,-0.652628342,1.200000000,-0.629457664
1784881073.014508486,9.370000168,5.019696115,-0.655997011,1.200000000,-0.630495932
1784881073.024508476,9.380000168,5.025152943,-0.659355816,1.200000000,-0.631523168
1784881073.034508467,9.390000168,5.030610546,-0.662704670,1.200000000,-0.632539005
1784881073.044508457,9.400000168,5.036068919,-0.666043486,1.200000000,-0.633543078
1784881073.054508448,9.410000168,5.041528057,-0.669372177,1.200000000,-0.634535024
1784881073.064508438,9.420000168,5.046987955,-0.672690657,1.200000000,-0.635514477
1784881073.074508429,9.430000168,5.052448607,-0.675998842,1.200000000,-0.636481073
1784881073.084508419,9.440000168,5.057910008,-0.679296645,1.200000000,-0.637434447
1784881073.094508648,9.450000168,5.063372151,-0.682583983,1.200000000,-0.638374234
1784881073.104508638,9.460000168,5.068835030,-0.685860771,1.200000000,-0.639300069
1784881073.114508629,9.470000168,5.074298639,-0.689126925,1.200000000,-0.640211588
1784881073.124508619,9.480000168,5.079762969,-0.692382364,1.200000000,-0.641108426
1784881073.134508610,9.490000168,5.085228014,-0.695627003,1.200000000,-0.641990218
1784881073.144508600,9.500000168,5.090693767,-0.698860761,1.200000000,-0.642856599
1784881073.154508591,9.510000168,5.096160218,-0.702083557,1.200000000,-0.643707205
1784881073.164508581,9.520000168,5.101627361,-0.705295307,1.200000000,-0.644541671
1784881073.174508572,9.530000168,5.107095186,-0.708495933,1.200000000,-0.645359632
1784881073.184508562,9.540000168,5.112563685,-0.711685352,1.200000000,-0.646160723
1784881073.194508553,9.550000168,5.118032850,-0.714863486,1.200000000,-0.646944580
1784881073.204508543,9.560000168,5.123502672,-0.718030253,1.200000000,-0.647710838
1784881073.214508533,9.570000168,5.128973141,-0.721185576,1.200000000,-0.648459132
1784881073.224508524,9.580000168,5.134444249,-0.724329375,1.200000000,-0.649189098
1784881073.234508514,9.590000168,5.139915985,-0.727461572,1.200000000,-0.649900370
1784881073.244508505,9.600000168,5.145388341,-0.730582088,1.200000000,-0.650592584
1784881073.254508495,9.610000168,5.150861307,-0.733690846,1.200000000,-0.651265375
1784881073.264508486,9.620000168,5.156334874,-0.736787768,1.200000000,-0.651918379
1784881073.274508476,9.630000168,5.161809031,-0.739872778,1.200000000,-0.652551230
1784881073.284508467,9.640000168,5.167283769,-0.742945797,1.200000000,-0.653163564
1784881073.294508457,9.650000168,5.172759078,-0.746006751,1.200000000,-0.653755017
1784881073.304508448,9.660000168,5.178234948,-0.749055564,1.200000000,-0.654325222
1784881073.314508438,9.670000168,5.183711369,-0.752092158,1.200000000,-0.654873817
1784881073.324508429,9.680000168,5.189188332,-0.755116460,1.200000000,-0.655400435
1784881073.334508419,9.690000168,5.194665826,-0.758128393,1.200000000,-0.655904712
1784881073.344508648,9.700000168,5.200143842,-0.761127884,1.200000000,-0.656386284
1784881073.354508638,9.710000168,5.205622370,-0.764114858,1.200000000,-0.656844786
1784881073.364508629,9.720000168,5.211101401,-0.767089240,1.200000000,-0.657279852
1784881073.374508619,9.730000168,5.216580924,-0.770050956,1.200000000,-0.657691119
1784881073.384508610,9.740000168,5.222060930,-0.772999934,1.200000000,-0.658078221
1784881073.394508600,9.750000168,5.227541410,-0.775936099,1.200000000,-0.658440793
1784881073.404508591,9.760000168,5.233022355,-0.778859379,1.200000000,-0.658778472
1784881073.414508581,9.770000168,5.238503754,-0.781769701,1.200000000,-0.659090892
1784881073.424508572,9.780000168,5.243985600,-0.784666991,1.200000000,-0.659377688
1784881073.434508562,9.790000168,5.249467884,-0.787551179,1.200000000,-0.659638496
1784881073.444508553,9.800000168,5.254950596,-0.790422191,1.200000000,-0.659872950
1784881073.454508543,9.810000168,5.260433729,-0.793279956,1.200000000,-0.660080687
1784881073.464508533,9.820000168,5.265917273,-0.796124402,1.200000000,-0.660261342
1784881073.474508524,9.830000168,5.271401222,-0.798955458,1.200000000,-0.660414549
1784881073.484508514,9.840000168,5.276885567,-0.801773052,1.200000000,-0.660539944
1784881073.494508505,9.850000168,5.282370301,-0.804577114,1.200000000,-0.660637162
1784881073.504508495,9.860000168,5.287855416,-0.807367572,1.200000000,-0.660705838
1784881073.514508486,9.870000168,5.293340906,-0.810144355,1.200000000,-0.660745608
1784881073.524508476,9.880000168,5.298826764,-0.812907394,1.200000000,-0.660756108
1784881073.534508467,9.890000168,5.304312984,-0.815656617,1.200000000,-0.660736971
1784881073.544508457,9.900000168,5.309799559,-0.818391956,1.200000000,-0.660687834
1784881073.554508448,9.910000168,5.315286484,-0.821113339,1.200000000,-0.660608331
1784881073.564508438,9.920000168,5.320773754,-0.823820696,1.200000000,-0.660498098
1784881073.574508429,9.930000168,5.326261364,-0.826513959,1.200000000,-0.660356771
1784881073.584508419,9.940000168,5.331749309,-0.829193057,1.200000000,-0.660183984
1784881073.594508648,9.950000168,5.337237585,-0.831857921,1.200000000,-0.659979372
1784881073.604508638,9.960000168,5.342726189,-0.834508482,1.200000000,-0.659742572
1784881073.614508629,9.970000168,5.348215116,-0.837144670,1.200000000,-0.659473218
1784881073.624508619,9.980000168,5.353704365,-0.839766416,1.200000000,-0.659170945
1784881073.634508610,9.990000168,5.359193932,-0.842373652,1.200000000,-0.658835389
1784881073.644508600,10.000000168,5.364683816,-0.844966308,1.200000000,-0.658466184
1784881073.654508591,10.010000168,5.370174016,-0.847544315,1.200000000,-0.658062967
1784881073.664508581,10.020000168,5.375664529,-0.850107606,1.200000000,-0.657625373
1784881073.674508572,10.030000168,5.381155357,-0.852656110,1.200000000,-0.657153036
1784881073.684508562,10.040000168,5.386646498,-0.855189761,1.200000000,-0.656645592
1784881073.694508553,10.050000168,5.392137954,-0.857708488,1.200000000,-0.656102676
1784881073.704508543,10.060000168,5.397629725,-0.860212225,1.200000000,-0.655523924
1784881073.714508533,10.070000168,5.403121813,-0.862700901,1.200000000,-0.654908970
1784881073.724508524,10.080000168,5.408614220,-0.865174450,1.200000000,-0.654257450
1784881073.734508514,10.090000168,5.414106949,-0.867632804,1.200000000,-0.653569000
1784881073.744508505,10.100000168,5.419600004,-0.870075892,1.200000000,-0.652843254
1784881073.754508495,10.110000168,5.425093387,-0.872503649,1.200000000,-0.652079847
1784881073.764508486,10.120000168,5.430587104,-0.874916005,1.200000000,-0.651278416
1784881073.774508476,10.130000168,5.436081160,-0.877312893,1.200000000,-0.650438595
1784881073.784508467,10.140000168,5.441575560,-0.879694244,1.200000000,-0.649560019
1784881073.794508457,10.150000168,5.447070311,-0.882059992,1.200000000,-0.648642324
1784881073.804508448,10.160000168,5.452565419,-0.884410067,1.200000000,-0.647685145
1784881073.814508438,10.170000168,5.458060893,-0.886744401,1.200000000,-0.646688117
1784881073.824508429,10.180000168,5.463556740,-0.889062928,1.200000000,-0.645650875
1784881073.834508419,10.190000168,5.469052970,-0.891365579,1.200000000,-0.644573056
1784881073.844508648,10.200000168,5.474549591,-0.893652287,1.200000000,-0.643454293
1784881073.854508638,10.210000168,5.480046615,-0.895922983,1.200000000,-0.642294222
1784881073.864508629,10.220000168,5.485544052,-0.898177599,1.200000000,-0.641092479
1784881073.874508619,10.230000168,5.491041914,-0.900416069,1.200000000,-0.639848699
1784881073.884508610,10.240000168,5.496540213,-0.902638324,1.200000000,-0.638562516
1784881073.894508600,10.250000168,5.502038962,-0.904844297,1.200000000,-0.637233567
1784881073.904508591,10.260000168,5.507538174,-0.907033919,1.200000000,-0.635861486
1784881073.914508581,10.270000168,5.513037864,-0.909207124,1.200000000,-0.634445909
1784881073.924508572,10.280000168,5.518538048,-0.911363843,1.200000000,-0.632986471
1784881073.934508562,10.290000168,5.524038740,-0.913504009,1.200000000,-0.631482807
1784881073.944508553,10.300000168,5.529539958,-0.915627553,1.200000000,-0.629934552
1784881073.954508543,10.310000168,5.535041719,-0.917734410,1.200000000,-0.628341343
1784881073.964508533,10.320000168,5.540544040,-0.919824509,1.200000000,-0.626702813
1784881073.974508524,10.330000168,5.546046940,-0.921897785,1.200000000,-0.625018598
1784881073.984508514,10.340000168,5.551550439,-0.923954170,1.200000000,-0.623288334
1784881073.994508505,10.350000168,5.557054557,-0.925993595,1.200000000,-0.621511656
1784881074.004508495,10.360000168,5.562559315,-0.928015994,1.200000000,-0.619688198
1784881074.014508486,10.370000168,5.568064734,-0.930021298,1.200000000,-0.617817597
1784881074.024508476,10.380000168,5.573570837,-0.932009440,1.200000000,-0.615899487
1784881074.034508467,10.390000168,5.579077647,-0.933980353,1.200000000,-0.613933504
1784881074.044508457,10.400000168,5.584585187,-0.935933969,1.200000000,-0.611919283
1784881074.054508448,10.410000168,5.590093482,-0.937870220,1.200000000,-0.609856459
1784881074.064508438,10.420000168,5.595602557,-0.939789040,1.200000000,-0.607744668
1784881074.074508429,10.430000168,5.601112439,-0.941690360,1.200000000,-0.605583544
1784881074.084508419,10.440000168,5.606623153,-0.943574114,1.200000000,-0.603372724
1784881074.094508648,10.450000168,5.612134728,-0.945440234,1.200000000,-0.601111841
1784881074.104508638,10.460000168,5.617647192,-0.947288653,1.200000000,-0.598800532
1784881074.114508629,10.470000168,5.623160573,-0.949119303,1.200000000,-0.596438432
1784881074.124508619,10.480000168,5.628674901,-0.950932117,1.200000000,-0.594025176
1784881074.134508610,10.490000168,5.634190206,-0.952727029,1.200000000,-0.591560399
1784881074.144508600,10.500000168,5.639706519,-0.954503971,1.200000000,-0.589043924
1784881074.154508591,10.510000168,5.645223872,-0.956262876,1.200000000,-0.586476164
1784881074.164508581,10.520000168,5.650742297,-0.958003678,1.200000000,-0.583857648
1784881074.174508572,10.530000168,5.656261828,-0.959726309,1.200000000,-0.581188906
1784881074.184508562,10.540000168,5.661782497,-0.961430703,1.200000000,-0.578470468
1784881074.194508553,10.550000168,5.667304340,-0.963116794,1.200000000,-0.575702862
1784881074.204508543,10.560000168,5.672827391,-0.964784515,1.200000000,-0.572886618
1784881074.214508533,10.570000168,5.678351685,-0.966433799,1.200000000,-0.570022267
1784881074.224508524,10.580000168,5.683877260,-0.968064580,1.200000000,-0.567110336
1784881074.234508514,10.590000168,5.689404152,-0.969676793,1.200000000,-0.564151355
1784881074.244508505,10.600000168,5.694932399,-0.971270371,1.200000000,-0.561145855
1784881074.254508495,10.610000168,5.700462038,-0.972845248,1.200000000,-0.558094363
1784881074.264508486,10.620000168,5.705993109,-0.974401360,1.200000000,-0.554997411
1784881074.274508476,10.630000168,5.711525650,-0.975938640,1.200000000,-0.551855526
1784881074.284508467,10.640000168,5.717059702,-0.977457023,1.200000000,-0.548669240
1784881074.294508457,10.650000168,5.722595306,-0.978956444,1.200000000,-0.545439080
1784881074.304508448,10.660000168,5.728132501,-0.980436839,1.200000000,-0.542165576
1784881074.314508438,10.670000168,5.733671330,-0.981898143,1.200000000,-0.538849259
1784881074.324508429,10.680000168,5.739211834,-0.983340291,1.200000000,-0.535490657
1784881074.334508419,10.690000168,5.744754056,-0.984763219,1.200000000,-0.532090299
1784881074.344508648,10.700000168,5.750298039,-0.986166864,1.200000000,-0.528648716
1784881074.354508638,10.710000168,5.755843827,-0.987551162,1.200000000,-0.525166436
1784881074.364508629,10.720000168,5.761391463,-0.988916048,1.200000000,-0.521643989
1784881074.374508619,10.730000168,5.766940992,-0.990261462,1.200000000,-0.518081905
1784881074.384508610,10.740000168,5.772492458,-0.991587338,1.200000000,-0.514480712
1784881074.394508600,10.750000168,5.778045908,-0.992893616,1.200000000,-0.510840941
1784881074.404508591,10.760000168,5.783601385,-0.994180233,1.200000000,-0.507163120
1784881074.414508581,10.770000168,5.789158936,-0.995447127,1.200000000,-0.503447780
1784881074.424508572,10.780000168,5.794718608,-0.996694237,1.200000000,-0.499695449
1784881074.434508562,10.790000168,5.800280447,-0.997921502,1.200000000,-0.495906657
1784881074.444508553,10.800000168,5.805844500,-0.999128861,1.200000000,-0.492081934
1784881074.454508543,10.810000168,5.811410815,-1.000316254,1.200000000,-0.488221808
1784881074.464508533,10.820000168,5.816979438,-1.001483621,1.200000000,-0.484326810
1784881074.474508524,10.830000168,5.822550418,-1.002630902,1.200000000,-0.480397468
1784881074.484508514,10.840000168,5.828123802,-1.003758039,1.200000000,-0.476434313
1784881074.494508505,10.850000168,5.833699640,-1.004864973,1.200000000,-0.472437873
1784881074.504508495,10.860000168,5.839277978,-1.005951647,1.200000000,-0.468408678
1784881074.514508486,10.870000168,5.844858867,-1.007018001,1.200000000,-0.464347257
1784881074.524508476,10.880000168,5.850442354,-1.008063980,1.200000000,-0.460254141
1784881074.534508467,10.890000168,5.856028489,-1.009089527,1.200000000,-0.456129857
1784881074.544508457,10.900000168,5.861617321,-1.010094586,1.200000000,-0.451974936
1784881074.554508448,10.910000168,5.867208898,-1.011079101,1.200000000,-0.447789907
1784881074.564508438,10.920000168,5.872803271,-1.012043017,1.200000000,-0.443575300
1784881074.574508429,10.930000168,5.878400488,-1.012986280,1.200000000,-0.439331644
1784881074.584508419,10.940000168,5.884000599,-1.013908837,1.200000000,-0.435059468
1784881074.594508648,10.950000168,5.889603653,-1.014810634,1.200000000,-0.430759302
1784881074.604508638,10.960000168,5.895209700,-1.015691618,1.200000000,-0.426431675
1784881074.614508629,10.970000168,5.900818788,-1.016551738,1.200000000,-0.422077117
1784881074.624508619,10.980000168,5.906430967,-1.017390942,1.200000000,-0.417696157
1784881074.634508610,10.990000168,5.912046287,-1.018209180,1.200000000,-0.413289325
1784881074.644508600,11.000000168,5.917664795,-1.019006402,1.200000000,-0.408857149
1784881074.654508591,11.010000168,5.923286542,-1.019782559,1.200000000,-0.404400160
1784881074.664508581,11.020000168,5.928911576,-1.020537602,1.200000000,-0.399918887
1784881074.674508572,11.030000168,5.934539946,-1.021271484,1.200000000,-0.395413859
1784881074.684508562,11.040000168,5.940171700,-1.021984158,1.200000000,-0.390885605
1784881074.694508553,11.050000168,5.945806887,-1.022675576,1.200000000,-0.386334656
1784881074.704508543,11.060000168,5.951445554,-1.023345695,1.200000000,-0.381761540
1784881074.714508533,11.070000168,5.957087749,-1.023994470,1.200000000,-0.377166787
1784881074.724508524,11.080000168,5.962733521,-1.024621856,1.200000000,-0.372550927
1784881074.734508514,11.090000168,5.968382915,-1.025227810,1.200000000,-0.367914488
1784881074.744508505,11.100000168,5.974035979,-1.025812291,1.200000000,-0.363258000
1784881074.754508495,11.110000168,5.979692760,-1.026375258,1.200000000,-0.358581993
1784881074.764508486,11.120000168,5.985353304,-1.026916669,1.200000000,-0.353886997
1784881074.774508476,11.130000168,5.991017656,-1.027436485,1.200000000,-0.349173539
1784881074.784508467,11.140000168,5.996685861,-1.027934669,1.200000000,-0.344442151
1784881074.794508457,11.150000168,6.002357966,-1.028411181,1.200000000,-0.339693361
1784881074.804508448,11.160000168,6.008034014,-1.028865986,1.200000000,-0.334927699
1784881074.814508438,11.170000168,6.013714048,-1.029299048,1.200000000,-0.330145694
1784881074.824508429,11.180000168,6.019398114,-1.029710332,1.200000000,-0.325347875
1784881074.834508419,11.190000168,6.025086253,-1.030099805,1.200000000,-0.320534773
1784881074.844508648,11.200000168,6.030778508,-1.030467432,1.200000000,-0.315706916
1784881074.854508638,11.210000168,6.036474920,-1.030813184,1.200000000,-0.310864834
1784881074.864508629,11.220000168,6.042175532,-1.031137029,1.200000000,-0.306009057
1784881074.874508619,11.230000168,6.047880383,-1.031438938,1.200000000,-0.301140113
1784881074.884508610,11.240000168,6.053589514,-1.031718881,1.200000000,-0.296258532
1784881074.894508600,11.250000168,6.059302963,-1.031976833,1.200000000,-0.291364844
1784881074.904508591,11.260000168,6.065020769,-1.032212765,1.200000000,-0.286459578
1784881074.914508581,11.270000168,6.070742971,-1.032426654,1.200000000,-0.281543264
1784881074.924508572,11.280000168,6.076469605,-1.032618475,1.200000000,-0.276616430
1784881074.934508562,11.290000168,6.082200707,-1.032788205,1.200000000,-0.271679607
1784881074.944508553,11.300000168,6.087936314,-1.032935822,1.200000000,-0.266733324
1784881074.954508543,11.310000168,6.093676459,-1.033061305,1.200000000,-0.261778109
1784881074.964508533,11.320000168,6.099421177,-1.033164637,1.200000000,-0.256814494
1784881074.974508524,11.330000168,6.105170502,-1.033245797,1.200000000,-0.251843006
1784881074.984508514,11.340000168,6.110924464,-1.033304769,1.200000000,-0.246864176
1784881074.994508505,11.350000168,6.116683096,-1.033341538,1.200000000,-0.241878533
1784881075.004508495,11.360000168,6.122446428,-1.033356089,1.200000000,-0.236886606
1784881075.014508486,11.370000168,6.128214490,-1.033348409,1.200000000,-0.231888924
1784881075.024508476,11.380000168,6.133987310,-1.033318486,1.200000000,-0.226886018
1784881075.034508467,11.390000168,6.139764915,-1.033266309,1.200000000,-0.221878417
1784881075.044508457,11.400000168,6.145547333,-1.033191869,1.200000000,-0.216866650
1784881075.054508448,11.410000168,6.151334588,-1.033095159,1.200000000,-0.211851246
1784881075.064508438,11.420000168,6.157126706,-1.032976170,1.200000000,-0.206832735
1784881075.074508429,11.430000168,6.162923709,-1.032834899,1.200000000,-0.201811646
1784881075.084508419,11.440000168,6.168725621,-1.032671340,1.200000000,-0.196788509
1784881075.094508648,11.450000168,6.174532463,-1.032485493,1.200000000,-0.191763853
1784881075.104508638,11.460000168,6.180344254,-1.032277354,1.200000000,-0.186738208
1784881075.114508629,11.470000168,6.186161014,-1.032046925,1.200000000,-0.181712102
1784881075.124508619,11.480000168,6.191982761,-1.031794208,1.200000000,-0.176686067
1784881075.134508610,11.490000168,6.197809512,-1.031519204,1.200000000,-0.171660630
1784881075.144508600,11.500000168,6.203641281,-1.031221919,1.200000000,-0.166636321
1784881075.154508591,11.510000168,6.209478085,-1.030902359,1.200000000,-0.161613670
1784881075.164508581,11.520000168,6.215319935,-1.030560531,1.200000000,-0.156593206
1784881075.174508572,11.530000168,6.221166844,-1.030196443,1.200000000,-0.151575459
1784881075.184508562,11.540000168,6.227018823,-1.029810107,1.200000000,-0.146560958
1784881075.194508553,11.550000168,6.232875880,-1.029401533,1.200000000,-0.141550232
1784881075.204508543,11.560000168,6.238738025,-1.028970736,1.200000000,-0.136543811
1784881075.214508533,11.570000168,6.244605263,-1.028517729,1.200000000,-0.131542225
1784881075.224508524,11.580000168,6.250477601,-1.028042530,1.200000000,-0.126546002
1784881075.234508514,11.590000168,6.256355043,-1.027545156,1.200000000,-0.121555672
1784881075.244508505,11.600000168,6.262237591,-1.027025626,1.200000000,-0.116571765
1784881075.254508495,11.610000168,6.268125248,-1.026483961,1.200000000,-0.111594810
1784881075.264508486,11.620000168,6.274018012,-1.025920184,1.200000000,-0.106625336
1784881075.274508476,11.630000168,6.279915884,-1.025334319,1.200000000,-0.101663873
1784881075.284508467,11.640000168,6.285818861,-1.024726391,1.200000000,-0.096710950
1784881075.294508457,11.650000168,6.291726937,-1.024096427,1.200000000,-0.091767098
1784881075.304508448,11.660000168,6.297640109,-1.023444456,1.200000000,-0.086832844
1784881075.314508438,11.670000168,6.303558369,-1.022770509,1.200000000,-0.081908718
1784881075.324508429,11.680000168,6.309481709,-1.022074616,1.200000000,-0.076995251
1784881075.334508419,11.690000168,6.315410119,-1.021356812,1.200000000,-0.072092971
1784881075.344508648,11.700000168,6.321343588,-1.020617132,1.200000000,-0.067202408
1784881075.354508638,11.710000168,6.327282104,-1.019855612,1.200000000,-0.062324091
1784881075.364508629,11.720000168,6.333225651,-1.019072291,1.200000000,-0.057458550
1784881075.374508619,11.730000168,6.339174215,-1.018267208,1.200000000,-0.052606314
1784881075.384508610,11.740000168,6.345127779,-1.017440405,1.200000000,-0.047767913
1784881075.394508600,11.750000168,6.351086323,-1.016591925,1.200000000,-0.042943876
1784881075.404508591,11.760000168,6.357049829,-1.015721812,1.200000000,-0.038134731
1784881075.414508581,11.770000168,6.363018273,-1.014830114,1.200000000,-0.033341010
1784881075.424508572,11.780000168,6.368991633,-1.013916877,1.200000000,-0.028563241
1784881075.434508562,11.790000168,6.374969885,-1.012982153,1.200000000,-0.023801954
1784881075.444508553,11.800000168,6.380953001,-1.012025991,1.200000000,-0.019057678
1784881075.454508543,11.810000168,6.386940955,-1.011048444,1.200000000,-0.014330942
1784881075.464508533,11.820000168,6.392933717,-1.010049568,1.200000000,-0.009622276
1784881075.474508524,11.830000168,6.398931257,-1.009029418,1.200000000,-0.004932210
1784881075.484508514,11.840000168,6.404933541,-1.007988052,1.200000000,-0.000261142
1784881075.494508505,11.850000168,6.410940537,-1.006925530,1.200000000,0.004390850
1784881075.504508495,11.860000168,6.416952208,-1.005841912,1.200000000,0.009023740
1784881075.514508486,11.870000168,6.422968518,-1.004737261,1.200000000,0.013637501
1784881075.524508476,11.880000168,6.428989428,-1.003611641,1.200000000,0.018232109
1784881075.534508467,11.890000168,6.435014899,-1.002465118,1.200000000,0.022807535
1784881075.544508457,11.900000168,6.441044888,-1.001297760,1.200000000,0.027363755
1784881075.554508448,11.910000168,6.447079352,-1.000109636,1.200000000,0.031900740
1784881075.564508438,11.920000168,6.453118248,-0.998900816,1.200000000,0.036418467
1784881075.574508429,11.930000168,6.459161528,-0.997671373,1.200000000,0.040916907
1784881075.584508419,11.940000168,6.465209145,-0.996421381,1.200000000,0.045396034
1784881075.594508648,11.950000168,6.471261050,-0.995150915,1.200000000,0.049855823
1784881075.604508638,11.960000168,6.477317191,-0.993860052,1.200000000,0.054296247
1784881075.614508629,11.970000168,6.483377518,-0.992548872,1.200000000,0.058717280
1784881075.624508619,11.980000168,6.489441975,-0.991217453,1.200000000,0.063118895
1784881075.634508610,11.990000168,6.495510508,-0.989865879,1.200000000,0.067501066
1784881075.644508600,12.000000168,6.501583059,-0.988494232,1.200000000,0.071863767
1784881075.654508591,12.010000168,6.507659571,-0.987102597,1.200000000,0.076206971
1784881075.664508581,12.020000168,6.513739984,-0.985691062,1.200000000,0.080530653
1784881075.674508572,12.030000168,6.519824237,-0.984259713,1.200000000,0.084834785
1784881075.684508562,12.040000168,6.525912267,-0.982808642,1.200000000,0.089119341
1784881075.694508553,12.050000168,6.532004009,-0.981337937,1.200000000,0.093384296
1784881075.704508543,12.060000168,6.538099398,-0.979847694,1.200000000,0.097629623
1784881075.714508533,12.070000168,6.544198368,-0.978338004,1.200000000,0.101855295
1784881075.724508524,12.080000168,6.550300850,-0.976808965,1.200000000,0.106061286
1784881075.734508514,12.090000168,6.556406773,-0.975260672,1.200000000,0.110247571
1784881075.744508505,12.100000168,6.562516067,-0.973693225,1.200000000,0.114414121
1784881075.754508495,12.110000168,6.568628659,-0.972106724,1.200000000,0.118560913
1784881075.764508486,12.120000168,6.574744476,-0.970501270,1.200000000,0.122687918
1784881075.774508476,12.130000168,6.580863441,-0.968876966,1.200000000,0.126795111
1784881075.784508467,12.140000168,6.586985477,-0.967233917,1.200000000,0.130882465
1784881075.794508457,12.150000168,6.593110508,-0.965572227,1.200000000,0.134949954
1784881075.804508448,12.160000168,6.599238453,-0.963892005,1.200000000,0.138997552
1784881075.814508438,12.170000168,6.605369232,-0.962193359,1.200000000,0.143025232
1784881075.824508429,12.180000168,6.611502763,-0.960476398,1.200000000,0.147032969
1784881075.834508419,12.190000168,6.617638963,-0.958741234,1.200000000,0.151020735
1784881075.844508648,12.200000168,6.623777746,-0.956987980,1.200000000,0.154988505
1784881075.854508638,12.210000168,6.629919028,-0.955216749,1.200000000,0.158936252
1784881075.864508629,12.220000168,6.636062721,-0.953427657,1.200000000,0.162863949
1784881075.874508619,12.230000168,6.642208738,-0.951620820,1.200000000,0.166771572
1784881075.884508610,12.240000168,6.648356988,-0.949796356,1.200000000,0.170659092
1784881075.894508600,12.250000168,6.654507381,-0.947954385,1.200000000,0.174526484
1784881075.904508591,12.260000168,6.660659826,-0.946095026,1.200000000,0.178373722
1784881075.914508581,12.270000168,6.666814229,-0.944218401,1.200000000,0.182200780
1784881075.924508572,12.280000168,6.672970497,-0.942324633,1.200000000,0.186007630
1784881075.934508562,12.290000168,6.679128534,-0.940413846,1.200000000,0.189794247
1784881075.944508553,12.300000168,6.685288244,-0.938486166,1.200000000,0.193560604
1784881075.954508543,12.310000168,6.691449531,-0.936541718,1.200000000,0.197306675
1784881075.964508533,12.320000168,6.697612295,-0.934580631,1.200000000,0.201032434
1784881075.974508524,12.330000168,6.703776437,-0.932603032,1.200000000,0.204737854
1784881075.984508514,12.340000168,6.709941858,-0.930609053,1.200000000,0.208422909
1784881075.994508505,12.350000168,6.716108455,-0.928598823,1.200000000,0.212087573
1784881076.004508495,12.360000168,6.722276126,-0.926572475,1.200000000,0.215731820
1784881076.014508486,12.370000168,6.728444769,-0.924530142,1.200000000,0.219355623
1784881076.024508476,12.380000168,6.734614278,-0.922471957,1.200000000,0.222958955
1784881076.034508467,12.390000168,6.740784550,-0.920398057,1.200000000,0.226541791
1784881076.044508457,12.400000168,6.746955477,-0.918308578,1.200000000,0.230104105
1784881076.054508448,12.410000168,6.753126953,-0.916203655,1.200000000,0.233645869
1784881076.064508438,12.420000168,6.759298871,-0.914083429,1.200000000,0.237167057
1784881076.074508429,12.430000168,6.765471122,-0.911948037,1.200000000,0.240667644
1784881076.084508419,12.440000168,6.771643597,-0.909797621,1.200000000,0.244147603
1784881076.094508648,12.450000168,6.777816185,-0.907632320,1.200000000,0.247606908
1784881076.104508638,12.460000168,6.783988777,-0.905452277,1.200000000,0.251045532
1784881076.114508629,12.470000168,6.790161260,-0.903257634,1.200000000,0.254463449
1784881076.124508619,12.480000168,6.796333522,-0.901048535,1.200000000,0.257860632
1784881076.134508610,12.490000168,6.802505450,-0.898825125,1.200000000,0.261237056
1784881076.144508600,12.500000168,6.808676932,-0.896587549,1.200000000,0.264592694
1784881076.154508591,12.510000168,6.814847852,-0.894335953,1.200000000,0.267927520
1784881076.164508581,12.520000168,6.821018096,-0.892070483,1.200000000,0.271241507
1784881076.174508572,12.530000168,6.827187548,-0.889791287,1.200000000,0.274534630
1784881076.184508562,12.540000168,6.833356093,-0.887498514,1.200000000,0.277806861
1784881076.194508553,12.550000168,6.839523615,-0.885192313,1.200000000,0.281058174
1784881076.204508543,12.560000168,6.845689995,-0.882872833,1.200000000,0.284288544
1784881076.214508533,12.570000168,6.851855118,-0.880540225,1.200000000,0.287497944
1784881076.224508524,12.580000168,6.858018864,-0.878194639,1.200000000,0.290686347
1784881076.234508514,12.590000168,6.864181116,-0.875836228,1.200000000,0.293853728
1784881076.244508505,12.600000168,6.870341755,-0.873465144,1.200000000,0.297000059
1784881076.254508495,12.610000168,6.876500661,-0.871081539,1.200000000,0.300125315
1784881076.264508486,12.620000168,6.882657716,-0.868685568,1.200000000,0.303229470
1784881076.274508476,12.630000168,6.888812799,-0.866277383,1.200000000,0.306312496
1784881076.284508467,12.640000168,6.894965790,-0.863857141,1.200000000,0.309374368
1784881076.294508457,12.650000168,6.901116569,-0.861424994,1.200000000,0.312415060
1784881076.304508448,12.660000168,6.907265014,-0.858981100,1.200000000,0.315434544
1784881076.314508438,12.670000168,6.913411006,-0.856525614,1.200000000,0.318432795
1784881076.324508429,12.680000168,6.919554423,-0.854058692,1.200000000,0.321409787
1784881076.334508419,12.690000168,6.925695144,-0.851580491,1.200000000,0.324365493
1784881076.344508648,12.700000168,6.931833047,-0.849091168,1.200000000,0.327299886
1784881076.354508638,12.710000168,6.937968010,-0.846590882,1.200000000,0.330212942
1784881076.364508629,12.720000168,6.944099912,-0.844079788,1.200000000,0.333104632
1784881076.374508619,12.730000168,6.950228631,-0.841558047,1.200000000,0.335974931
1784881076.384508610,12.740000168,6.956354045,-0.839025816,1.200000000,0.338823812
1784881076.394508600,12.750000168,6.962476032,-0.836483254,1.200000000,0.341651250
1784881076.404508591,12.760000168,6.968594471,-0.833930520,1.200000000,0.344457218
1784881076.414508581,12.770000168,6.974709239,-0.831367774,1.200000000,0.347241690
1784881076.424508572,12.780000168,6.980820214,-0.828795175,1.200000000,0.350004638
1784881076.434508562,12.790000168,6.986927275,-0.826212881,1.200000000,0.352746038
1784881076.444508553,12.800000168,6.993030300,-0.823621055,1.200000000,0.355465862
1784881076.454508543,12.810000168,6.999129167,-0.821019854,1.200000000,0.358164085
1784881076.464508533,12.820000168,7.005223755,-0.818409440,1.200000000,0.360840680
1784881076.474508524,12.830000168,7.011313943,-0.815789972,1.200000000,0.363495620
1784881076.484508514,12.840000168,7.017399609,-0.813161611,1.200000000,0.366128880
1784881076.494508505,12.850000168,7.023480633,-0.810524517,1.200000000,0.368740433
1784881076.504508495,12.860000168,7.029556894,-0.807878851,1.200000000,0.371330253
1784881076.514508486,12.870000168,7.035628271,-0.805224772,1.200000000,0.373898313
1784881076.524508476,12.880000168,7.041694646,-0.802562441,1.200000000,0.376444587
1784881076.534508467,12.890000168,7.047755897,-0.799892019,1.200000000,0.378969050
1784881076.544508457,12.900000168,7.053811905,-0.797213665,1.200000000,0.381471673
1784881076.554508448,12.910000168,7.059862551,-0.794527540,1.200000000,0.383952432
1784881076.564508438,12.920000168,7.065907718,-0.791833803,1.200000000,0.386411300
1784881076.574508429,12.930000168,7.071947285,-0.789132616,1.200000000,0.388848251
1784881076.584508419,12.940000168,7.077981136,-0.786424136,1.200000000,0.391263257
1784881076.594508648,12.950000168,7.084009154,-0.783708525,1.200000000,0.393656294
1784881076.604508638,12.960000168,7.090031220,-0.780985941,1.200000000,0.396027335
1784881076.614508629,12.970000168,7.096047219,-0.778256544,1.200000000,0.398376352
1784881076.624508619,12.980000168,7.102057036,-0.775520493,1.200000000,0.400703321
1784881076.634508610,12.990000168,7.108060554,-0.772777946,1.200000000,0.403008214
1784881076.644508600,13.000000168,7.114057659,-0.770029062,1.200000000,0.405291006
1784881076.654508591,13.010000168,7.120048237,-0.767273999,1.200000000,0.407551670
1784881076.664508581,13.020000168,7.126032174,-0.764512915,1.200000000,0.409790180
1784881076.674508572,13.030000168,7.132009357,-0.761745967,1.200000000,0.412006509
1784881076.684508562,13.040000168,7.137979675,-0.758973313,1.200000000,0.414200632
1784881076.694508553,13.050000168,7.143943015,-0.756195109,1.200000000,0.416372521
1784881076.704508543,13.060000168,7.149899267,-0.753411511,1.200000000,0.418522150
1784881076.714508533,13.070000168,7.155848321,-0.750622677,1.200000000,0.420649494
1784881076.724508524,13.080000168,7.161790067,-0.747828760,1.200000000,0.422754526
1784881076.734508514,13.090000168,7.167724397,-0.745029916,1.200000000,0.424837219
1784881076.744508505,13.100000168,7.173651202,-0.742226300,1.200000000,0.426897548
1784881076.754508495,13.110000168,7.179570377,-0.739418065,1.200000000,0.428935486
1784881076.764508486,13.120000168,7.185481814,-0.736605366,1.200000000,0.430951006
1784881076.774508476,13.130000168,7.191385408,-0.733788355,1.200000000,0.432944082
1784881076.784508467,13.140000168,7.197281056,-0.730967185,1.200000000,0.434914689
1784881076.794508457,13.150000168,7.203168652,-0.728142007,1.200000000,0.436862799
1784881076.804508448,13.160000168,7.209048096,-0.725312973,1.200000000,0.438788387
1784881076.814508438,13.170000168,7.214919284,-0.722480233,1.200000000,0.440691425
1784881076.824508429,13.180000168,7.220782116,-0.719643937,1.200000000,0.442571889
1784881076.834508419,13.190000168,7.226636492,-0.716804236,1.200000000,0.444429751
1784881076.844508648,13.200000168,7.232482314,-0.713961276,1.200000000,0.446264985
1784881076.854508638,13.210000168,7.238319483,-0.711115207,1.200000000,0.448077565
1784881076.864508629,13.220000168,7.244147903,-0.708266176,1.200000000,0.449867464
1784881076.874508619,13.230000168,7.249967477,-0.705414328,1.200000000,0.451634657
1784881076.884508610,13.240000168,7.255778112,-0.702559811,1.200000000,0.453379116
1784881076.894508600,13.250000168,7.261579712,-0.699702769,1.200000000,0.455100816
1784881076.904508591,13.260000168,7.267372186,-0.696843346,1.200000000,0.456799730
1784881076.914508581,13.270000168,7.273155441,-0.693981685,1.200000000,0.458475833
1784881076.924508572,13.280000168,7.278929388,-0.691117930,1.200000000,0.460129096
1784881076.934508562,13.290000168,7.284693937,-0.688252222,1.200000000,0.461759495
1784881076.944508553,13.300000168,7.290448999,-0.685384703,1.200000000,0.463367004
1784881076.954508543,13.310000168,7.296194488,-0.682515511,1.200000000,0.464951594
1784881076.964508533,13.320000168,7.301930317,-0.679644787,1.200000000,0.466513242
1784881076.974508524,13.330000168,7.307656403,-0.676772669,1.200000000,0.468051919
1784881076.984508514,13.340000168,7.313372660,-0.673899295,1.200000000,0.469567600
1784881076.994508505,13.350000168,7.319079008,-0.671024800,1.200000000,0.471060258
1784881077.004508495,13.360000168,7.324775363,-0.668149321,1.200000000,0.472529868
1784881077.014508486,13.370000168,7.330461648,-0.665272992,1.200000000,0.473976402
1784881077.024508476,13.380000168,7.336137782,-0.662395946,1.200000000,0.475399835
1784881077.034508467,13.390000168,7.341803688,-0.659518317,1.200000000,0.476800140
1784881077.044508457,13.400000168,7.347459291,-0.656640236,1.200000000,0.478177291
1784881077.054508448,13.410000168,7.353104514,-0.653761834,1.200000000,0.479531261
1784881077.064508438,13.420000168,7.358739284,-0.650883241,1.200000000,0.480862025
1784881077.074508429,13.430000168,7.364363529,-0.648004585,1.200000000,0.482169556
1784881077.084508419,13.440000168,7.369977177,-0.645125994,1.200000000,0.483453827
1784881077.094508648,13.450000168,7.375580158,-0.642247594,1.200000000,0.484714812
1784881077.104508638,13.460000168,7.381172404,-0.639369512,1.200000000,0.485952486
1784881077.114508629,13.470000168,7.386753847,-0.636491870,1.200000000,0.487166821
1784881077.124508619,13.480000168,7.392324422,-0.633614794,1.200000000,0.488357791
1784881077.134508610,13.490000168,7.397884063,-0.630738404,1.200000000,0.489525371
1784881077.144508600,13.500000168,7.403432706,-0.627862823,1.200000000,0.490669533
1784881077.154508591,13.510000168,7.408970291,-0.624988170,1.200000000,0.491790252
1784881077.164508581,13.520000168,7.414496755,-0.622114563,1.200000000,0.492887501
1784881077.174508572,13.530000168,7.420012039,-0.619242122,1.200000000,0.493961253
1784881077.184508562,13.540000168,7.425516086,-0.616370962,1.200000000,0.495011484
1784881077.194508553,13.550000168,7.431008838,-0.613501199,1.200000000,0.496038165
1784881077.204508543,13.560000168,7.436490240,-0.610632948,1.200000000,0.497041271
1784881077.214508533,13.570000168,7.441960237,-0.607766321,1.200000000,0.498020776
1784881077.224508524,13.580000168,7.447418776,-0.604901430,1.200000000,0.498976652
1784881077.234508514,13.590000168,7.452865806,-0.602038386,1.200000000,0.499908875
1784881077.244508505,13.600000168,7.458301277,-0.599177300,1.200000000,0.500817418
1784881077.254508495,13.610000168,7.463725140,-0.596318278,1.200000000,0.501702253
1784881077.264508486,13.620000168,7.469137346,-0.593461429,1.200000000,0.502563356
1784881077.274508476,13.630000168,7.474537850,-0.590606858,1.200000000,0.503400699
1784881077.284508467,13.640000168,7.479926607,-0.587754671,1.200000000,0.504214257
1784881077.294508457,13.650000168,7.485303572,-0.584904970,1.200000000,0.505004002
1784881077.304508448,13.660000168,7.490668704,-0.582057859,1.200000000,0.505769910
1784881077.314508438,13.670000168,7.496021961,-0.579213438,1.200000000,0.506511953
1784881077.324508429,13.680000168,7.501363303,-0.576371807,1.200000000,0.507230104
1784881077.334508419,13.690000168,7.506692692,-0.573533065,1.200000000,0.507924339
1784881077.344508648,13.700000168,7.512010090,-0.570697309,1.200000000,0.508594630
1784881077.354508638,13.710000168,7.517315462,-0.567864637,1.200000000,0.509240952
1784881077.364508629,13.720000168,7.522608772,-0.565035141,1.200000000,0.509863277
1784881077.374508619,13.730000168,7.527889987,-0.562208918,1.200000000,0.510461579
1784881077.384508610,13.740000168,7.533159075,-0.559386058,1.200000000,0.511035833
1784881077.394508600,13.750000168,7.538416004,-0.556566653,1.200000000,0.511586012
1784881077.404508591,13.760000168,7.543660745,-0.553750794,1.200000000,0.512112089
1784881077.414508581,13.770000168,7.548893268,-0.550938569,1.200000000,0.512614039
1784881077.424508572,13.780000168,7.554113547,-0.548130066,1.200000000,0.513091834
1784881077.434508562,13.790000168,7.559321554,-0.545325371,1.200000000,0.513545449
1784881077.444508553,13.800000168,7.564517265,-0.542524569,1.200000000,0.513974858
1784881077.454508543,13.810000168,7.569700655,-0.539727745,1.200000000,0.514380034
1784881077.464508533,13.820000168,7.574871702,-0.536934980,1.200000000,0.514760950
1784881077.474508524,13.830000168,7.580030383,-0.534146357,1.200000000,0.515117580
1784881077.484508514,13.840000168,7.585176678,-0.531361956,1.200000000,0.515449899
1784881077.494508505,13.850000168,7.590310567,-0.528581855,1.200000000,0.515757880
1784881077.504508495,13.860000168,7.595432031,-0.525806133,1.200000000,0.516041496
1784881077.514508486,13.870000168,7.600541053,-0.523034866,1.200000000,0.516300721
1784881077.524508476,13.880000168,7.605637615,-0.520268130,1.200000000,0.516535529
1784881077.534508467,13.890000168,7.610721702,-0.517506000,1.200000000,0.516745893
1784881077.544508457,13.900000168,7.615793299,-0.514748547,1.200000000,0.516931788
1784881077.554508448,13.910000168,7.620852393,-0.511995845,1.200000000,0.517093186
1784881077.564508438,13.920000168,7.625898970,-0.509247964,1.200000000,0.517230062
1784881077.574508429,13.930000168,7.630933019,-0.506504973,1.200000000,0.517342389
1784881077.584508419,13.940000168,7.635954528,-0.503766942,1.200000000,0.517430142
1784881077.594508648,13.950000168,7.640963486,-0.501033937,1.200000000,0.517493293
1784881077.604508638,13.960000168,7.645959884,-0.498306025,1.200000000,0.517531816
1784881077.614508629,13.970000168,7.650943714,-0.495583271,1.200000000,0.517545685
1784881077.624508619,13.980000168,7.655914967,-0.492865739,1.200000000,0.517534874
1784881077.634508610,13.990000168,7.660873636,-0.490153493,1.200000000,0.517499356
1784881077.644508600,14.000000168,7.665819713,-0.487446593,1.200000000,0.517439105
1784881077.654508591,14.010000168,7.670753194,-0.484745101,1.200000000,0.517354095
1784881077.664508581,14.020000168,7.675674072,-0.482049077,1.200000000,0.517244300
1784881077.674508572,14.030000168,7.680582342,-0.479358580,1.200000000,0.517109693
1784881077.684508562,14.040000168,7.685478001,-0.476673666,1.200000000,0.516950247
1784881077.694508553,14.050000168,7.690361044,-0.473994394,1.200000000,0.516765937
1784881077.704508543,14.060000168,7.695231468,-0.471320819,1.200000000,0.516556736
1784881077.714508533,14.070000168,7.700089270,-0.468652996,1.200000000,0.516322618
1784881077.724508524,14.080000168,7.704934447,-0.465990979,1.200000000,0.516063557
1784881077.734508514,14.090000168,7.709766997,-0.463334820,1.200000000,0.515779526
1784881077.744508505,14.100000168,7.714586919,-0.460684572,1.200000000,0.515470498
1784881077.754508495,14.110000168,7.719394210,-0.458040287,1.200000000,0.515136449
1784881077.764508486,14.120000168,7.724188869,-0.455402013,1.200000000,0.514777350
1784881077.774508476,14.130000168,7.728970894,-0.452769802,1.200000000,0.514393177
1784881077.784508467,14.140000168,7.733740285,-0.450143702,1.200000000,0.513983902
1784881077.794508457,14.150000168,7.738497041,-0.447523760,1.200000000,0.513549500
1784881077.804508448,14.160000168,7.743241160,-0.444910024,1.200000000,0.513089944
1784881077.814508438,14.170000168,7.747972642,-0.442302540,1.200000000,0.512605207
1784881077.824508429,14.180000168,7.752691484,-0.439701354,1.200000000,0.512095264
1784881077.834508419,14.190000168,7.757397687,-0.437106510,1.200000000,0.511560088
1784881077.844508648,14.200000168,7.762091249,-0.434518054,1.200000000,0.510999653
1784881077.854508638,14.210000168,7.766772168,-0.431936028,1.200000000,0.510413932
1784881077.864508629,14.220000168,7.771440442,-0.429360476,1.200000000,0.509802900
1784881077.874508619,14.230000168,7.776096069,-0.426791440,1.200000000,0.509166529
1784881077.884508610,14.240000168,7.780739046,-0.424228963,1.200000000,0.508504794
1784881077.894508600,14.250000168,7.785369372,-0.421673084,1.200000000,0.507817668
1784881077.904508591,14.260000168,7.789987041,-0.419123846,1.200000000,0.507105125
1784881077.914508581,14.270000168,7.794592050,-0.416581288,1.200000000,0.506367138
1784881077.924508572,14.280000168,7.799184395,-0.414045451,1.200000000,0.505603682
1784881077.934508562,14.290000168,7.803764070,-0.411516374,1.200000000,0.504814730
1784881077.944508553,14.300000168,7.808331069,-0.408994096,1.200000000,0.504000256
1784881077.954508543,14.310000168,7.812885386,-0.406478656,1.200000000,0.503160233
1784881077.964508533,14.320000168,7.817427012,-0.403970092,1.200000000,0.502294634
1784881077.974508524,14.330000168,7.821955939,-0.401468443,1.200000000,0.501403435
1784881077.984508514,14.340000168,7.826472158,-0.398973747,1.200000000,0.500486608
1784881077.994508505,14.350000168,7.830975657,-0.396486042,1.200000000,0.499544127
1784881078.004508495,14.360000168,7.835466426,-0.394005364,1.200000000,0.498575966
1784881078.014508486,14.370000168,7.839944450,-0.391531752,1.200000000,0.497582099
1784881078.024508476,14.380000168,7.844409717,-0.389065243,1.200000000,0.496562498
1784881078.034508467,14.390000168,7.848862210,-0.386605874,1.200000000,0.495517139
1784881078.044508457,14.400000168,7.853301912,-0.384153684,1.200000000,0.494445993
1784881078.054508448,14.410000168,7.857728805,-0.381708708,1.200000000,0.493349037
1784881078.064508438,14.420000168,7.862142868,-0.379270985,1.200000000,0.492226242
1784881078.074508429,14.430000168,7.866544081,-0.376840553,1.200000000,0.491077582
1784881078.084508419,14.440000168,7.870932420,-0.374417448,1.200000000,0.489903032
1784881078.094508648,14.450000168,7.875307859,-0.372001710,1.200000000,0.488702565
1784881078.104508638,14.460000168,7.879670372,-0.369593376,1.200000000,0.487476155
1784881078.114508629,14.470000168,7.884019930,-0.367192486,1.200000000,0.486223774
1784881078.124508619,14.480000168,7.888356501,-0.364799077,1.200000000,0.484945398
1784881078.134508610,14.490000168,7.892680052,-0.362413189,1.200000000,0.483641000
1784881078.144508600,14.500000168,7.896990549,-0.360034863,1.200000000,0.482310553
1784881078.154508591,14.510000168,7.901287952,-0.357664137,1.200000000,0.480954031
1784881078.164508581,14.520000168,7.905572223,-0.355301054,1.200000000,0.479571408
1784881078.174508572,14.530000168,7.909843319,-0.352945654,1.200000000,0.478162657
1784881078.184508562,14.540000168,7.914101195,-0.350597980,1.200000000,0.476727752
1784881078.194508553,14.550000168,7.918345802,-0.348258074,1.200000000,0.475266668
1784881078.204508543,14.560000168,7.922577091,-0.345925979,1.200000000,0.473779376
1784881078.214508533,14.570000168,7.926795007,-0.343601741,1.200000000,0.472265852
1784881078.224508524,14.580000168,7.930999496,-0.341285405,1.200000000,0.470726069
1784881078.234508514,14.590000168,7.935190497,-0.338977016,1.200000000,0.469160001
1784881078.244508505,14.600000168,7.939367948,-0.336676621,1.200000000,0.467567620
1784881078.254508495,14.610000168,7.943531783,-0.334384269,1.200000000,0.465948902
1784881078.264508486,14.620000168,7.947681934,-0.332100010,1.200000000,0.464303819
1784881078.274508476,14.630000168,7.951818328,-0.329823892,1.200000000,0.462632346
1784881078.284508467,14.640000168,7.955940889,-0.327555969,1.200000000,0.460934456
1784881078.294508457,14.650000168,7.960049536,-0.325296293,1.200000000,0.459210122
1784881078.304508448,14.660000168,7.964144188,-0.323044918,1.200000000,0.457459319
1784881078.314508438,14.670000168,7.968224757,-0.320801900,1.200000000,0.455682019
1784881078.324508429,14.680000168,7.972291151,-0.318567296,1.200000000,0.453878198
1784881078.334508419,14.690000168,7.976343275,-0.316341164,1.200000000,0.452047828
1784881078.344508648,14.700000168,7.980381030,-0.314123566,1.200000000,0.450190883
1784881078.354508638,14.710000168,7.984404312,-0.311914563,1.200000000,0.448307337
1784881078.364508629,14.720000168,7.988413013,-0.309714218,1.200000000,0.446397163
1784881078.374508619,14.730000168,7.992407020,-0.307522597,1.200000000,0.444460336
1784881078.384508610,14.740000168,7.996386216,-0.305339768,1.200000000,0.442496828
1784881078.394508600,14.750000168,8.000350478,-0.303165800,1.200000000,0.440506614
1784881078.404508591,14.760000168,8.004299680,-0.301000764,1.200000000,0.438489667
1784881078.414508581,14.770000168,8.008233689,-0.298844734,1.200000000,0.436445962
1784881078.424508572,14.780000168,8.012152369,-0.296697784,1.200000000,0.434375470
1784881078.434508562,14.790000168,8.016055577,-0.294559994,1.200000000,0.432278168
1784881078.444508553,14.800000168,8.019943164,-0.292431444,1.200000000,0.430154027
1784881078.454508543,14.810000168,8.023814979,-0.290312215,1.200000000,0.428003022
1784881078.464508533,14.820000168,8.027670862,-0.288202393,1.200000000,0.425825126
1784881078.474508524,14.830000168,8.031510647,-0.286102066,1.200000000,0.423620313
1784881078.484508514,14.840000168,8.035334165,-0.284011323,1.200000000,0.421388557
1784881078.494508505,14.850000168,8.039141240,-0.281930258,1.200000000,0.419129831
1784881078.504508495,14.860000168,8.042931687,-0.279858967,1.200000000,0.416844110
1784881078.514508486,14.870000168,8.046705318,-0.277797547,1.200000000,0.414531366
1784881078.524508476,14.880000168,8.050461937,-0.275746102,1.200000000,0.412191574
1784881078.534508467,14.890000168,8.054201343,-0.273704734,1.200000000,0.409824707
1784881078.544508457,14.900000168,8.057923325,-0.271673553,1.200000000,0.407430739
1784881078.554508448,14.910000168,8.061627670,-0.269652669,1.200000000,0.405009643
1784881078.564508438,14.920000168,8.065314153,-0.267642196,1.200000000,0.402561394
1784881078.574508429,14.930000168,8.068982544,-0.265642252,1.200000000,0.400085964
1784881078.584508419,14.940000168,8.072632608,-0.263652958,1.200000000,0.397583329
1784881078.594508648,14.950000168,8.076264098,-0.261674440,1.200000000,0.395053460
1784881078.604508638,14.960000168,8.079876763,-0.259706824,1.200000000,0.392496332
1784881078.614508629,14.970000168,8.083470343,-0.257750244,1.200000000,0.389911920
1784881078.624508619,14.980000168,8.087044569,-0.255804836,1.200000000,0.387300195
1784881078.634508610,14.990000168,8.090599166,-0.253870740,1.200000000,0.384661075
1784881078.644508600,15.000000168,8.094133850,-0.251948099,1.200000000,0.381994359
1784881078.654508591,15.010000168,8.097648327,-0.250037062,1.200000000,0.379299829
1784881078.664508581,15.020000168,8.101142297,-0.248137782,1.200000000,0.376577267
1784881078.674508572,15.030000168,8.104615450,-0.246250414,1.200000000,0.373826457
1784881078.684508562,15.040000168,8.108067467,-0.244375121,1.200000000,0.371047180
1784881078.694508553,15.050000168,8.111498021,-0.242512068,1.200000000,0.368239219
1784881078.704508543,15.060000168,8.114906775,-0.240661425,1.200000000,0.365402357
1784881078.714508533,15.070000168,8.118293383,-0.238823368,1.200000000,0.362536377
1784881078.724508524,15.080000168,8.121657489,-0.236998076,1.200000000,0.359641060
1784881078.734508514,15.090000168,8.124998729,-0.235185733,1.200000000,0.356716190
1784881078.744508505,15.100000168,8.128316728,-0.233386531,1.200000000,0.353761549
1784881078.754508495,15.110000168,8.131611102,-0.231600663,1.200000000,0.350776919
1784881078.764508486,15.120000168,8.134881457,-0.229828328,1.200000000,0.347762084
1784881078.774508476,15.130000168,8.138127389,-0.228069731,1.200000000,0.344716826
1784881078.784508467,15.140000168,8.141348486,-0.226325083,1.200000000,0.341640927
1784881078.794508457,15.150000168,8.144544323,-0.224594598,1.200000000,0.338534170
1784881078.804508448,15.160000168,8.147714469,-0.222878495,1.200000000,0.335396338
1784881078.814508438,15.170000168,8.150858479,-0.221177001,1.200000000,0.332227212
1784881078.824508429,15.180000168,8.153975902,-0.219490344,1.200000000,0.329026577
1784881078.834508419,15.190000168,8.157066276,-0.217818761,1.200000000,0.325794213
1784881078.844508648,15.200000168,8.160129128,-0.216162491,1.200000000,0.322529905
1784881078.854508638,15.210000168,8.163163979,-0.214521780,1.200000000,0.319233434
1784881078.864508629,15.220000168,8.166170338,-0.212896878,1.200000000,0.315904583
1784881078.874508619,15.230000168,8.169147707,-0.211288038,1.200000000,0.312543134
1784881078.884508610,15.240000168,8.172095578,-0.209695521,1.200000000,0.309148871
1784881078.894508600,15.250000168,8.175013434,-0.208119589,1.200000000,0.305721575
1784881078.904508591,15.260000168,8.177900754,-0.206560512,1.200000000,0.302261029
1784881078.914508581,15.270000168,8.180757004,-0.205018562,1.200000000,0.298767017
1784881078.924508572,15.280000168,8.183581647,-0.203494013,1.200000000,0.295239320
1784881078.934508562,15.290000168,8.186374136,-0.201987146,1.200000000,0.291677720
1784881078.944508553,15.300000168,8.189133921,-0.200498245,1.200000000,0.288082002
1784881078.954508543,15.310000168,8.191860444,-0.199027594,1.200000000,0.284451946
1784881078.964508533,15.320000168,8.194553142,-0.197575483,1.200000000,0.280787337
1784881078.974508524,15.330000168,8.197211449,-0.196142205,1.200000000,0.277087955
1784881078.984508514,15.340000168,8.199834795,-0.194728051,1.200000000,0.273353585
1784881078.994508505,15.350000168,8.202422604,-0.193333317,1.200000000,0.269584007
1784881079.004508495,15.360000168,8.204974303,-0.191958301,1.200000000,0.265779006
1784881079.014508486,15.370000168,8.207489313,-0.190603298,1.200000000,0.261938364
1784881079.024508476,15.380000168,8.209967058,-0.189268608,1.200000000,0.258061862
1784881079.034508467,15.390000168,8.212406961,-0.187954527,1.200000000,0.254149285
1784881079.044508457,15.400000168,8.214808447,-0.186661352,1.200000000,0.250200414
1784881079.054508448,15.410000168,8.217170943,-0.185389378,1.200000000,0.246215031
1784881079.064508438,15.420000168,8.219493881,-0.184138900,1.200000000,0.242192920
1784881079.074508429,15.430000168,8.221776698,-0.182910207,1.200000000,0.238133863
1784881079.084508419,15.440000168,8.224018838,-0.181703588,1.200000000,0.234037643
1784881079.094508648,15.450000168,8.226219751,-0.180519326,1.200000000,0.229904042
1784881079.104508638,15.460000168,8.228378900,-0.179357699,1.200000000,0.225732842
1784881079.114508629,15.470000168,8.230495754,-0.178218982,1.200000000,0.221523827
1784881079.124508619,15.480000168,8.232569799,-0.177103439,1.200000000,0.217276779
1784881079.134508610,15.490000168,8.234600533,-0.176011331,1.200000000,0.212991481
1784881079.144508600,15.500000168,8.236587469,-0.174942909,1.200000000,0.208667714
1784881079.154508591,15.510000168,8.238530140,-0.173898414,1.200000000,0.204305268
1784881079.164508581,15.520000168,8.240428097,-0.172878077,1.200000000,0.199905007
1784881079.174508572,15.530000168,8.242280914,-0.171882119,1.200000000,0.195470159
1784881079.184508562,15.540000168,8.244088188,-0.170910747,1.200000000,0.191004266
1784881079.194508553,15.550000168,8.245849541,-0.169964155,1.200000000,0.186510869
1784881079.204508543,15.560000168,8.247564625,-0.169042521,1.200000000,0.181993508
1784881079.214508533,15.570000168,8.249233120,-0.168146010,1.200000000,0.177455724
1784881079.224508524,15.580000168,8.250854741,-0.167274767,1.200000000,0.172901060
1784881079.234508514,15.590000168,8.252429236,-0.166428918,1.200000000,0.168333055
1784881079.244508505,15.600000168,8.253956391,-0.165608573,1.200000000,0.163755252
1784881079.254508495,15.610000168,8.255436032,-0.164813818,1.200000000,0.159171191
1784881079.264508486,15.620000168,8.256868025,-0.164044717,1.200000000,0.154584412
1784881079.274508476,15.630000168,8.258252281,-0.163301312,1.200000000,0.149998459
1784881079.284508467,15.640000168,8.259588757,-0.162583621,1.200000000,0.145416870
1784881079.294508457,15.650000168,8.260877458,-0.161891634,1.200000000,0.140843188
1784881079.304508448,15.660000168,8.262118440,-0.161225316,1.200000000,0.136280954
1784881079.314508438,15.670000168,8.263311809,-0.160584606,1.200000000,0.131733708
1784881079.324508429,15.680000168,8.264457726,-0.159969410,1.200000000,0.127204993
1784881079.334508419,15.690000168,8.265556409,-0.159379608,1.200000000,0.122698348
1784881079.344508648,15.700000168,8.266608131,-0.158815049,1.200000000,0.118217315
1784881079.354508638,15.710000168,8.267613225,-0.158275549,1.200000000,0.113765435
1784881079.364508629,15.720000168,8.268572083,-0.157760895,1.200000000,0.109346249
1784881079.374508619,15.730000168,8.269485159,-0.157270838,1.200000000,0.104963299
1784881079.384508610,15.740000168,8.270352968,-0.156805100,1.200000000,0.100620125
1784881079.394508600,15.750000168,8.271176088,-0.156363365,1.200000000,0.096320269
1784881079.404508591,15.760000168,8.271955161,-0.155945287,1.200000000,0.092067271
1784881079.414508581,15.770000168,8.272690892,-0.155550485,1.200000000,0.087864673
1784881079.424508572,15.780000168,8.273384048,-0.155178544,1.200000000,0.083716016
1784881079.434508562,15.790000168,8.274035462,-0.154829015,1.200000000,0.079624840
1784881079.444508553,15.800000168,8.274646029,-0.154501415,1.200000000,0.075594688
1784881079.454508543,15.810000168,8.275216705,-0.154195229,1.200000000,0.071629099
1784881079.464508533,15.820000168,8.275748509,-0.153909909,1.200000000,0.067731616
1784881079.474508524,15.830000168,8.276242519,-0.153644875,1.200000000,0.063905779
1784881079.484508514,15.840000168,8.276699870,-0.153399515,1.200000000,0.060155130
1784881079.494508505,15.850000168,8.277121757,-0.153173187,1.200000000,0.056483208
1784881079.504508495,15.860000168,8.277509425,-0.152965223,1.200000000,0.052893557
1784881079.514508486,15.870000168,8.277864173,-0.152774923,1.200000000,0.049389716
1784881079.524508476,15.880000168,8.278187347,-0.152601564,1.200000000,0.045975227
1784881079.534508467,15.890000168,8.278480340,-0.152444400,1.200000000,0.042653631
1784881079.544508457,15.900000168,8.278744583,-0.152302659,1.200000000,0.039428469
1784881079.554508448,15.910000168,8.278981547,-0.152175555,1.200000000,0.036303281
1784881079.564508438,15.920000168,8.279192734,-0.152062278,1.200000000,0.033281610
1784881079.574508429,15.930000168,8.279379674,-0.151962010,1.200000000,0.030366997
1784881079.584508419,15.940000168,8.279543918,-0.151873916,1.200000000,0.027562981
1784881079.594508648,15.950000168,8.279687034,-0.151797155,1.200000000,0.024873105
1784881079.604508638,15.960000168,8.279810599,-0.151730882,1.200000000,0.022300910
1784881079.614508629,15.970000168,8.279916192,-0.151674249,1.200000000,0.019849936
1784881079.624508619,15.980000168,8.280005388,-0.151626411,1.200000000,0.017523725
1784881079.634508610,15.990000168,8.280079749,-0.151586529,1.200000000,0.015325818
1784881079.644508600,16.000000168,8.280140818,-0.151553777,1.200000000,0.013259756
1784881079.654508591,16.010000168,8.280190103,-0.151527345,1.200000000,0.011329080
1784881079.664508581,16.020000168,8.280229077,-0.151506443,1.200000000,0.009537331
1784881079.674508572,16.030000168,8.280259160,-0.151490309,1.200000000,0.007888050
1784881079.684508562,16.040000168,8.280281715,-0.151478213,1.200000000,0.006384778
1784881079.694508553,16.050000168,8.280298030,-0.151469463,1.200000000,0.005031057
1784881079.704508543,16.060000168,8.280309311,-0.151463414,1.200000000,0.003830428
1784881079.714508533,16.070000168,8.280316668,-0.151459468,1.200000000,0.002786431
1784881079.724508524,16.080000168,8.280321101,-0.151457091,1.200000000,0.001902608
1784881079.734508514,16.090000168,8.280323489,-0.151455811,1.200000000,0.001182500
1784881079.744508505,16.100000168,8.280324570,-0.151455231,1.200000000,0.000629647
1784881079.754508495,16.110000168,8.280324933,-0.151455036,1.200000000,0.000247592
1784881079.764508486,16.120000168,8.280324998,-0.151455001,1.200000000,0.000039875
1784881079.771174908,16.126666541,8.280325000,-0.151455000,1.200000000,0.000000000
