stamp,elapsed,x,y,z,yaw
1784880978.655134916,0.000000116,-0.261959000,-0.006230000,1.200000000,-0.039639000
1784880978.665135145,0.010000116,-0.261958995,-0.006229999,1.200000000,-0.039641819
1784880978.675135136,0.020000116,-0.261958928,-0.006229990,1.200000000,-0.039650167
1784880978.685135126,0.030000116,-0.261958641,-0.006229949,1.200000000,-0.039663883
1784880978.695135117,0.040000116,-0.261957880,-0.006229841,1.200000000,-0.039682806
1784880978.705135107,0.050000116,-0.261956296,-0.006229616,1.200000000,-0.039706775
1784880978.715135098,0.060000116,-0.261953457,-0.006229213,1.200000000,-0.039735627
1784880978.725135088,0.070000116,-0.261948850,-0.006228560,1.200000000,-0.039769201
1784880978.735135078,0.080000116,-0.261941884,-0.006227572,1.200000000,-0.039807336
1784880978.745135069,0.090000116,-0.261931902,-0.006226157,1.200000000,-0.039849870
1784880978.755135059,0.100000116,-0.261918177,-0.006224211,1.200000000,-0.039896642
1784880978.765135050,0.110000116,-0.261899927,-0.006221625,1.200000000,-0.039947490
1784880978.775135040,0.120000116,-0.261876310,-0.006218279,1.200000000,-0.040002253
1784880978.785135031,0.130000116,-0.261846437,-0.006214048,1.200000000,-0.040060769
1784880978.795135021,0.140000116,-0.261809370,-0.006208799,1.200000000,-0.040122878
1784880978.805135012,0.150000116,-0.261764130,-0.006202395,1.200000000,-0.040188416
1784880978.815135002,0.160000116,-0.261709701,-0.006194691,1.200000000,-0.040257224
1784880978.825134993,0.170000116,-0.261645031,-0.006185541,1.200000000,-0.040329139
1784880978.835134983,0.180000116,-0.261569039,-0.006174792,1.200000000,-0.040404000
1784880978.845134974,0.190000116,-0.261480619,-0.006162288,1.200000000,-0.040481645
1784880978.855134964,0.200000116,-0.261378642,-0.006147871,1.200000000,-0.040561913
1784880978.865134954,0.210000116,-0.261261957,-0.006131380,1.200000000,-0.040644643
1784880978.875134945,0.220000116,-0.261129400,-0.006112651,1.200000000,-0.040729673
1784880978.885134935,0.230000116,-0.260979794,-0.006091520,1.200000000,-0.040816841
1784880978.895134926,0.240000116,-0.260811952,-0.006067820,1.200000000,-0.040905986
1784880978.905134916,0.250000116,-0.260624680,-0.006041385,1.200000000,-0.040996947
1784880978.915135145,0.260000116,-0.260416782,-0.006012048,1.200000000,-0.041089562
1784880978.925135136,0.270000116,-0.260187058,-0.005979641,1.200000000,-0.041183670
1784880978.935135126,0.280000116,-0.259934313,-0.005943999,1.200000000,-0.041279108
1784880978.945135117,0.290000116,-0.259657352,-0.005904954,1.200000000,-0.041375717
1784880978.955135107,0.300000116,-0.259354990,-0.005862344,1.200000000,-0.041473333
1784880978.965135098,0.310000116,-0.259026049,-0.005816004,1.200000000,-0.041571796
1784880978.975135088,0.320000116,-0.258669361,-0.005765773,1.200000000,-0.041670945
1784880978.985135078,0.330000116,-0.258283773,-0.005711492,1.200000000,-0.041770617
1784880978.995135069,0.340000116,-0.257868145,-0.005653004,1.200000000,-0.041870651
1784880979.005135059,0.350000116,-0.257421352,-0.005590154,1.200000000,-0.041970886
1784880979.015135050,0.360000116,-0.256942292,-0.005522791,1.200000000,-0.042071160
1784880979.025135040,0.370000116,-0.256429877,-0.005450766,1.200000000,-0.042171313
1784880979.035135031,0.380000116,-0.255883045,-0.005373934,1.200000000,-0.042271181
1784880979.045135021,0.390000116,-0.255300754,-0.005292153,1.200000000,-0.042370604
1784880979.055135012,0.400000116,-0.254681987,-0.005205285,1.200000000,-0.042469421
1784880979.065135002,0.410000116,-0.254025752,-0.005113197,1.200000000,-0.042567469
1784880979.075134993,0.420000116,-0.253331084,-0.005015756,1.200000000,-0.042664588
1784880979.085134983,0.430000116,-0.252597044,-0.004912839,1.200000000,-0.042760616
1784880979.095134974,0.440000116,-0.251822724,-0.004804322,1.200000000,-0.042855391
1784880979.105134964,0.450000116,-0.251007243,-0.004690089,1.200000000,-0.042948752
1784880979.115134954,0.460000116,-0.250149750,-0.004570027,1.200000000,-0.043040538
1784880979.125134945,0.470000116,-0.249249427,-0.004444027,1.200000000,-0.043130587
1784880979.135134935,0.480000116,-0.248305485,-0.004311987,1.200000000,-0.043218737
1784880979.145134926,0.490000116,-0.247317169,-0.004173807,1.200000000,-0.043304827
1784880979.155134916,0.500000116,-0.246283755,-0.004029394,1.200000000,-0.043388696
1784880979.165135145,0.510000116,-0.245204552,-0.003878659,1.200000000,-0.043470181
1784880979.175135136,0.520000116,-0.244078903,-0.003721519,1.200000000,-0.043549123
1784880979.185135126,0.530000116,-0.242906184,-0.003557895,1.200000000,-0.043625358
1784880979.195135117,0.540000116,-0.241685806,-0.003387712,1.200000000,-0.043698726
1784880979.205135107,0.550000116,-0.240417212,-0.003210903,1.200000000,-0.043769065
1784880979.215135098,0.560000116,-0.239099880,-0.003027404,1.200000000,-0.043836214
1784880979.225135088,0.570000116,-0.237733322,-0.002837156,1.200000000,-0.043900011
1784880979.235135078,0.580000116,-0.236317083,-0.002640107,1.200000000,-0.043960295
1784880979.245135069,0.590000116,-0.234850744,-0.002436207,1.200000000,-0.044016904
1784880979.255135059,0.600000116,-0.233333918,-0.002225414,1.200000000,-0.044069676
1784880979.265135050,0.610000116,-0.231766251,-0.002007689,1.200000000,-0.044118451
1784880979.275135040,0.620000116,-0.230147424,-0.001783000,1.200000000,-0.044163067
1784880979.285135031,0.630000116,-0.228477151,-0.001551317,1.200000000,-0.044203362
1784880979.295135021,0.640000116,-0.226755178,-0.001312618,1.200000000,-0.044239174
1784880979.305135012,0.650000116,-0.224981283,-0.001066885,1.200000000,-0.044270343
1784880979.315135002,0.660000116,-0.223155277,-0.000814102,1.200000000,-0.044296707
1784880979.325134993,0.670000116,-0.221277001,-0.000554262,1.200000000,-0.044318105
1784880979.335134983,0.680000116,-0.219346329,-0.000287359,1.200000000,-0.044334374
1784880979.345134974,0.690000116,-0.217363163,-0.000013395,1.200000000,-0.044345353
1784880979.355134964,0.700000116,-0.215327438,0.000267627,1.200000000,-0.044350882
1784880979.365134954,0.710000116,-0.213239116,0.000555698,1.200000000,-0.044350798
1784880979.375134945,0.720000116,-0.211098188,0.000850803,1.200000000,-0.044344940
1784880979.385134935,0.730000116,-0.208904674,0.001152926,1.200000000,-0.044333146
1784880979.395134926,0.740000116,-0.206658620,0.001462045,1.200000000,-0.044315255
1784880979.405134916,0.750000116,-0.204360102,0.001778134,1.200000000,-0.044291106
1784880979.415135145,0.760000116,-0.202009217,0.002101164,1.200000000,-0.044260537
1784880979.425135136,0.770000116,-0.199606093,0.002431102,1.200000000,-0.044223387
1784880979.435135126,0.780000116,-0.197150877,0.002767910,1.200000000,-0.044179493
1784880979.445135117,0.790000116,-0.194643744,0.003111548,1.200000000,-0.044128695
1784880979.455135107,0.800000116,-0.192084890,0.003461972,1.200000000,-0.044070832
1784880979.465135098,0.810000116,-0.189474535,0.003819135,1.200000000,-0.044005740
1784880979.475135088,0.820000116,-0.186812918,0.004182985,1.200000000,-0.043933260
1784880979.485135078,0.830000116,-0.184100302,0.004553470,1.200000000,-0.043853230
1784880979.495135069,0.840000116,-0.181336966,0.004930532,1.200000000,-0.043765488
1784880979.505135059,0.850000116,-0.178523212,0.005314113,1.200000000,-0.043669873
1784880979.515135050,0.860000116,-0.175659358,0.005704148,1.200000000,-0.043566223
1784880979.525135040,0.870000116,-0.172745741,0.006100575,1.200000000,-0.043454376
1784880979.535135031,0.880000116,-0.169782714,0.006503324,1.200000000,-0.043334172
1784880979.545135021,0.890000116,-0.166770646,0.006912327,1.200000000,-0.043205449
1784880979.555135012,0.900000116,-0.163709921,0.007327511,1.200000000,-0.043068049
1784880979.565135002,0.910000116,-0.160600939,0.007748801,1.200000000,-0.042921934
1784880979.575134993,0.920000116,-0.157444112,0.008176122,1.200000000,-0.042767203
1784880979.585134983,0.930000116,-0.154239866,0.008609394,1.200000000,-0.042603957
1784880979.595134974,0.940000116,-0.150988640,0.009048537,1.200000000,-0.042432301
1784880979.605134964,0.950000116,-0.147690884,0.009493470,1.200000000,-0.042252339
1784880979.615134954,0.960000116,-0.144347058,0.009944109,1.200000000,-0.042064174
1784880979.625134945,0.970000116,-0.140957633,0.010400368,1.200000000,-0.041867911
1784880979.635134935,0.980000116,-0.137523091,0.010862162,1.200000000,-0.041663653
1784880979.645134926,0.990000116,-0.134043922,0.011329401,1.200000000,-0.041451504
1784880979.655134916,1.000000116,-0.130520623,0.011801996,1.200000000,-0.041231567
1784880979.665135145,1.010000116,-0.126953702,0.012279858,1.200000000,-0.041003947
1784880979.675135136,1.020000116,-0.123343670,0.012762895,1.200000000,-0.040768747
1784880979.685135126,1.030000116,-0.119691049,0.013251014,1.200000000,-0.040526071
1784880979.695135117,1.040000116,-0.115996363,0.013744122,1.200000000,-0.040276023
1784880979.705135107,1.050000116,-0.112260145,0.014242125,1.200000000,-0.040018706
1784880979.715135098,1.060000116,-0.108482930,0.014744928,1.200000000,-0.039754225
1784880979.725135088,1.070000116,-0.104665259,0.015252436,1.200000000,-0.039482683
1784880979.735135078,1.080000116,-0.100807676,0.015764552,1.200000000,-0.039204184
1784880979.745135069,1.090000116,-0.096910730,0.016281181,1.200000000,-0.038918832
1784880979.755135059,1.100000116,-0.092974972,0.016802224,1.200000000,-0.038626731
1784880979.765135050,1.110000116,-0.089000953,0.017327586,1.200000000,-0.038327984
1784880979.775135040,1.120000116,-0.084989229,0.017857168,1.200000000,-0.038022695
1784880979.785135031,1.130000116,-0.080940357,0.018390874,1.200000000,-0.037710968
1784880979.795135021,1.140000116,-0.076854893,0.018928605,1.200000000,-0.037392906
1784880979.805135012,1.150000116,-0.072733396,0.019470264,1.200000000,-0.037068615
1784880979.815135002,1.160000116,-0.068576424,0.020015752,1.200000000,-0.036738196
1784880979.825134993,1.170000116,-0.064384534,0.020564974,1.200000000,-0.036401755
1784880979.835134983,1.180000116,-0.060158283,0.021117830,1.200000000,-0.036059394
1784880979.845134974,1.190000116,-0.055898227,0.021674225,1.200000000,-0.035711218
1784880979.855134964,1.200000116,-0.051604921,0.022234061,1.200000000,-0.035357331
1784880979.865134954,1.210000116,-0.047278918,0.022797241,1.200000000,-0.034997836
1784880979.875134945,1.220000116,-0.042920767,0.023363671,1.200000000,-0.034632837
1784880979.885134935,1.230000116,-0.038531017,0.023933253,1.200000000,-0.034262438
1784880979.895134926,1.240000116,-0.034110212,0.024505894,1.200000000,-0.033886742
1784880979.905134916,1.250000116,-0.029658895,0.025081498,1.200000000,-0.033505854
1784880979.915135145,1.260000116,-0.025177604,0.025659972,1.200000000,-0.033119878
1784880979.925135136,1.270000116,-0.020666873,0.026241223,1.200000000,-0.032728916
1784880979.935135126,1.280000116,-0.016127233,0.026825158,1.200000000,-0.032333073
1784880979.945135117,1.290000116,-0.011559209,0.027411686,1.200000000,-0.031932452
1784880979.955135107,1.300000116,-0.006963324,0.028000716,1.200000000,-0.031527158
1784880979.965135098,1.310000116,-0.002340094,0.028592158,1.200000000,-0.031117295
1784880979.975135088,1.320000116,0.002309971,0.029185924,1.200000000,-0.030702965
1784880979.985135078,1.330000116,0.006986364,0.029781924,1.200000000,-0.030284273
1784880979.995135069,1.340000116,0.011688584,0.030380072,1.200000000,-0.029861322
1784880980.005135059,1.350000116,0.016416139,0.030980283,1.200000000,-0.029434217
1784880980.015135050,1.360000116,0.021168539,0.031582470,1.200000000,-0.029003061
1784880980.025135040,1.370000116,0.025945302,0.032186552,1.200000000,-0.028567957
1784880980.035135031,1.380000116,0.030745953,0.032792444,1.200000000,-0.028129011
1784880980.045135021,1.390000116,0.035570023,0.033400066,1.200000000,-0.027686325
1784880980.055135012,1.400000116,0.040417050,0.034009337,1.200000000,-0.027240003
1784880980.065135002,1.410000116,0.045286580,0.034620178,1.200000000,-0.026790150
1784880980.075134993,1.420000116,0.050178164,0.035232512,1.200000000,-0.026336868
1784880980.085134983,1.430000116,0.055091361,0.035846263,1.200000000,-0.025880262
1784880980.095134974,1.440000116,0.060025740,0.036461355,1.200000000,-0.025420435
1784880980.105134964,1.450000116,0.064980874,0.037077714,1.200000000,-0.024957492
1784880980.115134954,1.460000116,0.069956346,0.037695269,1.200000000,-0.024491536
1784880980.125134945,1.470000116,0.074951746,0.038313949,1.200000000,-0.024022670
1784880980.135134935,1.480000116,0.079966672,0.038933685,1.200000000,-0.023551000
1784880980.145134926,1.490000116,0.085000730,0.039554407,1.200000000,-0.023076627
1784880980.155134916,1.500000116,0.090053536,0.040176051,1.200000000,-0.022599657
1784880980.165135145,1.510000116,0.095124710,0.040798551,1.200000000,-0.022120193
1784880980.175135136,1.520000116,0.100213884,0.041421843,1.200000000,-0.021638338
1784880980.185135126,1.530000116,0.105320698,0.042045866,1.200000000,-0.021154197
1784880980.195135117,1.540000116,0.110444799,0.042670560,1.200000000,-0.020667874
1784880980.205135107,1.550000116,0.115585843,0.043295865,1.200000000,-0.020179471
1784880980.215135098,1.560000116,0.120743495,0.043921725,1.200000000,-0.019689094
1784880980.225135088,1.570000116,0.125917428,0.044548083,1.200000000,-0.019196845
1784880980.235135078,1.580000116,0.131107324,0.045174887,1.200000000,-0.018702829
1784880980.245135069,1.590000116,0.136312875,0.045802084,1.200000000,-0.018207149
1784880980.255135059,1.600000116,0.141533779,0.046429622,1.200000000,-0.017709909
1784880980.265135050,1.610000116,0.146769744,0.047057453,1.200000000,-0.017211214
1784880980.275135040,1.620000116,0.152020486,0.047685530,1.200000000,-0.016711165
1784880980.285135031,1.630000116,0.157285732,0.048313806,1.200000000,-0.016209869
1784880980.295135021,1.640000116,0.162565216,0.048942237,1.200000000,-0.015707427
1784880980.305135012,1.650000116,0.167858679,0.049570782,1.200000000,-0.015203945
1784880980.315135002,1.660000116,0.173165874,0.050199399,1.200000000,-0.014699525
1784880980.325134993,1.670000116,0.178486561,0.050828049,1.200000000,-0.014194273
1784880980.335134983,1.680000116,0.183820507,0.051456695,1.200000000,-0.013688290
1784880980.345134974,1.690000116,0.189167492,0.052085301,1.200000000,-0.013181682
1784880980.355134964,1.700000116,0.194527300,0.052713832,1.200000000,-0.012674552
1784880980.365134954,1.710000116,0.199899725,0.053342257,1.200000000,-0.012167003
1784880980.375134945,1.720000116,0.205284571,0.053970545,1.200000000,-0.011659141
1784880980.385134935,1.730000116,0.210681649,0.054598666,1.200000000,-0.011151067
1784880980.395134926,1.740000116,0.216090777,0.055226593,1.200000000,-0.010642887
1784880980.405134916,1.750000116,0.221511785,0.055854300,1.200000000,-0.010134704
1784880980.415135145,1.760000116,0.226944507,0.056481763,1.200000000,-0.009626621
1784880980.425135136,1.770000116,0.232388788,0.057108961,1.200000000,-0.009118743
1784880980.435135126,1.780000116,0.237844481,0.057735871,1.200000000,-0.008611174
1784880980.445135117,1.790000116,0.243311444,0.058362475,1.200000000,-0.008104016
1784880980.455135107,1.800000116,0.248789547,0.058988755,1.200000000,-0.007597375
1784880980.465135098,1.810000116,0.254278664,0.059614696,1.200000000,-0.007091353
1784880980.475135088,1.820000116,0.259778680,0.060240282,1.200000000,-0.006586054
1784880980.485135078,1.830000116,0.265289485,0.060865502,1.200000000,-0.006081583
1784880980.495135069,1.840000116,0.270810978,0.061490344,1.200000000,-0.005578043
1784880980.505135059,1.850000116,0.276343064,0.062114799,1.200000000,-0.005075538
1784880980.515135050,1.860000116,0.281885657,0.062738859,1.200000000,-0.004574172
1784880980.525135040,1.870000116,0.287438676,0.063362517,1.200000000,-0.004074048
1784880980.535135031,1.880000116,0.293002050,0.063985769,1.200000000,-0.003575270
1784880980.545135021,1.890000116,0.298575713,0.064608610,1.200000000,-0.003077942
1784880980.555135012,1.900000116,0.304159604,0.065231041,1.200000000,-0.002582169
1784880980.565135002,1.910000116,0.309753672,0.065853059,1.200000000,-0.002088052
1784880980.575134993,1.920000116,0.315357871,0.066474667,1.200000000,-0.001595698
1784880980.585134983,1.930000116,0.320972161,0.067095867,1.200000000,-0.001105208
1784880980.595134974,1.940000116,0.326596509,0.067716663,1.200000000,-0.000616687
1784880980.605134964,1.950000116,0.332230888,0.068337061,1.200000000,-0.000130239
1784880980.615134954,1.960000116,0.337875276,0.068957068,1.200000000,0.000354032
1784880980.625134945,1.970000116,0.343529659,0.069576691,1.200000000,0.000836023
1784880980.635134935,1.980000116,0.349194025,0.070195942,1.200000000,0.001315630
1784880980.645134926,1.990000116,0.354868371,0.070814830,1.200000000,0.001792748
1784880980.655134916,2.000000116,0.360552698,0.071433369,1.200000000,0.002267275
1784880980.665135145,2.010000116,0.366247012,0.072051573,1.200000000,0.002739107
1784880980.675135136,2.020000116,0.371951325,0.072669455,1.200000000,0.003208139
1784880980.685135126,2.030000116,0.377665652,0.073287034,1.200000000,0.003674268
1784880980.695135117,2.040000116,0.383390015,0.073904326,1.200000000,0.004137391
1784880980.705135107,2.050000116,0.389124439,0.074521350,1.200000000,0.004597402
1784880980.715135098,2.060000116,0.394868954,0.075138127,1.200000000,0.005054199
1784880980.725135088,2.070000116,0.400623594,0.075754677,1.200000000,0.005507678
1784880980.735135078,2.080000116,0.406388397,0.076371024,1.200000000,0.005957735
1784880980.745135069,2.090000116,0.412163406,0.076987191,1.200000000,0.006404266
1784880980.755135059,2.100000116,0.417948666,0.077603202,1.200000000,0.006847167
1784880980.765135050,2.110000116,0.423744227,0.078219084,1.200000000,0.007286335
1784880980.775135040,2.120000116,0.429550141,0.078834863,1.200000000,0.007721665
1784880980.785135031,2.130000116,0.435366465,0.079450568,1.200000000,0.008153055
1784880980.795135021,2.140000116,0.441193258,0.080066227,1.200000000,0.008580400
1784880980.805135012,2.150000116,0.447030582,0.080681870,1.200000000,0.009003596
1784880980.815135002,2.160000116,0.452878502,0.081297530,1.200000000,0.009422540
1784880980.825134993,2.170000116,0.458737086,0.081913236,1.200000000,0.009837127
1784880980.835134983,2.180000116,0.464606402,0.082529024,1.200000000,0.010247255
1784880980.845134974,2.190000116,0.470486523,0.083144925,1.200000000,0.010652819
1784880980.855134964,2.200000116,0.476377524,0.083760976,1.200000000,0.011053715
1784880980.865134954,2.210000116,0.482279479,0.084377211,1.200000000,0.011449840
1784880980.875134945,2.220000116,0.488192467,0.084993667,1.200000000,0.011841090
1784880980.885134935,2.230000116,0.494116567,0.085610380,1.200000000,0.012227361
1784880980.895134926,2.240000116,0.500051859,0.086227390,1.200000000,0.012608549
1784880980.905134916,2.250000116,0.505998426,0.086844735,1.200000000,0.012984551
1784880980.915135145,2.260000116,0.511956350,0.087462454,1.200000000,0.013355262
1784880980.925135136,2.270000116,0.517925715,0.088080587,1.200000000,0.013720580
1784880980.935135126,2.280000116,0.523906605,0.088699175,1.200000000,0.014080399
1784880980.945135117,2.290000116,0.529899105,0.089318259,1.200000000,0.014434617
1784880980.955135107,2.300000116,0.535903301,0.089937882,1.200000000,0.014783129
1784880980.965135098,2.310000116,0.541919279,0.090558087,1.200000000,0.015125833
1784880980.975135088,2.320000116,0.547947123,0.091178915,1.200000000,0.015462623
1784880980.985135078,2.330000116,0.553986920,0.091800412,1.200000000,0.015793396
1784880980.995135069,2.340000116,0.560038756,0.092422621,1.200000000,0.016118049
1784880981.005135059,2.350000116,0.566102714,0.093045587,1.200000000,0.016436477
1784880981.015135050,2.360000116,0.572178881,0.093669355,1.200000000,0.016748577
1784880981.025135040,2.370000116,0.578267338,0.094293971,1.200000000,0.017054245
1784880981.035135031,2.380000116,0.584368170,0.094919481,1.200000000,0.017353377
1784880981.045135021,2.390000116,0.590481459,0.095545931,1.200000000,0.017645870
1784880981.055135012,2.400000116,0.596607285,0.096173369,1.200000000,0.017931619
1784880981.065135002,2.410000116,0.602745728,0.096801840,1.200000000,0.018210521
1784880981.075134993,2.420000116,0.608896866,0.097431392,1.200000000,0.018482472
1784880981.085134983,2.430000116,0.615060776,0.098062074,1.200000000,0.018747369
1784880981.095134974,2.440000116,0.621237533,0.098693932,1.200000000,0.019005107
1784880981.105134964,2.450000116,0.627427210,0.099327016,1.200000000,0.019255583
1784880981.115134954,2.460000116,0.633629879,0.099961373,1.200000000,0.019498692
1784880981.125134945,2.470000116,0.639845610,0.100597051,1.200000000,0.019734332
1784880981.135134935,2.480000116,0.646074468,0.101234100,1.200000000,0.019962398
1784880981.145134926,2.490000116,0.652316520,0.101872567,1.200000000,0.020182786
1784880981.155134916,2.500000116,0.658571828,0.102512503,1.200000000,0.020395425
1784880981.165135145,2.510000116,0.664840452,0.103153955,1.200000000,0.020600373
1784880981.175135136,2.520000116,0.671122450,0.103796973,1.200000000,0.020797721
1784880981.185135126,2.530000116,0.677417876,0.104441605,1.200000000,0.020987560
1784880981.195135117,2.540000116,0.683726783,0.105087901,1.200000000,0.021169983
1784880981.205135107,2.550000116,0.690049221,0.105735909,1.200000000,0.021345081
1784880981.215135098,2.560000116,0.696385234,0.106385678,1.200000000,0.021512946
1784880981.225135088,2.570000116,0.702734868,0.107037258,1.200000000,0.021673669
1784880981.235135078,2.580000116,0.709098162,0.107690697,1.200000000,0.021827341
1784880981.245135069,2.590000116,0.715475153,0.108346042,1.200000000,0.021974055
1784880981.255135059,2.600000116,0.721865876,0.109003344,1.200000000,0.022113902
1784880981.265135050,2.610000116,0.728270360,0.109662650,1.200000000,0.022246973
1784880981.275135040,2.620000116,0.734688633,0.110324008,1.200000000,0.022373361
1784880981.285135031,2.630000116,0.741120718,0.110987467,1.200000000,0.022493156
1784880981.295135021,2.640000116,0.747566636,0.111653073,1.200000000,0.022606450
1784880981.305135012,2.650000116,0.754026403,0.112320874,1.200000000,0.022713336
1784880981.315135002,2.660000116,0.760500033,0.112990919,1.200000000,0.022813903
1784880981.325134993,2.670000116,0.766987535,0.113663252,1.200000000,0.022908245
1784880981.335134983,2.680000116,0.773488914,0.114337922,1.200000000,0.022996452
1784880981.345134974,2.690000116,0.780004173,0.115014974,1.200000000,0.023078617
1784880981.355134964,2.700000116,0.786533310,0.115694455,1.200000000,0.023154830
1784880981.365134954,2.710000116,0.793076318,0.116376409,1.200000000,0.023225184
1784880981.375134945,2.720000116,0.799633189,0.117060883,1.200000000,0.023289770
1784880981.385134935,2.730000116,0.806203910,0.117747920,1.200000000,0.023348679
1784880981.395134926,2.740000116,0.812788463,0.118437566,1.200000000,0.023402003
1784880981.405134916,2.750000116,0.819386826,0.119129864,1.200000000,0.023449834
1784880981.415135145,2.760000116,0.825998975,0.119824858,1.200000000,0.023492264
1784880981.425135136,2.770000116,0.832624881,0.120522590,1.200000000,0.023529383
1784880981.435135126,2.780000116,0.839264510,0.121223105,1.200000000,0.023561284
1784880981.445135117,2.790000116,0.845917826,0.121926442,1.200000000,0.023588058
1784880981.455135107,2.800000116,0.852584788,0.122632645,1.200000000,0.023609796
1784880981.465135098,2.810000116,0.859265350,0.123341753,1.200000000,0.023626591
1784880981.475135088,2.820000116,0.865959464,0.124053809,1.200000000,0.023638533
1784880981.485135078,2.830000116,0.872667076,0.124768850,1.200000000,0.023645715
1784880981.495135069,2.840000116,0.879388130,0.125486917,1.200000000,0.023648228
1784880981.505135059,2.850000116,0.886122564,0.126208049,1.200000000,0.023646164
1784880981.515135050,2.860000116,0.892870313,0.126932283,1.200000000,0.023639613
1784880981.525135040,2.870000116,0.899631309,0.127659656,1.200000000,0.023628669
1784880981.535135031,2.880000116,0.906405478,0.128390207,1.200000000,0.023613422
1784880981.545135021,2.890000116,0.913192743,0.129123970,1.200000000,0.023593963
1784880981.555135012,2.900000116,0.919993024,0.129860982,1.200000000,0.023570386
1784880981.565135002,2.910000116,0.926806236,0.130601277,1.200000000,0.023542780
1784880981.575134993,2.920000116,0.933632290,0.131344889,1.200000000,0.023511238
1784880981.585134983,2.930000116,0.940471093,0.132091852,1.200000000,0.023475851
1784880981.595134974,2.940000116,0.947322549,0.132842198,1.200000000,0.023436711
1784880981.605134964,2.950000116,0.954186558,0.133595959,1.200000000,0.023393910
1784880981.615134954,2.960000116,0.961063015,0.134353167,1.200000000,0.023347538
1784880981.625134945,2.970000116,0.967951813,0.135113851,1.200000000,0.023297689
1784880981.635134935,2.980000116,0.974852841,0.135878042,1.200000000,0.023244452
1784880981.645134926,2.990000116,0.981765983,0.136645768,1.200000000,0.023187920
1784880981.655134916,3.000000116,0.988691120,0.137417057,1.200000000,0.023128185
1784880981.665135145,3.010000116,0.995628130,0.138191937,1.200000000,0.023065338
1784880981.675135136,3.020000116,1.002576887,0.138970433,1.200000000,0.022999470
1784880981.685135126,3.030000116,1.009537261,0.139752572,1.200000000,0.022930673
1784880981.695135117,3.040000116,1.016509118,0.140538378,1.200000000,0.022859039
1784880981.705135107,3.050000116,1.023492324,0.141327875,1.200000000,0.022784659
1784880981.715135098,3.060000116,1.030486737,0.142121086,1.200000000,0.022707625
1784880981.725135088,3.070000116,1.037492215,0.142918033,1.200000000,0.022628029
1784880981.735135078,3.080000116,1.044508611,0.143718738,1.200000000,0.022545962
1784880981.745135069,3.090000116,1.051535775,0.144523220,1.200000000,0.022461515
1784880981.755135059,3.100000116,1.058573555,0.145331499,1.200000000,0.022374781
1784880981.765135050,3.110000116,1.065621794,0.146143593,1.200000000,0.022285850
1784880981.775135040,3.120000116,1.072680334,0.146959521,1.200000000,0.022194815
1784880981.785135031,3.130000116,1.079749011,0.147779298,1.200000000,0.022101767
1784880981.795135021,3.140000116,1.086827663,0.148602941,1.200000000,0.022006797
1784880981.805135012,3.150000116,1.093916120,0.149430464,1.200000000,0.021909998
1784880981.815135002,3.160000116,1.101014212,0.150261881,1.200000000,0.021811460
1784880981.825134993,3.170000116,1.108121765,0.151097205,1.200000000,0.021711276
1784880981.835134983,3.180000116,1.115238604,0.151936448,1.200000000,0.021609537
1784880981.845134974,3.190000116,1.122364549,0.152779620,1.200000000,0.021506334
1784880981.855134964,3.200000116,1.129499420,0.153626732,1.200000000,0.021401759
1784880981.865134954,3.210000116,1.136643033,0.154477792,1.200000000,0.021295904
1784880981.875134945,3.220000116,1.143795202,0.155332808,1.200000000,0.021188860
1784880981.885134935,3.230000116,1.150955738,0.156191788,1.200000000,0.021080719
1784880981.895134926,3.240000116,1.158124451,0.157054736,1.200000000,0.020971573
1784880981.905134916,3.250000116,1.165301148,0.157921658,1.200000000,0.020861512
1784880981.915135145,3.260000116,1.172485634,0.158792558,1.200000000,0.020750629
1784880981.925135136,3.270000116,1.179677712,0.159667438,1.200000000,0.020639016
1784880981.935135126,3.280000116,1.186877184,0.160546301,1.200000000,0.020526763
1784880981.945135117,3.290000116,1.194083847,0.161429146,1.200000000,0.020413962
1784880981.955135107,3.300000116,1.201297501,0.162315974,1.200000000,0.020300706
1784880981.965135098,3.310000116,1.208517939,0.163206783,1.200000000,0.020187085
1784880981.975135088,3.320000116,1.215744958,0.164101571,1.200000000,0.020073191
1784880981.985135078,3.330000116,1.222978349,0.165000333,1.200000000,0.019959116
1784880981.995135069,3.340000116,1.230217903,0.165903067,1.200000000,0.019844951
1784880982.005135059,3.350000116,1.237463410,0.166809765,1.200000000,0.019730788
1784880982.015135050,3.360000116,1.244714658,0.167720421,1.200000000,0.019616719
1784880982.025135040,3.370000116,1.251971434,0.168635028,1.200000000,0.019502834
1784880982.035135031,3.380000116,1.259233525,0.169553577,1.200000000,0.019389226
1784880982.045135021,3.390000116,1.266500715,0.170476056,1.200000000,0.019275987
1784880982.055135012,3.400000116,1.273772789,0.171402457,1.200000000,0.019163207
1784880982.065135002,3.410000116,1.281049529,0.172332765,1.200000000,0.019050979
1784880982.075134993,3.420000116,1.288330717,0.173266969,1.200000000,0.018939394
1784880982.085134983,3.430000116,1.295616135,0.174205054,1.200000000,0.018828543
1784880982.095134974,3.440000116,1.302905564,0.175147004,1.200000000,0.018718519
1784880982.105134964,3.450000116,1.310198785,0.176092802,1.200000000,0.018609412
1784880982.115134954,3.460000116,1.317495576,0.177042432,1.200000000,0.018501315
1784880982.125134945,3.470000116,1.324795719,0.177995875,1.200000000,0.018394318
1784880982.135134935,3.480000116,1.332098990,0.178953110,1.200000000,0.018288514
1784880982.145134926,3.490000116,1.339405171,0.179914116,1.200000000,0.018183994
1784880982.155134916,3.500000116,1.346714039,0.180878873,1.200000000,0.018080850
1784880982.165135145,3.510000116,1.354025373,0.181847356,1.200000000,0.017979173
1784880982.175135136,3.520000116,1.361338953,0.182819541,1.200000000,0.017879055
1784880982.185135126,3.530000116,1.368654556,0.183795404,1.200000000,0.017780588
1784880982.195135117,3.540000116,1.375971962,0.184774917,1.200000000,0.017683862
1784880982.205135107,3.550000116,1.383290951,0.185758053,1.200000000,0.017588970
1784880982.215135098,3.560000116,1.390611302,0.186744783,1.200000000,0.017496003
1784880982.225135088,3.570000116,1.397932796,0.187735078,1.200000000,0.017405053
1784880982.235135078,3.580000116,1.405255213,0.188728906,1.200000000,0.017316212
1784880982.245135069,3.590000116,1.412578335,0.189726237,1.200000000,0.017229570
1784880982.255135059,3.600000116,1.419901944,0.190727036,1.200000000,0.017145220
1784880982.265135050,3.610000116,1.427225823,0.191731269,1.200000000,0.017063253
1784880982.275135040,3.620000116,1.434549755,0.192738902,1.200000000,0.016983761
1784880982.285135031,3.630000116,1.441873525,0.193749898,1.200000000,0.016906835
1784880982.295135021,3.640000116,1.449196919,0.194764219,1.200000000,0.016832567
1784880982.305135012,3.650000116,1.456519725,0.195781827,1.200000000,0.016761049
1784880982.315135002,3.660000116,1.463841729,0.196802683,1.200000000,0.016692371
1784880982.325134993,3.670000116,1.471162721,0.197826745,1.200000000,0.016626627
1784880982.335134983,3.680000116,1.478482492,0.198853972,1.200000000,0.016563906
1784880982.345134974,3.690000116,1.485800834,0.199884321,1.200000000,0.016504301
1784880982.355134964,3.700000116,1.493117540,0.200917748,1.200000000,0.016447904
1784880982.365134954,3.710000116,1.500432405,0.201954208,1.200000000,0.016394806
1784880982.375134945,3.720000116,1.507745227,0.202993654,1.200000000,0.016345098
1784880982.385134935,3.730000116,1.515055803,0.204036040,1.200000000,0.016298872
1784880982.395134926,3.740000116,1.522363934,0.205081318,1.200000000,0.016256221
1784880982.405134916,3.750000116,1.529669422,0.206129438,1.200000000,0.016217234
1784880982.415135145,3.760000116,1.536972071,0.207180350,1.200000000,0.016182005
1784880982.425135136,3.770000116,1.544271687,0.208234001,1.200000000,0.016150624
1784880982.435135126,3.780000116,1.551568078,0.209290341,1.200000000,0.016123183
1784880982.445135117,3.790000116,1.558861053,0.210349316,1.200000000,0.016099773
1784880982.455135107,3.800000116,1.566150426,0.211410870,1.200000000,0.016080487
1784880982.465135098,3.810000116,1.573436011,0.212474949,1.200000000,0.016065416
1784880982.475135088,3.820000116,1.580717624,0.213541495,1.200000000,0.016054652
1784880982.485135078,3.830000116,1.587995086,0.214610452,1.200000000,0.016048285
1784880982.495135069,3.840000116,1.595268217,0.215681760,1.200000000,0.016046408
1784880982.505135059,3.850000116,1.602536843,0.216755361,1.200000000,0.016049112
1784880982.515135050,3.860000116,1.609800788,0.217831192,1.200000000,0.016056489
1784880982.525135040,3.870000116,1.617059884,0.218909194,1.200000000,0.016068631
1784880982.535135031,3.880000116,1.624313962,0.219989302,1.200000000,0.016085628
1784880982.545135021,3.890000116,1.631562855,0.221071454,1.200000000,0.016107573
1784880982.555135012,3.900000116,1.638806403,0.222155585,1.200000000,0.016134557
1784880982.565135002,3.910000116,1.646044445,0.223241629,1.200000000,0.016166672
1784880982.575134993,3.920000116,1.653276823,0.224329520,1.200000000,0.016204009
1784880982.585134983,3.930000116,1.660503385,0.225419191,1.200000000,0.016246659
1784880982.595134974,3.940000116,1.667723978,0.226510572,1.200000000,0.016294651
1784880982.605134964,3.950000116,1.674938455,0.227603595,1.200000000,0.016347854
1784880982.615134954,3.960000116,1.682146670,0.228698190,1.200000000,0.016406114
1784880982.625134945,3.970000116,1.689348481,0.229794285,1.200000000,0.016469278
1784880982.635134935,3.980000116,1.696543749,0.230891807,1.200000000,0.016537191
1784880982.645134926,3.990000116,1.703732338,0.231990685,1.200000000,0.016609701
1784880982.655134916,4.000000116,1.710914115,0.233090844,1.200000000,0.016686653
1784880982.665135145,4.010000116,1.718088951,0.234192209,1.200000000,0.016767894
1784880982.675135136,4.020000116,1.725256719,0.235294705,1.200000000,0.016853270
1784880982.685135126,4.030000116,1.732417295,0.236398254,1.200000000,0.016942627
1784880982.695135117,4.040000116,1.739570560,0.237502780,1.200000000,0.017035812
1784880982.705135107,4.050000116,1.746716397,0.238608205,1.200000000,0.017132671
1784880982.715135098,4.060000116,1.753854693,0.239714448,1.200000000,0.017233050
1784880982.725135088,4.070000116,1.760985337,0.240821431,1.200000000,0.017336796
1784880982.735135078,4.080000116,1.768108222,0.241929071,1.200000000,0.017443755
1784880982.745135069,4.090000116,1.775223245,0.243037289,1.200000000,0.017553773
1784880982.755135059,4.100000116,1.782330306,0.244146000,1.200000000,0.017666696
1784880982.765135050,4.110000116,1.789429308,0.245255123,1.200000000,0.017782371
1784880982.775135040,4.120000116,1.796520157,0.246364572,1.200000000,0.017900644
1784880982.785135031,4.130000116,1.803602764,0.247474264,1.200000000,0.018021362
1784880982.795135021,4.140000116,1.810677041,0.248584112,1.200000000,0.018144370
1784880982.805135012,4.150000116,1.817742906,0.249694031,1.200000000,0.018269515
1784880982.815135002,4.160000116,1.824800279,0.250803933,1.200000000,0.018396644
1784880982.825134993,4.170000116,1.831849083,0.251913730,1.200000000,0.018525602
1784880982.835134983,4.180000116,1.838889245,0.253023334,1.200000000,0.018656235
1784880982.845134974,4.190000116,1.845920695,0.254132656,1.200000000,0.018788392
1784880982.855134964,4.200000116,1.852943368,0.255241605,1.200000000,0.018921916
1784880982.865134954,4.210000116,1.859957200,0.256350091,1.200000000,0.019056655
1784880982.875134945,4.220000116,1.866962132,0.257458024,1.200000000,0.019192456
1784880982.885134935,4.230000116,1.873958108,0.258565310,1.200000000,0.019329163
1784880982.895134926,4.240000116,1.880945075,0.259671857,1.200000000,0.019466625
1784880982.905134916,4.250000116,1.887922983,0.260777572,1.200000000,0.019604686
1784880982.915135145,4.260000116,1.894891788,0.261882362,1.200000000,0.019743194
1784880982.925135136,4.270000116,1.901851445,0.262986130,1.200000000,0.019881994
1784880982.935135126,4.280000116,1.908801916,0.264088784,1.200000000,0.020020933
1784880982.945135117,4.290000116,1.915743166,0.265190225,1.200000000,0.020159857
1784880982.955135107,4.300000116,1.922675160,0.266290359,1.200000000,0.020298613
1784880982.965135098,4.310000116,1.929597871,0.267389089,1.200000000,0.020437046
1784880982.975135088,4.320000116,1.936511271,0.268486316,1.200000000,0.020575004
1784880982.985135078,4.330000116,1.943415338,0.269581944,1.200000000,0.020712332
1784880982.995135069,4.340000116,1.950310053,0.270675873,1.200000000,0.020848876
1784880983.005135059,4.350000116,1.957195399,0.271768004,1.200000000,0.020984484
1784880983.015135050,4.360000116,1.964071362,0.272858239,1.200000000,0.021119000
1784880983.025135040,4.370000116,1.970937934,0.273946476,1.200000000,0.021252273
1784880983.035135031,4.380000116,1.977795106,0.275032615,1.200000000,0.021384147
1784880983.045135021,4.390000116,1.984642876,0.276116556,1.200000000,0.021514469
1784880983.055135012,4.400000116,1.991481242,0.277198196,1.200000000,0.021643086
1784880983.065135002,4.410000116,1.998310207,0.278277435,1.200000000,0.021769843
1784880983.075134993,4.420000116,2.005129777,0.279354169,1.200000000,0.021894588
1784880983.085134983,4.430000116,2.011939960,0.280428296,1.200000000,0.022017166
1784880983.095134974,4.440000116,2.018740768,0.281499712,1.200000000,0.022137424
1784880983.105134964,4.450000116,2.025532214,0.282568315,1.200000000,0.022255207
1784880983.115134954,4.460000116,2.032314316,0.283633999,1.200000000,0.022370363
1784880983.125134945,4.470000116,2.039087095,0.284696662,1.200000000,0.022482737
1784880983.135134935,4.480000116,2.045850574,0.285756198,1.200000000,0.022592177
1784880983.145134926,4.490000116,2.052604778,0.286812501,1.200000000,0.022698527
1784880983.155134916,4.500000116,2.059349736,0.287865468,1.200000000,0.022801635
1784880983.165135145,4.510000116,2.066085479,0.288914992,1.200000000,0.022901346
1784880983.175135136,4.520000116,2.072812042,0.289960967,1.200000000,0.022997508
1784880983.185135126,4.530000116,2.079529461,0.291003287,1.200000000,0.023089966
1784880983.195135117,4.540000116,2.086237776,0.292041846,1.200000000,0.023178567
1784880983.205135107,4.550000116,2.092937029,0.293076536,1.200000000,0.023263156
1784880983.215135098,4.560000116,2.099627264,0.294107252,1.200000000,0.023343581
1784880983.225135088,4.570000116,2.106308529,0.295133885,1.200000000,0.023419687
1784880983.235135078,4.580000116,2.112980872,0.296156327,1.200000000,0.023491322
1784880983.245135069,4.590000116,2.119644347,0.297174473,1.200000000,0.023558330
1784880983.255135059,4.600000116,2.126299006,0.298188213,1.200000000,0.023620559
1784880983.265135050,4.610000116,2.132944908,0.299197440,1.200000000,0.023677855
1784880983.275135040,4.620000116,2.139582110,0.300202045,1.200000000,0.023730063
1784880983.285135031,4.630000116,2.146210675,0.301201920,1.200000000,0.023777031
1784880983.295135021,4.640000116,2.152830665,0.302196957,1.200000000,0.023818605
1784880983.305135012,4.650000116,2.159442146,0.303187047,1.200000000,0.023854630
1784880983.315135002,4.660000116,2.166045186,0.304172081,1.200000000,0.023884954
1784880983.325134993,4.670000116,2.172639855,0.305151951,1.200000000,0.023909423
1784880983.335134983,4.680000116,2.179226224,0.306126547,1.200000000,0.023927882
1784880983.345134974,4.690000116,2.185804367,0.307095762,1.200000000,0.023940178
1784880983.355134964,4.700000116,2.192374360,0.308059485,1.200000000,0.023946158
1784880983.365134954,4.710000116,2.198936281,0.309017607,1.200000000,0.023945668
1784880983.375134945,4.720000116,2.205490208,0.309970021,1.200000000,0.023938553
1784880983.385134935,4.730000116,2.212036223,0.310916616,1.200000000,0.023924661
1784880983.395134926,4.740000116,2.218574410,0.311857284,1.200000000,0.023903838
1784880983.405134916,4.750000116,2.225104851,0.312791915,1.200000000,0.023875929
1784880983.415135145,4.760000116,2.231627634,0.313720401,1.200000000,0.023840782
1784880983.425135136,4.770000116,2.238142846,0.314642632,1.200000000,0.023798243
1784880983.435135126,4.780000116,2.244650577,0.315558501,1.200000000,0.023748157
1784880983.445135117,4.790000116,2.251150917,0.316467896,1.200000000,0.023690371
1784880983.455135107,4.800000116,2.257643959,0.317370711,1.200000000,0.023624732
1784880983.465135098,4.810000116,2.264129796,0.318266837,1.200000000,0.023551085
1784880983.475135088,4.820000116,2.270608523,0.319156164,1.200000000,0.023469278
1784880983.485135078,4.830000116,2.277080235,0.320038584,1.200000000,0.023379156
1784880983.495135069,4.840000116,2.283545032,0.320913990,1.200000000,0.023280565
1784880983.505135059,4.850000116,2.290003009,0.321782272,1.200000000,0.023173353
1784880983.515135050,4.860000116,2.296454269,0.322643324,1.200000000,0.023057365
1784880983.525135040,4.870000116,2.302898910,0.323497037,1.200000000,0.022932447
1784880983.535135031,4.880000116,2.309337035,0.324343303,1.200000000,0.022798446
1784880983.545135021,4.890000116,2.315768746,0.325182016,1.200000000,0.022655208
1784880983.555135012,4.900000116,2.322194147,0.326013068,1.200000000,0.022502580
1784880983.565135002,4.910000116,2.328613343,0.326836351,1.200000000,0.022340407
1784880983.575134993,4.920000116,2.335026437,0.327651760,1.200000000,0.022168537
1784880983.585134983,4.930000116,2.341433536,0.328459188,1.200000000,0.021986814
1784880983.595134974,4.940000116,2.347834747,0.329258529,1.200000000,0.021795087
1784880983.605134964,4.950000116,2.354230177,0.330049677,1.200000000,0.021593200
1784880983.615134954,4.960000116,2.360619933,0.330832525,1.200000000,0.021381001
1784880983.625134945,4.970000116,2.367004124,0.331606970,1.200000000,0.021158335
1784880983.635134935,4.980000116,2.373382858,0.332372906,1.200000000,0.020925049
1784880983.645134926,4.990000116,2.379756244,0.333130228,1.200000000,0.020680989
1784880983.655134916,5.000000116,2.386124393,0.333878832,1.200000000,0.020426001
1784880983.665135145,5.010000116,2.392487413,0.334618614,1.200000000,0.020159933
1784880983.675135136,5.020000116,2.398845416,0.335349470,1.200000000,0.019882629
1784880983.685135126,5.030000116,2.405198510,0.336071298,1.200000000,0.019593936
1784880983.695135117,5.040000116,2.411546807,0.336783994,1.200000000,0.019293702
1784880983.705135107,5.050000116,2.417890418,0.337487456,1.200000000,0.018981771
1784880983.715135098,5.060000116,2.424229452,0.338181583,1.200000000,0.018657990
1784880983.725135088,5.070000116,2.430564020,0.338866272,1.200000000,0.018322206
1784880983.735135078,5.080000116,2.436894233,0.339541422,1.200000000,0.017974265
1784880983.745135069,5.090000116,2.443220202,0.340206933,1.200000000,0.017614013
1784880983.755135059,5.100000116,2.449542036,0.340862705,1.200000000,0.017241296
1784880983.765135050,5.110000116,2.455859845,0.341508638,1.200000000,0.016855961
1784880983.775135040,5.120000116,2.462173741,0.342144633,1.200000000,0.016457854
1784880983.785135031,5.130000116,2.468483831,0.342770590,1.200000000,0.016046822
1784880983.795135021,5.140000116,2.474790226,0.343386412,1.200000000,0.015622710
1784880983.805135012,5.150000116,2.481093034,0.343992002,1.200000000,0.015185365
1784880983.815135002,5.160000116,2.487392363,0.344587261,1.200000000,0.014734633
1784880983.825134993,5.170000116,2.493688322,0.345172093,1.200000000,0.014270361
1784880983.835134983,5.180000116,2.499981017,0.345746403,1.200000000,0.013792394
1784880983.845134974,5.190000116,2.506270556,0.346310094,1.200000000,0.013300580
1784880983.855134964,5.200000116,2.512557045,0.346863072,1.200000000,0.012794764
1784880983.865134954,5.210000116,2.518840589,0.347405243,1.200000000,0.012274793
1784880983.875134945,5.220000116,2.525121292,0.347936512,1.200000000,0.011740513
1784880983.885134935,5.230000116,2.531399260,0.348456787,1.200000000,0.011191770
1784880983.895134926,5.240000116,2.537674595,0.348965974,1.200000000,0.010628411
1784880983.905134916,5.250000116,2.543947399,0.349463983,1.200000000,0.010050281
1784880983.915135145,5.260000116,2.550217774,0.349950721,1.200000000,0.009457228
1784880983.925135136,5.270000116,2.556485821,0.350426099,1.200000000,0.008849098
1784880983.935135126,5.280000116,2.562751639,0.350890026,1.200000000,0.008225736
1784880983.945135117,5.290000116,2.569015326,0.351342413,1.200000000,0.007586989
1784880983.955135107,5.300000116,2.575276981,0.351783170,1.200000000,0.006932704
1784880983.965135098,5.310000116,2.581536700,0.352212212,1.200000000,0.006262727
1784880983.975135088,5.320000116,2.587794577,0.352629449,1.200000000,0.005576903
1784880983.985135078,5.330000116,2.594050708,0.353034795,1.200000000,0.004875080
1784880983.995135069,5.340000116,2.600305185,0.353428165,1.200000000,0.004157104
1784880984.005135059,5.350000116,2.606558099,0.353809473,1.200000000,0.003422820
1784880984.015135050,5.360000116,2.612809543,0.354178635,1.200000000,0.002672076
1784880984.025135040,5.370000116,2.619059603,0.354535567,1.200000000,0.001904717
1784880984.035135031,5.380000116,2.625308370,0.354880186,1.200000000,0.001120590
1784880984.045135021,5.390000116,2.631555928,0.355212410,1.200000000,0.000319541
1784880984.055135012,5.400000116,2.637802363,0.355532157,1.200000000,-0.000498583
1784880984.065135002,5.410000116,2.644047759,0.355839347,1.200000000,-0.001333937
1784880984.075134993,5.420000116,2.650292198,0.356133900,1.200000000,-0.002186674
1784880984.085134983,5.430000116,2.656535761,0.356415736,1.200000000,-0.003056947
1784880984.095134974,5.440000116,2.662778527,0.356684777,1.200000000,-0.003944885
1784880984.105134964,5.450000116,2.669020574,0.356940945,1.200000000,-0.004850420
1784880984.115134954,5.460000116,2.675261978,0.357184165,1.200000000,-0.005773398
1784880984.125134945,5.470000116,2.681502814,0.357414358,1.200000000,-0.006713665
1784880984.135134935,5.480000116,2.687743154,0.357631451,1.200000000,-0.007671064
1784880984.145134926,5.490000116,2.693983071,0.357835369,1.200000000,-0.008645442
1784880984.155134916,5.500000116,2.700222633,0.358026038,1.200000000,-0.009636643
1784880984.165135145,5.510000116,2.706461909,0.358203385,1.200000000,-0.010644512
1784880984.175135136,5.520000116,2.712700966,0.358367339,1.200000000,-0.011668895
1784880984.185135126,5.530000116,2.718939868,0.358517828,1.200000000,-0.012709636
1784880984.195135117,5.540000116,2.725178678,0.358654782,1.200000000,-0.013766581
1784880984.205135107,5.550000116,2.731417458,0.358778132,1.200000000,-0.014839575
1784880984.215135098,5.560000116,2.737656267,0.358887809,1.200000000,-0.015928462
1784880984.225135088,5.570000116,2.743895162,0.358983744,1.200000000,-0.017033088
1784880984.235135078,5.580000116,2.750134201,0.359065872,1.200000000,-0.018153298
1784880984.245135069,5.590000116,2.756373437,0.359134126,1.200000000,-0.019288937
1784880984.255135059,5.600000116,2.762612922,0.359188441,1.200000000,-0.020439851
1784880984.265135050,5.610000116,2.768852708,0.359228753,1.200000000,-0.021605883
1784880984.275135040,5.620000116,2.775092843,0.359254998,1.200000000,-0.022786880
1784880984.285135031,5.630000116,2.781333375,0.359267113,1.200000000,-0.023982686
1784880984.295135021,5.640000116,2.787574348,0.359265037,1.200000000,-0.025193146
1784880984.305135012,5.650000116,2.793815807,0.359248709,1.200000000,-0.026418106
1784880984.315135002,5.660000116,2.800057791,0.359218069,1.200000000,-0.027657411
1784880984.325134993,5.670000116,2.806300343,0.359173057,1.200000000,-0.028910905
1784880984.335134983,5.680000116,2.812543499,0.359113617,1.200000000,-0.030178433
1784880984.345134974,5.690000116,2.818787295,0.359039689,1.200000000,-0.031459842
1784880984.355134964,5.700000116,2.825031765,0.358951219,1.200000000,-0.032754976
1784880984.365134954,5.710000116,2.831276943,0.358848150,1.200000000,-0.034063679
1784880984.375134945,5.720000116,2.837522858,0.358730427,1.200000000,-0.035385797
1784880984.385134935,5.730000116,2.843769540,0.358597997,1.200000000,-0.036721176
1784880984.395134926,5.740000116,2.850017015,0.358450808,1.200000000,-0.038069660
1784880984.405134916,5.750000116,2.856265307,0.358288807,1.200000000,-0.039431094
1784880984.415135145,5.760000116,2.862514441,0.358111942,1.200000000,-0.040805323
1784880984.425135136,5.770000116,2.868764438,0.357920165,1.200000000,-0.042192193
1784880984.435135126,5.780000116,2.875015317,0.357713425,1.200000000,-0.043591548
1784880984.445135117,5.790000116,2.881267095,0.357491675,1.200000000,-0.045003234
1784880984.455135107,5.800000116,2.887519790,0.357254866,1.200000000,-0.046427096
1784880984.465135098,5.810000116,2.893773414,0.357002952,1.200000000,-0.047862978
1784880984.475135088,5.820000116,2.900027979,0.356735889,1.200000000,-0.049310726
1784880984.485135078,5.830000116,2.906283497,0.356453630,1.200000000,-0.050770185
1784880984.495135069,5.840000116,2.912539976,0.356156132,1.200000000,-0.052241200
1784880984.505135059,5.850000116,2.918797423,0.355843352,1.200000000,-0.053723616
1784880984.515135050,5.860000116,2.925055843,0.355515249,1.200000000,-0.055217279
1784880984.525135040,5.870000116,2.931315239,0.355171780,1.200000000,-0.056722032
1784880984.535135031,5.880000116,2.937575613,0.354812907,1.200000000,-0.058237722
1784880984.545135021,5.890000116,2.943836964,0.354438588,1.200000000,-0.059764193
1784880984.555135012,5.900000116,2.950099291,0.354048787,1.200000000,-0.061301290
1784880984.565135002,5.910000116,2.956362591,0.353643465,1.200000000,-0.062848859
1784880984.575134993,5.920000116,2.962626857,0.353222587,1.200000000,-0.064406745
1784880984.585134983,5.930000116,2.968892083,0.352786116,1.200000000,-0.065974792
1784880984.595134974,5.940000116,2.975158259,0.352334017,1.200000000,-0.067552846
1784880984.605134964,5.950000116,2.981425377,0.351866257,1.200000000,-0.069140752
1784880984.615134954,5.960000116,2.987693424,0.351382802,1.200000000,-0.070738355
1784880984.625134945,5.970000116,2.993962385,0.350883621,1.200000000,-0.072345500
1784880984.635134935,5.980000116,3.000232247,0.350368682,1.200000000,-0.073962032
1784880984.645134926,5.990000116,3.006502992,0.349837956,1.200000000,-0.075587796
1784880984.655134916,6.000000116,3.012774602,0.349291411,1.200000000,-0.077222638
1784880984.665135145,6.010000116,3.019047057,0.348729021,1.200000000,-0.078866401
1784880984.675135136,6.020000116,3.025320335,0.348150758,1.200000000,-0.080518932
1784880984.685135126,6.030000116,3.031594413,0.347556594,1.200000000,-0.082180076
1784880984.695135117,6.040000116,3.037869268,0.346946504,1.200000000,-0.083849677
1784880984.705135107,6.050000116,3.044144873,0.346320463,1.200000000,-0.085527581
1784880984.715135098,6.060000116,3.050421200,0.345678447,1.200000000,-0.087213632
1784880984.725135088,6.070000116,3.056698221,0.345020433,1.200000000,-0.088907677
1784880984.735135078,6.080000116,3.062975906,0.344346398,1.200000000,-0.090609559
1784880984.745135069,6.090000116,3.069254223,0.343656320,1.200000000,-0.092319124
1784880984.755135059,6.100000116,3.075533139,0.342950180,1.200000000,-0.094036217
1784880984.765135050,6.110000116,3.081812619,0.342227958,1.200000000,-0.095760683
1784880984.775135040,6.120000116,3.088092628,0.341489634,1.200000000,-0.097492367
1784880984.785135031,6.130000116,3.094373129,0.340735191,1.200000000,-0.099231115
1784880984.795135021,6.140000116,3.100654084,0.339964611,1.200000000,-0.100976771
1784880984.805135012,6.150000116,3.106935452,0.339177879,1.200000000,-0.102729180
1784880984.815135002,6.160000116,3.113217195,0.338374979,1.200000000,-0.104488188
1784880984.825134993,6.170000116,3.119499269,0.337555896,1.200000000,-0.106253640
1784880984.835134983,6.180000116,3.125781631,0.336720618,1.200000000,-0.108025380
1784880984.845134974,6.190000116,3.132064237,0.335869130,1.200000000,-0.109803254
1784880984.855134964,6.200000116,3.138347043,0.335001420,1.200000000,-0.111587106
1784880984.865134954,6.210000116,3.144630000,0.334117479,1.200000000,-0.113376783
1784880984.875134945,6.220000116,3.150913062,0.333217295,1.200000000,-0.115172128
1784880984.885134935,6.230000116,3.157196181,0.332300859,1.200000000,-0.116972988
1784880984.895134926,6.240000116,3.163479306,0.331368162,1.200000000,-0.118779207
1784880984.905134916,6.250000116,3.169762387,0.330419196,1.200000000,-0.120590630
1784880984.915135145,6.260000116,3.176045373,0.329453955,1.200000000,-0.122407102
1784880984.925135136,6.270000116,3.182328211,0.328472432,1.200000000,-0.124228468
1784880984.935135126,6.280000116,3.188610847,0.327474622,1.200000000,-0.126054574
1784880984.945135117,6.290000116,3.194893228,0.326460520,1.200000000,-0.127885265
1784880984.955135107,6.300000116,3.201175298,0.325430122,1.200000000,-0.129720385
1784880984.965135098,6.310000116,3.207457001,0.324383426,1.200000000,-0.131559780
1784880984.975135088,6.320000116,3.213738281,0.323320429,1.200000000,-0.133403294
1784880984.985135078,6.330000116,3.220019080,0.322241131,1.200000000,-0.135250774
1784880984.995135069,6.340000116,3.226299340,0.321145529,1.200000000,-0.137102063
1784880985.005135059,6.350000116,3.232579001,0.320033626,1.200000000,-0.138957007
1784880985.015135050,6.360000116,3.238858006,0.318905420,1.200000000,-0.140815452
1784880985.025135040,6.370000116,3.245136292,0.317760916,1.200000000,-0.142677241
1784880985.035135031,6.380000116,3.251413800,0.316600114,1.200000000,-0.144542221
1784880985.045135021,6.390000116,3.257690467,0.315423019,1.200000000,-0.146410236
1784880985.055135012,6.400000116,3.263966233,0.314229633,1.200000000,-0.148281132
1784880985.065135002,6.410000116,3.270241034,0.313019964,1.200000000,-0.150154752
1784880985.075134993,6.420000116,3.276514807,0.311794015,1.200000000,-0.152030944
1784880985.085134983,6.430000116,3.282787489,0.310551793,1.200000000,-0.153909551
1784880985.095134974,6.440000116,3.289059016,0.309293305,1.200000000,-0.155790419
1784880985.105134964,6.450000116,3.295329324,0.308018560,1.200000000,-0.157673392
1784880985.115134954,6.460000116,3.301598349,0.306727565,1.200000000,-0.159558317
1784880985.125134945,6.470000116,3.307866024,0.305420330,1.200000000,-0.161445037
1784880985.135134935,6.480000116,3.314132285,0.304096866,1.200000000,-0.163333399
1784880985.145134926,6.490000116,3.320397066,0.302757182,1.200000000,-0.165223246
1784880985.155134916,6.500000116,3.326660301,0.301401291,1.200000000,-0.167114425
1784880985.165135145,6.510000116,3.332921925,0.300029205,1.200000000,-0.169006780
1784880985.175135136,6.520000116,3.339181871,0.298640936,1.200000000,-0.170900156
1784880985.185135126,6.530000116,3.345440072,0.297236498,1.200000000,-0.172794399
1784880985.195135117,6.540000116,3.351696463,0.295815906,1.200000000,-0.174689353
1784880985.205135107,6.550000116,3.357950976,0.294379175,1.200000000,-0.176584863
1784880985.215135098,6.560000116,3.364203544,0.292926320,1.200000000,-0.178480776
1784880985.225135088,6.570000116,3.370454102,0.291457358,1.200000000,-0.180376935
1784880985.235135078,6.580000116,3.376702582,0.289972305,1.200000000,-0.182273186
1784880985.245135069,6.590000116,3.382948918,0.288471180,1.200000000,-0.184169374
1784880985.255135059,6.600000116,3.389193042,0.286954002,1.200000000,-0.186065343
1784880985.265135050,6.610000116,3.395434889,0.285420789,1.200000000,-0.187960940
1784880985.275135040,6.620000116,3.401674392,0.283871561,1.200000000,-0.189856009
1784880985.285135031,6.630000116,3.407911484,0.282306338,1.200000000,-0.191750395
1784880985.295135021,6.640000116,3.414146100,0.280725142,1.200000000,-0.193643943
1784880985.305135012,6.650000116,3.420378174,0.279127994,1.200000000,-0.195536499
1784880985.315135002,6.660000116,3.426607639,0.277514918,1.200000000,-0.197427907
1784880985.325134993,6.670000116,3.432834431,0.275885935,1.200000000,-0.199318013
1784880985.335134983,6.680000116,3.439058484,0.274241070,1.200000000,-0.201206661
1784880985.345134974,6.690000116,3.445279733,0.272580346,1.200000000,-0.203093697
1784880985.355134964,6.700000116,3.451498115,0.270903790,1.200000000,-0.204978966
1784880985.365134954,6.710000116,3.457713564,0.269211426,1.200000000,-0.206862313
1784880985.375134945,6.720000116,3.463926017,0.267503280,1.200000000,-0.208743582
1784880985.385134935,6.730000116,3.470135412,0.265779380,1.200000000,-0.210622619
1784880985.395134926,6.740000116,3.476341684,0.264039753,1.200000000,-0.212499270
1784880985.405134916,6.750000116,3.482544773,0.262284426,1.200000000,-0.214373379
1784880985.415135145,6.760000116,3.488744615,0.260513429,1.200000000,-0.216244790
1784880985.425135136,6.770000116,3.494941151,0.258726790,1.200000000,-0.218113351
1784880985.435135126,6.780000116,3.501134318,0.256924540,1.200000000,-0.219978904
1784880985.445135117,6.790000116,3.507324057,0.255106709,1.200000000,-0.221841296
1784880985.455135107,6.800000116,3.513510309,0.253273328,1.200000000,-0.223700372
1784880985.465135098,6.810000116,3.519693015,0.251424428,1.200000000,-0.225555976
1784880985.475135088,6.820000116,3.525872116,0.249560041,1.200000000,-0.227407954
1784880985.485135078,6.830000116,3.532047555,0.247680201,1.200000000,-0.229256150
1784880985.495135069,6.840000116,3.538219276,0.245784939,1.200000000,-0.231100411
1784880985.505135059,6.850000116,3.544387222,0.243874291,1.200000000,-0.232940580
1784880985.515135050,6.860000116,3.550551339,0.241948291,1.200000000,-0.234776503
1784880985.525135040,6.870000116,3.556711571,0.240006972,1.200000000,-0.236608026
1784880985.535135031,6.880000116,3.562867866,0.238050372,1.200000000,-0.238434993
1784880985.545135021,6.890000116,3.569020170,0.236078526,1.200000000,-0.240257248
1784880985.555135012,6.900000116,3.575168431,0.234091470,1.200000000,-0.242074639
1784880985.565135002,6.910000116,3.581312600,0.232089241,1.200000000,-0.243887008
1784880985.575134993,6.920000116,3.587452624,0.230071877,1.200000000,-0.245694202
1784880985.585134983,6.930000116,3.593588456,0.228039417,1.200000000,-0.247496066
1784880985.595134974,6.940000116,3.599720047,0.225991898,1.200000000,-0.249292444
1784880985.605134964,6.950000116,3.605847350,0.223929361,1.200000000,-0.251083182
1784880985.615134954,6.960000116,3.611970318,0.221851844,1.200000000,-0.252868125
1784880985.625134945,6.970000116,3.618088907,0.219759387,1.200000000,-0.254647118
1784880985.635134935,6.980000116,3.624203072,0.217652033,1.200000000,-0.256420006
1784880985.645134926,6.990000116,3.630312769,0.215529821,1.200000000,-0.258186633
1784880985.655134916,7.000000116,3.636417958,0.213392793,1.200000000,-0.259946846
1784880985.665135145,7.010000116,3.642518596,0.211240992,1.200000000,-0.261700489
1784880985.675135136,7.020000116,3.648614644,0.209074460,1.200000000,-0.263447407
1784880985.685135126,7.030000116,3.654706063,0.206893241,1.200000000,-0.265187446
1784880985.695135117,7.040000116,3.660792815,0.204697377,1.200000000,-0.266920450
1784880985.705135107,7.050000116,3.666874864,0.202486914,1.200000000,-0.268646265
1784880985.715135098,7.060000116,3.672952174,0.200261896,1.200000000,-0.270364735
1784880985.725135088,7.070000116,3.679024711,0.198022367,1.200000000,-0.272075706
1784880985.735135078,7.080000116,3.685092442,0.195768374,1.200000000,-0.273779022
1784880985.745135069,7.090000116,3.691155336,0.193499962,1.200000000,-0.275474529
1784880985.755135059,7.100000116,3.697213361,0.191217178,1.200000000,-0.277162087
1784880985.765135050,7.110000116,3.703266488,0.188920070,1.200000000,-0.278841681
1784880985.775135040,7.120000116,3.709314689,0.186608683,1.200000000,-0.280513361
1784880985.785135031,7.130000116,3.715357938,0.184283066,1.200000000,-0.282177177
1784880985.795135021,7.140000116,3.721396208,0.181943269,1.200000000,-0.283833178
1784880985.805135012,7.150000116,3.727429475,0.179589338,1.200000000,-0.285481416
1784880985.815135002,7.160000116,3.733457716,0.177221324,1.200000000,-0.287121940
1784880985.825134993,7.170000116,3.739480909,0.174839276,1.200000000,-0.288754801
1784880985.835134983,7.180000116,3.745499034,0.172443244,1.200000000,-0.290380049
1784880985.845134974,7.190000116,3.751512071,0.170033279,1.200000000,-0.291997734
1784880985.855134964,7.200000116,3.757520002,0.167609432,1.200000000,-0.293607906
1784880985.865134954,7.210000116,3.763522811,0.165171754,1.200000000,-0.295210615
1784880985.875134945,7.220000116,3.769520483,0.162720298,1.200000000,-0.296805912
1784880985.885134935,7.230000116,3.775513003,0.160255114,1.200000000,-0.298393846
1784880985.895134926,7.240000116,3.781500359,0.157776258,1.200000000,-0.299974469
1784880985.905134916,7.250000116,3.787482539,0.155283780,1.200000000,-0.301547829
1784880985.915135145,7.260000116,3.793459533,0.152777735,1.200000000,-0.303113978
1784880985.925135136,7.270000116,3.799431333,0.150258178,1.200000000,-0.304672965
1784880985.935135126,7.280000116,3.805397931,0.147725162,1.200000000,-0.306224841
1784880985.945135117,7.290000116,3.811359321,0.145178742,1.200000000,-0.307769655
1784880985.955135107,7.300000116,3.817315499,0.142618974,1.200000000,-0.309307458
1784880985.965135098,7.310000116,3.823266461,0.140045913,1.200000000,-0.310838301
1784880985.975135088,7.320000116,3.829212205,0.137459615,1.200000000,-0.312362233
1784880985.985135078,7.330000116,3.835152731,0.134860138,1.200000000,-0.313879304
1784880985.995135069,7.340000116,3.841088038,0.132247537,1.200000000,-0.315389566
1784880986.005135059,7.350000116,3.847018129,0.129621871,1.200000000,-0.316893067
1784880986.015135050,7.360000116,3.852943008,0.126983197,1.200000000,-0.318389858
1784880986.025135040,7.370000116,3.858862678,0.124331574,1.200000000,-0.319879989
1784880986.035135031,7.380000116,3.864777146,0.121667059,1.200000000,-0.321363511
1784880986.045135021,7.390000116,3.870686419,0.118989713,1.200000000,-0.322840473
1784880986.055135012,7.400000116,3.876590506,0.116299594,1.200000000,-0.324310926
1784880986.065135002,7.410000116,3.882489416,0.113596762,1.200000000,-0.325774920
1784880986.075134993,7.420000116,3.888383161,0.110881278,1.200000000,-0.327232505
1784880986.085134983,7.430000116,3.894271753,0.108153202,1.200000000,-0.328683731
1784880986.095134974,7.440000116,3.900155206,0.105412596,1.200000000,-0.330128649
1784880986.105134964,7.450000116,3.906033535,0.102659520,1.200000000,-0.331567309
1784880986.115134954,7.460000116,3.911906756,0.099894037,1.200000000,-0.332999760
1784880986.125134945,7.470000116,3.917774887,0.097116208,1.200000000,-0.334426054
1784880986.135134935,7.480000116,3.923637947,0.094326098,1.200000000,-0.335846239
1784880986.145134926,7.490000116,3.929495956,0.091523768,1.200000000,-0.337260367
1784880986.155134916,7.500000116,3.935348936,0.088709282,1.200000000,-0.338668488
1784880986.165135145,7.510000116,3.941196908,0.085882705,1.200000000,-0.340070652
1784880986.175135136,7.520000116,3.947039897,0.083044100,1.200000000,-0.341466908
1784880986.185135126,7.530000116,3.952877928,0.080193532,1.200000000,-0.342857307
1784880986.195135117,7.540000116,3.958711027,0.077331066,1.200000000,-0.344241900
1784880986.205135107,7.550000116,3.964539222,0.074456768,1.200000000,-0.345620736
1784880986.215135098,7.560000116,3.970362541,0.071570703,1.200000000,-0.346993866
1784880986.225135088,7.570000116,3.976181015,0.068672939,1.200000000,-0.348361340
1784880986.235135078,7.580000116,3.981994674,0.065763540,1.200000000,-0.349723208
1784880986.245135069,7.590000116,3.987803550,0.062842576,1.200000000,-0.351079519
1784880986.255135059,7.600000116,3.993607677,0.059910113,1.200000000,-0.352430326
1784880986.265135050,7.610000116,3.999407090,0.056966219,1.200000000,-0.353775677
1784880986.275135040,7.620000116,4.005201823,0.054010962,1.200000000,-0.355115622
1784880986.285135031,7.630000116,4.010991914,0.051044412,1.200000000,-0.356450213
1784880986.295135021,7.640000116,4.016777400,0.048066636,1.200000000,-0.357779498
1784880986.305135012,7.650000116,4.022558320,0.045077706,1.200000000,-0.359103529
1784880986.315135002,7.660000116,4.028334714,0.042077690,1.200000000,-0.360422355
1784880986.325134993,7.670000116,4.034106624,0.039066659,1.200000000,-0.361736027
1784880986.335134983,7.680000116,4.039874091,0.036044683,1.200000000,-0.363044595
1784880986.345134974,7.690000116,4.045637157,0.033011834,1.200000000,-0.364348109
1784880986.355134964,7.700000116,4.051395868,0.029968183,1.200000000,-0.365646619
1784880986.365134954,7.710000116,4.057150269,0.026913803,1.200000000,-0.366940175
1784880986.375134945,7.720000116,4.062900404,0.023848765,1.200000000,-0.368228828
1784880986.385134935,7.730000116,4.068646321,0.020773142,1.200000000,-0.369512628
1784880986.395134926,7.740000116,4.074388069,0.017687007,1.200000000,-0.370791624
1784880986.405134916,7.750000116,4.080125695,0.014590434,1.200000000,-0.372065868
1784880986.415135145,7.760000116,4.085859250,0.011483496,1.200000000,-0.373335409
1784880986.425135136,7.770000116,4.091588785,0.008366269,1.200000000,-0.374600297
1784880986.435135126,7.780000116,4.097314350,0.005238826,1.200000000,-0.375860583
1784880986.445135117,7.790000116,4.103035998,0.002101243,1.200000000,-0.377116316
1784880986.455135107,7.800000116,4.108753782,-0.001046405,1.200000000,-0.378367548
1784880986.465135098,7.810000116,4.114467757,-0.004204041,1.200000000,-0.379614328
1784880986.475135088,7.820000116,4.120177976,-0.007371590,1.200000000,-0.380856706
1784880986.485135078,7.830000116,4.125884497,-0.010548975,1.200000000,-0.382094733
1784880986.495135069,7.840000116,4.131587374,-0.013736117,1.200000000,-0.383328458
1784880986.505135059,7.850000116,4.137286666,-0.016932941,1.200000000,-0.384557932
1784880986.515135050,7.860000116,4.142982430,-0.020139368,1.200000000,-0.385783206
1784880986.525135040,7.870000116,4.148674724,-0.023355320,1.200000000,-0.387004328
1784880986.535135031,7.880000116,4.154363608,-0.026580717,1.200000000,-0.388221350
1784880986.545135021,7.890000116,4.160049142,-0.029815481,1.200000000,-0.389434322
1784880986.555135012,7.900000116,4.165731386,-0.033059532,1.200000000,-0.390643293
1784880986.565135002,7.910000116,4.171410401,-0.036312790,1.200000000,-0.391848315
1784880986.575134993,7.920000116,4.177086250,-0.039575174,1.200000000,-0.393049436
1784880986.585134983,7.930000116,4.182758994,-0.042846604,1.200000000,-0.394246708
1784880986.595134974,7.940000116,4.188428697,-0.046126999,1.200000000,-0.395440181
1784880986.605134964,7.950000116,4.194095421,-0.049416276,1.200000000,-0.396629904
1784880986.615134954,7.960000116,4.199759232,-0.052714355,1.200000000,-0.397815927
1784880986.625134945,7.970000116,4.205420194,-0.056021151,1.200000000,-0.398998302
1784880986.635134935,7.980000116,4.211078371,-0.059336583,1.200000000,-0.400177079
1784880986.645134926,7.990000116,4.216733829,-0.062660567,1.200000000,-0.401352306
1784880986.655134916,8.000000116,4.222386635,-0.065993019,1.200000000,-0.402524035
1784880986.665135145,8.010000116,4.228036853,-0.069333855,1.200000000,-0.403692316
1784880986.675135136,8.020000116,4.233684552,-0.072682991,1.200000000,-0.404857199
1784880986.685135126,8.030000116,4.239329799,-0.076040341,1.200000000,-0.406018734
1784880986.695135117,8.040000116,4.244972660,-0.079405821,1.200000000,-0.407176972
1784880986.705135107,8.050000116,4.250613203,-0.082779343,1.200000000,-0.408331961
1784880986.715135098,8.060000116,4.256251498,-0.086160823,1.200000000,-0.409483754
1784880986.725135088,8.070000116,4.261887612,-0.089550173,1.200000000,-0.410632399
1784880986.735135078,8.080000116,4.267521613,-0.092947307,1.200000000,-0.411777948
1784880986.745135069,8.090000116,4.273153572,-0.096352136,1.200000000,-0.412920449
1784880986.755135059,8.100000116,4.278783557,-0.099764573,1.200000000,-0.414059954
1784880986.765135050,8.110000116,4.284411637,-0.103184530,1.200000000,-0.415196513
1784880986.775135040,8.120000116,4.290037883,-0.106611917,1.200000000,-0.416330175
1784880986.785135031,8.130000116,4.295662363,-0.110046646,1.200000000,-0.417460991
1784880986.795135021,8.140000116,4.301285149,-0.113488626,1.200000000,-0.418589012
1784880986.805135012,8.150000116,4.306906309,-0.116937768,1.200000000,-0.419714286
1784880986.815135002,8.160000116,4.312525914,-0.120393982,1.200000000,-0.420836866
1784880986.825134993,8.170000116,4.318144034,-0.123857176,1.200000000,-0.421956799
1784880986.835134983,8.180000116,4.323760740,-0.127327258,1.200000000,-0.423074138
1784880986.845134974,8.190000116,4.329376101,-0.130804139,1.200000000,-0.424188932
1784880986.855134964,8.200000116,4.334990189,-0.134287724,1.200000000,-0.425301230
1784880986.865134954,8.210000116,4.340603073,-0.137777921,1.200000000,-0.426411085
1784880986.875134945,8.220000116,4.346214823,-0.141274638,1.200000000,-0.427518544
1784880986.885134935,8.230000116,4.351825510,-0.144777781,1.200000000,-0.428623660
1784880986.895134926,8.240000116,4.357435204,-0.148287255,1.200000000,-0.429726481
1784880986.905134916,8.250000116,4.363043975,-0.151802967,1.200000000,-0.430827059
1784880986.915135145,8.260000116,4.368651892,-0.155324822,1.200000000,-0.431925443
1784880986.925135136,8.270000116,4.374259026,-0.158852725,1.200000000,-0.433021683
1784880986.935135126,8.280000116,4.379865447,-0.162386579,1.200000000,-0.434115830
1784880986.945135117,8.290000116,4.385471223,-0.165926290,1.200000000,-0.435207933
1784880986.955135107,8.300000116,4.391076423,-0.169471759,1.200000000,-0.436298044
1784880986.965135098,8.310000116,4.396681118,-0.173022891,1.200000000,-0.437386212
1784880986.975135088,8.320000116,4.402285374,-0.176579588,1.200000000,-0.438472487
1784880986.985135078,8.330000116,4.407889262,-0.180141752,1.200000000,-0.439556920
1784880986.995135069,8.340000116,4.413492849,-0.183709285,1.200000000,-0.440639561
1784880987.005135059,8.350000116,4.419096202,-0.187282089,1.200000000,-0.441720459
1784880987.015135050,8.360000116,4.424699391,-0.190860063,1.200000000,-0.442799665
1784880987.025135040,8.370000116,4.430302480,-0.194443109,1.200000000,-0.443877230
1784880987.035135031,8.380000116,4.435905538,-0.198031127,1.200000000,-0.444953203
1784880987.045135021,8.390000116,4.441508631,-0.201624016,1.200000000,-0.446027635
1784880987.055135012,8.400000116,4.447111825,-0.205221675,1.200000000,-0.447100576
1784880987.065135002,8.410000116,4.452715185,-0.208824003,1.200000000,-0.448172075
1784880987.075134993,8.420000116,4.458318776,-0.212430899,1.200000000,-0.449242184
1784880987.085134983,8.430000116,4.463922663,-0.216042260,1.200000000,-0.450310952
1784880987.095134974,8.440000116,4.469526910,-0.219657983,1.200000000,-0.451378430
1784880987.105134964,8.450000116,4.475131581,-0.223277966,1.200000000,-0.452444667
1784880987.115134954,8.460000116,4.480736739,-0.226902106,1.200000000,-0.453509714
1784880987.125134945,8.470000116,4.486342446,-0.230530297,1.200000000,-0.454573622
1784880987.135134935,8.480000116,4.491948764,-0.234162437,1.200000000,-0.455636439
1784880987.145134926,8.490000116,4.497555754,-0.237798419,1.200000000,-0.456698217
1784880987.155134916,8.500000116,4.503163478,-0.241438140,1.200000000,-0.457759006
1784880987.165135145,8.510000116,4.508771994,-0.245081493,1.200000000,-0.458818855
1784880987.175135136,8.520000116,4.514381364,-0.248728373,1.200000000,-0.459877815
1784880987.185135126,8.530000116,4.519991644,-0.252378672,1.200000000,-0.460935937
1784880987.195135117,8.540000116,4.525602895,-0.256032284,1.200000000,-0.461993269
1784880987.205135107,8.550000116,4.531215172,-0.259689102,1.200000000,-0.463049864
1784880987.215135098,8.560000116,4.536828533,-0.263349018,1.200000000,-0.464105770
1784880987.225135088,8.570000116,4.542443033,-0.267011924,1.200000000,-0.465161038
1784880987.235135078,8.580000116,4.548058728,-0.270677710,1.200000000,-0.466215717
1784880987.245135069,8.590000116,4.553675672,-0.274346269,1.200000000,-0.467269859
1784880987.255135059,8.600000116,4.559293918,-0.278017490,1.200000000,-0.468323514
1784880987.265135050,8.610000116,4.564913520,-0.281691264,1.200000000,-0.469376731
1784880987.275135040,8.620000116,4.570534529,-0.285367480,1.200000000,-0.470429561
1784880987.285135031,8.630000116,4.576156996,-0.289046028,1.200000000,-0.471482054
1784880987.295135021,8.640000116,4.581780973,-0.292726797,1.200000000,-0.472534260
1784880987.305135012,8.650000116,4.587406507,-0.296409674,1.200000000,-0.473586229
1784880987.315135002,8.660000116,4.593033648,-0.300094548,1.200000000,-0.474638012
1784880987.325134993,8.670000116,4.598662444,-0.303781306,1.200000000,-0.475689658
1784880987.335134983,8.680000116,4.604292940,-0.307469836,1.200000000,-0.476741218
1784880987.345134974,8.690000116,4.609925184,-0.311160025,1.200000000,-0.477792743
1784880987.355134964,8.700000116,4.615559218,-0.314851758,1.200000000,-0.478844281
1784880987.365134954,8.710000116,4.621195089,-0.318544922,1.200000000,-0.479895884
1784880987.375134945,8.720000116,4.626832838,-0.322239402,1.200000000,-0.480947602
1784880987.385134935,8.730000116,4.632472507,-0.325935083,1.200000000,-0.481999484
1784880987.395134926,8.740000116,4.638114138,-0.329631850,1.200000000,-0.483051581
1784880987.405134916,8.750000116,4.643757770,-0.333329587,1.200000000,-0.484103943
1784880987.415135145,8.760000116,4.649403443,-0.337028178,1.200000000,-0.485156621
1784880987.425135136,8.770000116,4.655051193,-0.340727507,1.200000000,-0.486209664
1784880987.435135126,8.780000116,4.660701059,-0.344427456,1.200000000,-0.487263123
1784880987.445135117,8.790000116,4.666353075,-0.348127909,1.200000000,-0.488317047
1784880987.455135107,8.800000116,4.672007277,-0.351828748,1.200000000,-0.489371488
1784880987.465135098,8.810000116,4.677663698,-0.355529853,1.200000000,-0.490426495
1784880987.475135088,8.820000116,4.683322371,-0.359231108,1.200000000,-0.491482118
1784880987.485135078,8.830000116,4.688983327,-0.362932393,1.200000000,-0.492538407
1784880987.495135069,8.840000116,4.694646598,-0.366633589,1.200000000,-0.493595414
1784880987.505135059,8.850000116,4.700312211,-0.370334576,1.200000000,-0.494653187
1784880987.515135050,8.860000116,4.705980196,-0.374035234,1.200000000,-0.495711777
1784880987.525135040,8.870000116,4.711650579,-0.377735443,1.200000000,-0.496771235
1784880987.535135031,8.880000116,4.717323386,-0.381435081,1.200000000,-0.497831610
1784880987.545135021,8.890000116,4.722998642,-0.385134029,1.200000000,-0.498892953
1784880987.555135012,8.900000116,4.728676371,-0.388832163,1.200000000,-0.499955314
1784880987.565135002,8.910000116,4.734356596,-0.392529363,1.200000000,-0.501018742
1784880987.575134993,8.920000116,4.740039337,-0.396225506,1.200000000,-0.502083289
1784880987.585134983,8.930000116,4.745724615,-0.399920468,1.200000000,-0.503149004
1784880987.595134974,8.940000116,4.751412449,-0.403614129,1.200000000,-0.504215938
1784880987.605134964,8.950000116,4.757102856,-0.407306363,1.200000000,-0.505284140
1784880987.615134954,8.960000116,4.762795854,-0.410997047,1.200000000,-0.506353662
1784880987.625134945,8.970000116,4.768491458,-0.414686058,1.200000000,-0.507424552
1784880987.635134935,8.980000116,4.774189682,-0.418373270,1.200000000,-0.508496862
1784880987.645134926,8.990000116,4.779890540,-0.422058559,1.200000000,-0.509570641
1784880987.655134916,9.000000116,4.785594043,-0.425741800,1.200000000,-0.510645940
1784880987.665135145,9.010000116,4.791300203,-0.429422868,1.200000000,-0.511722808
1784880987.675135136,9.020000116,4.797009028,-0.433101636,1.200000000,-0.512801297
1784880987.685135126,9.030000116,4.802720527,-0.436777979,1.200000000,-0.513881455
1784880987.695135117,9.040000116,4.808434708,-0.440451770,1.200000000,-0.514963334
1784880987.705135107,9.050000116,4.814151577,-0.444122882,1.200000000,-0.516046984
1784880987.715135098,9.060000116,4.819871138,-0.447791189,1.200000000,-0.517132454
1784880987.725135088,9.070000116,4.825593395,-0.451456563,1.200000000,-0.518219795
1784880987.735135078,9.080000116,4.831318351,-0.455118876,1.200000000,-0.519309057
1784880987.745135069,9.090000116,4.837046007,-0.458778001,1.200000000,-0.520400291
1784880987.755135059,9.100000116,4.842776363,-0.462433808,1.200000000,-0.521493546
1784880987.765135050,9.110000116,4.848509418,-0.466086171,1.200000000,-0.522588872
1784880987.775135040,9.120000116,4.854245170,-0.469734958,1.200000000,-0.523686320
1784880987.785135031,9.130000116,4.859983616,-0.473380043,1.200000000,-0.524785941
1784880987.795135021,9.140000116,4.865724751,-0.477021294,1.200000000,-0.525887783
1784880987.805135012,9.150000116,4.871468569,-0.480658583,1.200000000,-0.526991898
1784880987.815135002,9.160000116,4.877215064,-0.484291780,1.200000000,-0.528098335
1784880987.825134993,9.170000116,4.882964229,-0.487920753,1.200000000,-0.529207145
1784880987.835134983,9.180000116,4.888716053,-0.491545374,1.200000000,-0.530318377
1784880987.845134974,9.190000116,4.894470527,-0.495165510,1.200000000,-0.531432083
1784880987.855134964,9.200000116,4.900227639,-0.498781032,1.200000000,-0.532548312
1784880987.865134954,9.210000116,4.905987378,-0.502391807,1.200000000,-0.533666982
1784880987.875134945,9.220000116,4.911749729,-0.505997705,1.200000000,-0.534787696
1784880987.885134935,9.230000116,4.917514678,-0.509598593,1.200000000,-0.535910011
1784880987.895134926,9.240000116,4.923282211,-0.513194340,1.200000000,-0.537033483
1784880987.905134916,9.250000116,4.929052309,-0.516784814,1.200000000,-0.538157668
1784880987.915135145,9.260000116,4.934824955,-0.520369882,1.200000000,-0.539282122
1784880987.925135136,9.270000116,4.940600132,-0.523949412,1.200000000,-0.540406403
1784880987.935135126,9.280000116,4.946377818,-0.527523271,1.200000000,-0.541530066
1784880987.945135117,9.290000116,4.952157993,-0.531091325,1.200000000,-0.542652668
1784880987.955135107,9.300000116,4.957940637,-0.534653443,1.200000000,-0.543773764
1784880987.965135098,9.310000116,4.963725725,-0.538209490,1.200000000,-0.544892913
1784880987.975135088,9.320000116,4.969513234,-0.541759333,1.200000000,-0.546009668
1784880987.985135078,9.330000116,4.975303140,-0.545302839,1.200000000,-0.547123588
1784880987.995135069,9.340000116,4.981095418,-0.548839873,1.200000000,-0.548234229
1784880988.005135059,9.350000116,4.986890041,-0.552370302,1.200000000,-0.549341146
1784880988.015135050,9.360000116,4.992686981,-0.555893991,1.200000000,-0.550443896
1784880988.025135040,9.370000116,4.998486211,-0.559410807,1.200000000,-0.551542036
1784880988.035135031,9.380000116,5.004287702,-0.562920615,1.200000000,-0.552635122
1784880988.045135021,9.390000116,5.010091423,-0.566423280,1.200000000,-0.553722709
1784880988.055135012,9.400000116,5.015897346,-0.569918667,1.200000000,-0.554804356
1784880988.065135002,9.410000116,5.021705437,-0.573406643,1.200000000,-0.555879617
1784880988.075134993,9.420000116,5.027515665,-0.576887072,1.200000000,-0.556948049
1784880988.085134983,9.430000116,5.033327997,-0.580359820,1.200000000,-0.558009209
1784880988.095134974,9.440000116,5.039142399,-0.583824751,1.200000000,-0.559062653
1784880988.105134964,9.450000116,5.044958838,-0.587281730,1.200000000,-0.560107937
1784880988.115134954,9.460000116,5.050777277,-0.590730622,1.200000000,-0.561144618
1784880988.125134945,9.470000116,5.056597683,-0.594171292,1.200000000,-0.562172252
1784880988.135134935,9.480000116,5.062420017,-0.597603604,1.200000000,-0.563190395
1784880988.145134926,9.490000116,5.068244244,-0.601027424,1.200000000,-0.564198603
1784880988.155134916,9.500000116,5.074070326,-0.604442616,1.200000000,-0.565196434
1784880988.165135145,9.510000116,5.079898224,-0.607849044,1.200000000,-0.566183443
1784880988.175135136,9.520000116,5.085727901,-0.611246574,1.200000000,-0.567159187
1784880988.185135126,9.530000116,5.091559317,-0.614635069,1.200000000,-0.568123222
1784880988.195135117,9.540000116,5.097392433,-0.618014395,1.200000000,-0.569075104
1784880988.205135107,9.550000116,5.103227208,-0.621384415,1.200000000,-0.570014390
1784880988.215135098,9.560000116,5.109063603,-0.624744995,1.200000000,-0.570940636
1784880988.225135088,9.570000116,5.114901575,-0.628096000,1.200000000,-0.571853398
1784880988.235135078,9.580000116,5.120741085,-0.631437293,1.200000000,-0.572752234
1784880988.245135069,9.590000116,5.126582089,-0.634768740,1.200000000,-0.573636698
1784880988.255135059,9.600000116,5.132424547,-0.638090205,1.200000000,-0.574506348
1784880988.265135050,9.610000116,5.138268416,-0.641401553,1.200000000,-0.575360740
1784880988.275135040,9.620000116,5.144113652,-0.644702649,1.200000000,-0.576199430
1784880988.285135031,9.630000116,5.149960215,-0.647993359,1.200000000,-0.577021974
1784880988.295135021,9.640000116,5.155808059,-0.651273546,1.200000000,-0.577827930
1784880988.305135012,9.650000116,5.161657143,-0.654543077,1.200000000,-0.578616853
1784880988.315135002,9.660000116,5.167507421,-0.657801816,1.200000000,-0.579388299
1784880988.325134993,9.670000116,5.173358852,-0.661049628,1.200000000,-0.580141825
1784880988.335134983,9.680000116,5.179211390,-0.664286381,1.200000000,-0.580876988
1784880988.345134974,9.690000116,5.185064993,-0.667511938,1.200000000,-0.581593343
1784880988.355134964,9.700000116,5.190919615,-0.670726165,1.200000000,-0.582290447
1784880988.365134954,9.710000116,5.196775214,-0.673928930,1.200000000,-0.582967856
1784880988.375134945,9.720000116,5.202631744,-0.677120097,1.200000000,-0.583625127
1784880988.385134935,9.730000116,5.208489163,-0.680299533,1.200000000,-0.584261817
1784880988.395134926,9.740000116,5.214347425,-0.683467105,1.200000000,-0.584877480
1784880988.405134916,9.750000116,5.220206487,-0.686622678,1.200000000,-0.585471674
1784880988.415135145,9.760000116,5.226066305,-0.689766121,1.200000000,-0.586043956
1784880988.425135136,9.770000116,5.231926836,-0.692897299,1.200000000,-0.586593880
1784880988.435135126,9.780000116,5.237788035,-0.696016081,1.200000000,-0.587121005
1784880988.445135117,9.790000116,5.243649859,-0.699122333,1.200000000,-0.587624886
1784880988.455135107,9.800000116,5.249512266,-0.702215924,1.200000000,-0.588105079
1784880988.465135098,9.810000116,5.255375211,-0.705296721,1.200000000,-0.588561141
1784880988.475135088,9.820000116,5.261238652,-0.708364594,1.200000000,-0.588992628
1784880988.485135078,9.830000116,5.267102547,-0.711419409,1.200000000,-0.589399096
1784880988.495135069,9.840000116,5.272966853,-0.714461036,1.200000000,-0.589780103
1784880988.505135059,9.850000116,5.278831528,-0.717489345,1.200000000,-0.590135204
1784880988.515135050,9.860000116,5.284696531,-0.720504205,1.200000000,-0.590463955
1784880988.525135040,9.870000116,5.290561821,-0.723505484,1.200000000,-0.590765913
1784880988.535135031,9.880000116,5.296427357,-0.726493054,1.200000000,-0.591040635
1784880988.545135021,9.890000116,5.302293099,-0.729466785,1.200000000,-0.591287676
1784880988.555135012,9.900000116,5.308159006,-0.732426548,1.200000000,-0.591506593
1784880988.565135002,9.910000116,5.314025039,-0.735372213,1.200000000,-0.591696942
1784880988.575134993,9.920000116,5.319891160,-0.738303652,1.200000000,-0.591858280
1784880988.585134983,9.930000116,5.325757330,-0.741220737,1.200000000,-0.591990163
1784880988.595134974,9.940000116,5.331623511,-0.744123341,1.200000000,-0.592092147
1784880988.605134964,9.950000116,5.337489666,-0.747011335,1.200000000,-0.592163789
1784880988.615134954,9.960000116,5.343355759,-0.749884593,1.200000000,-0.592204645
1784880988.625134945,9.970000116,5.349221753,-0.752742988,1.200000000,-0.592214272
1784880988.635134935,9.980000116,5.355087613,-0.755586395,1.200000000,-0.592192225
1784880988.645134926,9.990000116,5.360953305,-0.758414687,1.200000000,-0.592138061
1784880988.655134916,10.000000116,5.366818794,-0.761227739,1.200000000,-0.592051337
1784880988.665135145,10.010000116,5.372684047,-0.764025427,1.200000000,-0.591931609
1784880988.675135136,10.020000116,5.378549033,-0.766807626,1.200000000,-0.591778432
1784880988.685135126,10.030000116,5.384413718,-0.769574213,1.200000000,-0.591591364
1784880988.695135117,10.040000116,5.390278073,-0.772325063,1.200000000,-0.591369961
1784880988.705135107,10.050000116,5.396142067,-0.775060055,1.200000000,-0.591113780
1784880988.715135098,10.060000116,5.402005671,-0.777779066,1.200000000,-0.590822375
1784880988.725135088,10.070000116,5.407868856,-0.780481975,1.200000000,-0.590495305
1784880988.735135078,10.080000116,5.413731596,-0.783168659,1.200000000,-0.590132125
1784880988.745135069,10.090000116,5.419593862,-0.785838999,1.200000000,-0.589732391
1784880988.755135059,10.100000116,5.425455631,-0.788492875,1.200000000,-0.589295661
1784880988.765135050,10.110000116,5.431316877,-0.791130166,1.200000000,-0.588821489
1784880988.775135040,10.120000116,5.437177575,-0.793750754,1.200000000,-0.588309434
1784880988.785135031,10.130000116,5.443037705,-0.796354520,1.200000000,-0.587759050
1784880988.795135021,10.140000116,5.448897242,-0.798941348,1.200000000,-0.587169895
1784880988.805135012,10.150000116,5.454756168,-0.801511119,1.200000000,-0.586541524
1784880988.815135002,10.160000116,5.460614461,-0.804063717,1.200000000,-0.585873494
1784880988.825134993,10.170000116,5.466472104,-0.806599026,1.200000000,-0.585165362
1784880988.835134983,10.180000116,5.472329078,-0.809116931,1.200000000,-0.584416683
1784880988.845134974,10.190000116,5.478185367,-0.811617318,1.200000000,-0.583627015
1784880988.855134964,10.200000116,5.484040956,-0.814100073,1.200000000,-0.582795912
1784880988.865134954,10.210000116,5.489895830,-0.816565082,1.200000000,-0.581922933
1784880988.875134945,10.220000116,5.495749975,-0.819012232,1.200000000,-0.581007633
1784880988.885134935,10.230000116,5.501603381,-0.821441413,1.200000000,-0.580049568
1784880988.895134926,10.240000116,5.507456035,-0.823852513,1.200000000,-0.579048295
1784880988.905134916,10.250000116,5.513307928,-0.826245422,1.200000000,-0.578003370
1784880988.915135145,10.260000116,5.519159051,-0.828620029,1.200000000,-0.576914350
1784880988.925135136,10.270000116,5.525009398,-0.830976226,1.200000000,-0.575780790
1784880988.935135126,10.280000116,5.530858961,-0.833313906,1.200000000,-0.574602248
1784880988.945135117,10.290000116,5.536707735,-0.835632960,1.200000000,-0.573378279
1784880988.955135107,10.300000116,5.542555718,-0.837933282,1.200000000,-0.572108441
1784880988.965135098,10.310000116,5.548402905,-0.840214766,1.200000000,-0.570792288
1784880988.975135088,10.320000116,5.554249297,-0.842477308,1.200000000,-0.569429378
1784880988.985135078,10.330000116,5.560094892,-0.844720803,1.200000000,-0.568019267
1784880988.995135069,10.340000116,5.565939692,-0.846945147,1.200000000,-0.566561511
1784880989.005135059,10.350000116,5.571783699,-0.849150239,1.200000000,-0.565055667
1784880989.015135050,10.360000116,5.577626918,-0.851335976,1.200000000,-0.563501291
1784880989.025135040,10.370000116,5.583469352,-0.853502258,1.200000000,-0.561897940
1784880989.035135031,10.380000116,5.589311008,-0.855648985,1.200000000,-0.560245169
1784880989.045135021,10.390000116,5.595151893,-0.857776058,1.200000000,-0.558542535
1784880989.055135012,10.400000116,5.600992017,-0.859883378,1.200000000,-0.556789594
1784880989.065135002,10.410000116,5.606831389,-0.861970848,1.200000000,-0.554985903
1784880989.075134993,10.420000116,5.612670021,-0.864038373,1.200000000,-0.553131019
1784880989.085134983,10.430000116,5.618507924,-0.866085856,1.200000000,-0.551224496
1784880989.095134974,10.440000116,5.624345114,-0.868113203,1.200000000,-0.549265893
1784880989.105134964,10.450000116,5.630181605,-0.870120320,1.200000000,-0.547254764
1784880989.115134954,10.460000116,5.636017413,-0.872107116,1.200000000,-0.545190667
1784880989.125134945,10.470000116,5.641852556,-0.874073497,1.200000000,-0.543073158
1784880989.135134935,10.480000116,5.647687054,-0.876019375,1.200000000,-0.540901794
1784880989.145134926,10.490000116,5.653520926,-0.877944658,1.200000000,-0.538676236
1784880989.155134916,10.500000116,5.659354193,-0.879849258,1.200000000,-0.536396776
1784880989.165135145,10.510000116,5.665186879,-0.881733087,1.200000000,-0.534063932
1784880989.175135136,10.520000116,5.671019008,-0.883596060,1.200000000,-0.531678225
1784880989.185135126,10.530000116,5.676850604,-0.885438089,1.200000000,-0.529240173
1784880989.195135117,10.540000116,5.682681694,-0.887259091,1.200000000,-0.526750297
1784880989.205135107,10.550000116,5.688512306,-0.889058983,1.200000000,-0.524209115
1784880989.215135098,10.560000116,5.694342468,-0.890837680,1.200000000,-0.521617146
1784880989.225135088,10.570000116,5.700172212,-0.892595103,1.200000000,-0.518974911
1784880989.235135078,10.580000116,5.706001566,-0.894331171,1.200000000,-0.516282929
1784880989.245135069,10.590000116,5.711830565,-0.896045804,1.200000000,-0.513541719
1784880989.255135059,10.600000116,5.717659242,-0.897738924,1.200000000,-0.510751800
1784880989.265135050,10.610000116,5.723487631,-0.899410455,1.200000000,-0.507913693
1784880989.275135040,10.620000116,5.729315769,-0.901060320,1.200000000,-0.505027915
1784880989.285135031,10.630000116,5.735143692,-0.902688445,1.200000000,-0.502094988
1784880989.295135021,10.640000116,5.740971437,-0.904294756,1.200000000,-0.499115430
1784880989.305135012,10.650000116,5.746799045,-0.905879180,1.200000000,-0.496089761
1784880989.315135002,10.660000116,5.752626556,-0.907441646,1.200000000,-0.493018500
1784880989.325134993,10.670000116,5.758454010,-0.908982084,1.200000000,-0.489902166
1784880989.335134983,10.680000116,5.764281450,-0.910500425,1.200000000,-0.486741280
1784880989.345134974,10.690000116,5.770108919,-0.911996601,1.200000000,-0.483536360
1784880989.355134964,10.700000116,5.775936461,-0.913470545,1.200000000,-0.480287926
1784880989.365134954,10.710000116,5.781764121,-0.914922193,1.200000000,-0.476996497
1784880989.375134945,10.720000116,5.787591946,-0.916351479,1.200000000,-0.473662593
1784880989.385134935,10.730000116,5.793419983,-0.917758341,1.200000000,-0.470286733
1784880989.395134926,10.740000116,5.799248278,-0.919142717,1.200000000,-0.466869437
1784880989.405134916,10.750000116,5.805076882,-0.920504547,1.200000000,-0.463411224
1784880989.415135145,10.760000116,5.810905843,-0.921843772,1.200000000,-0.459912613
1784880989.425135136,10.770000116,5.816735213,-0.923160333,1.200000000,-0.456374124
1784880989.435135126,10.780000116,5.822565041,-0.924454173,1.200000000,-0.452796276
1784880989.445135117,10.790000116,5.828395381,-0.925725238,1.200000000,-0.449179590
1784880989.455135107,10.800000116,5.834226285,-0.926973473,1.200000000,-0.445524583
1784880989.465135098,10.810000116,5.840057806,-0.928198826,1.200000000,-0.441831776
1784880989.475135088,10.820000116,5.845889998,-0.929401244,1.200000000,-0.438101688
1784880989.485135078,10.830000116,5.851722917,-0.930580678,1.200000000,-0.434334839
1784880989.495135069,10.840000116,5.857556618,-0.931737078,1.200000000,-0.430531747
1784880989.505135059,10.850000116,5.863391156,-0.932870398,1.200000000,-0.426692933
1784880989.515135050,10.860000116,5.869226588,-0.933980591,1.200000000,-0.422818915
1784880989.525135040,10.870000116,5.875062972,-0.935067612,1.200000000,-0.418910214
1784880989.535135031,10.880000116,5.880900365,-0.936131417,1.200000000,-0.414967348
1784880989.545135021,10.890000116,5.886738825,-0.937171965,1.200000000,-0.410990838
1784880989.555135012,10.900000116,5.892578411,-0.938189214,1.200000000,-0.406981202
1784880989.565135002,10.910000116,5.898419182,-0.939183126,1.200000000,-0.402938959
1784880989.575134993,10.920000116,5.904261197,-0.940153661,1.200000000,-0.398864630
1784880989.585134983,10.930000116,5.910104515,-0.941100785,1.200000000,-0.394758734
1784880989.595134974,10.940000116,5.915949198,-0.942024460,1.200000000,-0.390621790
1784880989.605134964,10.950000116,5.921795306,-0.942924654,1.200000000,-0.386454318
1784880989.615134954,10.960000116,5.927642899,-0.943801335,1.200000000,-0.382256837
1784880989.625134945,10.970000116,5.933492038,-0.944654470,1.200000000,-0.378029866
1784880989.635134935,10.980000116,5.939342784,-0.945484031,1.200000000,-0.373773926
1784880989.645134926,10.990000116,5.945195199,-0.946289989,1.200000000,-0.369489534
1784880989.655134916,11.000000116,5.951049343,-0.947072319,1.200000000,-0.365177211
1784880989.665135145,11.010000116,5.956905280,-0.947830993,1.200000000,-0.360837477
1784880989.675135136,11.020000116,5.962763069,-0.948565990,1.200000000,-0.356470850
1784880989.685135126,11.030000116,5.968622774,-0.949277286,1.200000000,-0.352077851
1784880989.695135117,11.040000116,5.974484454,-0.949964861,1.200000000,-0.347658997
1784880989.705135107,11.050000116,5.980348173,-0.950628695,1.200000000,-0.343214810
1784880989.715135098,11.060000116,5.986213992,-0.951268770,1.200000000,-0.338745808
1784880989.725135088,11.070000116,5.992081972,-0.951885070,1.200000000,-0.334252511
1784880989.735135078,11.080000116,5.997952175,-0.952477581,1.200000000,-0.329735438
1784880989.745135069,11.090000116,6.003824661,-0.953046288,1.200000000,-0.325195109
1784880989.755135059,11.100000116,6.009699492,-0.953591180,1.200000000,-0.320632043
1784880989.765135050,11.110000116,6.015576728,-0.954112246,1.200000000,-0.316046759
1784880989.775135040,11.120000116,6.021456431,-0.954609477,1.200000000,-0.311439778
1784880989.785135031,11.130000116,6.027338659,-0.955082867,1.200000000,-0.306811617
1784880989.795135021,11.140000116,6.033223474,-0.955532408,1.200000000,-0.302162798
1784880989.805135012,11.150000116,6.039110934,-0.955958098,1.200000000,-0.297493838
1784880989.815135002,11.160000116,6.045001099,-0.956359932,1.200000000,-0.292805259
1784880989.825134993,11.170000116,6.050894027,-0.956737911,1.200000000,-0.288097578
1784880989.835134983,11.180000116,6.056789777,-0.957092033,1.200000000,-0.283371316
1784880989.845134974,11.190000116,6.062688405,-0.957422301,1.200000000,-0.278626992
1784880989.855134964,11.200000116,6.068589970,-0.957728718,1.200000000,-0.273865126
1784880989.865134954,11.210000116,6.074494528,-0.958011289,1.200000000,-0.269086236
1784880989.875134945,11.220000116,6.080402134,-0.958270020,1.200000000,-0.264290842
1784880989.885134935,11.230000116,6.086312844,-0.958504920,1.200000000,-0.259479464
1784880989.895134926,11.240000116,6.092226713,-0.958715997,1.200000000,-0.254652621
1784880989.905134916,11.250000116,6.098143795,-0.958903264,1.200000000,-0.249810833
1784880989.915135145,11.260000116,6.104064142,-0.959066733,1.200000000,-0.244954619
1784880989.925135136,11.270000116,6.109987808,-0.959206417,1.200000000,-0.240084498
1784880989.935135126,11.280000116,6.115914843,-0.959322333,1.200000000,-0.235200990
1784880989.945135117,11.290000116,6.121845298,-0.959414498,1.200000000,-0.230304614
1784880989.955135107,11.300000116,6.127779224,-0.959482932,1.200000000,-0.225395890
1784880989.965135098,11.310000116,6.133716669,-0.959527654,1.200000000,-0.220475337
1784880989.975135088,11.320000116,6.139657682,-0.959548686,1.200000000,-0.215543474
1784880989.985135078,11.330000116,6.145602309,-0.959546053,1.200000000,-0.210600822
1784880989.995135069,11.340000116,6.151550596,-0.959519779,1.200000000,-0.205647898
1784880990.005135059,11.350000116,6.157502589,-0.959469892,1.200000000,-0.200685224
1784880990.015135050,11.360000116,6.163458331,-0.959396419,1.200000000,-0.195713318
1784880990.025135040,11.370000116,6.169417866,-0.959299391,1.200000000,-0.190732700
1784880990.035135031,11.380000116,6.175381234,-0.959178839,1.200000000,-0.185743888
1784880990.045135021,11.390000116,6.181348477,-0.959034797,1.200000000,-0.180747404
1784880990.055135012,11.400000116,6.187319634,-0.958867299,1.200000000,-0.175743765
1784880990.065135002,11.410000116,6.193294743,-0.958676381,1.200000000,-0.170733492
1784880990.075134993,11.420000116,6.199273841,-0.958462081,1.200000000,-0.165717103
1784880990.085134983,11.430000116,6.205256963,-0.958224439,1.200000000,-0.160695119
1784880990.095134974,11.440000116,6.211244145,-0.957963495,1.200000000,-0.155668059
1784880990.105134964,11.450000116,6.217235418,-0.957679293,1.200000000,-0.150636442
1784880990.115134954,11.460000116,6.223230815,-0.957371876,1.200000000,-0.145600787
1784880990.125134945,11.470000116,6.229230366,-0.957041290,1.200000000,-0.140561614
1784880990.135134935,11.480000116,6.235234099,-0.956687583,1.200000000,-0.135519443
1784880990.145134926,11.490000116,6.241242043,-0.956310803,1.200000000,-0.130474792
1784880990.155134916,11.500000116,6.247254222,-0.955911001,1.200000000,-0.125428182
1784880990.165135145,11.510000116,6.253270662,-0.955488228,1.200000000,-0.120380132
1784880990.175135136,11.520000116,6.259291386,-0.955042539,1.200000000,-0.115331160
1784880990.185135126,11.530000116,6.265316414,-0.954573988,1.200000000,-0.110281787
1784880990.195135117,11.540000116,6.271345767,-0.954082632,1.200000000,-0.105232533
1784880990.205135107,11.550000116,6.277379463,-0.953568529,1.200000000,-0.100183915
1784880990.215135098,11.560000116,6.283417518,-0.953031739,1.200000000,-0.095136455
1784880990.225135088,11.570000116,6.289459948,-0.952472324,1.200000000,-0.090090671
1784880990.235135078,11.580000116,6.295506766,-0.951890346,1.200000000,-0.085047082
1784880990.245135069,11.590000116,6.301557983,-0.951285869,1.200000000,-0.080006209
1784880990.255135059,11.600000116,6.307613610,-0.950658961,1.200000000,-0.074968570
1784880990.265135050,11.610000116,6.313673655,-0.950009686,1.200000000,-0.069934686
1784880990.275135040,11.620000116,6.319738124,-0.949338116,1.200000000,-0.064905074
1784880990.285135031,11.630000116,6.325807023,-0.948644321,1.200000000,-0.059880256
1784880990.295135021,11.640000116,6.331880354,-0.947928371,1.200000000,-0.054860750
1784880990.305135012,11.650000116,6.337958118,-0.947190341,1.200000000,-0.049847076
1784880990.315135002,11.660000116,6.344040315,-0.946430307,1.200000000,-0.044839752
1784880990.325134993,11.670000116,6.350126943,-0.945648343,1.200000000,-0.039839300
1784880990.335134983,11.680000116,6.356217998,-0.944844529,1.200000000,-0.034846237
1784880990.345134974,11.690000116,6.362313472,-0.944018944,1.200000000,-0.029861084
1784880990.355134964,11.700000116,6.368413360,-0.943171668,1.200000000,-0.024884360
1784880990.365134954,11.710000116,6.374517650,-0.942302784,1.200000000,-0.019916584
1784880990.375134945,11.720000116,6.380626331,-0.941412376,1.200000000,-0.014958276
1784880990.385134935,11.730000116,6.386739389,-0.940500529,1.200000000,-0.010009955
1784880990.395134926,11.740000116,6.392856810,-0.939567329,1.200000000,-0.005072140
1784880990.405134916,11.750000116,6.398978576,-0.938612866,1.200000000,-0.000145352
1784880990.415135145,11.760000116,6.405104667,-0.937637228,1.200000000,0.004769891
1784880990.425135136,11.770000116,6.411235062,-0.936640507,1.200000000,0.009673069
1784880990.435135126,11.780000116,6.417369739,-0.935622795,1.200000000,0.014563663
1784880990.445135117,11.790000116,6.423508672,-0.934584185,1.200000000,0.019441170
1784880990.455135107,11.800000116,6.429651834,-0.933524773,1.200000000,0.024305314
1784880990.465135098,11.810000116,6.435799196,-0.932444655,1.200000000,0.029155978
1784880990.475135088,11.820000116,6.441950727,-0.931343929,1.200000000,0.033993050
1784880990.485135078,11.830000116,6.448106395,-0.930222695,1.200000000,0.038816414
1784880990.495135069,11.840000116,6.454266164,-0.929081053,1.200000000,0.043625958
1784880990.505135059,11.850000116,6.460429999,-0.927919105,1.200000000,0.048421569
1784880990.515135050,11.860000116,6.466597859,-0.926736954,1.200000000,0.053203132
1784880990.525135040,11.870000116,6.472769705,-0.925534705,1.200000000,0.057970535
1784880990.535135031,11.880000116,6.478945494,-0.924312463,1.200000000,0.062723663
1784880990.545135021,11.890000116,6.485125181,-0.923070336,1.200000000,0.067462403
1784880990.555135012,11.900000116,6.491308720,-0.921808432,1.200000000,0.072186642
1784880990.565135002,11.910000116,6.497496062,-0.920526861,1.200000000,0.076896267
1784880990.575134993,11.920000116,6.503687157,-0.919225733,1.200000000,0.081591162
1784880990.585134983,11.930000116,6.509881953,-0.917905161,1.200000000,0.086271217
1784880990.595134974,11.940000116,6.516080395,-0.916565258,1.200000000,0.090936315
1784880990.605134964,11.950000116,6.522282427,-0.915206139,1.200000000,0.095586345
1784880990.615134954,11.960000116,6.528487991,-0.913827919,1.200000000,0.100221193
1784880990.625134945,11.970000116,6.534697027,-0.912430715,1.200000000,0.104840745
1784880990.635134935,11.980000116,6.540909474,-0.911014645,1.200000000,0.109444887
1784880990.645134926,11.990000116,6.547125268,-0.909579829,1.200000000,0.114033507
1784880990.655134916,12.000000116,6.553344342,-0.908126387,1.200000000,0.118606490
1784880990.665135145,12.010000116,6.559566630,-0.906654440,1.200000000,0.123163723
1784880990.675135136,12.020000116,6.565792063,-0.905164111,1.200000000,0.127705093
1784880990.685135126,12.030000116,6.572020569,-0.903655523,1.200000000,0.132230486
1784880990.695135117,12.040000116,6.578252075,-0.902128801,1.200000000,0.136739789
1784880990.705135107,12.050000116,6.584486507,-0.900584072,1.200000000,0.141232888
1784880990.715135098,12.060000116,6.590723788,-0.899021461,1.200000000,0.145709669
1784880990.725135088,12.070000116,6.596963840,-0.897441097,1.200000000,0.150170019
1784880990.735135078,12.080000116,6.603206583,-0.895843108,1.200000000,0.154613825
1784880990.745135069,12.090000116,6.609451936,-0.894227624,1.200000000,0.159040973
1784880990.755135059,12.100000116,6.615699814,-0.892594776,1.200000000,0.163451349
1784880990.765135050,12.110000116,6.621950133,-0.890944696,1.200000000,0.167844841
1784880990.775135040,12.120000116,6.628202806,-0.889277516,1.200000000,0.172221334
1784880990.785135031,12.130000116,6.634457744,-0.887593371,1.200000000,0.176580715
1784880990.795135021,12.140000116,6.640714858,-0.885892393,1.200000000,0.180922871
1784880990.805135012,12.150000116,6.646974056,-0.884174720,1.200000000,0.185247687
1784880990.815135002,12.160000116,6.653235244,-0.882440487,1.200000000,0.189555051
1784880990.825134993,12.170000116,6.659498327,-0.880689831,1.200000000,0.193844849
1784880990.835134983,12.180000116,6.665763210,-0.878922890,1.200000000,0.198116968
1784880990.845134974,12.190000116,6.672029794,-0.877139803,1.200000000,0.202371293
1784880990.855134964,12.200000116,6.678297980,-0.875340710,1.200000000,0.206607712
1784880990.865134954,12.210000116,6.684567667,-0.873525750,1.200000000,0.210826111
1784880990.875134945,12.220000116,6.690838752,-0.871695066,1.200000000,0.215026376
1784880990.885134935,12.230000116,6.697111132,-0.869848798,1.200000000,0.219208395
1784880990.895134926,12.240000116,6.703384702,-0.867987089,1.200000000,0.223372052
1784880990.905134916,12.250000116,6.709659355,-0.866110082,1.200000000,0.227517236
1784880990.915135145,12.260000116,6.715934982,-0.864217922,1.200000000,0.231643832
1784880990.925135136,12.270000116,6.722211476,-0.862310753,1.200000000,0.235751727
1784880990.935135126,12.280000116,6.728488725,-0.860388721,1.200000000,0.239840807
1784880990.945135117,12.290000116,6.734766618,-0.858451970,1.200000000,0.243910959
1784880990.955135107,12.300000116,6.741045041,-0.856500648,1.200000000,0.247962070
1784880990.965135098,12.310000116,6.747323881,-0.854534902,1.200000000,0.251994025
1784880990.975135088,12.320000116,6.753603021,-0.852554878,1.200000000,0.256006712
1784880990.985135078,12.330000116,6.759882346,-0.850560727,1.200000000,0.260000017
1784880990.995135069,12.340000116,6.766161737,-0.848552595,1.200000000,0.263973826
1784880991.005135059,12.350000116,6.772441076,-0.846530633,1.200000000,0.267928026
1784880991.015135050,12.360000116,6.778720243,-0.844494990,1.200000000,0.271862503
1784880991.025135040,12.370000116,6.784999117,-0.842445816,1.200000000,0.275777144
1784880991.035135031,12.380000116,6.791277576,-0.840383262,1.200000000,0.279671835
1784880991.045135021,12.390000116,6.797555497,-0.838307479,1.200000000,0.283546463
1784880991.055135012,12.400000116,6.803832757,-0.836218618,1.200000000,0.287400915
1784880991.065135002,12.410000116,6.810109230,-0.834116832,1.200000000,0.291235076
1784880991.075134993,12.420000116,6.816384792,-0.832002272,1.200000000,0.295048834
1784880991.085134983,12.430000116,6.822659315,-0.829875092,1.200000000,0.298842074
1784880991.095134974,12.440000116,6.828932672,-0.827735443,1.200000000,0.302614684
1784880991.105134964,12.450000116,6.835204735,-0.825583480,1.200000000,0.306366549
1784880991.115134954,12.460000116,6.841475377,-0.823419355,1.200000000,0.310097556
1784880991.125134945,12.470000116,6.847744466,-0.821243223,1.200000000,0.313807593
1784880991.135134935,12.480000116,6.854011873,-0.819055237,1.200000000,0.317496544
1784880991.145134926,12.490000116,6.860277467,-0.816855552,1.200000000,0.321164298
1784880991.155134916,12.500000116,6.866541116,-0.814644322,1.200000000,0.324810739
1784880991.165135145,12.510000116,6.872802689,-0.812421703,1.200000000,0.328435755
1784880991.175135136,12.520000116,6.879062053,-0.810187848,1.200000000,0.332039233
1784880991.185135126,12.530000116,6.885319075,-0.807942913,1.200000000,0.335621058
1784880991.195135117,12.540000116,6.891573621,-0.805687053,1.200000000,0.339181117
1784880991.205135107,12.550000116,6.897825557,-0.803420423,1.200000000,0.342719297
1784880991.215135098,12.560000116,6.904074749,-0.801143178,1.200000000,0.346235484
1784880991.225135088,12.570000116,6.910321062,-0.798855474,1.200000000,0.349729565
1784880991.235135078,12.580000116,6.916564361,-0.796557466,1.200000000,0.353201426
1784880991.245135069,12.590000116,6.922804511,-0.794249310,1.200000000,0.356650953
1784880991.255135059,12.600000116,6.929041376,-0.791931161,1.200000000,0.360078034
1784880991.265135050,12.610000116,6.935274819,-0.789603175,1.200000000,0.363482554
1784880991.275135040,12.620000116,6.941504705,-0.787265506,1.200000000,0.366864401
1784880991.285135031,12.630000116,6.947730897,-0.784918311,1.200000000,0.370223460
1784880991.295135021,12.640000116,6.953953260,-0.782561744,1.200000000,0.373559618
1784880991.305135012,12.650000116,6.960171656,-0.780195961,1.200000000,0.376872762
1784880991.315135002,12.660000116,6.966385949,-0.777821117,1.200000000,0.380162778
1784880991.325134993,12.670000116,6.972596002,-0.775437367,1.200000000,0.383429552
1784880991.335134983,12.680000116,6.978801678,-0.773044866,1.200000000,0.386672972
1784880991.345134974,12.690000116,6.985002842,-0.770643768,1.200000000,0.389892923
1784880991.355134964,12.700000116,6.991199357,-0.768234227,1.200000000,0.393089292
1784880991.365134954,12.710000116,6.997391085,-0.765816399,1.200000000,0.396261966
1784880991.375134945,12.720000116,7.003577892,-0.763390437,1.200000000,0.399410831
1784880991.385134935,12.730000116,7.009759641,-0.760956494,1.200000000,0.402535773
1784880991.395134926,12.740000116,7.015936196,-0.758514725,1.200000000,0.405636679
1784880991.405134916,12.750000116,7.022107422,-0.756065282,1.200000000,0.408713436
1784880991.415135145,12.760000116,7.028273184,-0.753608318,1.200000000,0.411765930
1784880991.425135136,12.770000116,7.034433346,-0.751143987,1.200000000,0.414794047
1784880991.435135126,12.780000116,7.040587774,-0.748672440,1.200000000,0.417797674
1784880991.445135117,12.790000116,7.046736334,-0.746193828,1.200000000,0.420776698
1784880991.455135107,12.800000116,7.052878892,-0.743708305,1.200000000,0.423731005
1784880991.465135098,12.810000116,7.059015315,-0.741216020,1.200000000,0.426660481
1784880991.475135088,12.820000116,7.065145470,-0.738717124,1.200000000,0.429565013
1784880991.485135078,12.830000116,7.071269225,-0.736211768,1.200000000,0.432444488
1784880991.495135069,12.840000116,7.077386448,-0.733700102,1.200000000,0.435298792
1784880991.505135059,12.850000116,7.083497007,-0.731182274,1.200000000,0.438127811
1784880991.515135050,12.860000116,7.089600774,-0.728658434,1.200000000,0.440931432
1784880991.525135040,12.870000116,7.095697617,-0.726128730,1.200000000,0.443709541
1784880991.535135031,12.880000116,7.101787408,-0.723593309,1.200000000,0.446462025
1784880991.545135021,12.890000116,7.107870019,-0.721052320,1.200000000,0.449188771
1784880991.555135012,12.900000116,7.113945321,-0.718505908,1.200000000,0.451889664
1784880991.565135002,12.910000116,7.120013188,-0.715954220,1.200000000,0.454564592
1784880991.575134993,12.920000116,7.126073494,-0.713397402,1.200000000,0.457213441
1784880991.585134983,12.930000116,7.132126114,-0.710835598,1.200000000,0.459836097
1784880991.595134974,12.940000116,7.138170924,-0.708268953,1.200000000,0.462432448
1784880991.605134964,12.950000116,7.144207799,-0.705697611,1.200000000,0.465002378
1784880991.615134954,12.960000116,7.150236619,-0.703121713,1.200000000,0.467545775
1784880991.625134945,12.970000116,7.156257261,-0.700541404,1.200000000,0.470062526
1784880991.635134935,12.980000116,7.162269605,-0.697956824,1.200000000,0.472552516
1784880991.645134926,12.990000116,7.168273532,-0.695368114,1.200000000,0.475015633
1784880991.655134916,13.000000116,7.174268924,-0.692775415,1.200000000,0.477451763
1784880991.665135145,13.010000116,7.180255663,-0.690178867,1.200000000,0.479860792
1784880991.675135136,13.020000116,7.186233633,-0.687578607,1.200000000,0.482242606
1784880991.685135126,13.030000116,7.192202720,-0.684974774,1.200000000,0.484597093
1784880991.695135117,13.040000116,7.198162809,-0.682367505,1.200000000,0.486924139
1784880991.705135107,13.050000116,7.204113789,-0.679756937,1.200000000,0.489223630
1784880991.715135098,13.060000116,7.210055547,-0.677143205,1.200000000,0.491495453
1784880991.725135088,13.070000116,7.215987974,-0.674526444,1.200000000,0.493739494
1784880991.735135078,13.080000116,7.221910962,-0.671906788,1.200000000,0.495955640
1784880991.745135069,13.090000116,7.227824402,-0.669284370,1.200000000,0.498143777
1784880991.755135059,13.100000116,7.233728190,-0.666659323,1.200000000,0.500303791
1784880991.765135050,13.110000116,7.239622219,-0.664031777,1.200000000,0.502435570
1784880991.775135040,13.120000116,7.245506387,-0.661401863,1.200000000,0.504539000
1784880991.785135031,13.130000116,7.251380592,-0.658769711,1.200000000,0.506613967
1784880991.795135021,13.140000116,7.257244733,-0.656135449,1.200000000,0.508660358
1784880991.805135012,13.150000116,7.263098712,-0.653499206,1.200000000,0.510678058
1784880991.815135002,13.160000116,7.268942431,-0.650861107,1.200000000,0.512666956
1784880991.825134993,13.170000116,7.274775794,-0.648221280,1.200000000,0.514626937
1784880991.835134983,13.180000116,7.280598707,-0.645579848,1.200000000,0.516557887
1784880991.845134974,13.190000116,7.286411076,-0.642936937,1.200000000,0.518459693
1784880991.855134964,13.200000116,7.292212810,-0.640292668,1.200000000,0.520332243
1784880991.865134954,13.210000116,7.298003820,-0.637647163,1.200000000,0.522175421
1784880991.875134945,13.220000116,7.303784017,-0.635000545,1.200000000,0.523989115
1784880991.885134935,13.230000116,7.309553315,-0.632352932,1.200000000,0.525773211
1784880991.895134926,13.240000116,7.315311629,-0.629704443,1.200000000,0.527527596
1784880991.905134916,13.250000116,7.321058875,-0.627055198,1.200000000,0.529252155
1784880991.915135145,13.260000116,7.326794973,-0.624405312,1.200000000,0.530946777
1784880991.925135136,13.270000116,7.332519841,-0.621754901,1.200000000,0.532611346
1784880991.935135126,13.280000116,7.338233402,-0.619104080,1.200000000,0.534245750
1784880991.945135117,13.290000116,7.343935580,-0.616452963,1.200000000,0.535849876
1784880991.955135107,13.300000116,7.349626300,-0.613801663,1.200000000,0.537423608
1784880991.965135098,13.310000116,7.355305489,-0.611150290,1.200000000,0.538966835
1784880991.975135088,13.320000116,7.360973075,-0.608498956,1.200000000,0.540479442
1784880991.985135078,13.330000116,7.366628990,-0.605847771,1.200000000,0.541961317
1784880991.995135069,13.340000116,7.372273165,-0.603196841,1.200000000,0.543412345
1784880992.005135059,13.350000116,7.377905535,-0.600546276,1.200000000,0.544832413
1784880992.015135050,13.360000116,7.383526035,-0.597896179,1.200000000,0.546221407
1784880992.025135040,13.370000116,7.389134604,-0.595246658,1.200000000,0.547579215
1784880992.035135031,13.380000116,7.394731181,-0.592597815,1.200000000,0.548905722
1784880992.045135021,13.390000116,7.400315707,-0.589949753,1.200000000,0.550200815
1784880992.055135012,13.400000116,7.405888126,-0.587302574,1.200000000,0.551464380
1784880992.065135002,13.410000116,7.411448382,-0.584656379,1.200000000,0.552696305
1784880992.075134993,13.420000116,7.416996423,-0.582011266,1.200000000,0.553896475
1784880992.085134983,13.430000116,7.422532198,-0.579367335,1.200000000,0.555064777
1784880992.095134974,13.440000116,7.428055657,-0.576724681,1.200000000,0.556201097
1784880992.105134964,13.450000116,7.433566752,-0.574083402,1.200000000,0.557305322
1784880992.115134954,13.460000116,7.439065439,-0.571443591,1.200000000,0.558377339
1784880992.125134945,13.470000116,7.444551672,-0.568805343,1.200000000,0.559417034
1784880992.135134935,13.480000116,7.450025411,-0.566168750,1.200000000,0.560424293
1784880992.145134926,13.490000116,7.455486615,-0.563533904,1.200000000,0.561399003
1784880992.155134916,13.500000116,7.460935246,-0.560900894,1.200000000,0.562341051
1784880992.165135145,13.510000116,7.466371268,-0.558269809,1.200000000,0.563250322
1784880992.175135136,13.520000116,7.471794645,-0.555640739,1.200000000,0.564126704
1784880992.185135126,13.530000116,7.477205347,-0.553013768,1.200000000,0.564970082
1784880992.195135117,13.540000116,7.482603341,-0.550388984,1.200000000,0.565780344
1784880992.205135107,13.550000116,7.487988598,-0.547766470,1.200000000,0.566557376
1784880992.215135098,13.560000116,7.493361093,-0.545146310,1.200000000,0.567301064
1784880992.225135088,13.570000116,7.498720799,-0.542528586,1.200000000,0.568011296
1784880992.235135078,13.580000116,7.504067692,-0.539913379,1.200000000,0.568687956
1784880992.245135069,13.590000116,7.509401752,-0.537300769,1.200000000,0.569330932
1784880992.255135059,13.600000116,7.514722957,-0.534690835,1.200000000,0.569940111
1784880992.265135050,13.610000116,7.520031291,-0.532083654,1.200000000,0.570515378
1784880992.275135040,13.620000116,7.525326737,-0.529479304,1.200000000,0.571056621
1784880992.285135031,13.630000116,7.530609280,-0.526877859,1.200000000,0.571563726
1784880992.295135021,13.640000116,7.535878907,-0.524279394,1.200000000,0.572036579
1784880992.305135012,13.650000116,7.541135607,-0.521683982,1.200000000,0.572475066
1784880992.315135002,13.660000116,7.546379371,-0.519091695,1.200000000,0.572879075
1784880992.325134993,13.670000116,7.551610191,-0.516502605,1.200000000,0.573248492
1784880992.335134983,13.680000116,7.556828060,-0.513916781,1.200000000,0.573583203
1784880992.345134974,13.690000116,7.562032975,-0.511334292,1.200000000,0.573883094
1784880992.355134964,13.700000116,7.567224933,-0.508755206,1.200000000,0.574148053
1784880992.365134954,13.710000116,7.572403932,-0.506179590,1.200000000,0.574377966
1784880992.375134945,13.720000116,7.577569973,-0.503607509,1.200000000,0.574572719
1784880992.385134935,13.730000116,7.582723058,-0.501039028,1.200000000,0.574732199
1784880992.395134926,13.740000116,7.587863189,-0.498474211,1.200000000,0.574856292
1784880992.405134916,13.750000116,7.592990373,-0.495913121,1.200000000,0.574944884
1784880992.415135145,13.760000116,7.598104616,-0.493355819,1.200000000,0.574997863
1784880992.425135136,13.770000116,7.603205925,-0.490802365,1.200000000,0.575015114
1784880992.435135126,13.780000116,7.608294310,-0.488252820,1.200000000,0.574996525
1784880992.445135117,13.790000116,7.613369781,-0.485707242,1.200000000,0.574941981
1784880992.455135107,13.800000116,7.618432351,-0.483165689,1.200000000,0.574851370
1784880992.465135098,13.810000116,7.623482033,-0.480628217,1.200000000,0.574724577
1784880992.475135088,13.820000116,7.628518841,-0.478094883,1.200000000,0.574561489
1784880992.485135078,13.830000116,7.633542792,-0.475565741,1.200000000,0.574361993
1784880992.495135069,13.840000116,7.638553902,-0.473040846,1.200000000,0.574125975
1784880992.505135059,13.850000116,7.643552190,-0.470520250,1.200000000,0.573853322
1784880992.515135050,13.860000116,7.648537675,-0.468004007,1.200000000,0.573543920
1784880992.525135040,13.870000116,7.653510378,-0.465492167,1.200000000,0.573197655
1784880992.535135031,13.880000116,7.658470320,-0.462984781,1.200000000,0.572814415
1784880992.545135021,13.890000116,7.663417523,-0.460481900,1.200000000,0.572394085
1784880992.555135012,13.900000116,7.668352012,-0.457983571,1.200000000,0.571936552
1784880992.565135002,13.910000116,7.673273810,-0.455489844,1.200000000,0.571441703
1784880992.575134993,13.920000116,7.678182943,-0.453000765,1.200000000,0.570909424
1784880992.585134983,13.930000116,7.683079436,-0.450516383,1.200000000,0.570339601
1784880992.595134974,13.940000116,7.687963317,-0.448036742,1.200000000,0.569732122
1784880992.605134964,13.950000116,7.692834613,-0.445561888,1.200000000,0.569086872
1784880992.615134954,13.960000116,7.697693353,-0.443091867,1.200000000,0.568403738
1784880992.625134945,13.970000116,7.702539564,-0.440626721,1.200000000,0.567682606
1784880992.635134935,13.980000116,7.707373277,-0.438166495,1.200000000,0.566923364
1784880992.645134926,13.990000116,7.712194521,-0.435711231,1.200000000,0.566125897
1784880992.655134916,14.000000116,7.717003326,-0.433260972,1.200000000,0.565290092
1784880992.665135145,14.010000116,7.721799724,-0.430815760,1.200000000,0.564415836
1784880992.675135136,14.020000116,7.726583744,-0.428375635,1.200000000,0.563503015
1784880992.685135126,14.030000116,7.731355418,-0.425940639,1.200000000,0.562551515
1784880992.695135117,14.040000116,7.736114777,-0.423510811,1.200000000,0.561561223
1784880992.705135107,14.050000116,7.740861853,-0.421086193,1.200000000,0.560532025
1784880992.715135098,14.060000116,7.745596677,-0.418666822,1.200000000,0.559463809
1784880992.725135088,14.070000116,7.750319281,-0.416252739,1.200000000,0.558356460
1784880992.735135078,14.080000116,7.755029695,-0.413843982,1.200000000,0.557209865
1784880992.745135069,14.090000116,7.759727952,-0.411440589,1.200000000,0.556023910
1784880992.755135059,14.100000116,7.764414082,-0.409042598,1.200000000,0.554798482
1784880992.765135050,14.110000116,7.769088115,-0.406650048,1.200000000,0.553533468
1784880992.775135040,14.120000116,7.773750083,-0.404262975,1.200000000,0.552228754
1784880992.785135031,14.130000116,7.778400014,-0.401881418,1.200000000,0.550884226
1784880992.795135021,14.140000116,7.783037937,-0.399505414,1.200000000,0.549499770
1784880992.805135012,14.150000116,7.787663882,-0.397135000,1.200000000,0.548075275
1784880992.815135002,14.160000116,7.792277876,-0.394770212,1.200000000,0.546610625
1784880992.825134993,14.170000116,7.796879946,-0.392411089,1.200000000,0.545105707
1784880992.835134983,14.180000116,7.801470119,-0.390057666,1.200000000,0.543560409
1784880992.845134974,14.190000116,7.806048419,-0.387709982,1.200000000,0.541974615
1784880992.855134964,14.200000116,7.810614871,-0.385368072,1.200000000,0.540348214
1784880992.865134954,14.210000116,7.815169497,-0.383031975,1.200000000,0.538681091
1784880992.875134945,14.220000116,7.819712319,-0.380701727,1.200000000,0.536973132
1784880992.885134935,14.230000116,7.824243358,-0.378377366,1.200000000,0.535224226
1784880992.895134926,14.240000116,7.828762633,-0.376058930,1.200000000,0.533434256
1784880992.905134916,14.250000116,7.833270160,-0.373746456,1.200000000,0.531603112
1784880992.915135145,14.260000116,7.837765956,-0.371439984,1.200000000,0.529730677
1784880992.925135136,14.270000116,7.842250034,-0.369139551,1.200000000,0.527816841
1784880992.935135126,14.280000116,7.846722407,-0.366845196,1.200000000,0.525861488
1784880992.945135117,14.290000116,7.851183086,-0.364556959,1.200000000,0.523864505
1784880992.955135107,14.300000116,7.855632077,-0.362274880,1.200000000,0.521825779
1784880992.965135098,14.310000116,7.860069387,-0.359998999,1.200000000,0.519745196
1784880992.975135088,14.320000116,7.864495021,-0.357729357,1.200000000,0.517622643
1784880992.985135078,14.330000116,7.868908978,-0.355465996,1.200000000,0.515458007
1784880992.995135069,14.340000116,7.873311259,-0.353208957,1.200000000,0.513251173
1784880993.005135059,14.350000116,7.877701858,-0.350958285,1.200000000,0.511002028
1784880993.015135050,14.360000116,7.882080771,-0.348714021,1.200000000,0.508710459
1784880993.025135040,14.370000116,7.886447987,-0.346476212,1.200000000,0.506376352
1784880993.035135031,14.380000116,7.890803495,-0.344244902,1.200000000,0.503999594
1784880993.045135021,14.390000116,7.895147278,-0.342020138,1.200000000,0.501580071
1784880993.055135012,14.400000116,7.899479319,-0.339801966,1.200000000,0.499117670
1784880993.065135002,14.410000116,7.903799595,-0.337590435,1.200000000,0.496612277
1784880993.075134993,14.420000116,7.908108081,-0.335385595,1.200000000,0.494063778
1784880993.085134983,14.430000116,7.912404748,-0.333187495,1.200000000,0.491472061
1784880993.095134974,14.440000116,7.916689563,-0.330996187,1.200000000,0.488837011
1784880993.105134964,14.450000116,7.920962490,-0.328811725,1.200000000,0.486158516
1784880993.115134954,14.460000116,7.925223489,-0.326634161,1.200000000,0.483436461
1784880993.125134945,14.470000116,7.929472513,-0.324463552,1.200000000,0.480670733
1784880993.135134935,14.480000116,7.933709516,-0.322299954,1.200000000,0.477861219
1784880993.145134926,14.490000116,7.937934443,-0.320143427,1.200000000,0.475007805
1784880993.155134916,14.500000116,7.942147236,-0.317994028,1.200000000,0.472110378
1784880993.165135145,14.510000116,7.946347832,-0.315851821,1.200000000,0.469168823
1784880993.175135136,14.520000116,7.950536165,-0.313716868,1.200000000,0.466183029
1784880993.185135126,14.530000116,7.954712162,-0.311589233,1.200000000,0.463152880
1784880993.195135117,14.540000116,7.958875744,-0.309468984,1.200000000,0.460078264
1784880993.205135107,14.550000116,7.963026830,-0.307356188,1.200000000,0.456959067
1784880993.215135098,14.560000116,7.967165331,-0.305250917,1.200000000,0.453795176
1784880993.225135088,14.570000116,7.971291153,-0.303153241,1.200000000,0.450586476
1784880993.235135078,14.580000116,7.975404196,-0.301063237,1.200000000,0.447332855
1784880993.245135069,14.590000116,7.979504355,-0.298980979,1.200000000,0.444034199
1784880993.255135059,14.600000116,7.983591517,-0.296906546,1.200000000,0.440690395
1784880993.265135050,14.610000116,7.987665565,-0.294840019,1.200000000,0.437301329
1784880993.275135040,14.620000116,7.991726374,-0.292781482,1.200000000,0.433866887
1784880993.285135031,14.630000116,7.995773814,-0.290731020,1.200000000,0.430386956
1784880993.295135021,14.640000116,7.999807746,-0.288688720,1.200000000,0.426861423
1784880993.305135012,14.650000116,8.003828025,-0.286654673,1.200000000,0.423290174
1784880993.315135002,14.660000116,8.007834501,-0.284628972,1.200000000,0.419673095
1784880993.325134993,14.670000116,8.011827013,-0.282611713,1.200000000,0.416010073
1784880993.335134983,14.680000116,8.015805395,-0.280602994,1.200000000,0.412300994
1784880993.345134974,14.690000116,8.019769473,-0.278602916,1.200000000,0.408545746
1784880993.355134964,14.700000116,8.023719065,-0.276611584,1.200000000,0.404744214
1784880993.365134954,14.710000116,8.027653980,-0.274629105,1.200000000,0.400896285
1784880993.375134945,14.720000116,8.031574020,-0.272655589,1.200000000,0.397001845
1784880993.385134935,14.730000116,8.035478979,-0.270691149,1.200000000,0.393060781
1784880993.395134926,14.740000116,8.039368641,-0.268735901,1.200000000,0.389072980
1784880993.405134916,14.750000116,8.043242782,-0.266789967,1.200000000,0.385038327
1784880993.415135145,14.760000116,8.047101168,-0.264853468,1.200000000,0.380956710
1784880993.425135136,14.770000116,8.050943558,-0.262926531,1.200000000,0.376828015
1784880993.435135126,14.780000116,8.054769700,-0.261009287,1.200000000,0.372652128
1784880993.445135117,14.790000116,8.058579332,-0.259101870,1.200000000,0.368429132
1784880993.455135107,14.800000116,8.062372184,-0.257204417,1.200000000,0.364160460
1784880993.465135098,14.810000116,8.066147974,-0.255317069,1.200000000,0.359848114
1784880993.475135088,14.820000116,8.069906411,-0.253439972,1.200000000,0.355494097
1784880993.485135078,14.830000116,8.073647193,-0.251573274,1.200000000,0.351100414
1784880993.495135069,14.840000116,8.077370009,-0.249717130,1.200000000,0.346669069
1784880993.505135059,14.850000116,8.081074533,-0.247871697,1.200000000,0.342202064
1784880993.515135050,14.860000116,8.084760434,-0.246037136,1.200000000,0.337701405
1784880993.525135040,14.870000116,8.088427364,-0.244213613,1.200000000,0.333169095
1784880993.535135031,14.880000116,8.092074967,-0.242401298,1.200000000,0.328607138
1784880993.545135021,14.890000116,8.095702875,-0.240600367,1.200000000,0.324017538
1784880993.555135012,14.900000116,8.099310708,-0.238810999,1.200000000,0.319402298
1784880993.565135002,14.910000116,8.102898073,-0.237033377,1.200000000,0.314763423
1784880993.575134993,14.920000116,8.106464567,-0.235267690,1.200000000,0.310102917
1784880993.585134983,14.930000116,8.110009773,-0.233514131,1.200000000,0.305422783
1784880993.595134974,14.940000116,8.113533264,-0.231772899,1.200000000,0.300725025
1784880993.605134964,14.950000116,8.117034598,-0.230044195,1.200000000,0.296011647
1784880993.615134954,14.960000116,8.120513323,-0.228328227,1.200000000,0.291284654
1784880993.625134945,14.970000116,8.123968973,-0.226625208,1.200000000,0.286546048
1784880993.635134935,14.980000116,8.127401071,-0.224935353,1.200000000,0.281797834
1784880993.645134926,14.990000116,8.130809127,-0.223258884,1.200000000,0.277042016
1784880993.655134916,15.000000116,8.134192639,-0.221596029,1.200000000,0.272280597
1784880993.665135145,15.010000116,8.137551092,-0.219947017,1.200000000,0.267515582
1784880993.675135136,15.020000116,8.140883959,-0.218312084,1.200000000,0.262748974
1784880993.685135126,15.030000116,8.144190704,-0.216691470,1.200000000,0.257982777
1784880993.695135117,15.040000116,8.147470774,-0.215085420,1.200000000,0.253218995
1784880993.705135107,15.050000116,8.150723609,-0.213494182,1.200000000,0.248459632
1784880993.715135098,15.060000116,8.153948636,-0.211918010,1.200000000,0.243706692
1784880993.725135088,15.070000116,8.157145271,-0.210357160,1.200000000,0.238962179
1784880993.735135078,15.080000116,8.160312918,-0.208811894,1.200000000,0.234228096
1784880993.745135069,15.090000116,8.163450975,-0.207282476,1.200000000,0.229506448
1784880993.755135059,15.100000116,8.166558825,-0.205769175,1.200000000,0.224799238
1784880993.765135050,15.110000116,8.169635845,-0.204272263,1.200000000,0.220108471
1784880993.775135040,15.120000116,8.172681403,-0.202792013,1.200000000,0.215436149
1784880993.785135031,15.130000116,8.175694857,-0.201328704,1.200000000,0.210784278
1784880993.795135021,15.140000116,8.178675558,-0.199882616,1.200000000,0.206154860
1784880993.805135012,15.150000116,8.181622852,-0.198454032,1.200000000,0.201549900
1784880993.815135002,15.160000116,8.184536076,-0.197043235,1.200000000,0.196971402
1784880993.825134993,15.170000116,8.187414563,-0.195650512,1.200000000,0.192421370
1784880993.835134983,15.180000116,8.190257642,-0.194276150,1.200000000,0.187901807
1784880993.845134974,15.190000116,8.193064636,-0.192920436,1.200000000,0.183414717
1784880993.855134964,15.200000116,8.195834869,-0.191583660,1.200000000,0.178962104
1784880993.865134954,15.210000116,8.198567659,-0.190266109,1.200000000,0.174545972
1784880993.875134945,15.220000116,8.201262326,-0.188968071,1.200000000,0.170168326
1784880993.885134935,15.230000116,8.203918191,-0.187689832,1.200000000,0.165831168
1784880993.895134926,15.240000116,8.206534576,-0.186431678,1.200000000,0.161536503
1784880993.905134916,15.250000116,8.209110804,-0.185193890,1.200000000,0.157286334
1784880993.915135145,15.260000116,8.211646207,-0.183976750,1.200000000,0.153082666
1784880993.925135136,15.270000116,8.214140119,-0.182780533,1.200000000,0.148927503
1784880993.935135126,15.280000116,8.216591882,-0.181605511,1.200000000,0.144822847
1784880993.945135117,15.290000116,8.219000849,-0.180451952,1.200000000,0.140770704
1784880993.955135107,15.300000116,8.221366382,-0.179320118,1.200000000,0.136773077
1784880993.965135098,15.310000116,8.223687856,-0.178210263,1.200000000,0.132831955
1784880993.975135088,15.320000116,8.225964659,-0.177122637,1.200000000,0.128948559
1784880993.985135078,15.330000116,8.228196197,-0.176057480,1.200000000,0.125122972
1784880993.995135069,15.340000116,8.230381893,-0.175015022,1.200000000,0.121355184
1784880994.005135059,15.350000116,8.232521191,-0.173995485,1.200000000,0.117645188
1784880994.015135050,15.360000116,8.234613556,-0.172999081,1.200000000,0.113992973
1784880994.025135040,15.370000116,8.236658478,-0.172026007,1.200000000,0.110398531
1784880994.035135031,15.380000116,8.238655475,-0.171076451,1.200000000,0.106861853
1784880994.045135021,15.390000116,8.240604091,-0.170150586,1.200000000,0.103382931
1784880994.055135012,15.400000116,8.242503904,-0.169248568,1.200000000,0.099961754
1784880994.065135002,15.410000116,8.244354524,-0.168370541,1.200000000,0.096598314
1784880994.075134993,15.420000116,8.246155597,-0.167516630,1.200000000,0.093292602
1784880994.085134983,15.430000116,8.247906806,-0.166686944,1.200000000,0.090044610
1784880994.095134974,15.440000116,8.249607876,-0.165881572,1.200000000,0.086854327
1784880994.105134964,15.450000116,8.251258572,-0.165100583,1.200000000,0.083721746
1784880994.115134954,15.460000116,8.252858705,-0.164344027,1.200000000,0.080646857
1784880994.125134945,15.470000116,8.254408132,-0.163611933,1.200000000,0.077629651
1784880994.135134935,15.480000116,8.255906759,-0.162904305,1.200000000,0.074670119
1784880994.145134926,15.490000116,8.257354542,-0.162221126,1.200000000,0.071768253
1784880994.155134916,15.500000116,8.258751488,-0.161562355,1.200000000,0.068924043
1784880994.165135145,15.510000116,8.260097661,-0.160927925,1.200000000,0.066137480
1784880994.175135136,15.520000116,8.261393178,-0.160317745,1.200000000,0.063408556
1784880994.185135126,15.530000116,8.262638216,-0.159731697,1.200000000,0.060737261
1784880994.195135117,15.540000116,8.263833008,-0.159169636,1.200000000,0.058123587
1784880994.205135107,15.550000116,8.264977848,-0.158631391,1.200000000,0.055567524
1784880994.215135098,15.560000116,8.266073093,-0.158116761,1.200000000,0.053069064
1784880994.225135088,15.570000116,8.267119158,-0.157625520,1.200000000,0.050628197
1784880994.235135078,15.580000116,8.268116526,-0.157157410,1.200000000,0.048244915
1784880994.245135069,15.590000116,8.269065739,-0.156712147,1.200000000,0.045919208
1784880994.255135059,15.600000116,8.269967406,-0.156289417,1.200000000,0.043651068
1784880994.265135050,15.610000116,8.270822199,-0.155888877,1.200000000,0.041440486
1784880994.275135040,15.620000116,8.271630855,-0.155510155,1.200000000,0.039287453
1784880994.285135031,15.630000116,8.272394173,-0.155152850,1.200000000,0.037191959
1784880994.295135021,15.640000116,8.273113018,-0.154816534,1.200000000,0.035153996
1784880994.305135012,15.650000116,8.273788318,-0.154500749,1.200000000,0.033173555
1784880994.315135002,15.660000116,8.274421063,-0.154205008,1.200000000,0.031250627
1784880994.325134993,15.670000116,8.275012301,-0.153928801,1.200000000,0.029385203
1784880994.335134983,15.680000116,8.275563145,-0.153671587,1.200000000,0.027577273
1784880994.345134974,15.690000116,8.276074761,-0.153432801,1.200000000,0.025826830
1784880994.355134964,15.700000116,8.276548373,-0.153211855,1.200000000,0.024133863
1784880994.365134954,15.710000116,8.276985258,-0.153008133,1.200000000,0.022498365
1784880994.375134945,15.720000116,8.277386745,-0.152821001,1.200000000,0.020920326
1784880994.385134935,15.730000116,8.277754210,-0.152649801,1.200000000,0.019399736
1784880994.395134926,15.740000116,8.278089074,-0.152493856,1.200000000,0.017936588
1784880994.405134916,15.750000116,8.278392799,-0.152352472,1.200000000,0.016530872
1784880994.415135145,15.760000116,8.278666884,-0.152224938,1.200000000,0.015182579
1784880994.425135136,15.770000116,8.278912860,-0.152110530,1.200000000,0.013891701
1784880994.435135126,15.780000116,8.279132289,-0.152008510,1.200000000,0.012658227
1784880994.445135117,15.790000116,8.279326754,-0.151918132,1.200000000,0.011482150
1784880994.455135107,15.800000116,8.279497855,-0.151838643,1.200000000,0.010363460
1784880994.465135098,15.810000116,8.279647204,-0.151769286,1.200000000,0.009302149
1784880994.475135088,15.820000116,8.279776420,-0.151709300,1.200000000,0.008298207
1784880994.485135078,15.830000116,8.279887120,-0.151657930,1.200000000,0.007351625
1784880994.495135069,15.840000116,8.279980910,-0.151614421,1.200000000,0.006462395
1784880994.505135059,15.850000116,8.280059384,-0.151578031,1.200000000,0.005630507
1784880994.515135050,15.860000116,8.280124109,-0.151548027,1.200000000,0.004855953
1784880994.525135040,15.870000116,8.280176620,-0.151523693,1.200000000,0.004138723
1784880994.535135031,15.880000116,8.280218411,-0.151504333,1.200000000,0.003478809
1784880994.545135021,15.890000116,8.280250924,-0.151489276,1.200000000,0.002876202
1784880994.555135012,15.900000116,8.280275541,-0.151477880,1.200000000,0.002330892
1784880994.565135002,15.910000116,8.280293571,-0.151469536,1.200000000,0.001842871
1784880994.575134993,15.920000116,8.280306241,-0.151463674,1.200000000,0.001412129
1784880994.585134983,15.930000116,8.280314684,-0.151459769,1.200000000,0.001038659
1784880994.595134974,15.940000116,8.280319927,-0.151457344,1.200000000,0.000722450
1784880994.605134964,15.950000116,8.280322878,-0.151455981,1.200000000,0.000463494
1784880994.615134954,15.960000116,8.280324312,-0.151455318,1.200000000,0.000261781
1784880994.625134945,15.970000116,8.280324860,-0.151455065,1.200000000,0.000117304
1784880994.635134935,15.980000116,8.280324991,-0.151455004,1.200000000,0.000030052
1784880994.645134926,15.990000116,8.280325000,-0.151455000,1.200000000,0.000000018
1784880994.645384789,15.990249924,8.280325000,-0.151455000,1.200000000,-0.000000000
