stamp,elapsed,x,y,z
1784815946.671196938,0.000000000,-3.500000000,0.000000000,1.200000000
1784815946.676967621,0.005770683,-3.498423105,0.000035605,1.200000000
1784815946.681187153,0.009990215,-3.496682637,0.000006254,1.200000000
1784815946.687199116,0.016002178,-3.494881625,-0.000053310,1.200000000
1784815946.691262484,0.020065546,-3.492948611,-0.000123838,1.200000000
1784815946.696926832,0.025729895,-3.491007922,-0.000192851,1.200000000
1784815946.701209545,0.030012608,-3.489072165,-0.000249325,1.200000000
1784815946.706940174,0.035743237,-3.487194788,-0.000298709,1.200000000
1784815946.711154938,0.039958000,-3.485297445,-0.000350599,1.200000000
1784815946.716922998,0.045726061,-3.483406113,-0.000397000,1.200000000
1784815946.721293449,0.050096512,-3.481447884,-0.000440481,1.200000000
1784815946.727022409,0.055825472,-3.479467101,-0.000477271,1.200000000
1784815946.731327772,0.060130835,-3.477491859,-0.000515219,1.200000000
1784815946.736993790,0.065796852,-3.475553853,-0.000567776,1.200000000
1784815946.741186380,0.069989443,-3.473583499,-0.000621224,1.200000000
1784815946.746992111,0.075795174,-3.471588709,-0.000676623,1.200000000
1784815946.751242161,0.080045223,-3.469554285,-0.000728063,1.200000000
1784815946.759231567,0.088034630,-3.467556038,-0.000698665,1.200000000
1784815946.761128187,0.089931250,-3.465709250,-0.000436862,1.200000000
1784815946.766898155,0.095701218,-3.464068975,-0.000080543,1.200000000
1784815946.771123409,0.099926472,-3.462408408,0.000212178,1.200000000
1784815946.776906490,0.105709553,-3.460621620,0.000386577,1.200000000
1784815946.781242847,0.110045910,-3.458670197,0.000473731,1.200000000
1784815946.786988735,0.115791798,-3.456602735,0.000492622,1.200000000
1784815946.791118860,0.119921923,-3.454470433,0.000474401,1.200000000
1784815946.799297333,0.128100395,-3.452218708,0.000430061,1.200000000
1784815946.801339865,0.130142927,-3.449824050,0.000384896,1.200000000
1784815946.806880236,0.135683298,-3.447498509,0.000345631,1.200000000
1784815946.811182261,0.139985323,-3.445297414,0.000311073,1.200000000
1784815946.816763639,0.145566702,-3.443175012,0.000279106,1.200000000
1784815946.821145296,0.149948359,-3.441033081,0.000256067,1.200000000
1784815946.826744318,0.155547380,-3.438817354,0.000235809,1.200000000
1784815946.831287622,0.160090685,-3.436529675,0.000219671,1.200000000
1784815946.836925983,0.165729046,-3.434198097,0.000209837,1.200000000
1784815946.841119766,0.169922829,-3.431843116,0.000205092,1.200000000
1784815946.846921444,0.175724506,-3.429492194,0.000201074,1.200000000
1784815946.851117373,0.179920435,-3.427075638,0.000208438,1.200000000
1784815946.856967211,0.185770273,-3.424672755,0.000308681,1.200000000
1784815946.861053467,0.189856529,-3.422291370,0.000613264,1.200000000
1784815946.866764784,0.195567846,-3.419954102,0.001013587,1.200000000
1784815946.871279955,0.200083017,-3.417597867,0.001346336,1.200000000
1784815946.877034187,0.205837250,-3.415166674,0.001559202,1.200000000
1784815946.881188869,0.209991932,-3.412640084,0.001667690,1.200000000
1784815946.886800528,0.215603590,-3.410088480,0.001710877,1.200000000
1784815946.891134739,0.219937801,-3.407531832,0.001726261,1.200000000
1784815946.896961689,0.225764751,-3.404979651,0.001726490,1.200000000
1784815946.901208401,0.230011463,-3.402374104,0.001723686,1.200000000
1784815946.906951666,0.235754728,-3.399732438,0.001719621,1.200000000
1784815946.911142349,0.239945412,-3.397058526,0.001732061,1.200000000
1784815946.916967392,0.245770454,-3.394385135,0.001755109,1.200000000
1784815946.921051025,0.249854088,-3.391708794,0.001795883,1.200000000
1784815946.927062035,0.255865097,-3.389041855,0.001833954,1.200000000
1784815946.931257963,0.260061026,-3.386310678,0.001870013,1.200000000
1784815946.937092781,0.265895844,-3.383538833,0.001892249,1.200000000
1784815946.941182375,0.269985437,-3.380741493,0.001922581,1.200000000
1784815946.947132587,0.275935650,-3.377970490,0.002011051,1.200000000
1784815946.951150179,0.279953241,-3.375075642,0.002226165,1.200000000
1784815946.956955671,0.285758734,-3.372145679,0.002487851,1.200000000
1784815946.961275578,0.290078640,-3.369193811,0.002736237,1.200000000
1784815946.966935158,0.295738220,-3.366254854,0.002914040,1.200000000
1784815946.971197128,0.300000191,-3.363330401,0.003055978,1.200000000
1784815946.976961374,0.305764437,-3.360450190,0.003145282,1.200000000
1784815946.981276989,0.310080051,-3.357543491,0.003225834,1.200000000
1784815946.987006426,0.315809488,-3.354601765,0.003267805,1.200000000
1784815946.991237640,0.320040703,-3.351628898,0.003338238,1.200000000
1784815946.996952772,0.325755835,-3.348632299,0.003396223,1.200000000
1784815947.001201391,0.330004454,-3.345639243,0.003498892,1.200000000
1784815947.006936789,0.335739851,-3.342634079,0.003584503,1.200000000
1784815947.011304617,0.340107679,-3.339606187,0.003709702,1.200000000
1784815947.016814947,0.345618010,-3.336527757,0.003820816,1.200000000
1784815947.021236658,0.350039721,-3.333447768,0.003974777,1.200000000
1784815947.026935101,0.355738163,-3.330351465,0.004118793,1.200000000
1784815947.031157732,0.359960794,-3.327269980,0.004293704,1.200000000
1784815947.037033796,0.365836859,-3.324155508,0.004429376,1.200000000
1784815947.041041374,0.369844437,-3.321040819,0.004605387,1.200000000
1784815947.047047138,0.375850201,-3.317865009,0.004752540,1.200000000
1784815947.051080227,0.379883289,-3.314673825,0.004974304,1.200000000
1784815947.057038784,0.385841846,-3.311319305,0.005222391,1.200000000
1784815947.061172485,0.389975548,-3.307905974,0.005538937,1.200000000
1784815947.066798925,0.395601988,-3.304472118,0.005816397,1.200000000
1784815947.071207285,0.400010347,-3.301112329,0.006090213,1.200000000
1784815947.076967955,0.405771017,-3.297760302,0.006328576,1.200000000
1784815947.081188679,0.409991741,-3.294448006,0.006579083,1.200000000
1784815947.086943388,0.415746450,-3.291129799,0.006803211,1.200000000
1784815947.091216803,0.420019865,-3.287826014,0.007052294,1.200000000
1784815947.096921921,0.425724983,-3.284450946,0.007281491,1.200000000
1784815947.101349115,0.430152178,-3.281085450,0.007537732,1.200000000
1784815947.107211351,0.436014414,-3.277666004,0.007794241,1.200000000
1784815947.111138105,0.439941168,-3.274269095,0.008085846,1.200000000
1784815947.117166281,0.445969343,-3.270828867,0.008354897,1.200000000
1784815947.121145964,0.449949026,-3.267430304,0.008659777,1.200000000
1784815947.126942873,0.455745935,-3.263980074,0.008958169,1.200000000
1784815947.131175756,0.459978819,-3.260565702,0.009277114,1.200000000
1784815947.136943102,0.465746164,-3.257116174,0.009598041,1.200000000
1784815947.141227245,0.470030308,-3.253674172,0.009930742,1.200000000
1784815947.146936893,0.475739956,-3.250163896,0.010252673,1.200000000
1784815947.151204824,0.480007887,-3.246669038,0.010590475,1.200000000
1784815947.156955957,0.485759020,-3.243054493,0.010947104,1.200000000
1784815947.161035299,0.489838362,-3.239223140,0.011347109,1.200000000
1784815947.166971207,0.495774269,-3.235238668,0.011767821,1.200000000
1784815947.171383142,0.500186205,-3.231330453,0.012205474,1.200000000
1784815947.176792383,0.505595446,-3.227475330,0.012633710,1.200000000
1784815947.181164980,0.509968042,-3.223755936,0.013062431,1.200000000
1784815947.186843395,0.515646458,-3.220102189,0.013489056,1.200000000
1784815947.191156626,0.519959688,-3.216511754,0.013917982,1.200000000
1784815947.196900129,0.525703192,-3.212871238,0.014345308,1.200000000
1784815947.201287508,0.530090570,-3.209236065,0.014779950,1.200000000
1784815947.206935406,0.535738468,-3.205542340,0.015226020,1.200000000
1784815947.211238146,0.540041208,-3.201860828,0.015692072,1.200000000
1784815947.217001200,0.545804262,-3.198131457,0.016184382,1.200000000
1784815947.221293926,0.550096989,-3.194422460,0.016701711,1.200000000
1784815947.226969242,0.555772305,-3.190657960,0.017238667,1.200000000
1784815947.231549263,0.560352325,-3.186898505,0.017791776,1.200000000
1784815947.237097263,0.565900326,-3.183088961,0.018357172,1.200000000
1784815947.241128206,0.569931269,-3.179329262,0.018928422,1.200000000
1784815947.247095346,0.575898409,-3.175573959,0.019504267,1.200000000
1784815947.251944304,0.580747366,-3.171667652,0.020088909,1.200000000
1784815947.258960724,0.587763786,-3.167145918,0.020660286,1.200000000
1784815947.261256933,0.590059996,-3.162450159,0.021226936,1.200000000
1784815947.266903877,0.595706940,-3.157967480,0.021787683,1.200000000
1784815947.271160364,0.599963427,-3.153901935,0.022345436,1.200000000
1784815947.276950836,0.605753899,-3.150031896,0.022923558,1.200000000
1784815947.281207800,0.610010862,-3.146274762,0.023533925,1.200000000
1784815947.286965132,0.615768194,-3.142488448,0.024180036,1.200000000
1784815947.291074276,0.619877338,-3.138718906,0.024852211,1.200000000
1784815947.296977758,0.625780821,-3.134888989,0.025548956,1.200000000
1784815947.301388979,0.630192041,-3.131049254,0.026265615,1.200000000
1784815947.308070421,0.636873484,-3.127074937,0.027015881,1.200000000
1784815947.311249495,0.640052557,-3.123058255,0.027795939,1.200000000
1784815947.316930771,0.645733833,-3.119067147,0.028577276,1.200000000
1784815947.321185350,0.649988413,-3.115205463,0.029354616,1.200000000
1784815947.326948881,0.655751944,-3.111355068,0.030139460,1.200000000
1784815947.331095695,0.659898758,-3.107522295,0.030929490,1.200000000
1784815947.337450027,0.666253090,-3.103602569,0.031734541,1.200000000
1784815947.341270208,0.670073271,-3.099663827,0.032554831,1.200000000
1784815947.346736908,0.675539970,-3.095701587,0.033384957,1.200000000
1784815947.351250887,0.680053949,-3.091821170,0.034217402,1.200000000
1784815947.356977463,0.685780525,-3.087914042,0.035065977,1.200000000
1784815947.361149549,0.689952612,-3.083906825,0.035905617,1.200000000
1784815947.366771221,0.695574284,-3.079538350,0.036679185,1.200000000
1784815947.371131897,0.699934959,-3.075051516,0.037425813,1.200000000
1784815947.376919985,0.705723047,-3.070625735,0.038214945,1.200000000
1784815947.381219387,0.710022449,-3.066370087,0.039066480,1.200000000
1784815947.387242556,0.716045618,-3.062213133,0.039980270,1.200000000
1784815947.391088009,0.719891071,-3.058174607,0.040941935,1.200000000
1784815947.396893978,0.725697041,-3.054193697,0.041926593,1.200000000
1784815947.401321173,0.730124235,-3.050278033,0.042920927,1.200000000
1784815947.407003880,0.735806942,-3.046351077,0.043931994,1.200000000
1784815947.411238194,0.740041256,-3.042430722,0.044949439,1.200000000
1784815947.416749716,0.745552778,-3.038496010,0.045980658,1.200000000
1784815947.421145439,0.749948502,-3.034591661,0.047003323,1.200000000
1784815947.426753283,0.755556345,-3.030674501,0.048043530,1.200000000
1784815947.431283236,0.760086298,-3.026748940,0.049084089,1.200000000
1784815947.438750982,0.767554045,-3.022662857,0.050192427,1.200000000
1784815947.441309690,0.770112753,-3.018515733,0.051289710,1.200000000
1784815947.446916580,0.775719643,-3.014434010,0.052401137,1.200000000
1784815947.451109886,0.779912949,-3.010550199,0.053459830,1.200000000
1784815947.456946850,0.785749912,-3.006744932,0.054513949,1.200000000
1784815947.461060524,0.789863586,-3.002955679,0.055499730,1.200000000
1784815947.466958046,0.795761108,-2.999124316,0.056504343,1.200000000
1784815947.471064329,0.799867392,-2.995275771,0.057507429,1.200000000
1784815947.477021933,0.805824995,-2.991379931,0.058589686,1.200000000
1784815947.481114388,0.809917450,-2.987471844,0.059671749,1.200000000
1784815947.486926079,0.815729141,-2.983532986,0.060816364,1.200000000
1784815947.491148710,0.819951773,-2.979615604,0.061936350,1.200000000
1784815947.496954441,0.825757504,-2.975688141,0.063107547,1.200000000
1784815947.501207590,0.830010653,-2.971759324,0.064232931,1.200000000
1784815947.506918907,0.835721970,-2.967827595,0.065404732,1.200000000
1784815947.511242390,0.840045452,-2.963906266,0.066535460,1.200000000
1784815947.516963243,0.845766306,-2.959988157,0.067717554,1.200000000
1784815947.521254063,0.850057125,-2.956070245,0.068861038,1.200000000
1784815947.526974440,0.855777502,-2.952148377,0.070051287,1.200000000
1784815947.531087637,0.859890699,-2.948234588,0.071189609,1.200000000
1784815947.537062168,0.865865231,-2.944340977,0.072377599,1.200000000
1784815947.541165829,0.869968891,-2.940445937,0.073510878,1.200000000
1784815947.546805143,0.875608206,-2.936560428,0.074680557,1.200000000
1784815947.551155806,0.879958868,-2.932691274,0.075819731,1.200000000
1784815947.556872368,0.885675430,-2.928927637,0.076976323,1.200000000
1784815947.561249256,0.890052319,-2.925373460,0.078059444,1.200000000
1784815947.566967010,0.895770073,-2.921917631,0.079150914,1.200000000
1784815947.571117163,0.899920225,-2.918391338,0.080245863,1.200000000
1784815947.576965570,0.905768633,-2.914755859,0.081402348,1.200000000
1784815947.581057072,0.909860134,-2.911002153,0.082577312,1.200000000
1784815947.587002993,0.915806055,-2.907180788,0.083803266,1.200000000
1784815947.591095209,0.919898272,-2.903305526,0.085037300,1.200000000
1784815947.596963644,0.925766706,-2.899428206,0.086298756,1.200000000
1784815947.601188660,0.929991722,-2.895545114,0.087551516,1.200000000
1784815947.606819153,0.935622215,-2.891690143,0.088807941,1.200000000
1784815947.611174822,0.939977884,-2.887848816,0.090050725,1.200000000
1784815947.616904259,0.945707321,-2.884027159,0.091297297,1.200000000
1784815947.621165037,0.949968100,-2.880203930,0.092544082,1.200000000
1784815947.626927853,0.955730915,-2.876391378,0.093793671,1.200000000
1784815947.631121397,0.959924459,-2.872575219,0.095045241,1.200000000
1784815947.637092829,0.965895891,-2.868770087,0.096293501,1.200000000
1784815947.641060829,0.969863892,-2.864943124,0.097542179,1.200000000
1784815947.646958113,0.975761175,-2.861134199,0.098789432,1.200000000
1784815947.651297569,0.980100632,-2.857318918,0.100045105,1.200000000
1784815947.656792641,0.985595703,-2.853683664,0.101297774,1.200000000
1784815947.661114931,0.989917994,-2.850448555,0.102504338,1.200000000
1784815947.666812181,0.995615244,-2.847435736,0.103687826,1.200000000
1784815947.671259880,1.000062943,-2.844287698,0.104889996,1.200000000
1784815947.676955700,1.005758762,-2.840905374,0.106124083,1.200000000
1784815947.681185007,1.009988070,-2.837311888,0.107387322,1.200000000
1784815947.686922550,1.015725613,-2.833604365,0.108669474,1.200000000
1784815947.691204309,1.020007372,-2.829820688,0.109951679,1.200000000
1784815947.696895838,1.025698900,-2.826026825,0.111233550,1.200000000
1784815947.701359987,1.030163050,-2.822229345,0.112503164,1.200000000
1784815947.706805944,1.035609007,-2.818454187,0.113758748,1.200000000
1784815947.711103678,1.039906740,-2.814703070,0.114983346,1.200000000
1784815947.718194008,1.046997070,-2.810936557,0.116238102,1.200000000
1784815947.724040508,1.052843571,-2.806926274,0.117547332,1.200000000
1784815947.727201939,1.056005001,-2.802779306,0.118867039,1.200000000
1784815947.731193781,1.059996843,-2.798888910,0.120118655,1.200000000
1784815947.736941814,1.065744877,-2.795313505,0.121297107,1.200000000
1784815947.741178513,1.069981575,-2.791823533,0.122423251,1.200000000
1784815947.746923208,1.075726271,-2.788319175,0.123573561,1.200000000
1784815947.751153231,1.079956293,-2.784725459,0.124722576,1.200000000
1784815947.758309126,1.087112188,-2.781272614,0.125935632,1.200000000
1784815947.761017799,1.089820862,-2.778273165,0.127096634,1.200000000
1784815947.766991138,1.095794201,-2.775650718,0.128258697,1.200000000
1784815947.771078587,1.099881649,-2.772921676,0.129371478,1.200000000
1784815947.777033567,1.105836630,-2.769889398,0.130498390,1.200000000
1784815947.781157732,1.109960794,-2.766523307,0.131629906,1.200000000
1784815947.787066460,1.115869522,-2.762936684,0.132793925,1.200000000
1784815947.791191339,1.119994402,-2.759197814,0.133966025,1.200000000
1784815947.796999454,1.125802517,-2.755419795,0.135156220,1.200000000
1784815947.801241875,1.130044937,-2.751629554,0.136342812,1.200000000
1784815947.806985140,1.135788202,-2.747854365,0.137529852,1.200000000
1784815947.812452316,1.141255379,-2.744047257,0.138733449,1.200000000
1784815947.816805601,1.145608664,-2.740196910,0.139956859,1.200000000
1784815947.824490309,1.153293371,-2.736262440,0.141195981,1.200000000
1784815947.826963425,1.155766487,-2.732278797,0.142483906,1.200000000
1784815947.831067562,1.159870625,-2.728505305,0.143700270,1.200000000
1784815947.837009907,1.165812969,-2.725004468,0.144813977,1.200000000
1784815947.841162205,1.169965267,-2.721585353,0.145914387,1.200000000
1784815947.846920729,1.175723791,-2.718368906,0.147001948,1.200000000
1784815947.851145267,1.179948330,-2.715685872,0.148057976,1.200000000
1784815947.856930971,1.185734034,-2.713210860,0.149100964,1.200000000
1784815947.861159086,1.189962149,-2.710522800,0.150175817,1.200000000
1784815947.866899490,1.195702553,-2.707485046,0.151275164,1.200000000
1784815947.871099710,1.199902773,-2.704159641,0.152401948,1.200000000
1784815947.876910686,1.205713749,-2.700620072,0.153531112,1.200000000
1784815947.881227493,1.210030556,-2.696977510,0.154677800,1.200000000
1784815947.886957407,1.215760469,-2.693280119,0.155824830,1.200000000
1784815947.891200066,1.220003128,-2.689608089,0.156978424,1.200000000
1784815947.896950006,1.225753069,-2.685951067,0.158126082,1.200000000
1784815947.901208401,1.230011463,-2.682322572,0.159264050,1.200000000
1784815947.906779766,1.235582829,-2.678710863,0.160385135,1.200000000
1784815947.911169291,1.239972353,-2.675138112,0.161499171,1.200000000
1784815947.916811228,1.245614290,-2.671566916,0.162607568,1.200000000
1784815947.921118736,1.249921799,-2.668010642,0.163713163,1.200000000
1784815947.926938534,1.255741596,-2.664434424,0.164814551,1.200000000
1784815947.931280375,1.260083437,-2.660836383,0.165917622,1.200000000
1784815947.936953545,1.265756607,-2.657220076,0.167018792,1.200000000
1784815947.941186666,1.269989729,-2.653628017,0.168112652,1.200000000
1784815947.946974277,1.275777340,-2.650044569,0.169198613,1.200000000
1784815947.951133728,1.279936790,-2.646776810,0.170259812,1.200000000
1784815947.956958532,1.285761595,-2.644212203,0.171243704,1.200000000
1784815947.961173296,1.289976358,-2.641995890,0.172195620,1.200000000
1784815947.966873646,1.295676708,-2.639553709,0.173165198,1.200000000
1784815947.971166611,1.299969673,-2.636739217,0.174164183,1.200000000
1784815947.976837873,1.305640936,-2.633576228,0.175185028,1.200000000
1784815947.981220007,1.310023069,-2.630172174,0.176224974,1.200000000
1784815947.986944914,1.315747976,-2.626610943,0.177279978,1.200000000
1784815947.991147041,1.319950104,-2.623001946,0.178339592,1.200000000
1784815947.996916533,1.325719595,-2.619406301,0.179406425,1.200000000
1784815948.001344204,1.330147266,-2.615823694,0.180468689,1.200000000
1784815948.006965399,1.335768461,-2.612261421,0.181524016,1.200000000
1784815948.011425734,1.340228796,-2.608712858,0.182572919,1.200000000
1784815948.016817570,1.345620632,-2.605183721,0.183612024,1.200000000
1784815948.021425486,1.350228548,-2.601677533,0.184640293,1.200000000
1784815948.026807785,1.355610847,-2.598198325,0.185669299,1.200000000
1784815948.031167507,1.359970570,-2.594731201,0.186687341,1.200000000
1784815948.036934137,1.365737200,-2.591276829,0.187693136,1.200000000
1784815948.041131973,1.369935036,-2.587812003,0.188695633,1.200000000
1784815948.046942472,1.375745535,-2.584352300,0.189696759,1.200000000
1784815948.051194906,1.379997969,-2.580880346,0.190697587,1.200000000
1784815948.056937456,1.385740519,-2.577748615,0.191653693,1.200000000
1784815948.061055183,1.389858246,-2.575451466,0.192476911,1.200000000
1784815948.066967964,1.395771027,-2.573555642,0.193235061,1.200000000
1784815948.071287155,1.400090218,-2.571404184,0.194027972,1.200000000
1784815948.077087402,1.405890465,-2.568811424,0.194888791,1.200000000
1784815948.081138134,1.409941196,-2.565810766,0.195806241,1.200000000
1784815948.086941957,1.415745020,-2.562555623,0.196751954,1.200000000
1784815948.091296196,1.420099258,-2.559155470,0.197715804,1.200000000
1784815948.096989870,1.425792933,-2.555702062,0.198687205,1.200000000
1784815948.101352453,1.430155516,-2.552238482,0.199661802,1.200000000
1784815948.106932640,1.435735703,-2.548802227,0.200630197,1.200000000
1784815948.111114502,1.439917564,-2.545410288,0.201587320,1.200000000
1784815948.116977930,1.445780993,-2.542055151,0.202527324,1.200000000
1784815948.121245861,1.450048923,-2.538702414,0.203473465,1.200000000
1784815948.127038479,1.455841541,-2.535359143,0.204422244,1.200000000
1784815948.131089211,1.459892273,-2.532020052,0.205378155,1.200000000
1784815948.137060642,1.465863705,-2.528689519,0.206322331,1.200000000
1784815948.141116858,1.469919920,-2.525354991,0.207271397,1.200000000
1784815948.147063494,1.475866556,-2.522030180,0.208203681,1.200000000
1784815948.151159048,1.479962111,-2.518704840,0.209150344,1.200000000
1784815948.156915665,1.485718727,-2.515762313,0.210034361,1.200000000
1784815948.161240578,1.490043640,-2.513754026,0.210772131,1.200000000
1784815948.166906834,1.495709896,-2.512172375,0.211424134,1.200000000
1784815948.171174288,1.499977350,-2.510319850,0.212118535,1.200000000
1784815948.176940203,1.505743265,-2.507984852,0.212874749,1.200000000
1784815948.181111097,1.509914160,-2.505216982,0.213715272,1.200000000
1784815948.186983585,1.515786648,-2.502152278,0.214599367,1.200000000
1784815948.191098690,1.519901752,-2.498915596,0.215525375,1.200000000
1784815948.196980953,1.525784016,-2.495606193,0.216452244,1.200000000
1784815948.201340675,1.530143738,-2.492284431,0.217387322,1.200000000
1784815948.206859589,1.535662651,-2.488982849,0.218319534,1.200000000
1784815948.211322069,1.540125132,-2.485726429,0.219246951,1.200000000
1784815948.216808081,1.545611143,-2.482510881,0.220166206,1.200000000
1784815948.221386194,1.550189257,-2.479311525,0.221082175,1.200000000
1784815948.226911545,1.555714607,-2.476103962,0.221998936,1.200000000
1784815948.231301308,1.560104370,-2.472906703,0.222904755,1.200000000
1784815948.237070084,1.565873146,-2.469718557,0.223816186,1.200000000
1784815948.241040230,1.569843292,-2.466538031,0.224703664,1.200000000
1784815948.246973276,1.575776339,-2.463388746,0.225594172,1.200000000
1784815948.251094818,1.579897881,-2.460245131,0.226460765,1.200000000
1784815948.257079601,1.585882664,-2.457450181,0.227288696,1.200000000
1784815948.261104107,1.589907169,-2.455555871,0.227957960,1.200000000
1784815948.267095089,1.595898151,-2.454085482,0.228590518,1.200000000
1784815948.272995472,1.601798534,-2.452270818,0.229268439,1.200000000
1784815948.276924133,1.605727196,-2.449885393,0.229989119,1.200000000
1784815948.281252384,1.610055447,-2.447152203,0.230748309,1.200000000
1784815948.286912918,1.615715981,-2.444255750,0.231539735,1.200000000
1784815948.291127205,1.619930267,-2.441248084,0.232318760,1.200000000
1784815948.296916723,1.625719786,-2.438179848,0.233132805,1.200000000
1784815948.301357269,1.630160332,-2.435072614,0.233919213,1.200000000
1784815948.306977272,1.635780334,-2.431949611,0.234725869,1.200000000
1784815948.311156034,1.639959097,-2.428835978,0.235501409,1.200000000
1784815948.316920757,1.645723820,-2.425764099,0.236295035,1.200000000
1784815948.321134567,1.649937630,-2.422708210,0.237068391,1.200000000
1784815948.326837540,1.655640602,-2.419667627,0.237854490,1.200000000
1784815948.331175327,1.659978390,-2.416611392,0.238620700,1.200000000
1784815948.336989641,1.665792704,-2.413560046,0.239402276,1.200000000
1784815948.341157198,1.669960260,-2.410491752,0.240164973,1.200000000
1784815948.347043037,1.675846100,-2.407438245,0.240939188,1.200000000
1784815948.352928877,1.681731939,-2.404316654,0.241729495,1.200000000
1784815948.356977224,1.685780287,-2.401413935,0.242487400,1.200000000
1784815948.361330271,1.690133333,-2.399334669,0.243113937,1.200000000
1784815948.367147207,1.695950270,-2.397727672,0.243667362,1.200000000
1784815948.371065855,1.699868917,-2.395944586,0.244233564,1.200000000
1784815948.377036333,1.705839396,-2.393787499,0.244858147,1.200000000
1784815948.381407738,1.710210800,-2.391225579,0.245529081,1.200000000
1784815948.386915922,1.715718985,-2.388382368,0.246243161,1.200000000
1784815948.391106606,1.719909668,-2.385394837,0.246973729,1.200000000
1784815948.396918535,1.725721598,-2.382363515,0.247711802,1.200000000
1784815948.401237011,1.730040073,-2.379326220,0.248443798,1.200000000
1784815948.407167435,1.735970497,-2.376290777,0.249171146,1.200000000
1784815948.411266804,1.740069866,-2.373254376,0.249885229,1.200000000
1784815948.416905403,1.745708466,-2.370252179,0.250586089,1.200000000
1784815948.421025515,1.749828577,-2.367288116,0.251275684,1.200000000
1784815948.427026272,1.755829334,-2.364354869,0.251956142,1.200000000
1784815948.431043386,1.759846449,-2.361415225,0.252633239,1.200000000
1784815948.436939240,1.765742302,-2.358477839,0.253303721,1.200000000
1784815948.441215754,1.770018816,-2.355526358,0.253959002,1.200000000
1784815948.446913958,1.775717020,-2.352565909,0.254605421,1.200000000
1784815948.451120615,1.779923677,-2.349606313,0.255247970,1.200000000
1784815948.456919909,1.785722971,-2.346895956,0.255862377,1.200000000
1784815948.461161137,1.789964199,-2.344726105,0.256414306,1.200000000
1784815948.466922522,1.795725584,-2.342813794,0.256927703,1.200000000
1784815948.471113682,1.799916744,-2.340740913,0.257446314,1.200000000
1784815948.476977825,1.805780888,-2.338382884,0.257983741,1.200000000
1784815948.481177807,1.809980869,-2.335745650,0.258541274,1.200000000
1784815948.486981153,1.815784216,-2.332928351,0.259112843,1.200000000
1784815948.491118193,1.819921255,-2.330006726,0.259692112,1.200000000
1784815948.496926785,1.825729847,-2.327048116,0.260263110,1.200000000
1784815948.501153708,1.829956770,-2.324085151,0.260828398,1.200000000
1784815948.506827116,1.835630178,-2.321141645,0.261379637,1.200000000
1784815948.511216164,1.840019226,-2.318222987,0.261919223,1.200000000
1784815948.516962767,1.845765829,-2.315309403,0.262451125,1.200000000
1784815948.521168470,1.849971533,-2.312398310,0.262977958,1.200000000
1784815948.526946068,1.855749130,-2.309496811,0.263496108,1.200000000
1784815948.531188250,1.859991312,-2.306593734,0.264009830,1.200000000
1784815948.537004709,1.865807772,-2.303700194,0.264513621,1.200000000
1784815948.541212320,1.870015383,-2.300804817,0.265005124,1.200000000
1784815948.547024727,1.875827789,-2.297928180,0.265485185,1.200000000
1784815948.551079512,1.879882574,-2.295039647,0.265955428,1.200000000
1784815948.557048321,1.885851383,-2.292373008,0.266428626,1.200000000
1784815948.561099529,1.889902592,-2.290171849,0.266911206,1.200000000
1784815948.566811323,1.895614386,-2.288199637,0.267391399,1.200000000
1784815948.571235895,1.900038958,-2.286083948,0.267859018,1.200000000
1784815948.576856852,1.905659914,-2.283705626,0.268301808,1.200000000
1784815948.581197500,1.910000563,-2.281080197,0.268729965,1.200000000
1784815948.586937428,1.915740490,-2.278284643,0.269141317,1.200000000
1784815948.591135263,1.919938326,-2.275410448,0.269552038,1.200000000
1784815948.596918344,1.925721407,-2.272520474,0.269951302,1.200000000
1784815948.601329327,1.930132389,-2.269615519,0.270343459,1.200000000
1784815948.606771708,1.935574770,-2.266728418,0.270717876,1.200000000
1784815948.611250877,1.940053940,-2.263869449,0.271092294,1.200000000
1784815948.617044687,1.945847750,-2.261009595,0.271451993,1.200000000
1784815948.621155739,1.949958801,-2.258133489,0.271830275,1.200000000
1784815948.627117157,1.955920219,-2.255269547,0.272197304,1.200000000
1784815948.631321907,1.960124969,-2.252380948,0.272574206,1.200000000
1784815948.637047768,1.965850830,-2.249493079,0.272927532,1.200000000
1784815948.641208172,1.970011234,-2.246619653,0.273292598,1.200000000
1784815948.646953583,1.975756645,-2.243777452,0.273625912,1.200000000
1784815948.651144743,1.979947805,-2.240927017,0.273981497,1.200000000
1784815948.656959772,1.985762835,-2.238339395,0.274325479,1.200000000
1784815948.661056042,1.989859104,-2.236302287,0.274710026,1.200000000
1784815948.666981459,1.995784521,-2.234543916,0.275075496,1.200000000
1784815948.671076536,1.999879599,-2.232586543,0.275464019,1.200000000
1784815948.677036524,2.005839586,-2.230319229,0.275810590,1.200000000
1784815948.681122303,2.009925365,-2.227747310,0.276176425,1.200000000
1784815948.686943531,2.015746593,-2.224987734,0.276509877,1.200000000
1784815948.691314459,2.020117521,-2.222105976,0.276857453,1.200000000
1784815948.697235346,2.026038408,-2.219176038,0.277186497,1.200000000
1784815948.701268435,2.030071497,-2.216213202,0.277535664,1.200000000
1784815948.706802130,2.035605192,-2.213301956,0.277860554,1.200000000
1784815948.711124420,2.039927483,-2.210429909,0.278189767,1.200000000
1784815948.716979265,2.045782328,-2.207589160,0.278497543,1.200000000
1784815948.721040964,2.049844027,-2.204724937,0.278821749,1.200000000
1784815948.726983309,2.055786371,-2.201873377,0.279128250,1.200000000
1784815948.731345177,2.060148239,-2.198989766,0.279448849,1.200000000
1784815948.737093210,2.065896273,-2.196084479,0.279756301,1.200000000
1784815948.741266489,2.070069551,-2.193168320,0.280069013,1.200000000
1784815948.746845007,2.075648069,-2.190282011,0.280368086,1.200000000
1784815948.751220465,2.080023527,-2.187403875,0.280664126,1.200000000
1784815948.757541180,2.086344242,-2.184709085,0.280987912,1.200000000
1784815948.763215303,2.092018366,-2.182352631,0.281380544,1.200000000
1784815948.766980410,2.095783472,-2.180130084,0.281817739,1.200000000
1784815948.771150589,2.099953651,-2.177891075,0.282220461,1.200000000
1784815948.777055979,2.105859041,-2.175558712,0.282570104,1.200000000
1784815948.781181097,2.109984159,-2.173023351,0.282879858,1.200000000
1784815948.787084341,2.115887403,-2.170315252,0.283169343,1.200000000
1784815948.791080475,2.119883537,-2.167478406,0.283450716,1.200000000
1784815948.796977758,2.125780821,-2.164594172,0.283732956,1.200000000
1784815948.801270485,2.130073547,-2.161668549,0.284010837,1.200000000
1784815948.807221413,2.136024475,-2.158721493,0.284295190,1.200000000
1784815948.811218023,2.140021086,-2.155767249,0.284569578,1.200000000
1784815948.816858292,2.145661354,-2.152835911,0.284844899,1.200000000
1784815948.821183681,2.149986744,-2.149936231,0.285111272,1.200000000
1784815948.826941490,2.155744553,-2.147042919,0.285385180,1.200000000
1784815948.831158876,2.159961939,-2.144138711,0.285645908,1.200000000
1784815948.836975574,2.165778637,-2.141220898,0.285914719,1.200000000
1784815948.841282606,2.170085669,-2.138290212,0.286169366,1.200000000
1784815948.846962929,2.175765991,-2.135350534,0.286428781,1.200000000
1784815948.851038456,2.179841518,-2.132418598,0.286677559,1.200000000
1784815948.857024193,2.185827255,-2.129668339,0.286950243,1.200000000
1784815948.861113548,2.189916611,-2.127347462,0.287235904,1.200000000
1784815948.867071629,2.195874691,-2.125221475,0.287537096,1.200000000
1784815948.871189833,2.199992895,-2.122949943,0.287825885,1.200000000
1784815948.876921177,2.205724239,-2.120438938,0.288101471,1.200000000
1784815948.881164074,2.209967136,-2.117731403,0.288363282,1.200000000
1784815948.886931896,2.215734959,-2.114865548,0.288614613,1.200000000
1784815948.891157866,2.219960928,-2.111920274,0.288874129,1.200000000
1784815948.896902323,2.225705385,-2.108941628,0.289130496,1.200000000
1784815948.901384115,2.230187178,-2.105950348,0.289399125,1.200000000
1784815948.906765223,2.235568285,-2.102954040,0.289663558,1.200000000
1784815948.911252022,2.240055084,-2.099980052,0.289935657,1.200000000
1784815948.917066336,2.245869398,-2.096997466,0.290199287,1.200000000
1784815948.921147823,2.249950886,-2.094014957,0.290478728,1.200000000
1784815948.926931381,2.255734444,-2.091032504,0.290754122,1.200000000
1784815948.931172848,2.259975910,-2.088063390,0.291039251,1.200000000
1784815948.936935902,2.265738964,-2.085075175,0.291321112,1.200000000
1784815948.941282511,2.270085573,-2.082089443,0.291609852,1.200000000
1784815948.947072744,2.275875807,-2.079092265,0.291895864,1.200000000
1784815948.951197863,2.280000925,-2.076096458,0.292190165,1.200000000
1784815948.956973791,2.285776854,-2.073359796,0.292513588,1.200000000
1784815948.961258411,2.290061474,-2.071218075,0.292901270,1.200000000
1784815948.967149496,2.295952559,-2.069339396,0.293316427,1.200000000
1784815948.971047163,2.299850225,-2.067284154,0.293716272,1.200000000
1784815948.976797342,2.305600405,-2.064918781,0.294071326,1.200000000
1784815948.981218815,2.310021877,-2.062271845,0.294393182,1.200000000
1784815948.986932278,2.315735340,-2.059390940,0.294684569,1.200000000
1784815948.991146564,2.319949627,-2.056389984,0.294969387,1.200000000
1784815948.996975422,2.325778484,-2.053334054,0.295249825,1.200000000
1784815949.001345873,2.330148935,-2.050265565,0.295532305,1.200000000
1784815949.007040501,2.335843563,-2.047184686,0.295815906,1.200000000
1784815949.011333942,2.340137005,-2.044126410,0.296101033,1.200000000
1784815949.016752481,2.345555544,-2.041095373,0.296379602,1.200000000
1784815949.021199703,2.350002766,-2.038102898,0.296657942,1.200000000
1784815949.026991367,2.355794430,-2.035110591,0.296933781,1.200000000
1784815949.031079769,2.359882832,-2.032114057,0.297213738,1.200000000
1784815949.037110090,2.365913153,-2.029098221,0.297495791,1.200000000
1784815949.041237831,2.370040894,-2.026074753,0.297779309,1.200000000
1784815949.047092438,2.375895500,-2.023030825,0.298059623,1.200000000
1784815949.051276207,2.380079269,-2.020003240,0.298342656,1.200000000
1784815949.056876898,2.385679960,-2.017178959,0.298648767,1.200000000
1784815949.061226130,2.390029192,-2.014827829,0.298999604,1.200000000
1784815949.066969633,2.395772696,-2.012681273,0.299373560,1.200000000
1784815949.071213484,2.400016546,-2.010393626,0.299730507,1.200000000
1784815949.076977730,2.405780792,-2.007848954,0.300059982,1.200000000
1784815949.081292868,2.410095930,-2.005081353,0.300362352,1.200000000
1784815949.086971045,2.415774107,-2.002154192,0.300643647,1.200000000
1784815949.091048002,2.419851065,-1.999146315,0.300915130,1.200000000
1784815949.097573042,2.426376104,-1.996099948,0.301193106,1.200000000
1784815949.101464033,2.430267096,-1.992990958,0.301470351,1.200000000
1784815949.106921434,2.435724497,-1.989896847,0.301750257,1.200000000
1784815949.111230612,2.440033674,-1.986865668,0.302021991,1.200000000
1784815949.116953373,2.445756435,-1.983875990,0.302288823,1.200000000
1784815949.121146679,2.449949741,-1.980889936,0.302555673,1.200000000
1784815949.126985788,2.455788851,-1.977905915,0.302829181,1.200000000
1784815949.131299019,2.460102081,-1.974893843,0.303103686,1.200000000
1784815949.137061834,2.465864897,-1.971865065,0.303389034,1.200000000
1784815949.141182184,2.469985247,-1.968839293,0.303664948,1.200000000
1784815949.146995783,2.475798845,-1.965835419,0.303936566,1.200000000
1784815949.151089668,2.479892731,-1.962825123,0.304205753,1.200000000
1784815949.156918287,2.485721350,-1.960031387,0.304513397,1.200000000
1784815949.161187649,2.489990711,-1.957670530,0.304898963,1.200000000
1784815949.167163610,2.495966673,-1.955516019,0.305332874,1.200000000
1784815949.171236038,2.500039101,-1.953169053,0.305735702,1.200000000
1784815949.177030325,2.505833387,-1.950579751,0.306097166,1.200000000
1784815949.181233406,2.510036469,-1.947763176,0.306414956,1.200000000
1784815949.187056303,2.515859365,-1.944801393,0.306711727,1.200000000
1784815949.191189766,2.519992828,-1.941750818,0.306998568,1.200000000
1784815949.196920395,2.525723457,-1.938691675,0.307288711,1.200000000
1784815949.201352358,2.530155420,-1.935614162,0.307570537,1.200000000
1784815949.207002163,2.535805225,-1.932532524,0.307857788,1.200000000
1784815949.211137295,2.539940357,-1.929451366,0.308133618,1.200000000
1784815949.217167616,2.545970678,-1.926395489,0.308421806,1.200000000
1784815949.221174479,2.549977541,-1.923312844,0.308696413,1.200000000
1784815949.227104664,2.555907726,-1.920241457,0.308987504,1.200000000
1784815949.231172323,2.559975386,-1.917161475,0.309253269,1.200000000
1784815949.236962795,2.565765858,-1.914093736,0.309526584,1.200000000
1784815949.241082668,2.569885731,-1.911026558,0.309771250,1.200000000
1784815949.249584913,2.578387976,-1.907897990,0.310063016,1.200000000
1784815949.251293182,2.580096245,-1.904571948,0.310277863,1.200000000
1784815949.256961107,2.585764170,-1.901605529,0.310556364,1.200000000
1784815949.261207819,2.590010881,-1.899302666,0.310851860,1.200000000
1784815949.267021656,2.595824718,-1.897304591,0.311186086,1.200000000
1784815949.271078110,2.599881172,-1.895114283,0.311483484,1.200000000
1784815949.277021646,2.605824709,-1.892622585,0.311768597,1.200000000
1784815949.281145096,2.609948158,-1.889841052,0.312008307,1.200000000
1784815949.286927700,2.615730762,-1.886870921,0.312237821,1.200000000
1784815949.291077852,2.619880915,-1.883762642,0.312443152,1.200000000
1784815949.296907187,2.625710249,-1.880625086,0.312656778,1.200000000
1784815949.301236153,2.630039215,-1.877455555,0.312862672,1.200000000
1784815949.307328224,2.636131287,-1.874276493,0.313079646,1.200000000
1784815949.311116457,2.639919519,-1.871079407,0.313280556,1.200000000
1784815949.316941261,2.645744324,-1.867946533,0.313478404,1.200000000
1784815949.321041822,2.649844885,-1.864819580,0.313670814,1.200000000
1784815949.326936007,2.655739069,-1.861713121,0.313871279,1.200000000
1784815949.331246853,2.660049915,-1.858570838,0.314075826,1.200000000
1784815949.337262154,2.666065216,-1.855412286,0.314285491,1.200000000
1784815949.345277548,2.674080610,-1.852054118,0.314498402,1.200000000
1784815949.346912861,2.675715923,-1.848430617,0.314735856,1.200000000
1784815949.351467371,2.680270433,-1.845048548,0.314946053,1.200000000
1784815949.356949806,2.685752869,-1.842285102,0.315142810,1.200000000
1784815949.361073494,2.689876556,-1.840333214,0.315347070,1.200000000
1784815949.366949081,2.695752144,-1.838754441,0.315548031,1.200000000
1784815949.371066809,2.699869871,-1.836866365,0.315745766,1.200000000
1784815949.376931667,2.705734730,-1.834515715,0.315917215,1.200000000
1784815949.381118059,2.709921122,-1.831733092,0.316087842,1.200000000
1784815949.387525558,2.716328621,-1.828658659,0.316239095,1.200000000
1784815949.391297579,2.720100641,-1.825349811,0.316407685,1.200000000
1784815949.396952152,2.725755215,-1.822010242,0.316566440,1.200000000
1784815949.401340485,2.730143547,-1.818685968,0.316731027,1.200000000
1784815949.407055378,2.735858440,-1.815396631,0.316887691,1.200000000
1784815949.411168337,2.739971399,-1.812112326,0.317050390,1.200000000
1784815949.416916370,2.745719433,-1.808873680,0.317200040,1.200000000
1784815949.421202660,2.750005722,-1.805633451,0.317358941,1.200000000
1784815949.426945448,2.755748510,-1.802397497,0.317505605,1.200000000
1784815949.431144714,2.759947777,-1.799126642,0.317662142,1.200000000
1784815949.439083099,2.767886162,-1.795780341,0.317791724,1.200000000
1784815949.441265821,2.770068884,-1.792251125,0.317960394,1.200000000
1784815949.446735144,2.775538206,-1.788840967,0.318092972,1.200000000
1784815949.451127052,2.779930115,-1.785604081,0.318223603,1.200000000
1784815949.457135916,2.785938978,-1.782661291,0.318345294,1.200000000
1784815949.461257458,2.790060520,-1.780248950,0.318509856,1.200000000
1784815949.466917038,2.795720100,-1.778081569,0.318669345,1.200000000
1784815949.471240997,2.800044060,-1.775696561,0.318831801,1.200000000
1784815949.476939678,2.805742741,-1.772960616,0.318965449,1.200000000
1784815949.481177330,2.809980392,-1.769917086,0.319098410,1.200000000
1784815949.486947536,2.815750599,-1.766664757,0.319213053,1.200000000
1784815949.491276264,2.820079327,-1.763286534,0.319338282,1.200000000
1784815949.497042894,2.825845957,-1.759845792,0.319452962,1.200000000
1784815949.501296759,2.830099821,-1.756403879,0.319581433,1.200000000
1784815949.506781340,2.835584402,-1.752981386,0.319693490,1.200000000
1784815949.511089087,2.839892149,-1.749591937,0.319811790,1.200000000
1784815949.517045498,2.845848560,-1.746198545,0.319918604,1.200000000
1784815949.521139383,2.849942446,-1.742801041,0.320044101,1.200000000
1784815949.526940823,2.855743885,-1.739376374,0.320161683,1.200000000
1784815949.531123161,2.859926224,-1.735956308,0.320286787,1.200000000
1784815949.536841631,2.865644693,-1.732525066,0.320399251,1.200000000
1784815949.541234255,2.870037317,-1.729101396,0.320508754,1.200000000
1784815949.546950102,2.875753164,-1.725641826,0.320597622,1.200000000
1784815949.551160336,2.879963398,-1.722189215,0.320686371,1.200000000
1784815949.556960583,2.885763645,-1.719079572,0.320788762,1.200000000
1784815949.561047316,2.889850378,-1.716814002,0.320924996,1.200000000
1784815949.567038774,2.895841837,-1.714910443,0.321071315,1.200000000
1784815949.571071863,2.899874926,-1.712778177,0.321216149,1.200000000
1784815949.577056170,2.905859232,-1.710155628,0.321332817,1.200000000
1784815949.581115961,2.909919024,-1.707136088,0.321435639,1.200000000
1784815949.587000132,2.915803194,-1.703792082,0.321515895,1.200000000
1784815949.591157675,2.919960737,-1.700318410,0.321595993,1.200000000
1784815949.597158194,2.925961256,-1.696747022,0.321671556,1.200000000
1784815949.601216555,2.930019617,-1.693164818,0.321753170,1.200000000
1784815949.606934786,2.935737848,-1.689576076,0.321835066,1.200000000
1784815949.611162424,2.939965487,-1.686049822,0.321921122,1.200000000
1784815949.616972208,2.945775270,-1.682500044,0.321999596,1.200000000
1784815949.621378660,2.950181723,-1.678975929,0.322079686,1.200000000
1784815949.627025366,2.955828428,-1.675418971,0.322160873,1.200000000
1784815949.631284952,2.960088015,-1.671882567,0.322244422,1.200000000
1784815949.637107849,2.965910912,-1.668314220,0.322328119,1.200000000
1784815949.641168594,2.969971657,-1.664775058,0.322406282,1.200000000
1784815949.646797657,2.975600719,-1.661227567,0.322483186,1.200000000
1784815949.651197910,2.980000973,-1.657711532,0.322559391,1.200000000
1784815949.656977654,2.985780716,-1.654529034,0.322656668,1.200000000
1784815949.661162853,2.989965916,-1.652260286,0.322789309,1.200000000
1784815949.666938782,2.995741844,-1.650393492,0.322947630,1.200000000
1784815949.671289444,3.000092506,-1.648268691,0.323092842,1.200000000
1784815949.676983595,3.005786657,-1.645613197,0.323218330,1.200000000
1784815949.681340933,3.010143995,-1.642517781,0.323318251,1.200000000
1784815949.686826468,3.015629530,-1.639081713,0.323397732,1.200000000
1784815949.691124201,3.019927263,-1.635519975,0.323472454,1.200000000
1784815949.696991920,3.025794983,-1.631879676,0.323551618,1.200000000
1784815949.701331615,3.030134678,-1.628237177,0.323633786,1.200000000
1784815949.706780195,3.035583258,-1.624588875,0.323719324,1.200000000
1784815949.711155891,3.039958954,-1.620996969,0.323796513,1.200000000
1784815949.716940641,3.045743704,-1.617408519,0.323871919,1.200000000
1784815949.721454144,3.050257206,-1.613822052,0.323950690,1.200000000
1784815949.726938725,3.055741787,-1.610207762,0.324036311,1.200000000
1784815949.731153965,3.059957027,-1.606622756,0.324130067,1.200000000
1784815949.736931086,3.065734148,-1.603044927,0.324229353,1.200000000
1784815949.741168499,3.069971561,-1.599477483,0.324320023,1.200000000
1784815949.746967316,3.075770378,-1.595879270,0.324405338,1.200000000
1784815949.751174450,3.079977512,-1.592306804,0.324496043,1.200000000
1784815949.756927013,3.085730076,-1.589024660,0.324615518,1.200000000
1784815949.761135578,3.089938641,-1.586527965,0.324805314,1.200000000
1784815949.767228603,3.096031666,-1.584364076,0.325029973,1.200000000
1784815949.771125555,3.099928617,-1.581974420,0.325235827,1.200000000
1784815949.776858091,3.105661154,-1.579179244,0.325407882,1.200000000
1784815949.781222820,3.110025883,-1.576028275,0.325547086,1.200000000
1784815949.786973953,3.115777016,-1.572605271,0.325663361,1.200000000
1784815949.791177511,3.119980574,-1.569030941,0.325776398,1.200000000
1784815949.796896219,3.125699282,-1.565383236,0.325888717,1.200000000
1784815949.804064751,3.132867813,-1.561587890,0.326008670,1.200000000
1784815949.806792736,3.135595798,-1.557678309,0.326141364,1.200000000
1784815949.811089516,3.139892578,-1.553957011,0.326266149,1.200000000
1784815949.817029238,3.145832300,-1.550487103,0.326379532,1.200000000
1784815949.821165800,3.149968863,-1.547073169,0.326494082,1.200000000
1784815949.827107191,3.155910254,-1.543649304,0.326616794,1.200000000
1784815949.831218004,3.160021067,-1.540153784,0.326746095,1.200000000
1784815949.836911440,3.165714502,-1.536625371,0.326874580,1.200000000
1784815949.841293812,3.170096874,-1.533060543,0.327004332,1.200000000
1784815949.846922398,3.175725460,-1.529489115,0.327124155,1.200000000
1784815949.851125479,3.179928541,-1.525900212,0.327245275,1.200000000
1784815949.856925249,3.185728312,-1.522650898,0.327415794,1.200000000
1784815949.861048222,3.189851284,-1.520073374,0.327684318,1.200000000
1784815949.867002487,3.195805550,-1.517874254,0.327998461,1.200000000
1784815949.871090651,3.199893713,-1.515412926,0.328287528,1.200000000
1784815949.877019644,3.205822706,-1.512563459,0.328515040,1.200000000
1784815949.881124020,3.209927082,-1.509340779,0.328693838,1.200000000
1784815949.886914253,3.215717316,-1.505927200,0.328839041,1.200000000
1784815949.891179323,3.219982386,-1.502366283,0.328969607,1.200000000
1784815949.896967888,3.225770950,-1.498772489,0.329091349,1.200000000
1784815949.901307344,3.230110407,-1.495143572,0.329220463,1.200000000
1784815949.906935692,3.235738754,-1.491534603,0.329349909,1.200000000
1784815949.911188364,3.239991426,-1.487934997,0.329489325,1.200000000
1784815949.916993856,3.245796919,-1.484407458,0.329630628,1.200000000
1784815949.921046972,3.249850035,-1.480857573,0.329785517,1.200000000
1784815949.926991701,3.255794764,-1.477333411,0.329941447,1.200000000
1784815949.931102514,3.259905577,-1.473763342,0.330111374,1.200000000
1784815949.937023401,3.265826464,-1.470199593,0.330287223,1.200000000
1784815949.941344261,3.270147324,-1.466586248,0.330469623,1.200000000
1784815949.946933270,3.275736332,-1.462985634,0.330647437,1.200000000
1784815949.951251984,3.280055046,-1.459379962,0.330818307,1.200000000
1784815949.956945419,3.285748482,-1.456044109,0.330996584,1.200000000
1784815949.961160421,3.289963484,-1.453271338,0.331207412,1.200000000
1784815949.966971159,3.295774221,-1.450825381,0.331436953,1.200000000
1784815949.971152067,3.299955130,-1.448185561,0.331653211,1.200000000
1784815949.976974487,3.305777550,-1.445244614,0.331840810,1.200000000
1784815949.981176138,3.309979200,-1.441982967,0.332015425,1.200000000
1784815949.987051725,3.315854788,-1.438527342,0.332177948,1.200000000
1784815949.991106272,3.319909334,-1.434935947,0.332353213,1.200000000
1784815949.996984243,3.325787306,-1.431331587,0.332535754,1.200000000
1784815950.001387835,3.330190897,-1.427699515,0.332728658,1.200000000
1784815950.006939173,3.335742235,-1.424074136,0.332918340,1.200000000
1784815950.011324406,3.340127468,-1.420450213,0.333101199,1.200000000
1784815950.016801357,3.345604420,-1.416859971,0.333277167,1.200000000
1784815950.021203756,3.350006819,-1.413296758,0.333456628,1.200000000
1784815950.026925087,3.355728149,-1.409754440,0.333636586,1.200000000
1784815950.031143904,3.359946966,-1.406187039,0.333820555,1.200000000
1784815950.037111044,3.365914106,-1.402601099,0.333999930,1.200000000
1784815950.041249990,3.370053053,-1.398984108,0.334176468,1.200000000
1784815950.046984196,3.375787258,-1.395364214,0.334354878,1.200000000
1784815950.051207066,3.380010128,-1.391752528,0.334544066,1.200000000
1784815950.057092905,3.385895967,-1.388361025,0.334777065,1.200000000
1784815950.061213255,3.390016317,-1.385425723,0.335085767,1.200000000
1784815950.066871405,3.395674467,-1.382727484,0.335432922,1.200000000
1784815950.071249723,3.400052786,-1.379885924,0.335764914,1.200000000
1784815950.076934099,3.405737162,-1.376769097,0.336058392,1.200000000
1784815950.081149101,3.409952164,-1.373411450,0.336316301,1.200000000
1784815950.086938381,3.415741444,-1.369887453,0.336549432,1.200000000
1784815950.091197491,3.420000553,-1.366244313,0.336760439,1.200000000
1784815950.096961737,3.425764799,-1.362549792,0.336964408,1.200000000
1784815950.102982759,3.431785822,-1.358742161,0.337175761,1.200000000
1784815950.106791496,3.435594559,-1.354848759,0.337395343,1.200000000
1784815950.111635208,3.440438271,-1.351047695,0.337612605,1.200000000
1784815950.117085218,3.445888281,-1.347357021,0.337827235,1.200000000
1784815950.121128082,3.449931145,-1.343724950,0.338052922,1.200000000
1784815950.126933098,3.455736160,-1.340124278,0.338290707,1.200000000
1784815950.131169081,3.459972143,-1.336515569,0.338539504,1.200000000
1784815950.136848450,3.465651512,-1.332882905,0.338791454,1.200000000
1784815950.141175508,3.469978571,-1.329219594,0.339042235,1.200000000
1784815950.146934032,3.475737095,-1.325506565,0.339282958,1.200000000
1784815950.151179552,3.479982615,-1.321763549,0.339527436,1.200000000
1784815950.156975985,3.485779047,-1.318004503,0.339774698,1.200000000
1784815950.161231279,3.490034342,-1.314398326,0.340045737,1.200000000
1784815950.167108536,3.495911598,-1.311112943,0.340344033,1.200000000
1784815950.171145916,3.499948978,-1.307979926,0.340655191,1.200000000
1784815950.179763556,3.508566618,-1.304605107,0.340963587,1.200000000
1784815950.181412935,3.510215998,-1.300883188,0.341263272,1.200000000
1784815950.186913252,3.515716314,-1.297129821,0.341540789,1.200000000
1784815950.191141129,3.519944191,-1.293521624,0.341793027,1.200000000
1784815950.197020531,3.525823593,-1.289932931,0.342043996,1.200000000
1784815950.201265574,3.530068636,-1.286266944,0.342295114,1.200000000
1784815950.206965685,3.535768747,-1.282506235,0.342558749,1.200000000
1784815950.211191177,3.539994240,-1.278705923,0.342828990,1.200000000
1784815950.218042850,3.546845913,-1.274814865,0.343115462,1.200000000
1784815950.221083403,3.549886465,-1.270879799,0.343395763,1.200000000
1784815950.227139235,3.555942297,-1.266973997,0.343687258,1.200000000
1784815950.231237650,3.560040712,-1.263155672,0.343961801,1.200000000
1784815950.237097025,3.565900087,-1.259338826,0.344247382,1.200000000
1784815950.241119385,3.569922447,-1.255547876,0.344518577,1.200000000
1784815950.246824026,3.575627089,-1.251743278,0.344791000,1.200000000
1784815950.251217842,3.580020905,-1.247942973,0.345060587,1.200000000
1784815950.256938219,3.585741282,-1.244172786,0.345341271,1.200000000
1784815950.261191368,3.589994431,-1.240606077,0.345610388,1.200000000
1784815950.266963005,3.595766068,-1.237110099,0.345894670,1.200000000
1784815950.271221399,3.600024462,-1.233581268,0.346173870,1.200000000
1784815950.276962757,3.605765820,-1.229905330,0.346465849,1.200000000
1784815950.281106949,3.609910011,-1.226144778,0.346746943,1.200000000
1784815950.286991835,3.615794897,-1.222279190,0.347035151,1.200000000
1784815950.291048527,3.619851589,-1.218403301,0.347320001,1.200000000
1784815950.296982765,3.625785828,-1.214484420,0.347615648,1.200000000
1784815950.301468372,3.630271435,-1.210562577,0.347908034,1.200000000
1784815950.306801319,3.635604382,-1.206606001,0.348205966,1.200000000
1784815950.312385559,3.641188622,-1.202605537,0.348502366,1.200000000
1784815950.316957712,3.645760775,-1.198568565,0.348796903,1.200000000
1784815950.321197510,3.650000572,-1.194609293,0.349088482,1.200000000
1784815950.326958656,3.655761719,-1.190726571,0.349380102,1.200000000
1784815950.331149101,3.659952164,-1.186913063,0.349664215,1.200000000
1784815950.337549210,3.666352272,-1.183004949,0.349962405,1.200000000
1784815950.341968536,3.670771599,-1.179035418,0.350260698,1.200000000
1784815950.347120047,3.675923109,-1.175012242,0.350571475,1.200000000
1784815950.351171494,3.679974556,-1.171095203,0.350872043,1.200000000
1784815950.358084679,3.686887741,-1.167258569,0.351197001,1.200000000
1784815950.361184835,3.689987898,-1.163658249,0.351521626,1.200000000
1784815950.367051601,3.695854664,-1.160163196,0.351858886,1.200000000
1784815950.371101141,3.699904203,-1.156691527,0.352182495,1.200000000
1784815950.376801252,3.705604315,-1.153093381,0.352504538,1.200000000
1784815950.381521463,3.710324526,-1.149382107,0.352810708,1.200000000
1784815950.391174078,3.719977140,-1.145248350,0.353161841,1.200000000
1784815950.391648293,3.720451355,-1.140885711,0.353466372,1.200000000
1784815950.396960735,3.725763798,-1.136666559,0.353783964,1.200000000
1784815950.401273251,3.730076313,-1.132861021,0.354066567,1.200000000
1784815950.407015085,3.735818148,-1.129207869,0.354346149,1.200000000
1784815950.411249161,3.740052223,-1.125551025,0.354611843,1.200000000
1784815950.417025805,3.745828867,-1.121801854,0.354890635,1.200000000
1784815950.421306372,3.750109434,-1.117983600,0.355162114,1.200000000
1784815950.426846266,3.755649328,-1.114094078,0.355444902,1.200000000
1784815950.431227922,3.760030985,-1.110204635,0.355727051,1.200000000
1784815950.436962366,3.765765429,-1.106304532,0.356022468,1.200000000
1784815950.441184521,3.769987583,-1.102379864,0.356306075,1.200000000
1784815950.446937561,3.775740623,-1.098439258,0.356586913,1.200000000
1784815950.451093197,3.779896259,-1.094572750,0.356873603,1.200000000
1784815950.457000017,3.785803080,-1.090798276,0.357183513,1.200000000
1784815950.461195230,3.789998293,-1.087055931,0.357499320,1.200000000
1784815950.466986895,3.795789957,-1.083275634,0.357814368,1.200000000
1784815950.471344233,3.800147295,-1.079422934,0.358104582,1.200000000
1784815950.476917267,3.805720329,-1.075523907,0.358385281,1.200000000
1784815950.481344700,3.810147762,-1.071601724,0.358643028,1.200000000
1784815950.486811161,3.815614223,-1.067685132,0.358894884,1.200000000
1784815950.491242647,3.820045710,-1.063778368,0.359139931,1.200000000
1784815950.496972084,3.825775146,-1.059876125,0.359386864,1.200000000
1784815950.501257658,3.830060720,-1.055946185,0.359620691,1.200000000
1784815950.506961823,3.835764885,-1.052035084,0.359862683,1.200000000
1784815950.511219740,3.840022802,-1.048127632,0.360090779,1.200000000
1784815950.516969681,3.845772743,-1.044242327,0.360311808,1.200000000
1784815950.521027088,3.849830151,-1.040349250,0.360521402,1.200000000
1784815950.527000427,3.855803490,-1.036488566,0.360725643,1.200000000
1784815950.531067133,3.859870195,-1.032600070,0.360926973,1.200000000
1784815950.537089825,3.865892887,-1.028721321,0.361133232,1.200000000
1784815950.541132689,3.869935751,-1.024819838,0.361325878,1.200000000
1784815950.546922684,3.875725746,-1.020942283,0.361512619,1.200000000
1784815950.551192760,3.879995823,-1.017050376,0.361684352,1.200000000
1784815950.556846142,3.885649204,-1.013229096,0.361872096,1.200000000
1784815950.561230898,3.890033960,-1.009473612,0.362088946,1.200000000
1784815950.566868782,3.895671844,-1.005774578,0.362323518,1.200000000
1784815950.571220636,3.900023699,-1.002031582,0.362543979,1.200000000
1784815950.576955795,3.905758858,-0.998252331,0.362737748,1.200000000
1784815950.581041813,3.909844875,-0.994421906,0.362908968,1.200000000
1784815950.587045670,3.915848732,-0.990584183,0.363062233,1.200000000
1784815950.591075420,3.919878483,-0.986724365,0.363212018,1.200000000
1784815950.596915960,3.925719023,-0.982884700,0.363354324,1.200000000
1784815950.601400614,3.930203676,-0.979016588,0.363498464,1.200000000
1784815950.606822968,3.935626030,-0.975135823,0.363630952,1.200000000
1784815950.611209154,3.940012217,-0.971278090,0.363757883,1.200000000
1784815950.616930246,3.945733309,-0.967440300,0.363879221,1.200000000
1784815950.621237278,3.950040340,-0.963612065,0.363995020,1.200000000
1784815950.626942396,3.955745459,-0.959782590,0.364109439,1.200000000
1784815950.631214380,3.960017443,-0.955958229,0.364216564,1.200000000
1784815950.637040854,3.965843916,-0.952141832,0.364316842,1.200000000
1784815950.641265392,3.970068455,-0.948319985,0.364414768,1.200000000
1784815950.646984100,3.975787163,-0.944501498,0.364499337,1.200000000
1784815950.651342392,3.980145454,-0.940695006,0.364579792,1.200000000
1784815950.656789780,3.985592842,-0.936963757,0.364666012,1.200000000
1784815950.661190987,3.989994049,-0.933342920,0.364780145,1.200000000
1784815950.667104244,3.995907307,-0.929767349,0.364906396,1.200000000
1784815950.671196461,3.999999523,-0.926142145,0.365020596,1.200000000
1784815950.676929712,4.005732775,-0.922459611,0.365115731,1.200000000
1784815950.681229830,4.010032892,-0.918735019,0.365186339,1.200000000
1784815950.686969042,4.015772104,-0.914980149,0.365242818,1.200000000
1784815950.691330671,4.020133734,-0.911190549,0.365294940,1.200000000
1784815950.696933746,4.025736809,-0.907386368,0.365345508,1.200000000
1784815950.701318502,4.030121565,-0.903584884,0.365389531,1.200000000
1784815950.707073450,4.035876513,-0.899789864,0.365427988,1.200000000
1784815950.711240768,4.040043831,-0.895990604,0.365452983,1.200000000
1784815950.717040777,4.045843840,-0.892205796,0.365466755,1.200000000
1784815950.721154451,4.049957514,-0.888415453,0.365468853,1.200000000
1784815950.726819754,4.055622816,-0.884649216,0.365467744,1.200000000
1784815950.731217623,4.060020685,-0.880903036,0.365463905,1.200000000
1784815950.736923933,4.065726995,-0.877147944,0.365464955,1.200000000
1784815950.741201162,4.070004225,-0.873351468,0.365454949,1.200000000
1784815950.747011423,4.075814486,-0.869551262,0.365435541,1.200000000
1784815950.751125813,4.079928875,-0.865852048,0.365427763,1.200000000
1784815950.757035732,4.085838795,-0.862444133,0.365439779,1.200000000
1784815950.761057615,4.089860678,-0.859149372,0.365471494,1.200000000
1784815950.769093275,4.097896338,-0.855704071,0.365480890,1.200000000
1784815950.771067381,4.099870443,-0.851910231,0.365491760,1.200000000
1784815950.777047873,4.105850935,-0.848138676,0.365474019,1.200000000
1784815950.781176567,4.109979630,-0.844422236,0.365451160,1.200000000
1784815950.786809444,4.115612507,-0.840735788,0.365414286,1.200000000
1784815950.791133165,4.119936228,-0.837010755,0.365379281,1.200000000
1784815950.796981096,4.125784159,-0.833266399,0.365333726,1.200000000
1784815950.801343679,4.130146742,-0.829441001,0.365287153,1.200000000
1784815950.806896925,4.135699987,-0.825608439,0.365234824,1.200000000
1784815950.811267614,4.140070677,-0.821754294,0.365173220,1.200000000
1784815950.816837788,4.145640850,-0.817933184,0.365097646,1.200000000
1784815950.821175098,4.149978161,-0.814105785,0.365018120,1.200000000
1784815950.826955318,4.155758381,-0.810305234,0.364930594,1.200000000
1784815950.831211329,4.160014391,-0.806468894,0.364845875,1.200000000
1784815950.836922884,4.165725946,-0.802644306,0.364753215,1.200000000
1784815950.842058420,4.170861483,-0.798763309,0.364656603,1.200000000
1784815950.846914768,4.175717831,-0.794833843,0.364551680,1.200000000
1784815950.851098537,4.179901600,-0.790948869,0.364442742,1.200000000
1784815950.856780767,4.185583830,-0.787320254,0.364368132,1.200000000
1784815950.861176014,4.189979076,-0.783985150,0.364373991,1.200000000
1784815950.866913557,4.195716619,-0.780791884,0.364408307,1.200000000
1784815950.871116400,4.199919462,-0.777446046,0.364423427,1.200000000
1784815950.876950264,4.205753326,-0.773919192,0.364380861,1.200000000
1784815950.881176233,4.209979296,-0.770206904,0.364297422,1.200000000
1784815950.886947870,4.215750933,-0.766403489,0.364173638,1.200000000
1784815950.891261339,4.220064402,-0.762517865,0.364035382,1.200000000
1784815950.897029638,4.225832701,-0.758628338,0.363887177,1.200000000
1784815950.901328564,4.230131626,-0.754715189,0.363734797,1.200000000
1784815950.906808853,4.235611916,-0.750827015,0.363578192,1.200000000
1784815950.911151648,4.239954710,-0.746968334,0.363420421,1.200000000
1784815950.916911125,4.245714188,-0.743145437,0.363250016,1.200000000
1784815950.921200275,4.250003338,-0.739287878,0.363081930,1.200000000
1784815950.926918983,4.255722046,-0.735422760,0.362911073,1.200000000
1784815950.931142807,4.259945869,-0.731540952,0.362743683,1.200000000
1784815950.936953068,4.265756130,-0.727664784,0.362579101,1.200000000
1784815950.941186905,4.269989967,-0.723764920,0.362412669,1.200000000
1784815950.946975946,4.275779009,-0.719876853,0.362242381,1.200000000
1784815950.951061010,4.279864073,-0.716197892,0.362127024,1.200000000
1784815950.957106590,4.285909653,-0.712990018,0.362144073,1.200000000
1784815950.961179972,4.289983034,-0.709983749,0.362222615,1.200000000
1784815950.966924429,4.295727491,-0.706835001,0.362261018,1.200000000
1784815950.971174479,4.299977541,-0.703419448,0.362210005,1.200000000
1784815950.976826668,4.305629730,-0.699767659,0.362088888,1.200000000
1784815950.981180906,4.309983969,-0.695951443,0.361897418,1.200000000
1784815950.987007141,4.315810204,-0.692020550,0.361677756,1.200000000
1784815950.991137505,4.319940567,-0.688036105,0.361438898,1.200000000
1784815950.996921062,4.325724125,-0.684046962,0.361206210,1.200000000
1784815951.001348019,4.330151081,-0.680061532,0.360975353,1.200000000
1784815951.006978989,4.335782051,-0.676068269,0.360756430,1.200000000
1784815951.011398315,4.340201378,-0.672086496,0.360531005,1.200000000
1784815951.016785622,4.345588684,-0.668121842,0.360312062,1.200000000
1784815951.021139860,4.349942923,-0.664194074,0.360084979,1.200000000
1784815951.026781082,4.355584145,-0.660277695,0.359862303,1.200000000
1784815951.031159639,4.359962702,-0.656364018,0.359627595,1.200000000
1784815951.036971092,4.365774155,-0.652388725,0.359396645,1.200000000
1784815951.041200638,4.370003700,-0.648396400,0.359141996,1.200000000
1784815951.046964169,4.375767231,-0.644380858,0.358890456,1.200000000
1784815951.051350117,4.380153179,-0.640598453,0.358661104,1.200000000
1784815951.056953907,4.385756969,-0.637273829,0.358558138,1.200000000
1784815951.061089277,4.389892340,-0.634223879,0.358493587,1.200000000
1784815951.067047358,4.395850420,-0.631031381,0.358404856,1.200000000
1784815951.071067572,4.399870634,-0.627581105,0.358228228,1.200000000
1784815951.077050447,4.405853510,-0.623857046,0.358001651,1.200000000
1784815951.081137180,4.409940243,-0.619967861,0.357706893,1.200000000
1784815951.086822748,4.415625811,-0.615965139,0.357404381,1.200000000
1784815951.091187477,4.419990540,-0.611938673,0.357073365,1.200000000
1784815951.096949100,4.425752163,-0.607861374,0.356753242,1.200000000
1784815951.101262093,4.430065155,-0.603815871,0.356415755,1.200000000
1784815951.107015371,4.435818434,-0.599748176,0.356087681,1.200000000
1784815951.111153364,4.439956427,-0.595711738,0.355730036,1.200000000
1784815951.116984606,4.445787668,-0.591665994,0.355385654,1.200000000
1784815951.121533871,4.450336933,-0.587645362,0.355012828,1.200000000
1784815951.127041578,4.455844641,-0.583584130,0.354648157,1.200000000
1784815951.131092072,4.459895134,-0.579554800,0.354264081,1.200000000
1784815951.137040615,4.465843678,-0.575533332,0.353902319,1.200000000
1784815951.141151428,4.469954491,-0.571538897,0.353508098,1.200000000
1784815951.146931648,4.475734711,-0.567499583,0.353124365,1.200000000
1784815951.151205063,4.480008125,-0.563474339,0.352707088,1.200000000
1784815951.157043219,4.485846281,-0.559603361,0.352341261,1.200000000
1784815951.161289692,4.490092754,-0.556177014,0.352041105,1.200000000
1784815951.166969299,4.495772362,-0.552922336,0.351801672,1.200000000
1784815951.171147346,4.499950409,-0.549579964,0.351503609,1.200000000
1784815951.176803589,4.505606651,-0.546000518,0.351162095,1.200000000
1784815951.181199789,4.510002851,-0.542226214,0.350741066,1.200000000
1784815951.186993122,4.515796185,-0.538270407,0.350287529,1.200000000
1784815951.191170216,4.519973278,-0.534229766,0.349783674,1.200000000
1784815951.196982384,4.525785446,-0.530118426,0.349286189,1.200000000
1784815951.201408863,4.530211926,-0.526012702,0.348765092,1.200000000
1784815951.206952095,4.535755157,-0.521894408,0.348253305,1.200000000
1784815951.211127281,4.539930344,-0.517834966,0.347713175,1.200000000
1784815951.216917992,4.545721054,-0.513799451,0.347189146,1.200000000
1784815951.221786737,4.550589800,-0.509761163,0.346633260,1.200000000
1784815951.226920366,4.555723429,-0.505678660,0.346064011,1.200000000
1784815951.231144905,4.559947968,-0.501638239,0.345477601,1.200000000
1784815951.236983776,4.565786839,-0.497626183,0.344916813,1.200000000
1784815951.241006613,4.569809675,-0.493657974,0.344313554,1.200000000
1784815951.247112513,4.575915575,-0.489663322,0.343724019,1.200000000
1784815951.251067877,4.579870939,-0.485672165,0.343079272,1.200000000
1784815951.257071257,4.585874319,-0.481839938,0.342506572,1.200000000
1784815951.264012575,4.592815638,-0.478262061,0.342029544,1.200000000
1784815951.267337561,4.596140623,-0.474741823,0.341501840,1.200000000
1784815951.271345615,4.600148678,-0.471225608,0.340960429,1.200000000
1784815951.276934385,4.605737448,-0.467738528,0.340416230,1.200000000
1784815951.281148672,4.609951735,-0.464188572,0.339796476,1.200000000
1784815951.286925554,4.615728617,-0.460490110,0.339142771,1.200000000
1784815951.291113377,4.619916439,-0.456675577,0.338415875,1.200000000
1784815951.296913862,4.625716925,-0.452767320,0.337684285,1.200000000
1784815951.301248312,4.630051374,-0.448818836,0.336897676,1.200000000
1784815951.307009935,4.635812998,-0.444828882,0.336114079,1.200000000
1784815951.311252594,4.640055656,-0.440835510,0.335280942,1.200000000
1784815951.317028761,4.645831823,-0.436851091,0.334452404,1.200000000
1784815951.321169853,4.649972916,-0.432894559,0.333586700,1.200000000
1784815951.327085733,4.655888796,-0.428956047,0.332731541,1.200000000
1784815951.331163406,4.659966469,-0.425032664,0.331836307,1.200000000
1784815951.336911678,4.665714741,-0.421125540,0.330947326,1.200000000
1784815951.341230392,4.670033455,-0.417236789,0.330024578,1.200000000
1784815951.346956491,4.675759554,-0.413598192,0.329136050,1.200000000
1784815951.351254225,4.680057287,-0.410577224,0.328296072,1.200000000
1784815951.356985569,4.685788631,-0.407846764,0.327486583,1.200000000
1784815951.361232758,4.690035820,-0.404940407,0.326629313,1.200000000
1784815951.366996050,4.695799112,-0.401702711,0.325715463,1.200000000
1784815951.371167898,4.699970961,-0.398183833,0.324739661,1.200000000
1784815951.377043724,4.705846786,-0.394473181,0.323725238,1.200000000
1784815951.381154299,4.709957361,-0.390648444,0.322673724,1.200000000
1784815951.387064219,4.715867281,-0.386792123,0.321600219,1.200000000
1784815951.391150236,4.719953299,-0.382934856,0.320520801,1.200000000
1784815951.396901608,4.725704670,-0.379105883,0.319428091,1.200000000
1784815951.401234388,4.730037451,-0.375295859,0.318337332,1.200000000
1784815951.406933069,4.735736132,-0.371507992,0.317228404,1.200000000
1784815951.411133766,4.739936829,-0.367736747,0.316116132,1.200000000
1784815951.416935444,4.745738506,-0.363981983,0.314979681,1.200000000
1784815951.421167374,4.749970436,-0.360227544,0.313831993,1.200000000
1784815951.426967382,4.755770445,-0.356485508,0.312656486,1.200000000
1784815951.431243658,4.760046721,-0.352739772,0.311473648,1.200000000
1784815951.437031984,4.765835047,-0.349004218,0.310262862,1.200000000
1784815951.441118002,4.769921064,-0.345258730,0.309039426,1.200000000
1784815951.446784258,4.775587320,-0.341552159,0.307794038,1.200000000
1784815951.451164246,4.779967308,-0.337860310,0.306537910,1.200000000
1784815951.456987381,4.785790443,-0.334354112,0.305288081,1.200000000
1784815951.461146355,4.789949417,-0.331274804,0.304114450,1.200000000
1784815951.466947794,4.795750856,-0.328418601,0.302960496,1.200000000
1784815951.471295118,4.800098181,-0.325420363,0.301760111,1.200000000
1784815951.476973057,4.805776119,-0.322178290,0.300484107,1.200000000
1784815951.481364489,4.810167551,-0.318733233,0.299142846,1.200000000
1784815951.487008810,4.815811872,-0.315155206,0.297746758,1.200000000
1784815951.491266012,4.820069075,-0.311512156,0.296315761,1.200000000
1784815951.496924639,4.825727701,-0.307863944,0.294864808,1.200000000
1784815951.501348019,4.830151081,-0.304237685,0.293397060,1.200000000
1784815951.506793976,4.835597038,-0.300624042,0.291918120,1.200000000
1784815951.511172533,4.839975595,-0.297043951,0.290421025,1.200000000
1784815951.516934156,4.845737219,-0.293502685,0.288907115,1.200000000
1784815951.521227598,4.850030661,-0.289951637,0.287358697,1.200000000
1784815951.526830435,4.855633497,-0.286397719,0.285786856,1.200000000
1784815951.531191349,4.859994411,-0.282852064,0.284191932,1.200000000
1784815951.536960840,4.865763903,-0.279313416,0.282583239,1.200000000
1784815951.541070223,4.869873285,-0.275771948,0.280947654,1.200000000
1784815951.546795845,4.875598907,-0.272247931,0.279305776,1.200000000
1784815951.551076651,4.879879713,-0.268743239,0.277646785,1.200000000
1784815951.556932926,4.885735989,-0.265427501,0.276010450,1.200000000
1784815951.561169624,4.889972687,-0.262487114,0.274434016,1.200000000
1784815951.566806555,4.895609617,-0.259747381,0.272882439,1.200000000
1784815951.571156025,4.899959087,-0.256910413,0.271305135,1.200000000
1784815951.576826572,4.905629635,-0.253863455,0.269665324,1.200000000
1784815951.581216097,4.910019159,-0.250604458,0.267968604,1.200000000
1784815951.586962223,4.915765285,-0.247204259,0.266215051,1.200000000
1784815951.591208220,4.920011282,-0.243723334,0.264432092,1.200000000
1784815951.596908331,4.925711393,-0.240214629,0.262624873,1.200000000
1784815951.601377726,4.930180788,-0.236714540,0.260805909,1.200000000
1784815951.606985331,4.935788393,-0.233225709,0.258965975,1.200000000
1784815951.611101389,4.939904451,-0.229766355,0.257128751,1.200000000
1784815951.617043972,4.945847034,-0.226335941,0.255276541,1.200000000
1784815951.621163368,4.949966431,-0.222926246,0.253423336,1.200000000
1784815951.627090931,4.955893993,-0.219522790,0.251541569,1.200000000
1784815951.631254435,4.960057497,-0.216110446,0.249658871,1.200000000
1784815951.636976957,4.965780020,-0.212697811,0.247750282,1.200000000
1784815951.641257763,4.970060825,-0.209295943,0.245855894,1.200000000
1784815951.646932125,4.975735188,-0.205895985,0.243943544,1.200000000
1784815951.651278019,4.980081081,-0.202494962,0.242032721,1.200000000
1784815951.656901121,4.985704184,-0.199317649,0.240122339,1.200000000
1784815951.661201954,4.990005016,-0.196640102,0.238251748,1.200000000
1784815951.666987658,4.995790720,-0.194187144,0.236372856,1.200000000
1784815951.671110392,4.999913454,-0.191603092,0.234487410,1.200000000
1784815951.676922798,5.005725861,-0.188751422,0.232556541,1.200000000
1784815951.681364536,5.010167599,-0.185673747,0.230590933,1.200000000
1784815951.686796904,5.015599966,-0.182423980,0.228582581,1.200000000
1784815951.691196680,5.019999743,-0.179115586,0.226561980,1.200000000
1784815951.696966410,5.025769472,-0.175780240,0.224522866,1.200000000
1784815951.701252460,5.030055523,-0.172456090,0.222471247,1.200000000
1784815951.706964254,5.035767317,-0.169121275,0.220399319,1.200000000
1784815951.711122990,5.039926052,-0.165835016,0.218324934,1.200000000
1784815951.716960430,5.045763493,-0.162549591,0.216237291,1.200000000
1784815951.721329451,5.050132513,-0.159295900,0.214136071,1.200000000
1784815951.727450132,5.056253195,-0.155990716,0.212000049,1.200000000
1784815951.731264591,5.060067654,-0.152714470,0.209842302,1.200000000
1784815951.736872435,5.065675497,-0.149428127,0.207705231,1.200000000
1784815951.741386175,5.070189238,-0.146218094,0.205580930,1.200000000
1784815951.746809959,5.075613022,-0.143011307,0.203453095,1.200000000
1784815951.751191854,5.079994917,-0.139850063,0.201311348,1.200000000
1784815951.757052422,5.085855484,-0.136788666,0.199181023,1.200000000
1784815951.761282444,5.090085506,-0.134034390,0.197053490,1.200000000
1784815951.767239094,5.096042156,-0.131360255,0.194944508,1.200000000
1784815951.771126270,5.099929333,-0.128663351,0.192776138,1.200000000
1784815951.776961803,5.105764866,-0.125786775,0.190598905,1.200000000
1784815951.781223059,5.110026121,-0.122853812,0.188368291,1.200000000
1784815951.787021637,5.115824699,-0.119786543,0.186107501,1.200000000
1784815951.791184187,5.119987249,-0.116734599,0.183796035,1.200000000
1784815951.796974659,5.125777721,-0.113639928,0.181487670,1.200000000
1784815951.801383495,5.130186558,-0.110584299,0.179148686,1.200000000
1784815951.808667421,5.137470484,-0.107386871,0.176774707,1.200000000
1784815951.811192989,5.139996052,-0.104296519,0.174267192,1.200000000
1784815951.816967487,5.145770550,-0.101211228,0.171850906,1.200000000
1784815951.821182966,5.149986029,-0.098312263,0.169501629,1.200000000
1784815951.826908112,5.155711174,-0.095415512,0.167187097,1.200000000
1784815951.837520361,5.166323423,-0.092150937,0.164681803,1.200000000
1784815951.837895393,5.166698456,-0.088867806,0.161809113,1.200000000
1784815951.841034889,5.169837952,-0.085710820,0.159125273,1.200000000
1784815951.846949339,5.175752401,-0.082932822,0.156830864,1.200000000
1784815951.851314068,5.180117130,-0.080385239,0.154666697,1.200000000
1784815951.856754065,5.185557127,-0.077805721,0.152472210,1.200000000
1784815951.861190796,5.189993858,-0.075313624,0.150236472,1.200000000
1784815951.867137432,5.195940495,-0.073017186,0.147956370,1.200000000
1784815951.871140957,5.199944019,-0.070830045,0.145630470,1.200000000
1784815951.876943827,5.205746889,-0.068485626,0.143227621,1.200000000
1784815951.881157160,5.209960222,-0.065997977,0.140776561,1.200000000
1784815951.886945486,5.215748549,-0.063356295,0.138266701,1.200000000
1784815951.891361475,5.220164537,-0.060628474,0.135743081,1.200000000
1784815951.896907091,5.225710154,-0.057832481,0.133187131,1.200000000
1784815951.901314735,5.230117798,-0.055054316,0.130653434,1.200000000
1784815951.906791687,5.235594749,-0.052284595,0.128107745,1.200000000
1784815951.911268234,5.240071297,-0.049550259,0.125578890,1.200000000
1784815951.917042971,5.245846033,-0.046835122,0.123011386,1.200000000
1784815951.921127319,5.249930382,-0.044136715,0.120459785,1.200000000
1784815951.927108765,5.255911827,-0.041475430,0.117865022,1.200000000
1784815951.931181669,5.259984732,-0.038802777,0.115305135,1.200000000
1784815951.937037706,5.265840769,-0.036177351,0.112708291,1.200000000
1784815951.941233158,5.270036221,-0.033541349,0.110136005,1.200000000
1784815951.946830988,5.275634050,-0.030944288,0.107528619,1.200000000
1784815951.951243162,5.280046225,-0.028491367,0.104957931,1.200000000
1784815951.957025290,5.285828352,-0.026423947,0.102396396,1.200000000
1784815951.961329937,5.290132999,-0.024483757,0.099854799,1.200000000
1784815951.967316628,5.296119690,-0.022449890,0.097243699,1.200000000
1784815951.971328497,5.300131559,-0.020175974,0.094619380,1.200000000
1784815951.976861000,5.305664062,-0.017790457,0.091959436,1.200000000
1784815951.981159925,5.309962988,-0.015308584,0.089325869,1.200000000
1784815951.986916304,5.315719366,-0.012834304,0.086659591,1.200000000
1784815951.991267681,5.320070744,-0.010315663,0.083994467,1.200000000
1784815951.997039318,5.325842381,-0.007828119,0.081284641,1.200000000
1784815952.001279831,5.330082893,-0.005300290,0.078579768,1.200000000
1784815952.006961584,5.335764647,-0.002830821,0.075846301,1.200000000
1784815952.011386156,5.340189219,-0.000355144,0.073116830,1.200000000
1784815952.016862631,5.345665693,0.002066140,0.070361556,1.200000000
1784815952.021229506,5.350032568,0.004490814,0.067614384,1.200000000
1784815952.027032375,5.355835438,0.006869692,0.064839247,1.200000000
1784815952.031108379,5.359911442,0.009281958,0.062077041,1.200000000
1784815952.037392616,5.366195679,0.011619910,0.059270246,1.200000000
1784815952.041150808,5.369953871,0.014041669,0.056477371,1.200000000
1784815952.047093153,5.375896215,0.016385822,0.053645191,1.200000000
1784815952.051255226,5.380058289,0.018744785,0.050858075,1.200000000
1784815952.056847095,5.385650158,0.020947033,0.048071239,1.200000000
1784815952.061308861,5.390111923,0.022954359,0.045357735,1.200000000
1784815952.066933870,5.395736933,0.024816526,0.042636588,1.200000000
1784815952.071277618,5.400080681,0.026762397,0.039924852,1.200000000
1784815952.076983213,5.405786276,0.028790804,0.037152031,1.200000000
1784815952.081088543,5.409891605,0.030944444,0.034392364,1.200000000
1784815952.087006569,5.415809631,0.033116226,0.031585694,1.200000000
1784815952.091158867,5.419961929,0.035344108,0.028810516,1.200000000
1784815952.096964121,5.425767183,0.037558690,0.025992563,1.200000000
1784815952.101366997,5.430170059,0.039793161,0.023196555,1.200000000
1784815952.106952190,5.435755253,0.042000839,0.020364141,1.200000000
1784815952.111285686,5.440088749,0.044202848,0.017567000,1.200000000
1784815952.116945744,5.445748806,0.046376733,0.014747419,1.200000000
1784815952.121352434,5.450155497,0.048530973,0.011959393,1.200000000
1784815952.126945496,5.455748558,0.050664005,0.009146994,1.200000000
1784815952.131137371,5.459940434,0.052793237,0.006372656,1.200000000
1784815952.137064695,5.465867758,0.054904073,0.003574337,1.200000000
1784815952.141262054,5.470065117,0.057017729,0.000800128,1.200000000
1784815952.147108078,5.475911140,0.059125617,-0.002010875,1.200000000
1784815952.151126623,5.479929686,0.061231657,-0.004790374,1.200000000
1784815952.156921387,5.485724449,0.063190875,-0.007547270,1.200000000
1784815952.161185741,5.489988804,0.064876778,-0.010212757,1.200000000
1784815952.167066336,5.495869398,0.066435194,-0.012868001,1.200000000
1784815952.171235323,5.500038385,0.068072478,-0.015533885,1.200000000
1784815952.176949978,5.505753040,0.069858577,-0.018247828,1.200000000
1784815952.181234121,5.510037184,0.071767557,-0.020979795,1.200000000
1784815952.186946630,5.515749693,0.073768998,-0.023742102,1.200000000
1784815952.191172123,5.519975185,0.075806736,-0.026505539,1.200000000
1784815952.196918011,5.525721073,0.077851083,-0.029273975,1.200000000
1784815952.201355219,5.530158281,0.079898731,-0.032039282,1.200000000
1784815952.207047701,5.535850763,0.081956040,-0.034817556,1.200000000
1784815952.211144209,5.539947271,0.083999116,-0.037590735,1.200000000
1784815952.217279911,5.546082973,0.086028789,-0.040355270,1.200000000
1784815952.221297741,5.550100803,0.088057781,-0.043126052,1.200000000
1784815952.226927519,5.555730581,0.090084547,-0.045884823,1.200000000
1784815952.231281757,5.560084820,0.092078242,-0.048617928,1.200000000
1784815952.237017870,5.565820932,0.094064310,-0.051335413,1.200000000
1784815952.241246223,5.570049286,0.096051952,-0.054057519,1.200000000
1784815952.246963739,5.575766802,0.098031471,-0.056770691,1.200000000
1784815952.251278877,5.580081940,0.100006300,-0.059486251,1.200000000
1784815952.256975412,5.585778475,0.101807417,-0.062151944,1.200000000
1784815952.261160374,5.589963436,0.103220069,-0.064712931,1.200000000
1784815952.267241955,5.596045017,0.104445792,-0.067219100,1.200000000
1784815952.271147966,5.599951029,0.105795500,-0.069769639,1.200000000
1784815952.277030945,5.605834007,0.107351720,-0.072359858,1.200000000
1784815952.281231880,5.610034943,0.109089466,-0.074992676,1.200000000
1784815952.287075043,5.615878105,0.110947938,-0.077655864,1.200000000
1784815952.291250229,5.620053291,0.112881331,-0.080337545,1.200000000
1784815952.296990871,5.625793934,0.114843578,-0.083016318,1.200000000
1784815952.301314116,5.630117178,0.116801820,-0.085687876,1.200000000
1784815952.306938410,5.635741472,0.118750102,-0.088338740,1.200000000
1784815952.311249733,5.640052795,0.120680659,-0.090985759,1.200000000
1784815952.316957474,5.645760536,0.122600896,-0.093616449,1.200000000
1784815952.321054459,5.649857521,0.124502513,-0.096241717,1.200000000
1784815952.326965094,5.655768156,0.126398301,-0.098851163,1.200000000
1784815952.331283092,5.660086155,0.128294166,-0.101471654,1.200000000
1784815952.337422132,5.666225195,0.130205718,-0.104106798,1.200000000
1784815952.341112137,5.669915199,0.132115504,-0.106762442,1.200000000
1784815952.347114563,5.675917625,0.134006492,-0.109386293,1.200000000
1784815952.351295471,5.680098534,0.135880881,-0.111996193,1.200000000
1784815952.356937885,5.685740948,0.137737858,-0.114587403,1.200000000
1784815952.361268759,5.690071821,0.139385708,-0.117111866,1.200000000
1784815952.366934061,5.695737123,0.140616550,-0.119526010,1.200000000
1784815952.372111082,5.700914145,0.141661384,-0.121912668,1.200000000
1784815952.376971722,5.705774784,0.142868043,-0.124371076,1.200000000
1784815952.381160736,5.709963799,0.144275418,-0.126863574,1.200000000
1784815952.386975050,5.715778112,0.145858011,-0.129350845,1.200000000
1784815952.391097307,5.719900370,0.147564018,-0.131864032,1.200000000
1784815952.396998882,5.725801945,0.149344374,-0.134390384,1.200000000
1784815952.401182890,5.729985952,0.151160990,-0.136940346,1.200000000
1784815952.406804085,5.735607147,0.152987255,-0.139491031,1.200000000
1784815952.411173105,5.739976168,0.154798634,-0.142033817,1.200000000
1784815952.416936636,5.745739698,0.156594927,-0.144580176,1.200000000
1784815952.421256542,5.750059605,0.158382718,-0.147131075,1.200000000
1784815952.426950455,5.755753517,0.160166679,-0.149681959,1.200000000
1784815952.431159735,5.759962797,0.161938379,-0.152225426,1.200000000
1784815952.436965227,5.765768290,0.163698373,-0.154756811,1.200000000
1784815952.441323042,5.770126104,0.165463382,-0.157277524,1.200000000
1784815952.446974754,5.775777817,0.167230088,-0.159803668,1.200000000
1784815952.451186180,5.779989243,0.168868875,-0.162291771,1.200000000
1784815952.457059622,5.785862684,0.170272257,-0.164739180,1.200000000
1784815952.461215258,5.790018320,0.171550527,-0.167157292,1.200000000
1784815952.466801167,5.795604229,0.172886611,-0.169569388,1.200000000
1784815952.471205235,5.800008297,0.174349008,-0.171985623,1.200000000
1784815952.476937771,5.805740833,0.175939097,-0.174424261,1.200000000
1784815952.481198549,5.810001612,0.177612382,-0.176879689,1.200000000
1784815952.486938715,5.815741777,0.179325746,-0.179349844,1.200000000
1784815952.491278410,5.820081472,0.181061690,-0.181821578,1.200000000
1784815952.496994734,5.825797796,0.182791983,-0.184292943,1.200000000
1784815952.501382589,5.830185652,0.184519236,-0.186757095,1.200000000
1784815952.506975651,5.835778713,0.186244972,-0.189218022,1.200000000
1784815952.511079311,5.839882374,0.187953089,-0.191652897,1.200000000
1784815952.516933441,5.845736504,0.189637469,-0.194074512,1.200000000
1784815952.521242857,5.850045919,0.191309898,-0.196495675,1.200000000
1784815952.527107954,5.855911016,0.192989173,-0.198937554,1.200000000
1784815952.531196117,5.859999180,0.194671209,-0.201385237,1.200000000
1784815952.536888838,5.865691900,0.196332478,-0.203820627,1.200000000
1784815952.541313171,5.870116234,0.197980531,-0.206248613,1.200000000
1784815952.546926022,5.875729084,0.199627383,-0.208677057,1.200000000
1784815952.551192045,5.879995108,0.201271268,-0.211105036,1.200000000
1784815952.556961536,5.885764599,0.202749560,-0.213496638,1.200000000
1784815952.561088800,5.889891863,0.203914403,-0.215817837,1.200000000
1784815952.567134142,5.895937204,0.204924057,-0.218102094,1.200000000
1784815952.571118116,5.899921179,0.206040876,-0.220410167,1.200000000
1784815952.577019930,5.905822992,0.207327738,-0.222751829,1.200000000
1784815952.581138849,5.909941912,0.208778883,-0.225121661,1.200000000
1784815952.586802006,5.915605068,0.210325085,-0.227501568,1.200000000
1784815952.591139555,5.919942617,0.211920034,-0.229883268,1.200000000
1784815952.596922159,5.925725222,0.213529284,-0.232269674,1.200000000
1784815952.601218700,5.930021763,0.215149261,-0.234658870,1.200000000
1784815952.606922388,5.935725451,0.216758430,-0.237042627,1.200000000
1784815952.611112595,5.939915657,0.218367108,-0.239415527,1.200000000
1784815952.616966724,5.945769787,0.219957279,-0.241776953,1.200000000
1784815952.621153116,5.949956179,0.221538691,-0.244132437,1.200000000
1784815952.626964331,5.955767393,0.223103585,-0.246482488,1.200000000
1784815952.631233215,5.960036278,0.224665653,-0.248827765,1.200000000
1784815952.637092829,5.965895891,0.226227160,-0.251166439,1.200000000
1784815952.641194582,5.969997644,0.227786696,-0.253502635,1.200000000
1784815952.646930218,5.975733280,0.229326691,-0.255822861,1.200000000
1784815952.651284218,5.980087280,0.230614371,-0.258110161,1.200000000
1784815952.656961203,5.985764265,0.231316507,-0.260344586,1.200000000
1784815952.661365747,5.990168810,0.231740224,-0.262554707,1.200000000
1784815952.666937590,5.995740652,0.232334752,-0.264778216,1.200000000
1784815952.671220541,6.000023603,0.233242298,-0.267023167,1.200000000
1784815952.676938057,6.005741119,0.234434145,-0.269281411,1.200000000
1784815952.681329966,6.010133028,0.235825154,-0.271562052,1.200000000
1784815952.686788797,6.015591860,0.237325776,-0.273853367,1.200000000
1784815952.691200018,6.020003080,0.238858758,-0.276142072,1.200000000
1784815952.696961164,6.025764227,0.240387584,-0.278421602,1.200000000
1784815952.701401711,6.030204773,0.241908002,-0.280713719,1.200000000
1784815952.707151651,6.035954714,0.243414907,-0.283010843,1.200000000
1784815952.711190939,6.039994001,0.244905117,-0.285310400,1.200000000
1784815952.716947794,6.045750856,0.246376004,-0.287590412,1.200000000
1784815952.721232653,6.050035715,0.247828231,-0.289858422,1.200000000
1784815952.726995468,6.055798531,0.249264329,-0.292119166,1.200000000
1784815952.731179714,6.059982777,0.250701198,-0.294379506,1.200000000
1784815952.737010717,6.065813780,0.252131269,-0.296628866,1.200000000
1784815952.741208553,6.070011616,0.253564983,-0.298877591,1.200000000
1784815952.747021914,6.075824976,0.255015548,-0.301121756,1.200000000
1784815952.751101971,6.079905033,0.256455151,-0.303362426,1.200000000
1784815952.757045984,6.085849047,0.257658154,-0.305584777,1.200000000
1784815952.761140108,6.089943171,0.258307403,-0.307773466,1.200000000
1784815952.766985655,6.095788717,0.258694168,-0.309941264,1.200000000
1784815952.771237135,6.100040197,0.259244677,-0.312119931,1.200000000
1784815952.776831388,6.105634451,0.260094114,-0.314304345,1.200000000
1784815952.781293392,6.110096455,0.261213879,-0.316502593,1.200000000
1784815952.786946297,6.115749359,0.262517447,-0.318710671,1.200000000
1784815952.791161776,6.119964838,0.263918346,-0.320920498,1.200000000
1784815952.796910286,6.125713348,0.265341506,-0.323125176,1.200000000
1784815952.801373243,6.130176306,0.266776469,-0.325324285,1.200000000
1784815952.807231188,6.136034250,0.268217107,-0.327532915,1.200000000
1784815952.811258078,6.140061140,0.269630029,-0.329739758,1.200000000
1784815952.817028046,6.145831108,0.271025557,-0.331932421,1.200000000
1784815952.821203709,6.150006771,0.272394248,-0.334103396,1.200000000
1784815952.827337503,6.156140566,0.273754086,-0.336275377,1.200000000
1784815952.831499815,6.160302877,0.275116273,-0.338455811,1.200000000
1784815952.836958408,6.165761471,0.276484374,-0.340631866,1.200000000
1784815952.841760159,6.170563221,0.277843159,-0.342791833,1.200000000
1784815952.846926451,6.175729513,0.279191214,-0.344946276,1.200000000
1784815952.851189613,6.179992676,0.280527293,-0.347079543,1.200000000
1784815952.856971264,6.185774326,0.281572313,-0.349184396,1.200000000
1784815952.861339331,6.190142393,0.281958731,-0.351278423,1.200000000
1784815952.867018700,6.195821762,0.282034878,-0.353373711,1.200000000
1784815952.871287107,6.200090170,0.282311550,-0.355473403,1.200000000
1784815952.876779556,6.205582619,0.282944305,-0.357573161,1.200000000
1784815952.881159067,6.209962130,0.283881759,-0.359668720,1.200000000
1784815952.886788845,6.215591908,0.285041084,-0.361767479,1.200000000
1784815952.894531488,6.223334551,0.286379923,-0.363969272,1.200000000
1784815952.896988630,6.225791693,0.287831228,-0.366286720,1.200000000
1784815952.901298761,6.230101824,0.289229762,-0.368508663,1.200000000
1784815952.906916857,6.235719919,0.290518126,-0.370563498,1.200000000
1784815952.911139488,6.239942551,0.291750049,-0.372555974,1.200000000
1784815952.916978598,6.245781660,0.292962450,-0.374546910,1.200000000
1784815952.921367645,6.250170708,0.294175294,-0.376578281,1.200000000
1784815952.926990271,6.255793333,0.295411233,-0.378647754,1.200000000
1784815952.931053162,6.259856224,0.296645154,-0.380730704,1.200000000
1784815952.937148094,6.265951157,0.297883846,-0.382813211,1.200000000
1784815952.941275835,6.270078897,0.299126523,-0.384906749,1.200000000
1784815952.946833134,6.275636196,0.300380547,-0.386992583,1.200000000
1784815952.951172352,6.279975414,0.301614934,-0.389067167,1.200000000
1784815952.956958771,6.285761833,0.302611643,-0.391134690,1.200000000
1784815952.961159229,6.289962292,0.303068940,-0.393222945,1.200000000
1784815952.966979027,6.295782089,0.303264531,-0.395316174,1.200000000
1784815952.971216202,6.300019264,0.303618754,-0.397399724,1.200000000
1784815952.976993561,6.305796623,0.304270496,-0.399469300,1.200000000
1784815952.981031895,6.309834957,0.305185954,-0.401525856,1.200000000
1784815952.987040997,6.315844059,0.306281404,-0.403564483,1.200000000
1784815952.991249084,6.320052147,0.307479620,-0.405610559,1.200000000
1784815952.997003794,6.325806856,0.308704437,-0.407653761,1.200000000
1784815953.001393557,6.330196619,0.309932119,-0.409697001,1.200000000
1784815953.006957531,6.335760593,0.311146621,-0.411735461,1.200000000
1784815953.011334896,6.340137959,0.312327760,-0.413761006,1.200000000
1784815953.016825199,6.345628262,0.313489521,-0.415775499,1.200000000
1784815953.021283150,6.350086212,0.314651706,-0.417784019,1.200000000
1784815953.026842356,6.355645418,0.315798513,-0.419793686,1.200000000
1784815953.031230688,6.360033751,0.316958362,-0.421806590,1.200000000
1784815953.037021875,6.365824938,0.318115629,-0.423828872,1.200000000
1784815953.041230440,6.370033503,0.319318423,-0.425845760,1.200000000
1784815953.046982050,6.375785112,0.320496021,-0.427870506,1.200000000
1784815953.051103115,6.379906178,0.321503125,-0.429864420,1.200000000
1784815953.057038546,6.385841608,0.322011756,-0.431846754,1.200000000
1784815953.061259508,6.390062571,0.322331834,-0.433801365,1.200000000
1784815953.066955566,6.395758629,0.322763742,-0.435773586,1.200000000
1784815953.071227312,6.400030375,0.323483023,-0.437724744,1.200000000
1784815953.076954842,6.405757904,0.324415805,-0.439689997,1.200000000
1784815953.081207991,6.410011053,0.325525370,-0.441626901,1.200000000
1784815953.086916208,6.415719271,0.326688323,-0.443580641,1.200000000
1784815953.091315746,6.420118809,0.327919878,-0.445519333,1.200000000
1784815953.096920013,6.425723076,0.329135326,-0.447467743,1.200000000
1784815953.101328611,6.430131674,0.330364885,-0.449393473,1.200000000
1784815953.107040405,6.435843468,0.331568832,-0.451319981,1.200000000
1784815953.111075878,6.439878941,0.332815983,-0.453217220,1.200000000
1784815953.117048264,6.445851326,0.334011753,-0.455113271,1.200000000
1784815953.121172667,6.449975729,0.335250832,-0.457003332,1.200000000
1784815953.126915932,6.455718994,0.336461997,-0.458895784,1.200000000
1784815953.131271362,6.460074425,0.337710912,-0.460788088,1.200000000
1784815953.136857748,6.465660810,0.338937025,-0.462678066,1.200000000
1784815953.141151905,6.469954967,0.340204923,-0.464562977,1.200000000
1784815953.146951199,6.475754261,0.341454090,-0.466440714,1.200000000
1784815953.151159763,6.479962826,0.342749408,-0.468329023,1.200000000
1784815953.157003164,6.485806227,0.343838795,-0.470194224,1.200000000
1784815953.161023378,6.489826441,0.344594713,-0.472028618,1.200000000
1784815953.167013407,6.495816469,0.345122971,-0.473822402,1.200000000
1784815953.171095133,6.499898195,0.345820438,-0.475642965,1.200000000
1784815953.177053452,6.505856514,0.346698300,-0.477477742,1.200000000
1784815953.182961941,6.511765003,0.347835692,-0.479380283,1.200000000
1784815953.187113523,6.515916586,0.349168613,-0.481362797,1.200000000
1784815953.191339016,6.520142078,0.350542064,-0.483307337,1.200000000
1784815953.197706461,6.526509523,0.351870761,-0.485178597,1.200000000
1784815953.201292515,6.530095577,0.353228310,-0.487038845,1.200000000
1784815953.206940174,6.535743237,0.354554071,-0.488860124,1.200000000
1784815953.211169481,6.539972544,0.355867414,-0.490648534,1.200000000
1784815953.217005968,6.545809031,0.357179848,-0.492428322,1.200000000
1784815953.221186876,6.549989939,0.358509721,-0.494218419,1.200000000
1784815953.227024555,6.555827618,0.359850150,-0.496023826,1.200000000
1784815953.231087208,6.559890270,0.361198853,-0.497829337,1.200000000
1784815953.237103462,6.565906525,0.362563570,-0.499638403,1.200000000
1784815953.241283417,6.570086479,0.363939254,-0.501443856,1.200000000
1784815953.247151375,6.575954437,0.365323790,-0.503254932,1.200000000
1784815953.251248598,6.580051661,0.366719462,-0.505055297,1.200000000
1784815953.256849051,6.585652113,0.367987521,-0.506812193,1.200000000
1784815953.261224747,6.590027809,0.369029753,-0.508495413,1.200000000
1784815953.266937494,6.595740557,0.369972258,-0.510149726,1.200000000
1784815953.271219015,6.600022078,0.370999299,-0.511800777,1.200000000
1784815953.276993275,6.605796337,0.372186099,-0.513487575,1.200000000
1784815953.281240940,6.610044003,0.373492487,-0.515187668,1.200000000
1784815953.286986589,6.615789652,0.374914148,-0.516911596,1.200000000
1784815953.291255236,6.620058298,0.376381980,-0.518637332,1.200000000
1784815953.296915293,6.625718355,0.377881768,-0.520370060,1.200000000
1784815953.301235199,6.630038261,0.379381486,-0.522091188,1.200000000
1784815953.307111502,6.635914564,0.380901517,-0.523811052,1.200000000
1784815953.311218262,6.640021324,0.382420525,-0.525523437,1.200000000
1784815953.316942930,6.645745993,0.383958090,-0.527230449,1.200000000
1784815953.321155071,6.649958134,0.385492229,-0.528917736,1.200000000
1784815953.326950073,6.655753136,0.387042765,-0.530595221,1.200000000
1784815953.331146717,6.659949780,0.388583310,-0.532263625,1.200000000
1784815953.337016344,6.665819407,0.390155140,-0.533928023,1.200000000
1784815953.341372967,6.670176029,0.391736665,-0.535595473,1.200000000
1784815953.347048998,6.675852060,0.393354015,-0.537264414,1.200000000
1784815953.351120472,6.679923534,0.394961648,-0.538930230,1.200000000
1784815953.357300758,6.686103821,0.396457995,-0.540591674,1.200000000
1784815953.361185312,6.689988375,0.397611093,-0.542273477,1.200000000
1784815953.366902113,6.695705175,0.398621564,-0.543944444,1.200000000
1784815953.371085644,6.699888706,0.399713629,-0.545598068,1.200000000
1784815953.376854897,6.705657959,0.401015711,-0.547229721,1.200000000
1784815953.381185293,6.709988356,0.402481245,-0.548854973,1.200000000
1784815953.387020588,6.715823650,0.404086505,-0.550476197,1.200000000
1784815953.391471386,6.720274448,0.405761571,-0.552110071,1.200000000
1784815953.396966934,6.725769997,0.407489238,-0.553739643,1.200000000
1784815953.401303530,6.730106592,0.409199400,-0.555359236,1.200000000
1784815953.406785727,6.735588789,0.410908131,-0.556952154,1.200000000
1784815953.411173344,6.739976406,0.412585804,-0.558529690,1.200000000
1784815953.416792631,6.745595694,0.414268988,-0.560092964,1.200000000
1784815953.421197891,6.750000954,0.415936774,-0.561665286,1.200000000
1784815953.426977396,6.755780458,0.417638054,-0.563239440,1.200000000
1784815953.431216240,6.760019302,0.419342736,-0.564824817,1.200000000
1784815953.437044144,6.765847206,0.421074896,-0.566397766,1.200000000
1784815953.441099167,6.769902229,0.422788900,-0.567963985,1.200000000
1784815953.446955681,6.775758743,0.424358594,-0.569544803,1.200000000
1784815953.451361179,6.780164242,0.425536980,-0.571225629,1.200000000
1784815953.456933737,6.785736799,0.426563969,-0.572953474,1.200000000
1784815953.461187840,6.789990902,0.427680810,-0.574654723,1.200000000
1784815953.466792107,6.795595169,0.429010731,-0.576286289,1.200000000
1784815953.471109629,6.799912691,0.430516116,-0.577861960,1.200000000
1784815953.477284908,6.806087971,0.432171385,-0.579399933,1.200000000
1784815953.481126547,6.809929609,0.433899081,-0.580943068,1.200000000
1784815953.487086296,6.815889359,0.435680899,-0.582468003,1.200000000
1784815953.491269827,6.820072889,0.437453911,-0.583994540,1.200000000
1784815953.497037411,6.825840473,0.439227950,-0.585513613,1.200000000
1784815953.501319408,6.830122471,0.440988167,-0.587034069,1.200000000
1784815953.506940603,6.835743666,0.442750346,-0.588545393,1.200000000
1784815953.511247873,6.840050936,0.444503115,-0.590047174,1.200000000
1784815953.516978741,6.845781803,0.446261821,-0.591538519,1.200000000
1784815953.521324396,6.850127459,0.448025510,-0.593034012,1.200000000
1784815953.527004242,6.855807304,0.449790847,-0.594533898,1.200000000
1784815953.531039476,6.859842539,0.451566726,-0.596020492,1.200000000
1784815953.537105322,6.865908384,0.453323073,-0.597497831,1.200000000
1784815953.541210890,6.870013952,0.455117321,-0.598970660,1.200000000
1784815953.546928167,6.875731230,0.456903792,-0.600441808,1.200000000
1784815953.551164865,6.879967928,0.458486248,-0.601945861,1.200000000
1784815953.557112217,6.885915279,0.459488629,-0.603574324,1.200000000
1784815953.561318159,6.890121222,0.460280067,-0.605253236,1.200000000
1784815953.566965103,6.895768166,0.461236555,-0.606897474,1.200000000
1784815953.571196079,6.899999142,0.462532885,-0.608464369,1.200000000
1784815953.576972723,6.905775785,0.464080391,-0.609969788,1.200000000
1784815953.581183910,6.909986973,0.465861668,-0.611429545,1.200000000
1784815953.587041140,6.915844202,0.467719124,-0.612881449,1.200000000
1784815953.591081142,6.919884205,0.469663012,-0.614319014,1.200000000
1784815953.596985579,6.925788641,0.471577020,-0.615757785,1.200000000
1784815953.601349115,6.930152178,0.473523007,-0.617193788,1.200000000
1784815953.607131481,6.935934544,0.475419225,-0.618643215,1.200000000
1784815953.611158609,6.939961672,0.477361609,-0.620087586,1.200000000
1784815953.616775513,6.945578575,0.479252339,-0.621526417,1.200000000
1784815953.621241570,6.950044632,0.481171337,-0.622953535,1.200000000
1784815953.626857758,6.955660820,0.483076248,-0.624380973,1.200000000
1784815953.631336451,6.960139513,0.485039027,-0.625808668,1.200000000
1784815953.637086868,6.965889931,0.487002274,-0.627235551,1.200000000
1784815953.641073465,6.969876528,0.489027075,-0.628654235,1.200000000
1784815953.646988630,6.975791693,0.491016089,-0.630058207,1.200000000
1784815953.651237488,6.980040550,0.492795449,-0.631484942,1.200000000
1784815953.656942129,6.985745192,0.493969835,-0.632994234,1.200000000
1784815953.661345243,6.990148306,0.494906871,-0.634539294,1.200000000
1784815953.666833639,6.995636702,0.496004669,-0.636055865,1.200000000
1784815953.671285391,7.000088453,0.497457086,-0.637526763,1.200000000
1784815953.676941156,7.005744219,0.499187132,-0.638952900,1.200000000
1784815953.681247711,7.010050774,0.501143507,-0.640356451,1.200000000
1784815953.686954975,7.015758038,0.503207230,-0.641749237,1.200000000
1784815953.691225290,7.020028353,0.505332958,-0.643135914,1.200000000
1784815953.696919203,7.025722265,0.507448943,-0.644515635,1.200000000
1784815953.701363564,7.030166626,0.509584738,-0.645894432,1.200000000
1784815953.707045555,7.035848618,0.511702374,-0.647268569,1.200000000
1784815953.711380482,7.040183544,0.513834778,-0.648648852,1.200000000
1784815953.717054605,7.045857668,0.515958028,-0.650030411,1.200000000
1784815953.721243382,7.050046444,0.518095196,-0.651409673,1.200000000
1784815953.727217436,7.056020498,0.520213059,-0.652787668,1.200000000
1784815953.731228113,7.060031176,0.522361067,-0.654160856,1.200000000
1784815953.736895323,7.065698385,0.524495141,-0.655511039,1.200000000
1784815953.741175652,7.069978714,0.526623999,-0.656852373,1.200000000
1784815953.746932030,7.075735092,0.528765786,-0.658191838,1.200000000
1784815953.751259089,7.080062151,0.530656843,-0.659538881,1.200000000
1784815953.757010460,7.085813522,0.531955229,-0.660918831,1.200000000
1784815953.761061907,7.089864969,0.532965898,-0.662307630,1.200000000
1784815953.766813040,7.095616102,0.534171840,-0.663678312,1.200000000
1784815953.771115780,7.099918842,0.535705558,-0.665030437,1.200000000
1784815953.777034998,7.105838060,0.537566624,-0.666373924,1.200000000
1784815953.780955076,7.109758139,0.539648288,-0.667720443,1.200000000
1784815953.786838293,7.115641356,0.541852850,-0.669055164,1.200000000
1784815953.791187525,7.119990587,0.544100605,-0.670389803,1.200000000
1784815953.796917439,7.125720501,0.546386283,-0.671730367,1.200000000
1784815953.801184654,7.129987717,0.548663008,-0.673078054,1.200000000
1784815953.808525562,7.137328625,0.551011124,-0.674445940,1.200000000
1784815953.811190367,7.139993429,0.553367692,-0.675855307,1.200000000
1784815953.816975832,7.145778894,0.555698413,-0.677221248,1.200000000
1784815953.821464300,7.150267363,0.557952426,-0.678539042,1.200000000
1784815953.826767683,7.155570745,0.560199383,-0.679831788,1.200000000
1784815953.831048250,7.159851313,0.562438041,-0.681108801,1.200000000
1784815953.837034702,7.165837765,0.564705301,-0.682383364,1.200000000
1784815953.841293812,7.170096874,0.567015125,-0.683678825,1.200000000
1784815953.846829414,7.175632477,0.569364883,-0.684985412,1.200000000
1784815953.851161718,7.179964781,0.571716771,-0.686297090,1.200000000
1784815953.856840134,7.185643196,0.573767041,-0.687577975,1.200000000
1784815953.861250639,7.190053701,0.575077293,-0.688808167,1.200000000
1784815953.866925478,7.195728540,0.576058299,-0.690010658,1.200000000
1784815953.871187687,7.199990749,0.577277179,-0.691227735,1.200000000
1784815953.876954556,7.205757618,0.578921022,-0.692468671,1.200000000
1784815953.881154537,7.209957600,0.580941596,-0.693734799,1.200000000
1784815953.886965513,7.215768576,0.583223146,-0.695016638,1.200000000
1784815953.891314983,7.220118046,0.585656160,-0.696316917,1.200000000
1784815953.896925926,7.225728989,0.588154396,-0.697621205,1.200000000
1784815953.901221037,7.230024099,0.590665775,-0.698924903,1.200000000
1784815953.906846523,7.235649586,0.593168323,-0.700217111,1.200000000
1784815953.911436319,7.240239382,0.595664327,-0.701502861,1.200000000
1784815953.916965485,7.245768547,0.598173888,-0.702789963,1.200000000
1784815953.921499491,7.250302553,0.600692555,-0.704076745,1.200000000
1784815953.926973581,7.255776644,0.603209388,-0.705359254,1.200000000
1784815953.931219816,7.260022879,0.605716448,-0.706628961,1.200000000
1784815953.937003374,7.265806437,0.608210793,-0.707885535,1.200000000
1784815953.941050768,7.269853830,0.610717037,-0.709137976,1.200000000
1784815953.946781635,7.275584698,0.613221008,-0.710380845,1.200000000
1784815953.951300859,7.280103922,0.615744879,-0.711631687,1.200000000
1784815953.957094908,7.285897970,0.618046382,-0.712866603,1.200000000
1784815953.961112738,7.289915800,0.619804947,-0.714031066,1.200000000
1784815953.967092514,7.295895576,0.621289493,-0.715150755,1.200000000
1784815953.971195936,7.299998999,0.622967290,-0.716284086,1.200000000
1784815953.976787806,7.305590868,0.624972154,-0.717445054,1.200000000
1784815953.981381416,7.310184479,0.627267141,-0.718639000,1.200000000
1784815953.986948967,7.315752029,0.629792526,-0.719867693,1.200000000
1784815953.991142035,7.319945097,0.632428317,-0.721115859,1.200000000
1784815953.996939421,7.325742483,0.635111661,-0.722372320,1.200000000
1784815954.001391411,7.330194473,0.637804441,-0.723624884,1.200000000
1784815954.007024288,7.335827351,0.640512530,-0.724877729,1.200000000
1784815954.011430502,7.340233564,0.643220358,-0.726125426,1.200000000
1784815954.016752243,7.345555305,0.645911597,-0.727360980,1.200000000
1784815954.021211863,7.350014925,0.648578822,-0.728580141,1.200000000
1784815954.027091980,7.355895042,0.651260398,-0.729805507,1.200000000
1784815954.031166315,7.359969378,0.653949298,-0.731028141,1.200000000
1784815954.036885023,7.365688086,0.656656059,-0.732248646,1.200000000
1784815954.041143894,7.369946957,0.659356515,-0.733457740,1.200000000
1784815954.046982765,7.375785828,0.662083653,-0.734665644,1.200000000
1784815954.051336288,7.380139351,0.664543815,-0.735844732,1.200000000
1784815954.057103157,7.385906219,0.666436724,-0.736977708,1.200000000
1784815954.061192751,7.389995813,0.668037789,-0.738082687,1.200000000
1784815954.066794395,7.395597458,0.669831739,-0.739197929,1.200000000
1784815954.071291447,7.400094509,0.671951876,-0.740331188,1.200000000
1784815954.077057123,7.405860186,0.674407111,-0.741500022,1.200000000
1784815954.081163168,7.409966230,0.677097294,-0.742691359,1.200000000
1784815954.087096214,7.415899277,0.679927052,-0.743894409,1.200000000
1784815954.091149330,7.419952393,0.682798598,-0.745096445,1.200000000
1784815954.096994400,7.425797462,0.685685771,-0.746299750,1.200000000
1784815954.101352453,7.430155516,0.688558498,-0.747486491,1.200000000
1784815954.106940269,7.435743332,0.691427811,-0.748672216,1.200000000
1784815954.111149073,7.439952135,0.694286170,-0.749838987,1.200000000
1784815954.116950512,7.445753574,0.697149832,-0.751000276,1.200000000
1784815954.121088505,7.449891567,0.700007655,-0.752153392,1.200000000
1784815954.127011299,7.455814362,0.702873972,-0.753312371,1.200000000
1784815954.131086111,7.459889174,0.705761667,-0.754468771,1.200000000
1784815954.136940241,7.465743303,0.708670218,-0.755626423,1.200000000
1784815954.141666412,7.470469475,0.711612526,-0.756787199,1.200000000
1784815954.146891356,7.475694418,0.714604354,-0.757960176,1.200000000
1784815954.151169538,7.479972601,0.717590391,-0.759118789,1.200000000
1784815954.156859636,7.485662699,0.720294760,-0.760275331,1.200000000
1784815954.161247015,7.490050077,0.722415220,-0.761441603,1.200000000
1784815954.166970015,7.495773077,0.724270948,-0.762619103,1.200000000
1784815954.171161175,7.499964237,0.726331733,-0.763774075,1.200000000
1784815954.176998615,7.505801678,0.728720466,-0.764923303,1.200000000
1784815954.181225538,7.510028601,0.731437449,-0.766036365,1.200000000
1784815954.187232494,7.516035557,0.734379561,-0.767153473,1.200000000
1784815954.191075802,7.519878864,0.737458438,-0.768237749,1.200000000
1784815954.196990728,7.525793791,0.740571823,-0.769327889,1.200000000
1784815954.201347828,7.530150890,0.743707722,-0.770385418,1.200000000
1784815954.207089663,7.535892725,0.746839840,-0.771450409,1.200000000
1784815954.211193323,7.539996386,0.749981363,-0.772487146,1.200000000
1784815954.216948748,7.545751810,0.753117038,-0.773520520,1.200000000
1784815954.221157789,7.549960852,0.756238642,-0.774536451,1.200000000
1784815954.226945877,7.555748940,0.759347662,-0.775558741,1.200000000
1784815954.231216431,7.560019493,0.762484638,-0.776574570,1.200000000
1784815954.237062454,7.565865517,0.765640315,-0.777601394,1.200000000
1784815954.241190434,7.569993496,0.768816124,-0.778619805,1.200000000
1784815954.246790648,7.575593710,0.771980577,-0.779632970,1.200000000
1784815954.251310349,7.580113411,0.775006872,-0.780658702,1.200000000
1784815954.256939173,7.585742235,0.777764119,-0.781747795,1.200000000
1784815954.261217594,7.590020657,0.780397336,-0.782861376,1.200000000
1784815954.266778469,7.595581532,0.783126751,-0.783956694,1.200000000
1784815954.271234512,7.600037575,0.786031058,-0.785017998,1.200000000
1784815954.276930809,7.605733871,0.789103679,-0.786044782,1.200000000
1784815954.281347990,7.610151052,0.792307181,-0.787056316,1.200000000
1784815954.286956072,7.615759134,0.795585682,-0.788054582,1.200000000
1784815954.291271925,7.620074987,0.798900327,-0.789048028,1.200000000
1784815954.296914101,7.625717163,0.802210732,-0.790030145,1.200000000
1784815954.301297903,7.630100965,0.805507845,-0.791012606,1.200000000
1784815954.306998014,7.635801077,0.808813977,-0.791984772,1.200000000
1784815954.311090708,7.639893770,0.812123129,-0.792958931,1.200000000
1784815954.316935062,7.645738125,0.815425100,-0.793920028,1.200000000
1784815954.321165800,7.649968863,0.818742727,-0.794887104,1.200000000
1784815954.327202559,7.656005621,0.822103740,-0.795846422,1.200000000
1784815954.331159115,7.659962177,0.825476387,-0.796813962,1.200000000
1784815954.337287903,7.666090965,0.828878169,-0.797766070,1.200000000
1784815954.341282368,7.670085430,0.832297425,-0.798716770,1.200000000
1784815954.346964598,7.675767660,0.835711650,-0.799646770,1.200000000
1784815954.351330042,7.680133104,0.839109608,-0.800568178,1.200000000
1784815954.357558966,7.686362028,0.842354902,-0.801495567,1.200000000
1784815954.361181259,7.689984322,0.845271051,-0.802500229,1.200000000
1784815954.366936922,7.695739985,0.847995471,-0.803511723,1.200000000
1784815954.371022224,7.699825287,0.850795086,-0.804483773,1.200000000
1784815954.377012253,7.705815315,0.853815337,-0.805411269,1.200000000
1784815954.381163120,7.709966183,0.857063234,-0.806309036,1.200000000
1784815954.387084246,7.715887308,0.860498393,-0.807189151,1.200000000
1784815954.391211748,7.720014811,0.864030865,-0.808057397,1.200000000
1784815954.396981001,7.725784063,0.867611341,-0.808912658,1.200000000
1784815954.401204109,7.730007172,0.871200668,-0.809751625,1.200000000
1784815954.406951427,7.735754490,0.874787699,-0.810581919,1.200000000
1784815954.411132574,7.739935637,0.878372448,-0.811395899,1.200000000
1784815954.416954517,7.745757580,0.881961668,-0.812208321,1.200000000
1784815954.421331406,7.750134468,0.885569853,-0.813019878,1.200000000
1784815954.426975489,7.755778551,0.889207495,-0.813834989,1.200000000
1784815954.431077719,7.759880781,0.892843634,-0.814645380,1.200000000
1784815954.437076807,7.765879869,0.896488504,-0.815450239,1.200000000
1784815954.441177368,7.769980431,0.900154787,-0.816245532,1.200000000
1784815954.446830273,7.775633335,0.903828234,-0.817032390,1.200000000
1784815954.451139927,7.779942989,0.907343931,-0.817834406,1.200000000
1784815954.456900835,7.785703897,0.910543324,-0.818703895,1.200000000
1784815954.461294174,7.790097237,0.913611190,-0.819602435,1.200000000
1784815954.466970682,7.795773745,0.916802659,-0.820473410,1.200000000
1784815954.471293688,7.800096750,0.920206758,-0.821302580,1.200000000
1784815954.476967096,7.805770159,0.923795941,-0.822085863,1.200000000
1784815954.481054783,7.809857845,0.927498366,-0.822841626,1.200000000
1784815954.487097502,7.815900564,0.931262275,-0.823583535,1.200000000
1784815954.491128922,7.819931984,0.935072695,-0.824322756,1.200000000
1784815954.496970415,7.825773478,0.938910405,-0.825054061,1.200000000
1784815954.501327753,7.830130816,0.942750323,-0.825783348,1.200000000
1784815954.507027864,7.835830927,0.946611827,-0.826503053,1.200000000
1784815954.511153221,7.839956284,0.950464740,-0.827219987,1.200000000
1784815954.516856670,7.845659733,0.954296408,-0.827922749,1.200000000
1784815954.521294594,7.850097656,0.958127345,-0.828627139,1.200000000
1784815954.526976109,7.855779171,0.961991169,-0.829332499,1.200000000
1784815954.531288624,7.860091686,0.965880614,-0.830040956,1.200000000
1784815954.537204742,7.866007805,0.969804439,-0.830743633,1.200000000
1784815954.541200638,7.870003700,0.973746590,-0.831443584,1.200000000
1784815954.547008038,7.875811100,0.977684421,-0.832125868,1.200000000
1784815954.551257849,7.880060911,0.981503731,-0.832810212,1.200000000
1784815954.556929827,7.885732889,0.985149283,-0.833522274,1.200000000
1784815954.561065197,7.889868259,0.988684594,-0.834246098,1.200000000
1784815954.567101717,7.895904779,0.992306425,-0.834952912,1.200000000
1784815954.571170092,7.899973154,0.996066196,-0.835648052,1.200000000
1784815954.576930285,7.905733347,0.999954620,-0.836320627,1.200000000
1784815954.581242800,7.910045862,1.003914530,-0.836981233,1.200000000
1784815954.586852312,7.915655375,1.007929682,-0.837635513,1.200000000
1784815954.591159821,7.919962883,1.011954969,-0.838281911,1.200000000
1784815954.596916914,7.925719976,1.015996408,-0.838924930,1.200000000
1784815954.601439238,7.930242300,1.020058245,-0.839564115,1.200000000
1784815954.607010603,7.935813665,1.024156899,-0.840201227,1.200000000
1784815954.611096382,7.939899445,1.028248048,-0.840831446,1.200000000
1784815954.617063284,7.945866346,1.032343858,-0.841448427,1.200000000
1784815954.621325493,7.950128555,1.036439904,-0.842069342,1.200000000
1784815954.626817465,7.955620527,1.040556131,-0.842693534,1.200000000
1784815954.631281614,7.960084677,1.044657311,-0.843318176,1.200000000
1784815954.637019157,7.965822220,1.048773809,-0.843943665,1.200000000
1784815954.641119957,7.969923019,1.052901207,-0.844568977,1.200000000
1784815954.646968365,7.975771427,1.057042546,-0.845188728,1.200000000
1784815954.651324987,7.980128050,1.061093393,-0.845819250,1.200000000
1784815954.656946659,7.985749722,1.064960621,-0.846495005,1.200000000
1784815954.661056042,7.989859104,1.068716641,-0.847184343,1.200000000
1784815954.667012930,7.995815992,1.072551199,-0.847851418,1.200000000
1784815954.671088934,7.999891996,1.076518621,-0.848474577,1.200000000
1784815954.676924467,8.005727530,1.080623290,-0.849067859,1.200000000
1784815954.681331635,8.010134697,1.084834867,-0.849637208,1.200000000
1784815954.686806440,8.015609503,1.089117047,-0.850193582,1.200000000
1784815954.691259861,8.020062923,1.093417154,-0.850740099,1.200000000
1784815954.696994543,8.025797606,1.097730460,-0.851283366,1.200000000
1784815954.701308012,8.030111074,1.102052874,-0.851826833,1.200000000
1784815954.706946135,8.035749197,1.106381947,-0.852369900,1.200000000
1784815954.711320162,8.040123224,1.110704447,-0.852912525,1.200000000
1784815954.716968536,8.045771599,1.115025434,-0.853460140,1.200000000
1784815954.721038103,8.049841166,1.119329671,-0.854008193,1.200000000
1784815954.727048159,8.055851221,1.123632443,-0.854553142,1.200000000
1784815954.731117487,8.059920549,1.127951870,-0.855110109,1.200000000
1784815954.736977339,8.065780401,1.132308982,-0.855656056,1.200000000
1784815954.741329908,8.070132971,1.136692145,-0.856202981,1.200000000
1784815954.746797085,8.075600147,1.141089811,-0.856742618,1.200000000
1784815954.751259565,8.080062628,1.145323371,-0.857303929,1.200000000
1784815954.756973505,8.085776567,1.149227756,-0.857914322,1.200000000
1784815954.761329174,8.090132236,1.152973527,-0.858560519,1.200000000
1784815954.766949177,8.095752239,1.156847242,-0.859179328,1.200000000
1784815954.772814512,8.101617575,1.161010106,-0.859767358,1.200000000
1784815954.776955843,8.105758905,1.165444511,-0.860337317,1.200000000
1784815954.781057119,8.109860182,1.169897790,-0.860866102,1.200000000
1784815954.786801815,8.115604877,1.174250100,-0.861346849,1.200000000
1784815954.791121483,8.119924545,1.178564861,-0.861827955,1.200000000
1784815954.796919823,8.125722885,1.182938717,-0.862303108,1.200000000
1784815954.801344872,8.130147934,1.187370987,-0.862790938,1.200000000
1784815954.806816578,8.135619640,1.191845418,-0.863277398,1.200000000
1784815954.811203480,8.140006542,1.196323789,-0.863771257,1.200000000
1784815954.816964865,8.145767927,1.200826265,-0.864254562,1.200000000
1784815954.821232080,8.150035143,1.205324158,-0.864761671,1.200000000
1784815954.826919317,8.155722380,1.209828691,-0.865261222,1.200000000
1784815954.831163883,8.159966946,1.214329896,-0.865778036,1.200000000
1784815954.836958408,8.165761471,1.218839507,-0.866283480,1.200000000
1784815954.841196299,8.169999361,1.223343173,-0.866798853,1.200000000
1784815954.847125769,8.175928831,1.227894553,-0.867304563,1.200000000
1784815954.851113319,8.179916382,1.232444340,-0.867822732,1.200000000
1784815954.857003450,8.185806513,1.236859310,-0.868332803,1.200000000
1784815954.861175776,8.189978838,1.240947377,-0.868868388,1.200000000
1784815954.867063284,8.195866346,1.244906665,-0.869400669,1.200000000
1784815954.871191502,8.199994564,1.248956801,-0.869931866,1.200000000
1784815954.876835346,8.205638409,1.253190272,-0.870440620,1.200000000
1784815954.881180048,8.209983110,1.257563930,-0.870941333,1.200000000
1784815954.886956692,8.215759754,1.262066215,-0.871427086,1.200000000
1784815954.891271114,8.220074177,1.266645329,-0.871920018,1.200000000
1784815954.896933556,8.225736618,1.271279842,-0.872408439,1.200000000
1784815954.901327133,8.230130196,1.275909352,-0.872901163,1.200000000
1784815954.906785250,8.235588312,1.280537869,-0.873391158,1.200000000
1784815954.911103249,8.239906311,1.285126212,-0.873874554,1.200000000
1784815954.916923046,8.245726109,1.289700017,-0.874358013,1.200000000
1784815954.921236277,8.250039339,1.294289663,-0.874849778,1.200000000
1784815954.926929951,8.255733013,1.298910700,-0.875346933,1.200000000
1784815954.931195498,8.259998560,1.303528634,-0.875838981,1.200000000
1784815954.936838150,8.265641212,1.308147098,-0.876335111,1.200000000
1784815954.941257954,8.270061016,1.312767627,-0.876821836,1.200000000
1784815954.947030067,8.275833130,1.317417953,-0.877312086,1.200000000
1784815954.951332569,8.280135632,1.321912870,-0.877827115,1.200000000
1784815954.956983805,8.285786867,1.326027746,-0.878424592,1.200000000
1784815954.961128473,8.289931536,1.329939937,-0.879047171,1.200000000
1784815954.966973543,8.295776606,1.333966621,-0.879650712,1.200000000
1784815954.971306324,8.300109386,1.338200894,-0.880196509,1.200000000
1784815954.976834059,8.305637121,1.342637990,-0.880709365,1.200000000
1784815954.981098175,8.309901237,1.347195958,-0.881177591,1.200000000
1784815954.986826181,8.315629244,1.351830570,-0.881637765,1.200000000
1784815954.991242170,8.320045233,1.356494709,-0.882086229,1.200000000
1784815954.997116566,8.325919628,1.361210656,-0.882539023,1.200000000
1784815955.001329422,8.330132484,1.365958926,-0.882985629,1.200000000
1784815955.007007599,8.335810661,1.370694550,-0.883437711,1.200000000
1784815955.011310101,8.340113163,1.375396392,-0.883890854,1.200000000
1784815955.016963482,8.345766544,1.380083554,-0.884350607,1.200000000
1784815955.021203518,8.350006580,1.384741606,-0.884811914,1.200000000
1784815955.027012110,8.355815172,1.389391215,-0.885285485,1.200000000
1784815955.031135321,8.359938383,1.394046656,-0.885756916,1.200000000
1784815955.037076473,8.365879536,1.398715001,-0.886230849,1.200000000
1784815955.041083336,8.369886398,1.403387880,-0.886696949,1.200000000
1784815955.046936274,8.375739336,1.408063975,-0.887160966,1.200000000
1784815955.051179409,8.379982471,1.412602251,-0.887618883,1.200000000
1784815955.056985378,8.385788441,1.416824757,-0.888070189,1.200000000
1784815955.061222315,8.390025377,1.420902516,-0.888518875,1.200000000
1784815955.066822290,8.395625353,1.425072239,-0.888977871,1.200000000
1784815955.071166039,8.399969101,1.429409606,-0.889439123,1.200000000
1784815955.076981783,8.405784845,1.433921421,-0.889905664,1.200000000
1784815955.081025124,8.409828186,1.438570071,-0.890370646,1.200000000
1784815955.087047577,8.415850639,1.443292528,-0.890832835,1.200000000
1784815955.091070414,8.419873476,1.448040287,-0.891290724,1.200000000
1784815955.097002745,8.425805807,1.452787494,-0.891748796,1.200000000
1784815955.101389408,8.430192471,1.457553050,-0.892205292,1.200000000
1784815955.107121229,8.435924292,1.462330110,-0.892664047,1.200000000
1784815955.111271858,8.440074921,1.467095142,-0.893116287,1.200000000
1784815955.116963863,8.445766926,1.471825618,-0.893568647,1.200000000
1784815955.121360540,8.450163603,1.476540686,-0.894020931,1.200000000
1784815955.126958132,8.455761194,1.481244933,-0.894476591,1.200000000
1784815955.131183147,8.459986210,1.485949467,-0.894928983,1.200000000
1784815955.137031078,8.465834141,1.490660257,-0.895381501,1.200000000
1784815955.141089439,8.469892502,1.495372080,-0.895816239,1.200000000
1784815955.147018671,8.475821733,1.500086397,-0.896249189,1.200000000
1784815955.151073933,8.479876995,1.504824985,-0.896666707,1.200000000
1784815955.156942129,8.485745192,1.509407238,-0.897071200,1.200000000
1784815955.161187410,8.489990473,1.513581928,-0.897406917,1.200000000
1784815955.166781902,8.495584965,1.517576942,-0.897721466,1.200000000
1784815955.171219110,8.500022173,1.521690010,-0.898032083,1.200000000
1784815955.176860571,8.505663633,1.526022026,-0.898372014,1.200000000
1784815955.181805849,8.510608912,1.530610159,-0.898717310,1.200000000
1784815955.186949968,8.515753031,1.535397526,-0.899082623,1.200000000
1784815955.191142082,8.519945145,1.540223031,-0.899439724,1.200000000
1784815955.196959734,8.525762796,1.544994819,-0.899803078,1.200000000
1784815955.201350927,8.530153990,1.549769591,-0.900149820,1.200000000
1784815955.207023621,8.535826683,1.554571504,-0.900503758,1.200000000
1784815955.211079836,8.539882898,1.559365177,-0.900839203,1.200000000
1784815955.216921568,8.545724630,1.564122611,-0.901175976,1.200000000
1784815955.221200466,8.550003529,1.568890646,-0.901500810,1.200000000
1784815955.226836920,8.555639982,1.573661262,-0.901831401,1.200000000
1784815955.231329203,8.560132265,1.578440967,-0.902157975,1.200000000
1784815955.237274170,8.566077232,1.583269223,-0.902491977,1.200000000
1784815955.241369009,8.570172071,1.588140610,-0.902812715,1.200000000
1784815955.246974230,8.575777292,1.592986306,-0.903130112,1.200000000
1784815955.251103640,8.579906702,1.597670436,-0.903401456,1.200000000
1784815955.256911039,8.585714102,1.602077513,-0.903606479,1.200000000
1784815955.261291265,8.590094328,1.606381326,-0.903766844,1.200000000
1784815955.267021656,8.595824718,1.610790775,-0.903952953,1.200000000
1784815955.271070004,8.599873066,1.615347522,-0.904165875,1.200000000
1784815955.276922464,8.605725527,1.620022591,-0.904408755,1.200000000
1784815955.281202316,8.610005379,1.624787800,-0.904667675,1.200000000
1784815955.287068844,8.615871906,1.629623217,-0.904943537,1.200000000
1784815955.291176558,8.619979620,1.634503090,-0.905218207,1.200000000
1784815955.296981573,8.625784636,1.639377278,-0.905492234,1.200000000
1784815955.301235914,8.630038977,1.644240250,-0.905751402,1.200000000
1784815955.306930065,8.635733128,1.649094512,-0.906001011,1.200000000
1784815955.311154604,8.639957666,1.653942027,-0.906234360,1.200000000
1784815955.317040682,8.645843744,1.658786983,-0.906457345,1.200000000
1784815955.321303129,8.650106192,1.663661943,-0.906668728,1.200000000
1784815955.327000856,8.655803919,1.668555994,-0.906876661,1.200000000
1784815955.331125498,8.659928560,1.673444329,-0.907082912,1.200000000
1784815955.337271690,8.666074753,1.678325658,-0.907282975,1.200000000
1784815955.341318846,8.670121908,1.683245468,-0.907487783,1.200000000
1784815955.346784353,8.675587416,1.688151472,-0.907681947,1.200000000
1784815955.351426601,8.680229664,1.693027956,-0.907877348,1.200000000
1784815955.356885910,8.685688972,1.697620822,-0.907998849,1.200000000
1784815955.361959457,8.690762520,1.701586913,-0.907941863,1.200000000
1784815955.366923094,8.695726156,1.705282371,-0.907806321,1.200000000
1784815955.371158838,8.699961901,1.709138668,-0.907728132,1.200000000
1784815955.377443552,8.706246614,1.713311518,-0.907730233,1.200000000
1784815955.381152153,8.709955215,1.717844180,-0.907836291,1.200000000
1784815955.387191057,8.715994120,1.722606658,-0.907986946,1.200000000
1784815955.391332150,8.720135212,1.727495765,-0.908173614,1.200000000
1784815955.396950960,8.725754023,1.732445102,-0.908366586,1.200000000
1784815955.401223421,8.730026484,1.737380466,-0.908554361,1.200000000
1784815955.406820297,8.735623360,1.742291099,-0.908728890,1.200000000
1784815955.411157608,8.739960670,1.747175030,-0.908891732,1.200000000
1784815955.416955471,8.745758533,1.752066373,-0.909041366,1.200000000
1784815955.421196461,8.749999523,1.756976370,-0.909183500,1.200000000
1784815955.426933765,8.755736828,1.761900921,-0.909321340,1.200000000
1784815955.431211233,8.760014296,1.766830343,-0.909450628,1.200000000
1784815955.437035322,8.765838385,1.771789745,-0.909579370,1.200000000
1784815955.441059589,8.769862652,1.776742130,-0.909697544,1.200000000
1784815955.446982622,8.775785685,1.781680232,-0.909811358,1.200000000
1784815955.451293945,8.780097008,1.786360890,-0.909866339,1.200000000
1784815955.457007647,8.785810709,1.790453478,-0.909798526,1.200000000
1784815955.461044312,8.789847374,1.794226348,-0.909661182,1.200000000
1784815955.467094421,8.795897484,1.798178091,-0.909564741,1.200000000
1784815955.471227407,8.800030470,1.802472243,-0.909520395,1.200000000
1784815955.476949453,8.805752516,1.807089276,-0.909537384,1.200000000
1784815955.481228352,8.810031414,1.811909064,-0.909585287,1.200000000
1784815955.486942053,8.815745115,1.816863158,-0.909654492,1.200000000
1784815955.491200924,8.820003986,1.821855514,-0.909726185,1.200000000
1784815955.496921539,8.825724602,1.826862765,-0.909802765,1.200000000
1784815955.501383066,8.830186129,1.831868559,-0.909869096,1.200000000
1784815955.506762743,8.835565805,1.836868971,-0.909931832,1.200000000
1784815955.511161327,8.839964390,1.841821996,-0.909987804,1.200000000
1784815955.517040014,8.845843077,1.846774899,-0.910041462,1.200000000
1784815955.521234989,8.850038052,1.851738728,-0.910092836,1.200000000
1784815955.527108908,8.855911970,1.856720087,-0.910149258,1.200000000
1784815955.531257153,8.860060215,1.861700942,-0.910202969,1.200000000
1784815955.536938190,8.865741253,1.866683924,-0.910255590,1.200000000
1784815955.541259766,8.870062828,1.871629700,-0.910299360,1.200000000
1784815955.546979666,8.875782728,1.876580604,-0.910341090,1.200000000
1784815955.551190615,8.879993677,1.881335851,-0.910332425,1.200000000
1784815955.556990385,8.885793447,1.885658035,-0.910240374,1.200000000
1784815955.561252594,8.890055656,1.889754073,-0.910092859,1.200000000
1784815955.566812992,8.895616055,1.893999939,-0.909970547,1.200000000
1784815955.571124554,8.899927616,1.898457654,-0.909880041,1.200000000
1784815955.577041149,8.905844212,1.903169060,-0.909834775,1.200000000
1784815955.581178665,8.909981728,1.908048215,-0.909806914,1.200000000
1784815955.587111235,8.915914297,1.913050620,-0.909805112,1.200000000
1784815955.591165066,8.919968128,1.918073687,-0.909790648,1.200000000
1784815955.596978426,8.925781488,1.923094726,-0.909786839,1.200000000
1784815955.601367950,8.930171013,1.928099785,-0.909761608,1.200000000
1784815955.606959105,8.935762167,1.933124994,-0.909734153,1.200000000
1784815955.611266375,8.940069437,1.938125743,-0.909686554,1.200000000
1784815955.616957188,8.945760250,1.943111304,-0.909643411,1.200000000
1784815955.621153593,8.949956656,1.948061484,-0.909575299,1.200000000
1784815955.627021551,8.955824614,1.953016149,-0.909520687,1.200000000
1784815955.631080389,8.959883451,1.957942195,-0.909443230,1.200000000
1784815955.636996031,8.965799093,1.962894912,-0.909378419,1.200000000
1784815955.641505957,8.970309019,1.967869106,-0.909287944,1.200000000
1784815955.647117615,8.975920677,1.972890593,-0.909200282,1.200000000
1784815955.651208639,8.980011702,1.977665880,-0.909056883,1.200000000
1784815955.656956196,8.985759258,1.981938904,-0.908855875,1.200000000
1784815955.661257982,8.990061045,1.985931246,-0.908604174,1.200000000
1784815955.666958809,8.995761871,1.990080644,-0.908385411,1.200000000
1784815955.671135902,8.999938965,1.994478547,-0.908186790,1.200000000
1784815955.676984787,9.005787849,1.999135116,-0.908026089,1.200000000
1784815955.681377888,9.010180950,2.003962714,-0.907876691,1.200000000
1784815955.686999798,9.015802860,2.008921341,-0.907746312,1.200000000
1784815955.691130877,9.019933939,2.013896965,-0.907614424,1.200000000
1784815955.697231293,9.026034355,2.018877145,-0.907496473,1.200000000
1784815955.701337337,9.030140400,2.023845841,-0.907355017,1.200000000
1784815955.707111120,9.035914183,2.028814213,-0.907209442,1.200000000
1784815955.711261034,9.040064096,2.033741622,-0.907043992,1.200000000
1784815955.716919661,9.045722723,2.038646063,-0.906882550,1.200000000
1784815955.721301556,9.050104618,2.043510610,-0.906703845,1.200000000
1784815955.726941109,9.055744171,2.048375072,-0.906530999,1.200000000
1784815955.732558966,9.061362028,2.053323078,-0.906340847,1.200000000
1784815955.737023115,9.065826178,2.058363770,-0.906130435,1.200000000
1784815955.741397858,9.070200920,2.063335025,-0.905913698,1.200000000
1784815955.746965408,9.075768471,2.068180703,-0.905698648,1.200000000
1784815955.751132965,9.079936028,2.072950515,-0.905466800,1.200000000
1784815955.756930828,9.085733891,2.077522713,-0.905213620,1.200000000
1784815955.761182308,9.089985371,2.081699791,-0.904899416,1.200000000
1784815955.766825676,9.095628738,2.085713637,-0.904562232,1.200000000
1784815955.771436453,9.100239515,2.089885980,-0.904221097,1.200000000
1784815955.776865244,9.105668306,2.094323008,-0.903896958,1.200000000
1784815955.780932426,9.109735489,2.098931329,-0.903581019,1.200000000
1784815955.786978245,9.115781307,2.103657845,-0.903283679,1.200000000
1784815955.791128397,9.119931459,2.108464219,-0.902985304,1.200000000
1784815955.796913385,9.125716448,2.113312326,-0.902693460,1.200000000
1784815955.801309586,9.130112648,2.118176010,-0.902392833,1.200000000
1784815955.807134867,9.135937929,2.123058235,-0.902085153,1.200000000
1784815955.811128378,9.139931440,2.127925378,-0.901760279,1.200000000
1784815955.817013264,9.145816326,2.132750250,-0.901432253,1.200000000
1784815955.821182966,9.149986029,2.137540148,-0.901091949,1.200000000
1784815955.827100515,9.155903578,2.142328632,-0.900746299,1.200000000
1784815955.831255913,9.160058975,2.147114861,-0.900388362,1.200000000
1784815955.836940527,9.165743589,2.151890437,-0.900022639,1.200000000
1784815955.841719151,9.170522213,2.156672404,-0.899632060,1.200000000
1784815955.849276304,9.178079367,2.161636499,-0.899216209,1.200000000
1784815955.851159573,9.179962635,2.166717180,-0.898752178,1.200000000
1784815955.856925964,9.185729027,2.171575946,-0.898310468,1.200000000
1784815955.861116648,9.189919710,2.175908066,-0.897882204,1.200000000
1784815955.866979599,9.195782661,2.179595395,-0.897468270,1.200000000
1784815955.871061802,9.199864864,2.183032164,-0.897037848,1.200000000
1784815955.877062798,9.205865860,2.186705023,-0.896589147,1.200000000
1784815955.881084681,9.209887743,2.190761911,-0.896115728,1.200000000
1784815955.886930466,9.215733528,2.195125600,-0.895633648,1.200000000
1784815955.891341925,9.220144987,2.199716060,-0.895133771,1.200000000
1784815955.897239923,9.226042986,2.204460837,-0.894623388,1.200000000
1784815955.901330233,9.230133295,2.209254729,-0.894102751,1.200000000
1784815955.906799793,9.235602856,2.213989232,-0.893576014,1.200000000
1784815955.911179066,9.239982128,2.218651654,-0.893046871,1.200000000
1784815955.916963100,9.245766163,2.223277665,-0.892506197,1.200000000
1784815955.921247005,9.250050068,2.227890758,-0.891951936,1.200000000
1784815955.926984787,9.255787849,2.232515829,-0.891384271,1.200000000
1784815955.931166410,9.259969473,2.237137966,-0.890804177,1.200000000
1784815955.937075615,9.265878677,2.241748229,-0.890211645,1.200000000
1784815955.941197157,9.270000219,2.246364464,-0.889604886,1.200000000
1784815955.947103024,9.275906086,2.250988306,-0.888982003,1.200000000
1784815955.951509953,9.280313015,2.255413867,-0.888355585,1.200000000
1784815955.956956387,9.285759449,2.259383100,-0.887772022,1.200000000
1784815955.961236000,9.290039062,2.263095291,-0.887210023,1.200000000
1784815955.966997862,9.295800924,2.266913623,-0.886628491,1.200000000
1784815955.971199274,9.300002337,2.270963205,-0.886017656,1.200000000
1784815955.976975441,9.305778503,2.275234654,-0.885374261,1.200000000
1784815955.981236458,9.310039520,2.279670952,-0.884702011,1.200000000
1784815955.986796618,9.315599680,2.284193028,-0.884011912,1.200000000
1784815955.991188049,9.319991112,2.288731777,-0.883311390,1.200000000
1784815955.996987343,9.325790405,2.293277358,-0.882599567,1.200000000
1784815956.001366615,9.330169678,2.297842527,-0.881873806,1.200000000
1784815956.006948709,9.335751772,2.302401180,-0.881134551,1.200000000
1784815956.011262894,9.340065956,2.306926170,-0.880379784,1.200000000
1784815956.016847849,9.345650911,2.311415606,-0.879617515,1.200000000
1784815956.021238089,9.350041151,2.315873694,-0.878841964,1.200000000
1784815956.026942492,9.355745554,2.320332671,-0.878052843,1.200000000
1784815956.031181574,9.359984636,2.324787072,-0.877248095,1.200000000
1784815956.037100792,9.365903854,2.329254341,-0.876431052,1.200000000
1784815956.041100979,9.369904041,2.333722069,-0.875595418,1.200000000
1784815956.046974421,9.375777483,2.338170974,-0.874750281,1.200000000
1784815956.051072359,9.379875422,2.342386485,-0.873893385,1.200000000
1784815956.057000637,9.385803699,2.346124607,-0.873054343,1.200000000
1784815956.061142206,9.389945269,2.349636962,-0.872221337,1.200000000
1784815956.066824436,9.395627499,2.353284065,-0.871380042,1.200000000
1784815956.071241140,9.400044203,2.357182486,-0.870526751,1.200000000
1784815956.076971531,9.405774593,2.361329338,-0.869658137,1.200000000
1784815956.081193686,9.409996748,2.365644421,-0.868772303,1.200000000
1784815956.086931467,9.415734529,2.370041206,-0.867872054,1.200000000
1784815956.091143370,9.419946432,2.374452069,-0.866965768,1.200000000
1784815956.096989632,9.425792694,2.378854600,-0.866055442,1.200000000
1784815956.101521730,9.430324793,2.383264543,-0.865127686,1.200000000
1784815956.107004404,9.435807467,2.387679300,-0.864182261,1.200000000
1784815956.111354828,9.440157890,2.392061403,-0.863217696,1.200000000
1784815956.116800785,9.445603848,2.396395325,-0.862242478,1.200000000
1784815956.121184587,9.449987650,2.400687025,-0.861259312,1.200000000
1784815956.127079964,9.455883026,2.404969621,-0.860262927,1.200000000
1784815956.131253481,9.460056543,2.409275518,-0.859247143,1.200000000
1784815956.136916399,9.465719461,2.413588245,-0.858221214,1.200000000
1784815956.141350031,9.470153093,2.417888431,-0.857179444,1.200000000
1784815956.146976233,9.475779295,2.422195364,-0.856120501,1.200000000
1784815956.151144981,9.479948044,2.426274478,-0.855075789,1.200000000
1784815956.157008410,9.485811472,2.429879184,-0.854099312,1.200000000
1784815956.161347866,9.490150928,2.433257216,-0.853151410,1.200000000
1784815956.167044878,9.495847940,2.436789533,-0.852179353,1.200000000
1784815956.171116829,9.499919891,2.440565986,-0.851169639,1.200000000
1784815956.177075624,9.505878687,2.444552644,-0.850122907,1.200000000
1784815956.181174040,9.509977102,2.448694876,-0.849044789,1.200000000
1784815956.186938763,9.515741825,2.452920685,-0.847937542,1.200000000
1784815956.191338062,9.520141125,2.457181642,-0.846817252,1.200000000
1784815956.196988821,9.525791883,2.461444149,-0.845679923,1.200000000
1784815956.201294184,9.530097246,2.465695284,-0.844535023,1.200000000
1784815956.206972599,9.535775661,2.469921837,-0.843378899,1.200000000
1784815956.211300850,9.540103912,2.474134561,-0.842208345,1.200000000
1784815956.217086792,9.545889854,2.478328189,-0.841017638,1.200000000
1784815956.221355677,9.550158739,2.482536876,-0.839813279,1.200000000
1784815956.227073431,9.555876493,2.486735662,-0.838589376,1.200000000
1784815956.231062412,9.559865475,2.490909925,-0.837372206,1.200000000
1784815956.236944437,9.565747499,2.495044712,-0.836155112,1.200000000
1784815956.241369247,9.570172310,2.499181213,-0.834928778,1.200000000
1784815956.246841908,9.575644970,2.503324586,-0.833684981,1.200000000
1784815956.251217604,9.580020666,2.507462357,-0.832434538,1.200000000
1784815956.256855488,9.585658550,2.511432122,-0.831182766,1.200000000
1784815956.261212826,9.590015888,2.515073188,-0.829962215,1.200000000
1784815956.266923666,9.595726728,2.518546242,-0.828742480,1.200000000
1784815956.271090508,9.599893570,2.522120401,-0.827512478,1.200000000
1784815956.276946545,9.605749607,2.525873522,-0.826260171,1.200000000
1784815956.281326056,9.610129118,2.529803424,-0.824974637,1.200000000
1784815956.286816359,9.615619421,2.533857296,-0.823665945,1.200000000
1784815956.291252851,9.620055914,2.537960622,-0.822345595,1.200000000
1784815956.296915054,9.625718117,2.542077486,-0.821015589,1.200000000
1784815956.301159143,9.629962206,2.546180891,-0.819680678,1.200000000
1784815956.307053089,9.635856152,2.550267265,-0.818336061,1.200000000
1784815956.311229467,9.640032530,2.554351824,-0.816979781,1.200000000
1784815956.316941023,9.645744085,2.558413693,-0.815609469,1.200000000
1784815956.321293592,9.650096655,2.562462734,-0.814237057,1.200000000
1784815956.326949596,9.655752659,2.566510680,-0.812859577,1.200000000
1784815956.331131220,9.659934282,2.570540714,-0.811483384,1.200000000
1784815956.336984158,9.665787220,2.574547116,-0.810109691,1.200000000
1784815956.341262341,9.670065403,2.578555582,-0.808724241,1.200000000
1784815956.346975327,9.675778389,2.582568713,-0.807315929,1.200000000
1784815956.351111412,9.679914474,2.586572814,-0.805898631,1.200000000
1784815956.357172489,9.685975552,2.590340185,-0.804508088,1.200000000
1784815956.361044407,9.689847469,2.593592353,-0.803230212,1.200000000
1784815956.367047071,9.695850134,2.596571114,-0.802000728,1.200000000
1784815956.371159792,9.699962854,2.599705111,-0.800726742,1.200000000
1784815956.376949549,9.705752611,2.603115614,-0.799372883,1.200000000
1784815956.381239414,9.710042477,2.606789797,-0.797948872,1.200000000
1784815956.386931658,9.715734720,2.610649396,-0.796463012,1.200000000
1784815956.391137838,9.719940901,2.614600572,-0.794950665,1.200000000
1784815956.396921635,9.725724697,2.618591107,-0.793428634,1.200000000
1784815956.401308060,9.730111122,2.622587617,-0.791897902,1.200000000
1784815956.406967878,9.735770941,2.626575168,-0.790348430,1.200000000
1784815956.411045551,9.739848614,2.630536794,-0.788800491,1.200000000
1784815956.416980982,9.745784044,2.634466655,-0.787246114,1.200000000
1784815956.421378851,9.750181913,2.638400349,-0.785685550,1.200000000
1784815956.426793098,9.755596161,2.642344516,-0.784122846,1.200000000
1784815956.431161880,9.759964943,2.646262543,-0.782566417,1.200000000
1784815956.436970472,9.765773535,2.650150985,-0.781008068,1.200000000
1784815956.441272974,9.770076036,2.654047461,-0.779437868,1.200000000
1784815956.446966171,9.775769234,2.657956634,-0.777849033,1.200000000
1784815956.451320648,9.780123711,2.661615169,-0.776313345,1.200000000
1784815956.456975937,9.785778999,2.664713975,-0.774933702,1.200000000
1784815956.461132050,9.789935112,2.667521472,-0.773632827,1.200000000
1784815956.466979980,9.795783043,2.670471077,-0.772283063,1.200000000
1784815956.471157551,9.799960613,2.673716111,-0.770841010,1.200000000
1784815956.477015734,9.805818796,2.677234615,-0.769308828,1.200000000
1784815956.481071949,9.809875011,2.680944694,-0.767714546,1.200000000
1784815956.486934185,9.815737247,2.684750639,-0.766082185,1.200000000
1784815956.491268873,9.820071936,2.688603195,-0.764431419,1.200000000
1784815956.496959925,9.825762987,2.692462497,-0.762764312,1.200000000
1784815956.501242399,9.830045462,2.696310346,-0.761089566,1.200000000
1784815956.506845713,9.835648775,2.700129158,-0.759411023,1.200000000
1784815956.511186123,9.839989185,2.703914016,-0.757728953,1.200000000
1784815956.516959667,9.845762730,2.707682759,-0.756037124,1.200000000
1784815956.521179199,9.849982262,2.711454115,-0.754327911,1.200000000
1784815956.526985168,9.855788231,2.715225081,-0.752610333,1.200000000
1784815956.531345129,9.860148191,2.718997118,-0.750878022,1.200000000
1784815956.536852598,9.865655661,2.722767187,-0.749134989,1.200000000
1784815956.542774677,9.871577740,2.726596397,-0.747350936,1.200000000
1784815956.546836138,9.875639200,2.730490667,-0.745519025,1.200000000
1784815956.551185131,9.879988194,2.734289413,-0.743722131,1.200000000
1784815956.556930065,9.885733128,2.737736577,-0.742016941,1.200000000
1784815956.561231613,9.890034676,2.740672655,-0.740433127,1.200000000
1784815956.566805601,9.895608664,2.743382178,-0.738892162,1.200000000
1784815956.571139097,9.899942160,2.746243938,-0.737306241,1.200000000
1784815956.576987505,9.905790567,2.749379694,-0.735641963,1.200000000
1784815956.581179380,9.909982443,2.752793350,-0.733901826,1.200000000
1784815956.586821079,9.915624142,2.756377142,-0.732114279,1.200000000
1784815956.591090441,9.919893503,2.760039689,-0.730309187,1.200000000
1784815956.596961737,9.925764799,2.763735314,-0.728484096,1.200000000
1784815956.601365328,9.930168390,2.767449897,-0.726639461,1.200000000
1784815956.607078552,9.935881615,2.771169602,-0.724777329,1.200000000
1784815956.611218691,9.940021753,2.774864932,-0.722908380,1.200000000
1784815956.616789103,9.945592165,2.778517282,-0.721047410,1.200000000
1784815956.621320486,9.950123549,2.782125375,-0.719193704,1.200000000
1784815956.626984596,9.955787659,2.785729383,-0.717325920,1.200000000
1784815956.631268978,9.960072041,2.789346671,-0.715449437,1.200000000
1784815956.637061119,9.965864182,2.792962485,-0.713564330,1.200000000
1784815956.641099930,9.969902992,2.796569879,-0.711671926,1.200000000
1784815956.647103548,9.975906610,2.800170238,-0.709776190,1.200000000
1784815956.651157141,9.979960203,2.803765613,-0.707868333,1.200000000
1784815956.657109976,9.985913038,2.807132861,-0.706002877,1.200000000
1784815956.661188841,9.989991903,2.809978663,-0.704257645,1.200000000
1784815956.667120695,9.995923758,2.812570763,-0.702572649,1.200000000
1784815956.671225548,10.000028610,2.815319792,-0.700831044,1.200000000
1784815956.676955462,10.005758524,2.818339557,-0.699017974,1.200000000
1784815956.681220531,10.010023594,2.821588014,-0.697123258,1.200000000
1784815956.686996698,10.015799761,2.825010091,-0.695171255,1.200000000
1784815956.691195250,10.019998312,2.828531794,-0.693180421,1.200000000
1784815956.696919918,10.025722980,2.832082732,-0.691181687,1.200000000
1784815956.701398611,10.030201674,2.835633875,-0.689163030,1.200000000
1784815956.707166433,10.035969496,2.839194850,-0.687128027,1.200000000
1784815956.711265802,10.040068865,2.842736929,-0.685073043,1.200000000
1784815956.717053890,10.045856953,2.846246015,-0.683017781,1.200000000
1784815956.721089125,10.049892187,2.849719753,-0.680967743,1.200000000
1784815956.727106094,10.055909157,2.853169513,-0.678923651,1.200000000
1784815956.731174469,10.059977531,2.856619350,-0.676865528,1.200000000
1784815956.736957550,10.065760612,2.860068536,-0.674803637,1.200000000
1784815956.741292000,10.070095062,2.863504331,-0.672728408,1.200000000
1784815956.746934414,10.075737476,2.866947534,-0.670639009,1.200000000
1784815956.751290321,10.080093384,2.870384021,-0.668536108,1.200000000
1784815956.756966591,10.085769653,2.873584765,-0.666476820,1.200000000
1784815956.761154652,10.089957714,2.876264186,-0.664559307,1.200000000
1784815956.767120123,10.095923185,2.878693328,-0.662702636,1.200000000
1784815956.771128654,10.099931717,2.881271887,-0.660794768,1.200000000
1784815956.776803493,10.105606556,2.884111711,-0.658811998,1.200000000
1784815956.780947447,10.109750509,2.887179660,-0.656774162,1.200000000
1784815956.786949396,10.115752459,2.890427477,-0.654677889,1.200000000
1784815956.791152954,10.119956017,2.893778052,-0.652540105,1.200000000
1784815956.796923876,10.125726938,2.897189122,-0.650371675,1.200000000
1784815956.801214933,10.130017996,2.900597988,-0.648191860,1.200000000
1784815956.806918144,10.135721207,2.903994358,-0.646002787,1.200000000
1784815956.812037230,10.140840292,2.907396752,-0.643783451,1.200000000
1784815956.816943169,10.145746231,2.910820833,-0.641531326,1.200000000
1784815956.821069002,10.149872065,2.914188602,-0.639306450,1.200000000
1784815956.826779604,10.155582666,2.917468738,-0.637122664,1.200000000
1784815956.831138372,10.159941435,2.920705726,-0.634951809,1.200000000
1784815956.836941481,10.165744543,2.923959596,-0.632760192,1.200000000
1784815956.841308832,10.170111895,2.927243605,-0.630532847,1.200000000
1784815956.847553015,10.176356077,2.930576006,-0.628251640,1.200000000
1784815956.851177454,10.179980516,2.933932324,-0.625940653,1.200000000
1784815956.856817007,10.185620070,2.937025844,-0.623671734,1.200000000
1784815956.861186028,10.189989090,2.939600574,-0.621537639,1.200000000
1784815956.866923332,10.195726395,2.941928614,-0.619448025,1.200000000
1784815956.871132135,10.199935198,2.944414444,-0.617320868,1.200000000
1784815956.876944304,10.205747366,2.947162267,-0.615130019,1.200000000
1784815956.881224155,10.210027218,2.950148670,-0.612875748,1.200000000
1784815956.886956692,10.215759754,2.953311925,-0.610573736,1.200000000
1784815956.891054153,10.219857216,2.956544840,-0.608255379,1.200000000
1784815956.896977663,10.225780725,2.959793563,-0.605930968,1.200000000
1784815956.901297331,10.230100393,2.963048004,-0.603597681,1.200000000
1784815956.906803370,10.235606432,2.966279289,-0.601259377,1.200000000
1784815956.911205292,10.240008354,2.969477580,-0.598922099,1.200000000
1784815956.916960001,10.245763063,2.972656975,-0.596581730,1.200000000
1784815956.921279192,10.250082254,2.975830683,-0.594227091,1.200000000
1784815956.927033901,10.255836964,2.979005214,-0.591866452,1.200000000
1784815956.931231260,10.260034323,2.982177758,-0.589498626,1.200000000
1784815956.936999321,10.265802383,2.985331859,-0.587130336,1.200000000
1784815956.945523739,10.274326801,2.988645732,-0.584625576,1.200000000
1784815956.947000742,10.275803804,2.992155325,-0.581937346,1.200000000
1784815956.951158285,10.279961348,2.995455471,-0.579401191,1.200000000
1784815956.957079649,10.285882711,2.998214690,-0.577144600,1.200000000
1784815956.961291790,10.290094852,3.000403747,-0.575054736,1.200000000
1784815956.966946840,10.295749903,3.002372567,-0.573000360,1.200000000
1784815956.971280813,10.300083876,3.004543507,-0.570855310,1.200000000
1784815956.976951599,10.305754662,3.007048337,-0.568593937,1.200000000
1784815956.981230736,10.310033798,3.009830313,-0.566230146,1.200000000
1784815956.986894131,10.315697193,3.012791080,-0.563799619,1.200000000
1784815956.991361618,10.320164680,3.015858990,-0.561326161,1.200000000
1784815956.996989012,10.325792074,3.018970705,-0.558827096,1.200000000
1784815957.001391888,10.330194950,3.022083681,-0.556315628,1.200000000
1784815957.007016182,10.335819244,3.025177963,-0.553799993,1.200000000
1784815957.011413336,10.340216398,3.028248504,-0.551283119,1.200000000
1784815957.016765356,10.345568419,3.031285347,-0.548768447,1.200000000
1784815957.021183968,10.349987030,3.034279353,-0.546276023,1.200000000
1784815957.026840210,10.355643272,3.037250571,-0.543783811,1.200000000
1784815957.031193018,10.359996080,3.040231793,-0.541292363,1.200000000
1784815957.037231207,10.366034269,3.043231219,-0.538764360,1.200000000
1784815957.041326523,10.370129585,3.046253765,-0.536214897,1.200000000
1784815957.046947479,10.375750542,3.049267228,-0.533645835,1.200000000
1784815957.051212072,10.380015135,3.052257179,-0.531099559,1.200000000
1784815957.056956530,10.385759592,3.054998317,-0.528612029,1.200000000
1784815957.061231613,10.390034676,3.057296024,-0.526319577,1.200000000
1784815957.066782713,10.395585775,3.059363578,-0.524098609,1.200000000
1784815957.071156740,10.399959803,3.061557351,-0.521840566,1.200000000
1784815957.077013016,10.405816078,3.064004787,-0.519461598,1.200000000
1784815957.081368923,10.410171986,3.066709521,-0.516985615,1.200000000
1784815957.086814404,10.415617466,3.069568227,-0.514427295,1.200000000
1784815957.091293097,10.420096159,3.072494970,-0.511860289,1.200000000
1784815957.097041845,10.425844908,3.075446665,-0.509267689,1.200000000
1784815957.101241589,10.430044651,3.078405405,-0.506697881,1.200000000
1784815957.107004642,10.435807705,3.081327852,-0.504112006,1.200000000
1784815957.111317873,10.440120935,3.084226557,-0.501554746,1.200000000
1784815957.117014647,10.445817709,3.087106698,-0.498980805,1.200000000
1784815957.121613026,10.450416088,3.089988818,-0.496414936,1.200000000
1784815957.127001047,10.455804110,3.092869838,-0.493830901,1.200000000
1784815957.131351948,10.460155010,3.095737474,-0.491273806,1.200000000
1784815957.136883497,10.465686560,3.098567595,-0.488716797,1.200000000
1784815957.141323090,10.470126152,3.101384211,-0.486174766,1.200000000
1784815957.147093058,10.475896120,3.104202775,-0.483594535,1.200000000
1784815957.152502537,10.481305599,3.107080201,-0.480956214,1.200000000
1784815957.156967402,10.485770464,3.110001929,-0.478274377,1.200000000
1784815957.161247492,10.490050554,3.112737388,-0.475708329,1.200000000
1784815957.167031288,10.495834351,3.115108739,-0.473360635,1.200000000
1784815957.171275377,10.500078440,3.117304989,-0.471128241,1.200000000
1784815957.176978111,10.505781174,3.119593461,-0.468818579,1.200000000
1784815957.181204796,10.510007858,3.122043266,-0.466426779,1.200000000
1784815957.187014341,10.515817404,3.124649020,-0.463915770,1.200000000
1784815957.192056179,10.520859241,3.127387801,-0.461316501,1.200000000
1784815957.196988821,10.525791883,3.130223714,-0.458650004,1.200000000
1784815957.201382399,10.530185461,3.133044270,-0.456010344,1.200000000
1784815957.206841230,10.535644293,3.135833960,-0.453403929,1.200000000
1784815957.211265326,10.540068388,3.138569572,-0.450840246,1.200000000
1784815957.216879368,10.545682430,3.141294320,-0.448264274,1.200000000
1784815957.221258402,10.550061464,3.144008522,-0.445700303,1.200000000
1784815957.226832867,10.555635929,3.146724581,-0.443118072,1.200000000
1784815957.231238842,10.560041904,3.149415830,-0.440553041,1.200000000
1784815957.237080574,10.565883636,3.152128300,-0.437962793,1.200000000
1784815957.241246223,10.570049286,3.154832591,-0.435380845,1.200000000
1784815957.247018814,10.575821877,3.157539181,-0.432782144,1.200000000
1784815957.251350641,10.580153704,3.160222880,-0.430201887,1.200000000
1784815957.257089615,10.585892677,3.162781916,-0.427665964,1.200000000
1784815957.261340857,10.590143919,3.165012522,-0.425309743,1.200000000
1784815957.266945124,10.595748186,3.167103901,-0.423032936,1.200000000
1784815957.271350384,10.600153446,3.169250828,-0.420730692,1.200000000
1784815957.276978016,10.605781078,3.171578385,-0.418337001,1.200000000
1784815957.281237841,10.610040903,3.174021174,-0.415878322,1.200000000
1784815957.286978960,10.615782022,3.176572089,-0.413363383,1.200000000
1784815957.291244984,10.620048046,3.179146568,-0.410830168,1.200000000
1784815957.296944141,10.625747204,3.181748205,-0.408282414,1.200000000
1784815957.301381111,10.630184174,3.184325879,-0.405739195,1.200000000
1784815957.307003736,10.635806799,3.186916396,-0.403192355,1.200000000
1784815957.311104059,10.639907122,3.189455759,-0.400661578,1.200000000
1784815957.317063570,10.645866632,3.191995159,-0.398141545,1.200000000
1784815957.322170258,10.650973320,3.194539682,-0.395590181,1.200000000
1784815957.327090979,10.655894041,3.197113929,-0.393004754,1.200000000
1784815957.331175327,10.659978390,3.199630719,-0.390457643,1.200000000
1784815957.337018251,10.665821314,3.202108635,-0.387977184,1.200000000
1784815957.341242552,10.670045614,3.204530736,-0.385517473,1.200000000
1784815957.346935749,10.675738811,3.206963881,-0.383053272,1.200000000
1784815957.351186275,10.679989338,3.209372079,-0.380584216,1.200000000
1784815957.358511925,10.687314987,3.211701688,-0.378123541,1.200000000
1784815957.361119270,10.689922333,3.213617157,-0.375779308,1.200000000
1784815957.366985559,10.695788622,3.215319771,-0.373577054,1.200000000
1784815957.371196508,10.699999571,3.217033685,-0.371414221,1.200000000
1784815957.376779079,10.705582142,3.218944667,-0.369190687,1.200000000
1784815957.381207228,10.710010290,3.221029359,-0.366890092,1.200000000
1784815957.386810064,10.715613127,3.223265606,-0.364516104,1.200000000
1784815957.391175747,10.719978809,3.225571120,-0.362095203,1.200000000
1784815957.396976233,10.725779295,3.227921171,-0.359648841,1.200000000
1784815957.401234388,10.730037451,3.230262800,-0.357199509,1.200000000
1784815957.406934261,10.735737324,3.232602877,-0.354756354,1.200000000
1784815957.411301613,10.740104675,3.234907795,-0.352328314,1.200000000
1784815957.416938305,10.745741367,3.237200029,-0.349908499,1.200000000
1784815957.421220064,10.750023127,3.239465656,-0.347503984,1.200000000
1784815957.427016497,10.755819559,3.241717243,-0.345109310,1.200000000
1784815957.431147099,10.759950161,3.243942108,-0.342723240,1.200000000
1784815957.437044621,10.765847683,3.246164308,-0.340346830,1.200000000
1784815957.442179441,10.770982504,3.248405868,-0.337936626,1.200000000
1784815957.446934938,10.775738001,3.250666438,-0.335486566,1.200000000
1784815957.451347351,10.780150414,3.252703198,-0.333134634,1.200000000
1784815957.456991911,10.785794973,3.254280225,-0.331008722,1.200000000
1784815957.461278677,10.790081739,3.255631320,-0.328986893,1.200000000
1784815957.466947556,10.795750618,3.257091390,-0.326931014,1.200000000
1784815957.471235275,10.800038338,3.258770992,-0.324780822,1.200000000
1784815957.476967096,10.805770159,3.260646237,-0.322550333,1.200000000
1784815957.481285095,10.810088158,3.262655293,-0.320244257,1.200000000
1784815957.486979246,10.815782309,3.264728979,-0.317914422,1.200000000
1784815957.491101742,10.819904804,3.266824638,-0.315574373,1.200000000
1784815957.496968269,10.825771332,3.268889785,-0.313258333,1.200000000
1784815957.501456022,10.830259085,3.270938100,-0.310939188,1.200000000
1784815957.506791830,10.835594893,3.272962539,-0.308624166,1.200000000
1784815957.511237860,10.840040922,3.274968239,-0.306319201,1.200000000
1784815957.516973019,10.845776081,3.276942307,-0.304032526,1.200000000
1784815957.521254063,10.850057125,3.278909917,-0.301732932,1.200000000
1784815957.526929617,10.855732679,3.280862523,-0.299439121,1.200000000
1784815957.531264305,10.860067368,3.282804573,-0.297146301,1.200000000
1784815957.537074089,10.865877151,3.284728112,-0.294860271,1.200000000
1784815957.541272402,10.870075464,3.286653995,-0.292562841,1.200000000
1784815957.546988487,10.875791550,3.288556870,-0.290273597,1.200000000
1784815957.551084042,10.879887104,3.290442162,-0.287986725,1.200000000
1784815957.556932688,10.885735750,3.292094382,-0.285771300,1.200000000
1784815957.561175108,10.889978170,3.293312946,-0.283724598,1.200000000
1784815957.567029953,10.895833015,3.294306464,-0.281752258,1.200000000
1784815957.571174622,10.899977684,3.295431945,-0.279730510,1.200000000
1784815957.576781034,10.905584097,3.296778304,-0.277640062,1.200000000
1784815957.581149101,10.909952164,3.298326178,-0.275483438,1.200000000
1784815957.586969376,10.915772438,3.300007948,-0.273275608,1.200000000
1784815957.591148853,10.919951916,3.301772038,-0.271036007,1.200000000
1784815957.596928358,10.925731421,3.303551081,-0.268791142,1.200000000
1784815957.601327896,10.930130959,3.305330023,-0.266553828,1.200000000
1784815957.606983900,10.935786963,3.307085903,-0.264321905,1.200000000
1784815957.611093998,10.939897060,3.308804832,-0.262110534,1.200000000
1784815957.617022991,10.945826054,3.310479142,-0.259912477,1.200000000
1784815957.621196032,10.949999094,3.312149810,-0.257722023,1.200000000
1784815957.626812696,10.955615759,3.313793742,-0.255543304,1.200000000
1784815957.631196499,10.959999561,3.315436061,-0.253381861,1.200000000
1784815957.637008905,10.965811968,3.317065004,-0.251218726,1.200000000
1784815957.641109705,10.969912767,3.318700663,-0.249055641,1.200000000
1784815957.646970272,10.975773335,3.320319509,-0.246897130,1.200000000
1784815957.651235580,10.980038643,3.321941421,-0.244736772,1.200000000
1784815957.656952143,10.985755205,3.323399335,-0.242639572,1.200000000
1784815957.661289692,10.990092754,3.324514649,-0.240703486,1.200000000
1784815957.666952848,10.995755911,3.325451444,-0.238845074,1.200000000
1784815957.671254158,11.000057220,3.326499018,-0.236949811,1.200000000
1784815957.677061558,11.005864620,3.327694336,-0.234975386,1.200000000
1784815957.681208849,11.010011911,3.329071552,-0.232921308,1.200000000
1784815957.686958790,11.015761852,3.330537310,-0.230818249,1.200000000
1784815957.691252708,11.020055771,3.332064990,-0.228690223,1.200000000
1784815957.696987391,11.025790453,3.333599312,-0.226557997,1.200000000
1784815957.701300621,11.030103683,3.335153803,-0.224425715,1.200000000
1784815957.707005262,11.035808325,3.336679391,-0.222300898,1.200000000
1784815957.711340189,11.040143251,3.338201492,-0.220180168,1.200000000
1784815957.717041254,11.045844316,3.339699097,-0.218059395,1.200000000
1784815957.721274376,11.050077438,3.341181781,-0.215946509,1.200000000
1784815957.727039337,11.055842400,3.342621318,-0.213845207,1.200000000
1784815957.731091499,11.059894562,3.344081922,-0.211757527,1.200000000
1784815957.737125158,11.065928221,3.345504831,-0.209684447,1.200000000
1784815957.741188526,11.069991589,3.346957965,-0.207603969,1.200000000
1784815957.747087717,11.075890779,3.348379488,-0.205521880,1.200000000
1784815957.751177073,11.079980135,3.349840355,-0.203438090,1.200000000
1784815957.757059574,11.085862637,3.351079270,-0.201420688,1.200000000
1784815957.761274815,11.090077877,3.351927473,-0.199590046,1.200000000
1784815957.766972303,11.095775366,3.352555353,-0.197852326,1.200000000
1784815957.771378756,11.100181818,3.353323979,-0.196066500,1.200000000
1784815957.776973724,11.105776787,3.354292096,-0.194190296,1.200000000
1784815957.780998707,11.109801769,3.355476519,-0.192245307,1.200000000
1784815957.786937952,11.115741014,3.356758183,-0.190255666,1.200000000
1784815957.791204453,11.120007515,3.358146168,-0.188240937,1.200000000
1784815957.799168825,11.127971888,3.359549053,-0.186147985,1.200000000
1784815957.801390648,11.130193710,3.361099206,-0.183989927,1.200000000
1784815957.806783915,11.135586977,3.362542567,-0.181903723,1.200000000
1784815957.811274052,11.140077114,3.363899093,-0.179940028,1.200000000
1784815957.816841125,11.145644188,3.365202593,-0.178014241,1.200000000
1784815957.821252584,11.150055647,3.366518701,-0.176091170,1.200000000
1784815957.826958418,11.155761480,3.367820128,-0.174145842,1.200000000
1784815957.831264734,11.160067797,3.369152544,-0.172191462,1.200000000
1784815957.837266207,11.166069269,3.370477879,-0.170215899,1.200000000
1784815957.841132879,11.169935942,3.371854000,-0.168241719,1.200000000
1784815957.846966505,11.175769567,3.373202754,-0.166267286,1.200000000
1784815957.851244688,11.180047750,3.374558975,-0.164315007,1.200000000
1784815957.856790781,11.185593843,3.375722051,-0.162447350,1.200000000
1784815957.861159563,11.189962626,3.376489814,-0.160832162,1.200000000
1784815957.866886616,11.195689678,3.377053529,-0.159326577,1.200000000
1784815957.871199846,11.200002909,3.377765443,-0.157776517,1.200000000
1784815957.876947641,11.205750704,3.378678504,-0.156091367,1.200000000
1784815957.881191254,11.209994316,3.379797451,-0.154306672,1.200000000
1784815957.886938334,11.215741396,3.381037562,-0.152427383,1.200000000
1784815957.891230106,11.220033169,3.382363329,-0.150522877,1.200000000
1784815957.896926403,11.225729465,3.383703324,-0.148593886,1.200000000
1784815957.901383638,11.230186701,3.385054070,-0.146673348,1.200000000
1784815957.906802654,11.235605717,3.386391560,-0.144754998,1.200000000
1784815957.911283731,11.240086794,3.387712005,-0.142862240,1.200000000
1784815957.917049408,11.245852470,3.389014870,-0.140964739,1.200000000
1784815957.921203852,11.250006914,3.390328758,-0.139086884,1.200000000
1784815957.926839352,11.255642414,3.391631939,-0.137210988,1.200000000
1784815957.931301594,11.260104656,3.392932890,-0.135360673,1.200000000
1784815957.936976194,11.265779257,3.394227364,-0.133503068,1.200000000
1784815957.941254854,11.270057917,3.395522347,-0.131651408,1.200000000
1784815957.946970940,11.275774002,3.396816074,-0.129794212,1.200000000
1784815957.951294184,11.280097246,3.398115552,-0.127950228,1.200000000
1784815957.957004070,11.285807133,3.399272400,-0.126190013,1.200000000
1784815957.961142063,11.289945126,3.400155786,-0.124690796,1.200000000
1784815957.967008829,11.295811892,3.400884985,-0.123307185,1.200000000
1784815957.971336842,11.300139904,3.401711822,-0.121865692,1.200000000
1784815957.977030039,11.305833101,3.402707806,-0.120290013,1.200000000
1784815957.981266737,11.310069799,3.403850485,-0.118615415,1.200000000
1784815957.987097740,11.315900803,3.405091869,-0.116860575,1.200000000
1784815957.991243839,11.320046902,3.406382649,-0.115075448,1.200000000
1784815957.996993780,11.325796843,3.407687068,-0.113279198,1.200000000
1784815958.001333714,11.330136776,3.408990416,-0.111493936,1.200000000
1784815958.007049799,11.335852861,3.410289557,-0.109710042,1.200000000
1784815958.011342525,11.340145588,3.411584162,-0.107938880,1.200000000
1784815958.017008543,11.345811605,3.412874609,-0.106173271,1.200000000
1784815958.021333694,11.350136757,3.414158755,-0.104422880,1.200000000
1784815958.026980400,11.355783463,3.415441269,-0.102681446,1.200000000
1784815958.031088591,11.359891653,3.416720510,-0.100969673,1.200000000
1784815958.037084818,11.365887880,3.417999067,-0.099267904,1.200000000
1784815958.041162491,11.369965553,3.419285342,-0.097574675,1.200000000
1784815958.046915054,11.375718117,3.420566115,-0.095879009,1.200000000
1784815958.051220179,11.380023241,3.421851570,-0.094185296,1.200000000
1784815958.056822777,11.385625839,3.423010339,-0.092552940,1.200000000
1784815958.061209202,11.390012264,3.423886390,-0.091090861,1.200000000
1784815958.066817284,11.395620346,3.424622350,-0.089709909,1.200000000
1784815958.071251631,11.400054693,3.425460345,-0.088292009,1.200000000
1784815958.076981068,11.405784130,3.426443656,-0.086787872,1.200000000
1784815958.081334114,11.410137177,3.427578379,-0.085210237,1.200000000
1784815958.087022066,11.415825129,3.428812647,-0.083586811,1.200000000
1784815958.091088057,11.419891119,3.430102853,-0.081955108,1.200000000
1784815958.096992731,11.425795794,3.431404228,-0.080329441,1.200000000
1784815958.101380110,11.430183172,3.432706090,-0.078715581,1.200000000
1784815958.106897354,11.435700417,3.433999179,-0.077105408,1.200000000
1784815958.111302614,11.440105677,3.435295495,-0.075507896,1.200000000
1784815958.116966248,11.445769310,3.436579294,-0.073917312,1.200000000
1784815958.121282339,11.450085402,3.437869958,-0.072333041,1.200000000
1784815958.126946926,11.455749989,3.439154822,-0.070753209,1.200000000
1784815958.131309986,11.460113049,3.440438573,-0.069179645,1.200000000
1784815958.136950016,11.465753078,3.441716407,-0.067611971,1.200000000
1784815958.141218662,11.470021725,3.443003879,-0.066056205,1.200000000
1784815958.147033691,11.475836754,3.444294986,-0.064508777,1.200000000
1784815958.151066065,11.479869127,3.445585168,-0.062967571,1.200000000
1784815958.157199621,11.486002684,3.446697372,-0.061482034,1.200000000
1784815958.161234140,11.490037203,3.447425267,-0.060120625,1.200000000
1784815958.167124748,11.495927811,3.447958552,-0.058825585,1.200000000
1784815958.171281576,11.500084639,3.448616525,-0.057507746,1.200000000
1784815958.176873684,11.505676746,3.449487540,-0.056137899,1.200000000
1784815958.181313276,11.510116339,3.450543188,-0.054709824,1.200000000
1784815958.186965704,11.515768766,3.451727033,-0.053238955,1.200000000
1784815958.191305637,11.520108700,3.452993433,-0.051749659,1.200000000
1784815958.196943283,11.525746346,3.454295239,-0.050264773,1.200000000
1784815958.201342583,11.530145645,3.455597230,-0.048791820,1.200000000
1784815958.207044363,11.535847425,3.456887851,-0.047327576,1.200000000
1784815958.211160421,11.539963484,3.458162790,-0.045881246,1.200000000
1784815958.217282772,11.546085835,3.459419810,-0.044439826,1.200000000
1784815958.221146584,11.549949646,3.460678171,-0.043009480,1.200000000
1784815958.226812840,11.555615902,3.461928752,-0.041594305,1.200000000
1784815958.231230497,11.560033560,3.463173208,-0.040201673,1.200000000
1784815958.237067461,11.565870523,3.464418204,-0.038800958,1.200000000
1784815958.241189957,11.569993019,3.465676693,-0.037404355,1.200000000
1784815958.246939421,11.575742483,3.466943077,-0.036000950,1.200000000
1784815958.251181126,11.579984188,3.468211549,-0.034612249,1.200000000
1784815958.256900072,11.585703135,3.469333332,-0.033258173,1.200000000
1784815958.261777639,11.590580702,3.470146012,-0.032017501,1.200000000
1784815958.267042637,11.595845699,3.470811114,-0.030814756,1.200000000
1784815958.271177530,11.599980593,3.471568842,-0.029612554,1.200000000
1784815958.277009010,11.605812073,3.472483739,-0.028377028,1.200000000
1784815958.281183243,11.609986305,3.473554756,-0.027126797,1.200000000
1784815958.286820412,11.615623474,3.474743982,-0.025848357,1.200000000
1784815958.291193008,11.619996071,3.475991650,-0.024576251,1.200000000
1784815958.296995163,11.625798225,3.477249321,-0.023286428,1.200000000
1784815958.301284075,11.630087137,3.478522349,-0.022009068,1.200000000
1784815958.306968927,11.635771990,3.479804928,-0.020732186,1.200000000
1784815958.311338663,11.640141726,3.481082280,-0.019471303,1.200000000
1784815958.316989660,11.645792723,3.482350129,-0.018205206,1.200000000
1784815958.321214437,11.650017500,3.483619174,-0.016958462,1.200000000
1784815958.327089548,11.655892611,3.484880883,-0.015702945,1.200000000
1784815958.331313848,11.660116911,3.486157134,-0.014468731,1.200000000
1784815958.337331057,11.666134119,3.487446324,-0.013225900,1.200000000
1784815958.341314077,11.670117140,3.488745079,-0.011996779,1.200000000
1784815958.346767426,11.675570488,3.490031468,-0.010774208,1.200000000
1784815958.351274014,11.680077076,3.491306336,-0.009578437,1.200000000
1784815958.356951952,11.685755014,3.492409517,-0.008419606,1.200000000
1784815958.361190319,11.689993382,3.493139410,-0.007390435,1.200000000
1784815958.366932392,11.695735455,3.493687173,-0.006418657,1.200000000
1784815958.371184111,11.699987173,3.494342963,-0.005435201,1.200000000
1784815958.376942635,11.705745697,3.495197779,-0.004399885,1.200000000
1784815958.381148338,11.709951401,3.496256503,-0.003328971,1.200000000
1784815958.386862755,11.715665817,3.497442096,-0.002223249,1.200000000
1784815958.391144753,11.719947815,3.498710606,-0.001115651,1.200000000
1784815958.396972895,11.725775957,3.500000000,0.000000000,1.200000000
