stamp,elapsed,x,y,z,yaw
1784881188.187704563,0.000000124,-0.261959000,-0.006230000,1.200000000,-0.039639000
1784881188.197704554,0.010000124,-0.261958995,-0.006229999,1.200000000,-0.039641929
1784881188.207704544,0.020000124,-0.261958925,-0.006229991,1.200000000,-0.039650604
1784881188.217704535,0.030000124,-0.261958625,-0.006229955,1.200000000,-0.039664856
1784881188.227704525,0.040000124,-0.261957827,-0.006229859,1.200000000,-0.039684517
1784881188.237704515,0.050000124,-0.261956170,-0.006229660,1.200000000,-0.039709419
1784881188.247704506,0.060000124,-0.261953201,-0.006229304,1.200000000,-0.039739394
1784881188.257704496,0.070000124,-0.261948383,-0.006228726,1.200000000,-0.039774272
1784881188.267704487,0.080000124,-0.261941102,-0.006227852,1.200000000,-0.039813887
1784881188.277704477,0.090000124,-0.261930670,-0.006226599,1.200000000,-0.039858070
1784881188.287704468,0.100000124,-0.261916333,-0.006224877,1.200000000,-0.039906652
1784881188.297704458,0.110000124,-0.261897273,-0.006222587,1.200000000,-0.039959464
1784881188.307704449,0.120000124,-0.261872617,-0.006219624,1.200000000,-0.040016340
1784881188.317704439,0.130000124,-0.261841439,-0.006215877,1.200000000,-0.040077110
1784881188.327704430,0.140000124,-0.261802766,-0.006211229,1.200000000,-0.040141606
1784881188.337704420,0.150000124,-0.261755581,-0.006205555,1.200000000,-0.040209660
1784881188.347704411,0.160000124,-0.261698830,-0.006198730,1.200000000,-0.040281104
1784881188.357704401,0.170000124,-0.261631424,-0.006190622,1.200000000,-0.040355769
1784881188.367704391,0.180000124,-0.261552243,-0.006181096,1.200000000,-0.040433487
1784881188.377704382,0.190000124,-0.261460143,-0.006170012,1.200000000,-0.040514090
1784881188.387704372,0.200000124,-0.261353955,-0.006157231,1.200000000,-0.040597409
1784881188.397704363,0.210000124,-0.261232494,-0.006142607,1.200000000,-0.040683276
1784881188.407704353,0.220000124,-0.261094558,-0.006125996,1.200000000,-0.040771523
1784881188.417704344,0.230000124,-0.260938933,-0.006107251,1.200000000,-0.040861982
1784881188.427704334,0.240000124,-0.260764397,-0.006086223,1.200000000,-0.040954484
1784881188.437704563,0.250000124,-0.260569723,-0.006062763,1.200000000,-0.041048860
1784881188.447704554,0.260000124,-0.260353681,-0.006036721,1.200000000,-0.041144943
1784881188.457704544,0.270000124,-0.260115040,-0.006007949,1.200000000,-0.041242565
1784881188.467704535,0.280000124,-0.259852574,-0.005976296,1.200000000,-0.041341557
1784881188.477704525,0.290000124,-0.259565060,-0.005941613,1.200000000,-0.041441750
1784881188.487704515,0.300000124,-0.259251286,-0.005903753,1.200000000,-0.041542977
1784881188.497704506,0.310000124,-0.258910048,-0.005862569,1.200000000,-0.041645069
1784881188.507704496,0.320000124,-0.258540156,-0.005817915,1.200000000,-0.041747858
1784881188.517704487,0.330000124,-0.258140433,-0.005769647,1.200000000,-0.041851175
1784881188.527704477,0.340000124,-0.257709720,-0.005717622,1.200000000,-0.041954853
1784881188.537704468,0.350000124,-0.257246875,-0.005661702,1.200000000,-0.042058723
1784881188.547704458,0.360000124,-0.256750777,-0.005601747,1.200000000,-0.042162616
1784881188.557704449,0.370000124,-0.256220327,-0.005537624,1.200000000,-0.042266364
1784881188.567704439,0.380000124,-0.255654449,-0.005469198,1.200000000,-0.042369800
1784881188.577704430,0.390000124,-0.255052091,-0.005396341,1.200000000,-0.042472755
1784881188.587704420,0.400000124,-0.254412229,-0.005318926,1.200000000,-0.042575060
1784881188.597704411,0.410000124,-0.253733865,-0.005236829,1.200000000,-0.042676547
1784881188.607704401,0.420000124,-0.253016028,-0.005149929,1.200000000,-0.042777048
1784881188.617704391,0.430000124,-0.252257780,-0.005058110,1.200000000,-0.042876395
1784881188.627704382,0.440000124,-0.251458210,-0.004961258,1.200000000,-0.042974419
1784881188.637704372,0.450000124,-0.250616440,-0.004859263,1.200000000,-0.043070952
1784881188.647704363,0.460000124,-0.249731623,-0.004752020,1.200000000,-0.043165826
1784881188.657704353,0.470000124,-0.248802947,-0.004639427,1.200000000,-0.043258872
1784881188.667704344,0.480000124,-0.247829631,-0.004521384,1.200000000,-0.043349922
1784881188.677704334,0.490000124,-0.246810929,-0.004397798,1.200000000,-0.043438808
1784881188.687704563,0.500000124,-0.245746127,-0.004268578,1.200000000,-0.043525362
1784881188.697704554,0.510000124,-0.244634550,-0.004133637,1.200000000,-0.043609415
1784881188.707704544,0.520000124,-0.243475554,-0.003992895,1.200000000,-0.043690799
1784881188.717704535,0.530000124,-0.242268532,-0.003846272,1.200000000,-0.043769345
1784881188.727704525,0.540000124,-0.241012911,-0.003693695,1.200000000,-0.043844886
1784881188.737704515,0.550000124,-0.239708156,-0.003535093,1.200000000,-0.043917253
1784881188.747704506,0.560000124,-0.238353764,-0.003370402,1.200000000,-0.043986278
1784881188.757704496,0.570000124,-0.236949270,-0.003199560,1.200000000,-0.044051792
1784881188.767704487,0.580000124,-0.235494244,-0.003022509,1.200000000,-0.044113627
1784881188.777704477,0.590000124,-0.233988289,-0.002839196,1.200000000,-0.044171615
1784881188.787704468,0.600000124,-0.232431045,-0.002649574,1.200000000,-0.044225588
1784881188.797704458,0.610000124,-0.230822186,-0.002453595,1.200000000,-0.044275377
1784881188.807704449,0.620000124,-0.229161421,-0.002251221,1.200000000,-0.044320814
1784881188.817704439,0.630000124,-0.227448491,-0.002042413,1.200000000,-0.044361731
1784881188.827704430,0.640000124,-0.225683173,-0.001827140,1.200000000,-0.044397959
1784881188.837704420,0.650000124,-0.223865276,-0.001605371,1.200000000,-0.044429330
1784881188.847704411,0.660000124,-0.221994641,-0.001377083,1.200000000,-0.044455676
1784881188.857704401,0.670000124,-0.220071143,-0.001142254,1.200000000,-0.044476828
1784881188.867704391,0.680000124,-0.218094685,-0.000900867,1.200000000,-0.044492619
1784881188.877704382,0.690000124,-0.216065206,-0.000652907,1.200000000,-0.044502880
1784881188.887704372,0.700000124,-0.213982670,-0.000398365,1.200000000,-0.044507442
1784881188.897704363,0.710000124,-0.211847074,-0.000137234,1.200000000,-0.044506137
1784881188.907704353,0.720000124,-0.209658443,0.000130488,1.200000000,-0.044498798
1784881188.917704344,0.730000124,-0.207416831,0.000404803,1.200000000,-0.044485255
1784881188.927704334,0.740000124,-0.205122318,0.000685706,1.200000000,-0.044465341
1784881188.937704563,0.750000124,-0.202775012,0.000973190,1.200000000,-0.044438887
1784881188.947704554,0.760000124,-0.200375046,0.001267246,1.200000000,-0.044405725
1784881188.957704544,0.770000124,-0.197922579,0.001567860,1.200000000,-0.044365686
1784881188.967704535,0.780000124,-0.195417793,0.001875017,1.200000000,-0.044318603
1784881188.977704525,0.790000124,-0.192860897,0.002188698,1.200000000,-0.044264306
1784881188.987704515,0.800000124,-0.190252119,0.002508882,1.200000000,-0.044202629
1784881188.997704506,0.810000124,-0.187591710,0.002835544,1.200000000,-0.044133401
1784881189.007704496,0.820000124,-0.184879944,0.003168658,1.200000000,-0.044056456
1784881189.017704487,0.830000124,-0.182117112,0.003508194,1.200000000,-0.043971624
1784881189.027704477,0.840000124,-0.179303527,0.003854121,1.200000000,-0.043878738
1784881189.037704468,0.850000124,-0.176439519,0.004206405,1.200000000,-0.043777629
1784881189.047704458,0.860000124,-0.173525439,0.004565011,1.200000000,-0.043668129
1784881189.057704449,0.870000124,-0.170561650,0.004929899,1.200000000,-0.043550070
1784881189.067704439,0.880000124,-0.167548535,0.005301031,1.200000000,-0.043423322
1784881189.077704430,0.890000124,-0.164486491,0.005678363,1.200000000,-0.043287936
1784881189.087704420,0.900000124,-0.161375931,0.006061852,1.200000000,-0.043144015
1784881189.097704411,0.910000124,-0.158217279,0.006451453,1.200000000,-0.042991664
1784881189.107704401,0.920000124,-0.155010975,0.006847118,1.200000000,-0.042830984
1784881189.117704391,0.930000124,-0.151757470,0.007248799,1.200000000,-0.042662081
1784881189.127704382,0.940000124,-0.148457227,0.007656445,1.200000000,-0.042485057
1784881189.137704372,0.950000124,-0.145110721,0.008070005,1.200000000,-0.042300016
1784881189.147704363,0.960000124,-0.141718434,0.008489426,1.200000000,-0.042107061
1784881189.157704353,0.970000124,-0.138280862,0.008914654,1.200000000,-0.041906295
1784881189.167704344,0.980000124,-0.134798507,0.009345632,1.200000000,-0.041697823
1784881189.177704334,0.990000124,-0.131271881,0.009782306,1.200000000,-0.041481746
1784881189.187704563,1.000000124,-0.127701502,0.010224618,1.200000000,-0.041258170
1784881189.197704554,1.010000124,-0.124087897,0.010672508,1.200000000,-0.041027197
1784881189.207704544,1.020000124,-0.120431598,0.011125919,1.200000000,-0.040788931
1784881189.217704535,1.030000124,-0.116733143,0.011584790,1.200000000,-0.040543474
1784881189.227704525,1.040000124,-0.112993078,0.012049060,1.200000000,-0.040290931
1784881189.237704515,1.050000124,-0.109211949,0.012518668,1.200000000,-0.040031405
1784881189.247704506,1.060000124,-0.105390311,0.012993552,1.200000000,-0.039765000
1784881189.257704496,1.070000124,-0.101528718,0.013473649,1.200000000,-0.039491818
1784881189.267704487,1.080000124,-0.097627733,0.013958897,1.200000000,-0.039211964
1784881189.277704477,1.090000124,-0.093687916,0.014449232,1.200000000,-0.038925540
1784881189.287704468,1.100000124,-0.089709832,0.014944590,1.200000000,-0.038632650
1784881189.297704458,1.110000124,-0.085694047,0.015444908,1.200000000,-0.038333398
1784881189.307704449,1.120000124,-0.081641130,0.015950121,1.200000000,-0.038027887
1784881189.317704439,1.130000124,-0.077551648,0.016460164,1.200000000,-0.037716220
1784881189.327704430,1.140000124,-0.073426169,0.016974974,1.200000000,-0.037398500
1784881189.337704420,1.150000124,-0.069265263,0.017494484,1.200000000,-0.037074832
1784881189.347704411,1.160000124,-0.065069497,0.018018631,1.200000000,-0.036745319
1784881189.357704401,1.170000124,-0.060839438,0.018547351,1.200000000,-0.036410064
1784881189.367704391,1.180000124,-0.056575652,0.019080578,1.200000000,-0.036069170
1784881189.377704382,1.190000124,-0.052278703,0.019618247,1.200000000,-0.035722741
1784881189.387704372,1.200000124,-0.047949152,0.020160295,1.200000000,-0.035370880
1784881189.397704363,1.210000124,-0.043587559,0.020706658,1.200000000,-0.035013691
1784881189.407704353,1.220000124,-0.039194480,0.021257271,1.200000000,-0.034651278
1784881189.417704344,1.230000124,-0.034770470,0.021812072,1.200000000,-0.034283743
1784881189.427704334,1.240000124,-0.030316076,0.022370996,1.200000000,-0.033911189
1784881189.437704563,1.250000124,-0.025831847,0.022933981,1.200000000,-0.033533722
1784881189.447704554,1.260000124,-0.021318323,0.023500965,1.200000000,-0.033151443
1784881189.457704544,1.270000124,-0.016776043,0.024071886,1.200000000,-0.032764457
1784881189.467704535,1.280000124,-0.012205539,0.024646681,1.200000000,-0.032372866
1784881189.477704525,1.290000124,-0.007607340,0.025225290,1.200000000,-0.031976774
1784881189.487704515,1.300000124,-0.002981967,0.025807653,1.200000000,-0.031576285
1784881189.497704506,1.310000124,0.001670061,0.026393710,1.200000000,-0.031171502
1784881189.507704496,1.320000124,0.006348234,0.026983401,1.200000000,-0.030762528
1784881189.517704487,1.330000124,0.011052046,0.027576667,1.200000000,-0.030349468
1784881189.527704477,1.340000124,0.015780997,0.028173452,1.200000000,-0.029932423
1784881189.537704468,1.350000124,0.020534595,0.028773697,1.200000000,-0.029511498
1784881189.547704458,1.360000124,0.025312352,0.029377346,1.200000000,-0.029086797
1784881189.557704449,1.370000124,0.030113791,0.029984343,1.200000000,-0.028658421
1784881189.567704439,1.380000124,0.034938437,0.030594634,1.200000000,-0.028226476
1784881189.577704430,1.390000124,0.039785827,0.031208163,1.200000000,-0.027791064
1784881189.587704420,1.400000124,0.044655501,0.031824879,1.200000000,-0.027352290
1784881189.597704411,1.410000124,0.049547009,0.032444727,1.200000000,-0.026910255
1784881189.607704401,1.420000124,0.054459908,0.033067657,1.200000000,-0.026465064
1784881189.617704391,1.430000124,0.059393764,0.033693617,1.200000000,-0.026016820
1784881189.627704382,1.440000124,0.064348148,0.034322558,1.200000000,-0.025565626
1784881189.637704372,1.450000124,0.069322643,0.034954431,1.200000000,-0.025111587
1784881189.647704363,1.460000124,0.074316836,0.035589187,1.200000000,-0.024654805
1784881189.657704353,1.470000124,0.079330325,0.036226780,1.200000000,-0.024195383
1784881189.667704344,1.480000124,0.084362716,0.036867163,1.200000000,-0.023733426
1784881189.677704334,1.490000124,0.089413623,0.037510291,1.200000000,-0.023269037
1784881189.687704563,1.500000124,0.094482668,0.038156120,1.200000000,-0.022802318
1784881189.697704554,1.510000124,0.099569483,0.038804606,1.200000000,-0.022333374
1784881189.707704544,1.520000124,0.104673708,0.039455709,1.200000000,-0.021862308
1784881189.717704535,1.530000124,0.109794991,0.040109385,1.200000000,-0.021389224
1784881189.727704525,1.540000124,0.114932991,0.040765596,1.200000000,-0.020914224
1784881189.737704515,1.550000124,0.120087372,0.041424302,1.200000000,-0.020437412
1784881189.747704506,1.560000124,0.125257811,0.042085465,1.200000000,-0.019958892
1784881189.757704496,1.570000124,0.130443991,0.042749048,1.200000000,-0.019478767
1784881189.767704487,1.580000124,0.135645606,0.043415014,1.200000000,-0.018997140
1784881189.777704477,1.590000124,0.140862357,0.044083330,1.200000000,-0.018514116
1784881189.787704468,1.600000124,0.146093956,0.044753961,1.200000000,-0.018029796
1784881189.797704458,1.610000124,0.151340123,0.045426875,1.200000000,-0.017544286
1784881189.807704449,1.620000124,0.156600586,0.046102039,1.200000000,-0.017057687
1784881189.817704439,1.630000124,0.161875083,0.046779423,1.200000000,-0.016570104
1784881189.827704430,1.640000124,0.167163361,0.047458997,1.200000000,-0.016081640
1784881189.837704420,1.650000124,0.172465176,0.048140734,1.200000000,-0.015592399
1784881189.847704411,1.660000124,0.177780292,0.048824605,1.200000000,-0.015102483
1784881189.857704401,1.670000124,0.183108483,0.049510584,1.200000000,-0.014611997
1784881189.867704391,1.680000124,0.188449531,0.050198646,1.200000000,-0.014121043
1784881189.877704382,1.690000124,0.193803228,0.050888767,1.200000000,-0.013629726
1784881189.887704372,1.700000124,0.199169372,0.051580922,1.200000000,-0.013138148
1784881189.897704363,1.710000124,0.204547772,0.052275091,1.200000000,-0.012646413
1784881189.907704353,1.720000124,0.209938246,0.052971253,1.200000000,-0.012154625
1784881189.917704344,1.730000124,0.215340619,0.053669386,1.200000000,-0.011662886
1784881189.927704334,1.740000124,0.220754725,0.054369473,1.200000000,-0.011171301
1784881189.937704563,1.750000124,0.226180407,0.055071494,1.200000000,-0.010679972
1784881189.947704554,1.760000124,0.231617515,0.055775434,1.200000000,-0.010189003
1784881189.957704544,1.770000124,0.237065908,0.056481276,1.200000000,-0.009698498
1784881189.967704535,1.780000124,0.242525453,0.057189006,1.200000000,-0.009208560
1784881189.977704525,1.790000124,0.247996026,0.057898609,1.200000000,-0.008719293
1784881189.987704515,1.800000124,0.253477510,0.058610073,1.200000000,-0.008230799
1784881189.997704506,1.810000124,0.258969796,0.059323385,1.200000000,-0.007743182
1784881190.007704496,1.820000124,0.264472782,0.060038535,1.200000000,-0.007256546
1784881190.017704487,1.830000124,0.269986375,0.060755513,1.200000000,-0.006770994
1784881190.027704477,1.840000124,0.275510488,0.061474310,1.200000000,-0.006286630
1784881190.037704468,1.850000124,0.281045043,0.062194917,1.200000000,-0.005803557
1784881190.047704458,1.860000124,0.286589969,0.062917327,1.200000000,-0.005321877
1784881190.057704449,1.870000124,0.292145200,0.063641535,1.200000000,-0.004841696
1784881190.067704439,1.880000124,0.297710680,0.064367534,1.200000000,-0.004363116
1784881190.077704430,1.890000124,0.303286358,0.065095321,1.200000000,-0.003886241
1784881190.087704420,1.900000124,0.308872191,0.065824892,1.200000000,-0.003411173
1784881190.097704411,1.910000124,0.314468141,0.066556243,1.200000000,-0.002938017
1784881190.107704401,1.920000124,0.320074177,0.067289373,1.200000000,-0.002466876
1784881190.117704391,1.930000124,0.325690276,0.068024282,1.200000000,-0.001997854
1784881190.127704382,1.940000124,0.331316419,0.068760968,1.200000000,-0.001531053
1784881190.137704372,1.950000124,0.336952593,0.069499432,1.200000000,-0.001066577
1784881190.147704363,1.960000124,0.342598794,0.070239676,1.200000000,-0.000604530
1784881190.157704353,1.970000124,0.348255020,0.070981701,1.200000000,-0.000145015
1784881190.167704344,1.980000124,0.353921276,0.071725511,1.200000000,0.000311865
1784881190.177704334,1.990000124,0.359597573,0.072471109,1.200000000,0.000766006
1784881190.187704563,2.000000124,0.365283926,0.073218499,1.200000000,0.001217304
1784881190.197704554,2.010000124,0.370980356,0.073967687,1.200000000,0.001665657
1784881190.207704544,2.020000124,0.376686889,0.074718677,1.200000000,0.002110960
1784881190.217704535,2.030000124,0.382403556,0.075471476,1.200000000,0.002553111
1784881190.227704525,2.040000124,0.388130391,0.076226091,1.200000000,0.002992006
1784881190.237704515,2.050000124,0.393867434,0.076982530,1.200000000,0.003427542
1784881190.247704506,2.060000124,0.399614728,0.077740801,1.200000000,0.003859614
1784881190.257704496,2.070000124,0.405372322,0.078500912,1.200000000,0.004288121
1784881190.267704487,2.080000124,0.411140267,0.079262873,1.200000000,0.004712957
1784881190.277704477,2.090000124,0.416918618,0.080026694,1.200000000,0.005134021
1784881190.287704468,2.100000124,0.422707435,0.080792384,1.200000000,0.005551208
1784881190.297704458,2.110000124,0.428506780,0.081559956,1.200000000,0.005964415
1784881190.307704449,2.120000124,0.434316719,0.082329419,1.200000000,0.006373539
1784881190.317704439,2.130000124,0.440137320,0.083100787,1.200000000,0.006778475
1784881190.327704430,2.140000124,0.445968655,0.083874071,1.200000000,0.007179122
1784881190.337704420,2.150000124,0.451810799,0.084649284,1.200000000,0.007575375
1784881190.347704411,2.160000124,0.457663828,0.085426439,1.200000000,0.007967131
1784881190.357704401,2.170000124,0.463527821,0.086205549,1.200000000,0.008354286
1784881190.367704391,2.180000124,0.469402860,0.086986629,1.200000000,0.008736737
1784881190.377704382,2.190000124,0.475289028,0.087769692,1.200000000,0.009114381
1784881190.387704372,2.200000124,0.481186410,0.088554753,1.200000000,0.009487114
1784881190.397704363,2.210000124,0.487095094,0.089341827,1.200000000,0.009854833
1784881190.407704353,2.220000124,0.493015167,0.090130929,1.200000000,0.010217434
1784881190.417704344,2.230000124,0.498946719,0.090922074,1.200000000,0.010574814
1784881190.427704334,2.240000124,0.504889841,0.091715278,1.200000000,0.010926870
1784881190.437704563,2.250000124,0.510844626,0.092510556,1.200000000,0.011273497
1784881190.447704554,2.260000124,0.516811164,0.093307925,1.200000000,0.011614594
1784881190.457704544,2.270000124,0.522789551,0.094107400,1.200000000,0.011950055
1784881190.467704535,2.280000124,0.528779880,0.094908999,1.200000000,0.012279779
1784881190.477704525,2.290000124,0.534782244,0.095712737,1.200000000,0.012603660
1784881190.487704515,2.300000124,0.540796738,0.096518630,1.200000000,0.012921597
1784881190.497704506,2.310000124,0.546823457,0.097326697,1.200000000,0.013233485
1784881190.507704496,2.320000124,0.552862494,0.098136952,1.200000000,0.013539222
1784881190.517704487,2.330000124,0.558913944,0.098949414,1.200000000,0.013838702
1784881190.527704477,2.340000124,0.564977899,0.099764099,1.200000000,0.014131825
1784881190.537704468,2.350000124,0.571054453,0.100581023,1.200000000,0.014418485
1784881190.547704458,2.360000124,0.577143697,0.101400204,1.200000000,0.014698579
1784881190.557704449,2.370000124,0.583245724,0.102221659,1.200000000,0.014972005
1784881190.567704439,2.380000124,0.589360621,0.103045403,1.200000000,0.015238658
1784881190.577704430,2.390000124,0.595488480,0.103871455,1.200000000,0.015498435
1784881190.587704420,2.400000124,0.601629387,0.104699830,1.200000000,0.015751232
1784881190.597704411,2.410000124,0.607783428,0.105530545,1.200000000,0.015996947
1784881190.607704401,2.420000124,0.613950687,0.106363616,1.200000000,0.016235476
1784881190.617704391,2.430000124,0.620131249,0.107199060,1.200000000,0.016466716
1784881190.627704382,2.440000124,0.626325193,0.108036893,1.200000000,0.016690562
1784881190.637704372,2.450000124,0.632532598,0.108877130,1.200000000,0.016906912
1784881190.647704363,2.460000124,0.638753542,0.109719788,1.200000000,0.017115698
1784881190.657704353,2.470000124,0.644988100,0.110564882,1.200000000,0.017316982
1784881190.667704344,2.480000124,0.651236343,0.111412428,1.200000000,0.017510855
1784881190.677704334,2.490000124,0.657498342,0.112262439,1.200000000,0.017697408
1784881190.687704563,2.500000124,0.663774164,0.113114932,1.200000000,0.017876732
1784881190.697704554,2.510000124,0.670063875,0.113969921,1.200000000,0.018048919
1784881190.707704544,2.520000124,0.676367536,0.114827420,1.200000000,0.018214059
1784881190.717704535,2.530000124,0.682685207,0.115687443,1.200000000,0.018372243
1784881190.727704525,2.540000124,0.689016944,0.116550004,1.200000000,0.018523563
1784881190.737704515,2.550000124,0.695362801,0.117415116,1.200000000,0.018668109
1784881190.747704506,2.560000124,0.701722830,0.118282792,1.200000000,0.018805974
1784881190.757704496,2.570000124,0.708097076,0.119153045,1.200000000,0.018937247
1784881190.767704487,2.580000124,0.714485585,0.120025887,1.200000000,0.019062019
1784881190.777704477,2.590000124,0.720888397,0.120901330,1.200000000,0.019180383
1784881190.787704468,2.600000124,0.727305551,0.121779385,1.200000000,0.019292429
1784881190.797704458,2.610000124,0.733737080,0.122660064,1.200000000,0.019398248
1784881190.807704449,2.620000124,0.740183015,0.123543377,1.200000000,0.019497931
1784881190.817704439,2.630000124,0.746643384,0.124429334,1.200000000,0.019591569
1784881190.827704430,2.640000124,0.753118211,0.125317945,1.200000000,0.019679254
1784881190.837704420,2.650000124,0.759607516,0.126209220,1.200000000,0.019761076
1784881190.847704411,2.660000124,0.766111314,0.127103168,1.200000000,0.019837126
1784881190.857704401,2.670000124,0.772629620,0.127999796,1.200000000,0.019907497
1784881190.867704391,2.680000124,0.779162443,0.128899112,1.200000000,0.019972278
1784881190.877704382,2.690000124,0.785709787,0.129801125,1.200000000,0.020031560
1784881190.887704372,2.700000124,0.792271654,0.130705841,1.200000000,0.020085436
1784881190.897704363,2.710000124,0.798848043,0.131613265,1.200000000,0.020133995
1784881190.907704353,2.720000124,0.805438946,0.132523405,1.200000000,0.020177329
1784881190.917704344,2.730000124,0.812044355,0.133436266,1.200000000,0.020215530
1784881190.927704334,2.740000124,0.818664254,0.134351851,1.200000000,0.020248687
1784881190.937704563,2.750000124,0.825298627,0.135270166,1.200000000,0.020276893
1784881190.947704554,2.760000124,0.831947452,0.136191214,1.200000000,0.020300238
1784881190.957704544,2.770000124,0.838610702,0.137114998,1.200000000,0.020318814
1784881190.967704535,2.780000124,0.845288348,0.138041520,1.200000000,0.020332711
1784881190.977704525,2.790000124,0.851980357,0.138970783,1.200000000,0.020342020
1784881190.987704515,2.800000124,0.858686690,0.139902787,1.200000000,0.020346834
1784881190.997704506,2.810000124,0.865407307,0.140837533,1.200000000,0.020347242
1784881191.007704496,2.820000124,0.872142160,0.141775022,1.200000000,0.020343335
1784881191.017704487,2.830000124,0.878891202,0.142715253,1.200000000,0.020335206
1784881191.027704477,2.840000124,0.885654378,0.143658224,1.200000000,0.020322945
1784881191.037704468,2.850000124,0.892431631,0.144603934,1.200000000,0.020306642
1784881191.047704458,2.860000124,0.899222899,0.145552381,1.200000000,0.020286390
1784881191.057704449,2.870000124,0.906028117,0.146503560,1.200000000,0.020262279
1784881191.067704439,2.880000124,0.912847215,0.147457470,1.200000000,0.020234401
1784881191.077704430,2.890000124,0.919680120,0.148414104,1.200000000,0.020202845
1784881191.087704420,2.900000124,0.926526755,0.149373459,1.200000000,0.020167705
1784881191.097704411,2.910000124,0.933387038,0.150335527,1.200000000,0.020129069
1784881191.107704401,2.920000124,0.940260885,0.151300304,1.200000000,0.020087031
1784881191.117704391,2.930000124,0.947148207,0.152267782,1.200000000,0.020041680
1784881191.127704382,2.940000124,0.954048911,0.153237952,1.200000000,0.019993108
1784881191.137704372,2.950000124,0.960962901,0.154210808,1.200000000,0.019941406
1784881191.147704363,2.960000124,0.967890076,0.155186339,1.200000000,0.019886664
1784881191.157704353,2.970000124,0.974830333,0.156164536,1.200000000,0.019828975
1784881191.167704344,2.980000124,0.981783564,0.157145388,1.200000000,0.019768429
1784881191.177704334,2.990000124,0.988749658,0.158128884,1.200000000,0.019705117
1784881191.187704563,3.000000124,0.995728500,0.159115012,1.200000000,0.019639130
1784881191.197704554,3.010000124,1.002719971,0.160103760,1.200000000,0.019570560
1784881191.207704544,3.020000124,1.009723951,0.161095114,1.200000000,0.019499497
1784881191.217704535,3.030000124,1.016740313,0.162089060,1.200000000,0.019426033
1784881191.227704525,3.040000124,1.023768928,0.163085584,1.200000000,0.019350258
1784881191.237704515,3.050000124,1.030809665,0.164084669,1.200000000,0.019272264
1784881191.247704506,3.060000124,1.037862388,0.165086301,1.200000000,0.019192142
1784881191.257704496,3.070000124,1.044926958,0.166090462,1.200000000,0.019109983
1784881191.267704487,3.080000124,1.052003232,0.167097134,1.200000000,0.019025877
1784881191.277704477,3.090000124,1.059091066,0.168106299,1.200000000,0.018939917
1784881191.287704468,3.100000124,1.066190312,0.169117938,1.200000000,0.018852192
1784881191.297704458,3.110000124,1.073300817,0.170132031,1.200000000,0.018762795
1784881191.307704449,3.120000124,1.080422428,0.171148559,1.200000000,0.018671816
1784881191.317704439,3.130000124,1.087554986,0.172167499,1.200000000,0.018579347
1784881191.327704430,3.140000124,1.094698332,0.173188829,1.200000000,0.018485477
1784881191.337704420,3.150000124,1.101852302,0.174212527,1.200000000,0.018390300
1784881191.347704411,3.160000124,1.109016730,0.175238571,1.200000000,0.018293905
1784881191.357704401,3.170000124,1.116191449,0.176266934,1.200000000,0.018196383
1784881191.367704391,3.180000124,1.123376285,0.177297594,1.200000000,0.018097827
1784881191.377704382,3.190000124,1.130571067,0.178330523,1.200000000,0.017998326
1784881191.387704372,3.200000124,1.137775616,0.179365696,1.200000000,0.017897972
1784881191.397704363,3.210000124,1.144989755,0.180403086,1.200000000,0.017796856
1784881191.407704353,3.220000124,1.152213302,0.181442666,1.200000000,0.017695069
1784881191.417704344,3.230000124,1.159446073,0.182484406,1.200000000,0.017592702
1784881191.427704334,3.240000124,1.166687884,0.183528277,1.200000000,0.017489847
1784881191.437704563,3.250000124,1.173938545,0.184574250,1.200000000,0.017386594
1784881191.447704554,3.260000124,1.181197868,0.185622295,1.200000000,0.017283034
1784881191.457704544,3.270000124,1.188465659,0.186672378,1.200000000,0.017179259
1784881191.467704535,3.280000124,1.195741725,0.187724470,1.200000000,0.017075359
1784881191.477704525,3.290000124,1.203025871,0.188778537,1.200000000,0.016971426
1784881191.487704515,3.300000124,1.210317898,0.189834545,1.200000000,0.016867551
1784881191.497704506,3.310000124,1.217617608,0.190892460,1.200000000,0.016763824
1784881191.507704496,3.320000124,1.224924798,0.191952248,1.200000000,0.016660338
1784881191.517704487,3.330000124,1.232239268,0.193013873,1.200000000,0.016557182
1784881191.527704477,3.340000124,1.239560813,0.194077298,1.200000000,0.016454449
1784881191.537704468,3.350000124,1.246889227,0.195142488,1.200000000,0.016352228
1784881191.547704458,3.360000124,1.254224303,0.196209403,1.200000000,0.016250612
1784881191.557704449,3.370000124,1.261565835,0.197278006,1.200000000,0.016149691
1784881191.567704439,3.380000124,1.268913611,0.198348257,1.200000000,0.016049556
1784881191.577704430,3.390000124,1.276267424,0.199420118,1.200000000,0.015950299
1784881191.587704420,3.400000124,1.283627060,0.200493546,1.200000000,0.015852011
1784881191.597704411,3.410000124,1.290992308,0.201568503,1.200000000,0.015754782
1784881191.607704401,3.420000124,1.298362955,0.202644945,1.200000000,0.015658704
1784881191.617704391,3.430000124,1.305738788,0.203722830,1.200000000,0.015563867
1784881191.627704382,3.440000124,1.313119591,0.204802115,1.200000000,0.015470364
1784881191.637704372,3.450000124,1.320505149,0.205882756,1.200000000,0.015378284
1784881191.647704363,3.460000124,1.327895248,0.206964710,1.200000000,0.015287720
1784881191.657704353,3.470000124,1.335289670,0.208047930,1.200000000,0.015198761
1784881191.667704344,3.480000124,1.342688200,0.209132371,1.200000000,0.015111500
1784881191.677704334,3.490000124,1.350090621,0.210217987,1.200000000,0.015026027
1784881191.687704563,3.500000124,1.357496716,0.211304730,1.200000000,0.014942433
1784881191.697704554,3.510000124,1.364906267,0.212392553,1.200000000,0.014860810
1784881191.707704544,3.520000124,1.372319059,0.213481408,1.200000000,0.014781248
1784881191.717704535,3.530000124,1.379734873,0.214571246,1.200000000,0.014703839
1784881191.727704525,3.540000124,1.387153494,0.215662017,1.200000000,0.014628674
1784881191.737704515,3.550000124,1.394574704,0.216753670,1.200000000,0.014555843
1784881191.747704506,3.560000124,1.401998286,0.217846156,1.200000000,0.014485439
1784881191.757704496,3.570000124,1.409424026,0.218939422,1.200000000,0.014417551
1784881191.767704487,3.580000124,1.416851706,0.220033418,1.200000000,0.014352271
1784881191.777704477,3.590000124,1.424281113,0.221128089,1.200000000,0.014289690
1784881191.787704468,3.600000124,1.431712031,0.222223383,1.200000000,0.014229900
1784881191.797704458,3.610000124,1.439144247,0.223319246,1.200000000,0.014172990
1784881191.807704449,3.620000124,1.446577547,0.224415624,1.200000000,0.014119054
1784881191.817704439,3.630000124,1.454011720,0.225512461,1.200000000,0.014068180
1784881191.827704430,3.640000124,1.461446553,0.226609703,1.200000000,0.014020461
1784881191.837704420,3.650000124,1.468881837,0.227707292,1.200000000,0.013975988
1784881191.847704411,3.660000124,1.476317361,0.228805173,1.200000000,0.013934851
1784881191.857704401,3.670000124,1.483752919,0.229903288,1.200000000,0.013897142
1784881191.867704391,3.680000124,1.491188301,0.231001579,1.200000000,0.013862952
1784881191.877704382,3.690000124,1.498623303,0.232099988,1.200000000,0.013832371
1784881191.887704372,3.700000124,1.506057721,0.233198457,1.200000000,0.013805492
1784881191.897704363,3.710000124,1.513491350,0.234296925,1.200000000,0.013782405
1784881191.907704353,3.720000124,1.520923989,0.235395332,1.200000000,0.013763201
1784881191.917704344,3.730000124,1.528355439,0.236493619,1.200000000,0.013747971
1784881191.927704334,3.740000124,1.535785500,0.237591724,1.200000000,0.013736806
1784881191.937704563,3.750000124,1.543213975,0.238689586,1.200000000,0.013729798
1784881191.947704554,3.760000124,1.550640670,0.239787143,1.200000000,0.013727037
1784881191.957704544,3.770000124,1.558065391,0.240884332,1.200000000,0.013728615
1784881191.967704535,3.780000124,1.565487946,0.241981091,1.200000000,0.013734623
1784881191.977704525,3.790000124,1.572908145,0.243077355,1.200000000,0.013745151
1784881191.987704515,3.800000124,1.580325802,0.244173061,1.200000000,0.013760291
1784881191.997704506,3.810000124,1.587740730,0.245268145,1.200000000,0.013780134
1784881192.007704496,3.820000124,1.595152746,0.246362541,1.200000000,0.013804771
1784881192.017704487,3.830000124,1.602561667,0.247456185,1.200000000,0.013834293
1784881192.027704477,3.840000124,1.609967316,0.248549010,1.200000000,0.013868791
1784881192.037704468,3.850000124,1.617369515,0.249640950,1.200000000,0.013908357
1784881192.047704458,3.860000124,1.624768088,0.250731938,1.200000000,0.013953080
1784881192.057704449,3.870000124,1.632162865,0.251821908,1.200000000,0.014003053
1784881192.067704439,3.880000124,1.639553674,0.252910792,1.200000000,0.014058367
1784881192.077704430,3.890000124,1.646940347,0.253998522,1.200000000,0.014119088
1784881192.087704420,3.900000124,1.654322721,0.255085029,1.200000000,0.014185125
1784881192.097704411,3.910000124,1.661700632,0.256170244,1.200000000,0.014256324
1784881192.107704401,3.920000124,1.669073920,0.257254099,1.200000000,0.014332531
1784881192.117704391,3.930000124,1.676442427,0.258336524,1.200000000,0.014413591
1784881192.127704382,3.940000124,1.683805999,0.259417448,1.200000000,0.014499351
1784881192.137704372,3.950000124,1.691164484,0.260496802,1.200000000,0.014589655
1784881192.147704363,3.960000124,1.698517731,0.261574514,1.200000000,0.014684349
1784881192.157704353,3.970000124,1.705865594,0.262650514,1.200000000,0.014783279
1784881192.167704344,3.980000124,1.713207930,0.263724730,1.200000000,0.014886290
1784881192.177704334,3.990000124,1.720544596,0.264797090,1.200000000,0.014993229
1784881192.187704563,4.000000124,1.727875455,0.265867522,1.200000000,0.015103940
1784881192.197704554,4.010000124,1.735200370,0.266935953,1.200000000,0.015218269
1784881192.207704544,4.020000124,1.742519209,0.268002311,1.200000000,0.015336063
1784881192.217704535,4.030000124,1.749831843,0.269066522,1.200000000,0.015457165
1784881192.227704525,4.040000124,1.757138143,0.270128513,1.200000000,0.015581423
1784881192.237704515,4.050000124,1.764437987,0.271188209,1.200000000,0.015708682
1784881192.247704506,4.060000124,1.771731253,0.272245537,1.200000000,0.015838787
1784881192.257704496,4.070000124,1.779017822,0.273300423,1.200000000,0.015971585
1784881192.267704487,4.080000124,1.786297581,0.274352791,1.200000000,0.016106919
1784881192.277704477,4.090000124,1.793570415,0.275402566,1.200000000,0.016244637
1784881192.287704468,4.100000124,1.800836217,0.276449673,1.200000000,0.016384584
1784881192.297704458,4.110000124,1.808094881,0.277494036,1.200000000,0.016526606
1784881192.307704449,4.120000124,1.815346302,0.278535580,1.200000000,0.016670547
1784881192.317704439,4.130000124,1.822590381,0.279574227,1.200000000,0.016816254
1784881192.327704430,4.140000124,1.829827021,0.280609903,1.200000000,0.016963573
1784881192.337704420,4.150000124,1.837056128,0.281642530,1.200000000,0.017112348
1784881192.347704411,4.160000124,1.844277610,0.282672030,1.200000000,0.017262426
1784881192.357704401,4.170000124,1.851491380,0.283698328,1.200000000,0.017413652
1784881192.367704391,4.180000124,1.858697352,0.284721345,1.200000000,0.017565872
1784881192.377704382,4.190000124,1.865895446,0.285741004,1.200000000,0.017718931
1784881192.387704372,4.200000124,1.873085582,0.286757227,1.200000000,0.017872675
1784881192.397704363,4.210000124,1.880267683,0.287769936,1.200000000,0.018026950
1784881192.407704353,4.220000124,1.887441678,0.288779052,1.200000000,0.018181601
1784881192.417704344,4.230000124,1.894607497,0.289784498,1.200000000,0.018336474
1784881192.427704334,4.240000124,1.901765073,0.290786194,1.200000000,0.018491415
1784881192.437704563,4.250000124,1.908914342,0.291784061,1.200000000,0.018646269
1784881192.447704554,4.260000124,1.916055244,0.292778021,1.200000000,0.018800881
1784881192.457704544,4.270000124,1.923187720,0.293767994,1.200000000,0.018955098
1784881192.467704535,4.280000124,1.930311717,0.294753901,1.200000000,0.019108764
1784881192.477704525,4.290000124,1.937427183,0.295735662,1.200000000,0.019261727
1784881192.487704515,4.300000124,1.944534068,0.296713198,1.200000000,0.019413830
1784881192.497704506,4.310000124,1.951632327,0.297686428,1.200000000,0.019564920
1784881192.507704496,4.320000124,1.958721918,0.298655273,1.200000000,0.019714843
1784881192.517704487,4.330000124,1.965802800,0.299619653,1.200000000,0.019863444
1784881192.527704477,4.340000124,1.972874936,0.300579486,1.200000000,0.020010568
1784881192.537704468,4.350000124,1.979938292,0.301534694,1.200000000,0.020156062
1784881192.547704458,4.360000124,1.986992837,0.302485195,1.200000000,0.020299770
1784881192.557704449,4.370000124,1.994038543,0.303430908,1.200000000,0.020441539
1784881192.567704439,4.380000124,2.001075384,0.304371753,1.200000000,0.020581215
1784881192.577704430,4.390000124,2.008103336,0.305307650,1.200000000,0.020718641
1784881192.587704420,4.400000124,2.015122382,0.306238516,1.200000000,0.020853666
1784881192.597704411,4.410000124,2.022132502,0.307164272,1.200000000,0.020986133
1784881192.607704401,4.420000124,2.029133682,0.308084835,1.200000000,0.021115889
1784881192.617704391,4.430000124,2.036125912,0.309000126,1.200000000,0.021242779
1784881192.627704382,4.440000124,2.043109181,0.309910062,1.200000000,0.021366649
1784881192.637704372,4.450000124,2.050083483,0.310814562,1.200000000,0.021487344
1784881192.647704363,4.460000124,2.057048815,0.311713546,1.200000000,0.021604711
1784881192.657704353,4.470000124,2.064005176,0.312606931,1.200000000,0.021718594
1784881192.667704344,4.480000124,2.070952566,0.313494636,1.200000000,0.021828839
1784881192.677704334,4.490000124,2.077890991,0.314376580,1.200000000,0.021935293
1784881192.687704563,4.500000124,2.084820455,0.315252681,1.200000000,0.022037800
1784881192.697704554,4.510000124,2.091740969,0.316122858,1.200000000,0.022136206
1784881192.707704544,4.520000124,2.098652544,0.316987029,1.200000000,0.022230356
1784881192.717704535,4.530000124,2.105555193,0.317845112,1.200000000,0.022320098
1784881192.727704525,4.540000124,2.112448933,0.318697027,1.200000000,0.022405275
1784881192.737704515,4.550000124,2.119333783,0.319542691,1.200000000,0.022485734
1784881192.747704506,4.560000124,2.126209763,0.320382023,1.200000000,0.022561320
1784881192.757704496,4.570000124,2.133076896,0.321214942,1.200000000,0.022631879
1784881192.767704487,4.580000124,2.139935209,0.322041366,1.200000000,0.022697256
1784881192.777704477,4.590000124,2.146784729,0.322861213,1.200000000,0.022757297
1784881192.787704468,4.600000124,2.153625485,0.323674402,1.200000000,0.022811849
1784881192.797704458,4.610000124,2.160457510,0.324480852,1.200000000,0.022860755
1784881192.807704449,4.620000124,2.167280837,0.325280482,1.200000000,0.022903863
1784881192.817704439,4.630000124,2.174095504,0.326073210,1.200000000,0.022941017
1784881192.827704430,4.640000124,2.180901548,0.326858954,1.200000000,0.022972063
1784881192.837704420,4.650000124,2.187699009,0.327637634,1.200000000,0.022996847
1784881192.847704411,4.660000124,2.194487930,0.328409169,1.200000000,0.023015214
1784881192.857704401,4.670000124,2.201268355,0.329173478,1.200000000,0.023027010
1784881192.867704391,4.680000124,2.208040329,0.329930479,1.200000000,0.023032081
1784881192.877704382,4.690000124,2.214803901,0.330680092,1.200000000,0.023030273
1784881192.887704372,4.700000124,2.221559120,0.331422236,1.200000000,0.023021430
1784881192.897704363,4.710000124,2.228306036,0.332156831,1.200000000,0.023005399
1784881192.907704353,4.720000124,2.235044705,0.332883796,1.200000000,0.022982024
1784881192.917704344,4.730000124,2.241775179,0.333603050,1.200000000,0.022951153
1784881192.927704334,4.740000124,2.248497515,0.334314514,1.200000000,0.022912630
1784881192.937704563,4.750000124,2.255211771,0.335018106,1.200000000,0.022866301
1784881192.947704554,4.760000124,2.261918007,0.335713748,1.200000000,0.022812011
1784881192.957704544,4.770000124,2.268616284,0.336401358,1.200000000,0.022749607
1784881192.967704535,4.780000124,2.275306663,0.337080858,1.200000000,0.022678933
1784881192.977704525,4.790000124,2.281989209,0.337752168,1.200000000,0.022599836
1784881192.987704515,4.800000124,2.288663986,0.338415208,1.200000000,0.022512161
1784881192.997704506,4.810000124,2.295331062,0.339069899,1.200000000,0.022415753
1784881193.007704496,4.820000124,2.301990503,0.339716162,1.200000000,0.022310459
1784881193.017704487,4.830000124,2.308642380,0.340353917,1.200000000,0.022196124
1784881193.027704477,4.840000124,2.315286761,0.340983087,1.200000000,0.022072593
1784881193.037704468,4.850000124,2.321923718,0.341603593,1.200000000,0.021939713
1784881193.047704458,4.860000124,2.328553324,0.342215355,1.200000000,0.021797328
1784881193.057704449,4.870000124,2.335175652,0.342818296,1.200000000,0.021645284
1784881193.067704439,4.880000124,2.341790777,0.343412339,1.200000000,0.021483428
1784881193.077704430,4.890000124,2.348398773,0.343997404,1.200000000,0.021311604
1784881193.087704420,4.900000124,2.354999717,0.344573415,1.200000000,0.021129658
1784881193.097704411,4.910000124,2.361593687,0.345140294,1.200000000,0.020937437
1784881193.107704401,4.920000124,2.368180759,0.345697964,1.200000000,0.020734784
1784881193.117704391,4.930000124,2.374761014,0.346246348,1.200000000,0.020521547
1784881193.127704382,4.940000124,2.381334530,0.346785369,1.200000000,0.020297570
1784881193.137704372,4.950000124,2.387901389,0.347314952,1.200000000,0.020062700
1784881193.147704363,4.960000124,2.394461669,0.347835019,1.200000000,0.019816782
1784881193.157704353,4.970000124,2.401015454,0.348345494,1.200000000,0.019559661
1784881193.167704344,4.980000124,2.407562825,0.348846303,1.200000000,0.019291183
1784881193.177704334,4.990000124,2.414103864,0.349337369,1.200000000,0.019011194
1784881193.187704563,5.000000124,2.420638655,0.349818618,1.200000000,0.018719540
1784881193.197704554,5.010000124,2.427167281,0.350289975,1.200000000,0.018416065
1784881193.207704544,5.020000124,2.433689826,0.350751364,1.200000000,0.018100616
1784881193.217704535,5.030000124,2.440206374,0.351202712,1.200000000,0.017773039
1784881193.227704525,5.040000124,2.446717009,0.351643945,1.200000000,0.017433178
1784881193.237704515,5.050000124,2.453221816,0.352074988,1.200000000,0.017080880
1784881193.247704506,5.060000124,2.459720881,0.352495768,1.200000000,0.016715990
1784881193.257704496,5.070000124,2.466214287,0.352906213,1.200000000,0.016338353
1784881193.267704487,5.080000124,2.472702120,0.353306249,1.200000000,0.015947816
1784881193.277704477,5.090000124,2.479184466,0.353695804,1.200000000,0.015544224
1784881193.287704468,5.100000124,2.485661410,0.354074806,1.200000000,0.015127422
1784881193.297704458,5.110000124,2.492133037,0.354443182,1.200000000,0.014697257
1784881193.307704449,5.120000124,2.498599432,0.354800861,1.200000000,0.014253573
1784881193.317704439,5.130000124,2.505060681,0.355147772,1.200000000,0.013796217
1784881193.327704430,5.140000124,2.511516868,0.355483844,1.200000000,0.013325034
1784881193.337704420,5.150000124,2.517968079,0.355809007,1.200000000,0.012839869
1784881193.347704411,5.160000124,2.524414398,0.356123190,1.200000000,0.012340569
1784881193.357704401,5.170000124,2.530855909,0.356426323,1.200000000,0.011826979
1784881193.367704391,5.180000124,2.537292698,0.356718337,1.200000000,0.011298944
1784881193.377704382,5.190000124,2.543724846,0.356999163,1.200000000,0.010756310
1784881193.387704372,5.200000124,2.550152439,0.357268732,1.200000000,0.010198923
1784881193.397704363,5.210000124,2.556575558,0.357526975,1.200000000,0.009626628
1784881193.407704353,5.220000124,2.562994288,0.357773825,1.200000000,0.009039271
1784881193.417704344,5.230000124,2.569408709,0.358009214,1.200000000,0.008436698
1784881193.427704334,5.240000124,2.575818904,0.358233075,1.200000000,0.007818754
1784881193.437704563,5.250000124,2.582224953,0.358445340,1.200000000,0.007185285
1784881193.447704554,5.260000124,2.588626938,0.358645944,1.200000000,0.006536137
1784881193.457704544,5.270000124,2.595024937,0.358834820,1.200000000,0.005871154
1784881193.467704535,5.280000124,2.601419032,0.359011903,1.200000000,0.005190183
1784881193.477704525,5.290000124,2.607809299,0.359177128,1.200000000,0.004493069
1784881193.487704515,5.300000124,2.614195817,0.359330428,1.200000000,0.003779659
1784881193.497704506,5.310000124,2.620578664,0.359471741,1.200000000,0.003049796
1784881193.507704496,5.320000124,2.626957915,0.359601002,1.200000000,0.002303328
1784881193.517704487,5.330000124,2.633333647,0.359718148,1.200000000,0.001540100
1784881193.527704477,5.340000124,2.639705933,0.359823115,1.200000000,0.000759957
1784881193.537704468,5.350000124,2.646074849,0.359915841,1.200000000,-0.000037255
1784881193.547704458,5.360000124,2.652440467,0.359996263,1.200000000,-0.000851690
1784881193.557704449,5.370000124,2.658802859,0.360064320,1.200000000,-0.001683503
1784881193.567704439,5.380000124,2.665162097,0.360119949,1.200000000,-0.002532840
1784881193.577704430,5.390000124,2.671518250,0.360163091,1.200000000,-0.003399701
1784881193.587704420,5.400000124,2.677871388,0.360193685,1.200000000,-0.004283955
1784881193.597704411,5.410000124,2.684221580,0.360211671,1.200000000,-0.005185471
1784881193.607704401,5.420000124,2.690568892,0.360216988,1.200000000,-0.006104115
1784881193.617704391,5.430000124,2.696913391,0.360209579,1.200000000,-0.007039755
1784881193.627704382,5.440000124,2.703255142,0.360189384,1.200000000,-0.007992258
1784881193.637704372,5.450000124,2.709594208,0.360156345,1.200000000,-0.008961490
1784881193.647704363,5.460000124,2.715930654,0.360110405,1.200000000,-0.009947318
1784881193.657704353,5.470000124,2.722264540,0.360051506,1.200000000,-0.010949611
1784881193.667704344,5.480000124,2.728595927,0.359979591,1.200000000,-0.011968234
1784881193.677704334,5.490000124,2.734924875,0.359894605,1.200000000,-0.013003055
1784881193.687704563,5.500000124,2.741251443,0.359796492,1.200000000,-0.014053941
1784881193.697704554,5.510000124,2.747575686,0.359685196,1.200000000,-0.015120759
1784881193.707704544,5.520000124,2.753897661,0.359560662,1.200000000,-0.016203375
1784881193.717704535,5.530000124,2.760217423,0.359422837,1.200000000,-0.017301658
1784881193.727704525,5.540000124,2.766535024,0.359271666,1.200000000,-0.018415474
1784881193.737704515,5.550000124,2.772850519,0.359107097,1.200000000,-0.019544690
1784881193.747704506,5.560000124,2.779163956,0.358929076,1.200000000,-0.020689174
1784881193.757704496,5.570000124,2.785475386,0.358737552,1.200000000,-0.021848791
1784881193.767704487,5.580000124,2.791784857,0.358532472,1.200000000,-0.023023410
1784881193.777704477,5.590000124,2.798092416,0.358313786,1.200000000,-0.024212897
1784881193.787704468,5.600000124,2.804398109,0.358081443,1.200000000,-0.025417120
1784881193.797704458,5.610000124,2.810701980,0.357835393,1.200000000,-0.026635945
1784881193.807704449,5.620000124,2.817004072,0.357575585,1.200000000,-0.027869239
1784881193.817704439,5.630000124,2.823304428,0.357301972,1.200000000,-0.029116870
1784881193.827704430,5.640000124,2.829603088,0.357014504,1.200000000,-0.030378705
1784881193.837704420,5.650000124,2.835900090,0.356713134,1.200000000,-0.031654611
1784881193.847704411,5.660000124,2.842195473,0.356397814,1.200000000,-0.032944454
1784881193.857704401,5.670000124,2.848489272,0.356068497,1.200000000,-0.034248102
1784881193.867704391,5.680000124,2.854781524,0.355725137,1.200000000,-0.035565421
1784881193.877704382,5.690000124,2.861072261,0.355367689,1.200000000,-0.036896280
1784881193.887704372,5.700000124,2.867361517,0.354996105,1.200000000,-0.038240545
1784881193.897704363,5.710000124,2.873649321,0.354610344,1.200000000,-0.039598082
1784881193.907704353,5.720000124,2.879935705,0.354210359,1.200000000,-0.040968760
1784881193.917704344,5.730000124,2.886220695,0.353796107,1.200000000,-0.042352444
1784881193.927704334,5.740000124,2.892504319,0.353367546,1.200000000,-0.043749003
1784881193.937704563,5.750000124,2.898786603,0.352924633,1.200000000,-0.045158303
1784881193.947704554,5.760000124,2.905067570,0.352467326,1.200000000,-0.046580212
1784881193.957704544,5.770000124,2.911347244,0.351995584,1.200000000,-0.048014595
1784881193.967704535,5.780000124,2.917625646,0.351509366,1.200000000,-0.049461321
1784881193.977704525,5.790000124,2.923902796,0.351008631,1.200000000,-0.050920257
1784881193.987704515,5.800000124,2.930178712,0.350493342,1.200000000,-0.052391269
1784881193.997704506,5.810000124,2.936453414,0.349963457,1.200000000,-0.053874224
1784881194.007704496,5.820000124,2.942726915,0.349418940,1.200000000,-0.055368990
1784881194.017704487,5.830000124,2.948999232,0.348859752,1.200000000,-0.056875434
1784881194.027704477,5.840000124,2.955270377,0.348285855,1.200000000,-0.058393422
1784881194.037704468,5.850000124,2.961540363,0.347697214,1.200000000,-0.059922822
1784881194.047704458,5.860000124,2.967809201,0.347093793,1.200000000,-0.061463501
1784881194.057704449,5.870000124,2.974076900,0.346475555,1.200000000,-0.063015325
1784881194.067704439,5.880000124,2.980343467,0.345842466,1.200000000,-0.064578163
1784881194.077704430,5.890000124,2.986608911,0.345194492,1.200000000,-0.066151880
1784881194.087704420,5.900000124,2.992873236,0.344531598,1.200000000,-0.067736345
1784881194.097704411,5.910000124,2.999136447,0.343853753,1.200000000,-0.069331423
1784881194.107704401,5.920000124,3.005398548,0.343160924,1.200000000,-0.070936983
1784881194.117704391,5.930000124,3.011659538,0.342453078,1.200000000,-0.072552891
1784881194.127704382,5.940000124,3.017919420,0.341730185,1.200000000,-0.074179014
1784881194.137704372,5.950000124,3.024178193,0.340992213,1.200000000,-0.075815219
1784881194.147704363,5.960000124,3.030435854,0.340239134,1.200000000,-0.077461374
1784881194.157704353,5.970000124,3.036692401,0.339470917,1.200000000,-0.079117345
1784881194.167704344,5.980000124,3.042947828,0.338687534,1.200000000,-0.080782999
1784881194.177704334,5.990000124,3.049202131,0.337888956,1.200000000,-0.082458204
1784881194.187704563,6.000000124,3.055455303,0.337075157,1.200000000,-0.084142826
1784881194.197704554,6.010000124,3.061707335,0.336246109,1.200000000,-0.085836733
1784881194.207704544,6.020000124,3.067958219,0.335401785,1.200000000,-0.087539792
1784881194.217704535,6.030000124,3.074207945,0.334542161,1.200000000,-0.089251869
1784881194.227704525,6.040000124,3.080456500,0.333667211,1.200000000,-0.090972832
1784881194.237704515,6.050000124,3.086703874,0.332776911,1.200000000,-0.092702548
1784881194.247704506,6.060000124,3.092950051,0.331871236,1.200000000,-0.094440884
1784881194.257704496,6.070000124,3.099195018,0.330950165,1.200000000,-0.096187706
1784881194.267704487,6.080000124,3.105438759,0.330013674,1.200000000,-0.097942883
1784881194.277704477,6.090000124,3.111681256,0.329061742,1.200000000,-0.099706280
1784881194.287704468,6.100000124,3.117922493,0.328094346,1.200000000,-0.101477766
1784881194.297704458,6.110000124,3.124162451,0.327111467,1.200000000,-0.103257207
1784881194.307704449,6.120000124,3.130401109,0.326113085,1.200000000,-0.105044470
1784881194.317704439,6.130000124,3.136638446,0.325099181,1.200000000,-0.106839422
1784881194.327704430,6.140000124,3.142874442,0.324069734,1.200000000,-0.108641930
1784881194.337704420,6.150000124,3.149109073,0.323024729,1.200000000,-0.110451862
1784881194.347704411,6.160000124,3.155342315,0.321964147,1.200000000,-0.112269084
1784881194.357704401,6.170000124,3.161574144,0.320887971,1.200000000,-0.114093464
1784881194.367704391,6.180000124,3.167804535,0.319796185,1.200000000,-0.115924868
1784881194.377704382,6.190000124,3.174033461,0.318688774,1.200000000,-0.117763163
1784881194.387704372,6.200000124,3.180260895,0.317565723,1.200000000,-0.119608217
1784881194.397704363,6.210000124,3.186486809,0.316427018,1.200000000,-0.121459897
1784881194.407704353,6.220000124,3.192711173,0.315272645,1.200000000,-0.123318069
1784881194.417704344,6.230000124,3.198933959,0.314102592,1.200000000,-0.125182602
1784881194.427704334,6.240000124,3.205155136,0.312916846,1.200000000,-0.127053361
1784881194.437704563,6.250000124,3.211374672,0.311715395,1.200000000,-0.128930214
1784881194.447704554,6.260000124,3.217592535,0.310498229,1.200000000,-0.130813027
1784881194.457704544,6.270000124,3.223808694,0.309265338,1.200000000,-0.132701669
1784881194.467704535,6.280000124,3.230023113,0.308016711,1.200000000,-0.134596006
1784881194.477704525,6.290000124,3.236235760,0.306752341,1.200000000,-0.136495905
1784881194.487704515,6.300000124,3.242446600,0.305472217,1.200000000,-0.138401233
1784881194.497704506,6.310000124,3.248655596,0.304176334,1.200000000,-0.140311857
1784881194.507704496,6.320000124,3.254862714,0.302864684,1.200000000,-0.142227644
1784881194.517704487,6.330000124,3.261067916,0.301537260,1.200000000,-0.144148462
1784881194.527704477,6.340000124,3.267271165,0.300194057,1.200000000,-0.146074177
1784881194.537704468,6.350000124,3.273472423,0.298835070,1.200000000,-0.148004656
1784881194.547704458,6.360000124,3.279671653,0.297460295,1.200000000,-0.149939767
1784881194.557704449,6.370000124,3.285868815,0.296069727,1.200000000,-0.151879376
1784881194.567704439,6.380000124,3.292063869,0.294663364,1.200000000,-0.153823351
1784881194.577704430,6.390000124,3.298256777,0.293241204,1.200000000,-0.155771559
1784881194.587704420,6.400000124,3.304447498,0.291803244,1.200000000,-0.157723866
1784881194.597704411,6.410000124,3.310635991,0.290349484,1.200000000,-0.159680140
1784881194.607704401,6.420000124,3.316822215,0.288879924,1.200000000,-0.161640247
1784881194.617704391,6.430000124,3.323006128,0.287394563,1.200000000,-0.163604055
1784881194.627704382,6.440000124,3.329187690,0.285893402,1.200000000,-0.165571432
1784881194.637704372,6.450000124,3.335366857,0.284376444,1.200000000,-0.167542243
1784881194.647704363,6.460000124,3.341543587,0.282843690,1.200000000,-0.169516356
1784881194.657704353,6.470000124,3.347717838,0.281295143,1.200000000,-0.171493638
1784881194.667704344,6.480000124,3.353889565,0.279730808,1.200000000,-0.173473956
1784881194.677704334,6.490000124,3.360058727,0.278150687,1.200000000,-0.175457178
1784881194.687704563,6.500000124,3.366225280,0.276554787,1.200000000,-0.177443169
1784881194.697704554,6.510000124,3.372389178,0.274943112,1.200000000,-0.179431798
1784881194.707704544,6.520000124,3.378550380,0.273315669,1.200000000,-0.181422931
1784881194.717704535,6.530000124,3.384708840,0.271672465,1.200000000,-0.183416435
1784881194.727704525,6.540000124,3.390864515,0.270013508,1.200000000,-0.185412178
1784881194.737704515,6.550000124,3.397017360,0.268338805,1.200000000,-0.187410027
1784881194.747704506,6.560000124,3.403167330,0.266648366,1.200000000,-0.189409847
1784881194.757704496,6.570000124,3.409314381,0.264942200,1.200000000,-0.191411508
1784881194.767704487,6.580000124,3.415458469,0.263220317,1.200000000,-0.193414874
1784881194.777704477,6.590000124,3.421599548,0.261482729,1.200000000,-0.195419815
1784881194.787704468,6.600000124,3.427737575,0.259729446,1.200000000,-0.197426196
1784881194.797704458,6.610000124,3.433872504,0.257960482,1.200000000,-0.199433885
1784881194.807704449,6.620000124,3.440004291,0.256175849,1.200000000,-0.201442749
1784881194.817704439,6.630000124,3.446132892,0.254375560,1.200000000,-0.203452655
1784881194.827704430,6.640000124,3.452258262,0.252559630,1.200000000,-0.205463470
1784881194.837704420,6.650000124,3.458380356,0.250728074,1.200000000,-0.207475060
1784881194.847704411,6.660000124,3.464499131,0.248880907,1.200000000,-0.209487294
1784881194.857704401,6.670000124,3.470614542,0.247018146,1.200000000,-0.211500038
1784881194.867704391,6.680000124,3.476726545,0.245139807,1.200000000,-0.213513159
1784881194.877704382,6.690000124,3.482835097,0.243245907,1.200000000,-0.215526524
1784881194.887704372,6.700000124,3.488940155,0.241336466,1.200000000,-0.217540000
1784881194.897704363,6.710000124,3.495041674,0.239411502,1.200000000,-0.219553455
1784881194.907704353,6.720000124,3.501139611,0.237471034,1.200000000,-0.221566755
1784881194.917704344,6.730000124,3.507233925,0.235515083,1.200000000,-0.223579767
1784881194.927704334,6.740000124,3.513324572,0.233543669,1.200000000,-0.225592359
1784881194.937704563,6.750000124,3.519411509,0.231556814,1.200000000,-0.227604397
1784881194.947704554,6.760000124,3.525494697,0.229554540,1.200000000,-0.229615749
1784881194.957704544,6.770000124,3.531574091,0.227536871,1.200000000,-0.231626282
1784881194.967704535,6.780000124,3.537649653,0.225503829,1.200000000,-0.233635862
1784881194.977704525,6.790000124,3.543721340,0.223455438,1.200000000,-0.235644357
1784881194.987704515,6.800000124,3.549789112,0.221391723,1.200000000,-0.237651633
1784881194.997704506,6.810000124,3.555852929,0.219312711,1.200000000,-0.239657559
1784881195.007704496,6.820000124,3.561912752,0.217218426,1.200000000,-0.241662000
1784881195.017704487,6.830000124,3.567968542,0.215108896,1.200000000,-0.243664825
1784881195.027704477,6.840000124,3.574020259,0.212984148,1.200000000,-0.245665899
1784881195.037704468,6.850000124,3.580067866,0.210844210,1.200000000,-0.247665090
1784881195.047704458,6.860000124,3.586111326,0.208689111,1.200000000,-0.249662266
1784881195.057704449,6.870000124,3.592150601,0.206518880,1.200000000,-0.251657292
1784881195.067704439,6.880000124,3.598185654,0.204333548,1.200000000,-0.253650037
1784881195.077704430,6.890000124,3.604216449,0.202133144,1.200000000,-0.255640367
1784881195.087704420,6.900000124,3.610242952,0.199917700,1.200000000,-0.257628150
1784881195.097704411,6.910000124,3.616265127,0.197687249,1.200000000,-0.259613251
1784881195.107704401,6.920000124,3.622282940,0.195441822,1.200000000,-0.261595539
1784881195.117704391,6.930000124,3.628296357,0.193181453,1.200000000,-0.263574881
1784881195.127704382,6.940000124,3.634305346,0.190906176,1.200000000,-0.265551143
1784881195.137704372,6.950000124,3.640309873,0.188616026,1.200000000,-0.267524193
1784881195.147704363,6.960000124,3.646309909,0.186311037,1.200000000,-0.269493897
1784881195.157704353,6.970000124,3.652305420,0.183991245,1.200000000,-0.271460123
1784881195.167704344,6.980000124,3.658296378,0.181656688,1.200000000,-0.273422738
1784881195.177704334,6.990000124,3.664282753,0.179307401,1.200000000,-0.275381608
1784881195.187704563,7.000000124,3.670264515,0.176943423,1.200000000,-0.277336602
1784881195.197704554,7.010000124,3.676241637,0.174564792,1.200000000,-0.279287585
1784881195.207704544,7.020000124,3.682214090,0.172171548,1.200000000,-0.281234425
1784881195.217704535,7.030000124,3.688181850,0.169763729,1.200000000,-0.283176989
1784881195.227704525,7.040000124,3.694144889,0.167341376,1.200000000,-0.285115144
1784881195.237704515,7.050000124,3.700103183,0.164904530,1.200000000,-0.287048774
1784881195.247704506,7.060000124,3.706056707,0.162453233,1.200000000,-0.288977856
1784881195.257704496,7.070000124,3.712005438,0.159987526,1.200000000,-0.290902395
1784881195.267704487,7.080000124,3.717949353,0.157507453,1.200000000,-0.292822400
1784881195.277704477,7.090000124,3.723888430,0.155013057,1.200000000,-0.294737876
1784881195.287704468,7.100000124,3.729822648,0.152504382,1.200000000,-0.296648832
1784881195.297704458,7.110000124,3.735751988,0.149981472,1.200000000,-0.298555274
1784881195.307704449,7.120000124,3.741676428,0.147444374,1.200000000,-0.300457209
1784881195.317704439,7.130000124,3.747595952,0.144893133,1.200000000,-0.302354644
1784881195.327704430,7.140000124,3.753510541,0.142327795,1.200000000,-0.304247587
1784881195.337704420,7.150000124,3.759420178,0.139748407,1.200000000,-0.306136043
1784881195.347704411,7.160000124,3.765324848,0.137155019,1.200000000,-0.308020021
1784881195.357704401,7.170000124,3.771224535,0.134547677,1.200000000,-0.309899527
1784881195.367704391,7.180000124,3.777119226,0.131926430,1.200000000,-0.311774569
1784881195.377704382,7.190000124,3.783008906,0.129291330,1.200000000,-0.313645152
1784881195.387704372,7.200000124,3.788893563,0.126642425,1.200000000,-0.315511285
1784881195.397704363,7.210000124,3.794773187,0.123979767,1.200000000,-0.317372974
1784881195.407704353,7.220000124,3.800647766,0.121303407,1.200000000,-0.319230227
1784881195.417704344,7.230000124,3.806517290,0.118613397,1.200000000,-0.321083049
1784881195.427704334,7.240000124,3.812381750,0.115909789,1.200000000,-0.322931449
1784881195.437704563,7.250000124,3.818241140,0.113192638,1.200000000,-0.324775434
1784881195.447704554,7.260000124,3.824095451,0.110461997,1.200000000,-0.326615010
1784881195.457704544,7.270000124,3.829944677,0.107717920,1.200000000,-0.328450184
1784881195.467704535,7.280000124,3.835788814,0.104960463,1.200000000,-0.330280964
1784881195.477704525,7.290000124,3.841627857,0.102189681,1.200000000,-0.332107356
1784881195.487704515,7.300000124,3.847461802,0.099405631,1.200000000,-0.333929367
1784881195.497704506,7.310000124,3.853290647,0.096608369,1.200000000,-0.335747005
1784881195.507704496,7.320000124,3.859114391,0.093797952,1.200000000,-0.337560276
1784881195.517704487,7.330000124,3.864933033,0.090974440,1.200000000,-0.339369188
1784881195.527704477,7.340000124,3.870746574,0.088137890,1.200000000,-0.341173747
1784881195.537704468,7.350000124,3.876555013,0.085288362,1.200000000,-0.342973961
1784881195.547704458,7.360000124,3.882358355,0.082425915,1.200000000,-0.344769837
1784881195.557704449,7.370000124,3.888156600,0.079550611,1.200000000,-0.346561380
1784881195.567704439,7.380000124,3.893949755,0.076662509,1.200000000,-0.348348600
1784881195.577704430,7.390000124,3.899737822,0.073761671,1.200000000,-0.350131502
1784881195.587704420,7.400000124,3.905520809,0.070848160,1.200000000,-0.351910093
1784881195.597704411,7.410000124,3.911298722,0.067922039,1.200000000,-0.353684382
1784881195.607704401,7.420000124,3.917071567,0.064983370,1.200000000,-0.355454373
1784881195.617704391,7.430000124,3.922839355,0.062032217,1.200000000,-0.357220076
1784881195.627704382,7.440000124,3.928602094,0.059068645,1.200000000,-0.358981496
1784881195.637704372,7.450000124,3.934359794,0.056092719,1.200000000,-0.360738640
1784881195.647704363,7.460000124,3.940112466,0.053104504,1.200000000,-0.362491517
1784881195.657704353,7.470000124,3.945860124,0.050104067,1.200000000,-0.364240132
1784881195.667704344,7.480000124,3.951602778,0.047091474,1.200000000,-0.365984493
1784881195.677704334,7.490000124,3.957340444,0.044066792,1.200000000,-0.367724606
1784881195.687704563,7.500000124,3.963073136,0.041030089,1.200000000,-0.369460479
1784881195.697704554,7.510000124,3.968800869,0.037981433,1.200000000,-0.371192119
1784881195.707704544,7.520000124,3.974523660,0.034920894,1.200000000,-0.372919533
1784881195.717704535,7.530000124,3.980241526,0.031848541,1.200000000,-0.374642728
1784881195.727704525,7.540000124,3.985954484,0.028764443,1.200000000,-0.376361710
1784881195.737704515,7.550000124,3.991662555,0.025668672,1.200000000,-0.378076487
1784881195.747704506,7.560000124,3.997365758,0.022561298,1.200000000,-0.379787066
1784881195.757704496,7.570000124,4.003064113,0.019442394,1.200000000,-0.381493454
1784881195.767704487,7.580000124,4.008757641,0.016312030,1.200000000,-0.383195657
1784881195.777704477,7.590000124,4.014446366,0.013170280,1.200000000,-0.384893684
1784881195.787704468,7.600000124,4.020130309,0.010017218,1.200000000,-0.386587540
1784881195.797704458,7.610000124,4.025809496,0.006852916,1.200000000,-0.388277234
1784881195.807704449,7.620000124,4.031483949,0.003677449,1.200000000,-0.389962771
1784881195.817704439,7.630000124,4.037153696,0.000490893,1.200000000,-0.391644159
1784881195.827704430,7.640000124,4.042818761,-0.002706679,1.200000000,-0.393321405
1784881195.837704420,7.650000124,4.048479172,-0.005915189,1.200000000,-0.394994516
1784881195.847704411,7.660000124,4.054134957,-0.009134561,1.200000000,-0.396663499
1784881195.857704401,7.670000124,4.059786144,-0.012364719,1.200000000,-0.398328361
1784881195.867704391,7.680000124,4.065432762,-0.015605585,1.200000000,-0.399989109
1784881195.877704382,7.690000124,4.071074841,-0.018857081,1.200000000,-0.401645750
1784881195.887704372,7.700000124,4.076712411,-0.022119129,1.200000000,-0.403298291
1784881195.897704363,7.710000124,4.082345505,-0.025391650,1.200000000,-0.404946739
1784881195.907704353,7.720000124,4.087974155,-0.028674564,1.200000000,-0.406591102
1784881195.917704344,7.730000124,4.093598391,-0.031967791,1.200000000,-0.408231385
1784881195.927704334,7.740000124,4.099218250,-0.035271250,1.200000000,-0.409867596
1784881195.937704563,7.750000124,4.104833763,-0.038584862,1.200000000,-0.411499743
1784881195.947704554,7.760000124,4.110444967,-0.041908544,1.200000000,-0.413127831
1784881195.957704544,7.770000124,4.116051896,-0.045242214,1.200000000,-0.414751869
1784881195.967704535,7.780000124,4.121654587,-0.048585790,1.200000000,-0.416371863
1784881195.977704525,7.790000124,4.127253076,-0.051939190,1.200000000,-0.417987820
1784881195.987704515,7.800000124,4.132847401,-0.055302328,1.200000000,-0.419599747
1784881195.997704506,7.810000124,4.138437599,-0.058675123,1.200000000,-0.421207652
1784881196.007704496,7.820000124,4.144023709,-0.062057489,1.200000000,-0.422811541
1784881196.017704487,7.830000124,4.149605770,-0.065449341,1.200000000,-0.424411421
1784881196.027704477,7.840000124,4.155183821,-0.068850594,1.200000000,-0.426007299
1784881196.037704468,7.850000124,4.160757904,-0.072261162,1.200000000,-0.427599182
1784881196.047704458,7.860000124,4.166328057,-0.075680959,1.200000000,-0.429187078
1784881196.057704449,7.870000124,4.171894324,-0.079109898,1.200000000,-0.430770993
1784881196.067704439,7.880000124,4.177456745,-0.082547892,1.200000000,-0.432350935
1784881196.077704430,7.890000124,4.183015362,-0.085994854,1.200000000,-0.433926909
1784881196.087704420,7.900000124,4.188570220,-0.089450694,1.200000000,-0.435498924
1784881196.097704411,7.910000124,4.194121360,-0.092915325,1.200000000,-0.437066987
1784881196.107704401,7.920000124,4.199668827,-0.096388658,1.200000000,-0.438631103
1784881196.117704391,7.930000124,4.205212665,-0.099870602,1.200000000,-0.440191282
1784881196.127704382,7.940000124,4.210752919,-0.103361068,1.200000000,-0.441747528
1784881196.137704372,7.950000124,4.216289633,-0.106859966,1.200000000,-0.443299850
1784881196.147704363,7.960000124,4.221822853,-0.110367204,1.200000000,-0.444848255
1784881196.157704353,7.970000124,4.227352625,-0.113882692,1.200000000,-0.446392748
1784881196.167704344,7.980000124,4.232878996,-0.117406338,1.200000000,-0.447933339
1784881196.177704334,7.990000124,4.238402011,-0.120938048,1.200000000,-0.449470033
1784881196.187704563,8.000000124,4.243921719,-0.124477732,1.200000000,-0.451002837
1784881196.197704554,8.010000124,4.249438166,-0.128025296,1.200000000,-0.452531759
1784881196.207704544,8.020000124,4.254951400,-0.131580646,1.200000000,-0.454056805
1784881196.217704535,8.030000124,4.260461470,-0.135143689,1.200000000,-0.455577983
1784881196.227704525,8.040000124,4.265968423,-0.138714330,1.200000000,-0.457095299
1784881196.237704515,8.050000124,4.271472309,-0.142292474,1.200000000,-0.458608761
1784881196.247704506,8.060000124,4.276973176,-0.145878027,1.200000000,-0.460118376
1784881196.257704496,8.070000124,4.282471073,-0.149470892,1.200000000,-0.461624150
1784881196.267704487,8.080000124,4.287966050,-0.153070975,1.200000000,-0.463126091
1784881196.277704477,8.090000124,4.293458158,-0.156678178,1.200000000,-0.464624205
1784881196.287704468,8.100000124,4.298947444,-0.160292405,1.200000000,-0.466118500
1784881196.297704458,8.110000124,4.304433961,-0.163913558,1.200000000,-0.467608983
1784881196.307704449,8.120000124,4.309917758,-0.167541541,1.200000000,-0.469095661
1784881196.317704439,8.130000124,4.315398885,-0.171176254,1.200000000,-0.470578540
1784881196.327704430,8.140000124,4.320877395,-0.174817601,1.200000000,-0.472057628
1784881196.337704420,8.150000124,4.326353336,-0.178465481,1.200000000,-0.473532931
1784881196.347704411,8.160000124,4.331826761,-0.182119796,1.200000000,-0.475004457
1784881196.357704401,8.170000124,4.337297720,-0.185780447,1.200000000,-0.476472213
1784881196.367704391,8.180000124,4.342766266,-0.189447333,1.200000000,-0.477936206
1784881196.377704382,8.190000124,4.348232448,-0.193120355,1.200000000,-0.479396443
1784881196.387704372,8.200000124,4.353696319,-0.196799411,1.200000000,-0.480852930
1784881196.397704363,8.210000124,4.359157931,-0.200484401,1.200000000,-0.482305675
1784881196.407704353,8.220000124,4.364617334,-0.204175223,1.200000000,-0.483754685
1784881196.417704344,8.230000124,4.370074580,-0.207871775,1.200000000,-0.485199967
1784881196.427704334,8.240000124,4.375529722,-0.211573956,1.200000000,-0.486641528
1784881196.437704563,8.250000124,4.380982810,-0.215281663,1.200000000,-0.488079375
1784881196.447704554,8.260000124,4.386433897,-0.218994794,1.200000000,-0.489513514
1784881196.457704544,8.270000124,4.391883034,-0.222713244,1.200000000,-0.490943954
1784881196.467704535,8.280000124,4.397330273,-0.226436911,1.200000000,-0.492370700
1784881196.477704525,8.290000124,4.402775665,-0.230165690,1.200000000,-0.493793760
1784881196.487704515,8.300000124,4.408219262,-0.233899478,1.200000000,-0.495213141
1784881196.497704506,8.310000124,4.413661115,-0.237638170,1.200000000,-0.496628851
1784881196.507704496,8.320000124,4.419101276,-0.241381661,1.200000000,-0.498040895
1784881196.517704487,8.330000124,4.424539797,-0.245129846,1.200000000,-0.499449281
1784881196.527704477,8.340000124,4.429976727,-0.248882619,1.200000000,-0.500854016
1784881196.537704468,8.350000124,4.435412119,-0.252639875,1.200000000,-0.502255107
1784881196.547704458,8.360000124,4.440846023,-0.256401507,1.200000000,-0.503652562
1784881196.557704449,8.370000124,4.446278490,-0.260167409,1.200000000,-0.505046386
1784881196.567704439,8.380000124,4.451709571,-0.263937474,1.200000000,-0.506436587
1784881196.577704430,8.390000124,4.457139316,-0.267711594,1.200000000,-0.507823173
1784881196.587704420,8.400000124,4.462567776,-0.271489664,1.200000000,-0.509206149
1784881196.597704411,8.410000124,4.467994999,-0.275271573,1.200000000,-0.510585524
1784881196.607704401,8.420000124,4.473421037,-0.279057216,1.200000000,-0.511961304
1784881196.617704391,8.430000124,4.478845939,-0.282846483,1.200000000,-0.513333496
1784881196.627704382,8.440000124,4.484269754,-0.286639265,1.200000000,-0.514702107
1784881196.637704372,8.450000124,4.489692532,-0.290435454,1.200000000,-0.516067144
1784881196.647704363,8.460000124,4.495114320,-0.294234941,1.200000000,-0.517428615
1784881196.657704353,8.470000124,4.500535168,-0.298037615,1.200000000,-0.518786526
1784881196.667704344,8.480000124,4.505955124,-0.301843368,1.200000000,-0.520140884
1784881196.677704334,8.490000124,4.511374236,-0.305652089,1.200000000,-0.521491696
1784881196.687704563,8.500000124,4.516792551,-0.309463667,1.200000000,-0.522838969
1784881196.697704554,8.510000124,4.522210117,-0.313277992,1.200000000,-0.524182711
1784881196.707704544,8.520000124,4.527626981,-0.317094954,1.200000000,-0.525522928
1784881196.717704535,8.530000124,4.533043189,-0.320914440,1.200000000,-0.526859627
1784881196.727704525,8.540000124,4.538458787,-0.324736340,1.200000000,-0.528192816
1784881196.737704515,8.550000124,4.543873822,-0.328560542,1.200000000,-0.529522501
1784881196.747704506,8.560000124,4.549288339,-0.332386933,1.200000000,-0.530848689
1784881196.757704496,8.570000124,4.554702382,-0.336215403,1.200000000,-0.532171388
1784881196.767704487,8.580000124,4.560115997,-0.340045837,1.200000000,-0.533490604
1784881196.777704477,8.590000124,4.565529228,-0.343878124,1.200000000,-0.534806344
1784881196.787704468,8.600000124,4.570942117,-0.347712150,1.200000000,-0.536118616
1784881196.797704458,8.610000124,4.576354710,-0.351547803,1.200000000,-0.537427427
1784881196.807704449,8.620000124,4.581767048,-0.355384968,1.200000000,-0.538732782
1784881196.817704439,8.630000124,4.587179175,-0.359223533,1.200000000,-0.540034691
1784881196.827704430,8.640000124,4.592591131,-0.363063383,1.200000000,-0.541333158
1784881196.837704420,8.650000124,4.598002958,-0.366904404,1.200000000,-0.542628192
1784881196.847704411,8.660000124,4.603414698,-0.370746482,1.200000000,-0.543919800
1784881196.857704401,8.670000124,4.608826390,-0.374589502,1.200000000,-0.545207988
1784881196.867704391,8.680000124,4.614238075,-0.378433349,1.200000000,-0.546492764
1784881196.877704382,8.690000124,4.619649791,-0.382277909,1.200000000,-0.547774134
1784881196.887704372,8.700000124,4.625061579,-0.386123066,1.200000000,-0.549052106
1784881196.897704363,8.710000124,4.630473475,-0.389968705,1.200000000,-0.550326686
1784881196.907704353,8.720000124,4.635885518,-0.393814711,1.200000000,-0.551597882
1784881196.917704344,8.730000124,4.641297745,-0.397660966,1.200000000,-0.552865701
1784881196.927704334,8.740000124,4.646710192,-0.401507356,1.200000000,-0.554130149
1784881196.937704563,8.750000124,4.652122896,-0.405353764,1.200000000,-0.555391234
1784881196.947704554,8.760000124,4.657535892,-0.409200074,1.200000000,-0.556648962
1784881196.957704544,8.770000124,4.662949214,-0.413046169,1.200000000,-0.557903341
1784881196.967704535,8.780000124,4.668362897,-0.416891932,1.200000000,-0.559154378
1784881196.977704525,8.790000124,4.673776974,-0.420737247,1.200000000,-0.560402080
1784881196.987704515,8.800000124,4.679191479,-0.424581996,1.200000000,-0.561646453
1784881196.997704506,8.810000124,4.684606443,-0.428426062,1.200000000,-0.562887505
1784881197.007704496,8.820000124,4.690021899,-0.432269327,1.200000000,-0.564125242
1784881197.017704487,8.830000124,4.695437878,-0.436111675,1.200000000,-0.565359673
1784881197.027704477,8.840000124,4.700854409,-0.439952986,1.200000000,-0.566590803
1784881197.037704468,8.850000124,4.706271523,-0.443793144,1.200000000,-0.567818640
1784881197.047704458,8.860000124,4.711689249,-0.447632030,1.200000000,-0.569043191
1784881197.057704449,8.870000124,4.717107614,-0.451469525,1.200000000,-0.570264463
1784881197.067704439,8.880000124,4.722526648,-0.455305512,1.200000000,-0.571482462
1784881197.077704430,8.890000124,4.727946377,-0.459139872,1.200000000,-0.572697196
1784881197.087704420,8.900000124,4.733366827,-0.462972486,1.200000000,-0.573908673
1784881197.097704411,8.910000124,4.738788025,-0.466803235,1.200000000,-0.575116898
1784881197.107704401,8.920000124,4.744209995,-0.470632001,1.200000000,-0.576321879
1784881197.117704391,8.930000124,4.749632761,-0.474458664,1.200000000,-0.577523623
1784881197.127704382,8.940000124,4.755056347,-0.478283105,1.200000000,-0.578722136
1784881197.137704372,8.950000124,4.760480777,-0.482105204,1.200000000,-0.579917427
1784881197.147704363,8.960000124,4.765906072,-0.485924843,1.200000000,-0.581109502
1784881197.157704353,8.970000124,4.771332254,-0.489741901,1.200000000,-0.582298368
1784881197.167704344,8.980000124,4.776759344,-0.493556260,1.200000000,-0.583484031
1784881197.177704334,8.990000124,4.782187362,-0.497367799,1.200000000,-0.584666500
1784881197.187704563,9.000000124,4.787616327,-0.501176398,1.200000000,-0.585845781
1784881197.197704554,9.010000124,4.793046258,-0.504981937,1.200000000,-0.587021880
1784881197.207704544,9.020000124,4.798477173,-0.508784296,1.200000000,-0.588194806
1784881197.217704535,9.030000124,4.803909089,-0.512583355,1.200000000,-0.589364565
1784881197.227704525,9.040000124,4.809342024,-0.516378994,1.200000000,-0.590531164
1784881197.237704515,9.050000124,4.814775991,-0.520171093,1.200000000,-0.591694610
1784881197.247704506,9.060000124,4.820211008,-0.523959530,1.200000000,-0.592854910
1784881197.257704496,9.070000124,4.825647088,-0.527744185,1.200000000,-0.594012071
1784881197.267704487,9.080000124,4.831084245,-0.531524938,1.200000000,-0.595166101
1784881197.277704477,9.090000124,4.836522491,-0.535301668,1.200000000,-0.596317005
1784881197.287704468,9.100000124,4.841961840,-0.539074255,1.200000000,-0.597464792
1784881197.297704458,9.110000124,4.847402303,-0.542842576,1.200000000,-0.598609468
1784881197.307704449,9.120000124,4.852843890,-0.546606512,1.200000000,-0.599751040
1784881197.317704439,9.130000124,4.858286611,-0.550365942,1.200000000,-0.600889515
1784881197.327704430,9.140000124,4.863730477,-0.554120744,1.200000000,-0.602024901
1784881197.337704420,9.150000124,4.869175495,-0.557870797,1.200000000,-0.603157203
1784881197.347704411,9.160000124,4.874621675,-0.561615981,1.200000000,-0.604286430
1784881197.357704401,9.170000124,4.880069022,-0.565356174,1.200000000,-0.605412589
1784881197.367704391,9.180000124,4.885517544,-0.569091255,1.200000000,-0.606535685
1784881197.377704382,9.190000124,4.890967247,-0.572821103,1.200000000,-0.607655727
1784881197.387704372,9.200000124,4.896418136,-0.576545596,1.200000000,-0.608772722
1784881197.397704363,9.210000124,4.901870216,-0.580264614,1.200000000,-0.609886675
1784881197.407704353,9.220000124,4.907323490,-0.583978034,1.200000000,-0.610997544
1784881197.417704344,9.230000124,4.912777962,-0.587685735,1.200000000,-0.612105027
1784881197.427704334,9.240000124,4.918233635,-0.591387597,1.200000000,-0.613208746
1784881197.437704563,9.250000124,4.923690510,-0.595083498,1.200000000,-0.614308319
1784881197.447704554,9.260000124,4.929148589,-0.598773315,1.200000000,-0.615403367
1784881197.457704544,9.270000124,4.934607873,-0.602456929,1.200000000,-0.616493510
1784881197.467704535,9.280000124,4.940068361,-0.606134217,1.200000000,-0.617578367
1784881197.477704525,9.290000124,4.945530053,-0.609805058,1.200000000,-0.618657559
1784881197.487704515,9.300000124,4.950992948,-0.613469331,1.200000000,-0.619730706
1784881197.497704506,9.310000124,4.956457044,-0.617126914,1.200000000,-0.620797427
1784881197.507704496,9.320000124,4.961922338,-0.620777686,1.200000000,-0.621857342
1784881197.517704487,9.330000124,4.967388829,-0.624421525,1.200000000,-0.622910072
1784881197.527704477,9.340000124,4.972856512,-0.628058310,1.200000000,-0.623955236
1784881197.537704468,9.350000124,4.978325383,-0.631687920,1.200000000,-0.624992455
1784881197.547704458,9.360000124,4.983795438,-0.635310233,1.200000000,-0.626021347
1784881197.557704449,9.370000124,4.989266671,-0.638925128,1.200000000,-0.627041534
1784881197.567704439,9.380000124,4.994739078,-0.642532484,1.200000000,-0.628052635
1784881197.577704430,9.390000124,5.000212651,-0.646132179,1.200000000,-0.629054270
1784881197.587704420,9.400000124,5.005687383,-0.649724092,1.200000000,-0.630046059
1784881197.597704411,9.410000124,5.011163269,-0.653308102,1.200000000,-0.631027622
1784881197.607704401,9.420000124,5.016640300,-0.656884089,1.200000000,-0.631998578
1784881197.617704391,9.430000124,5.022118468,-0.660451930,1.200000000,-0.632958549
1784881197.627704382,9.440000124,5.027597764,-0.664011504,1.200000000,-0.633907153
1784881197.637704372,9.450000124,5.033078180,-0.667562692,1.200000000,-0.634844011
1784881197.647704363,9.460000124,5.038559706,-0.671105372,1.200000000,-0.635768742
1784881197.657704353,9.470000124,5.044042332,-0.674639422,1.200000000,-0.636680968
1784881197.667704344,9.480000124,5.049526048,-0.678164723,1.200000000,-0.637580306
1784881197.677704334,9.490000124,5.055010843,-0.681681153,1.200000000,-0.638466378
1784881197.687704563,9.500000124,5.060496706,-0.685188592,1.200000000,-0.639338804
1784881197.697704554,9.510000124,5.065983626,-0.688686920,1.200000000,-0.640197203
1784881197.707704544,9.520000124,5.071471591,-0.692176015,1.200000000,-0.641041195
1784881197.717704535,9.530000124,5.076960590,-0.695655757,1.200000000,-0.641870401
1784881197.727704525,9.540000124,5.082450609,-0.699126027,1.200000000,-0.642684440
1784881197.737704515,9.550000124,5.087941636,-0.702586703,1.200000000,-0.643482931
1784881197.747704506,9.560000124,5.093433658,-0.706037666,1.200000000,-0.644265496
1784881197.757704496,9.570000124,5.098926663,-0.709478796,1.200000000,-0.645031754
1784881197.767704487,9.580000124,5.104420635,-0.712909973,1.200000000,-0.645781325
1784881197.777704477,9.590000124,5.109915563,-0.716331077,1.200000000,-0.646513829
1784881197.787704468,9.600000124,5.115411432,-0.719741987,1.200000000,-0.647228886
1784881197.797704458,9.610000124,5.120908227,-0.723142586,1.200000000,-0.647926116
1784881197.807704449,9.620000124,5.126405936,-0.726532753,1.200000000,-0.648605138
1784881197.817704439,9.630000124,5.131904542,-0.729912368,1.200000000,-0.649265573
1784881197.827704430,9.640000124,5.137404032,-0.733281314,1.200000000,-0.649907041
1784881197.837704420,9.650000124,5.142904390,-0.736639469,1.200000000,-0.650529161
1784881197.847704411,9.660000124,5.148405603,-0.739986717,1.200000000,-0.651131554
1784881197.857704401,9.670000124,5.153907654,-0.743322937,1.200000000,-0.651713839
1784881197.867704391,9.680000124,5.159410529,-0.746648012,1.200000000,-0.652275637
1784881197.877704382,9.690000124,5.164914213,-0.749961822,1.200000000,-0.652816567
1784881197.887704372,9.700000124,5.170418690,-0.753264249,1.200000000,-0.653336249
1784881197.897704363,9.710000124,5.175923946,-0.756555176,1.200000000,-0.653834304
1784881197.907704353,9.720000124,5.181429965,-0.759834484,1.200000000,-0.654310350
1784881197.917704344,9.730000124,5.186936731,-0.763102055,1.200000000,-0.654764009
1784881197.927704334,9.740000124,5.192444230,-0.766357771,1.200000000,-0.655194900
1784881197.937704563,9.750000124,5.197952447,-0.769601515,1.200000000,-0.655602644
1784881197.947704554,9.760000124,5.203461365,-0.772833171,1.200000000,-0.655986859
1784881197.957704544,9.770000124,5.208970971,-0.776052619,1.200000000,-0.656347166
1784881197.967704535,9.780000124,5.214481249,-0.779259744,1.200000000,-0.656683184
1784881197.977704525,9.790000124,5.219992183,-0.782454429,1.200000000,-0.656994535
1784881197.987704515,9.800000124,5.225503761,-0.785636557,1.200000000,-0.657280837
1784881197.997704506,9.810000124,5.231015965,-0.788806012,1.200000000,-0.657541711
1784881198.007704496,9.820000124,5.236528783,-0.791962677,1.200000000,-0.657776777
1784881198.017704487,9.830000124,5.242042200,-0.795106437,1.200000000,-0.657985655
1784881198.027704477,9.840000124,5.247556201,-0.798237176,1.200000000,-0.658167963
1784881198.037704468,9.850000124,5.253070773,-0.801354779,1.200000000,-0.658323324
1784881198.047704458,9.860000124,5.258585901,-0.804459129,1.200000000,-0.658451355
1784881198.057704449,9.870000124,5.264101573,-0.807550113,1.200000000,-0.658551678
1784881198.067704439,9.880000124,5.269617775,-0.810627614,1.200000000,-0.658623913
1784881198.077704430,9.890000124,5.275134494,-0.813691519,1.200000000,-0.658667678
1784881198.087704420,9.900000124,5.280651716,-0.816741714,1.200000000,-0.658682595
1784881198.097704411,9.910000124,5.286169431,-0.819778083,1.200000000,-0.658668283
1784881198.107704401,9.920000124,5.291687625,-0.822800514,1.200000000,-0.658624362
1784881198.117704391,9.930000124,5.297206287,-0.825808892,1.200000000,-0.658550452
1784881198.127704382,9.940000124,5.302725406,-0.828803105,1.200000000,-0.658446173
1784881198.137704372,9.950000124,5.308244969,-0.831783039,1.200000000,-0.658311145
1784881198.147704363,9.960000124,5.313764968,-0.834748582,1.200000000,-0.658144988
1784881198.157704353,9.970000124,5.319285390,-0.837699620,1.200000000,-0.657947322
1784881198.167704344,9.980000124,5.324806226,-0.840636043,1.200000000,-0.657717766
1784881198.177704334,9.990000124,5.330327468,-0.843557737,1.200000000,-0.657455941
1784881198.187704563,10.000000124,5.335849104,-0.846464592,1.200000000,-0.657161467
1784881198.197704554,10.010000124,5.341371128,-0.849356496,1.200000000,-0.656833963
1784881198.207704544,10.020000124,5.346893531,-0.852233337,1.200000000,-0.656473050
1784881198.217704535,10.030000124,5.352416305,-0.855095006,1.200000000,-0.656078347
1784881198.227704525,10.040000124,5.357939443,-0.857941392,1.200000000,-0.655649475
1784881198.237704515,10.050000124,5.363462938,-0.860772384,1.200000000,-0.655186053
1784881198.247704506,10.060000124,5.368986784,-0.863587874,1.200000000,-0.654687702
1784881198.257704496,10.070000124,5.374510976,-0.866387751,1.200000000,-0.654154040
1784881198.267704487,10.080000124,5.380035509,-0.869171907,1.200000000,-0.653584689
1784881198.277704477,10.090000124,5.385560377,-0.871940233,1.200000000,-0.652979268
1784881198.287704468,10.100000124,5.391085578,-0.874692620,1.200000000,-0.652337397
1784881198.297704458,10.110000124,5.396611107,-0.877428961,1.200000000,-0.651658696
1784881198.307704449,10.120000124,5.402136962,-0.880149148,1.200000000,-0.650942785
1784881198.317704439,10.130000124,5.407663142,-0.882853074,1.200000000,-0.650189284
1784881198.327704430,10.140000124,5.413189643,-0.885540631,1.200000000,-0.649397813
1784881198.337704420,10.150000124,5.418716466,-0.888211714,1.200000000,-0.648567991
1784881198.347704411,10.160000124,5.424243610,-0.890866216,1.200000000,-0.647699440
1784881198.357704401,10.170000124,5.429771076,-0.893504031,1.200000000,-0.646791778
1784881198.367704391,10.180000124,5.435298865,-0.896125055,1.200000000,-0.645844625
1784881198.377704382,10.190000124,5.440826978,-0.898729182,1.200000000,-0.644857602
1784881198.387704372,10.200000124,5.446355418,-0.901316308,1.200000000,-0.643830329
1784881198.397704363,10.210000124,5.451884189,-0.903886329,1.200000000,-0.642762425
1784881198.407704353,10.220000124,5.457413293,-0.906439141,1.200000000,-0.641653511
1784881198.417704344,10.230000124,5.462942736,-0.908974640,1.200000000,-0.640503206
1784881198.427704334,10.240000124,5.468472524,-0.911492725,1.200000000,-0.639311130
1784881198.437704563,10.250000124,5.474002661,-0.913993293,1.200000000,-0.638076904
1784881198.447704554,10.260000124,5.479533155,-0.916476242,1.200000000,-0.636800147
1784881198.457704544,10.270000124,5.485064013,-0.918941470,1.200000000,-0.635480478
1784881198.467704535,10.280000124,5.490595245,-0.921388877,1.200000000,-0.634117519
1784881198.477704525,10.290000124,5.496126858,-0.923818363,1.200000000,-0.632710889
1784881198.487704515,10.300000124,5.501658862,-0.926229826,1.200000000,-0.631260208
1784881198.497704506,10.310000124,5.507191269,-0.928623169,1.200000000,-0.629765096
1784881198.507704496,10.320000124,5.512724089,-0.930998291,1.200000000,-0.628225173
1784881198.517704487,10.330000124,5.518257335,-0.933355095,1.200000000,-0.626640058
1784881198.527704477,10.340000124,5.523791020,-0.935693482,1.200000000,-0.625009372
1784881198.537704468,10.350000124,5.529325157,-0.938013356,1.200000000,-0.623332735
1784881198.547704458,10.360000124,5.534859762,-0.940314618,1.200000000,-0.621609767
1784881198.557704449,10.370000124,5.540394848,-0.942597173,1.200000000,-0.619840087
1784881198.567704439,10.380000124,5.545930434,-0.944860925,1.200000000,-0.618023315
1784881198.577704430,10.390000124,5.551466535,-0.947105779,1.200000000,-0.616159072
1784881198.587704420,10.400000124,5.557003169,-0.949331639,1.200000000,-0.614246978
1784881198.597704411,10.410000124,5.562540355,-0.951538412,1.200000000,-0.612286652
1784881198.607704401,10.420000124,5.568078113,-0.953726005,1.200000000,-0.610277714
1784881198.617704391,10.430000124,5.573616462,-0.955894324,1.200000000,-0.608219784
1784881198.627704382,10.440000124,5.579155424,-0.958043276,1.200000000,-0.606112483
1784881198.637704372,10.450000124,5.584695021,-0.960172770,1.200000000,-0.603955430
1784881198.647704363,10.460000124,5.590235275,-0.962282716,1.200000000,-0.601748244
1784881198.657704353,10.470000124,5.595776209,-0.964373021,1.200000000,-0.599490547
1784881198.667704344,10.480000124,5.601317849,-0.966443597,1.200000000,-0.597181958
1784881198.677704334,10.490000124,5.606860219,-0.968494353,1.200000000,-0.594822096
1784881198.687704563,10.500000124,5.612403345,-0.970525202,1.200000000,-0.592410583
1784881198.697704554,10.510000124,5.617947254,-0.972536055,1.200000000,-0.589947037
1784881198.707704544,10.520000124,5.623491973,-0.974526825,1.200000000,-0.587431079
1784881198.717704535,10.530000124,5.629037530,-0.976497425,1.200000000,-0.584862329
1784881198.727704525,10.540000124,5.634583956,-0.978447769,1.200000000,-0.582240406
1784881198.737704515,10.550000124,5.640131279,-0.980377771,1.200000000,-0.579565034
1784881198.747704506,10.560000124,5.645679530,-0.982287348,1.200000000,-0.576836585
1784881198.757704496,10.570000124,5.651228741,-0.984176415,1.200000000,-0.574055689
1784881198.767704487,10.580000124,5.656778944,-0.986044889,1.200000000,-0.571222975
1784881198.777704477,10.590000124,5.662330172,-0.987892687,1.200000000,-0.568339072
1784881198.787704468,10.600000124,5.667882458,-0.989719727,1.200000000,-0.565404609
1784881198.797704458,10.610000124,5.673435837,-0.991525930,1.200000000,-0.562420216
1784881198.807704449,10.620000124,5.678990345,-0.993311213,1.200000000,-0.559386522
1784881198.817704439,10.630000124,5.684546016,-0.995075498,1.200000000,-0.556304156
1784881198.827704430,10.640000124,5.690102888,-0.996818706,1.200000000,-0.553173747
1784881198.837704420,10.650000124,5.695660998,-0.998540759,1.200000000,-0.549995925
1784881198.847704411,10.660000124,5.701220383,-1.000241580,1.200000000,-0.546771320
1784881198.857704401,10.670000124,5.706781083,-1.001921093,1.200000000,-0.543500559
1784881198.867704391,10.680000124,5.712343137,-1.003579221,1.200000000,-0.540184273
1784881198.877704382,10.690000124,5.717906584,-1.005215890,1.200000000,-0.536823091
1784881198.887704372,10.700000124,5.723471465,-1.006831026,1.200000000,-0.533417642
1784881198.897704363,10.710000124,5.729037822,-1.008424556,1.200000000,-0.529968556
1784881198.907704353,10.720000124,5.734605696,-1.009996408,1.200000000,-0.526476461
1784881198.917704344,10.730000124,5.740175129,-1.011546510,1.200000000,-0.522941987
1784881198.927704334,10.740000124,5.745746164,-1.013074793,1.200000000,-0.519365763
1784881198.937704563,10.750000124,5.751318846,-1.014581185,1.200000000,-0.515748418
1784881198.947704554,10.760000124,5.756893217,-1.016065619,1.200000000,-0.512090583
1784881198.957704544,10.770000124,5.762469323,-1.017528026,1.200000000,-0.508392885
1784881198.967704535,10.780000124,5.768047208,-1.018968341,1.200000000,-0.504655955
1784881198.977704525,10.790000124,5.773626918,-1.020386495,1.200000000,-0.500880421
1784881198.987704515,10.800000124,5.779208499,-1.021782426,1.200000000,-0.497066913
1784881198.997704506,10.810000124,5.784791997,-1.023156068,1.200000000,-0.493216060
1784881199.007704496,10.820000124,5.790377460,-1.024507358,1.200000000,-0.489328491
1784881199.017704487,10.830000124,5.795964935,-1.025836234,1.200000000,-0.485404836
1784881199.027704477,10.840000124,5.801554468,-1.027142635,1.200000000,-0.481445724
1784881199.037704468,10.850000124,5.807146109,-1.028426500,1.200000000,-0.477451784
1784881199.047704458,10.860000124,5.812739906,-1.029687771,1.200000000,-0.473423646
1784881199.057704449,10.870000124,5.818335907,-1.030926388,1.200000000,-0.469361938
1784881199.067704439,10.880000124,5.823934162,-1.032142296,1.200000000,-0.465267290
1784881199.077704430,10.890000124,5.829534720,-1.033335436,1.200000000,-0.461140332
1784881199.087704420,10.900000124,5.835137630,-1.034505755,1.200000000,-0.456981692
1784881199.097704411,10.910000124,5.840742943,-1.035653198,1.200000000,-0.452791999
1784881199.107704401,10.920000124,5.846350709,-1.036777712,1.200000000,-0.448571884
1784881199.117704391,10.930000124,5.851960977,-1.037879245,1.200000000,-0.444321976
1784881199.127704382,10.940000124,5.857573798,-1.038957745,1.200000000,-0.440042902
1784881199.137704372,10.950000124,5.863189224,-1.040013164,1.200000000,-0.435735294
1784881199.147704363,10.960000124,5.868807304,-1.041045452,1.200000000,-0.431399780
1784881199.157704353,10.970000124,5.874428090,-1.042054562,1.200000000,-0.427036989
1784881199.167704344,10.980000124,5.880051632,-1.043040447,1.200000000,-0.422647551
1784881199.177704334,10.990000124,5.885677983,-1.044003061,1.200000000,-0.418232095
1784881199.187704563,11.000000124,5.891307192,-1.044942361,1.200000000,-0.413791250
1784881199.197704554,11.010000124,5.896939311,-1.045858303,1.200000000,-0.409325646
1784881199.207704544,11.020000124,5.902574391,-1.046750845,1.200000000,-0.404835911
1784881199.217704535,11.030000124,5.908212483,-1.047619946,1.200000000,-0.400322676
1784881199.227704525,11.040000124,5.913853639,-1.048465567,1.200000000,-0.395786569
1784881199.237704515,11.050000124,5.919497909,-1.049287670,1.200000000,-0.391228219
1784881199.247704506,11.060000124,5.925145344,-1.050086216,1.200000000,-0.386648256
1784881199.257704496,11.070000124,5.930795994,-1.050861170,1.200000000,-0.382047310
1784881199.267704487,11.080000124,5.936449912,-1.051612497,1.200000000,-0.377426009
1784881199.277704477,11.090000124,5.942107146,-1.052340163,1.200000000,-0.372784982
1784881199.287704468,11.100000124,5.947767747,-1.053044136,1.200000000,-0.368124860
1784881199.297704458,11.110000124,5.953431765,-1.053724385,1.200000000,-0.363446270
1784881199.307704449,11.120000124,5.959099250,-1.054380880,1.200000000,-0.358749844
1784881199.317704439,11.130000124,5.964770252,-1.055013592,1.200000000,-0.354036209
1784881199.327704430,11.140000124,5.970444819,-1.055622494,1.200000000,-0.349305995
1784881199.337704420,11.150000124,5.976123000,-1.056207560,1.200000000,-0.344559831
1784881199.347704411,11.160000124,5.981804845,-1.056768764,1.200000000,-0.339798347
1784881199.357704401,11.170000124,5.987490400,-1.057306084,1.200000000,-0.335022172
1784881199.367704391,11.180000124,5.993179714,-1.057819497,1.200000000,-0.330231934
1784881199.377704382,11.190000124,5.998872835,-1.058308983,1.200000000,-0.325428265
1784881199.387704372,11.200000124,6.004569808,-1.058774521,1.200000000,-0.320611792
1784881199.397704363,11.210000124,6.010270681,-1.059216093,1.200000000,-0.315783145
1784881199.407704353,11.220000124,6.015975499,-1.059633683,1.200000000,-0.310942953
1784881199.417704344,11.230000124,6.021684307,-1.060027275,1.200000000,-0.306091845
1784881199.427704334,11.240000124,6.027397152,-1.060396855,1.200000000,-0.301230451
1784881199.437704563,11.250000124,6.033114075,-1.060742409,1.200000000,-0.296359401
1784881199.447704554,11.260000124,6.038835122,-1.061063927,1.200000000,-0.291479322
1784881199.457704544,11.270000124,6.044560336,-1.061361399,1.200000000,-0.286590846
1784881199.467704535,11.280000124,6.050289758,-1.061634814,1.200000000,-0.281694600
1784881199.477704525,11.290000124,6.056023430,-1.061884167,1.200000000,-0.276791214
1784881199.487704515,11.300000124,6.061761394,-1.062109452,1.200000000,-0.271881317
1784881199.497704506,11.310000124,6.067503689,-1.062310663,1.200000000,-0.266965539
1784881199.507704496,11.320000124,6.073250355,-1.062487797,1.200000000,-0.262044509
1784881199.517704487,11.330000124,6.079001431,-1.062640854,1.200000000,-0.257118857
1784881199.527704477,11.340000124,6.084756955,-1.062769833,1.200000000,-0.252189210
1784881199.537704468,11.350000124,6.090516963,-1.062874734,1.200000000,-0.247256200
1784881199.547704458,11.360000124,6.096281493,-1.062955561,1.200000000,-0.242320454
1784881199.557704449,11.370000124,6.102050579,-1.063012317,1.200000000,-0.237382603
1784881199.567704439,11.380000124,6.107824256,-1.063045008,1.200000000,-0.232443275
1784881199.577704430,11.390000124,6.113602557,-1.063053642,1.200000000,-0.227503100
1784881199.587704420,11.400000124,6.119385516,-1.063038226,1.200000000,-0.222562708
1784881199.597704411,11.410000124,6.125173163,-1.062998770,1.200000000,-0.217622726
1784881199.607704401,11.420000124,6.130965530,-1.062935286,1.200000000,-0.212683785
1784881199.617704391,11.430000124,6.136762645,-1.062847787,1.200000000,-0.207746515
1784881199.627704382,11.440000124,6.142564539,-1.062736286,1.200000000,-0.202811543
1784881199.637704372,11.450000124,6.148371237,-1.062600801,1.200000000,-0.197879500
1784881199.647704363,11.460000124,6.154182767,-1.062441347,1.200000000,-0.192951014
1784881199.657704353,11.470000124,6.159999155,-1.062257944,1.200000000,-0.188026716
1784881199.667704344,11.480000124,6.165820424,-1.062050613,1.200000000,-0.183107233
1784881199.677704334,11.490000124,6.171646597,-1.061819374,1.200000000,-0.178193196
1784881199.687704563,11.500000124,6.177477697,-1.061564252,1.200000000,-0.173285235
1784881199.697704554,11.510000124,6.183313744,-1.061285272,1.200000000,-0.168383977
1784881199.707704544,11.520000124,6.189154758,-1.060982459,1.200000000,-0.163490052
1784881199.717704535,11.530000124,6.195000756,-1.060655841,1.200000000,-0.158604090
1784881199.727704525,11.540000124,6.200851758,-1.060305449,1.200000000,-0.153726720
1784881199.737704515,11.550000124,6.206707777,-1.059931312,1.200000000,-0.148858571
1784881199.747704506,11.560000124,6.212568829,-1.059533464,1.200000000,-0.144000273
1784881199.757704496,11.570000124,6.218434926,-1.059111938,1.200000000,-0.139152454
1784881199.767704487,11.580000124,6.224306082,-1.058666770,1.200000000,-0.134315744
1784881199.777704477,11.590000124,6.230182306,-1.058197997,1.200000000,-0.129490773
1784881199.787704468,11.600000124,6.236063607,-1.057705658,1.200000000,-0.124678169
1784881199.797704458,11.610000124,6.241949994,-1.057189792,1.200000000,-0.119878562
1784881199.807704449,11.620000124,6.247841473,-1.056650443,1.200000000,-0.115092581
1784881199.817704439,11.630000124,6.253738049,-1.056087652,1.200000000,-0.110320855
1784881199.827704430,11.640000124,6.259639725,-1.055501464,1.200000000,-0.105564014
1784881199.837704420,11.650000124,6.265546505,-1.054891927,1.200000000,-0.100822686
1784881199.847704411,11.660000124,6.271458388,-1.054259087,1.200000000,-0.096097502
1784881199.857704401,11.670000124,6.277375374,-1.053602994,1.200000000,-0.091389091
1784881199.867704391,11.680000124,6.283297460,-1.052923700,1.200000000,-0.086698080
1784881199.877704382,11.690000124,6.289224643,-1.052221256,1.200000000,-0.082025101
1784881199.887704372,11.700000124,6.295156918,-1.051495718,1.200000000,-0.077370782
1784881199.897704363,11.710000124,6.301094279,-1.050747139,1.200000000,-0.072735753
1784881199.907704353,11.720000124,6.307036715,-1.049975578,1.200000000,-0.068120643
1784881199.917704344,11.730000124,6.312984219,-1.049181093,1.200000000,-0.063526080
1784881199.927704334,11.740000124,6.318936778,-1.048363745,1.200000000,-0.058952695
1784881199.937704563,11.750000124,6.324894380,-1.047523594,1.200000000,-0.054401116
1784881199.947704554,11.760000124,6.330857010,-1.046660706,1.200000000,-0.049871973
1784881199.957704544,11.770000124,6.336824652,-1.045775143,1.200000000,-0.045365896
1784881199.967704535,11.780000124,6.342797288,-1.044866973,1.200000000,-0.040883512
1784881199.977704525,11.790000124,6.348774899,-1.043936263,1.200000000,-0.036425453
1784881199.987704515,11.800000124,6.354757464,-1.042983084,1.200000000,-0.031992346
1784881199.997704506,11.810000124,6.360744960,-1.042007505,1.200000000,-0.027584822
1784881200.007704496,11.820000124,6.366737364,-1.041009599,1.200000000,-0.023203509
1784881200.017704487,11.830000124,6.372734649,-1.039989441,1.200000000,-0.018849037
1784881200.027704477,11.840000124,6.378736787,-1.038947105,1.200000000,-0.014522035
1784881200.037704468,11.850000124,6.384743751,-1.037882668,1.200000000,-0.010223132
1784881200.047704458,11.860000124,6.390755509,-1.036796210,1.200000000,-0.005952957
1784881200.057704449,11.870000124,6.396772028,-1.035687809,1.200000000,-0.001712141
1784881200.067704439,11.880000124,6.402793274,-1.034557548,1.200000000,0.002498688
1784881200.077704430,11.890000124,6.408819213,-1.033405509,1.200000000,0.006678901
1784881200.087704420,11.900000124,6.414849805,-1.032231777,1.200000000,0.010827868
1784881200.097704411,11.910000124,6.420885013,-1.031036437,1.200000000,0.014944961
1784881200.107704401,11.920000124,6.426924795,-1.029819576,1.200000000,0.019029597
1784881200.117704391,11.930000124,6.432969110,-1.028581284,1.200000000,0.023081651
1784881200.127704382,11.940000124,6.439017912,-1.027321651,1.200000000,0.027101242
1784881200.137704372,11.950000124,6.445071156,-1.026040768,1.200000000,0.031088493
1784881200.147704363,11.960000124,6.451128795,-1.024738728,1.200000000,0.035043528
1784881200.157704353,11.970000124,6.457190780,-1.023415626,1.200000000,0.038966470
1784881200.167704344,11.980000124,6.463257060,-1.022071558,1.200000000,0.042857442
1784881200.177704334,11.990000124,6.469327583,-1.020706620,1.200000000,0.046716566
1784881200.187704563,12.000000124,6.475402294,-1.019320912,1.200000000,0.050543967
1784881200.197704554,12.010000124,6.481481138,-1.017914534,1.200000000,0.054339767
1784881200.207704544,12.020000124,6.487564057,-1.016487587,1.200000000,0.058104089
1784881200.217704535,12.030000124,6.493650993,-1.015040173,1.200000000,0.061837056
1784881200.227704525,12.040000124,6.499741885,-1.013572397,1.200000000,0.065538792
1784881200.237704515,12.050000124,6.505836672,-1.012084365,1.200000000,0.069209419
1784881200.247704506,12.060000124,6.511935288,-1.010576183,1.200000000,0.072849061
1784881200.257704496,12.070000124,6.518037669,-1.009047958,1.200000000,0.076457840
1784881200.267704487,12.080000124,6.524143747,-1.007499802,1.200000000,0.080035880
1784881200.277704477,12.090000124,6.530253455,-1.005931824,1.200000000,0.083583304
1784881200.287704468,12.100000124,6.536366722,-1.004344136,1.200000000,0.087100235
1784881200.297704458,12.110000124,6.542483477,-1.002736852,1.200000000,0.090586796
1784881200.307704449,12.120000124,6.548603645,-1.001110085,1.200000000,0.094043111
1784881200.317704439,12.130000124,6.554727153,-0.999463953,1.200000000,0.097469301
1784881200.327704430,12.140000124,6.560853924,-0.997798571,1.200000000,0.100865491
1784881200.337704420,12.150000124,6.566983881,-0.996114058,1.200000000,0.104231803
1784881200.347704411,12.160000124,6.573116944,-0.994410533,1.200000000,0.107568361
1784881200.357704401,12.170000124,6.579253032,-0.992688117,1.200000000,0.110875287
1784881200.367704391,12.180000124,6.585392064,-0.990946932,1.200000000,0.114152705
1784881200.377704382,12.190000124,6.591533955,-0.989187100,1.200000000,0.117400738
1784881200.387704372,12.200000124,6.597678621,-0.987408745,1.200000000,0.120619509
1784881200.397704363,12.210000124,6.603825974,-0.985611993,1.200000000,0.123809140
1784881200.407704353,12.220000124,6.609975928,-0.983796969,1.200000000,0.126969756
1784881200.417704344,12.230000124,6.616128393,-0.981963802,1.200000000,0.130101479
1784881200.427704334,12.240000124,6.622283278,-0.980112619,1.200000000,0.133204432
1784881200.437704563,12.250000124,6.628440491,-0.978243551,1.200000000,0.136278739
1784881200.447704554,12.260000124,6.634599939,-0.976356727,1.200000000,0.139324522
1784881200.457704544,12.270000124,6.640761528,-0.974452279,1.200000000,0.142341904
1784881200.467704535,12.280000124,6.646925161,-0.972530340,1.200000000,0.145331009
1784881200.477704525,12.290000124,6.653090741,-0.970591043,1.200000000,0.148291960
1784881200.487704515,12.300000124,6.659258171,-0.968634524,1.200000000,0.151224880
1784881200.497704506,12.310000124,6.665427349,-0.966660916,1.200000000,0.154129891
1784881200.507704496,12.320000124,6.671598177,-0.964670358,1.200000000,0.157007118
1784881200.517704487,12.330000124,6.677770550,-0.962662986,1.200000000,0.159856683
1784881200.527704477,12.340000124,6.683944367,-0.960638939,1.200000000,0.162678708
1784881200.537704468,12.350000124,6.690119523,-0.958598355,1.200000000,0.165473319
1784881200.547704458,12.360000124,6.696295912,-0.956541375,1.200000000,0.168240636
1784881200.557704449,12.370000124,6.702473429,-0.954468141,1.200000000,0.170980784
1784881200.567704439,12.380000124,6.708651964,-0.952378793,1.200000000,0.173693886
1784881200.577704430,12.390000124,6.714831411,-0.950273474,1.200000000,0.176380064
1784881200.587704420,12.400000124,6.721011659,-0.948152328,1.200000000,0.179039442
1784881200.597704411,12.410000124,6.727192597,-0.946015499,1.200000000,0.181672142
1784881200.607704401,12.420000124,6.733374114,-0.943863132,1.200000000,0.184278289
1784881200.617704391,12.430000124,6.739556097,-0.941695373,1.200000000,0.186858005
1784881200.627704382,12.440000124,6.745738432,-0.939512368,1.200000000,0.189411413
1784881200.637704372,12.450000124,6.751921006,-0.937314264,1.200000000,0.191938636
1784881200.647704363,12.460000124,6.758103703,-0.935101209,1.200000000,0.194439797
1784881200.657704353,12.470000124,6.764286407,-0.932873352,1.200000000,0.196915020
1784881200.667704344,12.480000124,6.770469000,-0.930630842,1.200000000,0.199364427
1784881200.677704334,12.490000124,6.776651366,-0.928373828,1.200000000,0.201788142
1784881200.687704563,12.500000124,6.782833385,-0.926102462,1.200000000,0.204186288
1784881200.697704554,12.510000124,6.789014939,-0.923816894,1.200000000,0.206558987
1784881200.707704544,12.520000124,6.795195907,-0.921517275,1.200000000,0.208906363
1784881200.717704535,12.530000124,6.801376168,-0.919203758,1.200000000,0.211228539
1784881200.727704525,12.540000124,6.807555602,-0.916876496,1.200000000,0.213525638
1784881200.737704515,12.550000124,6.813734085,-0.914535642,1.200000000,0.215797784
1784881200.747704506,12.560000124,6.819911497,-0.912181349,1.200000000,0.218045098
1784881200.757704496,12.570000124,6.826087713,-0.909813773,1.200000000,0.220267705
1784881200.767704487,12.580000124,6.832262610,-0.907433066,1.200000000,0.222465727
1784881200.777704477,12.590000124,6.838436063,-0.905039385,1.200000000,0.224639288
1784881200.787704468,12.600000124,6.844607949,-0.902632885,1.200000000,0.226788511
1784881200.797704458,12.610000124,6.850778140,-0.900213721,1.200000000,0.228913518
1784881200.807704449,12.620000124,6.856946513,-0.897782051,1.200000000,0.231014433
1784881200.817704439,12.630000124,6.863112941,-0.895338031,1.200000000,0.233091379
1784881200.827704430,12.640000124,6.869277297,-0.892881817,1.200000000,0.235144478
1784881200.837704420,12.650000124,6.875439455,-0.890413567,1.200000000,0.237173855
1784881200.847704411,12.660000124,6.881599288,-0.887933439,1.200000000,0.239179632
1784881200.857704401,12.670000124,6.887756667,-0.885441590,1.200000000,0.241161932
1784881200.867704391,12.680000124,6.893911467,-0.882938178,1.200000000,0.243120879
1784881200.877704382,12.690000124,6.900063557,-0.880423363,1.200000000,0.245056595
1784881200.887704372,12.700000124,6.906212812,-0.877897301,1.200000000,0.246969204
1784881200.897704363,12.710000124,6.912359102,-0.875360153,1.200000000,0.248858828
1784881200.907704353,12.720000124,6.918502298,-0.872812077,1.200000000,0.250725591
1784881200.917704344,12.730000124,6.924642273,-0.870253232,1.200000000,0.252569616
1784881200.927704334,12.740000124,6.930778897,-0.867683777,1.200000000,0.254391025
1784881200.937704563,12.750000124,6.936912043,-0.865103871,1.200000000,0.256189943
1784881200.947704554,12.760000124,6.943041580,-0.862513674,1.200000000,0.257966492
1784881200.957704544,12.770000124,6.949167381,-0.859913346,1.200000000,0.259720795
1784881200.967704535,12.780000124,6.955289317,-0.857303045,1.200000000,0.261452975
1784881200.977704525,12.790000124,6.961407259,-0.854682932,1.200000000,0.263163156
1784881200.987704515,12.800000124,6.967521079,-0.852053166,1.200000000,0.264851460
1784881200.997704506,12.810000124,6.973630648,-0.849413906,1.200000000,0.266518011
1784881201.007704496,12.820000124,6.979735838,-0.846765312,1.200000000,0.268162931
1784881201.017704487,12.830000124,6.985836521,-0.844107544,1.200000000,0.269786344
1784881201.027704477,12.840000124,6.991932568,-0.841440760,1.200000000,0.271388373
1784881201.037704468,12.850000124,6.998023853,-0.838765120,1.200000000,0.272969141
1784881201.047704458,12.860000124,7.004110248,-0.836080783,1.200000000,0.274528771
1784881201.057704449,12.870000124,7.010191625,-0.833387909,1.200000000,0.276067386
1784881201.067704439,12.880000124,7.016267858,-0.830686656,1.200000000,0.277585109
1784881201.077704430,12.890000124,7.022338821,-0.827977182,1.200000000,0.279082063
1784881201.087704420,12.900000124,7.028404388,-0.825259647,1.200000000,0.280558372
1784881201.097704411,12.910000124,7.034464432,-0.822534208,1.200000000,0.282014159
1784881201.107704401,12.920000124,7.040518829,-0.819801024,1.200000000,0.283449546
1784881201.117704391,12.930000124,7.046567453,-0.817060252,1.200000000,0.284864656
1784881201.127704382,12.940000124,7.052610182,-0.814312051,1.200000000,0.286259614
1784881201.137704372,12.950000124,7.058646890,-0.811556577,1.200000000,0.287634541
1784881201.147704363,12.960000124,7.064677455,-0.808793987,1.200000000,0.288989561
1784881201.157704353,12.970000124,7.070701754,-0.806024438,1.200000000,0.290324798
1784881201.167704344,12.980000124,7.076719665,-0.803248086,1.200000000,0.291640373
1784881201.177704334,12.990000124,7.082731067,-0.800465087,1.200000000,0.292936411
1784881201.187704563,13.000000124,7.088735839,-0.797675596,1.200000000,0.294213034
1784881201.197704554,13.010000124,7.094733860,-0.794879769,1.200000000,0.295470365
1784881201.207704544,13.020000124,7.100725013,-0.792077761,1.200000000,0.296708528
1784881201.217704535,13.030000124,7.106709178,-0.789269725,1.200000000,0.297927646
1784881201.227704525,13.040000124,7.112686237,-0.786455816,1.200000000,0.299127841
1784881201.237704515,13.050000124,7.118656073,-0.783636186,1.200000000,0.300309237
1784881201.247704506,13.060000124,7.124618571,-0.780810989,1.200000000,0.301471957
1784881201.257704496,13.070000124,7.130573614,-0.777980377,1.200000000,0.302616124
1784881201.267704487,13.080000124,7.136521088,-0.775144501,1.200000000,0.303741861
1784881201.277704477,13.090000124,7.142460881,-0.772303514,1.200000000,0.304849291
1784881201.287704468,13.100000124,7.148392878,-0.769457564,1.200000000,0.305938538
1784881201.297704458,13.110000124,7.154316969,-0.766606804,1.200000000,0.307009723
1784881201.307704449,13.120000124,7.160233042,-0.763751381,1.200000000,0.308062972
1784881201.317704439,13.130000124,7.166140988,-0.760891446,1.200000000,0.309098406
1784881201.327704430,13.140000124,7.172040698,-0.758027145,1.200000000,0.310116148
1784881201.337704420,13.150000124,7.177932064,-0.755158628,1.200000000,0.311116322
1784881201.347704411,13.160000124,7.183814980,-0.752286040,1.200000000,0.312099051
1784881201.357704401,13.170000124,7.189689341,-0.749409528,1.200000000,0.313064458
1784881201.367704391,13.180000124,7.195555041,-0.746529238,1.200000000,0.314012666
1784881201.377704382,13.190000124,7.201411977,-0.743645313,1.200000000,0.314943798
1784881201.387704372,13.200000124,7.207260047,-0.740757900,1.200000000,0.315857977
1784881201.397704363,13.210000124,7.213099151,-0.737867140,1.200000000,0.316755326
1784881201.407704353,13.220000124,7.218929188,-0.734973176,1.200000000,0.317635969
1784881201.417704344,13.230000124,7.224750060,-0.732076150,1.200000000,0.318500028
1784881201.427704334,13.240000124,7.230561669,-0.729176203,1.200000000,0.319347627
1784881201.437704563,13.250000124,7.236363920,-0.726273476,1.200000000,0.320178889
1784881201.447704554,13.260000124,7.242156716,-0.723368108,1.200000000,0.320993936
1784881201.457704544,13.270000124,7.247939966,-0.720460237,1.200000000,0.321792892
1784881201.467704535,13.280000124,7.253713577,-0.717550000,1.200000000,0.322575880
1784881201.477704525,13.290000124,7.259477457,-0.714637536,1.200000000,0.323343023
1784881201.487704515,13.300000124,7.265231517,-0.711722980,1.200000000,0.324094444
1784881201.497704506,13.310000124,7.270975670,-0.708806466,1.200000000,0.324830267
1784881201.507704496,13.320000124,7.276709827,-0.705888130,1.200000000,0.325550613
1784881201.517704487,13.330000124,7.282433904,-0.702968104,1.200000000,0.326255608
1784881201.527704477,13.340000124,7.288147817,-0.700046521,1.200000000,0.326945372
1784881201.537704468,13.350000124,7.293851483,-0.697123512,1.200000000,0.327620030
1784881201.547704458,13.360000124,7.299544821,-0.694199208,1.200000000,0.328279705
1784881201.557704449,13.370000124,7.305227751,-0.691273738,1.200000000,0.328924520
1784881201.567704439,13.380000124,7.310900195,-0.688347230,1.200000000,0.329554597
1784881201.577704430,13.390000124,7.316562077,-0.685419813,1.200000000,0.330170061
1784881201.587704420,13.400000124,7.322213320,-0.682491613,1.200000000,0.330771033
1784881201.597704411,13.410000124,7.327853852,-0.679562756,1.200000000,0.331357638
1784881201.607704401,13.420000124,7.333483600,-0.676633365,1.200000000,0.331929998
1784881201.617704391,13.430000124,7.339102493,-0.673703565,1.200000000,0.332488236
1784881201.627704382,13.440000124,7.344710463,-0.670773478,1.200000000,0.333032476
1784881201.637704372,13.450000124,7.350307440,-0.667843225,1.200000000,0.333562840
1784881201.647704363,13.460000124,7.355893361,-0.664912927,1.200000000,0.334079452
1784881201.657704353,13.470000124,7.361468160,-0.661982704,1.200000000,0.334582434
1784881201.667704344,13.480000124,7.367031773,-0.659052673,1.200000000,0.335071910
1784881201.677704334,13.490000124,7.372584141,-0.656122952,1.200000000,0.335548003
1784881201.687704563,13.500000124,7.378125203,-0.653193656,1.200000000,0.336010837
1784881201.697704554,13.510000124,7.383654900,-0.650264902,1.200000000,0.336460533
1784881201.707704544,13.520000124,7.389173177,-0.647336802,1.200000000,0.336897215
1784881201.717704535,13.530000124,7.394679979,-0.644409470,1.200000000,0.337321007
1784881201.727704525,13.540000124,7.400175252,-0.641483018,1.200000000,0.337732031
1784881201.737704515,13.550000124,7.405658944,-0.638557555,1.200000000,0.338130410
1784881201.747704506,13.560000124,7.411131006,-0.635633192,1.200000000,0.338516268
1784881201.757704496,13.570000124,7.416591389,-0.632710037,1.200000000,0.338889728
1784881201.767704487,13.580000124,7.422040046,-0.629788197,1.200000000,0.339250912
1784881201.777704477,13.590000124,7.427476932,-0.626867778,1.200000000,0.339599944
1784881201.787704468,13.600000124,7.432902004,-0.623948885,1.200000000,0.339936947
1784881201.797704458,13.610000124,7.438315218,-0.621031622,1.200000000,0.340262045
1784881201.807704449,13.620000124,7.443716536,-0.618116092,1.200000000,0.340575359
1784881201.817704439,13.630000124,7.449105919,-0.615202395,1.200000000,0.340877013
1784881201.827704430,13.640000124,7.454483329,-0.612290634,1.200000000,0.341167131
1784881201.837704420,13.650000124,7.459848730,-0.609380906,1.200000000,0.341445835
1784881201.847704411,13.660000124,7.465202090,-0.606473310,1.200000000,0.341713248
1784881201.857704401,13.670000124,7.470543375,-0.603567942,1.200000000,0.341969494
1784881201.867704391,13.680000124,7.475872556,-0.600664899,1.200000000,0.342214696
1784881201.877704382,13.690000124,7.481189602,-0.597764275,1.200000000,0.342448977
1784881201.887704372,13.700000124,7.486494488,-0.594866163,1.200000000,0.342672459
1784881201.897704363,13.710000124,7.491787185,-0.591970656,1.200000000,0.342885266
1784881201.907704353,13.720000124,7.497067672,-0.589077845,1.200000000,0.343087521
1784881201.917704344,13.730000124,7.502335924,-0.586187819,1.200000000,0.343279348
1784881201.927704334,13.740000124,7.507591920,-0.583300668,1.200000000,0.343460868
1784881201.937704563,13.750000124,7.512835641,-0.580416480,1.200000000,0.343632206
1784881201.947704554,13.760000124,7.518067069,-0.577535340,1.200000000,0.343793485
1784881201.957704544,13.770000124,7.523286187,-0.574657334,1.200000000,0.343944827
1784881201.967704535,13.780000124,7.528492979,-0.571782546,1.200000000,0.344086355
1784881201.977704525,13.790000124,7.533687434,-0.568911059,1.200000000,0.344218193
1784881201.987704515,13.800000124,7.538869537,-0.566042956,1.200000000,0.344340464
1784881201.997704506,13.810000124,7.544039279,-0.563178317,1.200000000,0.344453291
1784881202.007704496,13.820000124,7.549196650,-0.560317221,1.200000000,0.344556796
1784881202.017704487,13.830000124,7.554341643,-0.557459748,1.200000000,0.344651104
1784881202.027704477,13.840000124,7.559474250,-0.554605974,1.200000000,0.344736337
1784881202.037704468,13.850000124,7.564594468,-0.551755976,1.200000000,0.344812618
1784881202.047704458,13.860000124,7.569702292,-0.548909830,1.200000000,0.344880071
1784881202.057704449,13.870000124,7.574797720,-0.546067608,1.200000000,0.344938817
1784881202.067704439,13.880000124,7.579880752,-0.543229385,1.200000000,0.344988982
1784881202.077704430,13.890000124,7.584951386,-0.540395233,1.200000000,0.345030687
1784881202.087704420,13.900000124,7.590009626,-0.537565222,1.200000000,0.345064056
1784881202.097704411,13.910000124,7.595055473,-0.534739421,1.200000000,0.345089211
1784881202.107704401,13.920000124,7.600088932,-0.531917901,1.200000000,0.345106277
1784881202.117704391,13.930000124,7.605110007,-0.529100728,1.200000000,0.345115375
1784881202.127704382,13.940000124,7.610118707,-0.526287969,1.200000000,0.345116629
1784881202.137704372,13.950000124,7.615115037,-0.523479691,1.200000000,0.345110163
1784881202.147704363,13.960000124,7.620099006,-0.520675957,1.200000000,0.345096099
1784881202.157704353,13.970000124,7.625070625,-0.517876832,1.200000000,0.345074560
1784881202.167704344,13.980000124,7.630029904,-0.515082377,1.200000000,0.345045670
1784881202.177704334,13.990000124,7.634976854,-0.512292656,1.200000000,0.345009551
1784881202.187704563,14.000000124,7.639911489,-0.509507728,1.200000000,0.344966327
1784881202.197704554,14.010000124,7.644833822,-0.506727655,1.200000000,0.344916121
1784881202.207704544,14.020000124,7.649743868,-0.503952493,1.200000000,0.344859055
1784881202.217704535,14.030000124,7.654641642,-0.501182303,1.200000000,0.344795253
1784881202.227704525,14.040000124,7.659527160,-0.498417140,1.200000000,0.344724839
1784881202.237704515,14.050000124,7.664400440,-0.495657061,1.200000000,0.344647934
1784881202.247704506,14.060000124,7.669261499,-0.492902122,1.200000000,0.344564663
1784881202.257704496,14.070000124,7.674110356,-0.490152377,1.200000000,0.344475148
1784881202.267704487,14.080000124,7.678947029,-0.487407880,1.200000000,0.344379512
1784881202.277704477,14.090000124,7.683771540,-0.484668684,1.200000000,0.344277879
1784881202.287704468,14.100000124,7.688583907,-0.481934841,1.200000000,0.344170371
1784881202.297704458,14.110000124,7.693384153,-0.479206403,1.200000000,0.344057112
1784881202.307704449,14.120000124,7.698172297,-0.476483420,1.200000000,0.343938225
1784881202.317704439,14.130000124,7.702948363,-0.473765943,1.200000000,0.343813832
1784881202.327704430,14.140000124,7.707712372,-0.471054020,1.200000000,0.343684058
1784881202.337704420,14.150000124,7.712464347,-0.468347701,1.200000000,0.343549024
1784881202.347704411,14.160000124,7.717204311,-0.465647033,1.200000000,0.343408855
1784881202.357704401,14.170000124,7.721932286,-0.462952064,1.200000000,0.343263673
1784881202.367704391,14.180000124,7.726648296,-0.460262841,1.200000000,0.343113601
1784881202.377704382,14.190000124,7.731352364,-0.457579409,1.200000000,0.342958763
1784881202.387704372,14.200000124,7.736044513,-0.454901814,1.200000000,0.342799281
1784881202.397704363,14.210000124,7.740724767,-0.452230102,1.200000000,0.342635279
1784881202.407704353,14.220000124,7.745393149,-0.449564317,1.200000000,0.342466879
1784881202.417704344,14.230000124,7.750049683,-0.446904504,1.200000000,0.342294205
1784881202.427704334,14.240000124,7.754694390,-0.444250706,1.200000000,0.342117380
1784881202.437704563,14.250000124,7.759327295,-0.441602966,1.200000000,0.341936527
1784881202.447704554,14.260000124,7.763948419,-0.438961328,1.200000000,0.341751769
1784881202.457704544,14.270000124,7.768557785,-0.436325833,1.200000000,0.341563229
1784881202.467704535,14.280000124,7.773155414,-0.433696525,1.200000000,0.341371031
1784881202.477704525,14.290000124,7.777741327,-0.431073446,1.200000000,0.341175297
1784881202.487704515,14.300000124,7.782315546,-0.428456636,1.200000000,0.340976150
1784881202.497704506,14.310000124,7.786878089,-0.425846138,1.200000000,0.340773713
1784881202.507704496,14.320000124,7.791428976,-0.423241993,1.200000000,0.340568111
1784881202.517704487,14.330000124,7.795968226,-0.420644243,1.200000000,0.340359465
1784881202.527704477,14.340000124,7.800495855,-0.418052927,1.200000000,0.340147898
1784881202.537704468,14.350000124,7.805011882,-0.415468088,1.200000000,0.339933535
1784881202.547704458,14.360000124,7.809516320,-0.412889766,1.200000000,0.339716498
1784881202.557704449,14.370000124,7.814009185,-0.410318002,1.200000000,0.339496910
1784881202.567704439,14.380000124,7.818490490,-0.407752837,1.200000000,0.339274894
1784881202.577704430,14.390000124,7.822960248,-0.405194313,1.200000000,0.339050573
1784881202.587704420,14.400000124,7.827418468,-0.402642470,1.200000000,0.338824070
1784881202.597704411,14.410000124,7.831865160,-0.400097349,1.200000000,0.338595509
1784881202.607704401,14.420000124,7.836300332,-0.397558993,1.200000000,0.338365013
1784881202.617704391,14.430000124,7.840723990,-0.395027443,1.200000000,0.338132704
1784881202.627704382,14.440000124,7.845136138,-0.392502740,1.200000000,0.337898706
1784881202.637704372,14.450000124,7.849536780,-0.389984927,1.200000000,0.337663142
1784881202.647704363,14.460000124,7.853925916,-0.387474048,1.200000000,0.337426134
1784881202.657704353,14.470000124,7.858303546,-0.384970144,1.200000000,0.337187807
1784881202.667704344,14.480000124,7.862669665,-0.382473259,1.200000000,0.336948283
1784881202.677704334,14.490000124,7.867024269,-0.379983438,1.200000000,0.336707685
1784881202.687704563,14.500000124,7.871367351,-0.377500725,1.200000000,0.336466136
1784881202.697704554,14.510000124,7.875698899,-0.375025165,1.200000000,0.336223759
1784881202.707704544,14.520000124,7.880018903,-0.372556804,1.200000000,0.335980679
1784881202.717704535,14.530000124,7.884327348,-0.370095688,1.200000000,0.335737016
1784881202.727704525,14.540000124,7.888624215,-0.367641865,1.200000000,0.335492896
1784881202.737704515,14.550000124,7.892909484,-0.365195382,1.200000000,0.335248440
1784881202.747704506,14.560000124,7.897183134,-0.362756288,1.200000000,0.335003771
1784881202.757704496,14.570000124,7.901445137,-0.360324633,1.200000000,0.334759014
1784881202.767704487,14.580000124,7.905695464,-0.357900468,1.200000000,0.334514291
1784881202.777704477,14.590000124,7.909934084,-0.355483844,1.200000000,0.334269725
1784881202.787704468,14.600000124,7.914160960,-0.353074813,1.200000000,0.334025439
1784881202.797704458,14.610000124,7.918376055,-0.350673430,1.200000000,0.333781557
1784881202.807704449,14.620000124,7.922579324,-0.348279750,1.200000000,0.333538201
1784881202.817704439,14.630000124,7.926770723,-0.345893828,1.200000000,0.333295494
1784881202.827704430,14.640000124,7.930950201,-0.343515723,1.200000000,0.333053560
1784881202.837704420,14.650000124,7.935117705,-0.341145492,1.200000000,0.332812522
1784881202.847704411,14.660000124,7.939273177,-0.338783196,1.200000000,0.332572502
1784881202.857704401,14.670000124,7.943416555,-0.336428897,1.200000000,0.332333625
1784881202.867704391,14.680000124,7.947547774,-0.334082657,1.200000000,0.332096012
1784881202.877704382,14.690000124,7.951666762,-0.331744541,1.200000000,0.331859787
1784881202.887704372,14.700000124,7.955773445,-0.329414616,1.200000000,0.331625074
1784881202.897704363,14.710000124,7.959867744,-0.327092949,1.200000000,0.331391995
1784881202.907704353,14.720000124,7.963949573,-0.324779611,1.200000000,0.331160673
1784881202.917704344,14.730000124,7.968018845,-0.322474672,1.200000000,0.330931231
1784881202.927704334,14.740000124,7.972075465,-0.320178207,1.200000000,0.330703793
1784881202.937704563,14.750000124,7.976119333,-0.317890290,1.200000000,0.330478482
1784881202.947704554,14.760000124,7.980150345,-0.315611000,1.200000000,0.330255420
1784881202.957704544,14.770000124,7.984168391,-0.313340415,1.200000000,0.330034731
1784881202.967704535,14.780000124,7.988173356,-0.311078617,1.200000000,0.329816538
1784881202.977704525,14.790000124,7.992165118,-0.308825691,1.200000000,0.329600965
1784881202.987704515,14.800000124,7.996143550,-0.306581723,1.200000000,0.329388133
1784881202.997704506,14.810000124,8.000108519,-0.304346800,1.200000000,0.329178166
1784881203.007704496,14.820000124,8.004059885,-0.302121015,1.200000000,0.328971187
1784881203.017704487,14.830000124,8.007997504,-0.299904461,1.200000000,0.328767320
1784881203.027704477,14.840000124,8.011921222,-0.297697233,1.200000000,0.328566688
1784881203.037704468,14.850000124,8.015830882,-0.295499432,1.200000000,0.328369413
1784881203.047704458,14.860000124,8.019726318,-0.293311158,1.200000000,0.328175618
1784881203.057704449,14.870000124,8.023607358,-0.291132515,1.200000000,0.327985427
1784881203.067704439,14.880000124,8.027473822,-0.288963612,1.200000000,0.327798963
1784881203.077704430,14.890000124,8.031325524,-0.286804559,1.200000000,0.327616349
1784881203.087704420,14.900000124,8.035162270,-0.284655468,1.200000000,0.327437708
1784881203.097704411,14.910000124,8.038983859,-0.282516457,1.200000000,0.327263164
1784881203.107704401,14.920000124,8.042790081,-0.280387645,1.200000000,0.327092838
1784881203.117704391,14.930000124,8.046580718,-0.278269155,1.200000000,0.326926854
1784881203.127704382,14.940000124,8.050355547,-0.276161114,1.200000000,0.326765336
1784881203.137704372,14.950000124,8.054114333,-0.274063652,1.200000000,0.326608407
1784881203.147704363,14.960000124,8.057856835,-0.271976901,1.200000000,0.326456189
1784881203.157704353,14.970000124,8.061582803,-0.269901000,1.200000000,0.326308595
1784881203.167704344,14.980000124,8.065291977,-0.267836088,1.200000000,0.326163906
1784881203.177704334,14.990000124,8.068984089,-0.265782312,1.200000000,0.326019637
1784881203.187704563,15.000000124,8.072658863,-0.263739819,1.200000000,0.325873298
1784881203.197704554,15.010000124,8.076316011,-0.261708761,1.200000000,0.325722399
1784881203.207704544,15.020000124,8.079955239,-0.259689297,1.200000000,0.325564452
1784881203.217704535,15.030000124,8.083576240,-0.257681586,1.200000000,0.325396967
1784881203.227704525,15.040000124,8.087178699,-0.255685793,1.200000000,0.325217455
1784881203.237704515,15.050000124,8.090762292,-0.253702089,1.200000000,0.325023426
1784881203.247704506,15.060000124,8.094326682,-0.251730646,1.200000000,0.324812392
1784881203.257704496,15.070000124,8.097871524,-0.249771644,1.200000000,0.324581862
1784881203.267704487,15.080000124,8.101396463,-0.247825265,1.200000000,0.324329347
1784881203.277704477,15.090000124,8.104901131,-0.245891697,1.200000000,0.324052358
1784881203.287704468,15.100000124,8.108385153,-0.243971131,1.200000000,0.323748406
1784881203.297704458,15.110000124,8.111848139,-0.242063766,1.200000000,0.323415002
1784881203.307704449,15.120000124,8.115289691,-0.240169802,1.200000000,0.323049655
1784881203.317704439,15.130000124,8.118709400,-0.238289446,1.200000000,0.322649877
1784881203.327704430,15.140000124,8.122106846,-0.236422909,1.200000000,0.322213178
1784881203.337704420,15.150000124,8.125481597,-0.234570407,1.200000000,0.321737069
1784881203.347704411,15.160000124,8.128833211,-0.232732161,1.200000000,0.321219061
1784881203.357704401,15.170000124,8.132161235,-0.230908398,1.200000000,0.320656664
1784881203.367704391,15.180000124,8.135465205,-0.229099346,1.200000000,0.320047389
1784881203.377704382,15.190000124,8.138744647,-0.227305242,1.200000000,0.319388746
1784881203.387704372,15.200000124,8.141999075,-0.225526324,1.200000000,0.318678247
1784881203.397704363,15.210000124,8.145227993,-0.223762839,1.200000000,0.317913401
1784881203.407704353,15.220000124,8.148430895,-0.222015035,1.200000000,0.317091720
1784881203.417704344,15.230000124,8.151607265,-0.220283164,1.200000000,0.316210714
1784881203.427704334,15.240000124,8.154756576,-0.218567486,1.200000000,0.315267894
1784881203.437704563,15.250000124,8.157878291,-0.216868262,1.200000000,0.314260771
1784881203.447704554,15.260000124,8.160971867,-0.215185759,1.200000000,0.313186854
1784881203.457704544,15.270000124,8.164036746,-0.213520245,1.200000000,0.312043655
1784881203.467704535,15.280000124,8.167072368,-0.211871996,1.200000000,0.310828685
1784881203.477704525,15.290000124,8.170078158,-0.210241288,1.200000000,0.309539454
1784881203.487704515,15.300000124,8.173053539,-0.208628401,1.200000000,0.308173472
1784881203.497704506,15.310000124,8.175997924,-0.207033620,1.200000000,0.306728251
1784881203.507704496,15.320000124,8.178910718,-0.205457230,1.200000000,0.305201301
1784881203.517704487,15.330000124,8.181791321,-0.203899521,1.200000000,0.303590132
1784881203.527704477,15.340000124,8.184639128,-0.202360782,1.200000000,0.301892256
1784881203.537704468,15.350000124,8.187453529,-0.200841308,1.200000000,0.300105183
1784881203.547704458,15.360000124,8.190233908,-0.199341392,1.200000000,0.298226423
1784881203.557704449,15.370000124,8.192979648,-0.197861329,1.200000000,0.296253488
1784881203.567704439,15.380000124,8.195690128,-0.196401415,1.200000000,0.294183888
1784881203.577704430,15.390000124,8.198364724,-0.194961947,1.200000000,0.292015133
1784881203.587704420,15.400000124,8.201002815,-0.193543220,1.200000000,0.289744735
1784881203.597704411,15.410000124,8.203603776,-0.192145530,1.200000000,0.287370203
1784881203.607704401,15.420000124,8.206166986,-0.190769169,1.200000000,0.284889049
1784881203.617704391,15.430000124,8.208691825,-0.189414431,1.200000000,0.282298783
1784881203.627704382,15.440000124,8.211177678,-0.188081604,1.200000000,0.279596916
1784881203.637704372,15.450000124,8.213623934,-0.186770976,1.200000000,0.276780959
1784881203.647704363,15.460000124,8.216029987,-0.185482828,1.200000000,0.273848421
1784881203.657704353,15.470000124,8.218395239,-0.184217439,1.200000000,0.270796815
1784881203.667704344,15.480000124,8.220719103,-0.182975083,1.200000000,0.267623650
1784881203.677704334,15.490000124,8.223001000,-0.181756027,1.200000000,0.264326437
1784881203.687704563,15.500000124,8.225240364,-0.180560531,1.200000000,0.260902690
1784881203.697704554,15.510000124,8.227436641,-0.179388850,1.200000000,0.257351826
1784881203.707704544,15.520000124,8.229589295,-0.178241227,1.200000000,0.253678232
1784881203.717704535,15.530000124,8.231697805,-0.177117898,1.200000000,0.249887101
1784881203.727704525,15.540000124,8.233761670,-0.176019090,1.200000000,0.245983625
1784881203.737704515,15.550000124,8.235780409,-0.174945017,1.200000000,0.241972995
1784881203.747704506,15.560000124,8.237753564,-0.173895881,1.200000000,0.237860405
1784881203.757704496,15.570000124,8.239680703,-0.172871871,1.200000000,0.233651046
1784881203.767704487,15.580000124,8.241561420,-0.171873163,1.200000000,0.229350110
1784881203.777704477,15.590000124,8.243395335,-0.170899918,1.200000000,0.224962789
1784881203.787704468,15.600000124,8.245182104,-0.169952279,1.200000000,0.220494276
1784881203.797704458,15.610000124,8.246921412,-0.169030374,1.200000000,0.215949762
1784881203.807704449,15.620000124,8.248612980,-0.168134311,1.200000000,0.211334440
1784881203.817704439,15.630000124,8.250256566,-0.167264182,1.200000000,0.206653501
1784881203.827704430,15.640000124,8.251851966,-0.166420054,1.200000000,0.201912138
1784881203.837704420,15.650000124,8.253399018,-0.165601979,1.200000000,0.197115543
1784881203.847704411,15.660000124,8.254897602,-0.164809981,1.200000000,0.192268908
1784881203.857704401,15.670000124,8.256347643,-0.164044066,1.200000000,0.187377425
1784881203.867704391,15.680000124,8.257749110,-0.163304214,1.200000000,0.182446286
1784881203.877704382,15.690000124,8.259102023,-0.162590381,1.200000000,0.177480683
1784881203.887704372,15.700000124,8.260406450,-0.161902496,1.200000000,0.172485809
1784881203.897704363,15.710000124,8.261662509,-0.161240464,1.200000000,0.167466855
1784881203.907704353,15.720000124,8.262870372,-0.160604163,1.200000000,0.162429013
1784881203.917704344,15.730000124,8.264030264,-0.159993442,1.200000000,0.157377476
1784881203.927704334,15.740000124,8.265142466,-0.159408123,1.200000000,0.152317436
1784881203.937704563,15.750000124,8.266207313,-0.158848001,1.200000000,0.147254084
1784881203.947704554,15.760000124,8.267225199,-0.158312839,1.200000000,0.142192614
1784881203.957704544,15.770000124,8.268196573,-0.157802373,1.200000000,0.137138216
1784881203.967704535,15.780000124,8.269121945,-0.157316308,1.200000000,0.132096084
1784881203.977704525,15.790000124,8.270001881,-0.156854320,1.200000000,0.127071408
1784881203.987704515,15.800000124,8.270837008,-0.156416056,1.200000000,0.122069382
1784881203.997704506,15.810000124,8.271628012,-0.156001131,1.200000000,0.117095197
1784881204.007704496,15.820000124,8.272375636,-0.155609131,1.200000000,0.112154046
1784881204.017704487,15.830000124,8.273080683,-0.155239614,1.200000000,0.107251120
1784881204.027704477,15.840000124,8.273744013,-0.154892106,1.200000000,0.102391612
1784881204.037704468,15.850000124,8.274366546,-0.154566107,1.200000000,0.097580713
1784881204.047704458,15.860000124,8.274949254,-0.154261086,1.200000000,0.092823617
1784881204.057704449,15.870000124,8.275493167,-0.153976485,1.200000000,0.088125514
1784881204.067704439,15.880000124,8.275999368,-0.153711721,1.200000000,0.083491597
1784881204.077704430,15.890000124,8.276468993,-0.153466182,1.200000000,0.078927058
1784881204.087704420,15.900000124,8.276903224,-0.153239234,1.200000000,0.074437090
1784881204.097704411,15.910000124,8.277303296,-0.153030217,1.200000000,0.070026883
1784881204.107704401,15.920000124,8.277670484,-0.152838450,1.200000000,0.065701631
1784881204.117704391,15.930000124,8.278006110,-0.152663229,1.200000000,0.061466526
1784881204.127704382,15.940000124,8.278311530,-0.152503834,1.200000000,0.057326759
1784881204.137704372,15.950000124,8.278588140,-0.152359524,1.200000000,0.053287523
1784881204.147704363,15.960000124,8.278837365,-0.152229546,1.200000000,0.049354009
1784881204.157704353,15.970000124,8.279060659,-0.152113130,1.200000000,0.045531410
1784881204.167704344,15.980000124,8.279259498,-0.152009497,1.200000000,0.041824918
1784881204.177704334,15.990000124,8.279435379,-0.151917860,1.200000000,0.038239726
1784881204.187704563,16.000000124,8.279589809,-0.151837424,1.200000000,0.034781024
1784881204.197704554,16.010000124,8.279724304,-0.151767393,1.200000000,0.031454005
1784881204.207704544,16.020000124,8.279840383,-0.151706970,1.200000000,0.028263862
1784881204.217704535,16.030000124,8.279939559,-0.151655360,1.200000000,0.025215786
1784881204.227704525,16.040000124,8.280023334,-0.151611778,1.200000000,0.022314970
1784881204.237704515,16.050000124,8.280093193,-0.151575446,1.200000000,0.019566605
1784881204.247704506,16.060000124,8.280150593,-0.151545602,1.200000000,0.016975884
1784881204.257704496,16.070000124,8.280196960,-0.151521501,1.200000000,0.014547999
1784881204.267704487,16.080000124,8.280233674,-0.151502423,1.200000000,0.012288142
1784881204.277704477,16.090000124,8.280262068,-0.151487672,1.200000000,0.010201504
1784881204.287704468,16.100000124,8.280283414,-0.151476586,1.200000000,0.008293279
1784881204.297704458,16.110000124,8.280298912,-0.151468539,1.200000000,0.006568657
1784881204.307704449,16.120000124,8.280309684,-0.151462947,1.200000000,0.005032832
1784881204.317704439,16.130000124,8.280316761,-0.151459274,1.200000000,0.003690995
1784881204.327704430,16.140000124,8.280321072,-0.151457037,1.200000000,0.002548339
1784881204.337704420,16.150000124,8.280323432,-0.151455813,1.200000000,0.001610055
1784881204.347704411,16.160000124,8.280324530,-0.151455244,1.200000000,0.000881336
1784881204.357704401,16.170000124,8.280324918,-0.151455042,1.200000000,0.000367373
1784881204.367704391,16.180000124,8.280324997,-0.151455002,1.200000000,0.000073359
1784881204.375727654,16.188023435,8.280325000,-0.151455000,1.200000000,-0.000000000
