trajectory_index,trajectory_id,trajectory_stamp,point_index,t,x,y,z,yaw
0,3,1784882049.478570223,0,0.000000162,-0.261959000,-0.006230000,1.200000000,-0.039639000
0,3,1784882049.478570223,1,0.010000162,-0.261958995,-0.006229999,1.200000000,-0.039642597
0,3,1784882049.478570223,2,0.020000162,-0.261958918,-0.006229989,1.200000000,-0.039653244
0,3,1784882049.478570223,3,0.030000162,-0.261958591,-0.006229943,1.200000000,-0.039670727
0,3,1784882049.478570223,4,0.040000162,-0.261957722,-0.006229823,1.200000000,-0.039694829
0,3,1784882049.478570223,5,0.050000162,-0.261955919,-0.006229574,1.200000000,-0.039725335
0,3,1784882049.478570223,6,0.060000162,-0.261952691,-0.006229128,1.200000000,-0.039762030
0,3,1784882049.478570223,7,0.070000162,-0.261947456,-0.006228404,1.200000000,-0.039804698
0,3,1784882049.478570223,8,0.080000162,-0.261939550,-0.006227310,1.200000000,-0.039853125
0,3,1784882049.478570223,9,0.090000162,-0.261928232,-0.006225744,1.200000000,-0.039907094
0,3,1784882049.478570223,10,0.100000162,-0.261912688,-0.006223592,1.200000000,-0.039966390
0,3,1784882049.478570223,11,0.110000162,-0.261892041,-0.006220733,1.200000000,-0.040030797
0,3,1784882049.478570223,12,0.120000162,-0.261865352,-0.006217036,1.200000000,-0.040100101
0,3,1784882049.478570223,13,0.130000162,-0.261831629,-0.006212363,1.200000000,-0.040174086
0,3,1784882049.478570223,14,0.140000162,-0.261789831,-0.006206569,1.200000000,-0.040252536
0,3,1784882049.478570223,15,0.150000162,-0.261738873,-0.006199503,1.200000000,-0.040335237
0,3,1784882049.478570223,16,0.160000162,-0.261677632,-0.006191008,1.200000000,-0.040421972
0,3,1784882049.478570223,17,0.170000162,-0.261604950,-0.006180922,1.200000000,-0.040512526
0,3,1784882049.478570223,18,0.180000162,-0.261519638,-0.006169081,1.200000000,-0.040606684
0,3,1784882049.478570223,19,0.190000162,-0.261420486,-0.006155313,1.200000000,-0.040704230
0,3,1784882049.478570223,20,0.200000162,-0.261306258,-0.006139446,1.200000000,-0.040804950
0,3,1784882049.478570223,21,0.210000162,-0.261175703,-0.006121304,1.200000000,-0.040908627
0,3,1784882049.478570223,22,0.220000162,-0.261027559,-0.006100711,1.200000000,-0.041015046
0,3,1784882049.478570223,23,0.230000162,-0.260860551,-0.006077487,1.200000000,-0.041123992
0,3,1784882049.478570223,24,0.240000162,-0.260673399,-0.006051453,1.200000000,-0.041235249
0,3,1784882049.478570223,25,0.250000162,-0.260464823,-0.006022427,1.200000000,-0.041348603
0,3,1784882049.478570223,26,0.260000162,-0.260233539,-0.005990229,1.200000000,-0.041463836
0,3,1784882049.478570223,27,0.270000162,-0.259978269,-0.005954678,1.200000000,-0.041580735
0,3,1784882049.478570223,28,0.280000162,-0.259697743,-0.005915594,1.200000000,-0.041699084
0,3,1784882049.478570223,29,0.290000162,-0.259390697,-0.005872799,1.200000000,-0.041818666
0,3,1784882049.478570223,30,0.300000162,-0.259055881,-0.005826115,1.200000000,-0.041939268
0,3,1784882049.478570223,31,0.310000162,-0.258692058,-0.005775366,1.200000000,-0.042060673
0,3,1784882049.478570223,32,0.320000162,-0.258298009,-0.005720379,1.200000000,-0.042182667
0,3,1784882049.478570223,33,0.330000162,-0.257872532,-0.005660981,1.200000000,-0.042305032
0,3,1784882049.478570223,34,0.340000162,-0.257414447,-0.005597005,1.200000000,-0.042427555
0,3,1784882049.478570223,35,0.350000162,-0.256922596,-0.005528285,1.200000000,-0.042550020
0,3,1784882049.478570223,36,0.360000162,-0.256395846,-0.005454657,1.200000000,-0.042672211
0,3,1784882049.478570223,37,0.370000162,-0.255833088,-0.005375963,1.200000000,-0.042793914
0,3,1784882049.478570223,38,0.380000162,-0.255233244,-0.005292046,1.200000000,-0.042914911
0,3,1784882049.478570223,39,0.390000162,-0.254595263,-0.005202755,1.200000000,-0.043034989
0,3,1784882049.478570223,40,0.400000162,-0.253918124,-0.005107942,1.200000000,-0.043153932
0,3,1784882049.478570223,41,0.410000162,-0.253200839,-0.005007463,1.200000000,-0.043271524
0,3,1784882049.478570223,42,0.420000162,-0.252442450,-0.004901178,1.200000000,-0.043387550
0,3,1784882049.478570223,43,0.430000162,-0.251642035,-0.004788953,1.200000000,-0.043501794
0,3,1784882049.478570223,44,0.440000162,-0.250798706,-0.004670657,1.200000000,-0.043614042
0,3,1784882049.478570223,45,0.450000162,-0.249911609,-0.004546163,1.200000000,-0.043724077
0,3,1784882049.478570223,46,0.460000162,-0.248979926,-0.004415351,1.200000000,-0.043831685
0,3,1784882049.478570223,47,0.470000162,-0.248002876,-0.004278105,1.200000000,-0.043936649
0,3,1784882049.478570223,48,0.480000162,-0.246979715,-0.004134313,1.200000000,-0.044038755
0,3,1784882049.478570223,49,0.490000162,-0.245909736,-0.003983869,1.200000000,-0.044137787
0,3,1784882049.478570223,50,0.500000162,-0.244792268,-0.003826672,1.200000000,-0.044233529
0,3,1784882049.478570223,51,0.510000162,-0.243626679,-0.003662625,1.200000000,-0.044325767
0,3,1784882049.478570223,52,0.520000162,-0.242412376,-0.003491637,1.200000000,-0.044414284
0,3,1784882049.478570223,53,0.530000162,-0.241148802,-0.003313623,1.200000000,-0.044498866
0,3,1784882049.478570223,54,0.540000162,-0.239835438,-0.003128501,1.200000000,-0.044579297
0,3,1784882049.478570223,55,0.550000162,-0.238471804,-0.002936196,1.200000000,-0.044655361
0,3,1784882049.478570223,56,0.560000162,-0.237057457,-0.002736637,1.200000000,-0.044726843
0,3,1784882049.478570223,57,0.570000162,-0.235591990,-0.002529758,1.200000000,-0.044793528
0,3,1784882049.478570223,58,0.580000162,-0.234075036,-0.002315499,1.200000000,-0.044855201
0,3,1784882049.478570223,59,0.590000162,-0.232506262,-0.002093805,1.200000000,-0.044911645
0,3,1784882049.478570223,60,0.600000162,-0.230885374,-0.001864625,1.200000000,-0.044962646
0,3,1784882049.478570223,61,0.610000162,-0.229212111,-0.001627913,1.200000000,-0.045007988
0,3,1784882049.478570223,62,0.620000162,-0.227486249,-0.001383629,1.200000000,-0.045047456
0,3,1784882049.478570223,63,0.630000162,-0.225707599,-0.001131736,1.200000000,-0.045080834
0,3,1784882049.478570223,64,0.640000162,-0.223876006,-0.000872204,1.200000000,-0.045107906
0,3,1784882049.478570223,65,0.650000162,-0.221991348,-0.000605006,1.200000000,-0.045128459
0,3,1784882049.478570223,66,0.660000162,-0.220053537,-0.000330119,1.200000000,-0.045142275
0,3,1784882049.478570223,67,0.670000162,-0.218062516,-0.000047527,1.200000000,-0.045149140
0,3,1784882049.478570223,68,0.680000162,-0.216018261,0.000242784,1.200000000,-0.045148837
0,3,1784882049.478570223,69,0.690000162,-0.213920778,0.000540823,1.200000000,-0.045141153
0,3,1784882049.478570223,70,0.700000162,-0.211770101,0.000846594,1.200000000,-0.045125871
0,3,1784882049.478570223,71,0.710000162,-0.209566297,0.001160098,1.200000000,-0.045102776
0,3,1784882049.478570223,72,0.720000162,-0.207309457,0.001481333,1.200000000,-0.045071653
0,3,1784882049.478570223,73,0.730000162,-0.204999703,0.001810289,1.200000000,-0.045032286
0,3,1784882049.478570223,74,0.740000162,-0.202637181,0.002146958,1.200000000,-0.044984459
0,3,1784882049.478570223,75,0.750000162,-0.200222063,0.002491323,1.200000000,-0.044927958
0,3,1784882049.478570223,76,0.760000162,-0.197754548,0.002843368,1.200000000,-0.044862566
0,3,1784882049.478570223,77,0.770000162,-0.195234856,0.003203070,1.200000000,-0.044788070
0,3,1784882049.478570223,78,0.780000162,-0.192663231,0.003570405,1.200000000,-0.044704252
0,3,1784882049.478570223,79,0.790000162,-0.190039938,0.003945344,1.200000000,-0.044610898
0,3,1784882049.478570223,80,0.800000162,-0.187365266,0.004327857,1.200000000,-0.044507792
0,3,1784882049.478570223,81,0.810000162,-0.184639521,0.004717910,1.200000000,-0.044394718
0,3,1784882049.478570223,82,0.820000162,-0.181863030,0.005115467,1.200000000,-0.044271491
0,3,1784882049.478570223,83,0.830000162,-0.179036138,0.005520486,1.200000000,-0.044138134
0,3,1784882049.478570223,84,0.840000162,-0.176159208,0.005932927,1.200000000,-0.043994766
0,3,1784882049.478570223,85,0.850000162,-0.173232619,0.006352745,1.200000000,-0.043841508
0,3,1784882049.478570223,86,0.860000162,-0.170256766,0.006779893,1.200000000,-0.043678479
0,3,1784882049.478570223,87,0.870000162,-0.167232062,0.007214321,1.200000000,-0.043505799
0,3,1784882049.478570223,88,0.880000162,-0.164158929,0.007655979,1.200000000,-0.043323588
0,3,1784882049.478570223,89,0.890000162,-0.161037808,0.008104811,1.200000000,-0.043131966
0,3,1784882049.478570223,90,0.900000162,-0.157869149,0.008560764,1.200000000,-0.042931054
0,3,1784882049.478570223,91,0.910000162,-0.154653416,0.009023780,1.200000000,-0.042720969
0,3,1784882049.478570223,92,0.920000162,-0.151391084,0.009493799,1.200000000,-0.042501834
0,3,1784882049.478570223,93,0.930000162,-0.148082638,0.009970761,1.200000000,-0.042273768
0,3,1784882049.478570223,94,0.940000162,-0.144728575,0.010454603,1.200000000,-0.042036889
0,3,1784882049.478570223,95,0.950000162,-0.141329398,0.010945260,1.200000000,-0.041791320
0,3,1784882049.478570223,96,0.960000162,-0.137885621,0.011442669,1.200000000,-0.041537178
0,3,1784882049.478570223,97,0.970000162,-0.134397766,0.011946761,1.200000000,-0.041274585
0,3,1784882049.478570223,98,0.980000162,-0.130866361,0.012457469,1.200000000,-0.041003660
0,3,1784882049.478570223,99,0.990000162,-0.127291941,0.012974724,1.200000000,-0.040724523
0,3,1784882049.478570223,100,1.000000162,-0.123675049,0.013498456,1.200000000,-0.040437294
0,3,1784882049.478570223,101,1.010000162,-0.120016230,0.014028592,1.200000000,-0.040142093
0,3,1784882049.478570223,102,1.020000162,-0.116316037,0.014565061,1.200000000,-0.039839039
0,3,1784882049.478570223,103,1.030000162,-0.112575027,0.015107790,1.200000000,-0.039528254
0,3,1784882049.478570223,104,1.040000162,-0.108793758,0.015656705,1.200000000,-0.039209856
0,3,1784882049.478570223,105,1.050000162,-0.104972795,0.016211731,1.200000000,-0.038883965
0,3,1784882049.478570223,106,1.060000162,-0.101112704,0.016772794,1.200000000,-0.038550701
0,3,1784882049.478570223,107,1.070000162,-0.097214052,0.017339817,1.200000000,-0.038210185
0,3,1784882049.478570223,108,1.080000162,-0.093277409,0.017912724,1.200000000,-0.037862536
0,3,1784882049.478570223,109,1.090000162,-0.089303347,0.018491438,1.200000000,-0.037507874
0,3,1784882049.478570223,110,1.100000162,-0.085292438,0.019075882,1.200000000,-0.037146320
0,3,1784882049.478570223,111,1.110000162,-0.081245254,0.019665980,1.200000000,-0.036777992
0,3,1784882049.478570223,112,1.120000162,-0.077162367,0.020261652,1.200000000,-0.036403010
0,3,1784882049.478570223,113,1.130000162,-0.073044348,0.020862822,1.200000000,-0.036021496
0,3,1784882049.478570223,114,1.140000162,-0.068891769,0.021469411,1.200000000,-0.035633568
0,3,1784882049.478570223,115,1.150000162,-0.064705197,0.022081342,1.200000000,-0.035239347
0,3,1784882049.478570223,116,1.160000162,-0.060485201,0.022698536,1.200000000,-0.034838952
0,3,1784882049.478570223,117,1.170000162,-0.056232345,0.023320915,1.200000000,-0.034432503
0,3,1784882049.478570223,118,1.180000162,-0.051947192,0.023948402,1.200000000,-0.034020120
0,3,1784882049.478570223,119,1.190000162,-0.047630302,0.024580918,1.200000000,-0.033601924
0,3,1784882049.478570223,120,1.200000162,-0.043282231,0.025218386,1.200000000,-0.033178034
0,3,1784882049.478570223,121,1.210000162,-0.038903531,0.025860729,1.200000000,-0.032748569
0,3,1784882049.478570223,122,1.220000162,-0.034494752,0.026507869,1.200000000,-0.032313650
0,3,1784882049.478570223,123,1.230000162,-0.030056437,0.027159731,1.200000000,-0.031873397
0,3,1784882049.478570223,124,1.240000162,-0.025589127,0.027816237,1.200000000,-0.031427930
0,3,1784882049.478570223,125,1.250000162,-0.021093357,0.028477311,1.200000000,-0.030977368
0,3,1784882049.478570223,126,1.260000162,-0.016569657,0.029142878,1.200000000,-0.030521832
0,3,1784882049.478570223,127,1.270000162,-0.012018551,0.029812863,1.200000000,-0.030061441
0,3,1784882049.478570223,128,1.280000162,-0.007440559,0.030487192,1.200000000,-0.029596315
0,3,1784882049.478570223,129,1.290000162,-0.002836192,0.031165791,1.200000000,-0.029126575
0,3,1784882049.478570223,130,1.300000162,0.001794042,0.031848586,1.200000000,-0.028652339
0,3,1784882049.478570223,131,1.310000162,0.006449642,0.032535505,1.200000000,-0.028173729
0,3,1784882049.478570223,132,1.320000162,0.011130115,0.033226475,1.200000000,-0.027690863
0,3,1784882049.478570223,133,1.330000162,0.015834974,0.033921426,1.200000000,-0.027203862
0,3,1784882049.478570223,134,1.340000162,0.020563739,0.034620287,1.200000000,-0.026712845
0,3,1784882049.478570223,135,1.350000162,0.025315937,0.035322989,1.200000000,-0.026217934
0,3,1784882049.478570223,136,1.360000162,0.030091103,0.036029462,1.200000000,-0.025719246
0,3,1784882049.478570223,137,1.370000162,0.034888779,0.036739638,1.200000000,-0.025216903
0,3,1784882049.478570223,138,1.380000162,0.039708514,0.037453450,1.200000000,-0.024711025
0,3,1784882049.478570223,139,1.390000162,0.044549867,0.038170831,1.200000000,-0.024201730
0,3,1784882049.478570223,140,1.400000162,0.049412403,0.038891717,1.200000000,-0.023689140
0,3,1784882049.478570223,141,1.410000162,0.054295696,0.039616042,1.200000000,-0.023173374
0,3,1784882049.478570223,142,1.420000162,0.059199328,0.040343743,1.200000000,-0.022654551
0,3,1784882049.478570223,143,1.430000162,0.064122890,0.041074757,1.200000000,-0.022132792
0,3,1784882049.478570223,144,1.440000162,0.069065981,0.041809022,1.200000000,-0.021608217
0,3,1784882049.478570223,145,1.450000162,0.074028208,0.042546479,1.200000000,-0.021080946
0,3,1784882049.478570223,146,1.460000162,0.079009187,0.043287066,1.200000000,-0.020551098
0,3,1784882049.478570223,147,1.470000162,0.084008543,0.044030726,1.200000000,-0.020018793
0,3,1784882049.478570223,148,1.480000162,0.089025911,0.044777401,1.200000000,-0.019484152
0,3,1784882049.478570223,149,1.490000162,0.094060932,0.045527034,1.200000000,-0.018947294
0,3,1784882049.478570223,150,1.500000162,0.099113259,0.046279569,1.200000000,-0.018408339
0,3,1784882049.478570223,151,1.510000162,0.104182552,0.047034954,1.200000000,-0.017867407
0,3,1784882049.478570223,152,1.520000162,0.109268481,0.047793133,1.200000000,-0.017324618
0,3,1784882049.478570223,153,1.530000162,0.114370724,0.048554055,1.200000000,-0.016780092
0,3,1784882049.478570223,154,1.540000162,0.119488970,0.049317670,1.200000000,-0.016233949
0,3,1784882049.478570223,155,1.550000162,0.124622915,0.050083926,1.200000000,-0.015686308
0,3,1784882049.478570223,156,1.560000162,0.129772265,0.050852776,1.200000000,-0.015137290
0,3,1784882049.478570223,157,1.570000162,0.134936735,0.051624171,1.200000000,-0.014587014
0,3,1784882049.478570223,158,1.580000162,0.140116050,0.052398065,1.200000000,-0.014035601
0,3,1784882049.478570223,159,1.590000162,0.145309944,0.053174413,1.200000000,-0.013483169
0,3,1784882049.478570223,160,1.600000162,0.150518159,0.053953170,1.200000000,-0.012929840
0,3,1784882049.478570223,161,1.610000162,0.155740446,0.054734293,1.200000000,-0.012375733
0,3,1784882049.478570223,162,1.620000162,0.160976566,0.055517741,1.200000000,-0.011820968
0,3,1784882049.478570223,163,1.630000162,0.166226290,0.056303473,1.200000000,-0.011265665
0,3,1784882049.478570223,164,1.640000162,0.171489395,0.057091448,1.200000000,-0.010709944
0,3,1784882049.478570223,165,1.650000162,0.176765670,0.057881629,1.200000000,-0.010153924
0,3,1784882049.478570223,166,1.660000162,0.182054911,0.058673978,1.200000000,-0.009597726
0,3,1784882049.478570223,167,1.670000162,0.187356924,0.059468460,1.200000000,-0.009041469
0,3,1784882049.478570223,168,1.680000162,0.192671522,0.060265038,1.200000000,-0.008485274
0,3,1784882049.478570223,169,1.690000162,0.197998530,0.061063680,1.200000000,-0.007929260
0,3,1784882049.478570223,170,1.700000162,0.203337777,0.061864352,1.200000000,-0.007373547
0,3,1784882049.478570223,171,1.710000162,0.208689105,0.062667024,1.200000000,-0.006818255
0,3,1784882049.478570223,172,1.720000162,0.214052363,0.063471664,1.200000000,-0.006263504
0,3,1784882049.478570223,173,1.730000162,0.219427406,0.064278243,1.200000000,-0.005709414
0,3,1784882049.478570223,174,1.740000162,0.224814101,0.065086733,1.200000000,-0.005156105
0,3,1784882049.478570223,175,1.750000162,0.230212320,0.065897107,1.200000000,-0.004603697
0,3,1784882049.478570223,176,1.760000162,0.235621946,0.066709339,1.200000000,-0.004052309
0,3,1784882049.478570223,177,1.770000162,0.241042868,0.067523404,1.200000000,-0.003502062
0,3,1784882049.478570223,178,1.780000162,0.246474984,0.068339278,1.200000000,-0.002953075
0,3,1784882049.478570223,179,1.790000162,0.251918198,0.069156939,1.200000000,-0.002405468
0,3,1784882049.478570223,180,1.800000162,0.257372423,0.069976365,1.200000000,-0.001859362
0,3,1784882049.478570223,181,1.810000162,0.262837580,0.070797535,1.200000000,-0.001314876
0,3,1784882049.478570223,182,1.820000162,0.268313597,0.071620429,1.200000000,-0.000772129
0,3,1784882049.478570223,183,1.830000162,0.273800409,0.072445030,1.200000000,-0.000231243
0,3,1784882049.478570223,184,1.840000162,0.279297957,0.073271319,1.200000000,0.000307663
0,3,1784882049.478570223,185,1.850000162,0.284806191,0.074099280,1.200000000,0.000844470
0,3,1784882049.478570223,186,1.860000162,0.290325067,0.074928898,1.200000000,0.001379057
0,3,1784882049.478570223,187,1.870000162,0.295854547,0.075760158,1.200000000,0.001911305
0,3,1784882049.478570223,188,1.880000162,0.301394602,0.076593045,1.200000000,0.002441093
0,3,1784882049.478570223,189,1.890000162,0.306945205,0.077427549,1.200000000,0.002968302
0,3,1784882049.478570223,190,1.900000162,0.312506341,0.078263656,1.200000000,0.003492811
0,3,1784882049.478570223,191,1.910000162,0.318077995,0.079101356,1.200000000,0.004014501
0,3,1784882049.478570223,192,1.920000162,0.323660163,0.079940640,1.200000000,0.004533253
0,3,1784882049.478570223,193,1.930000162,0.329252845,0.080781497,1.200000000,0.005048945
0,3,1784882049.478570223,194,1.940000162,0.334856045,0.081623920,1.200000000,0.005561458
0,3,1784882049.478570223,195,1.950000162,0.340469775,0.082467902,1.200000000,0.006070673
0,3,1784882049.478570223,196,1.960000162,0.346094050,0.083313436,1.200000000,0.006576469
0,3,1784882049.478570223,197,1.970000162,0.351728893,0.084160516,1.200000000,0.007078727
0,3,1784882049.478570223,198,1.980000162,0.357374329,0.085009137,1.200000000,0.007577326
0,3,1784882049.478570223,199,1.990000162,0.363030389,0.085859296,1.200000000,0.008072146
0,3,1784882049.478570223,200,2.000000162,0.368697109,0.086710988,1.200000000,0.008563069
0,3,1784882049.478570223,201,2.010000162,0.374374530,0.087564212,1.200000000,0.009049973
0,3,1784882049.478570223,202,2.020000162,0.380062695,0.088418965,1.200000000,0.009532739
0,3,1784882049.478570223,203,2.030000162,0.385761654,0.089275245,1.200000000,0.010011247
0,3,1784882049.478570223,204,2.040000162,0.391471458,0.090133053,1.200000000,0.010485377
0,3,1784882049.478570223,205,2.050000162,0.397192164,0.090992389,1.200000000,0.010955009
0,3,1784882049.478570223,206,2.060000162,0.402923832,0.091853253,1.200000000,0.011420024
0,3,1784882049.478570223,207,2.070000162,0.408666524,0.092715646,1.200000000,0.011880301
0,3,1784882049.478570223,208,2.080000162,0.414420307,0.093579570,1.200000000,0.012335720
0,3,1784882049.478570223,209,2.090000162,0.420185251,0.094445029,1.200000000,0.012786162
0,3,1784882049.478570223,210,2.100000162,0.425961428,0.095312024,1.200000000,0.013231507
0,3,1784882049.478570223,211,2.110000162,0.431748912,0.096180560,1.200000000,0.013671635
0,3,1784882049.478570223,212,2.120000162,0.437547781,0.097050641,1.200000000,0.014106425
0,3,1784882049.478570223,213,2.130000162,0.443358115,0.097922270,1.200000000,0.014535759
0,3,1784882049.478570223,214,2.140000162,0.449179996,0.098795454,1.200000000,0.014959515
0,3,1784882049.478570223,215,2.150000162,0.455013507,0.099670198,1.200000000,0.015377575
0,3,1784882049.478570223,216,2.160000162,0.460858734,0.100546507,1.200000000,0.015789818
0,3,1784882049.478570223,217,2.170000162,0.466715764,0.101424387,1.200000000,0.016196124
0,3,1784882049.478570223,218,2.180000162,0.472584686,0.102303847,1.200000000,0.016596374
0,3,1784882049.478570223,219,2.190000162,0.478465590,0.103184892,1.200000000,0.016990447
0,3,1784882049.478570223,220,2.200000162,0.484358566,0.104067530,1.200000000,0.017378224
0,3,1784882049.478570223,221,2.210000162,0.490263707,0.104951768,1.200000000,0.017759584
0,3,1784882049.478570223,222,2.220000162,0.496181106,0.105837615,1.200000000,0.018134409
0,3,1784882049.478570223,223,2.230000162,0.502110855,0.106725079,1.200000000,0.018502577
0,3,1784882049.478570223,224,2.240000162,0.508053048,0.107614168,1.200000000,0.018863970
0,3,1784882049.478570223,225,2.250000162,0.514007778,0.108504892,1.200000000,0.019218466
0,3,1784882049.478570223,226,2.260000162,0.519975141,0.109397258,1.200000000,0.019565947
0,3,1784882049.478570223,227,2.270000162,0.525955229,0.110291277,1.200000000,0.019906292
0,3,1784882049.478570223,228,2.280000162,0.531948137,0.111186957,1.200000000,0.020239382
0,3,1784882049.478570223,229,2.290000162,0.537953957,0.112084308,1.200000000,0.020565096
0,3,1784882049.478570223,230,2.300000162,0.543972781,0.112983339,1.200000000,0.020883315
0,3,1784882049.478570223,231,2.310000162,0.550004703,0.113884061,1.200000000,0.021193918
0,3,1784882049.478570223,232,2.320000162,0.556049813,0.114786483,1.200000000,0.021496786
0,3,1784882049.478570223,233,2.330000162,0.562108200,0.115690614,1.200000000,0.021791799
0,3,1784882049.478570223,234,2.340000162,0.568179955,0.116596465,1.200000000,0.022078837
0,3,1784882049.478570223,235,2.350000162,0.574265164,0.117504045,1.200000000,0.022357781
0,3,1784882049.478570223,236,2.360000162,0.580363913,0.118413365,1.200000000,0.022628509
0,3,1784882049.478570223,237,2.370000162,0.586476288,0.119324434,1.200000000,0.022890903
0,3,1784882049.478570223,238,2.380000162,0.592602370,0.120237262,1.200000000,0.023144842
0,3,1784882049.478570223,239,2.390000162,0.598742242,0.121151859,1.200000000,0.023390206
0,3,1784882049.478570223,240,2.400000162,0.604895983,0.122068234,1.200000000,0.023626888
0,3,1784882049.478570223,241,2.410000162,0.611063668,0.122986398,1.200000000,0.023854905
0,3,1784882049.478570223,242,2.420000162,0.617245374,0.123906360,1.200000000,0.024074352
0,3,1784882049.478570223,243,2.430000162,0.623441173,0.124828129,1.200000000,0.024285323
0,3,1784882049.478570223,244,2.440000162,0.629651135,0.125751714,1.200000000,0.024487914
0,3,1784882049.478570223,245,2.450000162,0.635875328,0.126677125,1.200000000,0.024682219
0,3,1784882049.478570223,246,2.460000162,0.642113816,0.127604371,1.200000000,0.024868336
0,3,1784882049.478570223,247,2.470000162,0.648366663,0.128533459,1.200000000,0.025046357
0,3,1784882049.478570223,248,2.480000162,0.654633928,0.129464400,1.200000000,0.025216380
0,3,1784882049.478570223,249,2.490000162,0.660915668,0.130397201,1.200000000,0.025378498
0,3,1784882049.478570223,250,2.500000162,0.667211936,0.131331870,1.200000000,0.025532808
0,3,1784882049.478570223,251,2.510000162,0.673522783,0.132268416,1.200000000,0.025679404
0,3,1784882049.478570223,252,2.520000162,0.679848257,0.133206845,1.200000000,0.025818382
0,3,1784882049.478570223,253,2.530000162,0.686188402,0.134147165,1.200000000,0.025949837
0,3,1784882049.478570223,254,2.540000162,0.692543260,0.135089383,1.200000000,0.026073865
0,3,1784882049.478570223,255,2.550000162,0.698912868,0.136033506,1.200000000,0.026190560
0,3,1784882049.478570223,256,2.560000162,0.705297261,0.136979540,1.200000000,0.026300017
0,3,1784882049.478570223,257,2.570000162,0.711696469,0.137927492,1.200000000,0.026402333
0,3,1784882049.478570223,258,2.580000162,0.718110520,0.138877366,1.200000000,0.026497601
0,3,1784882049.478570223,259,2.590000162,0.724539439,0.139829169,1.200000000,0.026585918
0,3,1784882049.478570223,260,2.600000162,0.730983244,0.140782905,1.200000000,0.026667379
0,3,1784882049.478570223,261,2.610000162,0.737441954,0.141738579,1.200000000,0.026742079
0,3,1784882049.478570223,262,2.620000162,0.743915581,0.142696195,1.200000000,0.026810113
0,3,1784882049.478570223,263,2.630000162,0.750404134,0.143655757,1.200000000,0.026871576
0,3,1784882049.478570223,264,2.640000162,0.756907618,0.144617269,1.200000000,0.026926564
0,3,1784882049.478570223,265,2.650000162,0.763426035,0.145580733,1.200000000,0.026975172
0,3,1784882049.478570223,266,2.660000162,0.769959384,0.146546152,1.200000000,0.027017496
0,3,1784882049.478570223,267,2.670000162,0.776507657,0.147513528,1.200000000,0.027053629
0,3,1784882049.478570223,268,2.680000162,0.783070845,0.148482863,1.200000000,0.027083668
0,3,1784882049.478570223,269,2.690000162,0.789648934,0.149454158,1.200000000,0.027107708
0,3,1784882049.478570223,270,2.700000162,0.796241906,0.150427413,1.200000000,0.027125845
0,3,1784882049.478570223,271,2.710000162,0.802849739,0.151402630,1.200000000,0.027138172
0,3,1784882049.478570223,272,2.720000162,0.809472408,0.152379807,1.200000000,0.027144786
0,3,1784882049.478570223,273,2.730000162,0.816109882,0.153358945,1.200000000,0.027145782
0,3,1784882049.478570223,274,2.740000162,0.822762129,0.154340040,1.200000000,0.027141256
0,3,1784882049.478570223,275,2.750000162,0.829429109,0.155323093,1.200000000,0.027131301
0,3,1784882049.478570223,276,2.760000162,0.836110782,0.156308101,1.200000000,0.027116014
0,3,1784882049.478570223,277,2.770000162,0.842807102,0.157295061,1.200000000,0.027095490
0,3,1784882049.478570223,278,2.780000162,0.849518020,0.158283969,1.200000000,0.027069824
0,3,1784882049.478570223,279,2.790000162,0.856243480,0.159274821,1.200000000,0.027039111
0,3,1784882049.478570223,280,2.800000162,0.862983427,0.160267614,1.200000000,0.027003447
0,3,1784882049.478570223,281,2.810000162,0.869737798,0.161262343,1.200000000,0.026962927
0,3,1784882049.478570223,282,2.820000162,0.876506528,0.162259001,1.200000000,0.026917645
0,3,1784882049.478570223,283,2.830000162,0.883289546,0.163257582,1.200000000,0.026867698
0,3,1784882049.478570223,284,2.840000162,0.890086781,0.164258081,1.200000000,0.026813181
0,3,1784882049.478570223,285,2.850000162,0.896898154,0.165260489,1.200000000,0.026754188
0,3,1784882049.478570223,286,2.860000162,0.903723585,0.166264798,1.200000000,0.026690815
0,3,1784882049.478570223,287,2.870000162,0.910562987,0.167271001,1.200000000,0.026623158
0,3,1784882049.478570223,288,2.880000162,0.917416274,0.168279089,1.200000000,0.026551311
0,3,1784882049.478570223,289,2.890000162,0.924283351,0.169289051,1.200000000,0.026475370
0,3,1784882049.478570223,290,2.900000162,0.931164122,0.170300877,1.200000000,0.026395430
0,3,1784882049.478570223,291,2.910000162,0.938058488,0.171314557,1.200000000,0.026311586
0,3,1784882049.478570223,292,2.920000162,0.944966343,0.172330079,1.200000000,0.026223933
0,3,1784882049.478570223,293,2.930000162,0.951887582,0.173347432,1.200000000,0.026132567
0,3,1784882049.478570223,294,2.940000162,0.958822092,0.174366601,1.200000000,0.026037583
0,3,1784882049.478570223,295,2.950000162,0.965769759,0.175387575,1.200000000,0.025939077
0,3,1784882049.478570223,296,2.960000162,0.972730465,0.176410339,1.200000000,0.025837142
0,3,1784882049.478570223,297,2.970000162,0.979704088,0.177434878,1.200000000,0.025731876
0,3,1784882049.478570223,298,2.980000162,0.986690502,0.178461178,1.200000000,0.025623372
0,3,1784882049.478570223,299,2.990000162,0.993689580,0.179489222,1.200000000,0.025511727
0,3,1784882049.478570223,300,3.000000162,1.000701188,0.180518994,1.200000000,0.025397035
0,3,1784882049.478570223,301,3.010000162,1.007725192,0.181550478,1.200000000,0.025279391
0,3,1784882049.478570223,302,3.020000162,1.014761453,0.182583655,1.200000000,0.025158892
0,3,1784882049.478570223,303,3.030000162,1.021809830,0.183618506,1.200000000,0.025035631
0,3,1784882049.478570223,304,3.040000162,1.028870177,0.184655014,1.200000000,0.024909705
0,3,1784882049.478570223,305,3.050000162,1.035942346,0.185693158,1.200000000,0.024781209
0,3,1784882049.478570223,306,3.060000162,1.043026188,0.186732918,1.200000000,0.024650238
0,3,1784882049.478570223,307,3.070000162,1.050121546,0.187774273,1.200000000,0.024516886
0,3,1784882049.478570223,308,3.080000162,1.057228266,0.188817201,1.200000000,0.024381250
0,3,1784882049.478570223,309,3.090000162,1.064346186,0.189861681,1.200000000,0.024243425
0,3,1784882049.478570223,310,3.100000162,1.071475145,0.190907689,1.200000000,0.024103505
0,3,1784882049.478570223,311,3.110000162,1.078614976,0.191955202,1.200000000,0.023961587
0,3,1784882049.478570223,312,3.120000162,1.085765514,0.193004196,1.200000000,0.023817765
0,3,1784882049.478570223,313,3.130000162,1.092926586,0.194054645,1.200000000,0.023672134
0,3,1784882049.478570223,314,3.140000162,1.100098019,0.195106525,1.200000000,0.023524790
0,3,1784882049.478570223,315,3.150000162,1.107279640,0.196159810,1.200000000,0.023375828
0,3,1784882049.478570223,316,3.160000162,1.114471268,0.197214471,1.200000000,0.023225344
0,3,1784882049.478570223,317,3.170000162,1.121672726,0.198270483,1.200000000,0.023073432
0,3,1784882049.478570223,318,3.180000162,1.128883829,0.199327817,1.200000000,0.022920188
0,3,1784882049.478570223,319,3.190000162,1.136104394,0.200386445,1.200000000,0.022765707
0,3,1784882049.478570223,320,3.200000162,1.143334234,0.201446337,1.200000000,0.022610084
0,3,1784882049.478570223,321,3.210000162,1.150573161,0.202507462,1.200000000,0.022453415
0,3,1784882049.478570223,322,3.220000162,1.157820983,0.203569792,1.200000000,0.022295794
0,3,1784882049.478570223,323,3.230000162,1.165077509,0.204633294,1.200000000,0.022137318
0,3,1784882049.478570223,324,3.240000162,1.172342544,0.205697936,1.200000000,0.021978080
0,3,1784882049.478570223,325,3.250000162,1.179615892,0.206763686,1.200000000,0.021818177
0,3,1784882049.478570223,326,3.260000162,1.186897356,0.207830511,1.200000000,0.021657704
0,3,1784882049.478570223,327,3.270000162,1.194186737,0.208898376,1.200000000,0.021496756
0,3,1784882049.478570223,328,3.280000162,1.201483835,0.209967249,1.200000000,0.021335428
0,3,1784882049.478570223,329,3.290000162,1.208788446,0.211037093,1.200000000,0.021173816
0,3,1784882049.478570223,330,3.300000162,1.216100369,0.212107873,1.200000000,0.021012014
0,3,1784882049.478570223,331,3.310000162,1.223419399,0.213179553,1.200000000,0.020850118
0,3,1784882049.478570223,332,3.320000162,1.230745329,0.214252095,1.200000000,0.020688224
0,3,1784882049.478570223,333,3.330000162,1.238077954,0.215325463,1.200000000,0.020526425
0,3,1784882049.478570223,334,3.340000162,1.245417065,0.216399618,1.200000000,0.020364819
0,3,1784882049.478570223,335,3.350000162,1.252762455,0.217474522,1.200000000,0.020203499
0,3,1784882049.478570223,336,3.360000162,1.260113913,0.218550135,1.200000000,0.020042562
0,3,1784882049.478570223,337,3.370000162,1.267471230,0.219626417,1.200000000,0.019882101
0,3,1784882049.478570223,338,3.380000162,1.274834195,0.220703327,1.200000000,0.019722214
0,3,1784882049.478570223,339,3.390000162,1.282202597,0.221780826,1.200000000,0.019562994
0,3,1784882049.478570223,340,3.400000162,1.289576223,0.222858870,1.200000000,0.019404538
0,3,1784882049.478570223,341,3.410000162,1.296954861,0.223937418,1.200000000,0.019246940
0,3,1784882049.478570223,342,3.420000162,1.304338299,0.225016426,1.200000000,0.019090295
0,3,1784882049.478570223,343,3.430000162,1.311726325,0.226095852,1.200000000,0.018934700
0,3,1784882049.478570223,344,3.440000162,1.319118724,0.227175651,1.200000000,0.018780248
0,3,1784882049.478570223,345,3.450000162,1.326515285,0.228255779,1.200000000,0.018627036
0,3,1784882049.478570223,346,3.460000162,1.333915793,0.229336191,1.200000000,0.018475158
0,3,1784882049.478570223,347,3.470000162,1.341320036,0.230416840,1.200000000,0.018324711
0,3,1784882049.478570223,348,3.480000162,1.348727802,0.231497680,1.200000000,0.018175788
0,3,1784882049.478570223,349,3.490000162,1.356138877,0.232578665,1.200000000,0.018028485
0,3,1784882049.478570223,350,3.500000162,1.363553050,0.233659747,1.200000000,0.017882899
0,3,1784882049.478570223,351,3.510000162,1.370970108,0.234740879,1.200000000,0.017739122
0,3,1784882049.478570223,352,3.520000162,1.378389840,0.235822011,1.200000000,0.017597252
0,3,1784882049.478570223,353,3.530000162,1.385812036,0.236903095,1.200000000,0.017457384
0,3,1784882049.478570223,354,3.540000162,1.393236485,0.237984082,1.200000000,0.017319611
0,3,1784882049.478570223,355,3.550000162,1.400662978,0.239064920,1.200000000,0.017184031
0,3,1784882049.478570223,356,3.560000162,1.408091306,0.240145560,1.200000000,0.017050738
0,3,1784882049.478570223,357,3.570000162,1.415521262,0.241225950,1.200000000,0.016919826
0,3,1784882049.478570223,358,3.580000162,1.422952639,0.242306039,1.200000000,0.016791393
0,3,1784882049.478570223,359,3.590000162,1.430385231,0.243385775,1.200000000,0.016665532
0,3,1784882049.478570223,360,3.600000162,1.437818833,0.244465104,1.200000000,0.016542339
0,3,1784882049.478570223,361,3.610000162,1.445253243,0.245543975,1.200000000,0.016421909
0,3,1784882049.478570223,362,3.620000162,1.452688257,0.246622332,1.200000000,0.016304338
0,3,1784882049.478570223,363,3.630000162,1.460123675,0.247700123,1.200000000,0.016189720
0,3,1784882049.478570223,364,3.640000162,1.467559298,0.248777292,1.200000000,0.016078151
0,3,1784882049.478570223,365,3.650000162,1.474994926,0.249853785,1.200000000,0.015969727
0,3,1784882049.478570223,366,3.660000162,1.482430365,0.250929545,1.200000000,0.015864542
0,3,1784882049.478570223,367,3.670000162,1.489865419,0.252004517,1.200000000,0.015762692
0,3,1784882049.478570223,368,3.680000162,1.497299895,0.253078645,1.200000000,0.015664271
0,3,1784882049.478570223,369,3.690000162,1.504733600,0.254151871,1.200000000,0.015569376
0,3,1784882049.478570223,370,3.700000162,1.512166347,0.255224138,1.200000000,0.015478101
0,3,1784882049.478570223,371,3.710000162,1.519597946,0.256295388,1.200000000,0.015390542
0,3,1784882049.478570223,372,3.720000162,1.527028212,0.257365564,1.200000000,0.015306794
0,3,1784882049.478570223,373,3.730000162,1.534456961,0.258434605,1.200000000,0.015226952
0,3,1784882049.478570223,374,3.740000162,1.541884011,0.259502454,1.200000000,0.015151111
0,3,1784882049.478570223,375,3.750000162,1.549309183,0.260569050,1.200000000,0.015079367
0,3,1784882049.478570223,376,3.760000162,1.556732298,0.261634334,1.200000000,0.015011814
0,3,1784882049.478570223,377,3.770000162,1.564153181,0.262698246,1.200000000,0.014948549
0,3,1784882049.478570223,378,3.780000162,1.571571660,0.263760723,1.200000000,0.014889666
0,3,1784882049.478570223,379,3.790000162,1.578987563,0.264821706,1.200000000,0.014835261
0,3,1784882049.478570223,380,3.800000162,1.586400721,0.265881133,1.200000000,0.014785429
0,3,1784882049.478570223,381,3.810000162,1.593810970,0.266938942,1.200000000,0.014740265
0,3,1784882049.478570223,382,3.820000162,1.601218145,0.267995070,1.200000000,0.014699864
0,3,1784882049.478570223,383,3.830000162,1.608622085,0.269049455,1.200000000,0.014664321
0,3,1784882049.478570223,384,3.840000162,1.616022632,0.270102034,1.200000000,0.014633724
0,3,1784882049.478570223,385,3.850000162,1.623419629,0.271152743,1.200000000,0.014608033
0,3,1784882049.478570223,386,3.860000162,1.630812925,0.272201518,1.200000000,0.014587119
0,3,1784882049.478570223,387,3.870000162,1.638202367,0.273248295,1.200000000,0.014570849
0,3,1784882049.478570223,388,3.880000162,1.645587809,0.274293010,1.200000000,0.014559089
0,3,1784882049.478570223,389,3.890000162,1.652969104,0.275335598,1.200000000,0.014551706
0,3,1784882049.478570223,390,3.900000162,1.660346111,0.276375993,1.200000000,0.014548569
0,3,1784882049.478570223,391,3.910000162,1.667718691,0.277414131,1.200000000,0.014549543
0,3,1784882049.478570223,392,3.920000162,1.675086706,0.278449945,1.200000000,0.014554496
0,3,1784882049.478570223,393,3.930000162,1.682450023,0.279483368,1.200000000,0.014563295
0,3,1784882049.478570223,394,3.940000162,1.689808510,0.280514335,1.200000000,0.014575807
0,3,1784882049.478570223,395,3.950000162,1.697162040,0.281542779,1.200000000,0.014591899
0,3,1784882049.478570223,396,3.960000162,1.704510488,0.282568632,1.200000000,0.014611439
0,3,1784882049.478570223,397,3.970000162,1.711853731,0.283591828,1.200000000,0.014634293
0,3,1784882049.478570223,398,3.980000162,1.719191651,0.284612298,1.200000000,0.014660329
0,3,1784882049.478570223,399,3.990000162,1.726524131,0.285629974,1.200000000,0.014689413
0,3,1784882049.478570223,400,4.000000162,1.733851058,0.286644788,1.200000000,0.014721413
0,3,1784882049.478570223,401,4.010000162,1.741172322,0.287656672,1.200000000,0.014756196
0,3,1784882049.478570223,402,4.020000162,1.748487816,0.288665556,1.200000000,0.014793628
0,3,1784882049.478570223,403,4.030000162,1.755797437,0.289671372,1.200000000,0.014833578
0,3,1784882049.478570223,404,4.040000162,1.763101082,0.290674049,1.200000000,0.014875912
0,3,1784882049.478570223,405,4.050000162,1.770398655,0.291673520,1.200000000,0.014920497
0,3,1784882049.478570223,406,4.060000162,1.777690060,0.292669712,1.200000000,0.014967200
0,3,1784882049.478570223,407,4.070000162,1.784975205,0.293662557,1.200000000,0.015015889
0,3,1784882049.478570223,408,4.080000162,1.792254003,0.294651985,1.200000000,0.015066430
0,3,1784882049.478570223,409,4.090000162,1.799526367,0.295637923,1.200000000,0.015118691
0,3,1784882049.478570223,410,4.100000162,1.806792216,0.296620302,1.200000000,0.015172539
0,3,1784882049.478570223,411,4.110000162,1.814051469,0.297599050,1.200000000,0.015227841
0,3,1784882049.478570223,412,4.120000162,1.821304051,0.298574097,1.200000000,0.015284463
0,3,1784882049.478570223,413,4.130000162,1.828549888,0.299545370,1.200000000,0.015342273
0,3,1784882049.478570223,414,4.140000162,1.835788910,0.300512797,1.200000000,0.015401139
0,3,1784882049.478570223,415,4.150000162,1.843021051,0.301476308,1.200000000,0.015460927
0,3,1784882049.478570223,416,4.160000162,1.850246245,0.302435829,1.200000000,0.015521504
0,3,1784882049.478570223,417,4.170000162,1.857464433,0.303391289,1.200000000,0.015582737
0,3,1784882049.478570223,418,4.180000162,1.864675557,0.304342614,1.200000000,0.015644494
0,3,1784882049.478570223,419,4.190000162,1.871879561,0.305289733,1.200000000,0.015706642
0,3,1784882049.478570223,420,4.200000162,1.879076395,0.306232571,1.200000000,0.015769047
0,3,1784882049.478570223,421,4.210000162,1.886266008,0.307171057,1.200000000,0.015831577
0,3,1784882049.478570223,422,4.220000162,1.893448356,0.308105116,1.200000000,0.015894099
0,3,1784882049.478570223,423,4.230000162,1.900623395,0.309034676,1.200000000,0.015956480
0,3,1784882049.478570223,424,4.240000162,1.907791087,0.309959663,1.200000000,0.016018588
0,3,1784882049.478570223,425,4.250000162,1.914951393,0.310880003,1.200000000,0.016080288
0,3,1784882049.478570223,426,4.260000162,1.922104280,0.311795622,1.200000000,0.016141449
0,3,1784882049.478570223,427,4.270000162,1.929249718,0.312706446,1.200000000,0.016201937
0,3,1784882049.478570223,428,4.280000162,1.936387677,0.313612400,1.200000000,0.016261620
0,3,1784882049.478570223,429,4.290000162,1.943518133,0.314513412,1.200000000,0.016320364
0,3,1784882049.478570223,430,4.300000162,1.950641063,0.315409406,1.200000000,0.016378037
0,3,1784882049.478570223,431,4.310000162,1.957756448,0.316300307,1.200000000,0.016434506
0,3,1784882049.478570223,432,4.320000162,1.964864271,0.317186042,1.200000000,0.016489637
0,3,1784882049.478570223,433,4.330000162,1.971964518,0.318066534,1.200000000,0.016543299
0,3,1784882049.478570223,434,4.340000162,1.979057178,0.318941710,1.200000000,0.016595358
0,3,1784882049.478570223,435,4.350000162,1.986142242,0.319811493,1.200000000,0.016645681
0,3,1784882049.478570223,436,4.360000162,1.993219704,0.320675810,1.200000000,0.016694136
0,3,1784882049.478570223,437,4.370000162,2.000289561,0.321534585,1.200000000,0.016740588
0,3,1784882049.478570223,438,4.380000162,2.007351813,0.322387742,1.200000000,0.016784907
0,3,1784882049.478570223,439,4.390000162,2.014406461,0.323235206,1.200000000,0.016826958
0,3,1784882049.478570223,440,4.400000162,2.021453511,0.324076902,1.200000000,0.016866608
0,3,1784882049.478570223,441,4.410000162,2.028492969,0.324912754,1.200000000,0.016903726
0,3,1784882049.478570223,442,4.420000162,2.035524845,0.325742687,1.200000000,0.016938177
0,3,1784882049.478570223,443,4.430000162,2.042549151,0.326566624,1.200000000,0.016969829
0,3,1784882049.478570223,444,4.440000162,2.049565902,0.327384490,1.200000000,0.016998550
0,3,1784882049.478570223,445,4.450000162,2.056575114,0.328196209,1.200000000,0.017024206
0,3,1784882049.478570223,446,4.460000162,2.063576807,0.329001706,1.200000000,0.017046664
0,3,1784882049.478570223,447,4.470000162,2.070571003,0.329800904,1.200000000,0.017065791
0,3,1784882049.478570223,448,4.480000162,2.077557725,0.330593727,1.200000000,0.017081455
0,3,1784882049.478570223,449,4.490000162,2.084537000,0.331380100,1.200000000,0.017093523
0,3,1784882049.478570223,450,4.500000162,2.091508856,0.332159946,1.200000000,0.017101861
0,3,1784882049.478570223,451,4.510000162,2.098473323,0.332933190,1.200000000,0.017106337
0,3,1784882049.478570223,452,4.520000162,2.105430434,0.333699755,1.200000000,0.017106818
0,3,1784882049.478570223,453,4.530000162,2.112380224,0.334459565,1.200000000,0.017103171
0,3,1784882049.478570223,454,4.540000162,2.119322729,0.335212544,1.200000000,0.017095263
0,3,1784882049.478570223,455,4.550000162,2.126257989,0.335958616,1.200000000,0.017082961
0,3,1784882049.478570223,456,4.560000162,2.133186045,0.336697704,1.200000000,0.017066133
0,3,1784882049.478570223,457,4.570000162,2.140106937,0.337429734,1.200000000,0.017044645
0,3,1784882049.478570223,458,4.580000162,2.147020713,0.338154628,1.200000000,0.017018365
0,3,1784882049.478570223,459,4.590000162,2.153927416,0.338872310,1.200000000,0.016987159
0,3,1784882049.478570223,460,4.600000162,2.160827097,0.339582705,1.200000000,0.016950895
0,3,1784882049.478570223,461,4.610000162,2.167719804,0.340285736,1.200000000,0.016909440
0,3,1784882049.478570223,462,4.620000162,2.174605590,0.340981328,1.200000000,0.016862660
0,3,1784882049.478570223,463,4.630000162,2.181484507,0.341669403,1.200000000,0.016810424
0,3,1784882049.478570223,464,4.640000162,2.188356610,0.342349887,1.200000000,0.016752597
0,3,1784882049.478570223,465,4.650000162,2.195221956,0.343022703,1.200000000,0.016689048
0,3,1784882049.478570223,466,4.660000162,2.202080603,0.343687776,1.200000000,0.016619644
0,3,1784882049.478570223,467,4.670000162,2.208932609,0.344345029,1.200000000,0.016544250
0,3,1784882049.478570223,468,4.680000162,2.215778036,0.344994387,1.200000000,0.016462736
0,3,1784882049.478570223,469,4.690000162,2.222616947,0.345635774,1.200000000,0.016374966
0,3,1784882049.478570223,470,4.700000162,2.229449403,0.346269114,1.200000000,0.016280810
0,3,1784882049.478570223,471,4.710000162,2.236275470,0.346894331,1.200000000,0.016180133
0,3,1784882049.478570223,472,4.720000162,2.243095215,0.347511351,1.200000000,0.016072803
0,3,1784882049.478570223,473,4.730000162,2.249908703,0.348120098,1.200000000,0.015958688
0,3,1784882049.478570223,474,4.740000162,2.256716004,0.348720496,1.200000000,0.015837653
0,3,1784882049.478570223,475,4.750000162,2.263517187,0.349312470,1.200000000,0.015709566
0,3,1784882049.478570223,476,4.760000162,2.270312322,0.349895944,1.200000000,0.015574295
0,3,1784882049.478570223,477,4.770000162,2.277101480,0.350470845,1.200000000,0.015431706
0,3,1784882049.478570223,478,4.780000162,2.283884734,0.351037096,1.200000000,0.015281667
0,3,1784882049.478570223,479,4.790000162,2.290662157,0.351594623,1.200000000,0.015124045
0,3,1784882049.478570223,480,4.800000162,2.297433823,0.352143350,1.200000000,0.014958706
0,3,1784882049.478570223,481,4.810000162,2.304199807,0.352683204,1.200000000,0.014785518
0,3,1784882049.478570223,482,4.820000162,2.310960184,0.353214110,1.200000000,0.014604347
0,3,1784882049.478570223,483,4.830000162,2.317715030,0.353735993,1.200000000,0.014415062
0,3,1784882049.478570223,484,4.840000162,2.324464423,0.354248779,1.200000000,0.014217529
0,3,1784882049.478570223,485,4.850000162,2.331208439,0.354752393,1.200000000,0.014011615
0,3,1784882049.478570223,486,4.860000162,2.337947158,0.355246762,1.200000000,0.013797188
0,3,1784882049.478570223,487,4.870000162,2.344680656,0.355731812,1.200000000,0.013574113
0,3,1784882049.478570223,488,4.880000162,2.351409014,0.356207469,1.200000000,0.013342260
0,3,1784882049.478570223,489,4.890000162,2.358132310,0.356673660,1.200000000,0.013101494
0,3,1784882049.478570223,490,4.900000162,2.364850625,0.357130310,1.200000000,0.012851682
0,3,1784882049.478570223,491,4.910000162,2.371564037,0.357577347,1.200000000,0.012592693
0,3,1784882049.478570223,492,4.920000162,2.378272628,0.358014698,1.200000000,0.012324392
0,3,1784882049.478570223,493,4.930000162,2.384976477,0.358442289,1.200000000,0.012046647
0,3,1784882049.478570223,494,4.940000162,2.391675666,0.358860048,1.200000000,0.011759326
0,3,1784882049.478570223,495,4.950000162,2.398370274,0.359267902,1.200000000,0.011462295
0,3,1784882049.478570223,496,4.960000162,2.405060384,0.359665778,1.200000000,0.011155421
0,3,1784882049.478570223,497,4.970000162,2.411746074,0.360053606,1.200000000,0.010838571
0,3,1784882049.478570223,498,4.980000162,2.418427427,0.360431311,1.200000000,0.010511613
0,3,1784882049.478570223,499,4.990000162,2.425104522,0.360798824,1.200000000,0.010174413
0,3,1784882049.478570223,500,5.000000162,2.431777441,0.361156071,1.200000000,0.009826840
0,3,1784882049.478570223,501,5.010000162,2.438446263,0.361502982,1.200000000,0.009468759
0,3,1784882049.478570223,502,5.020000162,2.445111068,0.361839485,1.200000000,0.009100037
0,3,1784882049.478570223,503,5.030000162,2.451771937,0.362165509,1.200000000,0.008720543
0,3,1784882049.478570223,504,5.040000162,2.458428949,0.362480984,1.200000000,0.008330143
0,3,1784882049.478570223,505,5.050000162,2.465082183,0.362785839,1.200000000,0.007928705
0,3,1784882049.478570223,506,5.060000162,2.471731718,0.363080003,1.200000000,0.007516094
0,3,1784882049.478570223,507,5.070000162,2.478377632,0.363363407,1.200000000,0.007092179
0,3,1784882049.478570223,508,5.080000162,2.485020003,0.363635980,1.200000000,0.006656826
0,3,1784882049.478570223,509,5.090000162,2.491658909,0.363897653,1.200000000,0.006209903
0,3,1784882049.478570223,510,5.100000162,2.498294425,0.364148357,1.200000000,0.005751277
0,3,1784882049.478570223,511,5.110000162,2.504926629,0.364388022,1.200000000,0.005280815
0,3,1784882049.478570223,512,5.120000162,2.511555596,0.364616579,1.200000000,0.004798383
0,3,1784882049.478570223,513,5.130000162,2.518181400,0.364833961,1.200000000,0.004303850
0,3,1784882049.478570223,514,5.140000162,2.524804117,0.365040098,1.200000000,0.003797081
0,3,1784882049.478570223,515,5.150000162,2.531423818,0.365234923,1.200000000,0.003277945
0,3,1784882049.478570223,516,5.160000162,2.538040577,0.365418367,1.200000000,0.002746308
0,3,1784882049.478570223,517,5.170000162,2.544654465,0.365590363,1.200000000,0.002202037
0,3,1784882049.478570223,518,5.180000162,2.551265553,0.365750845,1.200000000,0.001645000
0,3,1784882049.478570223,519,5.190000162,2.557873911,0.365899744,1.200000000,0.001075064
0,3,1784882049.478570223,520,5.200000162,2.564479608,0.366036995,1.200000000,0.000492095
0,3,1784882049.478570223,521,5.210000162,2.571082712,0.366162530,1.200000000,-0.000104039
0,3,1784882049.478570223,522,5.220000162,2.577683290,0.366276285,1.200000000,-0.000713471
0,3,1784882049.478570223,523,5.230000162,2.584281407,0.366378193,1.200000000,-0.001336334
0,3,1784882049.478570223,524,5.240000162,2.590877129,0.366468188,1.200000000,-0.001972761
0,3,1784882049.478570223,525,5.250000162,2.597470519,0.366546206,1.200000000,-0.002622885
0,3,1784882049.478570223,526,5.260000162,2.604061640,0.366612181,1.200000000,-0.003286838
0,3,1784882049.478570223,527,5.270000162,2.610650553,0.366666050,1.200000000,-0.003964754
0,3,1784882049.478570223,528,5.280000162,2.617237319,0.366707748,1.200000000,-0.004656766
0,3,1784882049.478570223,529,5.290000162,2.623821995,0.366737212,1.200000000,-0.005363005
0,3,1784882049.478570223,530,5.300000162,2.630404641,0.366754377,1.200000000,-0.006083607
0,3,1784882049.478570223,531,5.310000162,2.636985312,0.366759181,1.200000000,-0.006818702
0,3,1784882049.478570223,532,5.320000162,2.643564063,0.366751560,1.200000000,-0.007568425
0,3,1784882049.478570223,533,5.330000162,2.650140949,0.366731453,1.200000000,-0.008332864
0,3,1784882049.478570223,534,5.340000162,2.656716021,0.366698798,1.200000000,-0.009111966
0,3,1784882049.478570223,535,5.350000162,2.663289330,0.366653532,1.200000000,-0.009905643
0,3,1784882049.478570223,536,5.360000162,2.669860927,0.366595595,1.200000000,-0.010713811
0,3,1784882049.478570223,537,5.370000162,2.676430860,0.366524924,1.200000000,-0.011536383
0,3,1784882049.478570223,538,5.380000162,2.682999174,0.366441461,1.200000000,-0.012373274
0,3,1784882049.478570223,539,5.390000162,2.689565916,0.366345144,1.200000000,-0.013224398
0,3,1784882049.478570223,540,5.400000162,2.696131129,0.366235913,1.200000000,-0.014089669
0,3,1784882049.478570223,541,5.410000162,2.702694856,0.366113710,1.200000000,-0.014969001
0,3,1784882049.478570223,542,5.420000162,2.709257138,0.365978475,1.200000000,-0.015862308
0,3,1784882049.478570223,543,5.430000162,2.715818013,0.365830149,1.200000000,-0.016769506
0,3,1784882049.478570223,544,5.440000162,2.722377519,0.365668674,1.200000000,-0.017690507
0,3,1784882049.478570223,545,5.450000162,2.728935694,0.365493993,1.200000000,-0.018625226
0,3,1784882049.478570223,546,5.460000162,2.735492570,0.365306047,1.200000000,-0.019573578
0,3,1784882049.478570223,547,5.470000162,2.742048183,0.365104781,1.200000000,-0.020535475
0,3,1784882049.478570223,548,5.480000162,2.748602562,0.364890137,1.200000000,-0.021510834
0,3,1784882049.478570223,549,5.490000162,2.755155738,0.364662058,1.200000000,-0.022499568
0,3,1784882049.478570223,550,5.500000162,2.761707739,0.364420490,1.200000000,-0.023501590
0,3,1784882049.478570223,551,5.510000162,2.768258593,0.364165377,1.200000000,-0.024516816
0,3,1784882049.478570223,552,5.520000162,2.774808323,0.363896664,1.200000000,-0.025545159
0,3,1784882049.478570223,553,5.530000162,2.781356954,0.363614297,1.200000000,-0.026586534
0,3,1784882049.478570223,554,5.540000162,2.787904508,0.363318222,1.200000000,-0.027640855
0,3,1784882049.478570223,555,5.550000162,2.794451004,0.363008384,1.200000000,-0.028708036
0,3,1784882049.478570223,556,5.560000162,2.800996461,0.362684732,1.200000000,-0.029787992
0,3,1784882049.478570223,557,5.570000162,2.807540896,0.362347212,1.200000000,-0.030880635
0,3,1784882049.478570223,558,5.580000162,2.814084326,0.361995772,1.200000000,-0.031985882
0,3,1784882049.478570223,559,5.590000162,2.820626762,0.361630362,1.200000000,-0.033103645
0,3,1784882049.478570223,560,5.600000162,2.827168218,0.361250928,1.200000000,-0.034233839
0,3,1784882049.478570223,561,5.610000162,2.833708703,0.360857421,1.200000000,-0.035376379
0,3,1784882049.478570223,562,5.620000162,2.840248227,0.360449791,1.200000000,-0.036531178
0,3,1784882049.478570223,563,5.630000162,2.846786797,0.360027987,1.200000000,-0.037698151
0,3,1784882049.478570223,564,5.640000162,2.853324418,0.359591961,1.200000000,-0.038877212
0,3,1784882049.478570223,565,5.650000162,2.859861094,0.359141663,1.200000000,-0.040068275
0,3,1784882049.478570223,566,5.660000162,2.866396828,0.358677046,1.200000000,-0.041271254
0,3,1784882049.478570223,567,5.670000162,2.872931620,0.358198061,1.200000000,-0.042486063
0,3,1784882049.478570223,568,5.680000162,2.879465469,0.357704662,1.200000000,-0.043712618
0,3,1784882049.478570223,569,5.690000162,2.885998373,0.357196801,1.200000000,-0.044950831
0,3,1784882049.478570223,570,5.700000162,2.892530327,0.356674433,1.200000000,-0.046200617
0,3,1784882049.478570223,571,5.710000162,2.899061327,0.356137511,1.200000000,-0.047461891
0,3,1784882049.478570223,572,5.720000162,2.905591363,0.355585991,1.200000000,-0.048734566
0,3,1784882049.478570223,573,5.730000162,2.912120429,0.355019828,1.200000000,-0.050018556
0,3,1784882049.478570223,574,5.740000162,2.918648513,0.354438978,1.200000000,-0.051313777
0,3,1784882049.478570223,575,5.750000162,2.925175603,0.353843397,1.200000000,-0.052620142
0,3,1784882049.478570223,576,5.760000162,2.931701685,0.353233042,1.200000000,-0.053937565
0,3,1784882049.478570223,577,5.770000162,2.938226746,0.352607872,1.200000000,-0.055265960
0,3,1784882049.478570223,578,5.780000162,2.944750767,0.351967842,1.200000000,-0.056605242
0,3,1784882049.478570223,579,5.790000162,2.951273732,0.351312914,1.200000000,-0.057955325
0,3,1784882049.478570223,580,5.800000162,2.957795619,0.350643045,1.200000000,-0.059316124
0,3,1784882049.478570223,581,5.810000162,2.964316409,0.349958196,1.200000000,-0.060687551
0,3,1784882049.478570223,582,5.820000162,2.970836079,0.349258326,1.200000000,-0.062069522
0,3,1784882049.478570223,583,5.830000162,2.977354605,0.348543398,1.200000000,-0.063461951
0,3,1784882049.478570223,584,5.840000162,2.983871961,0.347813371,1.200000000,-0.064864751
0,3,1784882049.478570223,585,5.850000162,2.990388121,0.347068209,1.200000000,-0.066277838
0,3,1784882049.478570223,586,5.860000162,2.996903056,0.346307873,1.200000000,-0.067701125
0,3,1784882049.478570223,587,5.870000162,3.003416736,0.345532328,1.200000000,-0.069134527
0,3,1784882049.478570223,588,5.880000162,3.009929132,0.344741537,1.200000000,-0.070577957
0,3,1784882049.478570223,589,5.890000162,3.016440210,0.343935465,1.200000000,-0.072031330
0,3,1784882049.478570223,590,5.900000162,3.022949936,0.343114075,1.200000000,-0.073494560
0,3,1784882049.478570223,591,5.910000162,3.029458276,0.342277335,1.200000000,-0.074967562
0,3,1784882049.478570223,592,5.920000162,3.035965194,0.341425211,1.200000000,-0.076450249
0,3,1784882049.478570223,593,5.930000162,3.042470651,0.340557668,1.200000000,-0.077942535
0,3,1784882049.478570223,594,5.940000162,3.048974610,0.339674676,1.200000000,-0.079444336
0,3,1784882049.478570223,595,5.950000162,3.055477029,0.338776201,1.200000000,-0.080955565
0,3,1784882049.478570223,596,5.960000162,3.061977869,0.337862213,1.200000000,-0.082476136
0,3,1784882049.478570223,597,5.970000162,3.068477085,0.336932680,1.200000000,-0.084005963
0,3,1784882049.478570223,598,5.980000162,3.074974635,0.335987574,1.200000000,-0.085544961
0,3,1784882049.478570223,599,5.990000162,3.081470474,0.335026864,1.200000000,-0.087093045
0,3,1784882049.478570223,600,6.000000162,3.087964556,0.334050522,1.200000000,-0.088650127
0,3,1784882049.478570223,601,6.010000162,3.094456834,0.333058519,1.200000000,-0.090216123
0,3,1784882049.478570223,602,6.020000162,3.100947260,0.332050829,1.200000000,-0.091790946
0,3,1784882049.478570223,603,6.030000162,3.107435784,0.331027424,1.200000000,-0.093374510
0,3,1784882049.478570223,604,6.040000162,3.113922357,0.329988279,1.200000000,-0.094966731
0,3,1784882049.478570223,605,6.050000162,3.120406927,0.328933367,1.200000000,-0.096567522
0,3,1784882049.478570223,606,6.060000162,3.126889442,0.327862664,1.200000000,-0.098176797
0,3,1784882049.478570223,607,6.070000162,3.133369849,0.326776146,1.200000000,-0.099794471
0,3,1784882049.478570223,608,6.080000162,3.139848095,0.325673790,1.200000000,-0.101420457
0,3,1784882049.478570223,609,6.090000162,3.146324123,0.324555571,1.200000000,-0.103054670
0,3,1784882049.478570223,610,6.100000162,3.152797878,0.323421469,1.200000000,-0.104697025
0,3,1784882049.478570223,611,6.110000162,3.159269303,0.322271462,1.200000000,-0.106347435
0,3,1784882049.478570223,612,6.120000162,3.165738342,0.321105529,1.200000000,-0.108005814
0,3,1784882049.478570223,613,6.130000162,3.172204934,0.319923650,1.200000000,-0.109672077
0,3,1784882049.478570223,614,6.140000162,3.178669022,0.318725805,1.200000000,-0.111346138
0,3,1784882049.478570223,615,6.150000162,3.185130545,0.317511976,1.200000000,-0.113027911
0,3,1784882049.478570223,616,6.160000162,3.191589444,0.316282145,1.200000000,-0.114717310
0,3,1784882049.478570223,617,6.170000162,3.198045655,0.315036294,1.200000000,-0.116414250
0,3,1784882049.478570223,618,6.180000162,3.204499118,0.313774407,1.200000000,-0.118118644
0,3,1784882049.478570223,619,6.190000162,3.210949770,0.312496468,1.200000000,-0.119830408
0,3,1784882049.478570223,620,6.200000162,3.217397547,0.311202461,1.200000000,-0.121549454
0,3,1784882049.478570223,621,6.210000162,3.223842387,0.309892372,1.200000000,-0.123275698
0,3,1784882049.478570223,622,6.220000162,3.230284223,0.308566188,1.200000000,-0.125009054
0,3,1784882049.478570223,623,6.230000162,3.236722992,0.307223894,1.200000000,-0.126749435
0,3,1784882049.478570223,624,6.240000162,3.243158628,0.305865479,1.200000000,-0.128496756
0,3,1784882049.478570223,625,6.250000162,3.249591066,0.304490932,1.200000000,-0.130250931
0,3,1784882049.478570223,626,6.260000162,3.256020238,0.303100240,1.200000000,-0.132011875
0,3,1784882049.478570223,627,6.270000162,3.262446078,0.301693394,1.200000000,-0.133779501
0,3,1784882049.478570223,628,6.280000162,3.268868519,0.300270385,1.200000000,-0.135553724
0,3,1784882049.478570223,629,6.290000162,3.275287494,0.298831203,1.200000000,-0.137334458
0,3,1784882049.478570223,630,6.300000162,3.281702934,0.297375841,1.200000000,-0.139121617
0,3,1784882049.478570223,631,6.310000162,3.288114772,0.295904291,1.200000000,-0.140915115
0,3,1784882049.478570223,632,6.320000162,3.294522939,0.294416547,1.200000000,-0.142714866
0,3,1784882049.478570223,633,6.330000162,3.300927366,0.292912603,1.200000000,-0.144520786
0,3,1784882049.478570223,634,6.340000162,3.307327985,0.291392454,1.200000000,-0.146332787
0,3,1784882049.478570223,635,6.350000162,3.313724727,0.289856095,1.200000000,-0.148150785
0,3,1784882049.478570223,636,6.360000162,3.320117523,0.288303523,1.200000000,-0.149974693
0,3,1784882049.478570223,637,6.370000162,3.326506302,0.286734736,1.200000000,-0.151804425
0,3,1784882049.478570223,638,6.380000162,3.332890997,0.285149730,1.200000000,-0.153639896
0,3,1784882049.478570223,639,6.390000162,3.339271537,0.283548505,1.200000000,-0.155481020
0,3,1784882049.478570223,640,6.400000162,3.345647853,0.281931061,1.200000000,-0.157327712
0,3,1784882049.478570223,641,6.410000162,3.352019875,0.280297397,1.200000000,-0.159179884
0,3,1784882049.478570223,642,6.420000162,3.358387535,0.278647514,1.200000000,-0.161037452
0,3,1784882049.478570223,643,6.430000162,3.364750762,0.276981414,1.200000000,-0.162900330
0,3,1784882049.478570223,644,6.440000162,3.371109487,0.275299100,1.200000000,-0.164768432
0,3,1784882049.478570223,645,6.450000162,3.377463642,0.273600574,1.200000000,-0.166641672
0,3,1784882049.478570223,646,6.460000162,3.383813156,0.271885842,1.200000000,-0.168519964
0,3,1784882049.478570223,647,6.470000162,3.390157962,0.270154907,1.200000000,-0.170403223
0,3,1784882049.478570223,648,6.480000162,3.396497991,0.268407775,1.200000000,-0.172291362
0,3,1784882049.478570223,649,6.490000162,3.402833173,0.266644453,1.200000000,-0.174184297
0,3,1784882049.478570223,650,6.500000162,3.409163441,0.264864947,1.200000000,-0.176081941
0,3,1784882049.478570223,651,6.510000162,3.415488728,0.263069266,1.200000000,-0.177984208
0,3,1784882049.478570223,652,6.520000162,3.421808964,0.261257418,1.200000000,-0.179891012
0,3,1784882049.478570223,653,6.530000162,3.428124084,0.259429412,1.200000000,-0.181802268
0,3,1784882049.478570223,654,6.540000162,3.434434020,0.257585260,1.200000000,-0.183717891
0,3,1784882049.478570223,655,6.550000162,3.440738706,0.255724971,1.200000000,-0.185637793
0,3,1784882049.478570223,656,6.560000162,3.447038076,0.253848558,1.200000000,-0.187561890
0,3,1784882049.478570223,657,6.570000162,3.453332064,0.251956033,1.200000000,-0.189490095
0,3,1784882049.478570223,658,6.580000162,3.459620605,0.250047409,1.200000000,-0.191422323
0,3,1784882049.478570223,659,6.590000162,3.465903635,0.248122701,1.200000000,-0.193358488
0,3,1784882049.478570223,660,6.600000162,3.472181089,0.246181924,1.200000000,-0.195298504
0,3,1784882049.478570223,661,6.610000162,3.478452904,0.244225094,1.200000000,-0.197242285
0,3,1784882049.478570223,662,6.620000162,3.484719017,0.242252226,1.200000000,-0.199189746
0,3,1784882049.478570223,663,6.630000162,3.490979366,0.240263338,1.200000000,-0.201140801
0,3,1784882049.478570223,664,6.640000162,3.497233890,0.238258449,1.200000000,-0.203095364
0,3,1784882049.478570223,665,6.650000162,3.503482526,0.236237577,1.200000000,-0.205053349
0,3,1784882049.478570223,666,6.660000162,3.509725216,0.234200741,1.200000000,-0.207014670
0,3,1784882049.478570223,667,6.670000162,3.515961899,0.232147963,1.200000000,-0.208979242
0,3,1784882049.478570223,668,6.680000162,3.522192516,0.230079264,1.200000000,-0.210946978
0,3,1784882049.478570223,669,6.690000162,3.528417011,0.227994666,1.200000000,-0.212917794
0,3,1784882049.478570223,670,6.700000162,3.534635325,0.225894190,1.200000000,-0.214891602
0,3,1784882049.478570223,671,6.710000162,3.540847402,0.223777863,1.200000000,-0.216868318
0,3,1784882049.478570223,672,6.720000162,3.547053186,0.221645706,1.200000000,-0.218847856
0,3,1784882049.478570223,673,6.730000162,3.553252624,0.219497747,1.200000000,-0.220830129
0,3,1784882049.478570223,674,6.740000162,3.559445660,0.217334011,1.200000000,-0.222815052
0,3,1784882049.478570223,675,6.750000162,3.565632243,0.215154525,1.200000000,-0.224802540
0,3,1784882049.478570223,676,6.760000162,3.571812320,0.212959316,1.200000000,-0.226792506
0,3,1784882049.478570223,677,6.770000162,3.577985840,0.210748413,1.200000000,-0.228784864
0,3,1784882049.478570223,678,6.780000162,3.584152753,0.208521845,1.200000000,-0.230779529
0,3,1784882049.478570223,679,6.790000162,3.590313011,0.206279642,1.200000000,-0.232776415
0,3,1784882049.478570223,680,6.800000162,3.596466565,0.204021836,1.200000000,-0.234775436
0,3,1784882049.478570223,681,6.810000162,3.602613369,0.201748457,1.200000000,-0.236776507
0,3,1784882049.478570223,682,6.820000162,3.608753376,0.199459538,1.200000000,-0.238779541
0,3,1784882049.478570223,683,6.830000162,3.614886542,0.197155113,1.200000000,-0.240784453
0,3,1784882049.478570223,684,6.840000162,3.621012823,0.194835215,1.200000000,-0.242791157
0,3,1784882049.478570223,685,6.850000162,3.627132177,0.192499879,1.200000000,-0.244799567
0,3,1784882049.478570223,686,6.860000162,3.633244561,0.190149141,1.200000000,-0.246809598
0,3,1784882049.478570223,687,6.870000162,3.639349937,0.187783037,1.200000000,-0.248821163
0,3,1784882049.478570223,688,6.880000162,3.645448265,0.185401604,1.200000000,-0.250834176
0,3,1784882049.478570223,689,6.890000162,3.651539506,0.183004881,1.200000000,-0.252848553
0,3,1784882049.478570223,690,6.900000162,3.657623625,0.180592906,1.200000000,-0.254864207
0,3,1784882049.478570223,691,6.910000162,3.663700585,0.178165719,1.200000000,-0.256881052
0,3,1784882049.478570223,692,6.920000162,3.669770354,0.175723360,1.200000000,-0.258899003
0,3,1784882049.478570223,693,6.930000162,3.675832897,0.173265870,1.200000000,-0.260917974
0,3,1784882049.478570223,694,6.940000162,3.681888183,0.170793292,1.200000000,-0.262937878
0,3,1784882049.478570223,695,6.950000162,3.687936181,0.168305667,1.200000000,-0.264958631
0,3,1784882049.478570223,696,6.960000162,3.693976863,0.165803040,1.200000000,-0.266980146
0,3,1784882049.478570223,697,6.970000162,3.700010201,0.163285455,1.200000000,-0.269002338
0,3,1784882049.478570223,698,6.980000162,3.706036168,0.160752956,1.200000000,-0.271025120
0,3,1784882049.478570223,699,6.990000162,3.712054740,0.158205591,1.200000000,-0.273048415
0,3,1784882049.478570223,700,7.000000162,3.718065891,0.155643404,1.200000000,-0.275072168
0,3,1784882049.478570223,701,7.010000162,3.724069601,0.153066445,1.200000000,-0.277096331
0,3,1784882049.478570223,702,7.020000162,3.730065847,0.150474760,1.200000000,-0.279120857
0,3,1784882049.478570223,703,7.030000162,3.736054611,0.147868399,1.200000000,-0.281145697
0,3,1784882049.478570223,704,7.040000162,3.742035873,0.145247412,1.200000000,-0.283170804
0,3,1784882049.478570223,705,7.050000162,3.748009617,0.142611849,1.200000000,-0.285196129
0,3,1784882049.478570223,706,7.060000162,3.753975827,0.139961761,1.200000000,-0.287221625
0,3,1784882049.478570223,707,7.070000162,3.759934490,0.137297201,1.200000000,-0.289247243
0,3,1784882049.478570223,708,7.080000162,3.765885592,0.134618222,1.200000000,-0.291272936
0,3,1784882049.478570223,709,7.090000162,3.771829122,0.131924876,1.200000000,-0.293298656
0,3,1784882049.478570223,710,7.100000162,3.777765071,0.129217218,1.200000000,-0.295324354
0,3,1784882049.478570223,711,7.110000162,3.783693429,0.126495304,1.200000000,-0.297349983
0,3,1784882049.478570223,712,7.120000162,3.789614190,0.123759189,1.200000000,-0.299375495
0,3,1784882049.478570223,713,7.130000162,3.795527349,0.121008930,1.200000000,-0.301400841
0,3,1784882049.478570223,714,7.140000162,3.801432900,0.118244584,1.200000000,-0.303425974
0,3,1784882049.478570223,715,7.150000162,3.807330842,0.115466209,1.200000000,-0.305450846
0,3,1784882049.478570223,716,7.160000162,3.813221173,0.112673864,1.200000000,-0.307475409
0,3,1784882049.478570223,717,7.170000162,3.819103893,0.109867608,1.200000000,-0.309499614
0,3,1784882049.478570223,718,7.180000162,3.824979003,0.107047503,1.200000000,-0.311523414
0,3,1784882049.478570223,719,7.190000162,3.830846508,0.104213608,1.200000000,-0.313546762
0,3,1784882049.478570223,720,7.200000162,3.836706410,0.101365986,1.200000000,-0.315569608
0,3,1784882049.478570223,721,7.210000162,3.842558717,0.098504700,1.200000000,-0.317591905
0,3,1784882049.478570223,722,7.220000162,3.848403435,0.095629812,1.200000000,-0.319613605
0,3,1784882049.478570223,723,7.230000162,3.854240574,0.092741387,1.200000000,-0.321634660
0,3,1784882049.478570223,724,7.240000162,3.860070143,0.089839488,1.200000000,-0.323655022
0,3,1784882049.478570223,725,7.250000162,3.865892155,0.086924183,1.200000000,-0.325674643
0,3,1784882049.478570223,726,7.260000162,3.871706621,0.083995536,1.200000000,-0.327693475
0,3,1784882049.478570223,727,7.270000162,3.877513558,0.081053614,1.200000000,-0.329711470
0,3,1784882049.478570223,728,7.280000162,3.883312980,0.078098486,1.200000000,-0.331728580
0,3,1784882049.478570223,729,7.290000162,3.889104906,0.075130219,1.200000000,-0.333744758
0,3,1784882049.478570223,730,7.300000162,3.894889353,0.072148882,1.200000000,-0.335759954
0,3,1784882049.478570223,731,7.310000162,3.900666342,0.069154545,1.200000000,-0.337774122
0,3,1784882049.478570223,732,7.320000162,3.906435895,0.066147278,1.200000000,-0.339787213
0,3,1784882049.478570223,733,7.330000162,3.912198035,0.063127153,1.200000000,-0.341799179
0,3,1784882049.478570223,734,7.340000162,3.917952786,0.060094240,1.200000000,-0.343809972
0,3,1784882049.478570223,735,7.350000162,3.923700173,0.057048613,1.200000000,-0.345819545
0,3,1784882049.478570223,736,7.360000162,3.929440224,0.053990344,1.200000000,-0.347827849
0,3,1784882049.478570223,737,7.370000162,3.935172968,0.050919507,1.200000000,-0.349834836
0,3,1784882049.478570223,738,7.380000162,3.940898434,0.047836177,1.200000000,-0.351840459
0,3,1784882049.478570223,739,7.390000162,3.946616653,0.044740428,1.200000000,-0.353844669
0,3,1784882049.478570223,740,7.400000162,3.952327658,0.041632337,1.200000000,-0.355847418
0,3,1784882049.478570223,741,7.410000162,3.958031484,0.038511979,1.200000000,-0.357848659
0,3,1784882049.478570223,742,7.420000162,3.963728164,0.035379432,1.200000000,-0.359848343
0,3,1784882049.478570223,743,7.430000162,3.969417735,0.032234774,1.200000000,-0.361846423
0,3,1784882049.478570223,744,7.440000162,3.975100236,0.029078082,1.200000000,-0.363842850
0,3,1784882049.478570223,745,7.450000162,3.980775706,0.025909436,1.200000000,-0.365837577
0,3,1784882049.478570223,746,7.460000162,3.986444184,0.022728915,1.200000000,-0.367830556
0,3,1784882049.478570223,747,7.470000162,3.992105713,0.019536600,1.200000000,-0.369821738
0,3,1784882049.478570223,748,7.480000162,3.997760335,0.016332572,1.200000000,-0.371811075
0,3,1784882049.478570223,749,7.490000162,4.003408094,0.013116911,1.200000000,-0.373798521
0,3,1784882049.478570223,750,7.500000162,4.009049037,0.009889701,1.200000000,-0.375784025
0,3,1784882049.478570223,751,7.510000162,4.014683208,0.006651023,1.200000000,-0.377767542
0,3,1784882049.478570223,752,7.520000162,4.020310658,0.003400962,1.200000000,-0.379749022
0,3,1784882049.478570223,753,7.530000162,4.025931433,0.000139600,1.200000000,-0.381728418
0,3,1784882049.478570223,754,7.540000162,4.031545584,-0.003132976,1.200000000,-0.383705682
0,3,1784882049.478570223,755,7.550000162,4.037153164,-0.006416683,1.200000000,-0.385680766
0,3,1784882049.478570223,756,7.560000162,4.042754223,-0.009711435,1.200000000,-0.387653621
0,3,1784882049.478570223,757,7.570000162,4.048348817,-0.013017144,1.200000000,-0.389624200
0,3,1784882049.478570223,758,7.580000162,4.053936998,-0.016333725,1.200000000,-0.391592455
0,3,1784882049.478570223,759,7.590000162,4.059518825,-0.019661090,1.200000000,-0.393558338
0,3,1784882049.478570223,760,7.600000162,4.065094352,-0.022999150,1.200000000,-0.395521801
0,3,1784882049.478570223,761,7.610000162,4.070663638,-0.026347818,1.200000000,-0.397482796
0,3,1784882049.478570223,762,7.620000162,4.076226743,-0.029707004,1.200000000,-0.399441275
0,3,1784882049.478570223,763,7.630000162,4.081783726,-0.033076617,1.200000000,-0.401397189
0,3,1784882049.478570223,764,7.640000162,4.087334648,-0.036456569,1.200000000,-0.403350492
0,3,1784882049.478570223,765,7.650000162,4.092879572,-0.039846768,1.200000000,-0.405301135
0,3,1784882049.478570223,766,7.660000162,4.098418561,-0.043247123,1.200000000,-0.407249070
0,3,1784882049.478570223,767,7.670000162,4.103951678,-0.046657542,1.200000000,-0.409194249
0,3,1784882049.478570223,768,7.680000162,4.109478988,-0.050077932,1.200000000,-0.411136624
0,3,1784882049.478570223,769,7.690000162,4.115000558,-0.053508201,1.200000000,-0.413076147
0,3,1784882049.478570223,770,7.700000162,4.120516455,-0.056948254,1.200000000,-0.415012770
0,3,1784882049.478570223,771,7.710000162,4.126026745,-0.060397999,1.200000000,-0.416946446
0,3,1784882049.478570223,772,7.720000162,4.131531499,-0.063857341,1.200000000,-0.418877126
0,3,1784882049.478570223,773,7.730000162,4.137030784,-0.067326183,1.200000000,-0.420804762
0,3,1784882049.478570223,774,7.740000162,4.142524673,-0.070804432,1.200000000,-0.422729306
0,3,1784882049.478570223,775,7.750000162,4.148013235,-0.074291991,1.200000000,-0.424650710
0,3,1784882049.478570223,776,7.760000162,4.153496542,-0.077788763,1.200000000,-0.426568927
0,3,1784882049.478570223,777,7.770000162,4.158974668,-0.081294652,1.200000000,-0.428483909
0,3,1784882049.478570223,778,7.780000162,4.164447686,-0.084809560,1.200000000,-0.430395606
0,3,1784882049.478570223,779,7.790000162,4.169915670,-0.088333389,1.200000000,-0.432303972
0,3,1784882049.478570223,780,7.800000162,4.175378695,-0.091866041,1.200000000,-0.434208959
0,3,1784882049.478570223,781,7.810000162,4.180836837,-0.095407417,1.200000000,-0.436110517
0,3,1784882049.478570223,782,7.820000162,4.186290171,-0.098957417,1.200000000,-0.438008601
0,3,1784882049.478570223,783,7.830000162,4.191738776,-0.102515942,1.200000000,-0.439903160
0,3,1784882049.478570223,784,7.840000162,4.197182729,-0.106082892,1.200000000,-0.441794149
0,3,1784882049.478570223,785,7.850000162,4.202622108,-0.109658166,1.200000000,-0.443681518
0,3,1784882049.478570223,786,7.860000162,4.208056991,-0.113241663,1.200000000,-0.445565219
0,3,1784882049.478570223,787,7.870000162,4.213487459,-0.116833281,1.200000000,-0.447445205
0,3,1784882049.478570223,788,7.880000162,4.218913591,-0.120432918,1.200000000,-0.449321428
0,3,1784882049.478570223,789,7.890000162,4.224335467,-0.124040473,1.200000000,-0.451193839
0,3,1784882049.478570223,790,7.900000162,4.229753170,-0.127655842,1.200000000,-0.453062391
0,3,1784882049.478570223,791,7.910000162,4.235166780,-0.131278922,1.200000000,-0.454927036
0,3,1784882049.478570223,792,7.920000162,4.240576379,-0.134909610,1.200000000,-0.456787725
0,3,1784882049.478570223,793,7.930000162,4.245982050,-0.138547801,1.200000000,-0.458644411
0,3,1784882049.478570223,794,7.940000162,4.251383876,-0.142193391,1.200000000,-0.460497046
0,3,1784882049.478570223,795,7.950000162,4.256781940,-0.145846276,1.200000000,-0.462345582
0,3,1784882049.478570223,796,7.960000162,4.262176325,-0.149506351,1.200000000,-0.464189970
0,3,1784882049.478570223,797,7.970000162,4.267567116,-0.153173509,1.200000000,-0.466030163
0,3,1784882049.478570223,798,7.980000162,4.272954397,-0.156847646,1.200000000,-0.467866114
0,3,1784882049.478570223,799,7.990000162,4.278338252,-0.160528654,1.200000000,-0.469697773
0,3,1784882049.478570223,800,8.000000162,4.283718767,-0.164216427,1.200000000,-0.471525093
0,3,1784882049.478570223,801,8.010000162,4.289096027,-0.167910859,1.200000000,-0.473348026
0,3,1784882049.478570223,802,8.020000162,4.294470118,-0.171611842,1.200000000,-0.475166524
0,3,1784882049.478570223,803,8.030000162,4.299841124,-0.175319268,1.200000000,-0.476980539
0,3,1784882049.478570223,804,8.040000162,4.305209133,-0.179033030,1.200000000,-0.478790023
0,3,1784882049.478570223,805,8.050000162,4.310574229,-0.182753019,1.200000000,-0.480594928
0,3,1784882049.478570223,806,8.060000162,4.315936500,-0.186479126,1.200000000,-0.482395206
0,3,1784882049.478570223,807,8.070000162,4.321296031,-0.190211244,1.200000000,-0.484190809
0,3,1784882049.478570223,808,8.080000162,4.326652909,-0.193949262,1.200000000,-0.485981689
0,3,1784882049.478570223,809,8.090000162,4.332007222,-0.197693070,1.200000000,-0.487767799
0,3,1784882049.478570223,810,8.100000162,4.337359054,-0.201442561,1.200000000,-0.489549089
0,3,1784882049.478570223,811,8.110000162,4.342708494,-0.205197622,1.200000000,-0.491325513
0,3,1784882049.478570223,812,8.120000162,4.348055628,-0.208958143,1.200000000,-0.493097022
0,3,1784882049.478570223,813,8.130000162,4.353400542,-0.212724015,1.200000000,-0.494863568
0,3,1784882049.478570223,814,8.140000162,4.358743323,-0.216495126,1.200000000,-0.496625104
0,3,1784882049.478570223,815,8.150000162,4.364084058,-0.220271365,1.200000000,-0.498381581
0,3,1784882049.478570223,816,8.160000162,4.369422834,-0.224052620,1.200000000,-0.500132951
0,3,1784882049.478570223,817,8.170000162,4.374759736,-0.227838779,1.200000000,-0.501879167
0,3,1784882049.478570223,818,8.180000162,4.380094852,-0.231629731,1.200000000,-0.503620180
0,3,1784882049.478570223,819,8.190000162,4.385428267,-0.235425364,1.200000000,-0.505355942
0,3,1784882049.478570223,820,8.200000162,4.390760068,-0.239225564,1.200000000,-0.507086406
0,3,1784882049.478570223,821,8.210000162,4.396090341,-0.243030219,1.200000000,-0.508811523
0,3,1784882049.478570223,822,8.220000162,4.401419171,-0.246839217,1.200000000,-0.510531246
0,3,1784882049.478570223,823,8.230000162,4.406746643,-0.250652443,1.200000000,-0.512245526
0,3,1784882049.478570223,824,8.240000162,4.412072844,-0.254469785,1.200000000,-0.513954316
0,3,1784882049.478570223,825,8.250000162,4.417397857,-0.258291129,1.200000000,-0.515657567
0,3,1784882049.478570223,826,8.260000162,4.422721768,-0.262116361,1.200000000,-0.517355232
0,3,1784882049.478570223,827,8.270000162,4.428044661,-0.265945367,1.200000000,-0.519047262
0,3,1784882049.478570223,828,8.280000162,4.433366620,-0.269778034,1.200000000,-0.520733610
0,3,1784882049.478570223,829,8.290000162,4.438687728,-0.273614245,1.200000000,-0.522414228
0,3,1784882049.478570223,830,8.300000162,4.444008070,-0.277453888,1.200000000,-0.524089067
0,3,1784882049.478570223,831,8.310000162,4.449327727,-0.281296846,1.200000000,-0.525758081
0,3,1784882049.478570223,832,8.320000162,4.454646782,-0.285143006,1.200000000,-0.527421219
0,3,1784882049.478570223,833,8.330000162,4.459965318,-0.288992252,1.200000000,-0.529078436
0,3,1784882049.478570223,834,8.340000162,4.465283415,-0.292844469,1.200000000,-0.530729682
0,3,1784882049.478570223,835,8.350000162,4.470601155,-0.296699540,1.200000000,-0.532374911
0,3,1784882049.478570223,836,8.360000162,4.475918619,-0.300557352,1.200000000,-0.534014073
0,3,1784882049.478570223,837,8.370000162,4.481235886,-0.304417788,1.200000000,-0.535647120
0,3,1784882049.478570223,838,8.380000162,4.486553037,-0.308280731,1.200000000,-0.537274006
0,3,1784882049.478570223,839,8.390000162,4.491870149,-0.312146067,1.200000000,-0.538894682
0,3,1784882049.478570223,840,8.400000162,4.497187302,-0.316013679,1.200000000,-0.540509100
0,3,1784882049.478570223,841,8.410000162,4.502504573,-0.319883450,1.200000000,-0.542117211
0,3,1784882049.478570223,842,8.420000162,4.507822039,-0.323755265,1.200000000,-0.543718969
0,3,1784882049.478570223,843,8.430000162,4.513139777,-0.327629007,1.200000000,-0.545314324
0,3,1784882049.478570223,844,8.440000162,4.518457862,-0.331504558,1.200000000,-0.546903230
0,3,1784882049.478570223,845,8.450000162,4.523776370,-0.335381803,1.200000000,-0.548485637
0,3,1784882049.478570223,846,8.460000162,4.529095375,-0.339260625,1.200000000,-0.550061499
0,3,1784882049.478570223,847,8.470000162,4.534414951,-0.343140906,1.200000000,-0.551630767
0,3,1784882049.478570223,848,8.480000162,4.539735171,-0.347022530,1.200000000,-0.553193393
0,3,1784882049.478570223,849,8.490000162,4.545056106,-0.350905380,1.200000000,-0.554749329
0,3,1784882049.478570223,850,8.500000162,4.550377829,-0.354789338,1.200000000,-0.556298527
0,3,1784882049.478570223,851,8.510000162,4.555700410,-0.358674287,1.200000000,-0.557840940
0,3,1784882049.478570223,852,8.520000162,4.561023919,-0.362560110,1.200000000,-0.559376519
0,3,1784882049.478570223,853,8.530000162,4.566348424,-0.366446690,1.200000000,-0.560905216
0,3,1784882049.478570223,854,8.540000162,4.571673995,-0.370333908,1.200000000,-0.562426983
0,3,1784882049.478570223,855,8.550000162,4.577000697,-0.374221648,1.200000000,-0.563941773
0,3,1784882049.478570223,856,8.560000162,4.582328599,-0.378109793,1.200000000,-0.565449537
0,3,1784882049.478570223,857,8.570000162,4.587657765,-0.381998224,1.200000000,-0.566950227
0,3,1784882049.478570223,858,8.580000162,4.592988259,-0.385886823,1.200000000,-0.568443796
0,3,1784882049.478570223,859,8.590000162,4.598320146,-0.389775474,1.200000000,-0.569930195
0,3,1784882049.478570223,860,8.600000162,4.603653487,-0.393664059,1.200000000,-0.571409376
0,3,1784882049.478570223,861,8.610000162,4.608988346,-0.397552459,1.200000000,-0.572881292
0,3,1784882049.478570223,862,8.620000162,4.614324782,-0.401440557,1.200000000,-0.574345895
0,3,1784882049.478570223,863,8.630000162,4.619662856,-0.405328236,1.200000000,-0.575803136
0,3,1784882049.478570223,864,8.640000162,4.625002626,-0.409215377,1.200000000,-0.577252968
0,3,1784882049.478570223,865,8.650000162,4.630344150,-0.413101864,1.200000000,-0.578695342
0,3,1784882049.478570223,866,8.660000162,4.635687484,-0.416987577,1.200000000,-0.580130210
0,3,1784882049.478570223,867,8.670000162,4.641032685,-0.420872400,1.200000000,-0.581557526
0,3,1784882049.478570223,868,8.680000162,4.646379807,-0.424756215,1.200000000,-0.582977240
0,3,1784882049.478570223,869,8.690000162,4.651728903,-0.428638903,1.200000000,-0.584389304
0,3,1784882049.478570223,870,8.700000162,4.657080026,-0.432520348,1.200000000,-0.585793672
0,3,1784882049.478570223,871,8.710000162,4.662433228,-0.436400431,1.200000000,-0.587190294
0,3,1784882049.478570223,872,8.720000162,4.667788558,-0.440279035,1.200000000,-0.588579122
0,3,1784882049.478570223,873,8.730000162,4.673146066,-0.444156042,1.200000000,-0.589960110
0,3,1784882049.478570223,874,8.740000162,4.678505799,-0.448031335,1.200000000,-0.591333208
0,3,1784882049.478570223,875,8.750000162,4.683867804,-0.451904795,1.200000000,-0.592698369
0,3,1784882049.478570223,876,8.760000162,4.689232128,-0.455776307,1.200000000,-0.594055545
0,3,1784882049.478570223,877,8.770000162,4.694598815,-0.459645751,1.200000000,-0.595404688
0,3,1784882049.478570223,878,8.780000162,4.699967907,-0.463513011,1.200000000,-0.596745750
0,3,1784882049.478570223,879,8.790000162,4.705339448,-0.467377970,1.200000000,-0.598078683
0,3,1784882049.478570223,880,8.800000162,4.710713477,-0.471240509,1.200000000,-0.599403438
0,3,1784882049.478570223,881,8.810000162,4.716090036,-0.475100512,1.200000000,-0.600719969
0,3,1784882049.478570223,882,8.820000162,4.721469162,-0.478957861,1.200000000,-0.602028227
0,3,1784882049.478570223,883,8.830000162,4.726850893,-0.482812440,1.200000000,-0.603328163
0,3,1784882049.478570223,884,8.840000162,4.732235264,-0.486664131,1.200000000,-0.604619731
0,3,1784882049.478570223,885,8.850000162,4.737622311,-0.490512817,1.200000000,-0.605902881
0,3,1784882049.478570223,886,8.860000162,4.743012068,-0.494358382,1.200000000,-0.607177567
0,3,1784882049.478570223,887,8.870000162,4.748404566,-0.498200709,1.200000000,-0.608443740
0,3,1784882049.478570223,888,8.880000162,4.753799837,-0.502039681,1.200000000,-0.609701352
0,3,1784882049.478570223,889,8.890000162,4.759197911,-0.505875181,1.200000000,-0.610950355
0,3,1784882049.478570223,890,8.900000162,4.764598816,-0.509707092,1.200000000,-0.612190702
0,3,1784882049.478570223,891,8.910000162,4.770002580,-0.513535300,1.200000000,-0.613422344
0,3,1784882049.478570223,892,8.920000162,4.775409228,-0.517359686,1.200000000,-0.614645232
0,3,1784882049.478570223,893,8.930000162,4.780818786,-0.521180135,1.200000000,-0.615859321
0,3,1784882049.478570223,894,8.940000162,4.786231277,-0.524996531,1.200000000,-0.617064560
0,3,1784882049.478570223,895,8.950000162,4.791646723,-0.528808757,1.200000000,-0.618260903
0,3,1784882049.478570223,896,8.960000162,4.797065145,-0.532616699,1.200000000,-0.619448301
0,3,1784882049.478570223,897,8.970000162,4.802486563,-0.536420239,1.200000000,-0.620626706
0,3,1784882049.478570223,898,8.980000162,4.807910995,-0.540219263,1.200000000,-0.621796071
0,3,1784882049.478570223,899,8.990000162,4.813338459,-0.544013655,1.200000000,-0.622956348
0,3,1784882049.478570223,900,9.000000162,4.818768969,-0.547803299,1.200000000,-0.624107487
0,3,1784882049.478570223,901,9.010000162,4.824202542,-0.551588080,1.200000000,-0.625249443
0,3,1784882049.478570223,902,9.020000162,4.829639189,-0.555367884,1.200000000,-0.626382165
0,3,1784882049.478570223,903,9.030000162,4.835078923,-0.559142594,1.200000000,-0.627505608
0,3,1784882049.478570223,904,9.040000162,4.840521754,-0.562912097,1.200000000,-0.628619722
0,3,1784882049.478570223,905,9.050000162,4.845967692,-0.566676277,1.200000000,-0.629724459
0,3,1784882049.478570223,906,9.060000162,4.851416745,-0.570435019,1.200000000,-0.630819772
0,3,1784882049.478570223,907,9.070000162,4.856868920,-0.574188210,1.200000000,-0.631905613
0,3,1784882049.478570223,908,9.080000162,4.862324222,-0.577935736,1.200000000,-0.632981933
0,3,1784882049.478570223,909,9.090000162,4.867782656,-0.581677480,1.200000000,-0.634048685
0,3,1784882049.478570223,910,9.100000162,4.873244224,-0.585413331,1.200000000,-0.635105820
0,3,1784882049.478570223,911,9.110000162,4.878708929,-0.589143174,1.200000000,-0.636153292
0,3,1784882049.478570223,912,9.120000162,4.884176771,-0.592866895,1.200000000,-0.637191051
0,3,1784882049.478570223,913,9.130000162,4.889647748,-0.596584381,1.200000000,-0.638219050
0,3,1784882049.478570223,914,9.140000162,4.895121861,-0.600295518,1.200000000,-0.639237240
0,3,1784882049.478570223,915,9.150000162,4.900599104,-0.604000193,1.200000000,-0.640245573
0,3,1784882049.478570223,916,9.160000162,4.906079474,-0.607698293,1.200000000,-0.641243916
0,3,1784882049.478570223,917,9.170000162,4.911562965,-0.611389705,1.200000000,-0.642232011
0,3,1784882049.478570223,918,9.180000162,4.917049570,-0.615074316,1.200000000,-0.643209592
0,3,1784882049.478570223,919,9.190000162,4.922539282,-0.618752014,1.200000000,-0.644176393
0,3,1784882049.478570223,920,9.200000162,4.928032090,-0.622422687,1.200000000,-0.645132147
0,3,1784882049.478570223,921,9.210000162,4.933527986,-0.626086221,1.200000000,-0.646076587
0,3,1784882049.478570223,922,9.220000162,4.939026957,-0.629742506,1.200000000,-0.647009448
0,3,1784882049.478570223,923,9.230000162,4.944528990,-0.633391428,1.200000000,-0.647930463
0,3,1784882049.478570223,924,9.240000162,4.950034072,-0.637032877,1.200000000,-0.648839364
0,3,1784882049.478570223,925,9.250000162,4.955542188,-0.640666741,1.200000000,-0.649735886
0,3,1784882049.478570223,926,9.260000162,4.961053322,-0.644292907,1.200000000,-0.650619761
0,3,1784882049.478570223,927,9.270000162,4.966567456,-0.647911266,1.200000000,-0.651490725
0,3,1784882049.478570223,928,9.280000162,4.972084574,-0.651521706,1.200000000,-0.652348509
0,3,1784882049.478570223,929,9.290000162,4.977604654,-0.655124117,1.200000000,-0.653192847
0,3,1784882049.478570223,930,9.300000162,4.983127678,-0.658718386,1.200000000,-0.654023473
0,3,1784882049.478570223,931,9.310000162,4.988653624,-0.662304405,1.200000000,-0.654840121
0,3,1784882049.478570223,932,9.320000162,4.994182469,-0.665882062,1.200000000,-0.655642523
0,3,1784882049.478570223,933,9.330000162,4.999714191,-0.669451248,1.200000000,-0.656430413
0,3,1784882049.478570223,934,9.340000162,5.005248765,-0.673011853,1.200000000,-0.657203525
0,3,1784882049.478570223,935,9.350000162,5.010786165,-0.676563766,1.200000000,-0.657961593
0,3,1784882049.478570223,936,9.360000162,5.016326366,-0.680106878,1.200000000,-0.658704348
0,3,1784882049.478570223,937,9.370000162,5.021869341,-0.683641080,1.200000000,-0.659431526
0,3,1784882049.478570223,938,9.380000162,5.027415061,-0.687166262,1.200000000,-0.660142860
0,3,1784882049.478570223,939,9.390000162,5.032963498,-0.690682315,1.200000000,-0.660838082
0,3,1784882049.478570223,940,9.400000162,5.038514621,-0.694189131,1.200000000,-0.661516927
0,3,1784882049.478570223,941,9.410000162,5.044068401,-0.697686601,1.200000000,-0.662179128
0,3,1784882049.478570223,942,9.420000162,5.049624806,-0.701174615,1.200000000,-0.662824418
0,3,1784882049.478570223,943,9.430000162,5.055183804,-0.704653067,1.200000000,-0.663452531
0,3,1784882049.478570223,944,9.440000162,5.060745362,-0.708121847,1.200000000,-0.664063201
0,3,1784882049.478570223,945,9.450000162,5.066309445,-0.711580848,1.200000000,-0.664656160
0,3,1784882049.478570223,946,9.460000162,5.071876021,-0.715029962,1.200000000,-0.665231143
0,3,1784882049.478570223,947,9.470000162,5.077445052,-0.718469081,1.200000000,-0.665787882
0,3,1784882049.478570223,948,9.480000162,5.083016505,-0.721898097,1.200000000,-0.666326111
0,3,1784882049.478570223,949,9.490000162,5.088590341,-0.725316905,1.200000000,-0.666845564
0,3,1784882049.478570223,950,9.500000162,5.094166525,-0.728725396,1.200000000,-0.667345975
0,3,1784882049.478570223,951,9.510000162,5.099745017,-0.732123464,1.200000000,-0.667827075
0,3,1784882049.478570223,952,9.520000162,5.105325781,-0.735511001,1.200000000,-0.668288600
0,3,1784882049.478570223,953,9.530000162,5.110908776,-0.738887902,1.200000000,-0.668730283
0,3,1784882049.478570223,954,9.540000162,5.116493963,-0.742254061,1.200000000,-0.669151856
0,3,1784882049.478570223,955,9.550000162,5.122081303,-0.745609370,1.200000000,-0.669553054
0,3,1784882049.478570223,956,9.560000162,5.127670754,-0.748953724,1.200000000,-0.669933610
0,3,1784882049.478570223,957,9.570000162,5.133262276,-0.752287018,1.200000000,-0.670293257
0,3,1784882049.478570223,958,9.580000162,5.138855827,-0.755609145,1.200000000,-0.670631729
0,3,1784882049.478570223,959,9.590000162,5.144451366,-0.758920001,1.200000000,-0.670948759
0,3,1784882049.478570223,960,9.600000162,5.150048849,-0.762219480,1.200000000,-0.671244081
0,3,1784882049.478570223,961,9.610000162,5.155648235,-0.765507477,1.200000000,-0.671517429
0,3,1784882049.478570223,962,9.620000162,5.161249480,-0.768783887,1.200000000,-0.671768535
0,3,1784882049.478570223,963,9.630000162,5.166852542,-0.772048605,1.200000000,-0.671997133
0,3,1784882049.478570223,964,9.640000162,5.172457376,-0.775301528,1.200000000,-0.672202957
0,3,1784882049.478570223,965,9.650000162,5.178063938,-0.778542551,1.200000000,-0.672385740
0,3,1784882049.478570223,966,9.660000162,5.183672184,-0.781771569,1.200000000,-0.672545216
0,3,1784882049.478570223,967,9.670000162,5.189282071,-0.784988480,1.200000000,-0.672681117
0,3,1784882049.478570223,968,9.680000162,5.194893552,-0.788193178,1.200000000,-0.672793178
0,3,1784882049.478570223,969,9.690000162,5.200506585,-0.791385561,1.200000000,-0.672881133
0,3,1784882049.478570223,970,9.700000162,5.206121123,-0.794565525,1.200000000,-0.672944713
0,3,1784882049.478570223,971,9.710000162,5.211737121,-0.797732968,1.200000000,-0.672983654
0,3,1784882049.478570223,972,9.720000162,5.217354536,-0.800887785,1.200000000,-0.672997688
0,3,1784882049.478570223,973,9.730000162,5.222973320,-0.804029875,1.200000000,-0.672986548
0,3,1784882049.478570223,974,9.740000162,5.228593430,-0.807159134,1.200000000,-0.672949969
0,3,1784882049.478570223,975,9.750000162,5.234214820,-0.810275461,1.200000000,-0.672887684
0,3,1784882049.478570223,976,9.760000162,5.239837444,-0.813378753,1.200000000,-0.672799426
0,3,1784882049.478570223,977,9.770000162,5.245461258,-0.816468908,1.200000000,-0.672684929
0,3,1784882049.478570223,978,9.780000162,5.251086216,-0.819545825,1.200000000,-0.672543926
0,3,1784882049.478570223,979,9.790000162,5.256712274,-0.822609401,1.200000000,-0.672376151
0,3,1784882049.478570223,980,9.800000162,5.262339386,-0.825659535,1.200000000,-0.672181336
0,3,1784882049.478570223,981,9.810000162,5.267967508,-0.828696126,1.200000000,-0.671959217
0,3,1784882049.478570223,982,9.820000162,5.273596595,-0.831719073,1.200000000,-0.671709525
0,3,1784882049.478570223,983,9.830000162,5.279226603,-0.834728275,1.200000000,-0.671431995
0,3,1784882049.478570223,984,9.840000162,5.284857488,-0.837723632,1.200000000,-0.671126359
0,3,1784882049.478570223,985,9.850000162,5.290489205,-0.840705042,1.200000000,-0.670792353
0,3,1784882049.478570223,986,9.860000162,5.296121711,-0.843672406,1.200000000,-0.670429708
0,3,1784882049.478570223,987,9.870000162,5.301754962,-0.846625623,1.200000000,-0.670038158
0,3,1784882049.478570223,988,9.880000162,5.307388916,-0.849564594,1.200000000,-0.669617437
0,3,1784882049.478570223,989,9.890000162,5.313023530,-0.852489219,1.200000000,-0.669167279
0,3,1784882049.478570223,990,9.900000162,5.318658762,-0.855399398,1.200000000,-0.668687416
0,3,1784882049.478570223,991,9.910000162,5.324294569,-0.858295032,1.200000000,-0.668177583
0,3,1784882049.478570223,992,9.920000162,5.329930911,-0.861176023,1.200000000,-0.667637512
0,3,1784882049.478570223,993,9.930000162,5.335567745,-0.864042271,1.200000000,-0.667066938
0,3,1784882049.478570223,994,9.940000162,5.341205032,-0.866893677,1.200000000,-0.666465593
0,3,1784882049.478570223,995,9.950000162,5.346842731,-0.869730144,1.200000000,-0.665833211
0,3,1784882049.478570223,996,9.960000162,5.352480803,-0.872551572,1.200000000,-0.665169526
0,3,1784882049.478570223,997,9.970000162,5.358119209,-0.875357865,1.200000000,-0.664474270
0,3,1784882049.478570223,998,9.980000162,5.363757910,-0.878148923,1.200000000,-0.663747179
0,3,1784882049.478570223,999,9.990000162,5.369396869,-0.880924650,1.200000000,-0.662987984
0,3,1784882049.478570223,1000,10.000000162,5.375036048,-0.883684948,1.200000000,-0.662196419
0,3,1784882049.478570223,1001,10.010000162,5.380675410,-0.886429720,1.200000000,-0.661372219
0,3,1784882049.478570223,1002,10.020000162,5.386314920,-0.889158869,1.200000000,-0.660515116
0,3,1784882049.478570223,1003,10.030000162,5.391954542,-0.891872299,1.200000000,-0.659624843
0,3,1784882049.478570223,1004,10.040000162,5.397594242,-0.894569912,1.200000000,-0.658701135
0,3,1784882049.478570223,1005,10.050000162,5.403233986,-0.897251613,1.200000000,-0.657743725
0,3,1784882049.478570223,1006,10.060000162,5.408873740,-0.899917305,1.200000000,-0.656752346
0,3,1784882049.478570223,1007,10.070000162,5.414513473,-0.902566893,1.200000000,-0.655726731
0,3,1784882049.478570223,1008,10.080000162,5.420153153,-0.905200282,1.200000000,-0.654666615
0,3,1784882049.478570223,1009,10.090000162,5.425792748,-0.907817375,1.200000000,-0.653571731
0,3,1784882049.478570223,1010,10.100000162,5.431432230,-0.910418078,1.200000000,-0.652441811
0,3,1784882049.478570223,1011,10.110000162,5.437071568,-0.913002296,1.200000000,-0.651276590
0,3,1784882049.478570223,1012,10.120000162,5.442710735,-0.915569935,1.200000000,-0.650075801
0,3,1784882049.478570223,1013,10.130000162,5.448349704,-0.918120899,1.200000000,-0.648839178
0,3,1784882049.478570223,1014,10.140000162,5.453988447,-0.920655096,1.200000000,-0.647566453
0,3,1784882049.478570223,1015,10.150000162,5.459626940,-0.923172431,1.200000000,-0.646257361
0,3,1784882049.478570223,1016,10.160000162,5.465265157,-0.925672811,1.200000000,-0.644911635
0,3,1784882049.478570223,1017,10.170000162,5.470903076,-0.928156143,1.200000000,-0.643529008
0,3,1784882049.478570223,1018,10.180000162,5.476540672,-0.930622332,1.200000000,-0.642109213
0,3,1784882049.478570223,1019,10.190000162,5.482177926,-0.933071288,1.200000000,-0.640651986
0,3,1784882049.478570223,1020,10.200000162,5.487814815,-0.935502917,1.200000000,-0.639157058
0,3,1784882049.478570223,1021,10.210000162,5.493451321,-0.937917127,1.200000000,-0.637624163
0,3,1784882049.478570223,1022,10.220000162,5.499087425,-0.940313826,1.200000000,-0.636053034
0,3,1784882049.478570223,1023,10.230000162,5.504723108,-0.942692923,1.200000000,-0.634443406
0,3,1784882049.478570223,1024,10.240000162,5.510358355,-0.945054326,1.200000000,-0.632795012
0,3,1784882049.478570223,1025,10.250000162,5.515993150,-0.947397944,1.200000000,-0.631107584
0,3,1784882049.478570223,1026,10.260000162,5.521627479,-0.949723688,1.200000000,-0.629380857
0,3,1784882049.478570223,1027,10.270000162,5.527261328,-0.952031465,1.200000000,-0.627614565
0,3,1784882049.478570223,1028,10.280000162,5.532894685,-0.954321187,1.200000000,-0.625808439
0,3,1784882049.478570223,1029,10.290000162,5.538527539,-0.956592764,1.200000000,-0.623962215
0,3,1784882049.478570223,1030,10.300000162,5.544159880,-0.958846105,1.200000000,-0.622075625
0,3,1784882049.478570223,1031,10.310000162,5.549791700,-0.961081123,1.200000000,-0.620148402
0,3,1784882049.478570223,1032,10.320000162,5.555422990,-0.963297728,1.200000000,-0.618180281
0,3,1784882049.478570223,1033,10.330000162,5.561053745,-0.965495832,1.200000000,-0.616170995
0,3,1784882049.478570223,1034,10.340000162,5.566683958,-0.967675347,1.200000000,-0.614120277
0,3,1784882049.478570223,1035,10.350000162,5.572313626,-0.969836185,1.200000000,-0.612027861
0,3,1784882049.478570223,1036,10.360000162,5.577942746,-0.971978258,1.200000000,-0.609893480
0,3,1784882049.478570223,1037,10.370000162,5.583571316,-0.974101481,1.200000000,-0.607716868
0,3,1784882049.478570223,1038,10.380000162,5.589199336,-0.976205766,1.200000000,-0.605497758
0,3,1784882049.478570223,1039,10.390000162,5.594826805,-0.978291028,1.200000000,-0.603235883
0,3,1784882049.478570223,1040,10.400000162,5.600453726,-0.980357179,1.200000000,-0.600930978
0,3,1784882049.478570223,1041,10.410000162,5.606080102,-0.982404136,1.200000000,-0.598582775
0,3,1784882049.478570223,1042,10.420000162,5.611705937,-0.984431812,1.200000000,-0.596191008
0,3,1784882049.478570223,1043,10.430000162,5.617331236,-0.986440124,1.200000000,-0.593755411
0,3,1784882049.478570223,1044,10.440000162,5.622956007,-0.988428987,1.200000000,-0.591275716
0,3,1784882049.478570223,1045,10.450000162,5.628580257,-0.990398317,1.200000000,-0.588751658
0,3,1784882049.478570223,1046,10.460000162,5.634203994,-0.992348032,1.200000000,-0.586182969
0,3,1784882049.478570223,1047,10.470000162,5.639827230,-0.994278048,1.200000000,-0.583569384
0,3,1784882049.478570223,1048,10.480000162,5.645449976,-0.996188282,1.200000000,-0.580910636
0,3,1784882049.478570223,1049,10.490000162,5.651072244,-0.998078653,1.200000000,-0.578206462
0,3,1784882049.478570223,1050,10.500000162,5.656694049,-0.999949080,1.200000000,-0.575456875
0,3,1784882049.478570223,1051,10.510000162,5.662315406,-1.001799481,1.200000000,-0.572662316
0,3,1784882049.478570223,1052,10.520000162,5.667936330,-1.003629776,1.200000000,-0.569823266
0,3,1784882049.478570223,1053,10.530000162,5.673556840,-1.005439885,1.200000000,-0.566940208
0,3,1784882049.478570223,1054,10.540000162,5.679176954,-1.007229727,1.200000000,-0.564013620
0,3,1784882049.478570223,1055,10.550000162,5.684796692,-1.008999226,1.200000000,-0.561043986
0,3,1784882049.478570223,1056,10.560000162,5.690416074,-1.010748301,1.200000000,-0.558031785
0,3,1784882049.478570223,1057,10.570000162,5.696035124,-1.012476874,1.200000000,-0.554977498
0,3,1784882049.478570223,1058,10.580000162,5.701653865,-1.014184870,1.200000000,-0.551881607
0,3,1784882049.478570223,1059,10.590000162,5.707272321,-1.015872209,1.200000000,-0.548744593
0,3,1784882049.478570223,1060,10.600000162,5.712890517,-1.017538817,1.200000000,-0.545566935
0,3,1784882049.478570223,1061,10.610000162,5.718508481,-1.019184618,1.200000000,-0.542349116
0,3,1784882049.478570223,1062,10.620000162,5.724126241,-1.020809536,1.200000000,-0.539091617
0,3,1784882049.478570223,1063,10.630000162,5.729743824,-1.022413497,1.200000000,-0.535794917
0,3,1784882049.478570223,1064,10.640000162,5.735361263,-1.023996427,1.200000000,-0.532459498
0,3,1784882049.478570223,1065,10.650000162,5.740978587,-1.025558253,1.200000000,-0.529085842
0,3,1784882049.478570223,1066,10.660000162,5.746595828,-1.027098902,1.200000000,-0.525674429
0,3,1784882049.478570223,1067,10.670000162,5.752213021,-1.028618302,1.200000000,-0.522225739
0,3,1784882049.478570223,1068,10.680000162,5.757830199,-1.030116382,1.200000000,-0.518740255
0,3,1784882049.478570223,1069,10.690000162,5.763447398,-1.031593070,1.200000000,-0.515218457
0,3,1784882049.478570223,1070,10.700000162,5.769064653,-1.033048298,1.200000000,-0.511660825
0,3,1784882049.478570223,1071,10.710000162,5.774682003,-1.034481995,1.200000000,-0.508067841
0,3,1784882049.478570223,1072,10.720000162,5.780299486,-1.035894093,1.200000000,-0.504439986
0,3,1784882049.478570223,1073,10.730000162,5.785917140,-1.037284525,1.200000000,-0.500777741
0,3,1784882049.478570223,1074,10.740000162,5.791535005,-1.038653222,1.200000000,-0.497081587
0,3,1784882049.478570223,1075,10.750000162,5.797153124,-1.040000118,1.200000000,-0.493352004
0,3,1784882049.478570223,1076,10.760000162,5.802771537,-1.041325149,1.200000000,-0.489589473
0,3,1784882049.478570223,1077,10.770000162,5.808390287,-1.042628247,1.200000000,-0.485794476
0,3,1784882049.478570223,1078,10.780000162,5.814009419,-1.043909351,1.200000000,-0.481967494
0,3,1784882049.478570223,1079,10.790000162,5.819628976,-1.045168396,1.200000000,-0.478109007
0,3,1784882049.478570223,1080,10.800000162,5.825249004,-1.046405319,1.200000000,-0.474219497
0,3,1784882049.478570223,1081,10.810000162,5.830869548,-1.047620059,1.200000000,-0.470299444
0,3,1784882049.478570223,1082,10.820000162,5.836490656,-1.048812555,1.200000000,-0.466349329
0,3,1784882049.478570223,1083,10.830000162,5.842112375,-1.049982746,1.200000000,-0.462369633
0,3,1784882049.478570223,1084,10.840000162,5.847734753,-1.051130574,1.200000000,-0.458360838
0,3,1784882049.478570223,1085,10.850000162,5.853357839,-1.052255980,1.200000000,-0.454323424
0,3,1784882049.478570223,1086,10.860000162,5.858981683,-1.053358906,1.200000000,-0.450257872
0,3,1784882049.478570223,1087,10.870000162,5.864606335,-1.054439296,1.200000000,-0.446164663
0,3,1784882049.478570223,1088,10.880000162,5.870231846,-1.055497095,1.200000000,-0.442044278
0,3,1784882049.478570223,1089,10.890000162,5.875858267,-1.056532246,1.200000000,-0.437897198
0,3,1784882049.478570223,1090,10.900000162,5.881485650,-1.057544697,1.200000000,-0.433723904
0,3,1784882049.478570223,1091,10.910000162,5.887114048,-1.058534394,1.200000000,-0.429524877
0,3,1784882049.478570223,1092,10.920000162,5.892743514,-1.059501285,1.200000000,-0.425300598
0,3,1784882049.478570223,1093,10.930000162,5.898374101,-1.060445320,1.200000000,-0.421051547
0,3,1784882049.478570223,1094,10.940000162,5.904005863,-1.061366448,1.200000000,-0.416778206
0,3,1784882049.478570223,1095,10.950000162,5.909638854,-1.062264620,1.200000000,-0.412481056
0,3,1784882049.478570223,1096,10.960000162,5.915273130,-1.063139788,1.200000000,-0.408160578
0,3,1784882049.478570223,1097,10.970000162,5.920908746,-1.063991904,1.200000000,-0.403817252
0,3,1784882049.478570223,1098,10.980000162,5.926545757,-1.064820924,1.200000000,-0.399451560
0,3,1784882049.478570223,1099,10.990000162,5.932184219,-1.065626801,1.200000000,-0.395063982
0,3,1784882049.478570223,1100,11.000000162,5.937824188,-1.066409493,1.200000000,-0.390655000
0,3,1784882049.478570223,1101,11.010000162,5.943465721,-1.067168955,1.200000000,-0.386225094
0,3,1784882049.478570223,1102,11.020000162,5.949108874,-1.067905147,1.200000000,-0.381774746
0,3,1784882049.478570223,1103,11.030000162,5.954753704,-1.068618027,1.200000000,-0.377304436
0,3,1784882049.478570223,1104,11.040000162,5.960400268,-1.069307556,1.200000000,-0.372814645
0,3,1784882049.478570223,1105,11.050000162,5.966048623,-1.069973695,1.200000000,-0.368305854
0,3,1784882049.478570223,1106,11.060000162,5.971698827,-1.070616408,1.200000000,-0.363778545
0,3,1784882049.478570223,1107,11.070000162,5.977350937,-1.071235657,1.200000000,-0.359233197
0,3,1784882049.478570223,1108,11.080000162,5.983005011,-1.071831408,1.200000000,-0.354670293
0,3,1784882049.478570223,1109,11.090000162,5.988661105,-1.072403627,1.200000000,-0.350090313
0,3,1784882049.478570223,1110,11.100000162,5.994319277,-1.072952281,1.200000000,-0.345493738
0,3,1784882049.478570223,1111,11.110000162,5.999979586,-1.073477339,1.200000000,-0.340881049
0,3,1784882049.478570223,1112,11.120000162,6.005642087,-1.073978770,1.200000000,-0.336252726
0,3,1784882049.478570223,1113,11.130000162,6.011306839,-1.074456545,1.200000000,-0.331609252
0,3,1784882049.478570223,1114,11.140000162,6.016973898,-1.074910637,1.200000000,-0.326951106
0,3,1784882049.478570223,1115,11.150000162,6.022643322,-1.075341018,1.200000000,-0.322278770
0,3,1784882049.478570223,1116,11.160000162,6.028315167,-1.075747664,1.200000000,-0.317592725
0,3,1784882049.478570223,1117,11.170000162,6.033989490,-1.076130551,1.200000000,-0.312893452
0,3,1784882049.478570223,1118,11.180000162,6.039666348,-1.076489654,1.200000000,-0.308181431
0,3,1784882049.478570223,1119,11.190000162,6.045345795,-1.076824954,1.200000000,-0.303457143
0,3,1784882049.478570223,1120,11.200000162,6.051027889,-1.077136429,1.200000000,-0.298721071
0,3,1784882049.478570223,1121,11.210000162,6.056712685,-1.077424061,1.200000000,-0.293973693
0,3,1784882049.478570223,1122,11.220000162,6.062400237,-1.077687832,1.200000000,-0.289215493
0,3,1784882049.478570223,1123,11.230000162,6.068090601,-1.077927725,1.200000000,-0.284446949
0,3,1784882049.478570223,1124,11.240000162,6.073783831,-1.078143727,1.200000000,-0.279668544
0,3,1784882049.478570223,1125,11.250000162,6.079479979,-1.078335823,1.200000000,-0.274880758
0,3,1784882049.478570223,1126,11.260000162,6.085179101,-1.078504001,1.200000000,-0.270084073
0,3,1784882049.478570223,1127,11.270000162,6.090881248,-1.078648250,1.200000000,-0.265278968
0,3,1784882049.478570223,1128,11.280000162,6.096586473,-1.078768560,1.200000000,-0.260465926
0,3,1784882049.478570223,1129,11.290000162,6.102294827,-1.078864925,1.200000000,-0.255645427
0,3,1784882049.478570223,1130,11.300000162,6.108006362,-1.078937336,1.200000000,-0.250817952
0,3,1784882049.478570223,1131,11.310000162,6.113721128,-1.078985790,1.200000000,-0.245983982
0,3,1784882049.478570223,1132,11.320000162,6.119439174,-1.079010281,1.200000000,-0.241143998
0,3,1784882049.478570223,1133,11.330000162,6.125160550,-1.079010807,1.200000000,-0.236298481
0,3,1784882049.478570223,1134,11.340000162,6.130885305,-1.078987369,1.200000000,-0.231447912
0,3,1784882049.478570223,1135,11.350000162,6.136613485,-1.078939965,1.200000000,-0.226592771
0,3,1784882049.478570223,1136,11.360000162,6.142345137,-1.078868599,1.200000000,-0.221733541
0,3,1784882049.478570223,1137,11.370000162,6.148080308,-1.078773273,1.200000000,-0.216870701
0,3,1784882049.478570223,1138,11.380000162,6.153819042,-1.078653992,1.200000000,-0.212004733
0,3,1784882049.478570223,1139,11.390000162,6.159561385,-1.078510764,1.200000000,-0.207136117
0,3,1784882049.478570223,1140,11.400000162,6.165307378,-1.078343595,1.200000000,-0.202265335
0,3,1784882049.478570223,1141,11.410000162,6.171057066,-1.078152495,1.200000000,-0.197392868
0,3,1784882049.478570223,1142,11.420000162,6.176810489,-1.077937476,1.200000000,-0.192519196
0,3,1784882049.478570223,1143,11.430000162,6.182567687,-1.077698549,1.200000000,-0.187644800
0,3,1784882049.478570223,1144,11.440000162,6.188328701,-1.077435729,1.200000000,-0.182770162
0,3,1784882049.478570223,1145,11.450000162,6.194093569,-1.077149031,1.200000000,-0.177895763
0,3,1784882049.478570223,1146,11.460000162,6.199862328,-1.076838471,1.200000000,-0.173022082
0,3,1784882049.478570223,1147,11.470000162,6.205635014,-1.076504070,1.200000000,-0.168149602
0,3,1784882049.478570223,1148,11.480000162,6.211411664,-1.076145847,1.200000000,-0.163278803
0,3,1784882049.478570223,1149,11.490000162,6.217192311,-1.075763823,1.200000000,-0.158410167
0,3,1784882049.478570223,1150,11.500000162,6.222976987,-1.075358022,1.200000000,-0.153544173
0,3,1784882049.478570223,1151,11.510000162,6.228765725,-1.074928469,1.200000000,-0.148681304
0,3,1784882049.478570223,1152,11.520000162,6.234558556,-1.074475190,1.200000000,-0.143822039
0,3,1784882049.478570223,1153,11.530000162,6.240355509,-1.073998213,1.200000000,-0.138966861
0,3,1784882049.478570223,1154,11.540000162,6.246156611,-1.073497568,1.200000000,-0.134116249
0,3,1784882049.478570223,1155,11.550000162,6.251961889,-1.072973286,1.200000000,-0.129270686
0,3,1784882049.478570223,1156,11.560000162,6.257771370,-1.072425400,1.200000000,-0.124430651
0,3,1784882049.478570223,1157,11.570000162,6.263585077,-1.071853944,1.200000000,-0.119596626
0,3,1784882049.478570223,1158,11.580000162,6.269403033,-1.071258954,1.200000000,-0.114769092
0,3,1784882049.478570223,1159,11.590000162,6.275225260,-1.070640468,1.200000000,-0.109948529
0,3,1784882049.478570223,1160,11.600000162,6.281051778,-1.069998526,1.200000000,-0.105135419
0,3,1784882049.478570223,1161,11.610000162,6.286882604,-1.069333167,1.200000000,-0.100330243
0,3,1784882049.478570223,1162,11.620000162,6.292717758,-1.068644435,1.200000000,-0.095533481
0,3,1784882049.478570223,1163,11.630000162,6.298557253,-1.067932373,1.200000000,-0.090745615
0,3,1784882049.478570223,1164,11.640000162,6.304401106,-1.067197027,1.200000000,-0.085967126
0,3,1784882049.478570223,1165,11.650000162,6.310249328,-1.066438445,1.200000000,-0.081198493
0,3,1784882049.478570223,1166,11.660000162,6.316101931,-1.065656676,1.200000000,-0.076440199
0,3,1784882049.478570223,1167,11.670000162,6.321958925,-1.064851770,1.200000000,-0.071692725
0,3,1784882049.478570223,1168,11.680000162,6.327820319,-1.064023779,1.200000000,-0.066956551
0,3,1784882049.478570223,1169,11.690000162,6.333686118,-1.063172757,1.200000000,-0.062232158
0,3,1784882049.478570223,1170,11.700000162,6.339556328,-1.062298761,1.200000000,-0.057520027
0,3,1784882049.478570223,1171,11.710000162,6.345430953,-1.061401846,1.200000000,-0.052820639
0,3,1784882049.478570223,1172,11.720000162,6.351309995,-1.060482071,1.200000000,-0.048134476
0,3,1784882049.478570223,1173,11.730000162,6.357193454,-1.059539498,1.200000000,-0.043462017
0,3,1784882049.478570223,1174,11.740000162,6.363081329,-1.058574188,1.200000000,-0.038803745
0,3,1784882049.478570223,1175,11.750000162,6.368973617,-1.057586204,1.200000000,-0.034160139
0,3,1784882049.478570223,1176,11.760000162,6.374870314,-1.056575612,1.200000000,-0.029531681
0,3,1784882049.478570223,1177,11.770000162,6.380771413,-1.055542479,1.200000000,-0.024918853
0,3,1784882049.478570223,1178,11.780000162,6.386676907,-1.054486873,1.200000000,-0.020322134
0,3,1784882049.478570223,1179,11.790000162,6.392586787,-1.053408865,1.200000000,-0.015742006
0,3,1784882049.478570223,1180,11.800000162,6.398501040,-1.052308526,1.200000000,-0.011178949
0,3,1784882049.478570223,1181,11.810000162,6.404419655,-1.051185929,1.200000000,-0.006633445
0,3,1784882049.478570223,1182,11.820000162,6.410342617,-1.050041150,1.200000000,-0.002105975
0,3,1784882049.478570223,1183,11.830000162,6.416269909,-1.048874265,1.200000000,0.002402980
0,3,1784882049.478570223,1184,11.840000162,6.422201514,-1.047685352,1.200000000,0.006892963
0,3,1784882049.478570223,1185,11.850000162,6.428137411,-1.046474491,1.200000000,0.011363785
0,3,1784882049.478570223,1186,11.860000162,6.434077580,-1.045241763,1.200000000,0.015815426
0,3,1784882049.478570223,1187,11.870000162,6.440021997,-1.043987251,1.200000000,0.020247873
0,3,1784882049.478570223,1188,11.880000162,6.445970637,-1.042711040,1.200000000,0.024661110
0,3,1784882049.478570223,1189,11.890000162,6.451923475,-1.041413215,1.200000000,0.029055123
0,3,1784882049.478570223,1190,11.900000162,6.457880480,-1.040093865,1.200000000,0.033429896
0,3,1784882049.478570223,1191,11.910000162,6.463841624,-1.038753078,1.200000000,0.037785414
0,3,1784882049.478570223,1192,11.920000162,6.469806875,-1.037390946,1.200000000,0.042121663
0,3,1784882049.478570223,1193,11.930000162,6.475776199,-1.036007560,1.200000000,0.046438628
0,3,1784882049.478570223,1194,11.940000162,6.481749561,-1.034603014,1.200000000,0.050736293
0,3,1784882049.478570223,1195,11.950000162,6.487726923,-1.033177403,1.200000000,0.055014644
0,3,1784882049.478570223,1196,11.960000162,6.493708247,-1.031730825,1.200000000,0.059273665
0,3,1784882049.478570223,1197,11.970000162,6.499693494,-1.030263377,1.200000000,0.063513342
0,3,1784882049.478570223,1198,11.980000162,6.505682619,-1.028775160,1.200000000,0.067733660
0,3,1784882049.478570223,1199,11.990000162,6.511675581,-1.027266275,1.200000000,0.071934603
0,3,1784882049.478570223,1200,12.000000162,6.517672332,-1.025736824,1.200000000,0.076116158
0,3,1784882049.478570223,1201,12.010000162,6.523672826,-1.024186911,1.200000000,0.080278308
0,3,1784882049.478570223,1202,12.020000162,6.529677014,-1.022616643,1.200000000,0.084421039
0,3,1784882049.478570223,1203,12.030000162,6.535684845,-1.021026126,1.200000000,0.088544336
0,3,1784882049.478570223,1204,12.040000162,6.541696267,-1.019415469,1.200000000,0.092648184
0,3,1784882049.478570223,1205,12.050000162,6.547711225,-1.017784782,1.200000000,0.096732568
0,3,1784882049.478570223,1206,12.060000162,6.553729665,-1.016134176,1.200000000,0.100797473
0,3,1784882049.478570223,1207,12.070000162,6.559751528,-1.014463764,1.200000000,0.104842884
0,3,1784882049.478570223,1208,12.080000162,6.565776756,-1.012773659,1.200000000,0.108868786
0,3,1784882049.478570223,1209,12.090000162,6.571805288,-1.011063978,1.200000000,0.112875165
0,3,1784882049.478570223,1210,12.100000162,6.577837062,-1.009334837,1.200000000,0.116862004
0,3,1784882049.478570223,1211,12.110000162,6.583872014,-1.007586354,1.200000000,0.120829290
0,3,1784882049.478570223,1212,12.120000162,6.589910078,-1.005818648,1.200000000,0.124777007
0,3,1784882049.478570223,1213,12.130000162,6.595951188,-1.004031841,1.200000000,0.128705141
0,3,1784882049.478570223,1214,12.140000162,6.601995275,-1.002226054,1.200000000,0.132613676
0,3,1784882049.478570223,1215,12.150000162,6.608042269,-1.000401411,1.200000000,0.136502597
0,3,1784882049.478570223,1216,12.160000162,6.614092099,-0.998558036,1.200000000,0.140371890
0,3,1784882049.478570223,1217,12.170000162,6.620144690,-0.996696055,1.200000000,0.144221539
0,3,1784882049.478570223,1218,12.180000162,6.626199968,-0.994815595,1.200000000,0.148051529
0,3,1784882049.478570223,1219,12.190000162,6.632257857,-0.992916783,1.200000000,0.151861847
0,3,1784882049.478570223,1220,12.200000162,6.638318280,-0.990999751,1.200000000,0.155652476
0,3,1784882049.478570223,1221,12.210000162,6.644381157,-0.989064627,1.200000000,0.159423401
0,3,1784882049.478570223,1222,12.220000162,6.650446408,-0.987111544,1.200000000,0.163174608
0,3,1784882049.478570223,1223,12.230000162,6.656513950,-0.985140635,1.200000000,0.166906082
0,3,1784882049.478570223,1224,12.240000162,6.662583700,-0.983152033,1.200000000,0.170617808
0,3,1784882049.478570223,1225,12.250000162,6.668655574,-0.981145874,1.200000000,0.174309770
0,3,1784882049.478570223,1226,12.260000162,6.674729486,-0.979122295,1.200000000,0.177981954
0,3,1784882049.478570223,1227,12.270000162,6.680805347,-0.977081431,1.200000000,0.181634345
0,3,1784882049.478570223,1228,12.280000162,6.686883069,-0.975023422,1.200000000,0.185266928
0,3,1784882049.478570223,1229,12.290000162,6.692962561,-0.972948407,1.200000000,0.188879688
0,3,1784882049.478570223,1230,12.300000162,6.699043734,-0.970856526,1.200000000,0.192472610
0,3,1784882049.478570223,1231,12.310000162,6.705126493,-0.968747920,1.200000000,0.196045679
0,3,1784882049.478570223,1232,12.320000162,6.711210744,-0.966622733,1.200000000,0.199598881
0,3,1784882049.478570223,1233,12.330000162,6.717296394,-0.964481107,1.200000000,0.203132199
0,3,1784882049.478570223,1234,12.340000162,6.723383344,-0.962323186,1.200000000,0.206645619
0,3,1784882049.478570223,1235,12.350000162,6.729471499,-0.960149116,1.200000000,0.210139127
0,3,1784882049.478570223,1236,12.360000162,6.735560759,-0.957959042,1.200000000,0.213612706
0,3,1784882049.478570223,1237,12.370000162,6.741651024,-0.955753112,1.200000000,0.217066343
0,3,1784882049.478570223,1238,12.380000162,6.747742193,-0.953531474,1.200000000,0.220500023
0,3,1784882049.478570223,1239,12.390000162,6.753834166,-0.951294276,1.200000000,0.223913729
0,3,1784882049.478570223,1240,12.400000162,6.759926837,-0.949041667,1.200000000,0.227307448
0,3,1784882049.478570223,1241,12.410000162,6.766020104,-0.946773797,1.200000000,0.230681165
0,3,1784882049.478570223,1242,12.420000162,6.772113862,-0.944490819,1.200000000,0.234034864
0,3,1784882049.478570223,1243,12.430000162,6.778208004,-0.942192883,1.200000000,0.237368530
0,3,1784882049.478570223,1244,12.440000162,6.784302423,-0.939880142,1.200000000,0.240682149
0,3,1784882049.478570223,1245,12.450000162,6.790397012,-0.937552750,1.200000000,0.243975706
0,3,1784882049.478570223,1246,12.460000162,6.796491661,-0.935210860,1.200000000,0.247249185
0,3,1784882049.478570223,1247,12.470000162,6.802586262,-0.932854627,1.200000000,0.250502572
0,3,1784882049.478570223,1248,12.480000162,6.808680703,-0.930484206,1.200000000,0.253735851
0,3,1784882049.478570223,1249,12.490000162,6.814774873,-0.928099753,1.200000000,0.256949009
0,3,1784882049.478570223,1250,12.500000162,6.820868660,-0.925701425,1.200000000,0.260142029
0,3,1784882049.478570223,1251,12.510000162,6.826961951,-0.923289379,1.200000000,0.263314896
0,3,1784882049.478570223,1252,12.520000162,6.833054632,-0.920863772,1.200000000,0.266467597
0,3,1784882049.478570223,1253,12.530000162,6.839146589,-0.918424762,1.200000000,0.269600116
0,3,1784882049.478570223,1254,12.540000162,6.845237708,-0.915972509,1.200000000,0.272712437
0,3,1784882049.478570223,1255,12.550000162,6.851327871,-0.913507172,1.200000000,0.275804547
0,3,1784882049.478570223,1256,12.560000162,6.857416963,-0.911028910,1.200000000,0.278876429
0,3,1784882049.478570223,1257,12.570000162,6.863504868,-0.908537884,1.200000000,0.281928070
0,3,1784882049.478570223,1258,12.580000162,6.869591467,-0.906034254,1.200000000,0.284959454
0,3,1784882049.478570223,1259,12.590000162,6.875676642,-0.903518181,1.200000000,0.287970565
0,3,1784882049.478570223,1260,12.600000162,6.881760275,-0.900989827,1.200000000,0.290961390
0,3,1784882049.478570223,1261,12.610000162,6.887842246,-0.898449354,1.200000000,0.293931914
0,3,1784882049.478570223,1262,12.620000162,6.893922437,-0.895896923,1.200000000,0.296882120
0,3,1784882049.478570223,1263,12.630000162,6.900000728,-0.893332697,1.200000000,0.299811995
0,3,1784882049.478570223,1264,12.640000162,6.906076997,-0.890756839,1.200000000,0.302721523
0,3,1784882049.478570223,1265,12.650000162,6.912151125,-0.888169512,1.200000000,0.305610689
0,3,1784882049.478570223,1266,12.660000162,6.918222990,-0.885570880,1.200000000,0.308479479
0,3,1784882049.478570223,1267,12.670000162,6.924292471,-0.882961106,1.200000000,0.311327877
0,3,1784882049.478570223,1268,12.680000162,6.930359446,-0.880340353,1.200000000,0.314155869
0,3,1784882049.478570223,1269,12.690000162,6.936423793,-0.877708786,1.200000000,0.316963439
0,3,1784882049.478570223,1270,12.700000162,6.942485391,-0.875066569,1.200000000,0.319750573
0,3,1784882049.478570223,1271,12.710000162,6.948544117,-0.872413866,1.200000000,0.322517255
0,3,1784882049.478570223,1272,12.720000162,6.954599848,-0.869750841,1.200000000,0.325263472
0,3,1784882049.478570223,1273,12.730000162,6.960652463,-0.867077660,1.200000000,0.327989206
0,3,1784882049.478570223,1274,12.740000162,6.966701837,-0.864394487,1.200000000,0.330694445
0,3,1784882049.478570223,1275,12.750000162,6.972747849,-0.861701486,1.200000000,0.333379172
0,3,1784882049.478570223,1276,12.760000162,6.978790376,-0.858998822,1.200000000,0.336043373
0,3,1784882049.478570223,1277,12.770000162,6.984829295,-0.856286659,1.200000000,0.338687033
0,3,1784882049.478570223,1278,12.780000162,6.990864483,-0.853565164,1.200000000,0.341310137
0,3,1784882049.478570223,1279,12.790000162,6.996895817,-0.850834499,1.200000000,0.343912669
0,3,1784882049.478570223,1280,12.800000162,7.002923175,-0.848094831,1.200000000,0.346494616
0,3,1784882049.478570223,1281,12.810000162,7.008946434,-0.845346323,1.200000000,0.349055961
0,3,1784882049.478570223,1282,12.820000162,7.014965471,-0.842589139,1.200000000,0.351596691
0,3,1784882049.478570223,1283,12.830000162,7.020980165,-0.839823445,1.200000000,0.354116790
0,3,1784882049.478570223,1284,12.840000162,7.026990393,-0.837049405,1.200000000,0.356616243
0,3,1784882049.478570223,1285,12.850000162,7.032996034,-0.834267182,1.200000000,0.359095035
0,3,1784882049.478570223,1286,12.860000162,7.038996965,-0.831476940,1.200000000,0.361553151
0,3,1784882049.478570223,1287,12.870000162,7.044993065,-0.828678844,1.200000000,0.363990576
0,3,1784882049.478570223,1288,12.880000162,7.050984214,-0.825873056,1.200000000,0.366407296
0,3,1784882049.478570223,1289,12.890000162,7.056970291,-0.823059739,1.200000000,0.368803295
0,3,1784882049.478570223,1290,12.900000162,7.062951175,-0.820239057,1.200000000,0.371178558
0,3,1784882049.478570223,1291,12.910000162,7.068926747,-0.817411173,1.200000000,0.373533071
0,3,1784882049.478570223,1292,12.920000162,7.074896886,-0.814576248,1.200000000,0.375866818
0,3,1784882049.478570223,1293,12.930000162,7.080861474,-0.811734444,1.200000000,0.378179784
0,3,1784882049.478570223,1294,12.940000162,7.086820393,-0.808885924,1.200000000,0.380471956
0,3,1784882049.478570223,1295,12.950000162,7.092773523,-0.806030848,1.200000000,0.382743316
0,3,1784882049.478570223,1296,12.960000162,7.098720749,-0.803169377,1.200000000,0.384993851
0,3,1784882049.478570223,1297,12.970000162,7.104661952,-0.800301672,1.200000000,0.387223546
0,3,1784882049.478570223,1298,12.980000162,7.110597016,-0.797427893,1.200000000,0.389432386
0,3,1784882049.478570223,1299,12.990000162,7.116525826,-0.794548199,1.200000000,0.391620355
0,3,1784882049.478570223,1300,13.000000162,7.122448266,-0.791662750,1.200000000,0.393787439
0,3,1784882049.478570223,1301,13.010000162,7.128364222,-0.788771703,1.200000000,0.395933623
0,3,1784882049.478570223,1302,13.020000162,7.134273580,-0.785875218,1.200000000,0.398058891
0,3,1784882049.478570223,1303,13.030000162,7.140176228,-0.782973451,1.200000000,0.400163230
0,3,1784882049.478570223,1304,13.040000162,7.146072052,-0.780066560,1.200000000,0.402246623
0,3,1784882049.478570223,1305,13.050000162,7.151960941,-0.777154701,1.200000000,0.404309056
0,3,1784882049.478570223,1306,13.060000162,7.157842785,-0.774238030,1.200000000,0.406350515
0,3,1784882049.478570223,1307,13.070000162,7.163717473,-0.771316702,1.200000000,0.408370983
0,3,1784882049.478570223,1308,13.080000162,7.169584897,-0.768390872,1.200000000,0.410370446
0,3,1784882049.478570223,1309,13.090000162,7.175444948,-0.765460693,1.200000000,0.412348889
0,3,1784882049.478570223,1310,13.100000162,7.181297519,-0.762526319,1.200000000,0.414306298
0,3,1784882049.478570223,1311,13.110000162,7.187142504,-0.759587903,1.200000000,0.416242657
0,3,1784882049.478570223,1312,13.120000162,7.192979798,-0.756645596,1.200000000,0.418157951
0,3,1784882049.478570223,1313,13.130000162,7.198809295,-0.753699549,1.200000000,0.420052165
0,3,1784882049.478570223,1314,13.140000162,7.204630892,-0.750749913,1.200000000,0.421925284
0,3,1784882049.478570223,1315,13.150000162,7.210444487,-0.747796838,1.200000000,0.423777294
0,3,1784882049.478570223,1316,13.160000162,7.216249979,-0.744840472,1.200000000,0.425608179
0,3,1784882049.478570223,1317,13.170000162,7.222047266,-0.741880963,1.200000000,0.427417925
0,3,1784882049.478570223,1318,13.180000162,7.227836251,-0.738918459,1.200000000,0.429206516
0,3,1784882049.478570223,1319,13.190000162,7.233616834,-0.735953107,1.200000000,0.430973937
0,3,1784882049.478570223,1320,13.200000162,7.239388918,-0.732985051,1.200000000,0.432720174
0,3,1784882049.478570223,1321,13.210000162,7.245152408,-0.730014436,1.200000000,0.434445212
0,3,1784882049.478570223,1322,13.220000162,7.250907209,-0.727041408,1.200000000,0.436149035
0,3,1784882049.478570223,1323,13.230000162,7.256653227,-0.724066107,1.200000000,0.437831629
0,3,1784882049.478570223,1324,13.240000162,7.262390370,-0.721088678,1.200000000,0.439492978
0,3,1784882049.478570223,1325,13.250000162,7.268118546,-0.718109259,1.200000000,0.441133069
0,3,1784882049.478570223,1326,13.260000162,7.273837666,-0.715127993,1.200000000,0.442751885
0,3,1784882049.478570223,1327,13.270000162,7.279547641,-0.712145018,1.200000000,0.444349411
0,3,1784882049.478570223,1328,13.280000162,7.285248383,-0.709160473,1.200000000,0.445925634
0,3,1784882049.478570223,1329,13.290000162,7.290939806,-0.706174495,1.200000000,0.447480538
0,3,1784882049.478570223,1330,13.300000162,7.296621826,-0.703187220,1.200000000,0.449014107
0,3,1784882049.478570223,1331,13.310000162,7.302294359,-0.700198783,1.200000000,0.450526327
0,3,1784882049.478570223,1332,13.320000162,7.307957323,-0.697209320,1.200000000,0.452017184
0,3,1784882049.478570223,1333,13.330000162,7.313610636,-0.694218963,1.200000000,0.453486661
0,3,1784882049.478570223,1334,13.340000162,7.319254220,-0.691227844,1.200000000,0.454934745
0,3,1784882049.478570223,1335,13.350000162,7.324887996,-0.688236095,1.200000000,0.456361419
0,3,1784882049.478570223,1336,13.360000162,7.330511888,-0.685243847,1.200000000,0.457766670
0,3,1784882049.478570223,1337,13.370000162,7.336125820,-0.682251227,1.200000000,0.459150482
0,3,1784882049.478570223,1338,13.380000162,7.341729718,-0.679258364,1.200000000,0.460512840
0,3,1784882049.478570223,1339,13.390000162,7.347323509,-0.676265385,1.200000000,0.461853730
0,3,1784882049.478570223,1340,13.400000162,7.352907124,-0.673272416,1.200000000,0.463173136
0,3,1784882049.478570223,1341,13.410000162,7.358480491,-0.670279582,1.200000000,0.464471043
0,3,1784882049.478570223,1342,13.420000162,7.364043544,-0.667287005,1.200000000,0.465747436
0,3,1784882049.478570223,1343,13.430000162,7.369596214,-0.664294808,1.200000000,0.467002301
0,3,1784882049.478570223,1344,13.440000162,7.375138438,-0.661303114,1.200000000,0.468235623
0,3,1784882049.478570223,1345,13.450000162,7.380670150,-0.658312040,1.200000000,0.469447386
0,3,1784882049.478570223,1346,13.460000162,7.386191290,-0.655321708,1.200000000,0.470637575
0,3,1784882049.478570223,1347,13.470000162,7.391701796,-0.652332233,1.200000000,0.471806176
0,3,1784882049.478570223,1348,13.480000162,7.397201608,-0.649343734,1.200000000,0.472953174
0,3,1784882049.478570223,1349,13.490000162,7.402690670,-0.646356325,1.200000000,0.474078554
0,3,1784882049.478570223,1350,13.500000162,7.408168925,-0.643370120,1.200000000,0.475182300
0,3,1784882049.478570223,1351,13.510000162,7.413636318,-0.640385233,1.200000000,0.476264397
0,3,1784882049.478570223,1352,13.520000162,7.419092795,-0.637401775,1.200000000,0.477324832
0,3,1784882049.478570223,1353,13.530000162,7.424538306,-0.634419857,1.200000000,0.478363589
0,3,1784882049.478570223,1354,13.540000162,7.429972800,-0.631439587,1.200000000,0.479380652
0,3,1784882049.478570223,1355,13.550000162,7.435396228,-0.628461076,1.200000000,0.480376007
0,3,1784882049.478570223,1356,13.560000162,7.440808543,-0.625484428,1.200000000,0.481349639
0,3,1784882049.478570223,1357,13.570000162,7.446209700,-0.622509750,1.200000000,0.482301533
0,3,1784882049.478570223,1358,13.580000162,7.451599654,-0.619537146,1.200000000,0.483231674
0,3,1784882049.478570223,1359,13.590000162,7.456978363,-0.616566720,1.200000000,0.484140048
0,3,1784882049.478570223,1360,13.600000162,7.462345786,-0.613598573,1.200000000,0.485026638
0,3,1784882049.478570223,1361,13.610000162,7.467701884,-0.610632806,1.200000000,0.485891430
0,3,1784882049.478570223,1362,13.620000162,7.473046617,-0.607669519,1.200000000,0.486734410
0,3,1784882049.478570223,1363,13.630000162,7.478379950,-0.604708809,1.200000000,0.487555562
0,3,1784882049.478570223,1364,13.640000162,7.483701848,-0.601750774,1.200000000,0.488354871
0,3,1784882049.478570223,1365,13.650000162,7.489012278,-0.598795510,1.200000000,0.489132322
0,3,1784882049.478570223,1366,13.660000162,7.494311206,-0.595843110,1.200000000,0.489887901
0,3,1784882049.478570223,1367,13.670000162,7.499598603,-0.592893668,1.200000000,0.490621592
0,3,1784882049.478570223,1368,13.680000162,7.504874440,-0.589947276,1.200000000,0.491333381
0,3,1784882049.478570223,1369,13.690000162,7.510138688,-0.587004025,1.200000000,0.492023252
0,3,1784882049.478570223,1370,13.700000162,7.515391323,-0.584064003,1.200000000,0.492691190
0,3,1784882049.478570223,1371,13.710000162,7.520632318,-0.581127300,1.200000000,0.493337181
0,3,1784882049.478570223,1372,13.720000162,7.525861651,-0.578194003,1.200000000,0.493961209
0,3,1784882049.478570223,1373,13.730000162,7.531079300,-0.575264196,1.200000000,0.494563261
0,3,1784882049.478570223,1374,13.740000162,7.536285244,-0.572337964,1.200000000,0.495143319
0,3,1784882049.478570223,1375,13.750000162,7.541479465,-0.569415392,1.200000000,0.495701371
0,3,1784882049.478570223,1376,13.760000162,7.546661944,-0.566496560,1.200000000,0.496237400
0,3,1784882049.478570223,1377,13.770000162,7.551832666,-0.563581550,1.200000000,0.496751392
0,3,1784882049.478570223,1378,13.780000162,7.556991614,-0.560670441,1.200000000,0.497243332
0,3,1784882049.478570223,1379,13.790000162,7.562138776,-0.557763311,1.200000000,0.497713204
0,3,1784882049.478570223,1380,13.800000162,7.567274140,-0.554860238,1.200000000,0.498160995
0,3,1784882049.478570223,1381,13.810000162,7.572397693,-0.551961298,1.200000000,0.498586688
0,3,1784882049.478570223,1382,13.820000162,7.577509427,-0.549066566,1.200000000,0.498990270
0,3,1784882049.478570223,1383,13.830000162,7.582609332,-0.546176114,1.200000000,0.499371724
0,3,1784882049.478570223,1384,13.840000162,7.587697401,-0.543290017,1.200000000,0.499731037
0,3,1784882049.478570223,1385,13.850000162,7.592773628,-0.540408344,1.200000000,0.500068192
0,3,1784882049.478570223,1386,13.860000162,7.597838009,-0.537531166,1.200000000,0.500383176
0,3,1784882049.478570223,1387,13.870000162,7.602890538,-0.534658552,1.200000000,0.500675973
0,3,1784882049.478570223,1388,13.880000162,7.607931214,-0.531790570,1.200000000,0.500946568
0,3,1784882049.478570223,1389,13.890000162,7.612960034,-0.528927287,1.200000000,0.501194946
0,3,1784882049.478570223,1390,13.900000162,7.617976998,-0.526068767,1.200000000,0.501421092
0,3,1784882049.478570223,1391,13.910000162,7.622982107,-0.523215077,1.200000000,0.501624992
0,3,1784882049.478570223,1392,13.920000162,7.627975362,-0.520366279,1.200000000,0.501806630
0,3,1784882049.478570223,1393,13.930000162,7.632956764,-0.517522436,1.200000000,0.501965992
0,3,1784882049.478570223,1394,13.940000162,7.637926319,-0.514683609,1.200000000,0.502103062
0,3,1784882049.478570223,1395,13.950000162,7.642884029,-0.511849858,1.200000000,0.502217825
0,3,1784882049.478570223,1396,13.960000162,7.647829900,-0.509021243,1.200000000,0.502310267
0,3,1784882049.478570223,1397,13.970000162,7.652763937,-0.506197821,1.200000000,0.502380373
0,3,1784882049.478570223,1398,13.980000162,7.657686149,-0.503379651,1.200000000,0.502428127
0,3,1784882049.478570223,1399,13.990000162,7.662596541,-0.500566789,1.200000000,0.502453515
0,3,1784882049.478570223,1400,14.000000162,7.667495122,-0.497759289,1.200000000,0.502456521
0,3,1784882049.478570223,1401,14.010000162,7.672381901,-0.494957207,1.200000000,0.502437131
0,3,1784882049.478570223,1402,14.020000162,7.677256887,-0.492160596,1.200000000,0.502395330
0,3,1784882049.478570223,1403,14.030000162,7.682120091,-0.489369509,1.200000000,0.502331103
0,3,1784882049.478570223,1404,14.040000162,7.686971523,-0.486583996,1.200000000,0.502244434
0,3,1784882049.478570223,1405,14.050000162,7.691811195,-0.483804110,1.200000000,0.502135310
0,3,1784882049.478570223,1406,14.060000162,7.696639117,-0.481029901,1.200000000,0.502003714
0,3,1784882049.478570223,1407,14.070000162,7.701455302,-0.478261417,1.200000000,0.501849632
0,3,1784882049.478570223,1408,14.080000162,7.706259762,-0.475498707,1.200000000,0.501673049
0,3,1784882049.478570223,1409,14.090000162,7.711052511,-0.472741819,1.200000000,0.501473951
0,3,1784882049.478570223,1410,14.100000162,7.715833560,-0.469990801,1.200000000,0.501252321
0,3,1784882049.478570223,1411,14.110000162,7.720602923,-0.467245697,1.200000000,0.501008145
0,3,1784882049.478570223,1412,14.120000162,7.725360613,-0.464506554,1.200000000,0.500741409
0,3,1784882049.478570223,1413,14.130000162,7.730106644,-0.461773417,1.200000000,0.500452097
0,3,1784882049.478570223,1414,14.140000162,7.734841029,-0.459046330,1.200000000,0.500140194
0,3,1784882049.478570223,1415,14.150000162,7.739563782,-0.456325336,1.200000000,0.499805685
0,3,1784882049.478570223,1416,14.160000162,7.744274915,-0.453610480,1.200000000,0.499448555
0,3,1784882049.478570223,1417,14.170000162,7.748974443,-0.450901803,1.200000000,0.499068790
0,3,1784882049.478570223,1418,14.180000162,7.753662378,-0.448199348,1.200000000,0.498666374
0,3,1784882049.478570223,1419,14.190000162,7.758338733,-0.445503157,1.200000000,0.498241293
0,3,1784882049.478570223,1420,14.200000162,7.763003521,-0.442813269,1.200000000,0.497793531
0,3,1784882049.478570223,1421,14.210000162,7.767656753,-0.440129727,1.200000000,0.497323073
0,3,1784882049.478570223,1422,14.220000162,7.772298442,-0.437452571,1.200000000,0.496829906
0,3,1784882049.478570223,1423,14.230000162,7.776928599,-0.434781840,1.200000000,0.496314012
0,3,1784882049.478570223,1424,14.240000162,7.781547234,-0.432117574,1.200000000,0.495775379
0,3,1784882049.478570223,1425,14.250000162,7.786154357,-0.429459813,1.200000000,0.495213989
0,3,1784882049.478570223,1426,14.260000162,7.790749977,-0.426808596,1.200000000,0.494629830
0,3,1784882049.478570223,1427,14.270000162,7.795334103,-0.424163962,1.200000000,0.494022885
0,3,1784882049.478570223,1428,14.280000162,7.799906743,-0.421525949,1.200000000,0.493393141
0,3,1784882049.478570223,1429,14.290000162,7.804467902,-0.418894596,1.200000000,0.492740580
0,3,1784882049.478570223,1430,14.300000162,7.809017588,-0.416269942,1.200000000,0.492065190
0,3,1784882049.478570223,1431,14.310000162,7.813555804,-0.413652026,1.200000000,0.491366955
0,3,1784882049.478570223,1432,14.320000162,7.818082554,-0.411040885,1.200000000,0.490645860
0,3,1784882049.478570223,1433,14.330000162,7.822597840,-0.408436559,1.200000000,0.489901889
0,3,1784882049.478570223,1434,14.340000162,7.827101662,-0.405839085,1.200000000,0.489135029
0,3,1784882049.478570223,1435,14.350000162,7.831594021,-0.403248503,1.200000000,0.488345263
0,3,1784882049.478570223,1436,14.360000162,7.836074913,-0.400664852,1.200000000,0.487532578
0,3,1784882049.478570223,1437,14.370000162,7.840544336,-0.398088170,1.200000000,0.486696958
0,3,1784882049.478570223,1438,14.380000162,7.845002284,-0.395518496,1.200000000,0.485838388
0,3,1784882049.478570223,1439,14.390000162,7.849448750,-0.392955871,1.200000000,0.484956853
0,3,1784882049.478570223,1440,14.400000162,7.853883725,-0.390400334,1.200000000,0.484052338
0,3,1784882049.478570223,1441,14.410000162,7.858307198,-0.387851926,1.200000000,0.483124829
0,3,1784882049.478570223,1442,14.420000162,7.862719157,-0.385310687,1.200000000,0.482174310
0,3,1784882049.478570223,1443,14.430000162,7.867119585,-0.382776659,1.200000000,0.481200766
0,3,1784882049.478570223,1444,14.440000162,7.871508467,-0.380249883,1.200000000,0.480204183
0,3,1784882049.478570223,1445,14.450000162,7.875885782,-0.377730402,1.200000000,0.479184545
0,3,1784882049.478570223,1446,14.460000162,7.880251508,-0.375218258,1.200000000,0.478141838
0,3,1784882049.478570223,1447,14.470000162,7.884605620,-0.372713496,1.200000000,0.477076046
0,3,1784882049.478570223,1448,14.480000162,7.888948093,-0.370216159,1.200000000,0.475987155
0,3,1784882049.478570223,1449,14.490000162,7.893278895,-0.367726293,1.200000000,0.474875149
0,3,1784882049.478570223,1450,14.500000162,7.897597994,-0.365243945,1.200000000,0.473740014
0,3,1784882049.478570223,1451,14.510000162,7.901905355,-0.362769160,1.200000000,0.472581735
0,3,1784882049.478570223,1452,14.520000162,7.906200938,-0.360301987,1.200000000,0.471400296
0,3,1784882049.478570223,1453,14.530000162,7.910484703,-0.357842475,1.200000000,0.470195684
0,3,1784882049.478570223,1454,14.540000162,7.914756603,-0.355390674,1.200000000,0.468967882
0,3,1784882049.478570223,1455,14.550000162,7.919016590,-0.352946635,1.200000000,0.467716875
0,3,1784882049.478570223,1456,14.560000162,7.923264613,-0.350510411,1.200000000,0.466442650
0,3,1784882049.478570223,1457,14.570000162,7.927500616,-0.348082055,1.200000000,0.465145190
0,3,1784882049.478570223,1458,14.580000162,7.931724539,-0.345661622,1.200000000,0.463824482
0,3,1784882049.478570223,1459,14.590000162,7.935936319,-0.343249168,1.200000000,0.462480509
0,3,1784882049.478570223,1460,14.600000162,7.940135890,-0.340844752,1.200000000,0.461113258
0,3,1784882049.478570223,1461,14.610000162,7.944323179,-0.338448432,1.200000000,0.459722712
0,3,1784882049.478570223,1462,14.620000162,7.948498112,-0.336060270,1.200000000,0.458308858
0,3,1784882049.478570223,1463,14.630000162,7.952660609,-0.333680329,1.200000000,0.456871680
0,3,1784882049.478570223,1464,14.640000162,7.956810586,-0.331308671,1.200000000,0.455411163
0,3,1784882049.478570223,1465,14.650000162,7.960947953,-0.328945364,1.200000000,0.453927292
0,3,1784882049.478570223,1466,14.660000162,7.965072618,-0.326590476,1.200000000,0.452420053
0,3,1784882049.478570223,1467,14.670000162,7.969184481,-0.324244076,1.200000000,0.450889429
0,3,1784882049.478570223,1468,14.680000162,7.973283440,-0.321906236,1.200000000,0.449335407
0,3,1784882049.478570223,1469,14.690000162,7.977369386,-0.319577030,1.200000000,0.447757972
0,3,1784882049.478570223,1470,14.700000162,7.981442206,-0.317256534,1.200000000,0.446157108
0,3,1784882049.478570223,1471,14.710000162,7.985501779,-0.314944827,1.200000000,0.444532800
0,3,1784882049.478570223,1472,14.720000162,7.989547982,-0.312641989,1.200000000,0.442885034
0,3,1784882049.478570223,1473,14.730000162,7.993580683,-0.310348103,1.200000000,0.441213794
0,3,1784882049.478570223,1474,14.740000162,7.997599747,-0.308063254,1.200000000,0.439519066
0,3,1784882049.478570223,1475,14.750000162,8.001605032,-0.305787530,1.200000000,0.437800835
0,3,1784882049.478570223,1476,14.760000162,8.005596389,-0.303521023,1.200000000,0.436059085
0,3,1784882049.478570223,1477,14.770000162,8.009573664,-0.301263825,1.200000000,0.434293802
0,3,1784882049.478570223,1478,14.780000162,8.013536695,-0.299016031,1.200000000,0.432504971
0,3,1784882049.478570223,1479,14.790000162,8.017485315,-0.296777742,1.200000000,0.430692576
0,3,1784882049.478570223,1480,14.800000162,8.021419349,-0.294549058,1.200000000,0.428856604
0,3,1784882049.478570223,1481,14.810000162,8.025338617,-0.292330085,1.200000000,0.426997038
0,3,1784882049.478570223,1482,14.820000162,8.029242930,-0.290120930,1.200000000,0.425113864
0,3,1784882049.478570223,1483,14.830000162,8.033132093,-0.287921705,1.200000000,0.423207067
0,3,1784882049.478570223,1484,14.840000162,8.037005902,-0.285732523,1.200000000,0.421276632
0,3,1784882049.478570223,1485,14.850000162,8.040864148,-0.283553503,1.200000000,0.419322544
0,3,1784882049.478570223,1486,14.860000162,8.044706612,-0.281384766,1.200000000,0.417344788
0,3,1784882049.478570223,1487,14.870000162,8.048533068,-0.279226436,1.200000000,0.415343349
0,3,1784882049.478570223,1488,14.880000162,8.052343283,-0.277078642,1.200000000,0.413318212
0,3,1784882049.478570223,1489,14.890000162,8.056137013,-0.274941515,1.200000000,0.411269362
0,3,1784882049.478570223,1490,14.900000162,8.059914009,-0.272815192,1.200000000,0.409196785
0,3,1784882049.478570223,1491,14.910000162,8.063674012,-0.270699813,1.200000000,0.407100464
0,3,1784882049.478570223,1492,14.920000162,8.067416753,-0.268595521,1.200000000,0.404980387
0,3,1784882049.478570223,1493,14.930000162,8.071141956,-0.266502464,1.200000000,0.402836536
0,3,1784882049.478570223,1494,14.940000162,8.074849335,-0.264420795,1.200000000,0.400668898
0,3,1784882049.478570223,1495,14.950000162,8.078538594,-0.262350669,1.200000000,0.398477420
0,3,1784882049.478570223,1496,14.960000162,8.082209430,-0.260292247,1.200000000,0.396261601
0,3,1784882049.478570223,1497,14.970000162,8.085861527,-0.258245696,1.200000000,0.394020643
0,3,1784882049.478570223,1498,14.980000162,8.089494562,-0.256211185,1.200000000,0.391753740
0,3,1784882049.478570223,1499,14.990000162,8.093108201,-0.254188888,1.200000000,0.389460087
0,3,1784882049.478570223,1500,15.000000162,8.096702099,-0.252178984,1.200000000,0.387138882
0,3,1784882049.478570223,1501,15.010000162,8.100275901,-0.250181660,1.200000000,0.384789318
0,3,1784882049.478570223,1502,15.020000162,8.103829243,-0.248197102,1.200000000,0.382410592
0,3,1784882049.478570223,1503,15.030000162,8.107361748,-0.246225507,1.200000000,0.380001898
0,3,1784882049.478570223,1504,15.040000162,8.110873030,-0.244267073,1.200000000,0.377562432
0,3,1784882049.478570223,1505,15.050000162,8.114362690,-0.242322006,1.200000000,0.375091390
0,3,1784882049.478570223,1506,15.060000162,8.117830319,-0.240390516,1.200000000,0.372587968
0,3,1784882049.478570223,1507,15.070000162,8.121275498,-0.238472817,1.200000000,0.370051359
0,3,1784882049.478570223,1508,15.080000162,8.124697795,-0.236569132,1.200000000,0.367480761
0,3,1784882049.478570223,1509,15.090000162,8.128096767,-0.234679686,1.200000000,0.364875368
0,3,1784882049.478570223,1510,15.100000162,8.131471958,-0.232804712,1.200000000,0.362234376
0,3,1784882049.478570223,1511,15.110000162,8.134822904,-0.230944447,1.200000000,0.359556980
0,3,1784882049.478570223,1512,15.120000162,8.138149126,-0.229099134,1.200000000,0.356842375
0,3,1784882049.478570223,1513,15.130000162,8.141450136,-0.227269022,1.200000000,0.354089758
0,3,1784882049.478570223,1514,15.140000162,8.144725433,-0.225454364,1.200000000,0.351298324
0,3,1784882049.478570223,1515,15.150000162,8.147974505,-0.223655421,1.200000000,0.348467267
0,3,1784882049.478570223,1516,15.160000162,8.151196830,-0.221872456,1.200000000,0.345595784
0,3,1784882049.478570223,1517,15.170000162,8.154391871,-0.220105742,1.200000000,0.342683070
0,3,1784882049.478570223,1518,15.180000162,8.157559086,-0.218355552,1.200000000,0.339728320
0,3,1784882049.478570223,1519,15.190000162,8.160697917,-0.216622169,1.200000000,0.336730730
0,3,1784882049.478570223,1520,15.200000162,8.163807797,-0.214905877,1.200000000,0.333689496
0,3,1784882049.478570223,1521,15.210000162,8.166888152,-0.213206967,1.200000000,0.330603812
0,3,1784882049.478570223,1522,15.220000162,8.169938393,-0.211525735,1.200000000,0.327472874
0,3,1784882049.478570223,1523,15.230000162,8.172957925,-0.209862481,1.200000000,0.324295877
0,3,1784882049.478570223,1524,15.240000162,8.175946143,-0.208217508,1.200000000,0.321072018
0,3,1784882049.478570223,1525,15.250000162,8.178902433,-0.206591125,1.200000000,0.317800491
0,3,1784882049.478570223,1526,15.260000162,8.181826174,-0.204983644,1.200000000,0.314480492
0,3,1784882049.478570223,1527,15.270000162,8.184716737,-0.203395381,1.200000000,0.311111216
0,3,1784882049.478570223,1528,15.280000162,8.187573485,-0.201826654,1.200000000,0.307691859
0,3,1784882049.478570223,1529,15.290000162,8.190395776,-0.200277784,1.200000000,0.304221616
0,3,1784882049.478570223,1530,15.300000162,8.193182964,-0.198749095,1.200000000,0.300699683
0,3,1784882049.478570223,1531,15.310000162,8.195934396,-0.197240914,1.200000000,0.297125254
0,3,1784882049.478570223,1532,15.320000162,8.198649415,-0.195753567,1.200000000,0.293497527
0,3,1784882049.478570223,1533,15.330000162,8.201327364,-0.194287383,1.200000000,0.289815695
0,3,1784882049.478570223,1534,15.340000162,8.203967582,-0.192842691,1.200000000,0.286078955
0,3,1784882049.478570223,1535,15.350000162,8.206569408,-0.191419819,1.200000000,0.282286501
0,3,1784882049.478570223,1536,15.360000162,8.209132180,-0.190019098,1.200000000,0.278437530
0,3,1784882049.478570223,1537,15.370000162,8.211655240,-0.188640852,1.200000000,0.274531237
0,3,1784882049.478570223,1538,15.380000162,8.214137930,-0.187285409,1.200000000,0.270566816
0,3,1784882049.478570223,1539,15.390000162,8.216579598,-0.185953091,1.200000000,0.266543465
0,3,1784882049.478570223,1540,15.400000162,8.218979598,-0.184644217,1.200000000,0.262460377
0,3,1784882049.478570223,1541,15.410000162,8.221337289,-0.183359103,1.200000000,0.258316749
0,3,1784882049.478570223,1542,15.420000162,8.223652040,-0.182098059,1.200000000,0.254111775
0,3,1784882049.478570223,1543,15.430000162,8.225923230,-0.180861391,1.200000000,0.249844652
0,3,1784882049.478570223,1544,15.440000162,8.228150250,-0.179649396,1.200000000,0.245514575
0,3,1784882049.478570223,1545,15.450000162,8.230332505,-0.178462366,1.200000000,0.241120739
0,3,1784882049.478570223,1546,15.460000162,8.232469416,-0.177300582,1.200000000,0.236662340
0,3,1784882049.478570223,1547,15.470000162,8.234560420,-0.176164316,1.200000000,0.232138573
0,3,1784882049.478570223,1548,15.480000162,8.236604976,-0.175053831,1.200000000,0.227549050
0,3,1784882049.478570223,1549,15.490000162,8.238602563,-0.173969377,1.200000000,0.222896699
0,3,1784882049.478570223,1550,15.500000162,8.240552686,-0.172911189,1.200000000,0.218186040
0,3,1784882049.478570223,1551,15.510000162,8.242454875,-0.171879492,1.200000000,0.213421599
0,3,1784882049.478570223,1552,15.520000162,8.244308690,-0.170874491,1.200000000,0.208607904
0,3,1784882049.478570223,1553,15.530000162,8.246113721,-0.169896378,1.200000000,0.203749484
0,3,1784882049.478570223,1554,15.540000162,8.247869594,-0.168945325,1.200000000,0.198850865
0,3,1784882049.478570223,1555,15.550000162,8.249575971,-0.168021484,1.200000000,0.193916576
0,3,1784882049.478570223,1556,15.560000162,8.251232550,-0.167124989,1.200000000,0.188951144
0,3,1784882049.478570223,1557,15.570000162,8.252839075,-0.166255948,1.200000000,0.183959096
0,3,1784882049.478570223,1558,15.580000162,8.254395331,-0.165414449,1.200000000,0.178944962
0,3,1784882049.478570223,1559,15.590000162,8.255901150,-0.164600553,1.200000000,0.173913267
0,3,1784882049.478570223,1560,15.600000162,8.257356414,-0.163814298,1.200000000,0.168868541
0,3,1784882049.478570223,1561,15.610000162,8.258761056,-0.163055691,1.200000000,0.163815310
0,3,1784882049.478570223,1562,15.620000162,8.260115061,-0.162324714,1.200000000,0.158758103
0,3,1784882049.478570223,1563,15.630000162,8.261418472,-0.161621318,1.200000000,0.153701446
0,3,1784882049.478570223,1564,15.640000162,8.262671388,-0.160945423,1.200000000,0.148649869
0,3,1784882049.478570223,1565,15.650000162,8.263873969,-0.160296919,1.200000000,0.143607898
0,3,1784882049.478570223,1566,15.660000162,8.265026438,-0.159675662,1.200000000,0.138580061
0,3,1784882049.478570223,1567,15.670000162,8.266129078,-0.159081475,1.200000000,0.133570887
0,3,1784882049.478570223,1568,15.680000162,8.267182240,-0.158514146,1.200000000,0.128584902
0,3,1784882049.478570223,1569,15.690000162,8.268186339,-0.157973430,1.200000000,0.123626634
0,3,1784882049.478570223,1570,15.700000162,8.269141860,-0.157459044,1.200000000,0.118700611
0,3,1784882049.478570223,1571,15.710000162,8.270049353,-0.156970672,1.200000000,0.113811361
0,3,1784882049.478570223,1572,15.720000162,8.270909442,-0.156507960,1.200000000,0.108963412
0,3,1784882049.478570223,1573,15.730000162,8.271722815,-0.156070515,1.200000000,0.104161291
0,3,1784882049.478570223,1574,15.740000162,8.272490235,-0.155657913,1.200000000,0.099409526
0,3,1784882049.478570223,1575,15.750000162,8.273212531,-0.155269688,1.200000000,0.094712644
0,3,1784882049.478570223,1576,15.760000162,8.273890603,-0.154905340,1.200000000,0.090075173
0,3,1784882049.478570223,1577,15.770000162,8.274525421,-0.154564332,1.200000000,0.085501642
0,3,1784882049.478570223,1578,15.780000162,8.275118022,-0.154246092,1.200000000,0.080996577
0,3,1784882049.478570223,1579,15.790000162,8.275669509,-0.153950014,1.200000000,0.076564507
0,3,1784882049.478570223,1580,15.800000162,8.276181053,-0.153675455,1.200000000,0.072209959
0,3,1784882049.478570223,1581,15.810000162,8.276653885,-0.153421740,1.200000000,0.067937461
0,3,1784882049.478570223,1582,15.820000162,8.277089300,-0.153188165,1.200000000,0.063751540
0,3,1784882049.478570223,1583,15.830000162,8.277488649,-0.152973991,1.200000000,0.059656725
0,3,1784882049.478570223,1584,15.840000162,8.277853342,-0.152778453,1.200000000,0.055657542
0,3,1784882049.478570223,1585,15.850000162,8.278184836,-0.152600758,1.200000000,0.051758520
0,3,1784882049.478570223,1586,15.860000162,8.278484641,-0.152440089,1.200000000,0.047964187
0,3,1784882049.478570223,1587,15.870000162,8.278754307,-0.152295606,1.200000000,0.044279070
0,3,1784882049.478570223,1588,15.880000162,8.278995425,-0.152166447,1.200000000,0.040707696
0,3,1784882049.478570223,1589,15.890000162,8.279209620,-0.152051737,1.200000000,0.037254594
0,3,1784882049.478570223,1590,15.900000162,8.279398543,-0.151950583,1.200000000,0.033924291
0,3,1784882049.478570223,1591,15.910000162,8.279563869,-0.151862083,1.200000000,0.030721316
0,3,1784882049.478570223,1592,15.920000162,8.279707287,-0.151785327,1.200000000,0.027650194
0,3,1784882049.478570223,1593,15.930000162,8.279830495,-0.151719401,1.200000000,0.024715455
0,3,1784882049.478570223,1594,15.940000162,8.279935188,-0.151663392,1.200000000,0.021921626
0,3,1784882049.478570223,1595,15.950000162,8.280023056,-0.151616395,1.200000000,0.019273235
0,3,1784882049.478570223,1596,15.960000162,8.280095771,-0.151577509,1.200000000,0.016774810
0,3,1784882049.478570223,1597,15.970000162,8.280154978,-0.151545854,1.200000000,0.014430877
0,3,1784882049.478570223,1598,15.980000162,8.280202285,-0.151520566,1.200000000,0.012245966
0,3,1784882049.478570223,1599,15.990000162,8.280239251,-0.151500808,1.200000000,0.010224603
0,3,1784882049.478570223,1600,16.000000162,8.280267381,-0.151485777,1.200000000,0.008371316
0,3,1784882049.478570223,1601,16.010000162,8.280288103,-0.151474706,1.200000000,0.006690633
0,3,1784882049.478570223,1602,16.020000162,8.280302767,-0.151466872,1.200000000,0.005187082
0,3,1784882049.478570223,1603,16.030000162,8.280312623,-0.151461608,1.200000000,0.003865190
0,3,1784882049.478570223,1604,16.040000162,8.280318812,-0.151458304,1.200000000,0.002729486
0,3,1784882049.478570223,1605,16.050000162,8.280322348,-0.151456416,1.200000000,0.001784496
0,3,1784882049.478570223,1606,16.060000162,8.280324106,-0.151455477,1.200000000,0.001034749
0,3,1784882049.478570223,1607,16.070000162,8.280324803,-0.151455105,1.200000000,0.000484772
0,3,1784882049.478570223,1608,16.080000162,8.280324984,-0.151455009,1.200000000,0.000139093
0,3,1784882049.478570223,1609,16.090000162,8.280325000,-0.151455000,1.200000000,0.000002240
0,3,1784882049.478570223,1610,16.091447705,8.280325000,-0.151455000,1.200000000,0.000000000
