trajectory_index,trajectory_id,trajectory_stamp,point_index,t,x,y,z,yaw
0,1087,1784881047.847963333,0,0.000000149,-0.261959000,-0.006230000,1.200000000,-0.039639000
0,1087,1784881047.847963333,1,0.010000149,-0.261958995,-0.006229999,1.200000000,-0.039641606
0,1087,1784881047.847963333,2,0.020000149,-0.261958919,-0.006229989,1.200000000,-0.039649313
0,1087,1784881047.847963333,3,0.030000149,-0.261958597,-0.006229943,1.200000000,-0.039661956
0,1087,1784881047.847963333,4,0.040000149,-0.261957741,-0.006229823,1.200000000,-0.039679373
0,1087,1784881047.847963333,5,0.050000149,-0.261955965,-0.006229573,1.200000000,-0.039701396
0,1087,1784881047.847963333,6,0.060000149,-0.261952784,-0.006229126,1.200000000,-0.039727863
0,1087,1784881047.847963333,7,0.070000149,-0.261947628,-0.006228401,1.200000000,-0.039758609
0,1087,1784881047.847963333,8,0.080000149,-0.261939843,-0.006227306,1.200000000,-0.039793468
0,1087,1784881047.847963333,9,0.090000149,-0.261928699,-0.006225739,1.200000000,-0.039832277
0,1087,1784881047.847963333,10,0.100000149,-0.261913397,-0.006223588,1.200000000,-0.039874871
0,1087,1784881047.847963333,11,0.110000149,-0.261893073,-0.006220731,1.200000000,-0.039921084
0,1087,1784881047.847963333,12,0.120000149,-0.261866806,-0.006217039,1.200000000,-0.039970754
0,1087,1784881047.847963333,13,0.130000149,-0.261833622,-0.006212375,1.200000000,-0.040023714
0,1087,1784881047.847963333,14,0.140000149,-0.261792498,-0.006206596,1.200000000,-0.040079801
0,1087,1784881047.847963333,15,0.150000149,-0.261742370,-0.006199552,1.200000000,-0.040138850
0,1087,1784881047.847963333,16,0.160000149,-0.261682135,-0.006191089,1.200000000,-0.040200697
0,1087,1784881047.847963333,17,0.170000149,-0.261610657,-0.006181047,1.200000000,-0.040265176
0,1087,1784881047.847963333,18,0.180000149,-0.261526773,-0.006169264,1.200000000,-0.040332123
0,1087,1784881047.847963333,19,0.190000149,-0.261429293,-0.006155572,1.200000000,-0.040401374
0,1087,1784881047.847963333,20,0.200000149,-0.261317009,-0.006139803,1.200000000,-0.040472764
0,1087,1784881047.847963333,21,0.210000149,-0.261188695,-0.006121784,1.200000000,-0.040546128
0,1087,1784881047.847963333,22,0.220000149,-0.261043116,-0.006101343,1.200000000,-0.040621302
0,1087,1784881047.847963333,23,0.230000149,-0.260879023,-0.006078305,1.200000000,-0.040698121
0,1087,1784881047.847963333,24,0.240000149,-0.260695165,-0.006052495,1.200000000,-0.040776421
0,1087,1784881047.847963333,25,0.250000149,-0.260490290,-0.006023739,1.200000000,-0.040856038
0,1087,1784881047.847963333,26,0.260000149,-0.260263143,-0.005991860,1.200000000,-0.040936805
0,1087,1784881047.847963333,27,0.270000149,-0.260012476,-0.005956686,1.200000000,-0.041018560
0,1087,1784881047.847963333,28,0.280000149,-0.259737048,-0.005918041,1.200000000,-0.041101137
0,1087,1784881047.847963333,29,0.290000149,-0.259435625,-0.005875755,1.200000000,-0.041184372
0,1087,1784881047.847963333,30,0.300000149,-0.259106987,-0.005829657,1.200000000,-0.041268100
0,1087,1784881047.847963333,31,0.310000149,-0.258749928,-0.005779580,1.200000000,-0.041352157
0,1087,1784881047.847963333,32,0.320000149,-0.258363258,-0.005725358,1.200000000,-0.041436378
0,1087,1784881047.847963333,33,0.330000149,-0.257945808,-0.005666828,1.200000000,-0.041520599
0,1087,1784881047.847963333,34,0.340000149,-0.257496426,-0.005603830,1.200000000,-0.041604654
0,1087,1784881047.847963333,35,0.350000149,-0.257013985,-0.005536208,1.200000000,-0.041688380
0,1087,1784881047.847963333,36,0.360000149,-0.256497382,-0.005463809,1.200000000,-0.041771611
0,1087,1784881047.847963333,37,0.370000149,-0.255945540,-0.005386484,1.200000000,-0.041854184
0,1087,1784881047.847963333,38,0.380000149,-0.255357408,-0.005304087,1.200000000,-0.041935933
0,1087,1784881047.847963333,39,0.390000149,-0.254731965,-0.005216478,1.200000000,-0.042016694
0,1087,1784881047.847963333,40,0.400000149,-0.254068220,-0.005123519,1.200000000,-0.042096303
0,1087,1784881047.847963333,41,0.410000149,-0.253365211,-0.005025079,1.200000000,-0.042174595
0,1087,1784881047.847963333,42,0.420000149,-0.252622010,-0.004921029,1.200000000,-0.042251405
0,1087,1784881047.847963333,43,0.430000149,-0.251837722,-0.004811247,1.200000000,-0.042326568
0,1087,1784881047.847963333,44,0.440000149,-0.251011485,-0.004695615,1.200000000,-0.042399921
0,1087,1784881047.847963333,45,0.450000149,-0.250142470,-0.004574019,1.200000000,-0.042471298
0,1087,1784881047.847963333,46,0.460000149,-0.249229886,-0.004446352,1.200000000,-0.042540535
0,1087,1784881047.847963333,47,0.470000149,-0.248272976,-0.004312510,1.200000000,-0.042607468
0,1087,1784881047.847963333,48,0.480000149,-0.247271018,-0.004172396,1.200000000,-0.042671932
0,1087,1784881047.847963333,49,0.490000149,-0.246223328,-0.004025917,1.200000000,-0.042733761
0,1087,1784881047.847963333,50,0.500000149,-0.245129257,-0.003872987,1.200000000,-0.042792793
0,1087,1784881047.847963333,51,0.510000149,-0.243988195,-0.003713522,1.200000000,-0.042848861
0,1087,1784881047.847963333,52,0.520000149,-0.242799566,-0.003547447,1.200000000,-0.042901802
0,1087,1784881047.847963333,53,0.530000149,-0.241562833,-0.003374689,1.200000000,-0.042951451
0,1087,1784881047.847963333,54,0.540000149,-0.240277494,-0.003195184,1.200000000,-0.042997644
0,1087,1784881047.847963333,55,0.550000149,-0.238943086,-0.003008869,1.200000000,-0.043040215
0,1087,1784881047.847963333,56,0.560000149,-0.237559179,-0.002815691,1.200000000,-0.043079000
0,1087,1784881047.847963333,57,0.570000149,-0.236125382,-0.002615597,1.200000000,-0.043113835
0,1087,1784881047.847963333,58,0.580000149,-0.234641340,-0.002408544,1.200000000,-0.043144555
0,1087,1784881047.847963333,59,0.590000149,-0.233106731,-0.002194490,1.200000000,-0.043170995
0,1087,1784881047.847963333,60,0.600000149,-0.231521269,-0.001973402,1.200000000,-0.043192992
0,1087,1784881047.847963333,61,0.610000149,-0.229884705,-0.001745248,1.200000000,-0.043210379
0,1087,1784881047.847963333,62,0.620000149,-0.228196822,-0.001510005,1.200000000,-0.043222994
0,1087,1784881047.847963333,63,0.630000149,-0.226457435,-0.001267651,1.200000000,-0.043230670
0,1087,1784881047.847963333,64,0.640000149,-0.224666395,-0.001018172,1.200000000,-0.043233244
0,1087,1784881047.847963333,65,0.650000149,-0.222823583,-0.000761555,1.200000000,-0.043230551
0,1087,1784881047.847963333,66,0.660000149,-0.220928913,-0.000497796,1.200000000,-0.043222427
0,1087,1784881047.847963333,67,0.670000149,-0.218982329,-0.000226892,1.200000000,-0.043208706
0,1087,1784881047.847963333,68,0.680000149,-0.216983806,0.000051154,1.200000000,-0.043189225
0,1087,1784881047.847963333,69,0.690000149,-0.214933346,0.000336336,1.200000000,-0.043163818
0,1087,1784881047.847963333,70,0.700000149,-0.212830983,0.000628642,1.200000000,-0.043132321
0,1087,1784881047.847963333,71,0.710000149,-0.210676777,0.000928059,1.200000000,-0.043094570
0,1087,1784881047.847963333,72,0.720000149,-0.208470814,0.001234566,1.200000000,-0.043050400
0,1087,1784881047.847963333,73,0.730000149,-0.206213208,0.001548141,1.200000000,-0.042999646
0,1087,1784881047.847963333,74,0.740000149,-0.203904096,0.001868759,1.200000000,-0.042942144
0,1087,1784881047.847963333,75,0.750000149,-0.201543642,0.002196389,1.200000000,-0.042877729
0,1087,1784881047.847963333,76,0.760000149,-0.199132031,0.002530999,1.200000000,-0.042806237
0,1087,1784881047.847963333,77,0.770000149,-0.196669473,0.002872551,1.200000000,-0.042727503
0,1087,1784881047.847963333,78,0.780000149,-0.194156198,0.003221006,1.200000000,-0.042641362
0,1087,1784881047.847963333,79,0.790000149,-0.191592457,0.003576321,1.200000000,-0.042547650
0,1087,1784881047.847963333,80,0.800000149,-0.188978523,0.003938452,1.200000000,-0.042446231
0,1087,1784881047.847963333,81,0.810000149,-0.186314687,0.004307348,1.200000000,-0.042337130
0,1087,1784881047.847963333,82,0.820000149,-0.183601257,0.004682960,1.200000000,-0.042220436
0,1087,1784881047.847963333,83,0.830000149,-0.180838562,0.005065234,1.200000000,-0.042096234
0,1087,1784881047.847963333,84,0.840000149,-0.178026944,0.005454113,1.200000000,-0.041964612
0,1087,1784881047.847963333,85,0.850000149,-0.175166765,0.005849540,1.200000000,-0.041825657
0,1087,1784881047.847963333,86,0.860000149,-0.172258399,0.006251452,1.200000000,-0.041679455
0,1087,1784881047.847963333,87,0.870000149,-0.169302237,0.006659788,1.200000000,-0.041526093
0,1087,1784881047.847963333,88,0.880000149,-0.166298682,0.007074483,1.200000000,-0.041365659
0,1087,1784881047.847963333,89,0.890000149,-0.163248151,0.007495470,1.200000000,-0.041198239
0,1087,1784881047.847963333,90,0.900000149,-0.160151074,0.007922680,1.200000000,-0.041023919
0,1087,1784881047.847963333,91,0.910000149,-0.157007892,0.008356043,1.200000000,-0.040842788
0,1087,1784881047.847963333,92,0.920000149,-0.153819057,0.008795486,1.200000000,-0.040654931
0,1087,1784881047.847963333,93,0.930000149,-0.150585031,0.009240938,1.200000000,-0.040460436
0,1087,1784881047.847963333,94,0.940000149,-0.147306288,0.009692322,1.200000000,-0.040259389
0,1087,1784881047.847963333,95,0.950000149,-0.143983309,0.010149563,1.200000000,-0.040051878
0,1087,1784881047.847963333,96,0.960000149,-0.140616584,0.010612583,1.200000000,-0.039837989
0,1087,1784881047.847963333,97,0.970000149,-0.137206610,0.011081303,1.200000000,-0.039617809
0,1087,1784881047.847963333,98,0.980000149,-0.133753893,0.011555644,1.200000000,-0.039391424
0,1087,1784881047.847963333,99,0.990000149,-0.130258945,0.012035525,1.200000000,-0.039158923
0,1087,1784881047.847963333,100,1.000000149,-0.126722284,0.012520864,1.200000000,-0.038920391
0,1087,1784881047.847963333,101,1.010000149,-0.123144433,0.013011580,1.200000000,-0.038675916
0,1087,1784881047.847963333,102,1.020000149,-0.119525923,0.013507588,1.200000000,-0.038425585
0,1087,1784881047.847963333,103,1.030000149,-0.115867285,0.014008806,1.200000000,-0.038169484
0,1087,1784881047.847963333,104,1.040000149,-0.112169057,0.014515148,1.200000000,-0.037907700
0,1087,1784881047.847963333,105,1.050000149,-0.108431781,0.015026530,1.200000000,-0.037640320
0,1087,1784881047.847963333,106,1.060000149,-0.104655999,0.015542867,1.200000000,-0.037367431
0,1087,1784881047.847963333,107,1.070000149,-0.100842259,0.016064072,1.200000000,-0.037089119
0,1087,1784881047.847963333,108,1.080000149,-0.096991108,0.016590060,1.200000000,-0.036805473
0,1087,1784881047.847963333,109,1.090000149,-0.093103097,0.017120745,1.200000000,-0.036516578
0,1087,1784881047.847963333,110,1.100000149,-0.089178777,0.017656040,1.200000000,-0.036222521
0,1087,1784881047.847963333,111,1.110000149,-0.085218699,0.018195859,1.200000000,-0.035923390
0,1087,1784881047.847963333,112,1.120000149,-0.081223417,0.018740114,1.200000000,-0.035619271
0,1087,1784881047.847963333,113,1.130000149,-0.077193483,0.019288721,1.200000000,-0.035310251
0,1087,1784881047.847963333,114,1.140000149,-0.073129447,0.019841592,1.200000000,-0.034996418
0,1087,1784881047.847963333,115,1.150000149,-0.069031861,0.020398641,1.200000000,-0.034677856
0,1087,1784881047.847963333,116,1.160000149,-0.064901274,0.020959781,1.200000000,-0.034354655
0,1087,1784881047.847963333,117,1.170000149,-0.060738234,0.021524928,1.200000000,-0.034026900
0,1087,1784881047.847963333,118,1.180000149,-0.056543287,0.022093996,1.200000000,-0.033694679
0,1087,1784881047.847963333,119,1.190000149,-0.052316977,0.022666899,1.200000000,-0.033358078
0,1087,1784881047.847963333,120,1.200000149,-0.048059844,0.023243553,1.200000000,-0.033017184
0,1087,1784881047.847963333,121,1.210000149,-0.043772426,0.023823874,1.200000000,-0.032672084
0,1087,1784881047.847963333,122,1.220000149,-0.039455259,0.024407778,1.200000000,-0.032322865
0,1087,1784881047.847963333,123,1.230000149,-0.035108872,0.024995182,1.200000000,-0.031969614
0,1087,1784881047.847963333,124,1.240000149,-0.030733794,0.025586002,1.200000000,-0.031612418
0,1087,1784881047.847963333,125,1.250000149,-0.026330546,0.026180159,1.200000000,-0.031251363
0,1087,1784881047.847963333,126,1.260000149,-0.021899649,0.026777569,1.200000000,-0.030886536
0,1087,1784881047.847963333,127,1.270000149,-0.017441614,0.027378153,1.200000000,-0.030518025
0,1087,1784881047.847963333,128,1.280000149,-0.012956952,0.027981831,1.200000000,-0.030145917
0,1087,1784881047.847963333,129,1.290000149,-0.008446166,0.028588524,1.200000000,-0.029770297
0,1087,1784881047.847963333,130,1.300000149,-0.003909754,0.029198154,1.200000000,-0.029391253
0,1087,1784881047.847963333,131,1.310000149,0.000651791,0.029810644,1.200000000,-0.029008872
0,1087,1784881047.847963333,132,1.320000149,0.005237982,0.030425918,1.200000000,-0.028623240
0,1087,1784881047.847963333,133,1.330000149,0.009848340,0.031043900,1.200000000,-0.028234446
0,1087,1784881047.847963333,134,1.340000149,0.014482388,0.031664517,1.200000000,-0.027842574
0,1087,1784881047.847963333,135,1.350000149,0.019139660,0.032287694,1.200000000,-0.027447713
0,1087,1784881047.847963333,136,1.360000149,0.023819694,0.032913359,1.200000000,-0.027049949
0,1087,1784881047.847963333,137,1.370000149,0.028522036,0.033541442,1.200000000,-0.026649370
0,1087,1784881047.847963333,138,1.380000149,0.033246238,0.034171873,1.200000000,-0.026246061
0,1087,1784881047.847963333,139,1.390000149,0.037991859,0.034804581,1.200000000,-0.025840110
0,1087,1784881047.847963333,140,1.400000149,0.042758466,0.035439501,1.200000000,-0.025431603
0,1087,1784881047.847963333,141,1.410000149,0.047545634,0.036076564,1.200000000,-0.025020628
0,1087,1784881047.847963333,142,1.420000149,0.052352944,0.036715706,1.200000000,-0.024607272
0,1087,1784881047.847963333,143,1.430000149,0.057179986,0.037356862,1.200000000,-0.024191621
0,1087,1784881047.847963333,144,1.440000149,0.062026356,0.037999970,1.200000000,-0.023773762
0,1087,1784881047.847963333,145,1.450000149,0.066891660,0.038644967,1.200000000,-0.023353782
0,1087,1784881047.847963333,146,1.460000149,0.071775510,0.039291793,1.200000000,-0.022931768
0,1087,1784881047.847963333,147,1.470000149,0.076677527,0.039940390,1.200000000,-0.022507807
0,1087,1784881047.847963333,148,1.480000149,0.081597341,0.040590698,1.200000000,-0.022081985
0,1087,1784881047.847963333,149,1.490000149,0.086534588,0.041242662,1.200000000,-0.021654391
0,1087,1784881047.847963333,150,1.500000149,0.091488914,0.041896227,1.200000000,-0.021225109
0,1087,1784881047.847963333,151,1.510000149,0.096459972,0.042551337,1.200000000,-0.020794228
0,1087,1784881047.847963333,152,1.520000149,0.101447425,0.043207942,1.200000000,-0.020361834
0,1087,1784881047.847963333,153,1.530000149,0.106450944,0.043865990,1.200000000,-0.019928014
0,1087,1784881047.847963333,154,1.540000149,0.111470206,0.044525430,1.200000000,-0.019492855
0,1087,1784881047.847963333,155,1.550000149,0.116504901,0.045186216,1.200000000,-0.019056444
0,1087,1784881047.847963333,156,1.560000149,0.121554723,0.045848298,1.200000000,-0.018618867
0,1087,1784881047.847963333,157,1.570000149,0.126619376,0.046511633,1.200000000,-0.018180212
0,1087,1784881047.847963333,158,1.580000149,0.131698575,0.047176176,1.200000000,-0.017740565
0,1087,1784881047.847963333,159,1.590000149,0.136792040,0.047841883,1.200000000,-0.017300014
0,1087,1784881047.847963333,160,1.600000149,0.141899502,0.048508714,1.200000000,-0.016858645
0,1087,1784881047.847963333,161,1.610000149,0.147020699,0.049176628,1.200000000,-0.016416545
0,1087,1784881047.847963333,162,1.620000149,0.152155378,0.049845588,1.200000000,-0.015973801
0,1087,1784881047.847963333,163,1.630000149,0.157303294,0.050515555,1.200000000,-0.015530499
0,1087,1784881047.847963333,164,1.640000149,0.162464213,0.051186494,1.200000000,-0.015086728
0,1087,1784881047.847963333,165,1.650000149,0.167637906,0.051858372,1.200000000,-0.014642573
0,1087,1784881047.847963333,166,1.660000149,0.172824153,0.052531153,1.200000000,-0.014198121
0,1087,1784881047.847963333,167,1.670000149,0.178022746,0.053204809,1.200000000,-0.013753459
0,1087,1784881047.847963333,168,1.680000149,0.183233480,0.053879307,1.200000000,-0.013308675
0,1087,1784881047.847963333,169,1.690000149,0.188456162,0.054554620,1.200000000,-0.012863855
0,1087,1784881047.847963333,170,1.700000149,0.193690606,0.055230720,1.200000000,-0.012419086
0,1087,1784881047.847963333,171,1.710000149,0.198936634,0.055907581,1.200000000,-0.011974454
0,1087,1784881047.847963333,172,1.720000149,0.204194077,0.056585179,1.200000000,-0.011530047
0,1087,1784881047.847963333,173,1.730000149,0.209462773,0.057263491,1.200000000,-0.011085952
0,1087,1784881047.847963333,174,1.740000149,0.214742568,0.057942495,1.200000000,-0.010642255
0,1087,1784881047.847963333,175,1.750000149,0.220033317,0.058622170,1.200000000,-0.010199043
0,1087,1784881047.847963333,176,1.760000149,0.225334880,0.059302497,1.200000000,-0.009756404
0,1087,1784881047.847963333,177,1.770000149,0.230647129,0.059983459,1.200000000,-0.009314423
0,1087,1784881047.847963333,178,1.780000149,0.235969940,0.060665040,1.200000000,-0.008873189
0,1087,1784881047.847963333,179,1.790000149,0.241303199,0.061347224,1.200000000,-0.008432787
0,1087,1784881047.847963333,180,1.800000149,0.246646796,0.062029998,1.200000000,-0.007993305
0,1087,1784881047.847963333,181,1.810000149,0.252000633,0.062713349,1.200000000,-0.007554830
0,1087,1784881047.847963333,182,1.820000149,0.257364615,0.063397266,1.200000000,-0.007117447
0,1087,1784881047.847963333,183,1.830000149,0.262738657,0.064081739,1.200000000,-0.006681246
0,1087,1784881047.847963333,184,1.840000149,0.268122678,0.064766760,1.200000000,-0.006246311
0,1087,1784881047.847963333,185,1.850000149,0.273516608,0.065452322,1.200000000,-0.005812730
0,1087,1784881047.847963333,186,1.860000149,0.278920380,0.066138418,1.200000000,-0.005380590
0,1087,1784881047.847963333,187,1.870000149,0.284333936,0.066825043,1.200000000,-0.004949978
0,1087,1784881047.847963333,188,1.880000149,0.289757223,0.067512194,1.200000000,-0.004520981
0,1087,1784881047.847963333,189,1.890000149,0.295190195,0.068199868,1.200000000,-0.004093685
0,1087,1784881047.847963333,190,1.900000149,0.300632812,0.068888064,1.200000000,-0.003668178
0,1087,1784881047.847963333,191,1.910000149,0.306085041,0.069576782,1.200000000,-0.003244546
0,1087,1784881047.847963333,192,1.920000149,0.311546853,0.070266023,1.200000000,-0.002822876
0,1087,1784881047.847963333,193,1.930000149,0.317018228,0.070955788,1.200000000,-0.002403255
0,1087,1784881047.847963333,194,1.940000149,0.322499148,0.071646082,1.200000000,-0.001985770
0,1087,1784881047.847963333,195,1.950000149,0.327989604,0.072336908,1.200000000,-0.001570508
0,1087,1784881047.847963333,196,1.960000149,0.333489590,0.073028272,1.200000000,-0.001157555
0,1087,1784881047.847963333,197,1.970000149,0.338999105,0.073720179,1.200000000,-0.000746999
0,1087,1784881047.847963333,198,1.980000149,0.344518156,0.074412639,1.200000000,-0.000338926
0,1087,1784881047.847963333,199,1.990000149,0.350046753,0.075105658,1.200000000,0.000066576
0,1087,1784881047.847963333,200,2.000000149,0.355584910,0.075799247,1.200000000,0.000469421
0,1087,1784881047.847963333,201,2.010000149,0.361132646,0.076493415,1.200000000,0.000869522
0,1087,1784881047.847963333,202,2.020000149,0.366689988,0.077188174,1.200000000,0.001266793
0,1087,1784881047.847963333,203,2.030000149,0.372256961,0.077883537,1.200000000,0.001661145
0,1087,1784881047.847963333,204,2.040000149,0.377833600,0.078579516,1.200000000,0.002052493
0,1087,1784881047.847963333,205,2.050000149,0.383419942,0.079276125,1.200000000,0.002440750
0,1087,1784881047.847963333,206,2.060000149,0.389016026,0.079973379,1.200000000,0.002825828
0,1087,1784881047.847963333,207,2.070000149,0.394621897,0.080671294,1.200000000,0.003207640
0,1087,1784881047.847963333,208,2.080000149,0.400237603,0.081369887,1.200000000,0.003586101
0,1087,1784881047.847963333,209,2.090000149,0.405863196,0.082069174,1.200000000,0.003961123
0,1087,1784881047.847963333,210,2.100000149,0.411498730,0.082769174,1.200000000,0.004332618
0,1087,1784881047.847963333,211,2.110000149,0.417144262,0.083469905,1.200000000,0.004700501
0,1087,1784881047.847963333,212,2.120000149,0.422799854,0.084171387,1.200000000,0.005064684
0,1087,1784881047.847963333,213,2.130000149,0.428465568,0.084873640,1.200000000,0.005425081
0,1087,1784881047.847963333,214,2.140000149,0.434141470,0.085576685,1.200000000,0.005781604
0,1087,1784881047.847963333,215,2.150000149,0.439827630,0.086280544,1.200000000,0.006134168
0,1087,1784881047.847963333,216,2.160000149,0.445524117,0.086985238,1.200000000,0.006482684
0,1087,1784881047.847963333,217,2.170000149,0.451231005,0.087690790,1.200000000,0.006827065
0,1087,1784881047.847963333,218,2.180000149,0.456948368,0.088397224,1.200000000,0.007167227
0,1087,1784881047.847963333,219,2.190000149,0.462676283,0.089104563,1.200000000,0.007503080
0,1087,1784881047.847963333,220,2.200000149,0.468414827,0.089812832,1.200000000,0.007834538
0,1087,1784881047.847963333,221,2.210000149,0.474164082,0.090522056,1.200000000,0.008161516
0,1087,1784881047.847963333,222,2.220000149,0.479924127,0.091232260,1.200000000,0.008483924
0,1087,1784881047.847963333,223,2.230000149,0.485695046,0.091943470,1.200000000,0.008801678
0,1087,1784881047.847963333,224,2.240000149,0.491476920,0.092655712,1.200000000,0.009114689
0,1087,1784881047.847963333,225,2.250000149,0.497269835,0.093369013,1.200000000,0.009422872
0,1087,1784881047.847963333,226,2.260000149,0.503073876,0.094083399,1.200000000,0.009726138
0,1087,1784881047.847963333,227,2.270000149,0.508889127,0.094798899,1.200000000,0.010024402
0,1087,1784881047.847963333,228,2.280000149,0.514715675,0.095515540,1.200000000,0.010317576
0,1087,1784881047.847963333,229,2.290000149,0.520553605,0.096233349,1.200000000,0.010605573
0,1087,1784881047.847963333,230,2.300000149,0.526403004,0.096952356,1.200000000,0.010888307
0,1087,1784881047.847963333,231,2.310000149,0.532263959,0.097672589,1.200000000,0.011165691
0,1087,1784881047.847963333,232,2.320000149,0.538136554,0.098394077,1.200000000,0.011437638
0,1087,1784881047.847963333,233,2.330000149,0.544020877,0.099116849,1.200000000,0.011704061
0,1087,1784881047.847963333,234,2.340000149,0.549917013,0.099840934,1.200000000,0.011964873
0,1087,1784881047.847963333,235,2.350000149,0.555825046,0.100566361,1.200000000,0.012219987
0,1087,1784881047.847963333,236,2.360000149,0.561745060,0.101293161,1.200000000,0.012469317
0,1087,1784881047.847963333,237,2.370000149,0.567677139,0.102021362,1.200000000,0.012712775
0,1087,1784881047.847963333,238,2.380000149,0.573621366,0.102750996,1.200000000,0.012950274
0,1087,1784881047.847963333,239,2.390000149,0.579577821,0.103482091,1.200000000,0.013181729
0,1087,1784881047.847963333,240,2.400000149,0.585546585,0.104214677,1.200000000,0.013407051
0,1087,1784881047.847963333,241,2.410000149,0.591527737,0.104948786,1.200000000,0.013626156
0,1087,1784881047.847963333,242,2.420000149,0.597521354,0.105684446,1.200000000,0.013839021
0,1087,1784881047.847963333,243,2.430000149,0.603527512,0.106421689,1.200000000,0.014045712
0,1087,1784881047.847963333,244,2.440000149,0.609546286,0.107160543,1.200000000,0.014246300
0,1087,1784881047.847963333,245,2.450000149,0.615577748,0.107901039,1.200000000,0.014440858
0,1087,1784881047.847963333,246,2.460000149,0.621621968,0.108643207,1.200000000,0.014629457
0,1087,1784881047.847963333,247,2.470000149,0.627679017,0.109387077,1.200000000,0.014812168
0,1087,1784881047.847963333,248,2.480000149,0.633748960,0.110132678,1.200000000,0.014989065
0,1087,1784881047.847963333,249,2.490000149,0.639831862,0.110880041,1.200000000,0.015160218
0,1087,1784881047.847963333,250,2.500000149,0.645927786,0.111629194,1.200000000,0.015325699
0,1087,1784881047.847963333,251,2.510000149,0.652036793,0.112380167,1.200000000,0.015485580
0,1087,1784881047.847963333,252,2.520000149,0.658158939,0.113132990,1.200000000,0.015639933
0,1087,1784881047.847963333,253,2.530000149,0.664294281,0.113887692,1.200000000,0.015788830
0,1087,1784881047.847963333,254,2.540000149,0.670442872,0.114644301,1.200000000,0.015932342
0,1087,1784881047.847963333,255,2.550000149,0.676604762,0.115402845,1.200000000,0.016070541
0,1087,1784881047.847963333,256,2.560000149,0.682779999,0.116163354,1.200000000,0.016203499
0,1087,1784881047.847963333,257,2.570000149,0.688968628,0.116925855,1.200000000,0.016331288
0,1087,1784881047.847963333,258,2.580000149,0.695170692,0.117690377,1.200000000,0.016453979
0,1087,1784881047.847963333,259,2.590000149,0.701386229,0.118456946,1.200000000,0.016571645
0,1087,1784881047.847963333,260,2.600000149,0.707615277,0.119225591,1.200000000,0.016684357
0,1087,1784881047.847963333,261,2.610000149,0.713857869,0.119996338,1.200000000,0.016792186
0,1087,1784881047.847963333,262,2.620000149,0.720114036,0.120769213,1.200000000,0.016895205
0,1087,1784881047.847963333,263,2.630000149,0.726383806,0.121544243,1.200000000,0.016993486
0,1087,1784881047.847963333,264,2.640000149,0.732667204,0.122321455,1.200000000,0.017087099
0,1087,1784881047.847963333,265,2.650000149,0.738964250,0.123100872,1.200000000,0.017176118
0,1087,1784881047.847963333,266,2.660000149,0.745274963,0.123882522,1.200000000,0.017260613
0,1087,1784881047.847963333,267,2.670000149,0.751599359,0.124666428,1.200000000,0.017340657
0,1087,1784881047.847963333,268,2.680000149,0.757937450,0.125452614,1.200000000,0.017416321
0,1087,1784881047.847963333,269,2.690000149,0.764289243,0.126241105,1.200000000,0.017487677
0,1087,1784881047.847963333,270,2.700000149,0.770654745,0.127031925,1.200000000,0.017554797
0,1087,1784881047.847963333,271,2.710000149,0.777033958,0.127825096,1.200000000,0.017617753
0,1087,1784881047.847963333,272,2.720000149,0.783426880,0.128620640,1.200000000,0.017676616
0,1087,1784881047.847963333,273,2.730000149,0.789833508,0.129418580,1.200000000,0.017731459
0,1087,1784881047.847963333,274,2.740000149,0.796253832,0.130218938,1.200000000,0.017782352
0,1087,1784881047.847963333,275,2.750000149,0.802687842,0.131021735,1.200000000,0.017829368
0,1087,1784881047.847963333,276,2.760000149,0.809135523,0.131826990,1.200000000,0.017872578
0,1087,1784881047.847963333,277,2.770000149,0.815596857,0.132634725,1.200000000,0.017912055
0,1087,1784881047.847963333,278,2.780000149,0.822071822,0.133444958,1.200000000,0.017947870
0,1087,1784881047.847963333,279,2.790000149,0.828560394,0.134257710,1.200000000,0.017980095
0,1087,1784881047.847963333,280,2.800000149,0.835062544,0.135072997,1.200000000,0.018008802
0,1087,1784881047.847963333,281,2.810000149,0.841578240,0.135890839,1.200000000,0.018034062
0,1087,1784881047.847963333,282,2.820000149,0.848107446,0.136711252,1.200000000,0.018055947
0,1087,1784881047.847963333,283,2.830000149,0.854650125,0.137534253,1.200000000,0.018074529
0,1087,1784881047.847963333,284,2.840000149,0.861206235,0.138359858,1.200000000,0.018089880
0,1087,1784881047.847963333,285,2.850000149,0.867775728,0.139188084,1.200000000,0.018102071
0,1087,1784881047.847963333,286,2.860000149,0.874358558,0.140018943,1.200000000,0.018111175
0,1087,1784881047.847963333,287,2.870000149,0.880954670,0.140852452,1.200000000,0.018117263
0,1087,1784881047.847963333,288,2.880000149,0.887564010,0.141688623,1.200000000,0.018120407
0,1087,1784881047.847963333,289,2.890000149,0.894186519,0.142527470,1.200000000,0.018120679
0,1087,1784881047.847963333,290,2.900000149,0.900822133,0.143369006,1.200000000,0.018118150
0,1087,1784881047.847963333,291,2.910000149,0.907470787,0.144213240,1.200000000,0.018112892
0,1087,1784881047.847963333,292,2.920000149,0.914132412,0.145060186,1.200000000,0.018104977
0,1087,1784881047.847963333,293,2.930000149,0.920806936,0.145909853,1.200000000,0.018094477
0,1087,1784881047.847963333,294,2.940000149,0.927494282,0.146762251,1.200000000,0.018081464
0,1087,1784881047.847963333,295,2.950000149,0.934194372,0.147617390,1.200000000,0.018066009
0,1087,1784881047.847963333,296,2.960000149,0.940907123,0.148475276,1.200000000,0.018048184
0,1087,1784881047.847963333,297,2.970000149,0.947632451,0.149335919,1.200000000,0.018028061
0,1087,1784881047.847963333,298,2.980000149,0.954370266,0.150199325,1.200000000,0.018005712
0,1087,1784881047.847963333,299,2.990000149,0.961120476,0.151065500,1.200000000,0.017981208
0,1087,1784881047.847963333,300,3.000000149,0.967882987,0.151934451,1.200000000,0.017954622
0,1087,1784881047.847963333,301,3.010000149,0.974657701,0.152806181,1.200000000,0.017926024
0,1087,1784881047.847963333,302,3.020000149,0.981444517,0.153680695,1.200000000,0.017895488
0,1087,1784881047.847963333,303,3.030000149,0.988243331,0.154557996,1.200000000,0.017863084
0,1087,1784881047.847963333,304,3.040000149,0.995054036,0.155438088,1.200000000,0.017828884
0,1087,1784881047.847963333,305,3.050000149,1.001876523,0.156320971,1.200000000,0.017792961
0,1087,1784881047.847963333,306,3.060000149,1.008710677,0.157206648,1.200000000,0.017755385
0,1087,1784881047.847963333,307,3.070000149,1.015556385,0.158095118,1.200000000,0.017716229
0,1087,1784881047.847963333,308,3.080000149,1.022413528,0.158986382,1.200000000,0.017675565
0,1087,1784881047.847963333,309,3.090000149,1.029281983,0.159880438,1.200000000,0.017633464
0,1087,1784881047.847963333,310,3.100000149,1.036161629,0.160777284,1.200000000,0.017589998
0,1087,1784881047.847963333,311,3.110000149,1.043052338,0.161676918,1.200000000,0.017545239
0,1087,1784881047.847963333,312,3.120000149,1.049953981,0.162579337,1.200000000,0.017499259
0,1087,1784881047.847963333,313,3.130000149,1.056866427,0.163484537,1.200000000,0.017452129
0,1087,1784881047.847963333,314,3.140000149,1.063789541,0.164392511,1.200000000,0.017403921
0,1087,1784881047.847963333,315,3.150000149,1.070723188,0.165303256,1.200000000,0.017354707
0,1087,1784881047.847963333,316,3.160000149,1.077667227,0.166216764,1.200000000,0.017304559
0,1087,1784881047.847963333,317,3.170000149,1.084621518,0.167133029,1.200000000,0.017253548
0,1087,1784881047.847963333,318,3.180000149,1.091585918,0.168052042,1.200000000,0.017201747
0,1087,1784881047.847963333,319,3.190000149,1.098560280,0.168973794,1.200000000,0.017149227
0,1087,1784881047.847963333,320,3.200000149,1.105544456,0.169898277,1.200000000,0.017096059
0,1087,1784881047.847963333,321,3.210000149,1.112538297,0.170825479,1.200000000,0.017042316
0,1087,1784881047.847963333,322,3.220000149,1.119541651,0.171755389,1.200000000,0.016988070
0,1087,1784881047.847963333,323,3.230000149,1.126554362,0.172687996,1.200000000,0.016933392
0,1087,1784881047.847963333,324,3.240000149,1.133576276,0.173623288,1.200000000,0.016878354
0,1087,1784881047.847963333,325,3.250000149,1.140607233,0.174561249,1.200000000,0.016823028
0,1087,1784881047.847963333,326,3.260000149,1.147647075,0.175501867,1.200000000,0.016767485
0,1087,1784881047.847963333,327,3.270000149,1.154695640,0.176445125,1.200000000,0.016711798
0,1087,1784881047.847963333,328,3.280000149,1.161752765,0.177391009,1.200000000,0.016656037
0,1087,1784881047.847963333,329,3.290000149,1.168818285,0.178339501,1.200000000,0.016600276
0,1087,1784881047.847963333,330,3.300000149,1.175892033,0.179290585,1.200000000,0.016544585
0,1087,1784881047.847963333,331,3.310000149,1.182973842,0.180244241,1.200000000,0.016489037
0,1087,1784881047.847963333,332,3.320000149,1.190063543,0.181200450,1.200000000,0.016433703
0,1087,1784881047.847963333,333,3.330000149,1.197160964,0.182159193,1.200000000,0.016378655
0,1087,1784881047.847963333,334,3.340000149,1.204265934,0.183120450,1.200000000,0.016323964
0,1087,1784881047.847963333,335,3.350000149,1.211378280,0.184084198,1.200000000,0.016269704
0,1087,1784881047.847963333,336,3.360000149,1.218497827,0.185050415,1.200000000,0.016215944
0,1087,1784881047.847963333,337,3.370000149,1.225624400,0.186019079,1.200000000,0.016162758
0,1087,1784881047.847963333,338,3.380000149,1.232757822,0.186990165,1.200000000,0.016110217
0,1087,1784881047.847963333,339,3.390000149,1.239897917,0.187963648,1.200000000,0.016058392
0,1087,1784881047.847963333,340,3.400000149,1.247044505,0.188939505,1.200000000,0.016007356
0,1087,1784881047.847963333,341,3.410000149,1.254197408,0.189917707,1.200000000,0.015957180
0,1087,1784881047.847963333,342,3.420000149,1.261356445,0.190898228,1.200000000,0.015907937
0,1087,1784881047.847963333,343,3.430000149,1.268521436,0.191881041,1.200000000,0.015859697
0,1087,1784881047.847963333,344,3.440000149,1.275692201,0.192866117,1.200000000,0.015812532
0,1087,1784881047.847963333,345,3.450000149,1.282868556,0.193853426,1.200000000,0.015766515
0,1087,1784881047.847963333,346,3.460000149,1.290050320,0.194842938,1.200000000,0.015721717
0,1087,1784881047.847963333,347,3.470000149,1.297237311,0.195834622,1.200000000,0.015678210
0,1087,1784881047.847963333,348,3.480000149,1.304429345,0.196828447,1.200000000,0.015636066
0,1087,1784881047.847963333,349,3.490000149,1.311626238,0.197824380,1.200000000,0.015595356
0,1087,1784881047.847963333,350,3.500000149,1.318827809,0.198822387,1.200000000,0.015556153
0,1087,1784881047.847963333,351,3.510000149,1.326033872,0.199822435,1.200000000,0.015518528
0,1087,1784881047.847963333,352,3.520000149,1.333244244,0.200824489,1.200000000,0.015482552
0,1087,1784881047.847963333,353,3.530000149,1.340458742,0.201828513,1.200000000,0.015448298
0,1087,1784881047.847963333,354,3.540000149,1.347677182,0.202834471,1.200000000,0.015415838
0,1087,1784881047.847963333,355,3.550000149,1.354899380,0.203842326,1.200000000,0.015385242
0,1087,1784881047.847963333,356,3.560000149,1.362125153,0.204852040,1.200000000,0.015356584
0,1087,1784881047.847963333,357,3.570000149,1.369354318,0.205863573,1.200000000,0.015329934
0,1087,1784881047.847963333,358,3.580000149,1.376586693,0.206876888,1.200000000,0.015305365
0,1087,1784881047.847963333,359,3.590000149,1.383822095,0.207891943,1.200000000,0.015282948
0,1087,1784881047.847963333,360,3.600000149,1.391060342,0.208908698,1.200000000,0.015262755
0,1087,1784881047.847963333,361,3.610000149,1.398301253,0.209927111,1.200000000,0.015244859
0,1087,1784881047.847963333,362,3.620000149,1.405544647,0.210947140,1.200000000,0.015229329
0,1087,1784881047.847963333,363,3.630000149,1.412790345,0.211968742,1.200000000,0.015216239
0,1087,1784881047.847963333,364,3.640000149,1.420038166,0.212991872,1.200000000,0.015205661
0,1087,1784881047.847963333,365,3.650000149,1.427287933,0.214016486,1.200000000,0.015197665
0,1087,1784881047.847963333,366,3.660000149,1.434539467,0.215042539,1.200000000,0.015192324
0,1087,1784881047.847963333,367,3.670000149,1.441792592,0.216069985,1.200000000,0.015189710
0,1087,1784881047.847963333,368,3.680000149,1.449047132,0.217098777,1.200000000,0.015189894
0,1087,1784881047.847963333,369,3.690000149,1.456302912,0.218128868,1.200000000,0.015192948
0,1087,1784881047.847963333,370,3.700000149,1.463559759,0.219160208,1.200000000,0.015198944
0,1087,1784881047.847963333,371,3.710000149,1.470817499,0.220192751,1.200000000,0.015207954
0,1087,1784881047.847963333,372,3.720000149,1.478075962,0.221226445,1.200000000,0.015220049
0,1087,1784881047.847963333,373,3.730000149,1.485334978,0.222261241,1.200000000,0.015235301
0,1087,1784881047.847963333,374,3.740000149,1.492594377,0.223297087,1.200000000,0.015253782
0,1087,1784881047.847963333,375,3.750000149,1.499853992,0.224333933,1.200000000,0.015275564
0,1087,1784881047.847963333,376,3.760000149,1.507113658,0.225371725,1.200000000,0.015300719
0,1087,1784881047.847963333,377,3.770000149,1.514373209,0.226410410,1.200000000,0.015329318
0,1087,1784881047.847963333,378,3.780000149,1.521632483,0.227449936,1.200000000,0.015361433
0,1087,1784881047.847963333,379,3.790000149,1.528891318,0.228490246,1.200000000,0.015397136
0,1087,1784881047.847963333,380,3.800000149,1.536149555,0.229531287,1.200000000,0.015436499
0,1087,1784881047.847963333,381,3.810000149,1.543407035,0.230573003,1.200000000,0.015479593
0,1087,1784881047.847963333,382,3.820000149,1.550663602,0.231615337,1.200000000,0.015526490
0,1087,1784881047.847963333,383,3.830000149,1.557919102,0.232658232,1.200000000,0.015577263
0,1087,1784881047.847963333,384,3.840000149,1.565173382,0.233701631,1.200000000,0.015631982
0,1087,1784881047.847963333,385,3.850000149,1.572426290,0.234745475,1.200000000,0.015690720
0,1087,1784881047.847963333,386,3.860000149,1.579677677,0.235789706,1.200000000,0.015753548
0,1087,1784881047.847963333,387,3.870000149,1.586927398,0.236834263,1.200000000,0.015820539
0,1087,1784881047.847963333,388,3.880000149,1.594175306,0.237879086,1.200000000,0.015891763
0,1087,1784881047.847963333,389,3.890000149,1.601421258,0.238924116,1.200000000,0.015967283
0,1087,1784881047.847963333,390,3.900000149,1.608665114,0.239969289,1.200000000,0.016047040
0,1087,1784881047.847963333,391,3.910000149,1.615906735,0.241014545,1.200000000,0.016130894
0,1087,1784881047.847963333,392,3.920000149,1.623145983,0.242059820,1.200000000,0.016218701
0,1087,1784881047.847963333,393,3.930000149,1.630382724,0.243105052,1.200000000,0.016310319
0,1087,1784881047.847963333,394,3.940000149,1.637616826,0.244150175,1.200000000,0.016405606
0,1087,1784881047.847963333,395,3.950000149,1.644848159,0.245195127,1.200000000,0.016504419
0,1087,1784881047.847963333,396,3.960000149,1.652076594,0.246239842,1.200000000,0.016606617
0,1087,1784881047.847963333,397,3.970000149,1.659302005,0.247284254,1.200000000,0.016712055
0,1087,1784881047.847963333,398,3.980000149,1.666524270,0.248328297,1.200000000,0.016820593
0,1087,1784881047.847963333,399,3.990000149,1.673743267,0.249371904,1.200000000,0.016932088
0,1087,1784881047.847963333,400,4.000000149,1.680958878,0.250415008,1.200000000,0.017046397
0,1087,1784881047.847963333,401,4.010000149,1.688170986,0.251457542,1.200000000,0.017163377
0,1087,1784881047.847963333,402,4.020000149,1.695379477,0.252499436,1.200000000,0.017282887
0,1087,1784881047.847963333,403,4.030000149,1.702584240,0.253540622,1.200000000,0.017404784
0,1087,1784881047.847963333,404,4.040000149,1.709785165,0.254581030,1.200000000,0.017528925
0,1087,1784881047.847963333,405,4.050000149,1.716982146,0.255620590,1.200000000,0.017655168
0,1087,1784881047.847963333,406,4.060000149,1.724175079,0.256659232,1.200000000,0.017783371
0,1087,1784881047.847963333,407,4.070000149,1.731363861,0.257696885,1.200000000,0.017913391
0,1087,1784881047.847963333,408,4.080000149,1.738548394,0.258733476,1.200000000,0.018045086
0,1087,1784881047.847963333,409,4.090000149,1.745728580,0.259768934,1.200000000,0.018178313
0,1087,1784881047.847963333,410,4.100000149,1.752904326,0.260803187,1.200000000,0.018312930
0,1087,1784881047.847963333,411,4.110000149,1.760075538,0.261836160,1.200000000,0.018448794
0,1087,1784881047.847963333,412,4.120000149,1.767242130,0.262867781,1.200000000,0.018585764
0,1087,1784881047.847963333,413,4.130000149,1.774404012,0.263897975,1.200000000,0.018723696
0,1087,1784881047.847963333,414,4.140000149,1.781561102,0.264926668,1.200000000,0.018862448
0,1087,1784881047.847963333,415,4.150000149,1.788713317,0.265953784,1.200000000,0.019001877
0,1087,1784881047.847963333,416,4.160000149,1.795860578,0.266979249,1.200000000,0.019141843
0,1087,1784881047.847963333,417,4.170000149,1.803002809,0.268002986,1.200000000,0.019282201
0,1087,1784881047.847963333,418,4.180000149,1.810139935,0.269024918,1.200000000,0.019422809
0,1087,1784881047.847963333,419,4.190000149,1.817271886,0.270044969,1.200000000,0.019563525
0,1087,1784881047.847963333,420,4.200000149,1.824398591,0.271063062,1.200000000,0.019704207
0,1087,1784881047.847963333,421,4.210000149,1.831519984,0.272079118,1.200000000,0.019844712
0,1087,1784881047.847963333,422,4.220000149,1.838636002,0.273093060,1.200000000,0.019984898
0,1087,1784881047.847963333,423,4.230000149,1.845746583,0.274104809,1.200000000,0.020124622
0,1087,1784881047.847963333,424,4.240000149,1.852851668,0.275114285,1.200000000,0.020263742
0,1087,1784881047.847963333,425,4.250000149,1.859951200,0.276121409,1.200000000,0.020402115
0,1087,1784881047.847963333,426,4.260000149,1.867045126,0.277126102,1.200000000,0.020539599
0,1087,1784881047.847963333,427,4.270000149,1.874133394,0.278128283,1.200000000,0.020676051
0,1087,1784881047.847963333,428,4.280000149,1.881215955,0.279127872,1.200000000,0.020811330
0,1087,1784881047.847963333,429,4.290000149,1.888292763,0.280124786,1.200000000,0.020945292
0,1087,1784881047.847963333,430,4.300000149,1.895363774,0.281118946,1.200000000,0.021077796
0,1087,1784881047.847963333,431,4.310000149,1.902428947,0.282110269,1.200000000,0.021208698
0,1087,1784881047.847963333,432,4.320000149,1.909488241,0.283098673,1.200000000,0.021337857
0,1087,1784881047.847963333,433,4.330000149,1.916541621,0.284084075,1.200000000,0.021465130
0,1087,1784881047.847963333,434,4.340000149,1.923589051,0.285066392,1.200000000,0.021590374
0,1087,1784881047.847963333,435,4.350000149,1.930630502,0.286045542,1.200000000,0.021713447
0,1087,1784881047.847963333,436,4.360000149,1.937665941,0.287021440,1.200000000,0.021834207
0,1087,1784881047.847963333,437,4.370000149,1.944695344,0.287994003,1.200000000,0.021952511
0,1087,1784881047.847963333,438,4.380000149,1.951718684,0.288963146,1.200000000,0.022068217
0,1087,1784881047.847963333,439,4.390000149,1.958735940,0.289928785,1.200000000,0.022181182
0,1087,1784881047.847963333,440,4.400000149,1.965747091,0.290890835,1.200000000,0.022291264
0,1087,1784881047.847963333,441,4.410000149,1.972752119,0.291849211,1.200000000,0.022398320
0,1087,1784881047.847963333,442,4.420000149,1.979751008,0.292803827,1.200000000,0.022502209
0,1087,1784881047.847963333,443,4.430000149,1.986743746,0.293754598,1.200000000,0.022602787
0,1087,1784881047.847963333,444,4.440000149,1.993730321,0.294701436,1.200000000,0.022699912
0,1087,1784881047.847963333,445,4.450000149,2.000710724,0.295644257,1.200000000,0.022793442
0,1087,1784881047.847963333,446,4.460000149,2.007684949,0.296582973,1.200000000,0.022883234
0,1087,1784881047.847963333,447,4.470000149,2.014652990,0.297517497,1.200000000,0.022969146
0,1087,1784881047.847963333,448,4.480000149,2.021614845,0.298447742,1.200000000,0.023051036
0,1087,1784881047.847963333,449,4.490000149,2.028570514,0.299373622,1.200000000,0.023128760
0,1087,1784881047.847963333,450,4.500000149,2.035519998,0.300295047,1.200000000,0.023202177
0,1087,1784881047.847963333,451,4.510000149,2.042463301,0.301211930,1.200000000,0.023271145
0,1087,1784881047.847963333,452,4.520000149,2.049400429,0.302124184,1.200000000,0.023335519
0,1087,1784881047.847963333,453,4.530000149,2.056331390,0.303031718,1.200000000,0.023395160
0,1087,1784881047.847963333,454,4.540000149,2.063256192,0.303934446,1.200000000,0.023449923
0,1087,1784881047.847963333,455,4.550000149,2.070174848,0.304832278,1.200000000,0.023499666
0,1087,1784881047.847963333,456,4.560000149,2.077087371,0.305725126,1.200000000,0.023544248
0,1087,1784881047.847963333,457,4.570000149,2.083993776,0.306612899,1.200000000,0.023583524
0,1087,1784881047.847963333,458,4.580000149,2.090894081,0.307495508,1.200000000,0.023617355
0,1087,1784881047.847963333,459,4.590000149,2.097788305,0.308372865,1.200000000,0.023645595
0,1087,1784881047.847963333,460,4.600000149,2.104676468,0.309244878,1.200000000,0.023668104
0,1087,1784881047.847963333,461,4.610000149,2.111558593,0.310111459,1.200000000,0.023684739
0,1087,1784881047.847963333,462,4.620000149,2.118434703,0.310972517,1.200000000,0.023695357
0,1087,1784881047.847963333,463,4.630000149,2.125304826,0.311827961,1.200000000,0.023699816
0,1087,1784881047.847963333,464,4.640000149,2.132168989,0.312677702,1.200000000,0.023697974
0,1087,1784881047.847963333,465,4.650000149,2.139027220,0.313521649,1.200000000,0.023689687
0,1087,1784881047.847963333,466,4.660000149,2.145879550,0.314359710,1.200000000,0.023674815
0,1087,1784881047.847963333,467,4.670000149,2.152726013,0.315191796,1.200000000,0.023653213
0,1087,1784881047.847963333,468,4.680000149,2.159566640,0.316017816,1.200000000,0.023624741
0,1087,1784881047.847963333,469,4.690000149,2.166401469,0.316837677,1.200000000,0.023589254
0,1087,1784881047.847963333,470,4.700000149,2.173230535,0.317651289,1.200000000,0.023546612
0,1087,1784881047.847963333,471,4.710000149,2.180053876,0.318458562,1.200000000,0.023496671
0,1087,1784881047.847963333,472,4.720000149,2.186871533,0.319259402,1.200000000,0.023439289
0,1087,1784881047.847963333,473,4.730000149,2.193683545,0.320053720,1.200000000,0.023374324
0,1087,1784881047.847963333,474,4.740000149,2.200489956,0.320841422,1.200000000,0.023301632
0,1087,1784881047.847963333,475,4.750000149,2.207290807,0.321622419,1.200000000,0.023221073
0,1087,1784881047.847963333,476,4.760000149,2.214086145,0.322396618,1.200000000,0.023132503
0,1087,1784881047.847963333,477,4.770000149,2.220876014,0.323163927,1.200000000,0.023035780
0,1087,1784881047.847963333,478,4.780000149,2.227660461,0.323924255,1.200000000,0.022930761
0,1087,1784881047.847963333,479,4.790000149,2.234439535,0.324677510,1.200000000,0.022817304
0,1087,1784881047.847963333,480,4.800000149,2.241213285,0.325423600,1.200000000,0.022695267
0,1087,1784881047.847963333,481,4.810000149,2.247981760,0.326162432,1.200000000,0.022564507
0,1087,1784881047.847963333,482,4.820000149,2.254745012,0.326893916,1.200000000,0.022424882
0,1087,1784881047.847963333,483,4.830000149,2.261503093,0.327617960,1.200000000,0.022276249
0,1087,1784881047.847963333,484,4.840000149,2.268256056,0.328334470,1.200000000,0.022118466
0,1087,1784881047.847963333,485,4.850000149,2.275003955,0.329043356,1.200000000,0.021951390
0,1087,1784881047.847963333,486,4.860000149,2.281746844,0.329744526,1.200000000,0.021774879
0,1087,1784881047.847963333,487,4.870000149,2.288484778,0.330437887,1.200000000,0.021588791
0,1087,1784881047.847963333,488,4.880000149,2.295217815,0.331123348,1.200000000,0.021392983
0,1087,1784881047.847963333,489,4.890000149,2.301946012,0.331800817,1.200000000,0.021187313
0,1087,1784881047.847963333,490,4.900000149,2.308669424,0.332470203,1.200000000,0.020971638
0,1087,1784881047.847963333,491,4.910000149,2.315388113,0.333131412,1.200000000,0.020745815
0,1087,1784881047.847963333,492,4.920000149,2.322102135,0.333784355,1.200000000,0.020509703
0,1087,1784881047.847963333,493,4.930000149,2.328811551,0.334428938,1.200000000,0.020263160
0,1087,1784881047.847963333,494,4.940000149,2.335516420,0.335065071,1.200000000,0.020006041
0,1087,1784881047.847963333,495,4.950000149,2.342216804,0.335692662,1.200000000,0.019738206
0,1087,1784881047.847963333,496,4.960000149,2.348912763,0.336311620,1.200000000,0.019459511
0,1087,1784881047.847963333,497,4.970000149,2.355604358,0.336921853,1.200000000,0.019169815
0,1087,1784881047.847963333,498,4.980000149,2.362291652,0.337523270,1.200000000,0.018868974
0,1087,1784881047.847963333,499,4.990000149,2.368974707,0.338115780,1.200000000,0.018556847
0,1087,1784881047.847963333,500,5.000000149,2.375653585,0.338699292,1.200000000,0.018233291
0,1087,1784881047.847963333,501,5.010000149,2.382328348,0.339273715,1.200000000,0.017898163
0,1087,1784881047.847963333,502,5.020000149,2.388999060,0.339838958,1.200000000,0.017551321
0,1087,1784881047.847963333,503,5.030000149,2.395665784,0.340394931,1.200000000,0.017192623
0,1087,1784881047.847963333,504,5.040000149,2.402328583,0.340941544,1.200000000,0.016821926
0,1087,1784881047.847963333,505,5.050000149,2.408987520,0.341478705,1.200000000,0.016439088
0,1087,1784881047.847963333,506,5.060000149,2.415642660,0.342006325,1.200000000,0.016043966
0,1087,1784881047.847963333,507,5.070000149,2.422294065,0.342524314,1.200000000,0.015636418
0,1087,1784881047.847963333,508,5.080000149,2.428941799,0.343032581,1.200000000,0.015216301
0,1087,1784881047.847963333,509,5.090000149,2.435585926,0.343531038,1.200000000,0.014783474
0,1087,1784881047.847963333,510,5.100000149,2.442226509,0.344019595,1.200000000,0.014337793
0,1087,1784881047.847963333,511,5.110000149,2.448863611,0.344498162,1.200000000,0.013879117
0,1087,1784881047.847963333,512,5.120000149,2.455497296,0.344966650,1.200000000,0.013407302
0,1087,1784881047.847963333,513,5.130000149,2.462127627,0.345424971,1.200000000,0.012922206
0,1087,1784881047.847963333,514,5.140000149,2.468754667,0.345873036,1.200000000,0.012423687
0,1087,1784881047.847963333,515,5.150000149,2.475378478,0.346310756,1.200000000,0.011911603
0,1087,1784881047.847963333,516,5.160000149,2.481999122,0.346738044,1.200000000,0.011385811
0,1087,1784881047.847963333,517,5.170000149,2.488616662,0.347154811,1.200000000,0.010846168
0,1087,1784881047.847963333,518,5.180000149,2.495231160,0.347560970,1.200000000,0.010292532
0,1087,1784881047.847963333,519,5.190000149,2.501842676,0.347956432,1.200000000,0.009724761
0,1087,1784881047.847963333,520,5.200000149,2.508451272,0.348341112,1.200000000,0.009142713
0,1087,1784881047.847963333,521,5.210000149,2.515057009,0.348714922,1.200000000,0.008546244
0,1087,1784881047.847963333,522,5.220000149,2.521659946,0.349077775,1.200000000,0.007935213
0,1087,1784881047.847963333,523,5.230000149,2.528260142,0.349429586,1.200000000,0.007309476
0,1087,1784881047.847963333,524,5.240000149,2.534857658,0.349770267,1.200000000,0.006668892
0,1087,1784881047.847963333,525,5.250000149,2.541452551,0.350099734,1.200000000,0.006013319
0,1087,1784881047.847963333,526,5.260000149,2.548044880,0.350417900,1.200000000,0.005342613
0,1087,1784881047.847963333,527,5.270000149,2.554634701,0.350724681,1.200000000,0.004656632
0,1087,1784881047.847963333,528,5.280000149,2.561222072,0.351019991,1.200000000,0.003955234
0,1087,1784881047.847963333,529,5.290000149,2.567807049,0.351303747,1.200000000,0.003238276
0,1087,1784881047.847963333,530,5.300000149,2.574389686,0.351575864,1.200000000,0.002505617
0,1087,1784881047.847963333,531,5.310000149,2.580970038,0.351836258,1.200000000,0.001757112
0,1087,1784881047.847963333,532,5.320000149,2.587548160,0.352084846,1.200000000,0.000992621
0,1087,1784881047.847963333,533,5.330000149,2.594124105,0.352321545,1.200000000,0.000212001
0,1087,1784881047.847963333,534,5.340000149,2.600697923,0.352546272,1.200000000,-0.000584891
0,1087,1784881047.847963333,535,5.350000149,2.607269669,0.352758944,1.200000000,-0.001398198
0,1087,1784881047.847963333,536,5.360000149,2.613839391,0.352959479,1.200000000,-0.002228061
0,1087,1784881047.847963333,537,5.370000149,2.620407139,0.353147797,1.200000000,-0.003074623
0,1087,1784881047.847963333,538,5.380000149,2.626972964,0.353323815,1.200000000,-0.003938027
0,1087,1784881047.847963333,539,5.390000149,2.633536911,0.353487453,1.200000000,-0.004818360
0,1087,1784881047.847963333,540,5.400000149,2.640099030,0.353638631,1.200000000,-0.005715525
0,1087,1784881047.847963333,541,5.410000149,2.646659366,0.353777268,1.200000000,-0.006629381
0,1087,1784881047.847963333,542,5.420000149,2.653217963,0.353903285,1.200000000,-0.007559790
0,1087,1784881047.847963333,543,5.430000149,2.659774867,0.354016603,1.200000000,-0.008506610
0,1087,1784881047.847963333,544,5.440000149,2.666330120,0.354117142,1.200000000,-0.009469703
0,1087,1784881047.847963333,545,5.450000149,2.672883765,0.354204826,1.200000000,-0.010448929
0,1087,1784881047.847963333,546,5.460000149,2.679435844,0.354279576,1.200000000,-0.011444149
0,1087,1784881047.847963333,547,5.470000149,2.685986395,0.354341314,1.200000000,-0.012455222
0,1087,1784881047.847963333,548,5.480000149,2.692535458,0.354389964,1.200000000,-0.013482010
0,1087,1784881047.847963333,549,5.490000149,2.699083071,0.354425450,1.200000000,-0.014524371
0,1087,1784881047.847963333,550,5.500000149,2.705629272,0.354447695,1.200000000,-0.015582168
0,1087,1784881047.847963333,551,5.510000149,2.712174096,0.354456624,1.200000000,-0.016655260
0,1087,1784881047.847963333,552,5.520000149,2.718717577,0.354452162,1.200000000,-0.017743508
0,1087,1784881047.847963333,553,5.530000149,2.725259750,0.354434235,1.200000000,-0.018846771
0,1087,1784881047.847963333,554,5.540000149,2.731800647,0.354402768,1.200000000,-0.019964911
0,1087,1784881047.847963333,555,5.550000149,2.738340299,0.354357690,1.200000000,-0.021097788
0,1087,1784881047.847963333,556,5.560000149,2.744878736,0.354298925,1.200000000,-0.022245262
0,1087,1784881047.847963333,557,5.570000149,2.751415988,0.354226403,1.200000000,-0.023407193
0,1087,1784881047.847963333,558,5.580000149,2.757952082,0.354140051,1.200000000,-0.024583442
0,1087,1784881047.847963333,559,5.590000149,2.764487046,0.354039798,1.200000000,-0.025773870
0,1087,1784881047.847963333,560,5.600000149,2.771020904,0.353925574,1.200000000,-0.026978336
0,1087,1784881047.847963333,561,5.610000149,2.777553681,0.353797308,1.200000000,-0.028196701
0,1087,1784881047.847963333,562,5.620000149,2.784085401,0.353654930,1.200000000,-0.029428825
0,1087,1784881047.847963333,563,5.630000149,2.790616085,0.353498372,1.200000000,-0.030674569
0,1087,1784881047.847963333,564,5.640000149,2.797145755,0.353327566,1.200000000,-0.031933793
0,1087,1784881047.847963333,565,5.650000149,2.803674429,0.353142443,1.200000000,-0.033206358
0,1087,1784881047.847963333,566,5.660000149,2.810202126,0.352942936,1.200000000,-0.034492124
0,1087,1784881047.847963333,567,5.670000149,2.816728864,0.352728978,1.200000000,-0.035790950
0,1087,1784881047.847963333,568,5.680000149,2.823254658,0.352500505,1.200000000,-0.037102699
0,1087,1784881047.847963333,569,5.690000149,2.829779524,0.352257449,1.200000000,-0.038427229
0,1087,1784881047.847963333,570,5.700000149,2.836303474,0.351999746,1.200000000,-0.039764402
0,1087,1784881047.847963333,571,5.710000149,2.842826522,0.351727333,1.200000000,-0.041114077
0,1087,1784881047.847963333,572,5.720000149,2.849348678,0.351440145,1.200000000,-0.042476115
0,1087,1784881047.847963333,573,5.730000149,2.855869953,0.351138120,1.200000000,-0.043850377
0,1087,1784881047.847963333,574,5.740000149,2.862390355,0.350821196,1.200000000,-0.045236723
0,1087,1784881047.847963333,575,5.750000149,2.868909892,0.350489310,1.200000000,-0.046635013
0,1087,1784881047.847963333,576,5.760000149,2.875428570,0.350142403,1.200000000,-0.048045107
0,1087,1784881047.847963333,577,5.770000149,2.881946395,0.349780413,1.200000000,-0.049466867
0,1087,1784881047.847963333,578,5.780000149,2.888463370,0.349403282,1.200000000,-0.050900152
0,1087,1784881047.847963333,579,5.790000149,2.894979499,0.349010949,1.200000000,-0.052344822
0,1087,1784881047.847963333,580,5.800000149,2.901494783,0.348603358,1.200000000,-0.053800739
0,1087,1784881047.847963333,581,5.810000149,2.908009222,0.348180450,1.200000000,-0.055267762
0,1087,1784881047.847963333,582,5.820000149,2.914522816,0.347742169,1.200000000,-0.056745751
0,1087,1784881047.847963333,583,5.830000149,2.921035562,0.347288459,1.200000000,-0.058234569
0,1087,1784881047.847963333,584,5.840000149,2.927547459,0.346819264,1.200000000,-0.059734073
0,1087,1784881047.847963333,585,5.850000149,2.934058501,0.346334530,1.200000000,-0.061244126
0,1087,1784881047.847963333,586,5.860000149,2.940568684,0.345834202,1.200000000,-0.062764587
0,1087,1784881047.847963333,587,5.870000149,2.947078001,0.345318228,1.200000000,-0.064295316
0,1087,1784881047.847963333,588,5.880000149,2.953586444,0.344786554,1.200000000,-0.065836175
0,1087,1784881047.847963333,589,5.890000149,2.960094004,0.344239130,1.200000000,-0.067387023
0,1087,1784881047.847963333,590,5.900000149,2.966600673,0.343675904,1.200000000,-0.068947721
0,1087,1784881047.847963333,591,5.910000149,2.973106438,0.343096827,1.200000000,-0.070518129
0,1087,1784881047.847963333,592,5.920000149,2.979611288,0.342501847,1.200000000,-0.072098107
0,1087,1784881047.847963333,593,5.930000149,2.986115210,0.341890918,1.200000000,-0.073687517
0,1087,1784881047.847963333,594,5.940000149,2.992618189,0.341263991,1.200000000,-0.075286218
0,1087,1784881047.847963333,595,5.950000149,2.999120211,0.340621018,1.200000000,-0.076894070
0,1087,1784881047.847963333,596,5.960000149,3.005621259,0.339961955,1.200000000,-0.078510935
0,1087,1784881047.847963333,597,5.970000149,3.012121316,0.339286754,1.200000000,-0.080136672
0,1087,1784881047.847963333,598,5.980000149,3.018620362,0.338595371,1.200000000,-0.081771141
0,1087,1784881047.847963333,599,5.990000149,3.025118380,0.337887762,1.200000000,-0.083414204
0,1087,1784881047.847963333,600,6.000000149,3.031615349,0.337163885,1.200000000,-0.085065721
0,1087,1784881047.847963333,601,6.010000149,3.038111247,0.336423696,1.200000000,-0.086725551
0,1087,1784881047.847963333,602,6.020000149,3.044606052,0.335667155,1.200000000,-0.088393556
0,1087,1784881047.847963333,603,6.030000149,3.051099741,0.334894220,1.200000000,-0.090069595
0,1087,1784881047.847963333,604,6.040000149,3.057592289,0.334104852,1.200000000,-0.091753530
0,1087,1784881047.847963333,605,6.050000149,3.064083671,0.333299011,1.200000000,-0.093445219
0,1087,1784881047.847963333,606,6.060000149,3.070573861,0.332476660,1.200000000,-0.095144525
0,1087,1784881047.847963333,607,6.070000149,3.077062833,0.331637761,1.200000000,-0.096851307
0,1087,1784881047.847963333,608,6.080000149,3.083550558,0.330782278,1.200000000,-0.098565425
0,1087,1784881047.847963333,609,6.090000149,3.090037007,0.329910175,1.200000000,-0.100286740
0,1087,1784881047.847963333,610,6.100000149,3.096522152,0.329021417,1.200000000,-0.102015113
0,1087,1784881047.847963333,611,6.110000149,3.103005961,0.328115970,1.200000000,-0.103750403
0,1087,1784881047.847963333,612,6.120000149,3.109488403,0.327193802,1.200000000,-0.105492471
0,1087,1784881047.847963333,613,6.130000149,3.115969446,0.326254880,1.200000000,-0.107241177
0,1087,1784881047.847963333,614,6.140000149,3.122449057,0.325299173,1.200000000,-0.108996383
0,1087,1784881047.847963333,615,6.150000149,3.128927202,0.324326651,1.200000000,-0.110757947
0,1087,1784881047.847963333,616,6.160000149,3.135403848,0.323337284,1.200000000,-0.112525731
0,1087,1784881047.847963333,617,6.170000149,3.141878959,0.322331043,1.200000000,-0.114299595
0,1087,1784881047.847963333,618,6.180000149,3.148352498,0.321307901,1.200000000,-0.116079399
0,1087,1784881047.847963333,619,6.190000149,3.154824430,0.320267831,1.200000000,-0.117865004
0,1087,1784881047.847963333,620,6.200000149,3.161294717,0.319210807,1.200000000,-0.119656269
0,1087,1784881047.847963333,621,6.210000149,3.167763321,0.318136804,1.200000000,-0.121453057
0,1087,1784881047.847963333,622,6.220000149,3.174230203,0.317045798,1.200000000,-0.123255225
0,1087,1784881047.847963333,623,6.230000149,3.180695325,0.315937767,1.200000000,-0.125062636
0,1087,1784881047.847963333,624,6.240000149,3.187158646,0.314812687,1.200000000,-0.126875150
0,1087,1784881047.847963333,625,6.250000149,3.193620126,0.313670537,1.200000000,-0.128692626
0,1087,1784881047.847963333,626,6.260000149,3.200079724,0.312511298,1.200000000,-0.130514926
0,1087,1784881047.847963333,627,6.270000149,3.206537398,0.311334949,1.200000000,-0.132341909
0,1087,1784881047.847963333,628,6.280000149,3.212993106,0.310141473,1.200000000,-0.134173437
0,1087,1784881047.847963333,629,6.290000149,3.219446805,0.308930852,1.200000000,-0.136009368
0,1087,1784881047.847963333,630,6.300000149,3.225898453,0.307703068,1.200000000,-0.137849565
0,1087,1784881047.847963333,631,6.310000149,3.232348005,0.306458108,1.200000000,-0.139693886
0,1087,1784881047.847963333,632,6.320000149,3.238795418,0.305195955,1.200000000,-0.141542193
0,1087,1784881047.847963333,633,6.330000149,3.245240647,0.303916597,1.200000000,-0.143394346
0,1087,1784881047.847963333,634,6.340000149,3.251683646,0.302620020,1.200000000,-0.145250205
0,1087,1784881047.847963333,635,6.350000149,3.258124371,0.301306213,1.200000000,-0.147109631
0,1087,1784881047.847963333,636,6.360000149,3.264562776,0.299975165,1.200000000,-0.148972484
0,1087,1784881047.847963333,637,6.370000149,3.270998815,0.298626867,1.200000000,-0.150838624
0,1087,1784881047.847963333,638,6.380000149,3.277432441,0.297261308,1.200000000,-0.152707912
0,1087,1784881047.847963333,639,6.390000149,3.283863607,0.295878483,1.200000000,-0.154580208
0,1087,1784881047.847963333,640,6.400000149,3.290292266,0.294478382,1.200000000,-0.156455372
0,1087,1784881047.847963333,641,6.410000149,3.296718372,0.293061002,1.200000000,-0.158333265
0,1087,1784881047.847963333,642,6.420000149,3.303141875,0.291626337,1.200000000,-0.160213748
0,1087,1784881047.847963333,643,6.430000149,3.309562729,0.290174382,1.200000000,-0.162096680
0,1087,1784881047.847963333,644,6.440000149,3.315980886,0.288705136,1.200000000,-0.163981922
0,1087,1784881047.847963333,645,6.450000149,3.322396296,0.287218596,1.200000000,-0.165869334
0,1087,1784881047.847963333,646,6.460000149,3.328808912,0.285714761,1.200000000,-0.167758777
0,1087,1784881047.847963333,647,6.470000149,3.335218685,0.284193632,1.200000000,-0.169650112
0,1087,1784881047.847963333,648,6.480000149,3.341625567,0.282655209,1.200000000,-0.171543197
0,1087,1784881047.847963333,649,6.490000149,3.348029507,0.281099495,1.200000000,-0.173437895
0,1087,1784881047.847963333,650,6.500000149,3.354430458,0.279526492,1.200000000,-0.175334065
0,1087,1784881047.847963333,651,6.510000149,3.360828370,0.277936205,1.200000000,-0.177231567
0,1087,1784881047.847963333,652,6.520000149,3.367223195,0.276328639,1.200000000,-0.179130262
0,1087,1784881047.847963333,653,6.530000149,3.373614882,0.274703801,1.200000000,-0.181030011
0,1087,1784881047.847963333,654,6.540000149,3.380003383,0.273061696,1.200000000,-0.182930673
0,1087,1784881047.847963333,655,6.550000149,3.386388649,0.271402335,1.200000000,-0.184832110
0,1087,1784881047.847963333,656,6.560000149,3.392770631,0.269725725,1.200000000,-0.186734180
0,1087,1784881047.847963333,657,6.570000149,3.399149279,0.268031877,1.200000000,-0.188636746
0,1087,1784881047.847963333,658,6.580000149,3.405524545,0.266320802,1.200000000,-0.190539667
0,1087,1784881047.847963333,659,6.590000149,3.411896379,0.264592513,1.200000000,-0.192442803
0,1087,1784881047.847963333,660,6.600000149,3.418264734,0.262847023,1.200000000,-0.194346016
0,1087,1784881047.847963333,661,6.610000149,3.424629559,0.261084346,1.200000000,-0.196249165
0,1087,1784881047.847963333,662,6.620000149,3.430990807,0.259304497,1.200000000,-0.198152110
0,1087,1784881047.847963333,663,6.630000149,3.437348429,0.257507494,1.200000000,-0.200054712
0,1087,1784881047.847963333,664,6.640000149,3.443702377,0.255693353,1.200000000,-0.201956832
0,1087,1784881047.847963333,665,6.650000149,3.450052604,0.253862093,1.200000000,-0.203858330
0,1087,1784881047.847963333,666,6.660000149,3.456399060,0.252013733,1.200000000,-0.205759066
0,1087,1784881047.847963333,667,6.670000149,3.462741700,0.250148295,1.200000000,-0.207658901
0,1087,1784881047.847963333,668,6.680000149,3.469080475,0.248265799,1.200000000,-0.209557694
0,1087,1784881047.847963333,669,6.690000149,3.475415339,0.246366268,1.200000000,-0.211455307
0,1087,1784881047.847963333,670,6.700000149,3.481746244,0.244449726,1.200000000,-0.213351599
0,1087,1784881047.847963333,671,6.710000149,3.488073146,0.242516198,1.200000000,-0.215246432
0,1087,1784881047.847963333,672,6.720000149,3.494395996,0.240565708,1.200000000,-0.217139665
0,1087,1784881047.847963333,673,6.730000149,3.500714751,0.238598285,1.200000000,-0.219031158
0,1087,1784881047.847963333,674,6.740000149,3.507029365,0.236613956,1.200000000,-0.220920773
0,1087,1784881047.847963333,675,6.750000149,3.513339792,0.234612749,1.200000000,-0.222808370
0,1087,1784881047.847963333,676,6.760000149,3.519645989,0.232594694,1.200000000,-0.224693808
0,1087,1784881047.847963333,677,6.770000149,3.525947912,0.230559823,1.200000000,-0.226576949
0,1087,1784881047.847963333,678,6.780000149,3.532245516,0.228508167,1.200000000,-0.228457652
0,1087,1784881047.847963333,679,6.790000149,3.538538758,0.226439760,1.200000000,-0.230335778
0,1087,1784881047.847963333,680,6.800000149,3.544827597,0.224354634,1.200000000,-0.232211188
0,1087,1784881047.847963333,681,6.810000149,3.551111990,0.222252826,1.200000000,-0.234083742
0,1087,1784881047.847963333,682,6.820000149,3.557391895,0.220134371,1.200000000,-0.235953299
0,1087,1784881047.847963333,683,6.830000149,3.563667271,0.217999307,1.200000000,-0.237819722
0,1087,1784881047.847963333,684,6.840000149,3.569938077,0.215847671,1.200000000,-0.239682869
0,1087,1784881047.847963333,685,6.850000149,3.576204274,0.213679503,1.200000000,-0.241542601
0,1087,1784881047.847963333,686,6.860000149,3.582465823,0.211494843,1.200000000,-0.243398780
0,1087,1784881047.847963333,687,6.870000149,3.588722684,0.209293732,1.200000000,-0.245251264
0,1087,1784881047.847963333,688,6.880000149,3.594974819,0.207076212,1.200000000,-0.247099914
0,1087,1784881047.847963333,689,6.890000149,3.601222190,0.204842327,1.200000000,-0.248944592
0,1087,1784881047.847963333,690,6.900000149,3.607464762,0.202592121,1.200000000,-0.250785156
0,1087,1784881047.847963333,691,6.910000149,3.613702496,0.200325639,1.200000000,-0.252621468
0,1087,1784881047.847963333,692,6.920000149,3.619935358,0.198042927,1.200000000,-0.254453388
0,1087,1784881047.847963333,693,6.930000149,3.626163313,0.195744034,1.200000000,-0.256280776
0,1087,1784881047.847963333,694,6.940000149,3.632386326,0.193429006,1.200000000,-0.258103493
0,1087,1784881047.847963333,695,6.950000149,3.638604364,0.191097894,1.200000000,-0.259921399
0,1087,1784881047.847963333,696,6.960000149,3.644817394,0.188750748,1.200000000,-0.261734354
0,1087,1784881047.847963333,697,6.970000149,3.651025384,0.186387619,1.200000000,-0.263542219
0,1087,1784881047.847963333,698,6.980000149,3.657228303,0.184008559,1.200000000,-0.265344854
0,1087,1784881047.847963333,699,6.990000149,3.663426119,0.181613623,1.200000000,-0.267142120
0,1087,1784881047.847963333,700,7.000000149,3.669618803,0.179202864,1.200000000,-0.268933876
0,1087,1784881047.847963333,701,7.010000149,3.675806326,0.176776338,1.200000000,-0.270719984
0,1087,1784881047.847963333,702,7.020000149,3.681988660,0.174334100,1.200000000,-0.272500304
0,1087,1784881047.847963333,703,7.030000149,3.688165776,0.171876210,1.200000000,-0.274274695
0,1087,1784881047.847963333,704,7.040000149,3.694337649,0.169402724,1.200000000,-0.276043020
0,1087,1784881047.847963333,705,7.050000149,3.700504252,0.166913702,1.200000000,-0.277805198
0,1087,1784881047.847963333,706,7.060000149,3.706665560,0.164409204,1.200000000,-0.279561254
0,1087,1784881047.847963333,707,7.070000149,3.712821549,0.161889292,1.200000000,-0.281311221
0,1087,1784881047.847963333,708,7.080000149,3.718972196,0.159354028,1.200000000,-0.283055132
0,1087,1784881047.847963333,709,7.090000149,3.725117478,0.156803475,1.200000000,-0.284793020
0,1087,1784881047.847963333,710,7.100000149,3.731257373,0.154237697,1.200000000,-0.286524919
0,1087,1784881047.847963333,711,7.110000149,3.737391860,0.151656759,1.200000000,-0.288250863
0,1087,1784881047.847963333,712,7.120000149,3.743520919,0.149060728,1.200000000,-0.289970883
0,1087,1784881047.847963333,713,7.130000149,3.749644532,0.146449670,1.200000000,-0.291685015
0,1087,1784881047.847963333,714,7.140000149,3.755762679,0.143823654,1.200000000,-0.293393290
0,1087,1784881047.847963333,715,7.150000149,3.761875344,0.141182748,1.200000000,-0.295095743
0,1087,1784881047.847963333,716,7.160000149,3.767982510,0.138527022,1.200000000,-0.296792407
0,1087,1784881047.847963333,717,7.170000149,3.774084161,0.135856547,1.200000000,-0.298483315
0,1087,1784881047.847963333,718,7.180000149,3.780180283,0.133171394,1.200000000,-0.300168500
0,1087,1784881047.847963333,719,7.190000149,3.786270862,0.130471637,1.200000000,-0.301847997
0,1087,1784881047.847963333,720,7.200000149,3.792355884,0.127757349,1.200000000,-0.303521837
0,1087,1784881047.847963333,721,7.210000149,3.798435338,0.125028603,1.200000000,-0.305190055
0,1087,1784881047.847963333,722,7.220000149,3.804509213,0.122285477,1.200000000,-0.306852684
0,1087,1784881047.847963333,723,7.230000149,3.810577499,0.119528045,1.200000000,-0.308509757
0,1087,1784881047.847963333,724,7.240000149,3.816640185,0.116756385,1.200000000,-0.310161307
0,1087,1784881047.847963333,725,7.250000149,3.822697265,0.113970574,1.200000000,-0.311807368
0,1087,1784881047.847963333,726,7.260000149,3.828748729,0.111170693,1.200000000,-0.313447974
0,1087,1784881047.847963333,727,7.270000149,3.834794573,0.108356820,1.200000000,-0.315083157
0,1087,1784881047.847963333,728,7.280000149,3.840834789,0.105529037,1.200000000,-0.316712951
0,1087,1784881047.847963333,729,7.290000149,3.846869374,0.102687424,1.200000000,-0.318337389
0,1087,1784881047.847963333,730,7.300000149,3.852898323,0.099832064,1.200000000,-0.319956505
0,1087,1784881047.847963333,731,7.310000149,3.858921635,0.096963041,1.200000000,-0.321570331
0,1087,1784881047.847963333,732,7.320000149,3.864939305,0.094080438,1.200000000,-0.323178902
0,1087,1784881047.847963333,733,7.330000149,3.870951335,0.091184340,1.200000000,-0.324782251
0,1087,1784881047.847963333,734,7.340000149,3.876957722,0.088274833,1.200000000,-0.326380410
0,1087,1784881047.847963333,735,7.350000149,3.882958469,0.085352004,1.200000000,-0.327973414
0,1087,1784881047.847963333,736,7.360000149,3.888953577,0.082415940,1.200000000,-0.329561295
0,1087,1784881047.847963333,737,7.370000149,3.894943048,0.079466729,1.200000000,-0.331144087
0,1087,1784881047.847963333,738,7.380000149,3.900926885,0.076504460,1.200000000,-0.332721823
0,1087,1784881047.847963333,739,7.390000149,3.906905094,0.073529223,1.200000000,-0.334294537
0,1087,1784881047.847963333,740,7.400000149,3.912877680,0.070541108,1.200000000,-0.335862262
0,1087,1784881047.847963333,741,7.410000149,3.918844648,0.067540207,1.200000000,-0.337425032
0,1087,1784881047.847963333,742,7.420000149,3.924806005,0.064526612,1.200000000,-0.338982879
0,1087,1784881047.847963333,743,7.430000149,3.930761761,0.061500416,1.200000000,-0.340535836
0,1087,1784881047.847963333,744,7.440000149,3.936711922,0.058461712,1.200000000,-0.342083939
0,1087,1784881047.847963333,745,7.450000149,3.942656500,0.055410595,1.200000000,-0.343627218
0,1087,1784881047.847963333,746,7.460000149,3.948595504,0.052347160,1.200000000,-0.345165709
0,1087,1784881047.847963333,747,7.470000149,3.954528946,0.049271503,1.200000000,-0.346699444
0,1087,1784881047.847963333,748,7.480000149,3.960456839,0.046183721,1.200000000,-0.348228457
0,1087,1784881047.847963333,749,7.490000149,3.966379195,0.043083910,1.200000000,-0.349752781
0,1087,1784881047.847963333,750,7.500000149,3.972296029,0.039972169,1.200000000,-0.351272449
0,1087,1784881047.847963333,751,7.510000149,3.978207355,0.036848597,1.200000000,-0.352787495
0,1087,1784881047.847963333,752,7.520000149,3.984113189,0.033713294,1.200000000,-0.354297952
0,1087,1784881047.847963333,753,7.530000149,3.990013547,0.030566358,1.200000000,-0.355803853
0,1087,1784881047.847963333,754,7.540000149,3.995908448,0.027407892,1.200000000,-0.357305232
0,1087,1784881047.847963333,755,7.550000149,4.001797908,0.024237996,1.200000000,-0.358802122
0,1087,1784881047.847963333,756,7.560000149,4.007681948,0.021056773,1.200000000,-0.360294557
0,1087,1784881047.847963333,757,7.570000149,4.013560586,0.017864325,1.200000000,-0.361782569
0,1087,1784881047.847963333,758,7.580000149,4.019433844,0.014660757,1.200000000,-0.363266192
0,1087,1784881047.847963333,759,7.590000149,4.025301743,0.011446172,1.200000000,-0.364745460
0,1087,1784881047.847963333,760,7.600000149,4.031164304,0.008220675,1.200000000,-0.366220405
0,1087,1784881047.847963333,761,7.610000149,4.037021552,0.004984371,1.200000000,-0.367691061
0,1087,1784881047.847963333,762,7.620000149,4.042873509,0.001737367,1.200000000,-0.369157462
0,1087,1784881047.847963333,763,7.630000149,4.048720200,-0.001520231,1.200000000,-0.370619641
0,1087,1784881047.847963333,764,7.640000149,4.054561650,-0.004788316,1.200000000,-0.372077631
0,1087,1784881047.847963333,765,7.650000149,4.060397885,-0.008066780,1.200000000,-0.373531465
0,1087,1784881047.847963333,766,7.660000149,4.066228932,-0.011355515,1.200000000,-0.374981177
0,1087,1784881047.847963333,767,7.670000149,4.072054819,-0.014654411,1.200000000,-0.376426800
0,1087,1784881047.847963333,768,7.680000149,4.077875573,-0.017963360,1.200000000,-0.377868367
0,1087,1784881047.847963333,769,7.690000149,4.083691223,-0.021282251,1.200000000,-0.379305913
0,1087,1784881047.847963333,770,7.700000149,4.089501798,-0.024610973,1.200000000,-0.380739469
0,1087,1784881047.847963333,771,7.710000149,4.095307329,-0.027949415,1.200000000,-0.382169070
0,1087,1784881047.847963333,772,7.720000149,4.101107847,-0.031297467,1.200000000,-0.383594749
0,1087,1784881047.847963333,773,7.730000149,4.106903383,-0.034655014,1.200000000,-0.385016539
0,1087,1784881047.847963333,774,7.740000149,4.112693969,-0.038021946,1.200000000,-0.386434473
0,1087,1784881047.847963333,775,7.750000149,4.118479639,-0.041398148,1.200000000,-0.387848586
0,1087,1784881047.847963333,776,7.760000149,4.124260424,-0.044783507,1.200000000,-0.389258909
0,1087,1784881047.847963333,777,7.770000149,4.130036361,-0.048177908,1.200000000,-0.390665477
0,1087,1784881047.847963333,778,7.780000149,4.135807482,-0.051581238,1.200000000,-0.392068323
0,1087,1784881047.847963333,779,7.790000149,4.141573824,-0.054993380,1.200000000,-0.393467480
0,1087,1784881047.847963333,780,7.800000149,4.147335422,-0.058414220,1.200000000,-0.394862981
0,1087,1784881047.847963333,781,7.810000149,4.153092313,-0.061843641,1.200000000,-0.396254861
0,1087,1784881047.847963333,782,7.820000149,4.158844534,-0.065281527,1.200000000,-0.397643151
0,1087,1784881047.847963333,783,7.830000149,4.164592121,-0.068727761,1.200000000,-0.399027887
0,1087,1784881047.847963333,784,7.840000149,4.170335114,-0.072182225,1.200000000,-0.400409100
0,1087,1784881047.847963333,785,7.850000149,4.176073550,-0.075644802,1.200000000,-0.401786824
0,1087,1784881047.847963333,786,7.860000149,4.181807469,-0.079115374,1.200000000,-0.403161093
0,1087,1784881047.847963333,787,7.870000149,4.187536911,-0.082593823,1.200000000,-0.404531940
0,1087,1784881047.847963333,788,7.880000149,4.193261915,-0.086080028,1.200000000,-0.405899398
0,1087,1784881047.847963333,789,7.890000149,4.198982522,-0.089573872,1.200000000,-0.407263500
0,1087,1784881047.847963333,790,7.900000149,4.204698773,-0.093075234,1.200000000,-0.408624281
0,1087,1784881047.847963333,791,7.910000149,4.210410710,-0.096583995,1.200000000,-0.409981773
0,1087,1784881047.847963333,792,7.920000149,4.216118374,-0.100100034,1.200000000,-0.411336009
0,1087,1784881047.847963333,793,7.930000149,4.221821808,-0.103623230,1.200000000,-0.412687024
0,1087,1784881047.847963333,794,7.940000149,4.227521054,-0.107153463,1.200000000,-0.414034849
0,1087,1784881047.847963333,795,7.950000149,4.233216156,-0.110690612,1.200000000,-0.415379520
0,1087,1784881047.847963333,796,7.960000149,4.238907157,-0.114234554,1.200000000,-0.416721068
0,1087,1784881047.847963333,797,7.970000149,4.244594100,-0.117785167,1.200000000,-0.418059528
0,1087,1784881047.847963333,798,7.980000149,4.250277032,-0.121342330,1.200000000,-0.419394932
0,1087,1784881047.847963333,799,7.990000149,4.255955995,-0.124905921,1.200000000,-0.420727314
0,1087,1784881047.847963333,800,8.000000149,4.261631034,-0.128475815,1.200000000,-0.422056708
0,1087,1784881047.847963333,801,8.010000149,4.267302196,-0.132051891,1.200000000,-0.423383146
0,1087,1784881047.847963333,802,8.020000149,4.272969526,-0.135634025,1.200000000,-0.424706662
0,1087,1784881047.847963333,803,8.030000149,4.278633069,-0.139222094,1.200000000,-0.426027290
0,1087,1784881047.847963333,804,8.040000149,4.284292871,-0.142815973,1.200000000,-0.427345062
0,1087,1784881047.847963333,805,8.050000149,4.289948980,-0.146415540,1.200000000,-0.428660013
0,1087,1784881047.847963333,806,8.060000149,4.295601441,-0.150020669,1.200000000,-0.429972174
0,1087,1784881047.847963333,807,8.070000149,4.301250302,-0.153631237,1.200000000,-0.431281581
0,1087,1784881047.847963333,808,8.080000149,4.306895609,-0.157247119,1.200000000,-0.432588265
0,1087,1784881047.847963333,809,8.090000149,4.312537410,-0.160868190,1.200000000,-0.433892261
0,1087,1784881047.847963333,810,8.100000149,4.318175753,-0.164494325,1.200000000,-0.435193601
0,1087,1784881047.847963333,811,8.110000149,4.323810685,-0.168125399,1.200000000,-0.436492320
0,1087,1784881047.847963333,812,8.120000149,4.329442255,-0.171761288,1.200000000,-0.437788450
0,1087,1784881047.847963333,813,8.130000149,4.335070509,-0.175401865,1.200000000,-0.439082025
0,1087,1784881047.847963333,814,8.140000149,4.340695497,-0.179047005,1.200000000,-0.440373077
0,1087,1784881047.847963333,815,8.150000149,4.346317266,-0.182696583,1.200000000,-0.441661642
0,1087,1784881047.847963333,816,8.160000149,4.351935866,-0.186350473,1.200000000,-0.442947751
0,1087,1784881047.847963333,817,8.170000149,4.357551344,-0.190008548,1.200000000,-0.444231438
0,1087,1784881047.847963333,818,8.180000149,4.363163749,-0.193670683,1.200000000,-0.445512736
0,1087,1784881047.847963333,819,8.190000149,4.368773130,-0.197336753,1.200000000,-0.446791680
0,1087,1784881047.847963333,820,8.200000149,4.374379536,-0.201006630,1.200000000,-0.448068301
0,1087,1784881047.847963333,821,8.210000149,4.379983015,-0.204680188,1.200000000,-0.449342634
0,1087,1784881047.847963333,822,8.220000149,4.385583616,-0.208357302,1.200000000,-0.450614712
0,1087,1784881047.847963333,823,8.230000149,4.391181388,-0.212037845,1.200000000,-0.451884567
0,1087,1784881047.847963333,824,8.240000149,4.396776381,-0.215721690,1.200000000,-0.453152235
0,1087,1784881047.847963333,825,8.250000149,4.402368642,-0.219408712,1.200000000,-0.454417747
0,1087,1784881047.847963333,826,8.260000149,4.407958220,-0.223098783,1.200000000,-0.455681137
0,1087,1784881047.847963333,827,8.270000149,4.413545165,-0.226791777,1.200000000,-0.456942439
0,1087,1784881047.847963333,828,8.280000149,4.419129525,-0.230487569,1.200000000,-0.458201686
0,1087,1784881047.847963333,829,8.290000149,4.424711349,-0.234186030,1.200000000,-0.459458910
0,1087,1784881047.847963333,830,8.300000149,4.430290685,-0.237887036,1.200000000,-0.460714147
0,1087,1784881047.847963333,831,8.310000149,4.435867582,-0.241590459,1.200000000,-0.461967428
0,1087,1784881047.847963333,832,8.320000149,4.441442088,-0.245296173,1.200000000,-0.463218787
0,1087,1784881047.847963333,833,8.330000149,4.447014252,-0.249004052,1.200000000,-0.464468258
0,1087,1784881047.847963333,834,8.340000149,4.452584122,-0.252713969,1.200000000,-0.465715874
0,1087,1784881047.847963333,835,8.350000149,4.458151745,-0.256425799,1.200000000,-0.466961668
0,1087,1784881047.847963333,836,8.360000149,4.463717170,-0.260139414,1.200000000,-0.468205673
0,1087,1784881047.847963333,837,8.370000149,4.469280444,-0.263854689,1.200000000,-0.469447924
0,1087,1784881047.847963333,838,8.380000149,4.474841615,-0.267571497,1.200000000,-0.470688452
0,1087,1784881047.847963333,839,8.390000149,4.480400730,-0.271289713,1.200000000,-0.471927292
0,1087,1784881047.847963333,840,8.400000149,4.485957836,-0.275009211,1.200000000,-0.473164478
0,1087,1784881047.847963333,841,8.410000149,4.491512980,-0.278729864,1.200000000,-0.474400041
0,1087,1784881047.847963333,842,8.420000149,4.497066209,-0.282451548,1.200000000,-0.475634016
0,1087,1784881047.847963333,843,8.430000149,4.502617569,-0.286174137,1.200000000,-0.476866436
0,1087,1784881047.847963333,844,8.440000149,4.508167107,-0.289897504,1.200000000,-0.478097334
0,1087,1784881047.847963333,845,8.450000149,4.513714867,-0.293621526,1.200000000,-0.479326744
0,1087,1784881047.847963333,846,8.460000149,4.519260897,-0.297346076,1.200000000,-0.480554698
0,1087,1784881047.847963333,847,8.470000149,4.524805241,-0.301071030,1.200000000,-0.481781231
0,1087,1784881047.847963333,848,8.480000149,4.530347944,-0.304796263,1.200000000,-0.483006376
0,1087,1784881047.847963333,849,8.490000149,4.535889050,-0.308521650,1.200000000,-0.484230166
0,1087,1784881047.847963333,850,8.500000149,4.541428606,-0.312247067,1.200000000,-0.485452633
0,1087,1784881047.847963333,851,8.510000149,4.546966653,-0.315972389,1.200000000,-0.486673813
0,1087,1784881047.847963333,852,8.520000149,4.552503236,-0.319697492,1.200000000,-0.487893737
0,1087,1784881047.847963333,853,8.530000149,4.558038399,-0.323422253,1.200000000,-0.489112440
0,1087,1784881047.847963333,854,8.540000149,4.563572184,-0.327146547,1.200000000,-0.490329955
0,1087,1784881047.847963333,855,8.550000149,4.569104634,-0.330870251,1.200000000,-0.491546314
0,1087,1784881047.847963333,856,8.560000149,4.574635790,-0.334593241,1.200000000,-0.492761552
0,1087,1784881047.847963333,857,8.570000149,4.580165696,-0.338315395,1.200000000,-0.493975702
0,1087,1784881047.847963333,858,8.580000149,4.585694391,-0.342036590,1.200000000,-0.495188796
0,1087,1784881047.847963333,859,8.590000149,4.591221918,-0.345756703,1.200000000,-0.496400869
0,1087,1784881047.847963333,860,8.600000149,4.596748316,-0.349475611,1.200000000,-0.497611954
0,1087,1784881047.847963333,861,8.610000149,4.602273626,-0.353193193,1.200000000,-0.498822083
0,1087,1784881047.847963333,862,8.620000149,4.607797887,-0.356909327,1.200000000,-0.500031291
0,1087,1784881047.847963333,863,8.630000149,4.613321138,-0.360623891,1.200000000,-0.501239611
0,1087,1784881047.847963333,864,8.640000149,4.618843419,-0.364336763,1.200000000,-0.502447076
0,1087,1784881047.847963333,865,8.650000149,4.624364766,-0.368047824,1.200000000,-0.503653719
0,1087,1784881047.847963333,866,8.660000149,4.629885218,-0.371756951,1.200000000,-0.504859574
0,1087,1784881047.847963333,867,8.670000149,4.635404812,-0.375464025,1.200000000,-0.506064674
0,1087,1784881047.847963333,868,8.680000149,4.640923585,-0.379168926,1.200000000,-0.507269053
0,1087,1784881047.847963333,869,8.690000149,4.646441573,-0.382871532,1.200000000,-0.508472743
0,1087,1784881047.847963333,870,8.700000149,4.651958811,-0.386571726,1.200000000,-0.509675778
0,1087,1784881047.847963333,871,8.710000149,4.657475334,-0.390269388,1.200000000,-0.510878192
0,1087,1784881047.847963333,872,8.720000149,4.662991178,-0.393964399,1.200000000,-0.512080018
0,1087,1784881047.847963333,873,8.730000149,4.668506375,-0.397656640,1.200000000,-0.513281288
0,1087,1784881047.847963333,874,8.740000149,4.674020960,-0.401345993,1.200000000,-0.514482037
0,1087,1784881047.847963333,875,8.750000149,4.679534966,-0.405032340,1.200000000,-0.515682298
0,1087,1784881047.847963333,876,8.760000149,4.685048424,-0.408715565,1.200000000,-0.516882104
0,1087,1784881047.847963333,877,8.770000149,4.690561366,-0.412395548,1.200000000,-0.518081489
0,1087,1784881047.847963333,878,8.780000149,4.696073824,-0.416072174,1.200000000,-0.519280485
0,1087,1784881047.847963333,879,8.790000149,4.701585828,-0.419745327,1.200000000,-0.520479126
0,1087,1784881047.847963333,880,8.800000149,4.707097408,-0.423414889,1.200000000,-0.521677446
0,1087,1784881047.847963333,881,8.810000149,4.712608593,-0.427080746,1.200000000,-0.522875478
0,1087,1784881047.847963333,882,8.820000149,4.718119413,-0.430742782,1.200000000,-0.524073255
0,1087,1784881047.847963333,883,8.830000149,4.723629894,-0.434400882,1.200000000,-0.525270811
0,1087,1784881047.847963333,884,8.840000149,4.729140065,-0.438054932,1.200000000,-0.526468178
0,1087,1784881047.847963333,885,8.850000149,4.734649953,-0.441704817,1.200000000,-0.527665390
0,1087,1784881047.847963333,886,8.860000149,4.740159583,-0.445350423,1.200000000,-0.528862481
0,1087,1784881047.847963333,887,8.870000149,4.745668982,-0.448991637,1.200000000,-0.530059484
0,1087,1784881047.847963333,888,8.880000149,4.751178174,-0.452628347,1.200000000,-0.531256432
0,1087,1784881047.847963333,889,8.890000149,4.756687184,-0.456260439,1.200000000,-0.532453359
0,1087,1784881047.847963333,890,8.900000149,4.762196035,-0.459887801,1.200000000,-0.533650298
0,1087,1784881047.847963333,891,8.910000149,4.767704751,-0.463510322,1.200000000,-0.534847281
0,1087,1784881047.847963333,892,8.920000149,4.773213353,-0.467127890,1.200000000,-0.536044344
0,1087,1784881047.847963333,893,8.930000149,4.778721864,-0.470740395,1.200000000,-0.537241518
0,1087,1784881047.847963333,894,8.940000149,4.784230305,-0.474347726,1.200000000,-0.538438838
0,1087,1784881047.847963333,895,8.950000149,4.789738695,-0.477949772,1.200000000,-0.539636336
0,1087,1784881047.847963333,896,8.960000149,4.795247056,-0.481546425,1.200000000,-0.540834046
0,1087,1784881047.847963333,897,8.970000149,4.800755405,-0.485137574,1.200000000,-0.542032001
0,1087,1784881047.847963333,898,8.980000149,4.806263762,-0.488723112,1.200000000,-0.543230235
0,1087,1784881047.847963333,899,8.990000149,4.811772144,-0.492302930,1.200000000,-0.544428781
0,1087,1784881047.847963333,900,9.000000149,4.817280568,-0.495876920,1.200000000,-0.545627672
0,1087,1784881047.847963333,901,9.010000149,4.822789051,-0.499444975,1.200000000,-0.546826941
0,1087,1784881047.847963333,902,9.020000149,4.828297608,-0.503006988,1.200000000,-0.548026623
0,1087,1784881047.847963333,903,9.030000149,4.833806255,-0.506562852,1.200000000,-0.549226750
0,1087,1784881047.847963333,904,9.040000149,4.839315005,-0.510112461,1.200000000,-0.550427356
0,1087,1784881047.847963333,905,9.050000149,4.844823874,-0.513655710,1.200000000,-0.551628473
0,1087,1784881047.847963333,906,9.060000149,4.850332874,-0.517192493,1.200000000,-0.552830136
0,1087,1784881047.847963333,907,9.070000149,4.855842017,-0.520722707,1.200000000,-0.554032378
0,1087,1784881047.847963333,908,9.080000149,4.861351316,-0.524246246,1.200000000,-0.555235232
0,1087,1784881047.847963333,909,9.090000149,4.866860781,-0.527763007,1.200000000,-0.556438731
0,1087,1784881047.847963333,910,9.100000149,4.872370423,-0.531272886,1.200000000,-0.557642908
0,1087,1784881047.847963333,911,9.110000149,4.877880252,-0.534775781,1.200000000,-0.558847798
0,1087,1784881047.847963333,912,9.120000149,4.883390277,-0.538271590,1.200000000,-0.560053433
0,1087,1784881047.847963333,913,9.130000149,4.888900506,-0.541760210,1.200000000,-0.561259847
0,1087,1784881047.847963333,914,9.140000149,4.894410949,-0.545241541,1.200000000,-0.562467072
0,1087,1784881047.847963333,915,9.150000149,4.899921611,-0.548715480,1.200000000,-0.563675143
0,1087,1784881047.847963333,916,9.160000149,4.905432500,-0.552181928,1.200000000,-0.564884093
0,1087,1784881047.847963333,917,9.170000149,4.910943622,-0.555640785,1.200000000,-0.566093955
0,1087,1784881047.847963333,918,9.180000149,4.916454982,-0.559091952,1.200000000,-0.567304762
0,1087,1784881047.847963333,919,9.190000149,4.921966585,-0.562535328,1.200000000,-0.568516473
0,1087,1784881047.847963333,920,9.200000149,4.927478436,-0.565970816,1.200000000,-0.569728748
0,1087,1784881047.847963333,921,9.210000149,4.932990538,-0.569398317,1.200000000,-0.570941176
0,1087,1784881047.847963333,922,9.220000149,4.938502893,-0.572817733,1.200000000,-0.572153347
0,1087,1784881047.847963333,923,9.230000149,4.944015505,-0.576228969,1.200000000,-0.573364849
0,1087,1784881047.847963333,924,9.240000149,4.949528376,-0.579631926,1.200000000,-0.574575271
0,1087,1784881047.847963333,925,9.250000149,4.955041507,-0.583026508,1.200000000,-0.575784202
0,1087,1784881047.847963333,926,9.260000149,4.960554898,-0.586412620,1.200000000,-0.576991231
0,1087,1784881047.847963333,927,9.270000149,4.966068550,-0.589790167,1.200000000,-0.578195947
0,1087,1784881047.847963333,928,9.280000149,4.971582462,-0.593159053,1.200000000,-0.579397938
0,1087,1784881047.847963333,929,9.290000149,4.977096635,-0.596519184,1.200000000,-0.580596793
0,1087,1784881047.847963333,930,9.300000149,4.982611066,-0.599870466,1.200000000,-0.581792102
0,1087,1784881047.847963333,931,9.310000149,4.988125753,-0.603212805,1.200000000,-0.582983453
0,1087,1784881047.847963333,932,9.320000149,4.993640695,-0.606546109,1.200000000,-0.584170436
0,1087,1784881047.847963333,933,9.330000149,4.999155888,-0.609870285,1.200000000,-0.585352638
0,1087,1784881047.847963333,934,9.340000149,5.004671330,-0.613185240,1.200000000,-0.586529649
0,1087,1784881047.847963333,935,9.350000149,5.010187016,-0.616490884,1.200000000,-0.587701057
0,1087,1784881047.847963333,936,9.360000149,5.015702942,-0.619787124,1.200000000,-0.588866453
0,1087,1784881047.847963333,937,9.370000149,5.021219104,-0.623073870,1.200000000,-0.590025423
0,1087,1784881047.847963333,938,9.380000149,5.026735496,-0.626351032,1.200000000,-0.591177558
0,1087,1784881047.847963333,939,9.390000149,5.032252114,-0.629618519,1.200000000,-0.592322446
0,1087,1784881047.847963333,940,9.400000149,5.037768950,-0.632876243,1.200000000,-0.593459677
0,1087,1784881047.847963333,941,9.410000149,5.043286000,-0.636124113,1.200000000,-0.594588838
0,1087,1784881047.847963333,942,9.420000149,5.048803256,-0.639362042,1.200000000,-0.595709519
0,1087,1784881047.847963333,943,9.430000149,5.054320711,-0.642589941,1.200000000,-0.596821309
0,1087,1784881047.847963333,944,9.440000149,5.059838358,-0.645807722,1.200000000,-0.597923796
0,1087,1784881047.847963333,945,9.450000149,5.065356190,-0.649015298,1.200000000,-0.599016570
0,1087,1784881047.847963333,946,9.460000149,5.070874198,-0.652212582,1.200000000,-0.600099219
0,1087,1784881047.847963333,947,9.470000149,5.076392373,-0.655399487,1.200000000,-0.601171332
0,1087,1784881047.847963333,948,9.480000149,5.081910709,-0.658575927,1.200000000,-0.602232498
0,1087,1784881047.847963333,949,9.490000149,5.087429195,-0.661741817,1.200000000,-0.603282306
0,1087,1784881047.847963333,950,9.500000149,5.092947822,-0.664897071,1.200000000,-0.604320345
0,1087,1784881047.847963333,951,9.510000149,5.098466582,-0.668041603,1.200000000,-0.605346204
0,1087,1784881047.847963333,952,9.520000149,5.103985464,-0.671175331,1.200000000,-0.606359471
0,1087,1784881047.847963333,953,9.530000149,5.109504459,-0.674298169,1.200000000,-0.607359736
0,1087,1784881047.847963333,954,9.540000149,5.115023556,-0.677410033,1.200000000,-0.608346587
0,1087,1784881047.847963333,955,9.550000149,5.120542746,-0.680510840,1.200000000,-0.609319613
0,1087,1784881047.847963333,956,9.560000149,5.126062019,-0.683600507,1.200000000,-0.610278403
0,1087,1784881047.847963333,957,9.570000149,5.131581363,-0.686678952,1.200000000,-0.611222547
0,1087,1784881047.847963333,958,9.580000149,5.137100768,-0.689746092,1.200000000,-0.612151632
0,1087,1784881047.847963333,959,9.590000149,5.142620224,-0.692801845,1.200000000,-0.613065247
0,1087,1784881047.847963333,960,9.600000149,5.148139719,-0.695846130,1.200000000,-0.613962982
0,1087,1784881047.847963333,961,9.610000149,5.153659243,-0.698878864,1.200000000,-0.614844426
0,1087,1784881047.847963333,962,9.620000149,5.159178785,-0.701899969,1.200000000,-0.615709167
0,1087,1784881047.847963333,963,9.630000149,5.164698333,-0.704909362,1.200000000,-0.616556794
0,1087,1784881047.847963333,964,9.640000149,5.170217877,-0.707906964,1.200000000,-0.617386896
0,1087,1784881047.847963333,965,9.650000149,5.175737405,-0.710892694,1.200000000,-0.618199062
0,1087,1784881047.847963333,966,9.660000149,5.181256907,-0.713866474,1.200000000,-0.618992881
0,1087,1784881047.847963333,967,9.670000149,5.186776371,-0.716828225,1.200000000,-0.619767942
0,1087,1784881047.847963333,968,9.680000149,5.192295786,-0.719777866,1.200000000,-0.620523833
0,1087,1784881047.847963333,969,9.690000149,5.197815141,-0.722715320,1.200000000,-0.621260143
0,1087,1784881047.847963333,970,9.700000149,5.203334426,-0.725640509,1.200000000,-0.621976462
0,1087,1784881047.847963333,971,9.710000149,5.208853629,-0.728553354,1.200000000,-0.622672378
0,1087,1784881047.847963333,972,9.720000149,5.214372740,-0.731453778,1.200000000,-0.623347480
0,1087,1784881047.847963333,973,9.730000149,5.219891747,-0.734341704,1.200000000,-0.624001357
0,1087,1784881047.847963333,974,9.740000149,5.225410642,-0.737217054,1.200000000,-0.624633598
0,1087,1784881047.847963333,975,9.750000149,5.230929412,-0.740079752,1.200000000,-0.625243792
0,1087,1784881047.847963333,976,9.760000149,5.236448049,-0.742929722,1.200000000,-0.625831526
0,1087,1784881047.847963333,977,9.770000149,5.241966542,-0.745766887,1.200000000,-0.626396392
0,1087,1784881047.847963333,978,9.780000149,5.247484881,-0.748591171,1.200000000,-0.626937977
0,1087,1784881047.847963333,979,9.790000149,5.253003056,-0.751402499,1.200000000,-0.627455869
0,1087,1784881047.847963333,980,9.800000149,5.258521059,-0.754200796,1.200000000,-0.627949659
0,1087,1784881047.847963333,981,9.810000149,5.264038880,-0.756985986,1.200000000,-0.628418935
0,1087,1784881047.847963333,982,9.820000149,5.269556511,-0.759757994,1.200000000,-0.628863286
0,1087,1784881047.847963333,983,9.830000149,5.275073942,-0.762516747,1.200000000,-0.629282300
0,1087,1784881047.847963333,984,9.840000149,5.280591166,-0.765262169,1.200000000,-0.629675567
0,1087,1784881047.847963333,985,9.850000149,5.286108175,-0.767994187,1.200000000,-0.630042675
0,1087,1784881047.847963333,986,9.860000149,5.291624961,-0.770712727,1.200000000,-0.630383213
0,1087,1784881047.847963333,987,9.870000149,5.297141517,-0.773417716,1.200000000,-0.630696771
0,1087,1784881047.847963333,988,9.880000149,5.302657836,-0.776109079,1.200000000,-0.630982937
0,1087,1784881047.847963333,989,9.890000149,5.308173911,-0.778786744,1.200000000,-0.631241299
0,1087,1784881047.847963333,990,9.900000149,5.313689737,-0.781450639,1.200000000,-0.631471447
0,1087,1784881047.847963333,991,9.910000149,5.319205307,-0.784100690,1.200000000,-0.631672970
0,1087,1784881047.847963333,992,9.920000149,5.324720617,-0.786736825,1.200000000,-0.631845457
0,1087,1784881047.847963333,993,9.930000149,5.330235662,-0.789358971,1.200000000,-0.631988496
0,1087,1784881047.847963333,994,9.940000149,5.335750437,-0.791967058,1.200000000,-0.632101676
0,1087,1784881047.847963333,995,9.950000149,5.341264938,-0.794561013,1.200000000,-0.632184586
0,1087,1784881047.847963333,996,9.960000149,5.346779162,-0.797140764,1.200000000,-0.632236816
0,1087,1784881047.847963333,997,9.970000149,5.352293107,-0.799706241,1.200000000,-0.632257953
0,1087,1784881047.847963333,998,9.980000149,5.357806769,-0.802257371,1.200000000,-0.632247587
0,1087,1784881047.847963333,999,9.990000149,5.363320148,-0.804794085,1.200000000,-0.632205307
0,1087,1784881047.847963333,1000,10.000000149,5.368833240,-0.807316311,1.200000000,-0.632130701
0,1087,1784881047.847963333,1001,10.010000149,5.374346047,-0.809823979,1.200000000,-0.632023359
0,1087,1784881047.847963333,1002,10.020000149,5.379858568,-0.812317018,1.200000000,-0.631882869
0,1087,1784881047.847963333,1003,10.030000149,5.385370803,-0.814795358,1.200000000,-0.631708820
0,1087,1784881047.847963333,1004,10.040000149,5.390882753,-0.817258929,1.200000000,-0.631500801
0,1087,1784881047.847963333,1005,10.050000149,5.396394419,-0.819707662,1.200000000,-0.631258401
0,1087,1784881047.847963333,1006,10.060000149,5.401905805,-0.822141486,1.200000000,-0.630981208
0,1087,1784881047.847963333,1007,10.070000149,5.407416913,-0.824560332,1.200000000,-0.630668813
0,1087,1784881047.847963333,1008,10.080000149,5.412927747,-0.826964131,1.200000000,-0.630320803
0,1087,1784881047.847963333,1009,10.090000149,5.418438310,-0.829352814,1.200000000,-0.629936767
0,1087,1784881047.847963333,1010,10.100000149,5.423948608,-0.831726311,1.200000000,-0.629516295
0,1087,1784881047.847963333,1011,10.110000149,5.429458646,-0.834084554,1.200000000,-0.629058974
0,1087,1784881047.847963333,1012,10.120000149,5.434968431,-0.836427475,1.200000000,-0.628564395
0,1087,1784881047.847963333,1013,10.130000149,5.440477969,-0.838755004,1.200000000,-0.628032146
0,1087,1784881047.847963333,1014,10.140000149,5.445987268,-0.841067074,1.200000000,-0.627461815
0,1087,1784881047.847963333,1015,10.150000149,5.451496337,-0.843363615,1.200000000,-0.626852992
0,1087,1784881047.847963333,1016,10.160000149,5.457005185,-0.845644561,1.200000000,-0.626205265
0,1087,1784881047.847963333,1017,10.170000149,5.462513822,-0.847909844,1.200000000,-0.625518224
0,1087,1784881047.847963333,1018,10.180000149,5.468022257,-0.850159394,1.200000000,-0.624791458
0,1087,1784881047.847963333,1019,10.190000149,5.473530504,-0.852393146,1.200000000,-0.624024554
0,1087,1784881047.847963333,1020,10.200000149,5.479038573,-0.854611032,1.200000000,-0.623217102
0,1087,1784881047.847963333,1021,10.210000149,5.484546479,-0.856812984,1.200000000,-0.622368691
0,1087,1784881047.847963333,1022,10.220000149,5.490054234,-0.858998936,1.200000000,-0.621478910
0,1087,1784881047.847963333,1023,10.230000149,5.495561853,-0.861168819,1.200000000,-0.620547348
0,1087,1784881047.847963333,1024,10.240000149,5.501069352,-0.863322569,1.200000000,-0.619573593
0,1087,1784881047.847963333,1025,10.250000149,5.506576747,-0.865460118,1.200000000,-0.618557234
0,1087,1784881047.847963333,1026,10.260000149,5.512084055,-0.867581399,1.200000000,-0.617497861
0,1087,1784881047.847963333,1027,10.270000149,5.517591293,-0.869686346,1.200000000,-0.616395062
0,1087,1784881047.847963333,1028,10.280000149,5.523098481,-0.871774893,1.200000000,-0.615248426
0,1087,1784881047.847963333,1029,10.290000149,5.528605637,-0.873846974,1.200000000,-0.614057541
0,1087,1784881047.847963333,1030,10.300000149,5.534112783,-0.875902524,1.200000000,-0.612821998
0,1087,1784881047.847963333,1031,10.310000149,5.539619939,-0.877941476,1.200000000,-0.611541384
0,1087,1784881047.847963333,1032,10.320000149,5.545127127,-0.879963765,1.200000000,-0.610215289
0,1087,1784881047.847963333,1033,10.330000149,5.550634370,-0.881969325,1.200000000,-0.608843301
0,1087,1784881047.847963333,1034,10.340000149,5.556141691,-0.883958092,1.200000000,-0.607425009
0,1087,1784881047.847963333,1035,10.350000149,5.561649117,-0.885929999,1.200000000,-0.605960002
0,1087,1784881047.847963333,1036,10.360000149,5.567156670,-0.887884984,1.200000000,-0.604447869
0,1087,1784881047.847963333,1037,10.370000149,5.572664379,-0.889822979,1.200000000,-0.602888200
0,1087,1784881047.847963333,1038,10.380000149,5.578172270,-0.891743922,1.200000000,-0.601280582
0,1087,1784881047.847963333,1039,10.390000149,5.583680371,-0.893647748,1.200000000,-0.599624604
0,1087,1784881047.847963333,1040,10.400000149,5.589188711,-0.895534392,1.200000000,-0.597919856
0,1087,1784881047.847963333,1041,10.410000149,5.594697319,-0.897403790,1.200000000,-0.596165927
0,1087,1784881047.847963333,1042,10.420000149,5.600206227,-0.899255879,1.200000000,-0.594362404
0,1087,1784881047.847963333,1043,10.430000149,5.605715465,-0.901090595,1.200000000,-0.592508878
0,1087,1784881047.847963333,1044,10.440000149,5.611225066,-0.902907874,1.200000000,-0.590604937
0,1087,1784881047.847963333,1045,10.450000149,5.616735062,-0.904707654,1.200000000,-0.588650170
0,1087,1784881047.847963333,1046,10.460000149,5.622245489,-0.906489870,1.200000000,-0.586644165
0,1087,1784881047.847963333,1047,10.470000149,5.627756380,-0.908254461,1.200000000,-0.584586512
0,1087,1784881047.847963333,1048,10.480000149,5.633267771,-0.910001363,1.200000000,-0.582476800
0,1087,1784881047.847963333,1049,10.490000149,5.638779698,-0.911730515,1.200000000,-0.580314616
0,1087,1784881047.847963333,1050,10.500000149,5.644292200,-0.913441853,1.200000000,-0.578099551
0,1087,1784881047.847963333,1051,10.510000149,5.649805313,-0.915135316,1.200000000,-0.575831194
0,1087,1784881047.847963333,1052,10.520000149,5.655319077,-0.916810842,1.200000000,-0.573509245
0,1087,1784881047.847963333,1053,10.530000149,5.660833532,-0.918468370,1.200000000,-0.571134025
0,1087,1784881047.847963333,1054,10.540000149,5.666348718,-0.920107838,1.200000000,-0.568706067
0,1087,1784881047.847963333,1055,10.550000149,5.671864676,-0.921729185,1.200000000,-0.566225900
0,1087,1784881047.847963333,1056,10.560000149,5.677381449,-0.923332351,1.200000000,-0.563694057
0,1087,1784881047.847963333,1057,10.570000149,5.682899078,-0.924917274,1.200000000,-0.561111068
0,1087,1784881047.847963333,1058,10.580000149,5.688417609,-0.926483895,1.200000000,-0.558477466
0,1087,1784881047.847963333,1059,10.590000149,5.693937084,-0.928032153,1.200000000,-0.555793781
0,1087,1784881047.847963333,1060,10.600000149,5.699457550,-0.929561989,1.200000000,-0.553060544
0,1087,1784881047.847963333,1061,10.610000149,5.704979052,-0.931073344,1.200000000,-0.550278289
0,1087,1784881047.847963333,1062,10.620000149,5.710501637,-0.932566158,1.200000000,-0.547447544
0,1087,1784881047.847963333,1063,10.630000149,5.716025351,-0.934040373,1.200000000,-0.544568843
0,1087,1784881047.847963333,1064,10.640000149,5.721550242,-0.935495929,1.200000000,-0.541642716
0,1087,1784881047.847963333,1065,10.650000149,5.727076360,-0.936932770,1.200000000,-0.538669695
0,1087,1784881047.847963333,1066,10.660000149,5.732603754,-0.938350837,1.200000000,-0.535650310
0,1087,1784881047.847963333,1067,10.670000149,5.738132473,-0.939750072,1.200000000,-0.532585095
0,1087,1784881047.847963333,1068,10.680000149,5.743662567,-0.941130419,1.200000000,-0.529474579
0,1087,1784881047.847963333,1069,10.690000149,5.749194088,-0.942491821,1.200000000,-0.526319294
0,1087,1784881047.847963333,1070,10.700000149,5.754727088,-0.943834221,1.200000000,-0.523119771
0,1087,1784881047.847963333,1071,10.710000149,5.760261619,-0.945157564,1.200000000,-0.519876543
0,1087,1784881047.847963333,1072,10.720000149,5.765797734,-0.946461793,1.200000000,-0.516590140
0,1087,1784881047.847963333,1073,10.730000149,5.771335485,-0.947746854,1.200000000,-0.513261094
0,1087,1784881047.847963333,1074,10.740000149,5.776874928,-0.949012692,1.200000000,-0.509889935
0,1087,1784881047.847963333,1075,10.750000149,5.782416116,-0.950259253,1.200000000,-0.506477196
0,1087,1784881047.847963333,1076,10.760000149,5.787959104,-0.951486482,1.200000000,-0.503023408
0,1087,1784881047.847963333,1077,10.770000149,5.793503948,-0.952694326,1.200000000,-0.499529102
0,1087,1784881047.847963333,1078,10.780000149,5.799050703,-0.953882733,1.200000000,-0.495994809
0,1087,1784881047.847963333,1079,10.790000149,5.804599425,-0.955051649,1.200000000,-0.492421061
0,1087,1784881047.847963333,1080,10.800000149,5.810150172,-0.956201023,1.200000000,-0.488808390
0,1087,1784881047.847963333,1081,10.810000149,5.815703001,-0.957330803,1.200000000,-0.485157326
0,1087,1784881047.847963333,1082,10.820000149,5.821257968,-0.958440938,1.200000000,-0.481468401
0,1087,1784881047.847963333,1083,10.830000149,5.826815131,-0.959531378,1.200000000,-0.477742146
0,1087,1784881047.847963333,1084,10.840000149,5.832374549,-0.960602072,1.200000000,-0.473979093
0,1087,1784881047.847963333,1085,10.850000149,5.837936279,-0.961652971,1.200000000,-0.470179773
0,1087,1784881047.847963333,1086,10.860000149,5.843500381,-0.962684027,1.200000000,-0.466344717
0,1087,1784881047.847963333,1087,10.870000149,5.849066913,-0.963695190,1.200000000,-0.462474458
0,1087,1784881047.847963333,1088,10.880000149,5.854635935,-0.964686413,1.200000000,-0.458569525
0,1087,1784881047.847963333,1089,10.890000149,5.860207505,-0.965657650,1.200000000,-0.454630451
0,1087,1784881047.847963333,1090,10.900000149,5.865781683,-0.966608853,1.200000000,-0.450657767
0,1087,1784881047.847963333,1091,10.910000149,5.871358530,-0.967539976,1.200000000,-0.446652004
0,1087,1784881047.847963333,1092,10.920000149,5.876938103,-0.968450974,1.200000000,-0.442613694
0,1087,1784881047.847963333,1093,10.930000149,5.882520465,-0.969341803,1.200000000,-0.438543368
0,1087,1784881047.847963333,1094,10.940000149,5.888105674,-0.970212418,1.200000000,-0.434441558
0,1087,1784881047.847963333,1095,10.950000149,5.893693791,-0.971062776,1.200000000,-0.430308794
0,1087,1784881047.847963333,1096,10.960000149,5.899284875,-0.971892835,1.200000000,-0.426145608
0,1087,1784881047.847963333,1097,10.970000149,5.904878988,-0.972702552,1.200000000,-0.421952531
0,1087,1784881047.847963333,1098,10.980000149,5.910476188,-0.973491886,1.200000000,-0.417730096
0,1087,1784881047.847963333,1099,10.990000149,5.916076536,-0.974260797,1.200000000,-0.413478833
0,1087,1784881047.847963333,1100,11.000000149,5.921680093,-0.975009245,1.200000000,-0.409199273
0,1087,1784881047.847963333,1101,11.010000149,5.927286917,-0.975737190,1.200000000,-0.404891948
0,1087,1784881047.847963333,1102,11.020000149,5.932897069,-0.976444594,1.200000000,-0.400557390
0,1087,1784881047.847963333,1103,11.030000149,5.938510609,-0.977131421,1.200000000,-0.396196129
0,1087,1784881047.847963333,1104,11.040000149,5.944127595,-0.977797632,1.200000000,-0.391808698
0,1087,1784881047.847963333,1105,11.050000149,5.949748088,-0.978443193,1.200000000,-0.387395626
0,1087,1784881047.847963333,1106,11.060000149,5.955372146,-0.979068067,1.200000000,-0.382957447
0,1087,1784881047.847963333,1107,11.070000149,5.960999828,-0.979672221,1.200000000,-0.378494691
0,1087,1784881047.847963333,1108,11.080000149,5.966631194,-0.980255620,1.200000000,-0.374007889
0,1087,1784881047.847963333,1109,11.090000149,5.972266300,-0.980818234,1.200000000,-0.369497574
0,1087,1784881047.847963333,1110,11.100000149,5.977905205,-0.981360029,1.200000000,-0.364964275
0,1087,1784881047.847963333,1111,11.110000149,5.983547967,-0.981880974,1.200000000,-0.360408525
0,1087,1784881047.847963333,1112,11.120000149,5.989194643,-0.982381040,1.200000000,-0.355830856
0,1087,1784881047.847963333,1113,11.130000149,5.994845290,-0.982860198,1.200000000,-0.351231797
0,1087,1784881047.847963333,1114,11.140000149,6.000499963,-0.983318419,1.200000000,-0.346611882
0,1087,1784881047.847963333,1115,11.150000149,6.006158720,-0.983755676,1.200000000,-0.341971640
0,1087,1784881047.847963333,1116,11.160000149,6.011821616,-0.984171942,1.200000000,-0.337311604
0,1087,1784881047.847963333,1117,11.170000149,6.017488705,-0.984567193,1.200000000,-0.332632305
0,1087,1784881047.847963333,1118,11.180000149,6.023160041,-0.984941404,1.200000000,-0.327934274
0,1087,1784881047.847963333,1119,11.190000149,6.028835680,-0.985294551,1.200000000,-0.323218043
0,1087,1784881047.847963333,1120,11.200000149,6.034515674,-0.985626612,1.200000000,-0.318484143
0,1087,1784881047.847963333,1121,11.210000149,6.040200075,-0.985937566,1.200000000,-0.313733105
0,1087,1784881047.847963333,1122,11.220000149,6.045888937,-0.986227392,1.200000000,-0.308965460
0,1087,1784881047.847963333,1123,11.230000149,6.051582309,-0.986496070,1.200000000,-0.304181741
0,1087,1784881047.847963333,1124,11.240000149,6.057280243,-0.986743583,1.200000000,-0.299382478
0,1087,1784881047.847963333,1125,11.250000149,6.062982789,-0.986969913,1.200000000,-0.294568203
0,1087,1784881047.847963333,1126,11.260000149,6.068689995,-0.987175044,1.200000000,-0.289739448
0,1087,1784881047.847963333,1127,11.270000149,6.074401911,-0.987358961,1.200000000,-0.284896742
0,1087,1784881047.847963333,1128,11.280000149,6.080118584,-0.987521649,1.200000000,-0.280040619
0,1087,1784881047.847963333,1129,11.290000149,6.085840061,-0.987663096,1.200000000,-0.275171609
0,1087,1784881047.847963333,1130,11.300000149,6.091566387,-0.987783289,1.200000000,-0.270290243
0,1087,1784881047.847963333,1131,11.310000149,6.097297607,-0.987882219,1.200000000,-0.265397054
0,1087,1784881047.847963333,1132,11.320000149,6.103033767,-0.987959875,1.200000000,-0.260492572
0,1087,1784881047.847963333,1133,11.330000149,6.108774909,-0.988016249,1.200000000,-0.255577329
0,1087,1784881047.847963333,1134,11.340000149,6.114521074,-0.988051335,1.200000000,-0.250651856
0,1087,1784881047.847963333,1135,11.350000149,6.120272306,-0.988065125,1.200000000,-0.245716684
0,1087,1784881047.847963333,1136,11.360000149,6.126028643,-0.988057614,1.200000000,-0.240772345
0,1087,1784881047.847963333,1137,11.370000149,6.131790126,-0.988028800,1.200000000,-0.235819371
0,1087,1784881047.847963333,1138,11.380000149,6.137556792,-0.987978680,1.200000000,-0.230858292
0,1087,1784881047.847963333,1139,11.390000149,6.143328679,-0.987907251,1.200000000,-0.225889640
0,1087,1784881047.847963333,1140,11.400000149,6.149105823,-0.987814515,1.200000000,-0.220913946
0,1087,1784881047.847963333,1141,11.410000149,6.154888258,-0.987700473,1.200000000,-0.215931742
0,1087,1784881047.847963333,1142,11.420000149,6.160676018,-0.987565126,1.200000000,-0.210943560
0,1087,1784881047.847963333,1143,11.430000149,6.166469136,-0.987408479,1.200000000,-0.205949929
0,1087,1784881047.847963333,1144,11.440000149,6.172267644,-0.987230536,1.200000000,-0.200951383
0,1087,1784881047.847963333,1145,11.450000149,6.178071572,-0.987031304,1.200000000,-0.195948451
0,1087,1784881047.847963333,1146,11.460000149,6.183880948,-0.986810790,1.200000000,-0.190941666
0,1087,1784881047.847963333,1147,11.470000149,6.189695801,-0.986569002,1.200000000,-0.185931559
0,1087,1784881047.847963333,1148,11.480000149,6.195516156,-0.986305952,1.200000000,-0.180918662
0,1087,1784881047.847963333,1149,11.490000149,6.201342040,-0.986021651,1.200000000,-0.175903505
0,1087,1784881047.847963333,1150,11.500000149,6.207173475,-0.985716110,1.200000000,-0.170886620
0,1087,1784881047.847963333,1151,11.510000149,6.213010485,-0.985389345,1.200000000,-0.165868538
0,1087,1784881047.847963333,1152,11.520000149,6.218853091,-0.985041371,1.200000000,-0.160849791
0,1087,1784881047.847963333,1153,11.530000149,6.224701311,-0.984672203,1.200000000,-0.155830911
0,1087,1784881047.847963333,1154,11.540000149,6.230555165,-0.984281862,1.200000000,-0.150812428
0,1087,1784881047.847963333,1155,11.550000149,6.236414670,-0.983870365,1.200000000,-0.145794873
0,1087,1784881047.847963333,1156,11.560000149,6.242279841,-0.983437734,1.200000000,-0.140778779
0,1087,1784881047.847963333,1157,11.570000149,6.248150692,-0.982983991,1.200000000,-0.135764677
0,1087,1784881047.847963333,1158,11.580000149,6.254027236,-0.982509159,1.200000000,-0.130753097
0,1087,1784881047.847963333,1159,11.590000149,6.259909483,-0.982013264,1.200000000,-0.125744572
0,1087,1784881047.847963333,1160,11.600000149,6.265797444,-0.981496332,1.200000000,-0.120739632
0,1087,1784881047.847963333,1161,11.610000149,6.271691126,-0.980958390,1.200000000,-0.115738810
0,1087,1784881047.847963333,1162,11.620000149,6.277590536,-0.980399469,1.200000000,-0.110742636
0,1087,1784881047.847963333,1163,11.630000149,6.283495679,-0.979819597,1.200000000,-0.105751642
0,1087,1784881047.847963333,1164,11.640000149,6.289406559,-0.979218808,1.200000000,-0.100766359
0,1087,1784881047.847963333,1165,11.650000149,6.295323176,-0.978597135,1.200000000,-0.095787318
0,1087,1784881047.847963333,1166,11.660000149,6.301245532,-0.977954612,1.200000000,-0.090815052
0,1087,1784881047.847963333,1167,11.670000149,6.307173624,-0.977291276,1.200000000,-0.085850091
0,1087,1784881047.847963333,1168,11.680000149,6.313107451,-0.976607165,1.200000000,-0.080892966
0,1087,1784881047.847963333,1169,11.690000149,6.319047006,-0.975902318,1.200000000,-0.075944209
0,1087,1784881047.847963333,1170,11.700000149,6.324992285,-0.975176775,1.200000000,-0.071004352
0,1087,1784881047.847963333,1171,11.710000149,6.330943278,-0.974430578,1.200000000,-0.066073926
0,1087,1784881047.847963333,1172,11.720000149,6.336899977,-0.973663771,1.200000000,-0.061153462
0,1087,1784881047.847963333,1173,11.730000149,6.342862369,-0.972876399,1.200000000,-0.056243491
0,1087,1784881047.847963333,1174,11.740000149,6.348830442,-0.972068508,1.200000000,-0.051344545
0,1087,1784881047.847963333,1175,11.750000149,6.354804181,-0.971240146,1.200000000,-0.046457155
0,1087,1784881047.847963333,1176,11.760000149,6.360783570,-0.970391362,1.200000000,-0.041581853
0,1087,1784881047.847963333,1177,11.770000149,6.366768590,-0.969522207,1.200000000,-0.036719170
0,1087,1784881047.847963333,1178,11.780000149,6.372759221,-0.968632733,1.200000000,-0.031869637
0,1087,1784881047.847963333,1179,11.790000149,6.378755443,-0.967722994,1.200000000,-0.027033786
0,1087,1784881047.847963333,1180,11.800000149,6.384757231,-0.966793045,1.200000000,-0.022212148
0,1087,1784881047.847963333,1181,11.810000149,6.390764560,-0.965842943,1.200000000,-0.017405255
0,1087,1784881047.847963333,1182,11.820000149,6.396777403,-0.964872745,1.200000000,-0.012613637
0,1087,1784881047.847963333,1183,11.830000149,6.402795733,-0.963882511,1.200000000,-0.007837827
0,1087,1784881047.847963333,1184,11.840000149,6.408819518,-0.962872301,1.200000000,-0.003078355
0,1087,1784881047.847963333,1185,11.850000149,6.414848726,-0.961842179,1.200000000,0.001664248
0,1087,1784881047.847963333,1186,11.860000149,6.420883323,-0.960792209,1.200000000,0.006389448
0,1087,1784881047.847963333,1187,11.870000149,6.426923274,-0.959722454,1.200000000,0.011096720
0,1087,1784881047.847963333,1188,11.880000149,6.432968541,-0.958632983,1.200000000,0.015785726
0,1087,1784881047.847963333,1189,11.890000149,6.439019085,-0.957523862,1.200000000,0.020456402
0,1087,1784881047.847963333,1190,11.900000149,6.445074865,-0.956395163,1.200000000,0.025108703
0,1087,1784881047.847963333,1191,11.910000149,6.451135838,-0.955246955,1.200000000,0.029742587
0,1087,1784881047.847963333,1192,11.920000149,6.457201960,-0.954079312,1.200000000,0.034358010
0,1087,1784881047.847963333,1193,11.930000149,6.463273184,-0.952892307,1.200000000,0.038954928
0,1087,1784881047.847963333,1194,11.940000149,6.469349462,-0.951686015,1.200000000,0.043533298
0,1087,1784881047.847963333,1195,11.950000149,6.475430745,-0.950460513,1.200000000,0.048093077
0,1087,1784881047.847963333,1196,11.960000149,6.481516980,-0.949215880,1.200000000,0.052634221
0,1087,1784881047.847963333,1197,11.970000149,6.487608116,-0.947952194,1.200000000,0.057156686
0,1087,1784881047.847963333,1198,11.980000149,6.493704095,-0.946669537,1.200000000,0.061660429
0,1087,1784881047.847963333,1199,11.990000149,6.499804863,-0.945367990,1.200000000,0.066145407
0,1087,1784881047.847963333,1200,12.000000149,6.505910360,-0.944047639,1.200000000,0.070611575
0,1087,1784881047.847963333,1201,12.010000149,6.512020526,-0.942708566,1.200000000,0.075058891
0,1087,1784881047.847963333,1202,12.020000149,6.518135299,-0.941350860,1.200000000,0.079487311
0,1087,1784881047.847963333,1203,12.030000149,6.524254616,-0.939974607,1.200000000,0.083896791
0,1087,1784881047.847963333,1204,12.040000149,6.530378410,-0.938579898,1.200000000,0.088287288
0,1087,1784881047.847963333,1205,12.050000149,6.536506617,-0.937166821,1.200000000,0.092658759
0,1087,1784881047.847963333,1206,12.060000149,6.542639165,-0.935735469,1.200000000,0.097011160
0,1087,1784881047.847963333,1207,12.070000149,6.548775986,-0.934285935,1.200000000,0.101344447
0,1087,1784881047.847963333,1208,12.080000149,6.554917007,-0.932818313,1.200000000,0.105658577
0,1087,1784881047.847963333,1209,12.090000149,6.561062155,-0.931332699,1.200000000,0.109953506
0,1087,1784881047.847963333,1210,12.100000149,6.567211355,-0.929829190,1.200000000,0.114229192
0,1087,1784881047.847963333,1211,12.110000149,6.573364529,-0.928307884,1.200000000,0.118485589
0,1087,1784881047.847963333,1212,12.120000149,6.579521599,-0.926768880,1.200000000,0.122722656
0,1087,1784881047.847963333,1213,12.130000149,6.585682486,-0.925212280,1.200000000,0.126940348
0,1087,1784881047.847963333,1214,12.140000149,6.591847107,-0.923638184,1.200000000,0.131138622
0,1087,1784881047.847963333,1215,12.150000149,6.598015380,-0.922046697,1.200000000,0.135317435
0,1087,1784881047.847963333,1216,12.160000149,6.604187219,-0.920437922,1.200000000,0.139476742
0,1087,1784881047.847963333,1217,12.170000149,6.610362540,-0.918811966,1.200000000,0.143616501
0,1087,1784881047.847963333,1218,12.180000149,6.616541254,-0.917168935,1.200000000,0.147736668
0,1087,1784881047.847963333,1219,12.190000149,6.622723272,-0.915508936,1.200000000,0.151837199
0,1087,1784881047.847963333,1220,12.200000149,6.628908503,-0.913832079,1.200000000,0.155918052
0,1087,1784881047.847963333,1221,12.210000149,6.635096856,-0.912138475,1.200000000,0.159979181
0,1087,1784881047.847963333,1222,12.220000149,6.641288237,-0.910428234,1.200000000,0.164020545
0,1087,1784881047.847963333,1223,12.230000149,6.647482551,-0.908701469,1.200000000,0.168042099
0,1087,1784881047.847963333,1224,12.240000149,6.653679702,-0.906958294,1.200000000,0.172043800
0,1087,1784881047.847963333,1225,12.250000149,6.659879593,-0.905198822,1.200000000,0.176025604
0,1087,1784881047.847963333,1226,12.260000149,6.666082123,-0.903423171,1.200000000,0.179987468
0,1087,1784881047.847963333,1227,12.270000149,6.672287194,-0.901631457,1.200000000,0.183929349
0,1087,1784881047.847963333,1228,12.280000149,6.678494704,-0.899823797,1.200000000,0.187851202
0,1087,1784881047.847963333,1229,12.290000149,6.684704549,-0.898000310,1.200000000,0.191752985
0,1087,1784881047.847963333,1230,12.300000149,6.690916626,-0.896161117,1.200000000,0.195634654
0,1087,1784881047.847963333,1231,12.310000149,6.697130829,-0.894306338,1.200000000,0.199496165
0,1087,1784881047.847963333,1232,12.320000149,6.703347051,-0.892436094,1.200000000,0.203337476
0,1087,1784881047.847963333,1233,12.330000149,6.709565186,-0.890550510,1.200000000,0.207158541
0,1087,1784881047.847963333,1234,12.340000149,6.715785124,-0.888649708,1.200000000,0.210959319
0,1087,1784881047.847963333,1235,12.350000149,6.722006755,-0.886733813,1.200000000,0.214739765
0,1087,1784881047.847963333,1236,12.360000149,6.728229968,-0.884802950,1.200000000,0.218499835
0,1087,1784881047.847963333,1237,12.370000149,6.734454651,-0.882857247,1.200000000,0.222239488
0,1087,1784881047.847963333,1238,12.380000149,6.740680689,-0.880896829,1.200000000,0.225958678
0,1087,1784881047.847963333,1239,12.390000149,6.746907970,-0.878921827,1.200000000,0.229657362
0,1087,1784881047.847963333,1240,12.400000149,6.753136378,-0.876932368,1.200000000,0.233335498
0,1087,1784881047.847963333,1241,12.410000149,6.759365795,-0.874928582,1.200000000,0.236993041
0,1087,1784881047.847963333,1242,12.420000149,6.765596106,-0.872910601,1.200000000,0.240629947
0,1087,1784881047.847963333,1243,12.430000149,6.771827191,-0.870878554,1.200000000,0.244246175
0,1087,1784881047.847963333,1244,12.440000149,6.778058931,-0.868832576,1.200000000,0.247841679
0,1087,1784881047.847963333,1245,12.450000149,6.784291207,-0.866772798,1.200000000,0.251416416
0,1087,1784881047.847963333,1246,12.460000149,6.790523897,-0.864699354,1.200000000,0.254970343
0,1087,1784881047.847963333,1247,12.470000149,6.796756880,-0.862612378,1.200000000,0.258503417
0,1087,1784881047.847963333,1248,12.480000149,6.802990033,-0.860512006,1.200000000,0.262015594
0,1087,1784881047.847963333,1249,12.490000149,6.809223233,-0.858398374,1.200000000,0.265506830
0,1087,1784881047.847963333,1250,12.500000149,6.815456355,-0.856271617,1.200000000,0.268977082
0,1087,1784881047.847963333,1251,12.510000149,6.821689275,-0.854131873,1.200000000,0.272426306
0,1087,1784881047.847963333,1252,12.520000149,6.827921867,-0.851979279,1.200000000,0.275854459
0,1087,1784881047.847963333,1253,12.530000149,6.834154006,-0.849813973,1.200000000,0.279261498
0,1087,1784881047.847963333,1254,12.540000149,6.840385564,-0.847636095,1.200000000,0.282647378
0,1087,1784881047.847963333,1255,12.550000149,6.846616413,-0.845445783,1.200000000,0.286012057
0,1087,1784881047.847963333,1256,12.560000149,6.852846427,-0.843243178,1.200000000,0.289355491
0,1087,1784881047.847963333,1257,12.570000149,6.859075476,-0.841028420,1.200000000,0.292677636
0,1087,1784881047.847963333,1258,12.580000149,6.865303431,-0.838801649,1.200000000,0.295978449
0,1087,1784881047.847963333,1259,12.590000149,6.871530163,-0.836563008,1.200000000,0.299257886
0,1087,1784881047.847963333,1260,12.600000149,6.877755542,-0.834312637,1.200000000,0.302515904
0,1087,1784881047.847963333,1261,12.610000149,6.883979437,-0.832050680,1.200000000,0.305752460
0,1087,1784881047.847963333,1262,12.620000149,6.890201717,-0.829777278,1.200000000,0.308967509
0,1087,1784881047.847963333,1263,12.630000149,6.896422251,-0.827492575,1.200000000,0.312161009
0,1087,1784881047.847963333,1264,12.640000149,6.902640908,-0.825196714,1.200000000,0.315332916
0,1087,1784881047.847963333,1265,12.650000149,6.908857555,-0.822889839,1.200000000,0.318483186
0,1087,1784881047.847963333,1266,12.660000149,6.915072061,-0.820572094,1.200000000,0.321611776
0,1087,1784881047.847963333,1267,12.670000149,6.921284293,-0.818243624,1.200000000,0.324718642
0,1087,1784881047.847963333,1268,12.680000149,6.927494119,-0.815904573,1.200000000,0.327803742
0,1087,1784881047.847963333,1269,12.690000149,6.933701405,-0.813555086,1.200000000,0.330867030
0,1087,1784881047.847963333,1270,12.700000149,6.939906018,-0.811195309,1.200000000,0.333908465
0,1087,1784881047.847963333,1271,12.710000149,6.946107826,-0.808825386,1.200000000,0.336928001
0,1087,1784881047.847963333,1272,12.720000149,6.952306694,-0.806445464,1.200000000,0.339925597
0,1087,1784881047.847963333,1273,12.730000149,6.958502491,-0.804055688,1.200000000,0.342901208
0,1087,1784881047.847963333,1274,12.740000149,6.964695082,-0.801656205,1.200000000,0.345854791
0,1087,1784881047.847963333,1275,12.750000149,6.970884333,-0.799247160,1.200000000,0.348786302
0,1087,1784881047.847963333,1276,12.760000149,6.977070112,-0.796828700,1.200000000,0.351695698
0,1087,1784881047.847963333,1277,12.770000149,6.983252286,-0.794400972,1.200000000,0.354582936
0,1087,1784881047.847963333,1278,12.780000149,6.989430720,-0.791964121,1.200000000,0.357447971
0,1087,1784881047.847963333,1279,12.790000149,6.995605282,-0.789518294,1.200000000,0.360290761
0,1087,1784881047.847963333,1280,12.800000149,7.001775839,-0.787063639,1.200000000,0.363111262
0,1087,1784881047.847963333,1281,12.810000149,7.007942258,-0.784600301,1.200000000,0.365909429
0,1087,1784881047.847963333,1282,12.820000149,7.014104405,-0.782128427,1.200000000,0.368685221
0,1087,1784881047.847963333,1283,12.830000149,7.020262150,-0.779648164,1.200000000,0.371438593
0,1087,1784881047.847963333,1284,12.840000149,7.026415358,-0.777159658,1.200000000,0.374169502
0,1087,1784881047.847963333,1285,12.850000149,7.032563900,-0.774663056,1.200000000,0.376877905
0,1087,1784881047.847963333,1286,12.860000149,7.038707642,-0.772158505,1.200000000,0.379563757
0,1087,1784881047.847963333,1287,12.870000149,7.044846454,-0.769646150,1.200000000,0.382227015
0,1087,1784881047.847963333,1288,12.880000149,7.050980205,-0.767126138,1.200000000,0.384867637
0,1087,1784881047.847963333,1289,12.890000149,7.057108763,-0.764598615,1.200000000,0.387485577
0,1087,1784881047.847963333,1290,12.900000149,7.063232000,-0.762063728,1.200000000,0.390080794
0,1087,1784881047.847963333,1291,12.910000149,7.069349785,-0.759521621,1.200000000,0.392653243
0,1087,1784881047.847963333,1292,12.920000149,7.075461990,-0.756972440,1.200000000,0.395202881
0,1087,1784881047.847963333,1293,12.930000149,7.081568485,-0.754416331,1.200000000,0.397729664
0,1087,1784881047.847963333,1294,12.940000149,7.087669143,-0.751853439,1.200000000,0.400233549
0,1087,1784881047.847963333,1295,12.950000149,7.093763835,-0.749283908,1.200000000,0.402714492
0,1087,1784881047.847963333,1296,12.960000149,7.099852435,-0.746707884,1.200000000,0.405172450
0,1087,1784881047.847963333,1297,12.970000149,7.105934817,-0.744125510,1.200000000,0.407607379
0,1087,1784881047.847963333,1298,12.980000149,7.112010855,-0.741536931,1.200000000,0.410019237
0,1087,1784881047.847963333,1299,12.990000149,7.118080424,-0.738942290,1.200000000,0.412407978
0,1087,1784881047.847963333,1300,13.000000149,7.124143399,-0.736341731,1.200000000,0.414773561
0,1087,1784881047.847963333,1301,13.010000149,7.130199658,-0.733735396,1.200000000,0.417115940
0,1087,1784881047.847963333,1302,13.020000149,7.136249076,-0.731123428,1.200000000,0.419435074
0,1087,1784881047.847963333,1303,13.030000149,7.142291532,-0.728505970,1.200000000,0.421730918
0,1087,1784881047.847963333,1304,13.040000149,7.148326905,-0.725883162,1.200000000,0.424003429
0,1087,1784881047.847963333,1305,13.050000149,7.154355075,-0.723255146,1.200000000,0.426252563
0,1087,1784881047.847963333,1306,13.060000149,7.160375921,-0.720622064,1.200000000,0.428478277
0,1087,1784881047.847963333,1307,13.070000149,7.166389325,-0.717984055,1.200000000,0.430680527
0,1087,1784881047.847963333,1308,13.080000149,7.172395169,-0.715341259,1.200000000,0.432859270
0,1087,1784881047.847963333,1309,13.090000149,7.178393336,-0.712693816,1.200000000,0.435014462
0,1087,1784881047.847963333,1310,13.100000149,7.184383711,-0.710041864,1.200000000,0.437146060
0,1087,1784881047.847963333,1311,13.110000149,7.190366178,-0.707385542,1.200000000,0.439254021
0,1087,1784881047.847963333,1312,13.120000149,7.196340624,-0.704724987,1.200000000,0.441338300
0,1087,1784881047.847963333,1313,13.130000149,7.202306935,-0.702060337,1.200000000,0.443398855
0,1087,1784881047.847963333,1314,13.140000149,7.208265000,-0.699391727,1.200000000,0.445435641
0,1087,1784881047.847963333,1315,13.150000149,7.214214708,-0.696719295,1.200000000,0.447448616
0,1087,1784881047.847963333,1316,13.160000149,7.220155948,-0.694043175,1.200000000,0.449437736
0,1087,1784881047.847963333,1317,13.170000149,7.226088613,-0.691363501,1.200000000,0.451402956
0,1087,1784881047.847963333,1318,13.180000149,7.232012595,-0.688680409,1.200000000,0.453344235
0,1087,1784881047.847963333,1319,13.190000149,7.237927787,-0.685994030,1.200000000,0.455261528
0,1087,1784881047.847963333,1320,13.200000149,7.243834085,-0.683304498,1.200000000,0.457154792
0,1087,1784881047.847963333,1321,13.210000149,7.249731383,-0.680611945,1.200000000,0.459023983
0,1087,1784881047.847963333,1322,13.220000149,7.255619581,-0.677916502,1.200000000,0.460869058
0,1087,1784881047.847963333,1323,13.230000149,7.261498575,-0.675218299,1.200000000,0.462689973
0,1087,1784881047.847963333,1324,13.240000149,7.267368266,-0.672517465,1.200000000,0.464486685
0,1087,1784881047.847963333,1325,13.250000149,7.273228554,-0.669814131,1.200000000,0.466259151
0,1087,1784881047.847963333,1326,13.260000149,7.279079342,-0.667108423,1.200000000,0.468007326
0,1087,1784881047.847963333,1327,13.270000149,7.284920533,-0.664400470,1.200000000,0.469731167
0,1087,1784881047.847963333,1328,13.280000149,7.290752032,-0.661690398,1.200000000,0.471430631
0,1087,1784881047.847963333,1329,13.290000149,7.296573745,-0.658978332,1.200000000,0.473105675
0,1087,1784881047.847963333,1330,13.300000149,7.302385580,-0.656264397,1.200000000,0.474756254
0,1087,1784881047.847963333,1331,13.310000149,7.308187445,-0.653548718,1.200000000,0.476382326
0,1087,1784881047.847963333,1332,13.320000149,7.313979251,-0.650831418,1.200000000,0.477983846
0,1087,1784881047.847963333,1333,13.330000149,7.319760910,-0.648112619,1.200000000,0.479560772
0,1087,1784881047.847963333,1334,13.340000149,7.325532333,-0.645392442,1.200000000,0.481113060
0,1087,1784881047.847963333,1335,13.350000149,7.331293437,-0.642671008,1.200000000,0.482640665
0,1087,1784881047.847963333,1336,13.360000149,7.337044135,-0.639948437,1.200000000,0.484143546
0,1087,1784881047.847963333,1337,13.370000149,7.342784347,-0.637224847,1.200000000,0.485621658
0,1087,1784881047.847963333,1338,13.380000149,7.348513991,-0.634500356,1.200000000,0.487074958
0,1087,1784881047.847963333,1339,13.390000149,7.354232986,-0.631775081,1.200000000,0.488503402
0,1087,1784881047.847963333,1340,13.400000149,7.359941254,-0.629049137,1.200000000,0.489906946
0,1087,1784881047.847963333,1341,13.410000149,7.365638720,-0.626322641,1.200000000,0.491285548
0,1087,1784881047.847963333,1342,13.420000149,7.371325306,-0.623595706,1.200000000,0.492639164
0,1087,1784881047.847963333,1343,13.430000149,7.377000940,-0.620868444,1.200000000,0.493967750
0,1087,1784881047.847963333,1344,13.440000149,7.382665549,-0.618140968,1.200000000,0.495271263
0,1087,1784881047.847963333,1345,13.450000149,7.388319061,-0.615413389,1.200000000,0.496549659
0,1087,1784881047.847963333,1346,13.460000149,7.393961409,-0.612685818,1.200000000,0.497802895
0,1087,1784881047.847963333,1347,13.470000149,7.399592523,-0.609958362,1.200000000,0.499030927
0,1087,1784881047.847963333,1348,13.480000149,7.405212339,-0.607231130,1.200000000,0.500233712
0,1087,1784881047.847963333,1349,13.490000149,7.410820790,-0.604504229,1.200000000,0.501411207
0,1087,1784881047.847963333,1350,13.500000149,7.416417813,-0.601777766,1.200000000,0.502563367
0,1087,1784881047.847963333,1351,13.510000149,7.422003348,-0.599051844,1.200000000,0.503690149
0,1087,1784881047.847963333,1352,13.520000149,7.427577333,-0.596326568,1.200000000,0.504791510
0,1087,1784881047.847963333,1353,13.530000149,7.433139711,-0.593602041,1.200000000,0.505867407
0,1087,1784881047.847963333,1354,13.540000149,7.438690424,-0.590878365,1.200000000,0.506917795
0,1087,1784881047.847963333,1355,13.550000149,7.444229416,-0.588155640,1.200000000,0.507942631
0,1087,1784881047.847963333,1356,13.560000149,7.449756634,-0.585433966,1.200000000,0.508941872
0,1087,1784881047.847963333,1357,13.570000149,7.455272025,-0.582713442,1.200000000,0.509915475
0,1087,1784881047.847963333,1358,13.580000149,7.460775539,-0.579994165,1.200000000,0.510863395
0,1087,1784881047.847963333,1359,13.590000149,7.466267125,-0.577276232,1.200000000,0.511785589
0,1087,1784881047.847963333,1360,13.600000149,7.471746737,-0.574559739,1.200000000,0.512682015
0,1087,1784881047.847963333,1361,13.610000149,7.477214327,-0.571844779,1.200000000,0.513552627
0,1087,1784881047.847963333,1362,13.620000149,7.482669851,-0.569131446,1.200000000,0.514397383
0,1087,1784881047.847963333,1363,13.630000149,7.488113267,-0.566419832,1.200000000,0.515216240
0,1087,1784881047.847963333,1364,13.640000149,7.493544531,-0.563710028,1.200000000,0.516009153
0,1087,1784881047.847963333,1365,13.650000149,7.498963604,-0.561002125,1.200000000,0.516776079
0,1087,1784881047.847963333,1366,13.660000149,7.504370447,-0.558296212,1.200000000,0.517516976
0,1087,1784881047.847963333,1367,13.670000149,7.509765023,-0.555592375,1.200000000,0.518231798
0,1087,1784881047.847963333,1368,13.680000149,7.515147296,-0.552890703,1.200000000,0.518920504
0,1087,1784881047.847963333,1369,13.690000149,7.520517232,-0.550191281,1.200000000,0.519583048
0,1087,1784881047.847963333,1370,13.700000149,7.525874797,-0.547494193,1.200000000,0.520219388
0,1087,1784881047.847963333,1371,13.710000149,7.531219961,-0.544799524,1.200000000,0.520829481
0,1087,1784881047.847963333,1372,13.720000149,7.536552694,-0.542107356,1.200000000,0.521413282
0,1087,1784881047.847963333,1373,13.730000149,7.541872966,-0.539417770,1.200000000,0.521970749
0,1087,1784881047.847963333,1374,13.740000149,7.547180752,-0.536730846,1.200000000,0.522501837
0,1087,1784881047.847963333,1375,13.750000149,7.552476024,-0.534046665,1.200000000,0.523006503
0,1087,1784881047.847963333,1376,13.760000149,7.557758758,-0.531365304,1.200000000,0.523484705
0,1087,1784881047.847963333,1377,13.770000149,7.563028933,-0.528686842,1.200000000,0.523936397
0,1087,1784881047.847963333,1378,13.780000149,7.568286524,-0.526011353,1.200000000,0.524361537
0,1087,1784881047.847963333,1379,13.790000149,7.573531514,-0.523338913,1.200000000,0.524760082
0,1087,1784881047.847963333,1380,13.800000149,7.578763881,-0.520669596,1.200000000,0.525131987
0,1087,1784881047.847963333,1381,13.810000149,7.583983609,-0.518003477,1.200000000,0.525477210
0,1087,1784881047.847963333,1382,13.820000149,7.589190680,-0.515340625,1.200000000,0.525795706
0,1087,1784881047.847963333,1383,13.830000149,7.594385080,-0.512681114,1.200000000,0.526087432
0,1087,1784881047.847963333,1384,13.840000149,7.599566794,-0.510025013,1.200000000,0.526352345
0,1087,1784881047.847963333,1385,13.850000149,7.604735809,-0.507372390,1.200000000,0.526590402
0,1087,1784881047.847963333,1386,13.860000149,7.609892113,-0.504723315,1.200000000,0.526801558
0,1087,1784881047.847963333,1387,13.870000149,7.615035696,-0.502077855,1.200000000,0.526985770
0,1087,1784881047.847963333,1388,13.880000149,7.620166547,-0.499436075,1.200000000,0.527142995
0,1087,1784881047.847963333,1389,13.890000149,7.625284659,-0.496798041,1.200000000,0.527273190
0,1087,1784881047.847963333,1390,13.900000149,7.630390024,-0.494163818,1.200000000,0.527376310
0,1087,1784881047.847963333,1391,13.910000149,7.635482634,-0.491533468,1.200000000,0.527452312
0,1087,1784881047.847963333,1392,13.920000149,7.640562485,-0.488907055,1.200000000,0.527501153
0,1087,1784881047.847963333,1393,13.930000149,7.645629573,-0.486284641,1.200000000,0.527522789
0,1087,1784881047.847963333,1394,13.940000149,7.650683892,-0.483666285,1.200000000,0.527517177
0,1087,1784881047.847963333,1395,13.950000149,7.655725440,-0.481052047,1.200000000,0.527484273
0,1087,1784881047.847963333,1396,13.960000149,7.660754216,-0.478441988,1.200000000,0.527424034
0,1087,1784881047.847963333,1397,13.970000149,7.665770218,-0.475836165,1.200000000,0.527336416
0,1087,1784881047.847963333,1398,13.980000149,7.670773445,-0.473234635,1.200000000,0.527221376
0,1087,1784881047.847963333,1399,13.990000149,7.675763898,-0.470637456,1.200000000,0.527078870
0,1087,1784881047.847963333,1400,14.000000149,7.680741577,-0.468044682,1.200000000,0.526908855
0,1087,1784881047.847963333,1401,14.010000149,7.685706485,-0.465456369,1.200000000,0.526711287
0,1087,1784881047.847963333,1402,14.020000149,7.690658623,-0.462872572,1.200000000,0.526486122
0,1087,1784881047.847963333,1403,14.030000149,7.695597993,-0.460293344,1.200000000,0.526233318
0,1087,1784881047.847963333,1404,14.040000149,7.700524600,-0.457718738,1.200000000,0.525952831
0,1087,1784881047.847963333,1405,14.050000149,7.705438446,-0.455148805,1.200000000,0.525644617
0,1087,1784881047.847963333,1406,14.060000149,7.710339535,-0.452583599,1.200000000,0.525308632
0,1087,1784881047.847963333,1407,14.070000149,7.715227873,-0.450023169,1.200000000,0.524944834
0,1087,1784881047.847963333,1408,14.080000149,7.720103463,-0.447467566,1.200000000,0.524553178
0,1087,1784881047.847963333,1409,14.090000149,7.724966310,-0.444916839,1.200000000,0.524133622
0,1087,1784881047.847963333,1410,14.100000149,7.729816420,-0.442371039,1.200000000,0.523686121
0,1087,1784881047.847963333,1411,14.110000149,7.734653798,-0.439830212,1.200000000,0.523210633
0,1087,1784881047.847963333,1412,14.120000149,7.739478449,-0.437294409,1.200000000,0.522707113
0,1087,1784881047.847963333,1413,14.130000149,7.744290379,-0.434763675,1.200000000,0.522175519
0,1087,1784881047.847963333,1414,14.140000149,7.749089592,-0.432238058,1.200000000,0.521615806
0,1087,1784881047.847963333,1415,14.150000149,7.753876095,-0.429717605,1.200000000,0.521027931
0,1087,1784881047.847963333,1416,14.160000149,7.758649893,-0.427202363,1.200000000,0.520411851
0,1087,1784881047.847963333,1417,14.170000149,7.763410989,-0.424692376,1.200000000,0.519767523
0,1087,1784881047.847963333,1418,14.180000149,7.768159390,-0.422187691,1.200000000,0.519094901
0,1087,1784881047.847963333,1419,14.190000149,7.772895099,-0.419688353,1.200000000,0.518393945
0,1087,1784881047.847963333,1420,14.200000149,7.777618120,-0.417194406,1.200000000,0.517664608
0,1087,1784881047.847963333,1421,14.210000149,7.782328457,-0.414705896,1.200000000,0.516906849
0,1087,1784881047.847963333,1422,14.220000149,7.787026113,-0.412222867,1.200000000,0.516120624
0,1087,1784881047.847963333,1423,14.230000149,7.791711090,-0.409745363,1.200000000,0.515305889
0,1087,1784881047.847963333,1424,14.240000149,7.796383390,-0.407273428,1.200000000,0.514462601
0,1087,1784881047.847963333,1425,14.250000149,7.801043014,-0.404807106,1.200000000,0.513590715
0,1087,1784881047.847963333,1426,14.260000149,7.805689963,-0.402346441,1.200000000,0.512690190
0,1087,1784881047.847963333,1427,14.270000149,7.810324234,-0.399891478,1.200000000,0.511760980
0,1087,1784881047.847963333,1428,14.280000149,7.814945828,-0.397442259,1.200000000,0.510803044
0,1087,1784881047.847963333,1429,14.290000149,7.819554740,-0.394998828,1.200000000,0.509816336
0,1087,1784881047.847963333,1430,14.300000149,7.824150968,-0.392561230,1.200000000,0.508800815
0,1087,1784881047.847963333,1431,14.310000149,7.828734507,-0.390129508,1.200000000,0.507756435
0,1087,1784881047.847963333,1432,14.320000149,7.833305349,-0.387703707,1.200000000,0.506683154
0,1087,1784881047.847963333,1433,14.330000149,7.837863488,-0.385283871,1.200000000,0.505580928
0,1087,1784881047.847963333,1434,14.340000149,7.842408914,-0.382870044,1.200000000,0.504449714
0,1087,1784881047.847963333,1435,14.350000149,7.846941617,-0.380462271,1.200000000,0.503289468
0,1087,1784881047.847963333,1436,14.360000149,7.851461585,-0.378060598,1.200000000,0.502100147
0,1087,1784881047.847963333,1437,14.370000149,7.855968803,-0.375665069,1.200000000,0.500881707
0,1087,1784881047.847963333,1438,14.380000149,7.860463257,-0.373275730,1.200000000,0.499634104
0,1087,1784881047.847963333,1439,14.390000149,7.864944928,-0.370892628,1.200000000,0.498357296
0,1087,1784881047.847963333,1440,14.400000149,7.869413797,-0.368515810,1.200000000,0.497051239
0,1087,1784881047.847963333,1441,14.410000149,7.873869843,-0.366145322,1.200000000,0.495715888
0,1087,1784881047.847963333,1442,14.420000149,7.878313041,-0.363781213,1.200000000,0.494351201
0,1087,1784881047.847963333,1443,14.430000149,7.882743366,-0.361423531,1.200000000,0.492957135
0,1087,1784881047.847963333,1444,14.440000149,7.887160789,-0.359072326,1.200000000,0.491533645
0,1087,1784881047.847963333,1445,14.450000149,7.891565280,-0.356727646,1.200000000,0.490080688
0,1087,1784881047.847963333,1446,14.460000149,7.895956806,-0.354389543,1.200000000,0.488598221
0,1087,1784881047.847963333,1447,14.470000149,7.900335329,-0.352058068,1.200000000,0.487086200
0,1087,1784881047.847963333,1448,14.480000149,7.904700812,-0.349733273,1.200000000,0.485544582
0,1087,1784881047.847963333,1449,14.490000149,7.909053213,-0.347415212,1.200000000,0.483973323
0,1087,1784881047.847963333,1450,14.500000149,7.913392487,-0.345103940,1.200000000,0.482372379
0,1087,1784881047.847963333,1451,14.510000149,7.917718586,-0.342799510,1.200000000,0.480741708
0,1087,1784881047.847963333,1452,14.520000149,7.922031460,-0.340501981,1.200000000,0.479081266
0,1087,1784881047.847963333,1453,14.530000149,7.926331055,-0.338211408,1.200000000,0.477391008
0,1087,1784881047.847963333,1454,14.540000149,7.930617312,-0.335927852,1.200000000,0.475670892
0,1087,1784881047.847963333,1455,14.550000149,7.934890171,-0.333651372,1.200000000,0.473920875
0,1087,1784881047.847963333,1456,14.560000149,7.939149567,-0.331382029,1.200000000,0.472140912
0,1087,1784881047.847963333,1457,14.570000149,7.943395431,-0.329119886,1.200000000,0.470330960
0,1087,1784881047.847963333,1458,14.580000149,7.947627691,-0.326865008,1.200000000,0.468490975
0,1087,1784881047.847963333,1459,14.590000149,7.951846270,-0.324617459,1.200000000,0.466620915
0,1087,1784881047.847963333,1460,14.600000149,7.956051089,-0.322377309,1.200000000,0.464720736
0,1087,1784881047.847963333,1461,14.610000149,7.960242061,-0.320144624,1.200000000,0.462790394
0,1087,1784881047.847963333,1462,14.620000149,7.964419097,-0.317919476,1.200000000,0.460829845
0,1087,1784881047.847963333,1463,14.630000149,7.968582105,-0.315701938,1.200000000,0.458839047
0,1087,1784881047.847963333,1464,14.640000149,7.972730985,-0.313492083,1.200000000,0.456817955
0,1087,1784881047.847963333,1465,14.650000149,7.976865635,-0.311289988,1.200000000,0.454766526
0,1087,1784881047.847963333,1466,14.660000149,7.980985946,-0.309095730,1.200000000,0.452684717
0,1087,1784881047.847963333,1467,14.670000149,7.985091805,-0.306909391,1.200000000,0.450572484
0,1087,1784881047.847963333,1468,14.680000149,7.989183094,-0.304731052,1.200000000,0.448429784
0,1087,1784881047.847963333,1469,14.690000149,7.993259689,-0.302560797,1.200000000,0.446256572
0,1087,1784881047.847963333,1470,14.700000149,7.997321462,-0.300398713,1.200000000,0.444052807
0,1087,1784881047.847963333,1471,14.710000149,8.001368277,-0.298244890,1.200000000,0.441818444
0,1087,1784881047.847963333,1472,14.720000149,8.005399994,-0.296099418,1.200000000,0.439553439
0,1087,1784881047.847963333,1473,14.730000149,8.009416468,-0.293962392,1.200000000,0.437257749
0,1087,1784881047.847963333,1474,14.740000149,8.013417544,-0.291833908,1.200000000,0.434931331
0,1087,1784881047.847963333,1475,14.750000149,8.017403066,-0.289714065,1.200000000,0.432574141
0,1087,1784881047.847963333,1476,14.760000149,8.021372868,-0.287602965,1.200000000,0.430186136
0,1087,1784881047.847963333,1477,14.770000149,8.025326779,-0.285500712,1.200000000,0.427767272
0,1087,1784881047.847963333,1478,14.780000149,8.029264621,-0.283407414,1.200000000,0.425317505
0,1087,1784881047.847963333,1479,14.790000149,8.033186209,-0.281323181,1.200000000,0.422836793
0,1087,1784881047.847963333,1480,14.800000149,8.037091351,-0.279248127,1.200000000,0.420325091
0,1087,1784881047.847963333,1481,14.810000149,8.040979850,-0.277182367,1.200000000,0.417782357
0,1087,1784881047.847963333,1482,14.820000149,8.044851497,-0.275126022,1.200000000,0.415208546
0,1087,1784881047.847963333,1483,14.830000149,8.048706081,-0.273079215,1.200000000,0.412603615
0,1087,1784881047.847963333,1484,14.840000149,8.052543380,-0.271042071,1.200000000,0.409967520
0,1087,1784881047.847963333,1485,14.850000149,8.056363165,-0.269014722,1.200000000,0.407300219
0,1087,1784881047.847963333,1486,14.860000149,8.060165200,-0.266997299,1.200000000,0.404601668
0,1087,1784881047.847963333,1487,14.870000149,8.063949239,-0.264989940,1.200000000,0.401871822
0,1087,1784881047.847963333,1488,14.880000149,8.067715029,-0.262992786,1.200000000,0.399110640
0,1087,1784881047.847963333,1489,14.890000149,8.071462308,-0.261005980,1.200000000,0.396318076
0,1087,1784881047.847963333,1490,14.900000149,8.075190807,-0.259029672,1.200000000,0.393494088
0,1087,1784881047.847963333,1491,14.910000149,8.078900247,-0.257064014,1.200000000,0.390638632
0,1087,1784881047.847963333,1492,14.920000149,8.082590338,-0.255109161,1.200000000,0.387751664
0,1087,1784881047.847963333,1493,14.930000149,8.086260784,-0.253165276,1.200000000,0.384833142
0,1087,1784881047.847963333,1494,14.940000149,8.089911279,-0.251232521,1.200000000,0.381883026
0,1087,1784881047.847963333,1495,14.950000149,8.093541506,-0.249311068,1.200000000,0.378901346
0,1087,1784881047.847963333,1496,14.960000149,8.097151140,-0.247401089,1.200000000,0.375888192
0,1087,1784881047.847963333,1497,14.970000149,8.100739844,-0.245502762,1.200000000,0.372843653
0,1087,1784881047.847963333,1498,14.980000149,8.104307273,-0.243616271,1.200000000,0.369767821
0,1087,1784881047.847963333,1499,14.990000149,8.107853071,-0.241741804,1.200000000,0.366660784
0,1087,1784881047.847963333,1500,15.000000149,8.111376872,-0.239879553,1.200000000,0.363522634
0,1087,1784881047.847963333,1501,15.010000149,8.114878297,-0.238029714,1.200000000,0.360353460
0,1087,1784881047.847963333,1502,15.020000149,8.118356959,-0.236192492,1.200000000,0.357153354
0,1087,1784881047.847963333,1503,15.030000149,8.121812460,-0.234368094,1.200000000,0.353922404
0,1087,1784881047.847963333,1504,15.040000149,8.125244389,-0.232556731,1.200000000,0.350660702
0,1087,1784881047.847963333,1505,15.050000149,8.128652325,-0.230758624,1.200000000,0.347368337
0,1087,1784881047.847963333,1506,15.060000149,8.132035835,-0.228973994,1.200000000,0.344045400
0,1087,1784881047.847963333,1507,15.070000149,8.135394476,-0.227203070,1.200000000,0.340691981
0,1087,1784881047.847963333,1508,15.080000149,8.138727792,-0.225446087,1.200000000,0.337308171
0,1087,1784881047.847963333,1509,15.090000149,8.142035318,-0.223703284,1.200000000,0.333894059
0,1087,1784881047.847963333,1510,15.100000149,8.145316573,-0.221974906,1.200000000,0.330449736
0,1087,1784881047.847963333,1511,15.110000149,8.148571069,-0.220261204,1.200000000,0.326975292
0,1087,1784881047.847963333,1512,15.120000149,8.151798305,-0.218562432,1.200000000,0.323470817
0,1087,1784881047.847963333,1513,15.130000149,8.154997768,-0.216878852,1.200000000,0.319936402
0,1087,1784881047.847963333,1514,15.140000149,8.158168935,-0.215210731,1.200000000,0.316372136
0,1087,1784881047.847963333,1515,15.150000149,8.161311271,-0.213558339,1.200000000,0.312778111
0,1087,1784881047.847963333,1516,15.160000149,8.164424229,-0.211921954,1.200000000,0.309154416
0,1087,1784881047.847963333,1517,15.170000149,8.167507255,-0.210301856,1.200000000,0.305501141
0,1087,1784881047.847963333,1518,15.180000149,8.170559781,-0.208698334,1.200000000,0.301818377
0,1087,1784881047.847963333,1519,15.190000149,8.173581231,-0.207111677,1.200000000,0.298106214
0,1087,1784881047.847963333,1520,15.200000149,8.176571018,-0.205542182,1.200000000,0.294364742
0,1087,1784881047.847963333,1521,15.210000149,8.179528547,-0.203990148,1.200000000,0.290594052
0,1087,1784881047.847963333,1522,15.220000149,8.182453213,-0.202455881,1.200000000,0.286794234
0,1087,1784881047.847963333,1523,15.230000149,8.185344404,-0.200939687,1.200000000,0.282965378
0,1087,1784881047.847963333,1524,15.240000149,8.188201499,-0.199441879,1.200000000,0.279107573
0,1087,1784881047.847963333,1525,15.250000149,8.191023870,-0.197962771,1.200000000,0.275220912
0,1087,1784881047.847963333,1526,15.260000149,8.193810884,-0.196502681,1.200000000,0.271305483
0,1087,1784881047.847963333,1527,15.270000149,8.196561901,-0.195061930,1.200000000,0.267361377
0,1087,1784881047.847963333,1528,15.280000149,8.199276276,-0.193640839,1.200000000,0.263388684
0,1087,1784881047.847963333,1529,15.290000149,8.201953361,-0.192239733,1.200000000,0.259387494
0,1087,1784881047.847963333,1530,15.300000149,8.204592505,-0.190858936,1.200000000,0.255357899
0,1087,1784881047.847963333,1531,15.310000149,8.207193053,-0.189498774,1.200000000,0.251299987
0,1087,1784881047.847963333,1532,15.320000149,8.209754353,-0.188159574,1.200000000,0.247213849
0,1087,1784881047.847963333,1533,15.330000149,8.212275749,-0.186841661,1.200000000,0.243099576
0,1087,1784881047.847963333,1534,15.340000149,8.214756589,-0.185545359,1.200000000,0.238957258
0,1087,1784881047.847963333,1535,15.350000149,8.217196222,-0.184270990,1.200000000,0.234786984
0,1087,1784881047.847963333,1536,15.360000149,8.219594004,-0.183018876,1.200000000,0.230588846
0,1087,1784881047.847963333,1537,15.370000149,8.221949295,-0.181789332,1.200000000,0.226362933
0,1087,1784881047.847963333,1538,15.380000149,8.224261460,-0.180582672,1.200000000,0.222109335
0,1087,1784881047.847963333,1539,15.390000149,8.226529877,-0.179399203,1.200000000,0.217828144
0,1087,1784881047.847963333,1540,15.400000149,8.228753932,-0.178239228,1.200000000,0.213519449
0,1087,1784881047.847963333,1541,15.410000149,8.230933023,-0.177103044,1.200000000,0.209183340
0,1087,1784881047.847963333,1542,15.420000149,8.233066565,-0.175990937,1.200000000,0.204819907
0,1087,1784881047.847963333,1543,15.430000149,8.235153987,-0.174903187,1.200000000,0.200429242
0,1087,1784881047.847963333,1544,15.440000149,8.237194736,-0.173840064,1.200000000,0.196011434
0,1087,1784881047.847963333,1545,15.450000149,8.239188282,-0.172801828,1.200000000,0.191566573
0,1087,1784881047.847963333,1546,15.460000149,8.241134117,-0.171788725,1.200000000,0.187095212
0,1087,1784881047.847963333,1547,15.470000149,8.243031756,-0.170800988,1.200000000,0.182600143
0,1087,1784881047.847963333,1548,15.480000149,8.244880746,-0.169838838,1.200000000,0.178084837
0,1087,1784881047.847963333,1549,15.490000149,8.246680662,-0.168902477,1.200000000,0.173552764
0,1087,1784881047.847963333,1550,15.500000149,8.248431111,-0.167992092,1.200000000,0.169007393
0,1087,1784881047.847963333,1551,15.510000149,8.250131738,-0.167107851,1.200000000,0.164452195
0,1087,1784881047.847963333,1552,15.520000149,8.251782226,-0.166249902,1.200000000,0.159890640
0,1087,1784881047.847963333,1553,15.530000149,8.253382299,-0.165418371,1.200000000,0.155326197
0,1087,1784881047.847963333,1554,15.540000149,8.254931725,-0.164613363,1.200000000,0.150762338
0,1087,1784881047.847963333,1555,15.550000149,8.256430320,-0.163834956,1.200000000,0.146202531
0,1087,1784881047.847963333,1556,15.560000149,8.257877948,-0.163083205,1.200000000,0.141650248
0,1087,1784881047.847963333,1557,15.570000149,8.259274526,-0.162358138,1.200000000,0.137108958
0,1087,1784881047.847963333,1558,15.580000149,8.260620025,-0.161659753,1.200000000,0.132582131
0,1087,1784881047.847963333,1559,15.590000149,8.261914476,-0.160988021,1.200000000,0.128073237
0,1087,1784881047.847963333,1560,15.600000149,8.263157967,-0.160342880,1.200000000,0.123585747
0,1087,1784881047.847963333,1561,15.610000149,8.264350648,-0.159724238,1.200000000,0.119123131
0,1087,1784881047.847963333,1562,15.620000149,8.265492735,-0.159131969,1.200000000,0.114688858
0,1087,1784881047.847963333,1563,15.630000149,8.266584510,-0.158565913,1.200000000,0.110286398
0,1087,1784881047.847963333,1564,15.640000149,8.267626322,-0.158025876,1.200000000,0.105919223
0,1087,1784881047.847963333,1565,15.650000149,8.268618589,-0.157511627,1.200000000,0.101590801
0,1087,1784881047.847963333,1566,15.660000149,8.269561801,-0.157022902,1.200000000,0.097304603
0,1087,1784881047.847963333,1567,15.670000149,8.270456520,-0.156559395,1.200000000,0.093064099
0,1087,1784881047.847963333,1568,15.680000149,8.271303382,-0.156120767,1.200000000,0.088872759
0,1087,1784881047.847963333,1569,15.690000149,8.272103096,-0.155706639,1.200000000,0.084734053
0,1087,1784881047.847963333,1570,15.700000149,8.272856444,-0.155316595,1.200000000,0.080651452
0,1087,1784881047.847963333,1571,15.710000149,8.273564284,-0.154950181,1.200000000,0.076628425
0,1087,1784881047.847963333,1572,15.720000149,8.274227547,-0.154606904,1.200000000,0.072668442
0,1087,1784881047.847963333,1573,15.730000149,8.274847238,-0.154286236,1.200000000,0.068774974
0,1087,1784881047.847963333,1574,15.740000149,8.275424434,-0.153987609,1.200000000,0.064951490
0,1087,1784881047.847963333,1575,15.750000149,8.275960284,-0.153710421,1.200000000,0.061201461
0,1087,1784881047.847963333,1576,15.760000149,8.276456007,-0.153454033,1.200000000,0.057528356
0,1087,1784881047.847963333,1577,15.770000149,8.276912888,-0.153217773,1.200000000,0.053935647
0,1087,1784881047.847963333,1578,15.780000149,8.277332279,-0.153000935,1.200000000,0.050426802
0,1087,1784881047.847963333,1579,15.790000149,8.277715591,-0.152802782,1.200000000,0.047005292
0,1087,1784881047.847963333,1580,15.800000149,8.278064298,-0.152622547,1.200000000,0.043674587
0,1087,1784881047.847963333,1581,15.810000149,8.278379926,-0.152459433,1.200000000,0.040438157
0,1087,1784881047.847963333,1582,15.820000149,8.278664052,-0.152312621,1.200000000,0.037299472
0,1087,1784881047.847963333,1583,15.830000149,8.278918299,-0.152181267,1.200000000,0.034262003
0,1087,1784881047.847963333,1584,15.840000149,8.279144331,-0.152064507,1.200000000,0.031329219
0,1087,1784881047.847963333,1585,15.850000149,8.279343845,-0.151961460,1.200000000,0.028504591
0,1087,1784881047.847963333,1586,15.860000149,8.279518568,-0.151871229,1.200000000,0.025791587
0,1087,1784881047.847963333,1587,15.870000149,8.279670245,-0.151792910,1.200000000,0.023193680
0,1087,1784881047.847963333,1588,15.880000149,8.279800636,-0.151725591,1.200000000,0.020714338
0,1087,1784881047.847963333,1589,15.890000149,8.279911507,-0.151668358,1.200000000,0.018357032
0,1087,1784881047.847963333,1590,15.900000149,8.280004617,-0.151620299,1.200000000,0.016125231
0,1087,1784881047.847963333,1591,15.910000149,8.280081714,-0.151580510,1.200000000,0.014022407
0,1087,1784881047.847963333,1592,15.920000149,8.280144521,-0.151548099,1.200000000,0.012052029
0,1087,1784881047.847963333,1593,15.930000149,8.280194728,-0.151522195,1.200000000,0.010217566
0,1087,1784881047.847963333,1594,15.940000149,8.280233975,-0.151501947,1.200000000,0.008522490
0,1087,1784881047.847963333,1595,15.950000149,8.280263848,-0.151486537,1.200000000,0.006970270
0,1087,1784881047.847963333,1596,15.960000149,8.280285858,-0.151475185,1.200000000,0.005564376
0,1087,1784881047.847963333,1597,15.970000149,8.280301431,-0.151467153,1.200000000,0.004308279
0,1087,1784881047.847963333,1598,15.980000149,8.280311895,-0.151461757,1.200000000,0.003205448
0,1087,1784881047.847963333,1599,15.990000149,8.280318460,-0.151458372,1.200000000,0.002259353
0,1087,1784881047.847963333,1600,16.000000149,8.280322206,-0.151456440,1.200000000,0.001473465
0,1087,1784881047.847963333,1601,16.010000149,8.280324063,-0.151455483,1.200000000,0.000851254
0,1087,1784881047.847963333,1602,16.020000149,8.280324796,-0.151455105,1.200000000,0.000396190
0,1087,1784881047.847963333,1603,16.030000149,8.280324984,-0.151455008,1.200000000,0.000111742
0,1087,1784881047.847963333,1604,16.040000149,8.280325000,-0.151455000,1.200000000,0.000001382
0,1087,1784881047.847963333,1605,16.041246705,8.280325000,-0.151455000,1.200000000,-0.000000000
