stamp,elapsed,x,y,z,yaw
1784881143.188532114,0.000000153,-0.261959000,-0.006230000,1.200000000,-0.039639000
1784881143.198532104,0.010000153,-0.261958995,-0.006229999,1.200000000,-0.039641886
1784881143.208532095,0.020000153,-0.261958918,-0.006229987,1.200000000,-0.039650430
1784881143.218532085,0.030000153,-0.261958588,-0.006229935,1.200000000,-0.039664460
1784881143.228532076,0.040000153,-0.261957712,-0.006229797,1.200000000,-0.039683803
1784881143.238532066,0.050000153,-0.261955893,-0.006229510,1.200000000,-0.039708286
1784881143.248532057,0.060000153,-0.261952635,-0.006228995,1.200000000,-0.039737739
1784881143.258532047,0.070000153,-0.261947349,-0.006228160,1.200000000,-0.039771987
1784881143.268532038,0.080000153,-0.261939362,-0.006226898,1.200000000,-0.039810860
1784881143.278532028,0.090000153,-0.261927923,-0.006225091,1.200000000,-0.039854184
1784881143.288532019,0.100000153,-0.261912205,-0.006222606,1.200000000,-0.039901787
1784881143.298532009,0.110000153,-0.261891316,-0.006219304,1.200000000,-0.039953498
1784881143.308532000,0.120000153,-0.261864302,-0.006215033,1.200000000,-0.040009144
1784881143.318531990,0.130000153,-0.261830151,-0.006209632,1.200000000,-0.040068552
1784881143.328531981,0.140000153,-0.261787803,-0.006202933,1.200000000,-0.040131550
1784881143.338531971,0.150000153,-0.261736148,-0.006194760,1.200000000,-0.040197966
1784881143.348531961,0.160000153,-0.261674039,-0.006184931,1.200000000,-0.040267628
1784881143.358531952,0.170000153,-0.261600289,-0.006173257,1.200000000,-0.040340363
1784881143.368531942,0.180000153,-0.261513682,-0.006159546,1.200000000,-0.040416000
1784881143.378531933,0.190000153,-0.261412974,-0.006143598,1.200000000,-0.040494365
1784881143.388531923,0.200000153,-0.261296896,-0.006125212,1.200000000,-0.040575286
1784881143.398531914,0.210000153,-0.261164161,-0.006104183,1.200000000,-0.040658592
1784881143.408532143,0.220000153,-0.261013467,-0.006080303,1.200000000,-0.040744109
1784881143.418532133,0.230000153,-0.260843500,-0.006053363,1.200000000,-0.040831666
1784881143.428532124,0.240000153,-0.260652937,-0.006023152,1.200000000,-0.040921091
1784881143.438532114,0.250000153,-0.260440450,-0.005989457,1.200000000,-0.041012210
1784881143.448532104,0.260000153,-0.260204713,-0.005952066,1.200000000,-0.041104852
1784881143.458532095,0.270000153,-0.259944397,-0.005910768,1.200000000,-0.041198844
1784881143.468532085,0.280000153,-0.259658182,-0.005865349,1.200000000,-0.041294015
1784881143.478532076,0.290000153,-0.259344750,-0.005815600,1.200000000,-0.041390191
1784881143.488532066,0.300000153,-0.259002799,-0.005761310,1.200000000,-0.041487201
1784881143.498532057,0.310000153,-0.258631036,-0.005702274,1.200000000,-0.041584872
1784881143.508532047,0.320000153,-0.258228184,-0.005638285,1.200000000,-0.041683032
1784881143.518532038,0.330000153,-0.257792983,-0.005569140,1.200000000,-0.041781508
1784881143.528532028,0.340000153,-0.257324192,-0.005494640,1.200000000,-0.041880129
1784881143.538532019,0.350000153,-0.256820592,-0.005414589,1.200000000,-0.041978722
1784881143.548532009,0.360000153,-0.256280989,-0.005328792,1.200000000,-0.042077115
1784881143.558532000,0.370000153,-0.255704210,-0.005237062,1.200000000,-0.042175135
1784881143.568531990,0.380000153,-0.255089113,-0.005139212,1.200000000,-0.042272610
1784881143.578531981,0.390000153,-0.254434582,-0.005035063,1.200000000,-0.042369368
1784881143.588531971,0.400000153,-0.253739530,-0.004924437,1.200000000,-0.042465236
1784881143.598531961,0.410000153,-0.253002903,-0.004807164,1.200000000,-0.042560043
1784881143.608531952,0.420000153,-0.252223678,-0.004683076,1.200000000,-0.042653616
1784881143.618531942,0.430000153,-0.251400864,-0.004552013,1.200000000,-0.042745782
1784881143.628531933,0.440000153,-0.250533508,-0.004413818,1.200000000,-0.042836370
1784881143.638531923,0.450000153,-0.249620688,-0.004268341,1.200000000,-0.042925207
1784881143.648531914,0.460000153,-0.248661520,-0.004115436,1.200000000,-0.043012120
1784881143.658532143,0.470000153,-0.247655156,-0.003954965,1.200000000,-0.043096938
1784881143.668532133,0.480000153,-0.246600787,-0.003786793,1.200000000,-0.043179489
1784881143.678532124,0.490000153,-0.245497638,-0.003610793,1.200000000,-0.043259599
1784881143.688532114,0.500000153,-0.244344976,-0.003426844,1.200000000,-0.043337097
1784881143.698532104,0.510000153,-0.243142103,-0.003234829,1.200000000,-0.043411810
1784881143.708532095,0.520000153,-0.241888364,-0.003034639,1.200000000,-0.043483566
1784881143.718532085,0.530000153,-0.240583139,-0.002826170,1.200000000,-0.043552193
1784881143.728532076,0.540000153,-0.239225849,-0.002609326,1.200000000,-0.043617518
1784881143.738532066,0.550000153,-0.237815953,-0.002384014,1.200000000,-0.043679369
1784881143.748532057,0.560000153,-0.236352950,-0.002150150,1.200000000,-0.043737574
1784881143.758532047,0.570000153,-0.234836378,-0.001907655,1.200000000,-0.043791961
1784881143.768532038,0.580000153,-0.233265814,-0.001656456,1.200000000,-0.043842357
1784881143.778532028,0.590000153,-0.231640871,-0.001396486,1.200000000,-0.043888590
1784881143.788532019,0.600000153,-0.229961203,-0.001127685,1.200000000,-0.043930487
1784881143.798532009,0.610000153,-0.228226501,-0.000849998,1.200000000,-0.043967877
1784881143.808532000,0.620000153,-0.226436493,-0.000563377,1.200000000,-0.044000587
1784881143.818531990,0.630000153,-0.224590946,-0.000267778,1.200000000,-0.044028444
1784881143.828531981,0.640000153,-0.222689660,0.000036835,1.200000000,-0.044051277
1784881143.838531971,0.650000153,-0.220732475,0.000350494,1.200000000,-0.044068914
1784881143.848531961,0.660000153,-0.218719263,0.000673223,1.200000000,-0.044081181
1784881143.858531952,0.670000153,-0.216649932,0.001005043,1.200000000,-0.044087906
1784881143.868531942,0.680000153,-0.214524425,0.001345969,1.200000000,-0.044088918
1784881143.878531933,0.690000153,-0.212342717,0.001696009,1.200000000,-0.044084044
1784881143.888531923,0.700000153,-0.210104816,0.002055167,1.200000000,-0.044073112
1784881143.898531914,0.710000153,-0.207810762,0.002423442,1.200000000,-0.044055949
1784881143.908532143,0.720000153,-0.205460627,0.002800828,1.200000000,-0.044032383
1784881143.918532133,0.730000153,-0.203054510,0.003187313,1.200000000,-0.044002242
1784881143.928532124,0.740000153,-0.200592544,0.003582880,1.200000000,-0.043965353
1784881143.938532114,0.750000153,-0.198074887,0.003987511,1.200000000,-0.043921545
1784881143.948532104,0.760000153,-0.195501725,0.004401178,1.200000000,-0.043870645
1784881143.958532095,0.770000153,-0.192873272,0.004823852,1.200000000,-0.043812480
1784881143.968532085,0.780000153,-0.190189768,0.005255500,1.200000000,-0.043746878
1784881143.978532076,0.790000153,-0.187451476,0.005696084,1.200000000,-0.043673668
1784881143.988532066,0.800000153,-0.184658685,0.006145561,1.200000000,-0.043592676
1784881143.998532057,0.810000153,-0.181811705,0.006603885,1.200000000,-0.043503731
1784881144.008532047,0.820000153,-0.178910870,0.007071007,1.200000000,-0.043406659
1784881144.018532038,0.830000153,-0.175956534,0.007546873,1.200000000,-0.043301290
1784881144.028532028,0.840000153,-0.172949072,0.008031428,1.200000000,-0.043187450
1784881144.038532019,0.850000153,-0.169888879,0.008524610,1.200000000,-0.043064968
1784881144.048532009,0.860000153,-0.166776366,0.009026357,1.200000000,-0.042933674
1784881144.058532000,0.870000153,-0.163611963,0.009536604,1.200000000,-0.042793523
1784881144.068531990,0.880000153,-0.160396118,0.010055280,1.200000000,-0.042644616
1784881144.078531981,0.890000153,-0.157129293,0.010582314,1.200000000,-0.042487064
1784881144.088531971,0.900000153,-0.153811966,0.011117632,1.200000000,-0.042320978
1784881144.098531961,0.910000153,-0.150444628,0.011661156,1.200000000,-0.042146468
1784881144.108531952,0.920000153,-0.147027785,0.012212808,1.200000000,-0.041963645
1784881144.118531942,0.930000153,-0.143561954,0.012772506,1.200000000,-0.041772619
1784881144.128531933,0.940000153,-0.140047665,0.013340166,1.200000000,-0.041573502
1784881144.138531923,0.950000153,-0.136485459,0.013915702,1.200000000,-0.041366403
1784881144.148531914,0.960000153,-0.132875886,0.014499027,1.200000000,-0.041151434
1784881144.158532143,0.970000153,-0.129219507,0.015090051,1.200000000,-0.040928705
1784881144.168532133,0.980000153,-0.125516891,0.015688683,1.200000000,-0.040698326
1784881144.178532124,0.990000153,-0.121768616,0.016294830,1.200000000,-0.040460409
1784881144.188532114,1.000000153,-0.117975267,0.016908398,1.200000000,-0.040215063
1784881144.198532104,1.010000153,-0.114137435,0.017529292,1.200000000,-0.039962400
1784881144.208532095,1.020000153,-0.110255719,0.018157414,1.200000000,-0.039702530
1784881144.218532085,1.030000153,-0.106330722,0.018792665,1.200000000,-0.039435563
1784881144.228532076,1.040000153,-0.102363053,0.019434948,1.200000000,-0.039161611
1784881144.238532066,1.050000153,-0.098353325,0.020084162,1.200000000,-0.038880784
1784881144.248532057,1.060000153,-0.094302153,0.020740205,1.200000000,-0.038593193
1784881144.258532047,1.070000153,-0.090210159,0.021402975,1.200000000,-0.038298948
1784881144.268532038,1.080000153,-0.086077965,0.022072371,1.200000000,-0.037998159
1784881144.278532028,1.090000153,-0.081906194,0.022748288,1.200000000,-0.037690938
1784881144.288532019,1.100000153,-0.077695473,0.023430623,1.200000000,-0.037377395
1784881144.298532009,1.110000153,-0.073446429,0.024119272,1.200000000,-0.037057641
1784881144.308532000,1.120000153,-0.069159689,0.024814128,1.200000000,-0.036731786
1784881144.318531990,1.130000153,-0.064835881,0.025515089,1.200000000,-0.036399941
1784881144.328531981,1.140000153,-0.060475633,0.026222047,1.200000000,-0.036062216
1784881144.338531971,1.150000153,-0.056079570,0.026934899,1.200000000,-0.035718722
1784881144.348531961,1.160000153,-0.051648317,0.027653537,1.200000000,-0.035369571
1784881144.358531952,1.170000153,-0.047182497,0.028377857,1.200000000,-0.035014872
1784881144.368531942,1.180000153,-0.042682732,0.029107753,1.200000000,-0.034654735
1784881144.378531933,1.190000153,-0.038149639,0.029843119,1.200000000,-0.034289273
1784881144.388531923,1.200000153,-0.033583834,0.030583851,1.200000000,-0.033918594
1784881144.398531914,1.210000153,-0.028985928,0.031329842,1.200000000,-0.033542811
1784881144.408532143,1.220000153,-0.024356530,0.032080989,1.200000000,-0.033162033
1784881144.418532133,1.230000153,-0.019696243,0.032837187,1.200000000,-0.032776371
1784881144.428532124,1.240000153,-0.015005668,0.033598332,1.200000000,-0.032385936
1784881144.438532114,1.250000153,-0.010285398,0.034364320,1.200000000,-0.031990838
1784881144.448532104,1.260000153,-0.005536023,0.035135048,1.200000000,-0.031591188
1784881144.458532095,1.270000153,-0.000758128,0.035910415,1.200000000,-0.031187097
1784881144.468532085,1.280000153,0.004047710,0.036690317,1.200000000,-0.030778675
1784881144.478532076,1.290000153,0.008880918,0.037474655,1.200000000,-0.030366032
1784881144.488532066,1.300000153,0.013740930,0.038263327,1.200000000,-0.029949281
1784881144.498532057,1.310000153,0.018627186,0.039056234,1.200000000,-0.029528530
1784881144.508532047,1.320000153,0.023539134,0.039853277,1.200000000,-0.029103891
1784881144.518532038,1.330000153,0.028476229,0.040654359,1.200000000,-0.028675474
1784881144.528532028,1.340000153,0.033437932,0.041459381,1.200000000,-0.028243390
1784881144.538532019,1.350000153,0.038423712,0.042268248,1.200000000,-0.027807750
1784881144.548532009,1.360000153,0.043433046,0.043080865,1.200000000,-0.027368664
1784881144.558532000,1.370000153,0.048465419,0.043897137,1.200000000,-0.026926243
1784881144.568531990,1.380000153,0.053520325,0.044716972,1.200000000,-0.026480597
1784881144.578531981,1.390000153,0.058597264,0.045540278,1.200000000,-0.026031837
1784881144.588531971,1.400000153,0.063695747,0.046366962,1.200000000,-0.025580074
1784881144.598531961,1.410000153,0.068815291,0.047196937,1.200000000,-0.025125418
1784881144.608531952,1.420000153,0.073955424,0.048030112,1.200000000,-0.024667980
1784881144.618531942,1.430000153,0.079115681,0.048866401,1.200000000,-0.024207871
1784881144.628531933,1.440000153,0.084295609,0.049705717,1.200000000,-0.023745201
1784881144.638531923,1.450000153,0.089494761,0.050547976,1.200000000,-0.023280080
1784881144.648531914,1.460000153,0.094712700,0.051393093,1.200000000,-0.022812620
1784881144.658532143,1.470000153,0.099949000,0.052240987,1.200000000,-0.022342931
1784881144.668532133,1.480000153,0.105203244,0.053091576,1.200000000,-0.021871123
1784881144.678532124,1.490000153,0.110475022,0.053944781,1.200000000,-0.021397308
1784881144.688532114,1.500000153,0.115763937,0.054800522,1.200000000,-0.020921595
1784881144.698532104,1.510000153,0.121069599,0.055658724,1.200000000,-0.020444096
1784881144.708532095,1.520000153,0.126391631,0.056519310,1.200000000,-0.019964922
1784881144.718532085,1.530000153,0.131729662,0.057382206,1.200000000,-0.019484181
1784881144.728532076,1.540000153,0.137083333,0.058247340,1.200000000,-0.019001987
1784881144.738532066,1.550000153,0.142452296,0.059114639,1.200000000,-0.018518448
1784881144.748532057,1.560000153,0.147836210,0.059984035,1.200000000,-0.018033675
1784881144.758532047,1.570000153,0.153234746,0.060855458,1.200000000,-0.017547780
1784881144.768532038,1.580000153,0.158647584,0.061728842,1.200000000,-0.017060873
1784881144.778532028,1.590000153,0.164074414,0.062604120,1.200000000,-0.016573064
1784881144.788532019,1.600000153,0.169514938,0.063481229,1.200000000,-0.016084464
1784881144.798532009,1.610000153,0.174968865,0.064360106,1.200000000,-0.015595184
1784881144.808532000,1.620000153,0.180435914,0.065240690,1.200000000,-0.015105334
1784881144.818531990,1.630000153,0.185915817,0.066122921,1.200000000,-0.014615025
1784881144.828531981,1.640000153,0.191408314,0.067006740,1.200000000,-0.014124368
1784881144.838531971,1.650000153,0.196913153,0.067892092,1.200000000,-0.013633473
1784881144.848531961,1.660000153,0.202430094,0.068778921,1.200000000,-0.013142451
1784881144.858531952,1.670000153,0.207958907,0.069667174,1.200000000,-0.012651411
1784881144.868531942,1.680000153,0.213499371,0.070556797,1.200000000,-0.012160466
1784881144.878531933,1.690000153,0.219051274,0.071447740,1.200000000,-0.011669726
1784881144.888531923,1.700000153,0.224614414,0.072339954,1.200000000,-0.011179301
1784881144.898531914,1.710000153,0.230188599,0.073233392,1.200000000,-0.010689302
1784881144.908532143,1.720000153,0.235773646,0.074128006,1.200000000,-0.010199839
1784881144.918532133,1.730000153,0.241369381,0.075023751,1.200000000,-0.009711023
1784881144.928532124,1.740000153,0.246975640,0.075920585,1.200000000,-0.009222966
1784881144.938532114,1.750000153,0.252592267,0.076818465,1.200000000,-0.008735776
1784881144.948532104,1.760000153,0.258219116,0.077717351,1.200000000,-0.008249566
1784881144.958532095,1.770000153,0.263856049,0.078617204,1.200000000,-0.007764445
1784881144.968532085,1.780000153,0.269502939,0.079517986,1.200000000,-0.007280524
1784881144.978532076,1.790000153,0.275159664,0.080419660,1.200000000,-0.006797914
1784881144.988532066,1.800000153,0.280826115,0.081322192,1.200000000,-0.006316726
1784881144.998532057,1.810000153,0.286502187,0.082225548,1.200000000,-0.005837069
1784881145.008532047,1.820000153,0.292187787,0.083129696,1.200000000,-0.005359056
1784881145.018532038,1.830000153,0.297882828,0.084034606,1.200000000,-0.004882796
1784881145.028532028,1.840000153,0.303587232,0.084940247,1.200000000,-0.004408399
1784881145.038532019,1.850000153,0.309300928,0.085846593,1.200000000,-0.003935977
1784881145.048532009,1.860000153,0.315023854,0.086753615,1.200000000,-0.003465641
1784881145.058532000,1.870000153,0.320755955,0.087661289,1.200000000,-0.002997500
1784881145.068531990,1.880000153,0.326497184,0.088569590,1.200000000,-0.002531666
1784881145.078531981,1.890000153,0.332247500,0.089478495,1.200000000,-0.002068248
1784881145.088531971,1.900000153,0.338006870,0.090387983,1.200000000,-0.001607359
1784881145.098531961,1.910000153,0.343775268,0.091298033,1.200000000,-0.001149107
1784881145.108531952,1.920000153,0.349552676,0.092208626,1.200000000,-0.000693605
1784881145.118531942,1.930000153,0.355339081,0.093119744,1.200000000,-0.000240962
1784881145.128531933,1.940000153,0.361134476,0.094031370,1.200000000,0.000208711
1784881145.138531923,1.950000153,0.366938863,0.094943489,1.200000000,0.000655303
1784881145.148531914,1.960000153,0.372752247,0.095856084,1.200000000,0.001098704
1784881145.158532143,1.970000153,0.378574642,0.096769144,1.200000000,0.001538802
1784881145.168532133,1.980000153,0.384406066,0.097682656,1.200000000,0.001975488
1784881145.178532124,1.990000153,0.390246543,0.098596608,1.200000000,0.002408651
1784881145.188532114,2.000000153,0.396096101,0.099510990,1.200000000,0.002838180
1784881145.198532104,2.010000153,0.401954777,0.100425792,1.200000000,0.003263965
1784881145.208532095,2.020000153,0.407822610,0.101341007,1.200000000,0.003685894
1784881145.218532085,2.030000153,0.413699644,0.102256628,1.200000000,0.004103858
1784881145.228532076,2.040000153,0.419585929,0.103172646,1.200000000,0.004517745
1784881145.238532066,2.050000153,0.425481520,0.104089058,1.200000000,0.004927445
1784881145.248532057,2.060000153,0.431386474,0.105005859,1.200000000,0.005332848
1784881145.258532047,2.070000153,0.437300853,0.105923045,1.200000000,0.005733842
1784881145.268532038,2.080000153,0.443224725,0.106840613,1.200000000,0.006130318
1784881145.278532028,2.090000153,0.449158160,0.107758562,1.200000000,0.006522164
1784881145.288532019,2.100000153,0.455101231,0.108676889,1.200000000,0.006909270
1784881145.298532009,2.110000153,0.461054016,0.109595595,1.200000000,0.007291526
1784881145.308532000,2.120000153,0.467016594,0.110514680,1.200000000,0.007668820
1784881145.318531990,2.130000153,0.472989050,0.111434145,1.200000000,0.008041042
1784881145.328531981,2.140000153,0.478971470,0.112353992,1.200000000,0.008408082
1784881145.338531971,2.150000153,0.484963942,0.113274223,1.200000000,0.008769829
1784881145.348531961,2.160000153,0.490966559,0.114194842,1.200000000,0.009126171
1784881145.358531952,2.170000153,0.496979412,0.115115852,1.200000000,0.009477000
1784881145.368531942,2.180000153,0.503002599,0.116037257,1.200000000,0.009822203
1784881145.378531933,2.190000153,0.509036216,0.116959063,1.200000000,0.010161671
1784881145.388531923,2.200000153,0.515080363,0.117881275,1.200000000,0.010495292
1784881145.398531914,2.210000153,0.521135140,0.118803898,1.200000000,0.010822957
1784881145.408532143,2.220000153,0.527200650,0.119726940,1.200000000,0.011144554
1784881145.418532133,2.230000153,0.533276996,0.120650407,1.200000000,0.011459972
1784881145.428532124,2.240000153,0.539364281,0.121574306,1.200000000,0.011769103
1784881145.438532114,2.250000153,0.545462610,0.122498646,1.200000000,0.012071833
1784881145.448532104,2.260000153,0.551572090,0.123423434,1.200000000,0.012368054
1784881145.458532095,2.270000153,0.557692825,0.124348680,1.200000000,0.012657654
1784881145.468532085,2.280000153,0.563824922,0.125274392,1.200000000,0.012940523
1784881145.478532076,2.290000153,0.569968487,0.126200579,1.200000000,0.013216550
1784881145.488532066,2.300000153,0.576123627,0.127127251,1.200000000,0.013485625
1784881145.498532057,2.310000153,0.582290447,0.128054418,1.200000000,0.013747636
1784881145.508532047,2.320000153,0.588469052,0.128982089,1.200000000,0.014002474
1784881145.518532038,2.330000153,0.594659547,0.129910275,1.200000000,0.014250028
1784881145.528532028,2.340000153,0.600862037,0.130838987,1.200000000,0.014490186
1784881145.538532019,2.350000153,0.607076625,0.131768235,1.200000000,0.014722839
1784881145.548532009,2.360000153,0.613303412,0.132698030,1.200000000,0.014947876
1784881145.558532000,2.370000153,0.619542500,0.133628383,1.200000000,0.015165186
1784881145.568531990,2.380000153,0.625793988,0.134559304,1.200000000,0.015374659
1784881145.578531981,2.390000153,0.632057974,0.135490805,1.200000000,0.015576183
1784881145.588531971,2.400000153,0.638334555,0.136422898,1.200000000,0.015769649
1784881145.598531961,2.410000153,0.644623825,0.137355593,1.200000000,0.015954985
1784881145.608531952,2.420000153,0.650925878,0.138288901,1.200000000,0.016132260
1784881145.618531942,2.430000153,0.657240804,0.139222834,1.200000000,0.016301576
1784881145.628531933,2.440000153,0.663568691,0.140157403,1.200000000,0.016463034
1784881145.638531923,2.450000153,0.669909627,0.141092619,1.200000000,0.016616737
1784881145.648531914,2.460000153,0.676263695,0.142028494,1.200000000,0.016762784
1784881145.658532143,2.470000153,0.682630976,0.142965037,1.200000000,0.016901277
1784881145.668532133,2.480000153,0.689011550,0.143902261,1.200000000,0.017032319
1784881145.678532124,2.490000153,0.695405493,0.144840176,1.200000000,0.017156010
1784881145.688532114,2.500000153,0.701812879,0.145778793,1.200000000,0.017272451
1784881145.698532104,2.510000153,0.708233778,0.146718121,1.200000000,0.017381744
1784881145.708532095,2.520000153,0.714668257,0.147658173,1.200000000,0.017483991
1784881145.718532085,2.530000153,0.721116382,0.148598956,1.200000000,0.017579292
1784881145.728532076,2.540000153,0.727578214,0.149540483,1.200000000,0.017667749
1784881145.738532066,2.550000153,0.734053811,0.150482762,1.200000000,0.017749464
1784881145.748532057,2.560000153,0.740543229,0.151425802,1.200000000,0.017824538
1784881145.758532047,2.570000153,0.747046518,0.152369614,1.200000000,0.017893072
1784881145.768532038,2.580000153,0.753563727,0.153314206,1.200000000,0.017955168
1784881145.778532028,2.590000153,0.760094901,0.154259587,1.200000000,0.018010926
1784881145.788532019,2.600000153,0.766640081,0.155205765,1.200000000,0.018060449
1784881145.798532009,2.610000153,0.773199304,0.156152749,1.200000000,0.018103838
1784881145.808532000,2.620000153,0.779772605,0.157100545,1.200000000,0.018141194
1784881145.818531990,2.630000153,0.786360013,0.158049163,1.200000000,0.018172619
1784881145.828531981,2.640000153,0.792961554,0.158998608,1.200000000,0.018198213
1784881145.838531971,2.650000153,0.799577253,0.159948887,1.200000000,0.018218079
1784881145.848531961,2.660000153,0.806207126,0.160900008,1.200000000,0.018232317
1784881145.858531952,2.670000153,0.812851189,0.161851975,1.200000000,0.018241030
1784881145.868531942,2.680000153,0.819509454,0.162804795,1.200000000,0.018244317
1784881145.878531933,2.690000153,0.826181926,0.163758473,1.200000000,0.018242282
1784881145.888531923,2.700000153,0.832868609,0.164713013,1.200000000,0.018235025
1784881145.898531914,2.710000153,0.839569503,0.165668420,1.200000000,0.018222647
1784881145.908532143,2.720000153,0.846284601,0.166624698,1.200000000,0.018205251
1784881145.918532133,2.730000153,0.853013894,0.167581851,1.200000000,0.018182936
1784881145.928532124,2.740000153,0.859757371,0.168539881,1.200000000,0.018155806
1784881145.938532114,2.750000153,0.866515012,0.169498791,1.200000000,0.018123960
1784881145.948532104,2.760000153,0.873286798,0.170458583,1.200000000,0.018087501
1784881145.958532095,2.770000153,0.880072702,0.171419258,1.200000000,0.018046530
1784881145.968532085,2.780000153,0.886872695,0.172380819,1.200000000,0.018001148
1784881145.978532076,2.790000153,0.893686743,0.173343266,1.200000000,0.017951457
1784881145.988532066,2.800000153,0.900514809,0.174306598,1.200000000,0.017897558
1784881145.998532057,2.810000153,0.907356851,0.175270815,1.200000000,0.017839552
1784881146.008532047,2.820000153,0.914212822,0.176235917,1.200000000,0.017777540
1784881146.018532038,2.830000153,0.921082672,0.177201902,1.200000000,0.017711625
1784881146.028532028,2.840000153,0.927966348,0.178168769,1.200000000,0.017641908
1784881146.038532019,2.850000153,0.934863791,0.179136514,1.200000000,0.017568489
1784881146.048532009,2.860000153,0.941774939,0.180105135,1.200000000,0.017491471
1784881146.058532000,2.870000153,0.948699725,0.181074628,1.200000000,0.017410954
1784881146.068531990,2.880000153,0.955638080,0.182044989,1.200000000,0.017327041
1784881146.078531981,2.890000153,0.962589928,0.183016213,1.200000000,0.017239832
1784881146.088531971,2.900000153,0.969555191,0.183988296,1.200000000,0.017149428
1784881146.098531961,2.910000153,0.976533787,0.184961232,1.200000000,0.017055932
1784881146.108531952,2.920000153,0.983525629,0.185935013,1.200000000,0.016959444
1784881146.118531942,2.930000153,0.990530628,0.186909634,1.200000000,0.016860067
1784881146.128531933,2.940000153,0.997548690,0.187885086,1.200000000,0.016757900
1784881146.138531923,2.950000153,1.004579716,0.188861362,1.200000000,0.016653046
1784881146.148531914,2.960000153,1.011623605,0.189838453,1.200000000,0.016545607
1784881146.158532143,2.970000153,1.018680251,0.190816349,1.200000000,0.016435683
1784881146.168532133,2.980000153,1.025749546,0.191795042,1.200000000,0.016323375
1784881146.178532124,2.990000153,1.032831377,0.192774519,1.200000000,0.016208786
1784881146.188532114,3.000000153,1.039925626,0.193754772,1.200000000,0.016092017
1784881146.198532104,3.010000153,1.047032175,0.194735786,1.200000000,0.015973168
1784881146.208532095,3.020000153,1.054150899,0.195717552,1.200000000,0.015852342
1784881146.218532085,3.030000153,1.061281672,0.196700055,1.200000000,0.015729640
1784881146.228532076,3.040000153,1.068424363,0.197683283,1.200000000,0.015605163
1784881146.238532066,3.050000153,1.075578837,0.198667220,1.200000000,0.015479012
1784881146.248532057,3.060000153,1.082744959,0.199651854,1.200000000,0.015351289
1784881146.258532047,3.070000153,1.089922587,0.200637167,1.200000000,0.015222096
1784881146.268532038,3.080000153,1.097111577,0.201623146,1.200000000,0.015091533
1784881146.278532028,3.090000153,1.104311784,0.202609772,1.200000000,0.014959702
1784881146.288532019,3.100000153,1.111523056,0.203597029,1.200000000,0.014826704
1784881146.298532009,3.110000153,1.118745240,0.204584900,1.200000000,0.014692642
1784881146.308532000,3.120000153,1.125978181,0.205573366,1.200000000,0.014557615
1784881146.318531990,3.130000153,1.133221719,0.206562408,1.200000000,0.014421726
1784881146.328531981,3.140000153,1.140475694,0.207552007,1.200000000,0.014285076
1784881146.338531971,3.150000153,1.147739939,0.208542143,1.200000000,0.014147766
1784881146.348531961,3.160000153,1.155014288,0.209532795,1.200000000,0.014009898
1784881146.358531952,3.170000153,1.162298571,0.210523942,1.200000000,0.013871573
1784881146.368531942,3.180000153,1.169592615,0.211515561,1.200000000,0.013732893
1784881146.378531933,3.190000153,1.176896245,0.212507631,1.200000000,0.013593958
1784881146.388531923,3.200000153,1.184209283,0.213500129,1.200000000,0.013454871
1784881146.398531914,3.210000153,1.191531550,0.214493030,1.200000000,0.013315732
1784881146.408532143,3.220000153,1.198862863,0.215486311,1.200000000,0.013176643
1784881146.418532133,3.230000153,1.206203038,0.216479946,1.200000000,0.013037706
1784881146.428532124,3.240000153,1.213551888,0.217473910,1.200000000,0.012899021
1784881146.438532114,3.250000153,1.220909224,0.218468178,1.200000000,0.012760690
1784881146.448532104,3.260000153,1.228274855,0.219462722,1.200000000,0.012622815
1784881146.458532095,3.270000153,1.235648590,0.220457516,1.200000000,0.012485497
1784881146.468532085,3.280000153,1.243030233,0.221452531,1.200000000,0.012348837
1784881146.478532076,3.290000153,1.250419587,0.222447740,1.200000000,0.012212936
1784881146.488532066,3.300000153,1.257816456,0.223443113,1.200000000,0.012077897
1784881146.498532057,3.310000153,1.265220640,0.224438620,1.200000000,0.011943820
1784881146.508532047,3.320000153,1.272631936,0.225434233,1.200000000,0.011810807
1784881146.518532038,3.330000153,1.280050144,0.226429920,1.200000000,0.011678959
1784881146.528532028,3.340000153,1.287475058,0.227425650,1.200000000,0.011548377
1784881146.538532019,3.350000153,1.294906473,0.228421391,1.200000000,0.011419164
1784881146.548532009,3.360000153,1.302344183,0.229417112,1.200000000,0.011291419
1784881146.558532000,3.370000153,1.309787980,0.230412779,1.200000000,0.011165246
1784881146.568531990,3.380000153,1.317237655,0.231408359,1.200000000,0.011040744
1784881146.578531981,3.390000153,1.324693000,0.232403818,1.200000000,0.010918016
1784881146.588531971,3.400000153,1.332153802,0.233399121,1.200000000,0.010797163
1784881146.598531961,3.410000153,1.339619851,0.234394234,1.200000000,0.010678286
1784881146.608531952,3.420000153,1.347090935,0.235389121,1.200000000,0.010561487
1784881146.618531942,3.430000153,1.354566840,0.236383747,1.200000000,0.010446866
1784881146.628531933,3.440000153,1.362047354,0.237378074,1.200000000,0.010334526
1784881146.638531923,3.450000153,1.369532262,0.238372066,1.200000000,0.010224568
1784881146.648531914,3.460000153,1.377021350,0.239365684,1.200000000,0.010117092
1784881146.658532143,3.470000153,1.384514405,0.240358892,1.200000000,0.010012201
1784881146.668532133,3.480000153,1.392011210,0.241351650,1.200000000,0.009909996
1784881146.678532124,3.490000153,1.399511551,0.242343920,1.200000000,0.009810579
1784881146.688532114,3.500000153,1.407015212,0.243335661,1.200000000,0.009714050
1784881146.698532104,3.510000153,1.414521980,0.244326834,1.200000000,0.009620511
1784881146.708532095,3.520000153,1.422031638,0.245317399,1.200000000,0.009530063
1784881146.718532085,3.530000153,1.429543972,0.246307314,1.200000000,0.009442808
1784881146.728532076,3.540000153,1.437058768,0.247296538,1.200000000,0.009358847
1784881146.738532066,3.550000153,1.444575810,0.248285029,1.200000000,0.009278282
1784881146.748532057,3.560000153,1.452094886,0.249272744,1.200000000,0.009201214
1784881146.758532047,3.570000153,1.459615781,0.250259642,1.200000000,0.009127744
1784881146.768532038,3.580000153,1.467138283,0.251245678,1.200000000,0.009057973
1784881146.778532028,3.590000153,1.474662180,0.252230809,1.200000000,0.008992004
1784881146.788532019,3.600000153,1.482187259,0.253214991,1.200000000,0.008929937
1784881146.798532009,3.610000153,1.489713311,0.254198179,1.200000000,0.008871874
1784881146.808532000,3.620000153,1.497240125,0.255180329,1.200000000,0.008817916
1784881146.818531990,3.630000153,1.504767493,0.256161394,1.200000000,0.008768165
1784881146.828531981,3.640000153,1.512295205,0.257141329,1.200000000,0.008722722
1784881146.838531971,3.650000153,1.519823056,0.258120088,1.200000000,0.008681688
1784881146.848531961,3.660000153,1.527350839,0.259097624,1.200000000,0.008645164
1784881146.858531952,3.670000153,1.534878351,0.260073891,1.200000000,0.008613253
1784881146.868531942,3.680000153,1.542405386,0.261048840,1.200000000,0.008586055
1784881146.878531933,3.690000153,1.549931744,0.262022423,1.200000000,0.008563673
1784881146.888531923,3.700000153,1.557457224,0.262994594,1.200000000,0.008546206
1784881146.898531914,3.710000153,1.564981627,0.263965302,1.200000000,0.008533757
1784881146.908532143,3.720000153,1.572504755,0.264934500,1.200000000,0.008526427
1784881146.918532133,3.730000153,1.580026412,0.265902137,1.200000000,0.008524317
1784881146.928532124,3.740000153,1.587546404,0.266868165,1.200000000,0.008527529
1784881146.938532114,3.750000153,1.595064537,0.267832532,1.200000000,0.008536165
1784881146.948532104,3.760000153,1.602580623,0.268795190,1.200000000,0.008550325
1784881146.958532095,3.770000153,1.610094470,0.269756086,1.200000000,0.008570110
1784881146.968532085,3.780000153,1.617605893,0.270715170,1.200000000,0.008595623
1784881146.978532076,3.790000153,1.625114706,0.271672391,1.200000000,0.008626965
1784881146.988532066,3.800000153,1.632620726,0.272627697,1.200000000,0.008664237
1784881146.998532057,3.810000153,1.640123771,0.273581035,1.200000000,0.008707540
1784881147.008532047,3.820000153,1.647623664,0.274532354,1.200000000,0.008756957
1784881147.018532038,3.830000153,1.655120226,0.275481601,1.200000000,0.008812411
1784881147.028532028,3.840000153,1.662613283,0.276428722,1.200000000,0.008873745
1784881147.038532019,3.850000153,1.670102663,0.277373665,1.200000000,0.008940803
1784881147.048532009,3.860000153,1.677588196,0.278316375,1.200000000,0.009013427
1784881147.058532000,3.870000153,1.685069713,0.279256800,1.200000000,0.009091459
1784881147.068531990,3.880000153,1.692547050,0.280194884,1.200000000,0.009174743
1784881147.078531981,3.890000153,1.700020043,0.281130574,1.200000000,0.009263121
1784881147.088531971,3.900000153,1.707488531,0.282063814,1.200000000,0.009356435
1784881147.098531961,3.910000153,1.714952357,0.282994550,1.200000000,0.009454529
1784881147.108531952,3.920000153,1.722411365,0.283922727,1.200000000,0.009557246
1784881147.118531942,3.930000153,1.729865401,0.284848288,1.200000000,0.009664427
1784881147.128531933,3.940000153,1.737314315,0.285771178,1.200000000,0.009775916
1784881147.138531923,3.950000153,1.744757960,0.286691341,1.200000000,0.009891556
1784881147.148531914,3.960000153,1.752196190,0.287608721,1.200000000,0.010011189
1784881147.158532143,3.970000153,1.759628861,0.288523261,1.200000000,0.010134658
1784881147.168532133,3.980000153,1.767055835,0.289434904,1.200000000,0.010261805
1784881147.178532124,3.990000153,1.774476974,0.290343593,1.200000000,0.010392474
1784881147.188532114,4.000000153,1.781892143,0.291249272,1.200000000,0.010526507
1784881147.198532104,4.010000153,1.789301210,0.292151882,1.200000000,0.010663747
1784881147.208532095,4.020000153,1.796704047,0.293051365,1.200000000,0.010804036
1784881147.218532085,4.030000153,1.804100527,0.293947665,1.200000000,0.010947218
1784881147.228532076,4.040000153,1.811490526,0.294840722,1.200000000,0.011093135
1784881147.238532066,4.050000153,1.818873925,0.295730478,1.200000000,0.011241629
1784881147.248532057,4.060000153,1.826250604,0.296616876,1.200000000,0.011392544
1784881147.258532047,4.070000153,1.833620449,0.297499855,1.200000000,0.011545722
1784881147.268532038,4.080000153,1.840983347,0.298379356,1.200000000,0.011701007
1784881147.278532028,4.090000153,1.848339190,0.299255322,1.200000000,0.011858240
1784881147.288532019,4.100000153,1.855687870,0.300127692,1.200000000,0.012017264
1784881147.298532009,4.110000153,1.863029285,0.300996406,1.200000000,0.012177923
1784881147.308532000,4.120000153,1.870363332,0.301861406,1.200000000,0.012340058
1784881147.318531990,4.130000153,1.877689915,0.302722631,1.200000000,0.012503513
1784881147.328531981,4.140000153,1.885008938,0.303580020,1.200000000,0.012668130
1784881147.338531971,4.150000153,1.892320310,0.304433514,1.200000000,0.012833753
1784881147.348531961,4.160000153,1.899623940,0.305283052,1.200000000,0.013000223
1784881147.358531952,4.170000153,1.906919742,0.306128574,1.200000000,0.013167384
1784881147.368531942,4.180000153,1.914207633,0.306970018,1.200000000,0.013335078
1784881147.378531933,4.190000153,1.921487533,0.307807324,1.200000000,0.013503148
1784881147.388531923,4.200000153,1.928759363,0.308640431,1.200000000,0.013671437
1784881147.398531914,4.210000153,1.936023048,0.309469277,1.200000000,0.013839787
1784881147.408532143,4.220000153,1.943278517,0.310293801,1.200000000,0.014008042
1784881147.418532133,4.230000153,1.950525700,0.311113941,1.200000000,0.014176043
1784881147.428532124,4.240000153,1.957764530,0.311929636,1.200000000,0.014343634
1784881147.438532114,4.250000153,1.964994945,0.312740823,1.200000000,0.014510657
1784881147.448532104,4.260000153,1.972216883,0.313547442,1.200000000,0.014676956
1784881147.458532095,4.270000153,1.979430287,0.314349429,1.200000000,0.014842372
1784881147.468532085,4.280000153,1.986635102,0.315146722,1.200000000,0.015006749
1784881147.478532076,4.290000153,1.993831274,0.315939259,1.200000000,0.015169929
1784881147.488532066,4.300000153,2.001018756,0.316726978,1.200000000,0.015331755
1784881147.498532057,4.310000153,2.008197499,0.317509815,1.200000000,0.015492070
1784881147.508532047,4.320000153,2.015367459,0.318287709,1.200000000,0.015650717
1784881147.518532038,4.330000153,2.022528596,0.319060596,1.200000000,0.015807537
1784881147.528532028,4.340000153,2.029680871,0.319828413,1.200000000,0.015962375
1784881147.538532019,4.350000153,2.036824248,0.320591098,1.200000000,0.016115072
1784881147.548532009,4.360000153,2.043958693,0.321348586,1.200000000,0.016265472
1784881147.558532000,4.370000153,2.051084177,0.322100815,1.200000000,0.016413417
1784881147.568531990,4.380000153,2.058200670,0.322847722,1.200000000,0.016558749
1784881147.578531981,4.390000153,2.065308147,0.323589242,1.200000000,0.016701313
1784881147.588531971,4.400000153,2.072406587,0.324325313,1.200000000,0.016840949
1784881147.598531961,4.410000153,2.079495968,0.325055871,1.200000000,0.016977502
1784881147.608531952,4.420000153,2.086576272,0.325780851,1.200000000,0.017110813
1784881147.618531942,4.430000153,2.093647486,0.326500190,1.200000000,0.017240726
1784881147.628531933,4.440000153,2.100709595,0.327213825,1.200000000,0.017367084
1784881147.638531923,4.450000153,2.107762589,0.327921690,1.200000000,0.017489728
1784881147.648531914,4.460000153,2.114806461,0.328623723,1.200000000,0.017608502
1784881147.658532143,4.470000153,2.121841206,0.329319859,1.200000000,0.017723248
1784881147.668532133,4.480000153,2.128866820,0.330010034,1.200000000,0.017833810
1784881147.678532124,4.490000153,2.135883302,0.330694183,1.200000000,0.017940029
1784881147.688532114,4.500000153,2.142890654,0.331372242,1.200000000,0.018041749
1784881147.698532104,4.510000153,2.149888880,0.332044147,1.200000000,0.018138812
1784881147.708532095,4.520000153,2.156877986,0.332709834,1.200000000,0.018231062
1784881147.718532085,4.530000153,2.163857981,0.333369237,1.200000000,0.018318340
1784881147.728532076,4.540000153,2.170828875,0.334022293,1.200000000,0.018400490
1784881147.738532066,4.550000153,2.177790680,0.334668936,1.200000000,0.018477354
1784881147.748532057,4.560000153,2.184743412,0.335309102,1.200000000,0.018548775
1784881147.758532047,4.570000153,2.191687087,0.335942727,1.200000000,0.018614596
1784881147.768532038,4.580000153,2.198621725,0.336569745,1.200000000,0.018674659
1784881147.778532028,4.590000153,2.205547346,0.337190093,1.200000000,0.018728808
1784881147.788532019,4.600000153,2.212463973,0.337803704,1.200000000,0.018776884
1784881147.798532009,4.610000153,2.219371632,0.338410514,1.200000000,0.018818731
1784881147.808532000,4.620000153,2.226270349,0.339010459,1.200000000,0.018854192
1784881147.818531990,4.630000153,2.233160153,0.339603473,1.200000000,0.018883108
1784881147.828531981,4.640000153,2.240041074,0.340189492,1.200000000,0.018905324
1784881147.838531971,4.650000153,2.246913146,0.340768450,1.200000000,0.018920681
1784881147.848531961,4.660000153,2.253776401,0.341340283,1.200000000,0.018929022
1784881147.858531952,4.670000153,2.260630876,0.341904926,1.200000000,0.018930191
1784881147.868531942,4.680000153,2.267476609,0.342462313,1.200000000,0.018924029
1784881147.878531933,4.690000153,2.274313639,0.343012381,1.200000000,0.018910379
1784881147.888531923,4.700000153,2.281142007,0.343555062,1.200000000,0.018889085
1784881147.898531914,4.710000153,2.287961755,0.344090294,1.200000000,0.018859989
1784881147.908532143,4.720000153,2.294772926,0.344618010,1.200000000,0.018822934
1784881147.918532133,4.730000153,2.301575568,0.345138146,1.200000000,0.018777762
1784881147.928532124,4.740000153,2.308369726,0.345650636,1.200000000,0.018724316
1784881147.938532114,4.750000153,2.315155449,0.346155417,1.200000000,0.018662439
1784881147.948532104,4.760000153,2.321932786,0.346652422,1.200000000,0.018591973
1784881147.958532095,4.770000153,2.328701790,0.347141586,1.200000000,0.018512762
1784881147.968532085,4.780000153,2.335462511,0.347622846,1.200000000,0.018424648
1784881147.978532076,4.790000153,2.342215005,0.348096135,1.200000000,0.018327474
1784881147.988532066,4.800000153,2.348959325,0.348561389,1.200000000,0.018221082
1784881147.998532057,4.810000153,2.355695528,0.349018544,1.200000000,0.018105316
1784881148.008532047,4.820000153,2.362423671,0.349467533,1.200000000,0.017980017
1784881148.018532038,4.830000153,2.369143812,0.349908293,1.200000000,0.017845030
1784881148.028532028,4.840000153,2.375856011,0.350340758,1.200000000,0.017700195
1784881148.038532019,4.850000153,2.382560327,0.350764864,1.200000000,0.017545357
1784881148.048532009,4.860000153,2.389256824,0.351180546,1.200000000,0.017380358
1784881148.058532000,4.870000153,2.395945561,0.351587740,1.200000000,0.017205040
1784881148.068531990,4.880000153,2.402626604,0.351986380,1.200000000,0.017019247
1784881148.078531981,4.890000153,2.409300016,0.352376402,1.200000000,0.016822821
1784881148.088531971,4.900000153,2.415965861,0.352757742,1.200000000,0.016615605
1784881148.098531961,4.910000153,2.422624206,0.353130334,1.200000000,0.016397441
1784881148.108531952,4.920000153,2.429275116,0.353494116,1.200000000,0.016168173
1784881148.118531942,4.930000153,2.435918659,0.353849021,1.200000000,0.015927642
1784881148.128531933,4.940000153,2.442554902,0.354194987,1.200000000,0.015675693
1784881148.138531923,4.950000153,2.449183914,0.354531948,1.200000000,0.015412166
1784881148.148531914,4.960000153,2.455805764,0.354859840,1.200000000,0.015136906
1784881148.158532143,4.970000153,2.462420521,0.355178599,1.200000000,0.014849755
1784881148.168532133,4.980000153,2.469028255,0.355488162,1.200000000,0.014550556
1784881148.178532124,4.990000153,2.475629036,0.355788464,1.200000000,0.014239151
1784881148.188532114,5.000000153,2.482222935,0.356079442,1.200000000,0.013915383
1784881148.198532104,5.010000153,2.488810023,0.356361031,1.200000000,0.013579095
1784881148.208532095,5.020000153,2.495390372,0.356633167,1.200000000,0.013230130
1784881148.218532085,5.030000153,2.501964053,0.356895788,1.200000000,0.012868330
1784881148.228532076,5.040000153,2.508531138,0.357148830,1.200000000,0.012493538
1784881148.238532066,5.050000153,2.515091701,0.357392228,1.200000000,0.012105596
1784881148.248532057,5.060000153,2.521645812,0.357625921,1.200000000,0.011704349
1784881148.258532047,5.070000153,2.528193544,0.357849843,1.200000000,0.011289637
1784881148.268532038,5.080000153,2.534734971,0.358063934,1.200000000,0.010861305
1784881148.278532028,5.090000153,2.541270165,0.358268128,1.200000000,0.010419194
1784881148.288532019,5.100000153,2.547799199,0.358462364,1.200000000,0.009963147
1784881148.298532009,5.110000153,2.554322145,0.358646579,1.200000000,0.009493008
1784881148.308532000,5.120000153,2.560839076,0.358820709,1.200000000,0.009008619
1784881148.318531990,5.130000153,2.567350066,0.358984693,1.200000000,0.008509822
1784881148.328531981,5.140000153,2.573855185,0.359138467,1.200000000,0.007996461
1784881148.338531971,5.150000153,2.580354507,0.359281970,1.200000000,0.007468377
1784881148.348531961,5.160000153,2.586848105,0.359415140,1.200000000,0.006925415
1784881148.358531952,5.170000153,2.593336049,0.359537913,1.200000000,0.006367416
1784881148.368531942,5.180000153,2.599818412,0.359650229,1.200000000,0.005794223
1784881148.378531933,5.190000153,2.606295265,0.359752025,1.200000000,0.005205680
1784881148.388531923,5.200000153,2.612766679,0.359843241,1.200000000,0.004601628
1784881148.398531914,5.210000153,2.619232725,0.359923813,1.200000000,0.003981910
1784881148.408532143,5.220000153,2.625693474,0.359993682,1.200000000,0.003346370
1784881148.418532133,5.230000153,2.632148996,0.360052785,1.200000000,0.002694849
1784881148.428532124,5.240000153,2.638599360,0.360101063,1.200000000,0.002027192
1784881148.438532114,5.250000153,2.645044636,0.360138453,1.200000000,0.001343239
1784881148.448532104,5.260000153,2.651484891,0.360164896,1.200000000,0.000642835
1784881148.458532095,5.270000153,2.657920195,0.360180330,1.200000000,-0.000074178
1784881148.468532085,5.280000153,2.664350615,0.360184696,1.200000000,-0.000807958
1784881148.478532076,5.290000153,2.670776217,0.360177933,1.200000000,-0.001558662
1784881148.488532066,5.300000153,2.677197069,0.360159982,1.200000000,-0.002326441
1784881148.498532057,5.310000153,2.683613236,0.360130782,1.200000000,-0.003111317
1784881148.508532047,5.320000153,2.690024784,0.360090274,1.200000000,-0.003913185
1784881148.518532038,5.330000153,2.696431777,0.360038398,1.200000000,-0.004731935
1784881148.528532028,5.340000153,2.702834278,0.359975095,1.200000000,-0.005567457
1784881148.538532019,5.350000153,2.709232351,0.359900307,1.200000000,-0.006419640
1784881148.548532009,5.360000153,2.715626058,0.359813975,1.200000000,-0.007288374
1784881148.558532000,5.370000153,2.722015462,0.359716039,1.200000000,-0.008173547
1784881148.568531990,5.380000153,2.728400622,0.359606441,1.200000000,-0.009075051
1784881148.578531981,5.390000153,2.734781599,0.359485124,1.200000000,-0.009992774
1784881148.588531971,5.400000153,2.741158452,0.359352030,1.200000000,-0.010926606
1784881148.598531961,5.410000153,2.747531240,0.359207100,1.200000000,-0.011876437
1784881148.608531952,5.420000153,2.753900020,0.359050277,1.200000000,-0.012842156
1784881148.618531942,5.430000153,2.760264849,0.358881505,1.200000000,-0.013823653
1784881148.628531933,5.440000153,2.766625782,0.358700725,1.200000000,-0.014820817
1784881148.638531923,5.450000153,2.772982875,0.358507882,1.200000000,-0.015833539
1784881148.648531914,5.460000153,2.779336182,0.358302918,1.200000000,-0.016861706
1784881148.658532143,5.470000153,2.785685756,0.358085779,1.200000000,-0.017905210
1784881148.668532133,5.480000153,2.792031649,0.357856406,1.200000000,-0.018963940
1784881148.678532124,5.490000153,2.798373913,0.357614746,1.200000000,-0.020037785
1784881148.688532114,5.500000153,2.804712597,0.357360742,1.200000000,-0.021126635
1784881148.698532104,5.510000153,2.811047751,0.357094339,1.200000000,-0.022230379
1784881148.708532095,5.520000153,2.817379423,0.356815482,1.200000000,-0.023348908
1784881148.718532085,5.530000153,2.823707661,0.356524118,1.200000000,-0.024482110
1784881148.728532076,5.540000153,2.830032511,0.356220190,1.200000000,-0.025629876
1784881148.738532066,5.550000153,2.836354019,0.355903647,1.200000000,-0.026792094
1784881148.748532057,5.560000153,2.842672228,0.355574432,1.200000000,-0.027968655
1784881148.758532047,5.570000153,2.848987182,0.355232494,1.200000000,-0.029159448
1784881148.768532038,5.580000153,2.855298924,0.354877780,1.200000000,-0.030364363
1784881148.778532028,5.590000153,2.861607495,0.354510235,1.200000000,-0.031583289
1784881148.788532019,5.600000153,2.867912934,0.354129808,1.200000000,-0.032816115
1784881148.798532009,5.610000153,2.874215281,0.353736447,1.200000000,-0.034062733
1784881148.808532000,5.620000153,2.880514575,0.353330100,1.200000000,-0.035323030
1784881148.818531990,5.630000153,2.886810851,0.352910715,1.200000000,-0.036596896
1784881148.828531981,5.640000153,2.893104147,0.352478241,1.200000000,-0.037884222
1784881148.838531971,5.650000153,2.899394497,0.352032627,1.200000000,-0.039184897
1784881148.848531961,5.660000153,2.905681935,0.351573823,1.200000000,-0.040498810
1784881148.858531952,5.670000153,2.911966494,0.351101779,1.200000000,-0.041825851
1784881148.868531942,5.680000153,2.918248205,0.350616444,1.200000000,-0.043165910
1784881148.878531933,5.690000153,2.924527099,0.350117769,1.200000000,-0.044518875
1784881148.888531923,5.700000153,2.930803206,0.349605706,1.200000000,-0.045884638
1784881148.898531914,5.710000153,2.937076554,0.349080206,1.200000000,-0.047263087
1784881148.908532143,5.720000153,2.943347171,0.348541220,1.200000000,-0.048654111
1784881148.918532133,5.730000153,2.949615083,0.347988700,1.200000000,-0.050057602
1784881148.928532124,5.740000153,2.955880316,0.347422598,1.200000000,-0.051473447
1784881148.938532114,5.750000153,2.962142893,0.346842869,1.200000000,-0.052901537
1784881148.948532104,5.760000153,2.968402837,0.346249464,1.200000000,-0.054341761
1784881148.958532095,5.770000153,2.974660172,0.345642337,1.200000000,-0.055794009
1784881148.968532085,5.780000153,2.980914917,0.345021443,1.200000000,-0.057258170
1784881148.978532076,5.790000153,2.987167094,0.344386736,1.200000000,-0.058734135
1784881148.988532066,5.800000153,2.993416720,0.343738171,1.200000000,-0.060221792
1784881148.998532057,5.810000153,2.999663814,0.343075703,1.200000000,-0.061721031
1784881149.008532047,5.820000153,3.005908392,0.342399287,1.200000000,-0.063231743
1784881149.018532038,5.830000153,3.012150471,0.341708880,1.200000000,-0.064753815
1784881149.028532028,5.840000153,3.018390064,0.341004439,1.200000000,-0.066287139
1784881149.038532019,5.850000153,3.024627187,0.340285920,1.200000000,-0.067831603
1784881149.048532009,5.860000153,3.030861851,0.339553280,1.200000000,-0.069387097
1784881149.058532000,5.870000153,3.037094068,0.338806479,1.200000000,-0.070953511
1784881149.068531990,5.880000153,3.043323850,0.338045474,1.200000000,-0.072530734
1784881149.078531981,5.890000153,3.049551205,0.337270223,1.200000000,-0.074118657
1784881149.088531971,5.900000153,3.055776143,0.336480687,1.200000000,-0.075717168
1784881149.098531961,5.910000153,3.061998670,0.335676825,1.200000000,-0.077326156
1784881149.108531952,5.920000153,3.068218795,0.334858596,1.200000000,-0.078945513
1784881149.118531942,5.930000153,3.074436522,0.334025963,1.200000000,-0.080575127
1784881149.128531933,5.940000153,3.080651857,0.333178886,1.200000000,-0.082214888
1784881149.138531923,5.950000153,3.086864803,0.332317326,1.200000000,-0.083864685
1784881149.148531914,5.960000153,3.093075363,0.331441246,1.200000000,-0.085524408
1784881149.158532143,5.970000153,3.099283540,0.330550609,1.200000000,-0.087193947
1784881149.168532133,5.980000153,3.105489334,0.329645377,1.200000000,-0.088873192
1784881149.178532124,5.990000153,3.111692746,0.328725515,1.200000000,-0.090562031
1784881149.188532114,6.000000153,3.117893776,0.327790987,1.200000000,-0.092260354
1784881149.198532104,6.010000153,3.124092420,0.326841756,1.200000000,-0.093968052
1784881149.208532095,6.020000153,3.130288678,0.325877790,1.200000000,-0.095685013
1784881149.218532085,6.030000153,3.136482545,0.324899052,1.200000000,-0.097411127
1784881149.228532076,6.040000153,3.142674018,0.323905511,1.200000000,-0.099146284
1784881149.238532066,6.050000153,3.148863091,0.322897131,1.200000000,-0.100890373
1784881149.248532057,6.060000153,3.155049759,0.321873882,1.200000000,-0.102643285
1784881149.258532047,6.070000153,3.161234015,0.320835730,1.200000000,-0.104404908
1784881149.268532038,6.080000153,3.167415852,0.319782645,1.200000000,-0.106175132
1784881149.278532028,6.090000153,3.173595262,0.318714595,1.200000000,-0.107953846
1784881149.288532019,6.100000153,3.179772236,0.317631550,1.200000000,-0.109740942
1784881149.298532009,6.110000153,3.185946763,0.316533480,1.200000000,-0.111536306
1784881149.308532000,6.120000153,3.192118834,0.315420356,1.200000000,-0.113339831
1784881149.318531990,6.130000153,3.198288437,0.314292149,1.200000000,-0.115151405
1784881149.328531981,6.140000153,3.204455561,0.313148831,1.200000000,-0.116970917
1784881149.338531971,6.150000153,3.210620192,0.311990375,1.200000000,-0.118798257
1784881149.348531961,6.160000153,3.216782318,0.310816753,1.200000000,-0.120633316
1784881149.358531952,6.170000153,3.222941925,0.309627940,1.200000000,-0.122475981
1784881149.368531942,6.180000153,3.229098999,0.308423909,1.200000000,-0.124326144
1784881149.378531933,6.190000153,3.235253523,0.307204636,1.200000000,-0.126183694
1784881149.388531923,6.200000153,3.241405482,0.305970095,1.200000000,-0.128048519
1784881149.398531914,6.210000153,3.247554860,0.304720264,1.200000000,-0.129920511
1784881149.408532143,6.220000153,3.253701640,0.303455119,1.200000000,-0.131799558
1784881149.418532133,6.230000153,3.259845804,0.302174636,1.200000000,-0.133685550
1784881149.428532124,6.240000153,3.265987334,0.300878795,1.200000000,-0.135578376
1784881149.438532114,6.250000153,3.272126212,0.299567574,1.200000000,-0.137477927
1784881149.448532104,6.260000153,3.278262418,0.298240951,1.200000000,-0.139384091
1784881149.458532095,6.270000153,3.284395932,0.296898908,1.200000000,-0.141296759
1784881149.468532085,6.280000153,3.290526735,0.295541423,1.200000000,-0.143215819
1784881149.478532076,6.290000153,3.296654805,0.294168479,1.200000000,-0.145141162
1784881149.488532066,6.300000153,3.302780123,0.292780058,1.200000000,-0.147072678
1784881149.498532057,6.310000153,3.308902665,0.291376141,1.200000000,-0.149010255
1784881149.508532047,6.320000153,3.315022410,0.289956712,1.200000000,-0.150953783
1784881149.518532038,6.330000153,3.321139336,0.288521755,1.200000000,-0.152903152
1784881149.528532028,6.340000153,3.327253421,0.287071254,1.200000000,-0.154858251
1784881149.538532019,6.350000153,3.333364640,0.285605195,1.200000000,-0.156818971
1784881149.548532009,6.360000153,3.339472971,0.284123562,1.200000000,-0.158785200
1784881149.558532000,6.370000153,3.345578389,0.282626344,1.200000000,-0.160756829
1784881149.568531990,6.380000153,3.351680871,0.281113526,1.200000000,-0.162733746
1784881149.578531981,6.390000153,3.357780393,0.279585096,1.200000000,-0.164715842
1784881149.588531971,6.400000153,3.363876929,0.278041044,1.200000000,-0.166703006
1784881149.598531961,6.410000153,3.369970455,0.276481359,1.200000000,-0.168695127
1784881149.608531952,6.420000153,3.376060945,0.274906030,1.200000000,-0.170692096
1784881149.618531942,6.430000153,3.382148374,0.273315048,1.200000000,-0.172693801
1784881149.628531933,6.440000153,3.388232717,0.271708404,1.200000000,-0.174700133
1784881149.638531923,6.450000153,3.394313948,0.270086092,1.200000000,-0.176710980
1784881149.648531914,6.460000153,3.400392040,0.268448102,1.200000000,-0.178726234
1784881149.658532143,6.470000153,3.406466968,0.266794429,1.200000000,-0.180745782
1784881149.668532133,6.480000153,3.412538705,0.265125067,1.200000000,-0.182769515
1784881149.678532124,6.490000153,3.418607226,0.263440012,1.200000000,-0.184797322
1784881149.688532114,6.500000153,3.424672503,0.261739258,1.200000000,-0.186829094
1784881149.698532104,6.510000153,3.430734509,0.260022802,1.200000000,-0.188864719
1784881149.708532095,6.520000153,3.436793220,0.258290641,1.200000000,-0.190904086
1784881149.718532085,6.530000153,3.442848607,0.256542774,1.200000000,-0.192947087
1784881149.728532076,6.540000153,3.448900643,0.254779198,1.200000000,-0.194993610
1784881149.738532066,6.550000153,3.454949303,0.252999913,1.200000000,-0.197043544
1784881149.748532057,6.560000153,3.460994560,0.251204919,1.200000000,-0.199096780
1784881149.758532047,6.570000153,3.467036387,0.249394217,1.200000000,-0.201153208
1784881149.768532038,6.580000153,3.473074756,0.247567809,1.200000000,-0.203212715
1784881149.778532028,6.590000153,3.479109643,0.245725697,1.200000000,-0.205275193
1784881149.788532019,6.600000153,3.485141019,0.243867884,1.200000000,-0.207340531
1784881149.798532009,6.610000153,3.491168859,0.241994374,1.200000000,-0.209408618
1784881149.808532000,6.620000153,3.497193136,0.240105172,1.200000000,-0.211479344
1784881149.818531990,6.630000153,3.503213825,0.238200282,1.200000000,-0.213552599
1784881149.828531981,6.640000153,3.509230898,0.236279712,1.200000000,-0.215628272
1784881149.838531971,6.650000153,3.515244331,0.234343468,1.200000000,-0.217706253
1784881149.848531961,6.660000153,3.521254097,0.232391558,1.200000000,-0.219786431
1784881149.858531952,6.670000153,3.527260170,0.230423990,1.200000000,-0.221868695
1784881149.868531942,6.680000153,3.533262527,0.228440773,1.200000000,-0.223952937
1784881149.878531933,6.690000153,3.539261140,0.226441918,1.200000000,-0.226039044
1784881149.888531923,6.700000153,3.545255986,0.224427436,1.200000000,-0.228126908
1784881149.898531914,6.710000153,3.551247040,0.222397337,1.200000000,-0.230216416
1784881149.908532143,6.720000153,3.557234278,0.220351635,1.200000000,-0.232307460
1784881149.918532133,6.730000153,3.563217674,0.218290343,1.200000000,-0.234399927
1784881149.928532124,6.740000153,3.569197206,0.216213474,1.200000000,-0.236493709
1784881149.938532114,6.750000153,3.575172851,0.214121043,1.200000000,-0.238588695
1784881149.948532104,6.760000153,3.581144584,0.212013066,1.200000000,-0.240684774
1784881149.958532095,6.770000153,3.587112383,0.209889560,1.200000000,-0.242781835
1784881149.968532085,6.780000153,3.593076226,0.207750541,1.200000000,-0.244879769
1784881149.978532076,6.790000153,3.599036091,0.205596027,1.200000000,-0.246978465
1784881149.988532066,6.800000153,3.604991955,0.203426037,1.200000000,-0.249077813
1784881149.998532057,6.810000153,3.610943798,0.201240591,1.200000000,-0.251177702
1784881150.008532047,6.820000153,3.616891598,0.199039708,1.200000000,-0.253278022
1784881150.018532038,6.830000153,3.622835335,0.196823411,1.200000000,-0.255378661
1784881150.028532028,6.840000153,3.628774989,0.194591721,1.200000000,-0.257479511
1784881150.038532019,6.850000153,3.634710541,0.192344660,1.200000000,-0.259580461
1784881150.048532009,6.860000153,3.640641971,0.190082253,1.200000000,-0.261681400
1784881150.058532000,6.870000153,3.646569261,0.187804523,1.200000000,-0.263782217
1784881150.068531990,6.880000153,3.652492392,0.185511496,1.200000000,-0.265882803
1784881150.078531981,6.890000153,3.658411346,0.183203198,1.200000000,-0.267983046
1784881150.088531971,6.900000153,3.664326107,0.180879656,1.200000000,-0.270082837
1784881150.098531961,6.910000153,3.670236658,0.178540896,1.200000000,-0.272182065
1784881150.108531952,6.920000153,3.676142982,0.176186948,1.200000000,-0.274280620
1784881150.118531942,6.930000153,3.682045065,0.173817841,1.200000000,-0.276378391
1784881150.128531933,6.940000153,3.687942890,0.171433605,1.200000000,-0.278475268
1784881150.138531923,6.950000153,3.693836443,0.169034271,1.200000000,-0.280571140
1784881150.148531914,6.960000153,3.699725711,0.166619869,1.200000000,-0.282665898
1784881150.158532143,6.970000153,3.705610680,0.164190434,1.200000000,-0.284759430
1784881150.168532133,6.980000153,3.711491337,0.161745997,1.200000000,-0.286851647
1784881150.178532124,6.990000153,3.717367670,0.159286594,1.200000000,-0.288942507
1784881150.188532114,7.000000153,3.723239668,0.156812259,1.200000000,-0.291031971
1784881150.198532104,7.010000153,3.729107318,0.154323027,1.200000000,-0.293120003
1784881150.208532095,7.020000153,3.734970612,0.151818935,1.200000000,-0.295206565
1784881150.218532085,7.030000153,3.740829539,0.149300021,1.200000000,-0.297291621
1784881150.228532076,7.040000153,3.746684089,0.146766323,1.200000000,-0.299375133
1784881150.238532066,7.050000153,3.752534255,0.144217879,1.200000000,-0.301457063
1784881150.248532057,7.060000153,3.758380028,0.141654730,1.200000000,-0.303537375
1784881150.258532047,7.070000153,3.764221402,0.139076915,1.200000000,-0.305616032
1784881150.268532038,7.080000153,3.770058369,0.136484476,1.200000000,-0.307692996
1784881150.278532028,7.090000153,3.775890924,0.133877456,1.200000000,-0.309768230
1784881150.288532019,7.100000153,3.781719061,0.131255898,1.200000000,-0.311841697
1784881150.298532009,7.110000153,3.787542776,0.128619844,1.200000000,-0.313913360
1784881150.308532000,7.120000153,3.793362064,0.125969340,1.200000000,-0.315983182
1784881150.318531990,7.130000153,3.799176923,0.123304431,1.200000000,-0.318051125
1784881150.328531981,7.140000153,3.804987349,0.120625164,1.200000000,-0.320117152
1784881150.338531971,7.150000153,3.810793341,0.117931584,1.200000000,-0.322181226
1784881150.348531961,7.160000153,3.816594898,0.115223741,1.200000000,-0.324243309
1784881150.358531952,7.170000153,3.822392018,0.112501682,1.200000000,-0.326303366
1784881150.368531942,7.180000153,3.828184702,0.109765457,1.200000000,-0.328361358
1784881150.378531933,7.190000153,3.833972950,0.107015115,1.200000000,-0.330417248
1784881150.388531923,7.200000153,3.839756765,0.104250709,1.200000000,-0.332470999
1784881150.398531914,7.210000153,3.845536147,0.101472289,1.200000000,-0.334522575
1784881150.408532143,7.220000153,3.851311100,0.098679909,1.200000000,-0.336571937
1784881150.418532133,7.230000153,3.857081627,0.095873620,1.200000000,-0.338619048
1784881150.428532124,7.240000153,3.862847732,0.093053479,1.200000000,-0.340663872
1784881150.438532114,7.250000153,3.868609420,0.090219538,1.200000000,-0.342706371
1784881150.448532104,7.260000153,3.874366697,0.087371854,1.200000000,-0.344746507
1784881150.458532095,7.270000153,3.880119569,0.084510484,1.200000000,-0.346784245
1784881150.468532085,7.280000153,3.885868042,0.081635484,1.200000000,-0.348819546
1784881150.478532076,7.290000153,3.891612125,0.078746913,1.200000000,-0.350852374
1784881150.488532066,7.300000153,3.897351825,0.075844828,1.200000000,-0.352882691
1784881150.498532057,7.310000153,3.903087150,0.072929290,1.200000000,-0.354910460
1784881150.508532047,7.320000153,3.908818112,0.070000359,1.200000000,-0.356935643
1784881150.518532038,7.330000153,3.914544720,0.067058095,1.200000000,-0.358958205
1784881150.528532028,7.340000153,3.920266984,0.064102561,1.200000000,-0.360978106
1784881150.538532019,7.350000153,3.925984917,0.061133819,1.200000000,-0.362995311
1784881150.548532009,7.360000153,3.931698531,0.058151932,1.200000000,-0.365009783
1784881150.558532000,7.370000153,3.937407838,0.055156964,1.200000000,-0.367021483
1784881150.568531990,7.380000153,3.943112853,0.052148981,1.200000000,-0.369030374
1784881150.578531981,7.390000153,3.948813588,0.049128046,1.200000000,-0.371036421
1784881150.588531971,7.400000153,3.954510060,0.046094227,1.200000000,-0.373039584
1784881150.598531961,7.410000153,3.960202283,0.043047591,1.200000000,-0.375039828
1784881150.608531952,7.420000153,3.965890274,0.039988204,1.200000000,-0.377037115
1784881150.618531942,7.430000153,3.971574049,0.036916137,1.200000000,-0.379031408
1784881150.628531933,7.440000153,3.977253627,0.033831457,1.200000000,-0.381022669
1784881150.638531923,7.450000153,3.982929024,0.030734234,1.200000000,-0.383010861
1784881150.648531914,7.460000153,3.988600259,0.027624540,1.200000000,-0.384995948
1784881150.658532143,7.470000153,3.994267353,0.024502444,1.200000000,-0.386977892
1784881150.668532133,7.480000153,3.999930324,0.021368021,1.200000000,-0.388956656
1784881150.678532124,7.490000153,4.005589193,0.018221341,1.200000000,-0.390932202
1784881150.688532114,7.500000153,4.011243981,0.015062479,1.200000000,-0.392904494
1784881150.698532104,7.510000153,4.016894710,0.011891508,1.200000000,-0.394873494
1784881150.708532095,7.520000153,4.022541402,0.008708504,1.200000000,-0.396839165
1784881150.718532085,7.530000153,4.028184079,0.005513541,1.200000000,-0.398801471
1784881150.728532076,7.540000153,4.033822766,0.002306696,1.200000000,-0.400760372
1784881150.738532066,7.550000153,4.039457486,-0.000911954,1.200000000,-0.402715834
1784881150.748532057,7.560000153,4.045088264,-0.004142332,1.200000000,-0.404667818
1784881150.758532047,7.570000153,4.050715124,-0.007384359,1.200000000,-0.406616287
1784881150.768532038,7.580000153,4.056338093,-0.010637957,1.200000000,-0.408561204
1784881150.778532028,7.590000153,4.061957196,-0.013903045,1.200000000,-0.410502531
1784881150.788532019,7.600000153,4.067572460,-0.017179545,1.200000000,-0.412440233
1784881150.798532009,7.610000153,4.073183913,-0.020467375,1.200000000,-0.414374270
1784881150.808532000,7.620000153,4.078791581,-0.023766453,1.200000000,-0.416304607
1784881150.818531990,7.630000153,4.084395494,-0.027076698,1.200000000,-0.418231206
1784881150.828531981,7.640000153,4.089995679,-0.030398026,1.200000000,-0.420154030
1784881150.838531971,7.650000153,4.095592166,-0.033730355,1.200000000,-0.422073042
1784881150.848531961,7.660000153,4.101184985,-0.037073599,1.200000000,-0.423988204
1784881150.858531952,7.670000153,4.106774166,-0.040427675,1.200000000,-0.425899480
1784881150.868531942,7.680000153,4.112359739,-0.043792496,1.200000000,-0.427806831
1784881150.878531933,7.690000153,4.117941735,-0.047167978,1.200000000,-0.429710222
1784881150.888531923,7.700000153,4.123520186,-0.050554033,1.200000000,-0.431609614
1784881150.898531914,7.710000153,4.129095124,-0.053950574,1.200000000,-0.433504970
1784881150.908532143,7.720000153,4.134666581,-0.057357514,1.200000000,-0.435396255
1784881150.918532133,7.730000153,4.140234590,-0.060774764,1.200000000,-0.437283429
1784881150.928532124,7.740000153,4.145799184,-0.064202235,1.200000000,-0.439166456
1784881150.938532114,7.750000153,4.151360396,-0.067639837,1.200000000,-0.441045299
1784881150.948532104,7.760000153,4.156918260,-0.071087480,1.200000000,-0.442919921
1784881150.958532095,7.770000153,4.162472812,-0.074545074,1.200000000,-0.444790284
1784881150.968532085,7.780000153,4.168024084,-0.078012527,1.200000000,-0.446656352
1784881150.978532076,7.790000153,4.173572113,-0.081489747,1.200000000,-0.448518086
1784881150.988532066,7.800000153,4.179116933,-0.084976642,1.200000000,-0.450375451
1784881150.998532057,7.810000153,4.184658581,-0.088473119,1.200000000,-0.452228408
1784881151.008532047,7.820000153,4.190197093,-0.091979084,1.200000000,-0.454076920
1784881151.018532038,7.830000153,4.195732504,-0.095494442,1.200000000,-0.455920951
1784881151.028532028,7.840000153,4.201264851,-0.099019100,1.200000000,-0.457760463
1784881151.038532019,7.850000153,4.206794172,-0.102552961,1.200000000,-0.459595419
1784881151.048532009,7.860000153,4.212320502,-0.106095930,1.200000000,-0.461425782
1784881151.058532000,7.870000153,4.217843881,-0.109647912,1.200000000,-0.463251514
1784881151.068531990,7.880000153,4.223364346,-0.113208808,1.200000000,-0.465072579
1784881151.078531981,7.890000153,4.228881934,-0.116778521,1.200000000,-0.466888939
1784881151.088531971,7.900000153,4.234396683,-0.120356954,1.200000000,-0.468700556
1784881151.098531961,7.910000153,4.239908633,-0.123944009,1.200000000,-0.470507395
1784881151.108531952,7.920000153,4.245417822,-0.127539585,1.200000000,-0.472309417
1784881151.118531942,7.930000153,4.250924288,-0.131143584,1.200000000,-0.474106586
1784881151.128531933,7.940000153,4.256428071,-0.134755907,1.200000000,-0.475898864
1784881151.138531923,7.950000153,4.261929210,-0.138376451,1.200000000,-0.477686214
1784881151.148531914,7.960000153,4.267427744,-0.142005117,1.200000000,-0.479468599
1784881151.158532143,7.970000153,4.272923713,-0.145641804,1.200000000,-0.481245982
1784881151.168532133,7.980000153,4.278417157,-0.149286408,1.200000000,-0.483018325
1784881151.178532124,7.990000153,4.283908115,-0.152938829,1.200000000,-0.484785592
1784881151.188532114,8.000000153,4.289396627,-0.156598963,1.200000000,-0.486547745
1784881151.198532104,8.010000153,4.294882733,-0.160266707,1.200000000,-0.488304746
1784881151.208532095,8.020000153,4.300366474,-0.163941957,1.200000000,-0.490056560
1784881151.218532085,8.030000153,4.305847890,-0.167624609,1.200000000,-0.491803148
1784881151.228532076,8.040000153,4.311327021,-0.171314559,1.200000000,-0.493544473
1784881151.238532066,8.050000153,4.316803907,-0.175011701,1.200000000,-0.495280499
1784881151.248532057,8.060000153,4.322278588,-0.178715930,1.200000000,-0.497011188
1784881151.258532047,8.070000153,4.327751107,-0.182427141,1.200000000,-0.498736502
1784881151.268532038,8.080000153,4.333221502,-0.186145226,1.200000000,-0.500456405
1784881151.278532028,8.090000153,4.338689814,-0.189870079,1.200000000,-0.502170860
1784881151.288532019,8.100000153,4.344156085,-0.193601594,1.200000000,-0.503879829
1784881151.298532009,8.110000153,4.349620353,-0.197339662,1.200000000,-0.505583275
1784881151.308532000,8.120000153,4.355082661,-0.201084175,1.200000000,-0.507281161
1784881151.318531990,8.130000153,4.360543048,-0.204835026,1.200000000,-0.508973449
1784881151.328531981,8.140000153,4.366001555,-0.208592105,1.200000000,-0.510660103
1784881151.338531971,8.150000153,4.371458223,-0.212355304,1.200000000,-0.512341086
1784881151.348531961,8.160000153,4.376913091,-0.216124512,1.200000000,-0.514016359
1784881151.358531952,8.170000153,4.382366200,-0.219899621,1.200000000,-0.515685887
1784881151.368531942,8.180000153,4.387817590,-0.223680520,1.200000000,-0.517349631
1784881151.378531933,8.190000153,4.393267301,-0.227467098,1.200000000,-0.519007555
1784881151.388531923,8.200000153,4.398715374,-0.231259245,1.200000000,-0.520659622
1784881151.398531914,8.210000153,4.404161847,-0.235056849,1.200000000,-0.522305793
1784881151.408532143,8.220000153,4.409606762,-0.238859799,1.200000000,-0.523946033
1784881151.418532133,8.230000153,4.415050156,-0.242667982,1.200000000,-0.525580303
1784881151.428532124,8.240000153,4.420492071,-0.246481287,1.200000000,-0.527208568
1784881151.438532114,8.250000153,4.425932544,-0.250299601,1.200000000,-0.528830788
1784881151.448532104,8.260000153,4.431371616,-0.254122812,1.200000000,-0.530446928
1784881151.458532095,8.270000153,4.436809325,-0.257950804,1.200000000,-0.532056950
1784881151.468532085,8.280000153,4.442245709,-0.261783467,1.200000000,-0.533660817
1784881151.478532076,8.290000153,4.447680808,-0.265620684,1.200000000,-0.535258492
1784881151.488532066,8.300000153,4.453114660,-0.269462343,1.200000000,-0.536849937
1784881151.498532057,8.310000153,4.458547303,-0.273308330,1.200000000,-0.538435116
1784881151.508532047,8.320000153,4.463978774,-0.277158528,1.200000000,-0.540013990
1784881151.518532038,8.330000153,4.469409111,-0.281012824,1.200000000,-0.541586524
1784881151.528532028,8.340000153,4.474838351,-0.284871102,1.200000000,-0.543152680
1784881151.538532019,8.350000153,4.480266533,-0.288733246,1.200000000,-0.544712420
1784881151.548532009,8.360000153,4.485693691,-0.292599141,1.200000000,-0.546265707
1784881151.558532000,8.370000153,4.491119863,-0.296468671,1.200000000,-0.547812505
1784881151.568531990,8.380000153,4.496545086,-0.300341720,1.200000000,-0.549352776
1784881151.578531981,8.390000153,4.501969394,-0.304218171,1.200000000,-0.550886483
1784881151.588531971,8.400000153,4.507392823,-0.308097907,1.200000000,-0.552413588
1784881151.598531961,8.410000153,4.512815410,-0.311980811,1.200000000,-0.553934055
1784881151.608531952,8.420000153,4.518237187,-0.315866766,1.200000000,-0.555447846
1784881151.618531942,8.430000153,4.523658191,-0.319755655,1.200000000,-0.556954924
1784881151.628531933,8.440000153,4.529078455,-0.323647360,1.200000000,-0.558455252
1784881151.638531923,8.450000153,4.534498013,-0.327541762,1.200000000,-0.559948793
1784881151.648531914,8.460000153,4.539916899,-0.331438745,1.200000000,-0.561435510
1784881151.658532143,8.470000153,4.545335145,-0.335338190,1.200000000,-0.562915365
1784881151.668532133,8.480000153,4.550752784,-0.339239977,1.200000000,-0.564388321
1784881151.678532124,8.490000153,4.556169849,-0.343143990,1.200000000,-0.565854341
1784881151.688532114,8.500000153,4.561586371,-0.347050108,1.200000000,-0.567313388
1784881151.698532104,8.510000153,4.567002382,-0.350958212,1.200000000,-0.568765424
1784881151.708532095,8.520000153,4.572417913,-0.354868184,1.200000000,-0.570210413
1784881151.718532085,8.530000153,4.577832993,-0.358779904,1.200000000,-0.571648317
1784881151.728532076,8.540000153,4.583247654,-0.362693253,1.200000000,-0.573079100
1784881151.738532066,8.550000153,4.588661925,-0.366608111,1.200000000,-0.574502723
1784881151.748532057,8.560000153,4.594075836,-0.370524357,1.200000000,-0.575919150
1784881151.758532047,8.570000153,4.599489414,-0.374441873,1.200000000,-0.577328343
1784881151.768532038,8.580000153,4.604902688,-0.378360537,1.200000000,-0.578730266
1784881151.778532028,8.590000153,4.610315686,-0.382280230,1.200000000,-0.580124880
1784881151.788532019,8.600000153,4.615728436,-0.386200831,1.200000000,-0.581512150
1784881151.798532009,8.610000153,4.621140964,-0.390122219,1.200000000,-0.582892037
1784881151.808532000,8.620000153,4.626553295,-0.394044275,1.200000000,-0.584264506
1784881151.818531990,8.630000153,4.631965457,-0.397966877,1.200000000,-0.585629517
1784881151.828531981,8.640000153,4.637377474,-0.401889904,1.200000000,-0.586987035
1784881151.838531971,8.650000153,4.642789371,-0.405813235,1.200000000,-0.588337021
1784881151.848531961,8.660000153,4.648201173,-0.409736750,1.200000000,-0.589679440
1784881151.858531952,8.670000153,4.653612902,-0.413660326,1.200000000,-0.591014253
1784881151.868531942,8.680000153,4.659024582,-0.417583843,1.200000000,-0.592341423
1784881151.878531933,8.690000153,4.664436236,-0.421507180,1.200000000,-0.593660914
1784881151.888531923,8.700000153,4.669847885,-0.425430214,1.200000000,-0.594972688
1784881151.898531914,8.710000153,4.675259551,-0.429352825,1.200000000,-0.596276708
1784881151.908532143,8.720000153,4.680671256,-0.433274891,1.200000000,-0.597572936
1784881151.918532133,8.730000153,4.686083018,-0.437196289,1.200000000,-0.598861336
1784881151.928532124,8.740000153,4.691494859,-0.441116899,1.200000000,-0.600141870
1784881151.938532114,8.750000153,4.696906797,-0.445036598,1.200000000,-0.601414502
1784881151.948532104,8.760000153,4.702318851,-0.448955266,1.200000000,-0.602679193
1784881151.958532095,8.770000153,4.707731039,-0.452872778,1.200000000,-0.603935907
1784881151.968532085,8.780000153,4.713143378,-0.456789015,1.200000000,-0.605184607
1784881151.978532076,8.790000153,4.718555886,-0.460703854,1.200000000,-0.606425255
1784881151.988532066,8.800000153,4.723968578,-0.464617172,1.200000000,-0.607657815
1784881151.998532057,8.810000153,4.729381471,-0.468528848,1.200000000,-0.608882248
1784881152.008532047,8.820000153,4.734794579,-0.472438760,1.200000000,-0.610098518
1784881152.018532038,8.830000153,4.740207917,-0.476346786,1.200000000,-0.611306588
1784881152.028532028,8.840000153,4.745621499,-0.480252803,1.200000000,-0.612506420
1784881152.038532019,8.850000153,4.751035337,-0.484156689,1.200000000,-0.613697978
1784881152.048532009,8.860000153,4.756449446,-0.488058323,1.200000000,-0.614881224
1784881152.058532000,8.870000153,4.761863836,-0.491957582,1.200000000,-0.616056120
1784881152.068531990,8.880000153,4.767278520,-0.495854344,1.200000000,-0.617222630
1784881152.078531981,8.890000153,4.772693508,-0.499748486,1.200000000,-0.618380717
1784881152.088531971,8.900000153,4.778108810,-0.503639887,1.200000000,-0.619530343
1784881152.098531961,8.910000153,4.783524437,-0.507528425,1.200000000,-0.620671472
1784881152.108531952,8.920000153,4.788940397,-0.511413977,1.200000000,-0.621804065
1784881152.118531942,8.930000153,4.794356698,-0.515296421,1.200000000,-0.622928086
1784881152.128531933,8.940000153,4.799773349,-0.519175636,1.200000000,-0.624043498
1784881152.138531923,8.950000153,4.805190357,-0.523051499,1.200000000,-0.625150263
1784881152.148531914,8.960000153,4.810607728,-0.526923888,1.200000000,-0.626248344
1784881152.158532143,8.970000153,4.816025469,-0.530792681,1.200000000,-0.627337705
1784881152.168532133,8.980000153,4.821443585,-0.534657757,1.200000000,-0.628418307
1784881152.178532124,8.990000153,4.826862080,-0.538518993,1.200000000,-0.629490114
1784881152.188532114,9.000000153,4.832280960,-0.542376267,1.200000000,-0.630553088
1784881152.198532104,9.010000153,4.837700227,-0.546229458,1.200000000,-0.631607193
1784881152.208532095,9.020000153,4.843119885,-0.550078444,1.200000000,-0.632652390
1784881152.218532085,9.030000153,4.848539936,-0.553923104,1.200000000,-0.633688644
1784881152.228532076,9.040000153,4.853960383,-0.557763315,1.200000000,-0.634715916
1784881152.238532066,9.050000153,4.859381226,-0.561598955,1.200000000,-0.635734170
1784881152.248532057,9.060000153,4.864802466,-0.565429905,1.200000000,-0.636743368
1784881152.258532047,9.070000153,4.870224103,-0.569256041,1.200000000,-0.637743474
1784881152.268532038,9.080000153,4.875646138,-0.573077244,1.200000000,-0.638734449
1784881152.278532028,9.090000153,4.881068569,-0.576893390,1.200000000,-0.639716257
1784881152.288532019,9.100000153,4.886491394,-0.580704360,1.200000000,-0.640688861
1784881152.298532009,9.110000153,4.891914612,-0.584510032,1.200000000,-0.641652223
1784881152.308532000,9.120000153,4.897338220,-0.588310284,1.200000000,-0.642606307
1784881152.318531990,9.130000153,4.902762215,-0.592104997,1.200000000,-0.643551074
1784881152.328531981,9.140000153,4.908186594,-0.595894048,1.200000000,-0.644486465
1784881152.338531971,9.150000153,4.913611351,-0.599677318,1.200000000,-0.645412270
1784881152.348531961,9.160000153,4.919036484,-0.603454685,1.200000000,-0.646328223
1784881152.358531952,9.170000153,4.924461985,-0.607226029,1.200000000,-0.647234058
1784881152.368531942,9.180000153,4.929887850,-0.610991230,1.200000000,-0.648129508
1784881152.378531933,9.190000153,4.935314073,-0.614750166,1.200000000,-0.649014306
1784881152.388531923,9.200000153,4.940740647,-0.618502719,1.200000000,-0.649888187
1784881152.398531914,9.210000153,4.946167564,-0.622248766,1.200000000,-0.650750883
1784881152.408532143,9.220000153,4.951594818,-0.625988189,1.200000000,-0.651602129
1784881152.418532133,9.230000153,4.957022401,-0.629720867,1.200000000,-0.652441658
1784881152.428532124,9.240000153,4.962450303,-0.633446681,1.200000000,-0.653269203
1784881152.438532114,9.250000153,4.967878517,-0.637165510,1.200000000,-0.654084498
1784881152.448532104,9.260000153,4.973307032,-0.640877235,1.200000000,-0.654887276
1784881152.458532095,9.270000153,4.978735839,-0.644581737,1.200000000,-0.655677271
1784881152.468532085,9.280000153,4.984164929,-0.648278896,1.200000000,-0.656454218
1784881152.478532076,9.290000153,4.989594290,-0.651968593,1.200000000,-0.657217848
1784881152.488532066,9.300000153,4.995023913,-0.655650708,1.200000000,-0.657967896
1784881152.498532057,9.310000153,5.000453785,-0.659325122,1.200000000,-0.658704095
1784881152.508532047,9.320000153,5.005883895,-0.662991717,1.200000000,-0.659426179
1784881152.518532038,9.330000153,5.011314232,-0.666650374,1.200000000,-0.660133882
1784881152.528532028,9.340000153,5.016744783,-0.670300974,1.200000000,-0.660826936
1784881152.538532019,9.350000153,5.022175535,-0.673943399,1.200000000,-0.661505076
1784881152.548532009,9.360000153,5.027606477,-0.677577529,1.200000000,-0.662168035
1784881152.558532000,9.370000153,5.033037595,-0.681203248,1.200000000,-0.662815547
1784881152.568531990,9.380000153,5.038468876,-0.684820436,1.200000000,-0.663447345
1784881152.578531981,9.390000153,5.043900306,-0.688428976,1.200000000,-0.664063162
1784881152.588531971,9.400000153,5.049331871,-0.692028750,1.200000000,-0.664662733
1784881152.598531961,9.410000153,5.054763558,-0.695619640,1.200000000,-0.665245790
1784881152.608531952,9.420000153,5.060195352,-0.699201528,1.200000000,-0.665812068
1784881152.618531942,9.430000153,5.065627240,-0.702774298,1.200000000,-0.666361299
1784881152.628531933,9.440000153,5.071059205,-0.706337831,1.200000000,-0.666893219
1784881152.638531923,9.450000153,5.076491235,-0.709892011,1.200000000,-0.667407559
1784881152.648531914,9.460000153,5.081923313,-0.713436721,1.200000000,-0.667904053
1784881152.658532143,9.470000153,5.087355425,-0.716971843,1.200000000,-0.668382436
1784881152.668532133,9.480000153,5.092787555,-0.720497261,1.200000000,-0.668842440
1784881152.678532124,9.490000153,5.098219689,-0.724012859,1.200000000,-0.669283800
1784881152.688532114,9.500000153,5.103651812,-0.727518521,1.200000000,-0.669706248
1784881152.698532104,9.510000153,5.109083907,-0.731014128,1.200000000,-0.670109519
1784881152.708532095,9.520000153,5.114515959,-0.734499567,1.200000000,-0.670493346
1784881152.718532085,9.530000153,5.119947954,-0.737974721,1.200000000,-0.670857462
1784881152.728532076,9.540000153,5.125379875,-0.741439473,1.200000000,-0.671201601
1784881152.738532066,9.550000153,5.130811707,-0.744893709,1.200000000,-0.671525496
1784881152.748532057,9.560000153,5.136243435,-0.748337313,1.200000000,-0.671828882
1784881152.758532047,9.570000153,5.141675043,-0.751770170,1.200000000,-0.672111491
1784881152.768532038,9.580000153,5.147106516,-0.755192164,1.200000000,-0.672373057
1784881152.778532028,9.590000153,5.152537838,-0.758603181,1.200000000,-0.672613314
1784881152.788532019,9.600000153,5.157968994,-0.762003105,1.200000000,-0.672831995
1784881152.798532009,9.610000153,5.163399970,-0.765391822,1.200000000,-0.673028834
1784881152.808532000,9.620000153,5.168830749,-0.768769218,1.200000000,-0.673203565
1784881152.818531990,9.630000153,5.174261318,-0.772135179,1.200000000,-0.673355920
1784881152.828531981,9.640000153,5.179691661,-0.775489589,1.200000000,-0.673485634
1784881152.838531971,9.650000153,5.185121764,-0.778832336,1.200000000,-0.673592440
1784881152.848531961,9.660000153,5.190551612,-0.782163305,1.200000000,-0.673676072
1784881152.858531952,9.670000153,5.195981192,-0.785482383,1.200000000,-0.673736262
1784881152.868531942,9.680000153,5.201410488,-0.788789456,1.200000000,-0.673772746
1784881152.878531933,9.690000153,5.206839488,-0.792084411,1.200000000,-0.673785255
1784881152.888531923,9.700000153,5.212268178,-0.795367136,1.200000000,-0.673773525
1784881152.898531914,9.710000153,5.217696544,-0.798637516,1.200000000,-0.673737288
1784881152.908532143,9.720000153,5.223124573,-0.801895440,1.200000000,-0.673676277
1784881152.918532133,9.730000153,5.228552254,-0.805140795,1.200000000,-0.673590227
1784881152.928532124,9.740000153,5.233979572,-0.808373469,1.200000000,-0.673478871
1784881152.938532114,9.750000153,5.239406517,-0.811593348,1.200000000,-0.673341943
1784881152.948532104,9.760000153,5.244833077,-0.814800323,1.200000000,-0.673179176
1784881152.958532095,9.770000153,5.250259240,-0.817994280,1.200000000,-0.672990303
1784881152.968532085,9.780000153,5.255684995,-0.821175108,1.200000000,-0.672775059
1784881152.978532076,9.790000153,5.261110331,-0.824342696,1.200000000,-0.672533176
1784881152.988532066,9.800000153,5.266535239,-0.827496932,1.200000000,-0.672264389
1784881152.998532057,9.810000153,5.271959708,-0.830637706,1.200000000,-0.671968430
1784881153.008532047,9.820000153,5.277383730,-0.833764907,1.200000000,-0.671645034
1784881153.018532038,9.830000153,5.282807295,-0.836878424,1.200000000,-0.671293934
1784881153.028532028,9.840000153,5.288230395,-0.839978146,1.200000000,-0.670914863
1784881153.038532019,9.850000153,5.293653022,-0.843063965,1.200000000,-0.670507556
1784881153.048532009,9.860000153,5.299075168,-0.846135769,1.200000000,-0.670071745
1784881153.058532000,9.870000153,5.304496827,-0.849193450,1.200000000,-0.669607164
1784881153.068531990,9.880000153,5.309917992,-0.852236896,1.200000000,-0.669113547
1784881153.078531981,9.890000153,5.315338657,-0.855266000,1.200000000,-0.668590627
1784881153.088531971,9.900000153,5.320758817,-0.858280652,1.200000000,-0.668038138
1784881153.098531961,9.910000153,5.326178468,-0.861280744,1.200000000,-0.667455814
1784881153.108531952,9.920000153,5.331597605,-0.864266166,1.200000000,-0.666843387
1784881153.118531942,9.930000153,5.337016224,-0.867236810,1.200000000,-0.666200592
1784881153.128531933,9.940000153,5.342434323,-0.870192568,1.200000000,-0.665527162
1784881153.138531923,9.950000153,5.347851900,-0.873133333,1.200000000,-0.664822831
1784881153.148531914,9.960000153,5.353268952,-0.876058996,1.200000000,-0.664087331
1784881153.158532143,9.970000153,5.358685479,-0.878969449,1.200000000,-0.663320397
1784881153.168532133,9.980000153,5.364101480,-0.881864587,1.200000000,-0.662521763
1784881153.178532124,9.990000153,5.369516956,-0.884744301,1.200000000,-0.661691161
1784881153.188532114,10.000000153,5.374931908,-0.887608486,1.200000000,-0.660828326
1784881153.198532104,10.010000153,5.380346337,-0.890457034,1.200000000,-0.659932991
1784881153.208532095,10.020000153,5.385760246,-0.893289839,1.200000000,-0.659004889
1784881153.218532085,10.030000153,5.391173638,-0.896106796,1.200000000,-0.658043754
1784881153.228532076,10.040000153,5.396586517,-0.898907799,1.200000000,-0.657049319
1784881153.238532066,10.050000153,5.401998888,-0.901692742,1.200000000,-0.656021319
1784881153.248532057,10.060000153,5.407410756,-0.904461520,1.200000000,-0.654959486
1784881153.258532047,10.070000153,5.412822128,-0.907214029,1.200000000,-0.653863555
1784881153.268532038,10.080000153,5.418233009,-0.909950163,1.200000000,-0.652733258
1784881153.278532028,10.090000153,5.423643409,-0.912669819,1.200000000,-0.651568330
1784881153.288532019,10.100000153,5.429053335,-0.915372892,1.200000000,-0.650368503
1784881153.298532009,10.110000153,5.434462797,-0.918059279,1.200000000,-0.649133512
1784881153.308532000,10.120000153,5.439871805,-0.920728876,1.200000000,-0.647863090
1784881153.318531990,10.130000153,5.445280371,-0.923381581,1.200000000,-0.646556970
1784881153.328531981,10.140000153,5.450688505,-0.926017290,1.200000000,-0.645214886
1784881153.338531971,10.150000153,5.456096222,-0.928635900,1.200000000,-0.643836572
1784881153.348531961,10.160000153,5.461503533,-0.931237311,1.200000000,-0.642421762
1784881153.358531952,10.170000153,5.466910454,-0.933821419,1.200000000,-0.640970187
1784881153.368531942,10.180000153,5.472317001,-0.936388123,1.200000000,-0.639481584
1784881153.378531933,10.190000153,5.477723188,-0.938937322,1.200000000,-0.637955684
1784881153.388531923,10.200000153,5.483129034,-0.941468916,1.200000000,-0.636392221
1784881153.398531914,10.210000153,5.488534556,-0.943982803,1.200000000,-0.634790929
1784881153.408532143,10.220000153,5.493939772,-0.946478883,1.200000000,-0.633151542
1784881153.418532133,10.230000153,5.499344703,-0.948957058,1.200000000,-0.631473793
1784881153.428532124,10.240000153,5.504749370,-0.951417226,1.200000000,-0.629757415
1784881153.438532114,10.250000153,5.510153793,-0.953859289,1.200000000,-0.628002143
1784881153.448532104,10.260000153,5.515557994,-0.956283148,1.200000000,-0.626207709
1784881153.458532095,10.270000153,5.520961999,-0.958688705,1.200000000,-0.624373848
1784881153.468532085,10.280000153,5.526365829,-0.961075863,1.200000000,-0.622500292
1784881153.478532076,10.290000153,5.531769512,-0.963444522,1.200000000,-0.620586775
1784881153.488532066,10.300000153,5.537173072,-0.965794587,1.200000000,-0.618633032
1784881153.498532057,10.310000153,5.542576537,-0.968125959,1.200000000,-0.616638795
1784881153.508532047,10.320000153,5.547979934,-0.970438544,1.200000000,-0.614603798
1784881153.518532038,10.330000153,5.553383293,-0.972732245,1.200000000,-0.612527774
1784881153.528532028,10.340000153,5.558786642,-0.975006966,1.200000000,-0.610410458
1784881153.538532019,10.350000153,5.564190013,-0.977262612,1.200000000,-0.608251582
1784881153.548532009,10.360000153,5.569593438,-0.979499090,1.200000000,-0.606050880
1784881153.558532000,10.370000153,5.574996948,-0.981716303,1.200000000,-0.603808087
1784881153.568531990,10.380000153,5.580400577,-0.983914159,1.200000000,-0.601522934
1784881153.578531981,10.390000153,5.585804359,-0.986092564,1.200000000,-0.599195156
1784881153.588531971,10.400000153,5.591208330,-0.988251426,1.200000000,-0.596824487
1784881153.598531961,10.410000153,5.596612525,-0.990390652,1.200000000,-0.594410660
1784881153.608531952,10.420000153,5.602016982,-0.992510151,1.200000000,-0.591953408
1784881153.618531942,10.430000153,5.607421739,-0.994609830,1.200000000,-0.589452465
1784881153.628531933,10.440000153,5.612826833,-0.996689599,1.200000000,-0.586907565
1784881153.638531923,10.450000153,5.618232305,-0.998749368,1.200000000,-0.584318441
1784881153.648531914,10.460000153,5.623638196,-1.000789046,1.200000000,-0.581684827
1784881153.658532143,10.470000153,5.629044546,-1.002808545,1.200000000,-0.579006467
1784881153.668532133,10.480000153,5.634451399,-1.004807776,1.200000000,-0.576283428
1784881153.678532124,10.490000153,5.639858796,-1.006786651,1.200000000,-0.573516148
1784881153.688532114,10.500000153,5.645266783,-1.008745081,1.200000000,-0.570705089
1784881153.698532104,10.510000153,5.650675403,-1.010682980,1.200000000,-0.567850709
1784881153.708532095,10.520000153,5.656084703,-1.012600261,1.200000000,-0.564953469
1784881153.718532085,10.530000153,5.661494728,-1.014496839,1.200000000,-0.562013827
1784881153.728532076,10.540000153,5.666905527,-1.016372628,1.200000000,-0.559032245
1784881153.738532066,10.550000153,5.672317147,-1.018227543,1.200000000,-0.556009181
1784881153.748532057,10.560000153,5.677729637,-1.020061500,1.200000000,-0.552945096
1784881153.758532047,10.570000153,5.683143046,-1.021874416,1.200000000,-0.549840449
1784881153.768532038,10.580000153,5.688557426,-1.023666209,1.200000000,-0.546695700
1784881153.778532028,10.590000153,5.693972826,-1.025436795,1.200000000,-0.543511309
1784881153.788532019,10.600000153,5.699389299,-1.027186093,1.200000000,-0.540287735
1784881153.798532009,10.610000153,5.704806896,-1.028914023,1.200000000,-0.537025439
1784881153.808532000,10.620000153,5.710225673,-1.030620505,1.200000000,-0.533724880
1784881153.818531990,10.630000153,5.715645681,-1.032305458,1.200000000,-0.530386518
1784881153.828531981,10.640000153,5.721066977,-1.033968805,1.200000000,-0.527010813
1784881153.838531971,10.650000153,5.726489614,-1.035610467,1.200000000,-0.523598224
1784881153.848531961,10.660000153,5.731913649,-1.037230368,1.200000000,-0.520149211
1784881153.858531952,10.670000153,5.737339139,-1.038828430,1.200000000,-0.516664234
1784881153.868531942,10.680000153,5.742766139,-1.040404577,1.200000000,-0.513143753
1784881153.878531933,10.690000153,5.748194709,-1.041958736,1.200000000,-0.509588228
1784881153.888531923,10.700000153,5.753624906,-1.043490832,1.200000000,-0.505998117
1784881153.898531914,10.710000153,5.759056788,-1.045000790,1.200000000,-0.502373882
1784881153.908532143,10.720000153,5.764490415,-1.046488540,1.200000000,-0.498715982
1784881153.918532133,10.730000153,5.769925847,-1.047954008,1.200000000,-0.495024877
1784881153.928532124,10.740000153,5.775363144,-1.049397125,1.200000000,-0.491301026
1784881153.938532114,10.750000153,5.780802366,-1.050817819,1.200000000,-0.487544889
1784881153.948532104,10.760000153,5.786243576,-1.052216022,1.200000000,-0.483756926
1784881153.958532095,10.770000153,5.791686833,-1.053591665,1.200000000,-0.479937597
1784881153.968532085,10.780000153,5.797132200,-1.054944682,1.200000000,-0.476087362
1784881153.978532076,10.790000153,5.802579740,-1.056275004,1.200000000,-0.472206680
1784881153.988532066,10.800000153,5.808029515,-1.057582568,1.200000000,-0.468296011
1784881153.998532057,10.810000153,5.813481588,-1.058867307,1.200000000,-0.464355814
1784881154.008532047,10.820000153,5.818936022,-1.060129158,1.200000000,-0.460386551
1784881154.018532038,10.830000153,5.824392882,-1.061368059,1.200000000,-0.456388680
1784881154.028532028,10.840000153,5.829852230,-1.062583947,1.200000000,-0.452362661
1784881154.038532019,10.850000153,5.835314130,-1.063776761,1.200000000,-0.448308954
1784881154.048532009,10.860000153,5.840778648,-1.064946442,1.200000000,-0.444228019
1784881154.058532000,10.870000153,5.846245848,-1.066092930,1.200000000,-0.440120315
1784881154.068531990,10.880000153,5.851715793,-1.067216168,1.200000000,-0.435986303
1784881154.078531981,10.890000153,5.857188550,-1.068316099,1.200000000,-0.431826441
1784881154.088531971,10.900000153,5.862664182,-1.069392666,1.200000000,-0.427641191
1784881154.098531961,10.910000153,5.868142756,-1.070445816,1.200000000,-0.423431011
1784881154.108531952,10.920000153,5.873624335,-1.071475493,1.200000000,-0.419196361
1784881154.118531942,10.930000153,5.879108985,-1.072481647,1.200000000,-0.414937702
1784881154.128531933,10.940000153,5.884596771,-1.073464224,1.200000000,-0.410655493
1784881154.138531923,10.950000153,5.890087759,-1.074423175,1.200000000,-0.406350193
1784881154.148531914,10.960000153,5.895582013,-1.075358450,1.200000000,-0.402022263
1784881154.158532143,10.970000153,5.901079598,-1.076270001,1.200000000,-0.397672162
1784881154.168532133,10.980000153,5.906580580,-1.077157781,1.200000000,-0.393300351
1784881154.178532124,10.990000153,5.912085022,-1.078021744,1.200000000,-0.388907288
1784881154.188532114,11.000000153,5.917592991,-1.078861845,1.200000000,-0.384493434
1784881154.198532104,11.010000153,5.923104549,-1.079678040,1.200000000,-0.380059248
1784881154.208532095,11.020000153,5.928619762,-1.080470288,1.200000000,-0.375605190
1784881154.218532085,11.030000153,5.934138694,-1.081238547,1.200000000,-0.371131720
1784881154.228532076,11.040000153,5.939661408,-1.081982776,1.200000000,-0.366639298
1784881154.238532066,11.050000153,5.945187968,-1.082702938,1.200000000,-0.362128383
1784881154.248532057,11.060000153,5.950718438,-1.083398995,1.200000000,-0.357599436
1784881154.258532047,11.070000153,5.956252880,-1.084070910,1.200000000,-0.353052916
1784881154.268532038,11.080000153,5.961791357,-1.084718649,1.200000000,-0.348489282
1784881154.278532028,11.090000153,5.967333930,-1.085342177,1.200000000,-0.343908995
1784881154.288532019,11.100000153,5.972880663,-1.085941463,1.200000000,-0.339312515
1784881154.298532009,11.110000153,5.978431616,-1.086516476,1.200000000,-0.334700300
1784881154.308532000,11.120000153,5.983986851,-1.087067185,1.200000000,-0.330072812
1784881154.318531990,11.130000153,5.989546427,-1.087593561,1.200000000,-0.325430509
1784881154.328531981,11.140000153,5.995110405,-1.088095579,1.200000000,-0.320773851
1784881154.338531971,11.150000153,6.000678843,-1.088573212,1.200000000,-0.316103299
1784881154.348531961,11.160000153,6.006251802,-1.089026436,1.200000000,-0.311419312
1784881154.358531952,11.170000153,6.011829338,-1.089455227,1.200000000,-0.306722350
1784881154.368531942,11.180000153,6.017411510,-1.089859565,1.200000000,-0.302012872
1784881154.378531933,11.190000153,6.022998375,-1.090239428,1.200000000,-0.297291339
1784881154.388531923,11.200000153,6.028589989,-1.090594798,1.200000000,-0.292558210
1784881154.398531914,11.210000153,6.034186407,-1.090925657,1.200000000,-0.287813944
1784881154.408532143,11.220000153,6.039787684,-1.091231990,1.200000000,-0.283059003
1784881154.418532133,11.230000153,6.045393875,-1.091513782,1.200000000,-0.278293844
1784881154.428532124,11.240000153,6.051005033,-1.091771019,1.200000000,-0.273518929
1784881154.438532114,11.250000153,6.056621210,-1.092003691,1.200000000,-0.268734717
1784881154.448532104,11.260000153,6.062242458,-1.092211786,1.200000000,-0.263941668
1784881154.458532095,11.270000153,6.067868827,-1.092395296,1.200000000,-0.259140241
1784881154.468532085,11.280000153,6.073500369,-1.092554214,1.200000000,-0.254330897
1784881154.478532076,11.290000153,6.079137131,-1.092688535,1.200000000,-0.249514095
1784881154.488532066,11.300000153,6.084779162,-1.092798253,1.200000000,-0.244690294
1784881154.498532057,11.310000153,6.090426510,-1.092883366,1.200000000,-0.239859956
1784881154.508532047,11.320000153,6.096079219,-1.092943873,1.200000000,-0.235023538
1784881154.518532038,11.330000153,6.101737336,-1.092979774,1.200000000,-0.230181502
1784881154.528532028,11.340000153,6.107400905,-1.092991072,1.200000000,-0.225334307
1784881154.538532019,11.350000153,6.113069968,-1.092977769,1.200000000,-0.220482413
1784881154.548532009,11.360000153,6.118744567,-1.092939870,1.200000000,-0.215626279
1784881154.558532000,11.370000153,6.124424745,-1.092877383,1.200000000,-0.210766366
1784881154.568531990,11.380000153,6.130110539,-1.092790315,1.200000000,-0.205903132
1784881154.578531981,11.390000153,6.135801990,-1.092678675,1.200000000,-0.201037039
1784881154.588531971,11.400000153,6.141499133,-1.092542476,1.200000000,-0.196168545
1784881154.598531961,11.410000153,6.147202007,-1.092381730,1.200000000,-0.191298110
1784881154.608531952,11.420000153,6.152910645,-1.092196451,1.200000000,-0.186426195
1784881154.618531942,11.430000153,6.158625081,-1.091986656,1.200000000,-0.181553258
1784881154.628531933,11.440000153,6.164345348,-1.091752363,1.200000000,-0.176679761
1784881154.638531923,11.450000153,6.170071478,-1.091493590,1.200000000,-0.171806162
1784881154.648531914,11.460000153,6.175803499,-1.091210359,1.200000000,-0.166932921
1784881154.658532143,11.470000153,6.181541441,-1.090902692,1.200000000,-0.162060498
1784881154.668532133,11.480000153,6.187285331,-1.090570613,1.200000000,-0.157189353
1784881154.678532124,11.490000153,6.193035195,-1.090214149,1.200000000,-0.152319946
1784881154.688532114,11.500000153,6.198791057,-1.089833327,1.200000000,-0.147452736
1784881154.698532104,11.510000153,6.204552941,-1.089428176,1.200000000,-0.142588183
1784881154.708532095,11.520000153,6.210320868,-1.088998727,1.200000000,-0.137726747
1784881154.718532085,11.530000153,6.216094858,-1.088545013,1.200000000,-0.132868888
1784881154.728532076,11.540000153,6.221874930,-1.088067067,1.200000000,-0.128015066
1784881154.738532066,11.550000153,6.227661101,-1.087564926,1.200000000,-0.123165739
1784881154.748532057,11.560000153,6.233453388,-1.087038626,1.200000000,-0.118321369
1784881154.758532047,11.570000153,6.239251804,-1.086488208,1.200000000,-0.113482415
1784881154.768532038,11.580000153,6.245056361,-1.085913712,1.200000000,-0.108649336
1784881154.778532028,11.590000153,6.250867073,-1.085315181,1.200000000,-0.103822592
1784881154.788532019,11.600000153,6.256683947,-1.084692659,1.200000000,-0.099002644
1784881154.798532009,11.610000153,6.262506992,-1.084046191,1.200000000,-0.094189951
1784881154.808532000,11.620000153,6.268336214,-1.083375826,1.200000000,-0.089384972
1784881154.818531990,11.630000153,6.274171619,-1.082681613,1.200000000,-0.084588168
1784881154.828531981,11.640000153,6.280013209,-1.081963602,1.200000000,-0.079799998
1784881154.838531971,11.650000153,6.285860986,-1.081221847,1.200000000,-0.075020922
1784881154.848531961,11.660000153,6.291714950,-1.080456402,1.200000000,-0.070251400
1784881154.858531952,11.670000153,6.297575099,-1.079667322,1.200000000,-0.065491891
1784881154.868531942,11.680000153,6.303441429,-1.078854667,1.200000000,-0.060742856
1784881154.878531933,11.690000153,6.309313937,-1.078018494,1.200000000,-0.056004754
1784881154.888531923,11.700000153,6.315192614,-1.077158866,1.200000000,-0.051278045
1784881154.898531914,11.710000153,6.321077453,-1.076275844,1.200000000,-0.046563188
1784881154.908532143,11.720000153,6.326968442,-1.075369494,1.200000000,-0.041860644
1784881154.918532133,11.730000153,6.332865571,-1.074439882,1.200000000,-0.037170873
1784881154.928532124,11.740000153,6.338768826,-1.073487076,1.200000000,-0.032494333
1784881154.938532114,11.750000153,6.344678191,-1.072511144,1.200000000,-0.027831485
1784881154.948532104,11.760000153,6.350593648,-1.071512159,1.200000000,-0.023182788
1784881154.958532095,11.770000153,6.356515180,-1.070490193,1.200000000,-0.018548703
1784881154.968532085,11.780000153,6.362442765,-1.069445321,1.200000000,-0.013929689
1784881154.978532076,11.790000153,6.368376381,-1.068377619,1.200000000,-0.009326206
1784881154.988532066,11.800000153,6.374316004,-1.067287164,1.200000000,-0.004738714
1784881154.998532057,11.810000153,6.380261608,-1.066174037,1.200000000,-0.000167672
1784881155.008532047,11.820000153,6.386213165,-1.065038318,1.200000000,0.004386460
1784881155.018532038,11.830000153,6.392170645,-1.063880091,1.200000000,0.008923229
1784881155.028532028,11.840000153,6.398134018,-1.062699439,1.200000000,0.013442378
1784881155.038532019,11.850000153,6.404103250,-1.061496450,1.200000000,0.017943861
1784881155.048532009,11.860000153,6.410078306,-1.060271209,1.200000000,0.022427643
1784881155.058532000,11.870000153,6.416059149,-1.059023807,1.200000000,0.026893690
1784881155.068531990,11.880000153,6.422045742,-1.057754335,1.200000000,0.031341968
1784881155.078531981,11.890000153,6.428038044,-1.056462885,1.200000000,0.035772441
1784881155.088531971,11.900000153,6.434036013,-1.055149551,1.200000000,0.040185075
1784881155.098531961,11.910000153,6.440039604,-1.053814429,1.200000000,0.044579835
1784881155.108531952,11.920000153,6.446048774,-1.052457616,1.200000000,0.048956687
1784881155.118531942,11.930000153,6.452063473,-1.051079211,1.200000000,0.053315596
1784881155.128531933,11.940000153,6.458083654,-1.049679313,1.200000000,0.057656528
1784881155.138531923,11.950000153,6.464109266,-1.048258026,1.200000000,0.061979447
1784881155.148531914,11.960000153,6.470140255,-1.046815451,1.200000000,0.066284318
1784881155.158532143,11.970000153,6.476176567,-1.045351695,1.200000000,0.070571109
1784881155.168532133,11.980000153,6.482218147,-1.043866864,1.200000000,0.074839783
1784881155.178532124,11.990000153,6.488264937,-1.042361065,1.200000000,0.079090305
1784881155.188532114,12.000000153,6.494316876,-1.040834407,1.200000000,0.083322643
1784881155.198532104,12.010000153,6.500373905,-1.039287002,1.200000000,0.087536760
1784881155.208532095,12.020000153,6.506435959,-1.037718962,1.200000000,0.091732622
1784881155.218532085,12.030000153,6.512502974,-1.036130400,1.200000000,0.095910194
1784881155.228532076,12.040000153,6.518574884,-1.034521432,1.200000000,0.100069442
1784881155.238532066,12.050000153,6.524651622,-1.032892174,1.200000000,0.104210332
1784881155.248532057,12.060000153,6.530733116,-1.031242744,1.200000000,0.108332827
1784881155.258532047,12.070000153,6.536819296,-1.029573261,1.200000000,0.112436894
1784881155.268532038,12.080000153,6.542910089,-1.027883846,1.200000000,0.116522499
1784881155.278532028,12.090000153,6.549005421,-1.026174621,1.200000000,0.120589606
1784881155.288532019,12.100000153,6.555105214,-1.024445710,1.200000000,0.124638181
1784881155.298532009,12.110000153,6.561209392,-1.022697236,1.200000000,0.128668188
1784881155.308532000,12.120000153,6.567317876,-1.020929326,1.200000000,0.132679595
1784881155.318531990,12.130000153,6.573430583,-1.019142108,1.200000000,0.136672365
1784881155.328531981,12.140000153,6.579547432,-1.017335709,1.200000000,0.140646464
1784881155.338531971,12.150000153,6.585668339,-1.015510260,1.200000000,0.144601858
1784881155.348531961,12.160000153,6.591793217,-1.013665891,1.200000000,0.148538511
1784881155.358531952,12.170000153,6.597921981,-1.011802734,1.200000000,0.152456390
1784881155.368531942,12.180000153,6.604054542,-1.009920924,1.200000000,0.156355459
1784881155.378531933,12.190000153,6.610190809,-1.008020594,1.200000000,0.160235684
1784881155.388531923,12.200000153,6.616330691,-1.006101881,1.200000000,0.164097031
1784881155.398531914,12.210000153,6.622474096,-1.004164921,1.200000000,0.167939463
1784881155.408532143,12.220000153,6.628620929,-1.002209853,1.200000000,0.171762948
1784881155.418532133,12.230000153,6.634771094,-1.000236814,1.200000000,0.175567450
1784881155.428532124,12.240000153,6.640924495,-0.998245947,1.200000000,0.179352935
1784881155.438532114,12.250000153,6.647081033,-0.996237391,1.200000000,0.183119367
1784881155.448532104,12.260000153,6.653240608,-0.994211290,1.200000000,0.186866713
1784881155.458532095,12.270000153,6.659403119,-0.992167786,1.200000000,0.190594937
1784881155.468532085,12.280000153,6.665568465,-0.990107024,1.200000000,0.194304006
1784881155.478532076,12.290000153,6.671736541,-0.988029150,1.200000000,0.197993883
1784881155.488532066,12.300000153,6.677907243,-0.985934309,1.200000000,0.201664535
1784881155.498532057,12.310000153,6.684080465,-0.983822649,1.200000000,0.205315927
1784881155.508532047,12.320000153,6.690256099,-0.981694318,1.200000000,0.208948025
1784881155.518532038,12.330000153,6.696434037,-0.979549466,1.200000000,0.212560793
1784881155.528532028,12.340000153,6.702614170,-0.977388241,1.200000000,0.216154197
1784881155.538532019,12.350000153,6.708796386,-0.975210796,1.200000000,0.219728202
1784881155.548532009,12.360000153,6.714980575,-0.973017281,1.200000000,0.223282775
1784881155.558532000,12.370000153,6.721166623,-0.970807850,1.200000000,0.226817879
1784881155.568531990,12.380000153,6.727354416,-0.968582655,1.200000000,0.230333480
1784881155.578531981,12.390000153,6.733543840,-0.966341851,1.200000000,0.233829544
1784881155.588531971,12.400000153,6.739734778,-0.964085593,1.200000000,0.237306037
1784881155.598531961,12.410000153,6.745927113,-0.961814035,1.200000000,0.240762922
1784881155.608531952,12.420000153,6.752120728,-0.959527335,1.200000000,0.244200167
1784881155.618531942,12.430000153,6.758315504,-0.957225649,1.200000000,0.247617735
1784881155.628531933,12.440000153,6.764511321,-0.954909135,1.200000000,0.251015593
1784881155.638531923,12.450000153,6.770708058,-0.952577952,1.200000000,0.254393706
1784881155.648531914,12.460000153,6.776905595,-0.950232258,1.200000000,0.257752038
1784881155.658532143,12.470000153,6.783103808,-0.947872212,1.200000000,0.261090556
1784881155.668532133,12.480000153,6.789302575,-0.945497975,1.200000000,0.264409225
1784881155.678532124,12.490000153,6.795501771,-0.943109708,1.200000000,0.267708011
1784881155.688532114,12.500000153,6.801701273,-0.940707571,1.200000000,0.270986877
1784881155.698532104,12.510000153,6.807900955,-0.938291727,1.200000000,0.274245790
1784881155.708532095,12.520000153,6.814100691,-0.935862337,1.200000000,0.277484716
1784881155.718532085,12.530000153,6.820300354,-0.933419564,1.200000000,0.280703619
1784881155.728532076,12.540000153,6.826499817,-0.930963571,1.200000000,0.283902465
1784881155.738532066,12.550000153,6.832698952,-0.928494522,1.200000000,0.287081219
1784881155.748532057,12.560000153,6.838897631,-0.926012580,1.200000000,0.290239846
1784881155.758532047,12.570000153,6.845095724,-0.923517910,1.200000000,0.293378313
1784881155.768532038,12.580000153,6.851293102,-0.921010676,1.200000000,0.296496584
1784881155.778532028,12.590000153,6.857489636,-0.918491043,1.200000000,0.299594624
1784881155.788532019,12.600000153,6.863685194,-0.915959177,1.200000000,0.302672399
1784881155.798532009,12.610000153,6.869879646,-0.913415243,1.200000000,0.305729874
1784881155.808532000,12.620000153,6.876072860,-0.910859406,1.200000000,0.308767015
1784881155.818531990,12.630000153,6.882264704,-0.908291833,1.200000000,0.311783787
1784881155.828531981,12.640000153,6.888455047,-0.905712689,1.200000000,0.314780155
1784881155.838531971,12.650000153,6.894643756,-0.903122141,1.200000000,0.317756085
1784881155.848531961,12.660000153,6.900830699,-0.900520356,1.200000000,0.320711541
1784881155.858531952,12.670000153,6.907015742,-0.897907500,1.200000000,0.323646490
1784881155.868531942,12.680000153,6.913198752,-0.895283739,1.200000000,0.326560897
1784881155.878531933,12.690000153,6.919379596,-0.892649241,1.200000000,0.329454726
1784881155.888531923,12.700000153,6.925558141,-0.890004173,1.200000000,0.332327944
1784881155.898531914,12.710000153,6.931734252,-0.887348701,1.200000000,0.335180516
1784881155.908532143,12.720000153,6.937907797,-0.884682992,1.200000000,0.338012406
1784881155.918532133,12.730000153,6.944078640,-0.882007213,1.200000000,0.340823581
1784881155.928532124,12.740000153,6.950246648,-0.879321532,1.200000000,0.343614005
1784881155.938532114,12.750000153,6.956411687,-0.876626114,1.200000000,0.346383645
1784881155.948532104,12.760000153,6.962573624,-0.873921127,1.200000000,0.349132465
1784881155.958532095,12.770000153,6.968732323,-0.871206737,1.200000000,0.351860430
1784881155.968532085,12.780000153,6.974887651,-0.868483111,1.200000000,0.354567507
1784881155.978532076,12.790000153,6.981039475,-0.865750415,1.200000000,0.357253660
1784881155.988532066,12.800000153,6.987187660,-0.863008816,1.200000000,0.359918855
1784881155.998532057,12.810000153,6.993332074,-0.860258479,1.200000000,0.362563057
1784881156.008532047,12.820000153,6.999472582,-0.857499569,1.200000000,0.365186231
1784881156.018532038,12.830000153,7.005609051,-0.854732254,1.200000000,0.367788343
1784881156.028532028,12.840000153,7.011741349,-0.851956697,1.200000000,0.370369359
1784881156.038532019,12.850000153,7.017869342,-0.849173064,1.200000000,0.372929242
1784881156.048532009,12.860000153,7.023992899,-0.846381520,1.200000000,0.375467960
1784881156.058532000,12.870000153,7.030111888,-0.843582228,1.200000000,0.377985476
1784881156.068531990,12.880000153,7.036226175,-0.840775353,1.200000000,0.380481757
1784881156.078531981,12.890000153,7.042335631,-0.837961059,1.200000000,0.382956768
1784881156.088531971,12.900000153,7.048440124,-0.835139509,1.200000000,0.385410474
1784881156.098531961,12.910000153,7.054539523,-0.832310865,1.200000000,0.387842841
1784881156.108531952,12.920000153,7.060633699,-0.829475289,1.200000000,0.390253833
1784881156.118531942,12.930000153,7.066722521,-0.826632945,1.200000000,0.392643416
1784881156.128531933,12.940000153,7.072805861,-0.823783992,1.200000000,0.395011557
1784881156.138531923,12.950000153,7.078883590,-0.820928592,1.200000000,0.397358219
1784881156.148531914,12.960000153,7.084955580,-0.818066906,1.200000000,0.399683368
1784881156.158532143,12.970000153,7.091021704,-0.815199093,1.200000000,0.401986969
1784881156.168532133,12.980000153,7.097081834,-0.812325312,1.200000000,0.404268989
1784881156.178532124,12.990000153,7.103135844,-0.809445722,1.200000000,0.406529392
1784881156.188532114,13.000000153,7.109183610,-0.806560481,1.200000000,0.408768143
1784881156.198532104,13.010000153,7.115225005,-0.803669747,1.200000000,0.410985209
1784881156.208532095,13.020000153,7.121259907,-0.800773675,1.200000000,0.413180553
1784881156.218532085,13.030000153,7.127288191,-0.797872423,1.200000000,0.415354143
1784881156.228532076,13.040000153,7.133309735,-0.794966146,1.200000000,0.417505942
1784881156.238532066,13.050000153,7.139324417,-0.792054998,1.200000000,0.419635916
1784881156.248532057,13.060000153,7.145332116,-0.789139133,1.200000000,0.421744031
1784881156.258532047,13.070000153,7.151332712,-0.786218705,1.200000000,0.423830252
1784881156.268532038,13.080000153,7.157326085,-0.783293865,1.200000000,0.425894545
1784881156.278532028,13.090000153,7.163312118,-0.780364766,1.200000000,0.427936874
1784881156.288532019,13.100000153,7.169290693,-0.777431558,1.200000000,0.429957205
1784881156.298532009,13.110000153,7.175261692,-0.774494391,1.200000000,0.431955504
1784881156.308532000,13.120000153,7.181225001,-0.771553415,1.200000000,0.433931735
1784881156.318531990,13.130000153,7.187180505,-0.768608777,1.200000000,0.435885864
1784881156.328531981,13.140000153,7.193128090,-0.765660625,1.200000000,0.437817856
1784881156.338531971,13.150000153,7.199067643,-0.762709106,1.200000000,0.439727678
1784881156.348531961,13.160000153,7.204999054,-0.759754365,1.200000000,0.441615293
1784881156.358531952,13.170000153,7.210922210,-0.756796547,1.200000000,0.443480668
1784881156.368531942,13.180000153,7.216837004,-0.753835795,1.200000000,0.445323767
1784881156.378531933,13.190000153,7.222743327,-0.750872252,1.200000000,0.447144557
1784881156.388531923,13.200000153,7.228641071,-0.747906060,1.200000000,0.448943002
1784881156.398531914,13.210000153,7.234530130,-0.744937360,1.200000000,0.450719067
1784881156.408532143,13.220000153,7.240410400,-0.741966292,1.200000000,0.452472719
1784881156.418532133,13.230000153,7.246281777,-0.738992994,1.200000000,0.454203923
1784881156.428532124,13.240000153,7.252144158,-0.736017603,1.200000000,0.455912643
1784881156.438532114,13.250000153,7.257997442,-0.733040257,1.200000000,0.457598845
1784881156.448532104,13.260000153,7.263841528,-0.730061091,1.200000000,0.459262495
1784881156.458532095,13.270000153,7.269676319,-0.727080239,1.200000000,0.460903557
1784881156.468532085,13.280000153,7.275501717,-0.724097835,1.200000000,0.462521998
1784881156.478532076,13.290000153,7.281317624,-0.721114012,1.200000000,0.464117782
1784881156.488532066,13.300000153,7.287123947,-0.718128899,1.200000000,0.465690875
1784881156.498532057,13.310000153,7.292920592,-0.715142627,1.200000000,0.467241242
1784881156.508532047,13.320000153,7.298707466,-0.712155326,1.200000000,0.468768849
1784881156.518532038,13.330000153,7.304484478,-0.709167121,1.200000000,0.470273661
1784881156.528532028,13.340000153,7.310251539,-0.706178141,1.200000000,0.471755643
1784881156.538532019,13.350000153,7.316008561,-0.703188511,1.200000000,0.473214760
1784881156.548532009,13.360000153,7.321755456,-0.700198353,1.200000000,0.474650979
1784881156.558532000,13.370000153,7.327492139,-0.697207792,1.200000000,0.476064263
1784881156.568531990,13.380000153,7.333218526,-0.694216949,1.200000000,0.477454579
1784881156.578531981,13.390000153,7.338934535,-0.691225945,1.200000000,0.478821892
1784881156.588531971,13.400000153,7.344640084,-0.688234898,1.200000000,0.480166168
1784881156.598531961,13.410000153,7.350335093,-0.685243926,1.200000000,0.481487371
1784881156.608531952,13.420000153,7.356019484,-0.682253147,1.200000000,0.482785467
1784881156.618531942,13.430000153,7.361693180,-0.679262675,1.200000000,0.484060421
1784881156.628531933,13.440000153,7.367356106,-0.676272626,1.200000000,0.485312199
1784881156.638531923,13.450000153,7.373008188,-0.673283110,1.200000000,0.486540766
1784881156.648531914,13.460000153,7.378649352,-0.670294242,1.200000000,0.487746087
1784881156.658532143,13.470000153,7.384279529,-0.667306129,1.200000000,0.488928128
1784881156.668532133,13.480000153,7.389898649,-0.664318882,1.200000000,0.490086854
1784881156.678532124,13.490000153,7.395506644,-0.661332609,1.200000000,0.491222230
1784881156.688532114,13.500000153,7.401103446,-0.658347414,1.200000000,0.492334222
1784881156.698532104,13.510000153,7.406688992,-0.655363405,1.200000000,0.493422795
1784881156.708532095,13.520000153,7.412263218,-0.652380683,1.200000000,0.494487914
1784881156.718532085,13.530000153,7.417826061,-0.649399352,1.200000000,0.495529545
1784881156.728532076,13.540000153,7.423377461,-0.646419513,1.200000000,0.496547654
1784881156.738532066,13.550000153,7.428917360,-0.643441266,1.200000000,0.497542204
1784881156.748532057,13.560000153,7.434445699,-0.640464708,1.200000000,0.498513162
1784881156.758532047,13.570000153,7.439962423,-0.637489937,1.200000000,0.499460494
1784881156.768532038,13.580000153,7.445467478,-0.634517048,1.200000000,0.500384164
1784881156.778532028,13.590000153,7.450960810,-0.631546137,1.200000000,0.501284137
1784881156.788532019,13.600000153,7.456442368,-0.628577295,1.200000000,0.502160380
1784881156.798532009,13.610000153,7.461912102,-0.625610615,1.200000000,0.503012857
1784881156.808532000,13.620000153,7.467369963,-0.622646187,1.200000000,0.503841534
1784881156.818531990,13.630000153,7.472815906,-0.619684100,1.200000000,0.504646376
1784881156.828531981,13.640000153,7.478249883,-0.616724441,1.200000000,0.505427349
1784881156.838531971,13.650000153,7.483671853,-0.613767297,1.200000000,0.506184417
1784881156.848531961,13.660000153,7.489081771,-0.610812753,1.200000000,0.506917547
1784881156.858531952,13.670000153,7.494479597,-0.607860892,1.200000000,0.507626703
1784881156.868531942,13.680000153,7.499865292,-0.604911797,1.200000000,0.508311851
1784881156.878531933,13.690000153,7.505238817,-0.601965548,1.200000000,0.508972956
1784881156.888531923,13.700000153,7.510600136,-0.599022226,1.200000000,0.509609984
1784881156.898531914,13.710000153,7.515949213,-0.596081908,1.200000000,0.510222899
1784881156.908532143,13.720000153,7.521286016,-0.593144671,1.200000000,0.510811668
1784881156.918532133,13.730000153,7.526610510,-0.590210592,1.200000000,0.511376256
1784881156.928532124,13.740000153,7.531922667,-0.587279744,1.200000000,0.511916627
1784881156.938532114,13.750000153,7.537222456,-0.584352201,1.200000000,0.512432748
1784881156.948532104,13.760000153,7.542509848,-0.581428034,1.200000000,0.512924583
1784881156.958532095,13.770000153,7.547784818,-0.578507314,1.200000000,0.513392098
1784881156.968532085,13.780000153,7.553047339,-0.575590110,1.200000000,0.513835258
1784881156.978532076,13.790000153,7.558297387,-0.572676490,1.200000000,0.514254029
1784881156.988532066,13.800000153,7.563534940,-0.569766520,1.200000000,0.514648376
1784881156.998532057,13.810000153,7.568759976,-0.566860267,1.200000000,0.515018264
1784881157.008532047,13.820000153,7.573972475,-0.563957794,1.200000000,0.515363659
1784881157.018532038,13.830000153,7.579172417,-0.561059164,1.200000000,0.515684526
1784881157.028532028,13.840000153,7.584359785,-0.558164439,1.200000000,0.515980830
1784881157.038532019,13.850000153,7.589534563,-0.555273680,1.200000000,0.516252537
1784881157.048532009,13.860000153,7.594696734,-0.552386946,1.200000000,0.516499612
1784881157.058532000,13.870000153,7.599846284,-0.549504295,1.200000000,0.516722020
1784881157.068531990,13.880000153,7.604983201,-0.546625784,1.200000000,0.516919727
1784881157.078531981,13.890000153,7.610107472,-0.543751470,1.200000000,0.517092698
1784881157.088531971,13.900000153,7.615219086,-0.540881406,1.200000000,0.517240899
1784881157.098531961,13.910000153,7.620318034,-0.538015647,1.200000000,0.517364294
1784881157.108531952,13.920000153,7.625404306,-0.535154246,1.200000000,0.517462849
1784881157.118531942,13.930000153,7.630477894,-0.532297253,1.200000000,0.517536529
1784881157.128531933,13.940000153,7.635538792,-0.529444719,1.200000000,0.517585301
1784881157.138531923,13.950000153,7.640586993,-0.526596694,1.200000000,0.517609128
1784881157.148531914,13.960000153,7.645622493,-0.523753225,1.200000000,0.517607977
1784881157.158532143,13.970000153,7.650645287,-0.520914361,1.200000000,0.517581813
1784881157.168532133,13.980000153,7.655655371,-0.518080148,1.200000000,0.517530601
1784881157.178532124,13.990000153,7.660652743,-0.515250631,1.200000000,0.517454306
1784881157.188532114,14.000000153,7.665637402,-0.512425855,1.200000000,0.517352894
1784881157.198532104,14.010000153,7.670609345,-0.509605863,1.200000000,0.517226330
1784881157.208532095,14.020000153,7.675568572,-0.506790698,1.200000000,0.517074580
1784881157.218532085,14.030000153,7.680515084,-0.503980402,1.200000000,0.516897608
1784881157.228532076,14.040000153,7.685448881,-0.501175016,1.200000000,0.516695381
1784881157.238532066,14.050000153,7.690369964,-0.498374580,1.200000000,0.516467863
1784881157.248532057,14.060000153,7.695278335,-0.495579134,1.200000000,0.516215020
1784881157.258532047,14.070000153,7.700173997,-0.492788716,1.200000000,0.515936818
1784881157.268532038,14.080000153,7.705056952,-0.490003364,1.200000000,0.515633220
1784881157.278532028,14.090000153,7.709927202,-0.487223115,1.200000000,0.515304194
1784881157.288532019,14.100000153,7.714784753,-0.484448007,1.200000000,0.514949704
1784881157.298532009,14.110000153,7.719629606,-0.481678074,1.200000000,0.514569716
1784881157.308532000,14.120000153,7.724461766,-0.478913352,1.200000000,0.514164194
1784881157.318531990,14.130000153,7.729281237,-0.476153876,1.200000000,0.513733105
1784881157.328531981,14.140000153,7.734088023,-0.473399680,1.200000000,0.513276413
1784881157.338531971,14.150000153,7.738882129,-0.470650798,1.200000000,0.512794084
1784881157.348531961,14.160000153,7.743663558,-0.467907263,1.200000000,0.512286084
1784881157.358531952,14.170000153,7.748432314,-0.465169108,1.200000000,0.511752377
1784881157.368531942,14.180000153,7.753188403,-0.462436364,1.200000000,0.511192929
1784881157.378531933,14.190000153,7.757931827,-0.459709064,1.200000000,0.510607705
1784881157.388531923,14.200000153,7.762662591,-0.456987240,1.200000000,0.509996671
1784881157.398531914,14.210000153,7.767380699,-0.454270923,1.200000000,0.509359792
1784881157.408532143,14.220000153,7.772086152,-0.451560144,1.200000000,0.508697034
1784881157.418532133,14.230000153,7.776778954,-0.448854933,1.200000000,0.508008361
1784881157.428532124,14.240000153,7.781459107,-0.446155322,1.200000000,0.507293739
1784881157.438532114,14.250000153,7.786126613,-0.443461340,1.200000000,0.506553133
1784881157.448532104,14.260000153,7.790781474,-0.440773019,1.200000000,0.505786510
1784881157.458532095,14.270000153,7.795423689,-0.438090389,1.200000000,0.504993833
1784881157.468532085,14.280000153,7.800053258,-0.435413480,1.200000000,0.504175068
1784881157.478532076,14.290000153,7.804670180,-0.432742322,1.200000000,0.503330182
1784881157.488532066,14.300000153,7.809274454,-0.430076946,1.200000000,0.502459138
1784881157.498532057,14.310000153,7.813866076,-0.427417383,1.200000000,0.501561903
1784881157.508532047,14.320000153,7.818445043,-0.424763663,1.200000000,0.500638442
1784881157.518532038,14.330000153,7.823011350,-0.422115817,1.200000000,0.499688719
1784881157.528532028,14.340000153,7.827564990,-0.419473876,1.200000000,0.498712701
1784881157.538532019,14.350000153,7.832105957,-0.416837873,1.200000000,0.497710353
1784881157.548532009,14.360000153,7.836634241,-0.414207838,1.200000000,0.496681640
1784881157.558532000,14.370000153,7.841149832,-0.411583805,1.200000000,0.495626528
1784881157.568531990,14.380000153,7.845652719,-0.408965806,1.200000000,0.494544981
1784881157.578531981,14.390000153,7.850142888,-0.406353875,1.200000000,0.493436966
1784881157.588531971,14.400000153,7.854620325,-0.403748044,1.200000000,0.492302447
1784881157.598531961,14.410000153,7.859085014,-0.401148350,1.200000000,0.491141389
1784881157.608531952,14.420000153,7.863536935,-0.398554827,1.200000000,0.489953759
1784881157.618531942,14.430000153,7.867976068,-0.395967511,1.200000000,0.488739522
1784881157.628531933,14.440000153,7.872402392,-0.393386439,1.200000000,0.487498642
1784881157.638531923,14.450000153,7.876815881,-0.390811648,1.200000000,0.486231086
1784881157.648531914,14.460000153,7.881216509,-0.388243177,1.200000000,0.484936818
1784881157.658532143,14.470000153,7.885604247,-0.385681066,1.200000000,0.483615804
1784881157.668532133,14.480000153,7.889979063,-0.383125356,1.200000000,0.482268009
1784881157.678532124,14.490000153,7.894340925,-0.380576087,1.200000000,0.480893399
1784881157.688532114,14.500000153,7.898689796,-0.378033303,1.200000000,0.479491939
1784881157.698532104,14.510000153,7.903025635,-0.375497048,1.200000000,0.478063594
1784881157.708532095,14.520000153,7.907348403,-0.372967366,1.200000000,0.476608330
1784881157.718532085,14.530000153,7.911658054,-0.370444306,1.200000000,0.475126111
1784881157.728532076,14.540000153,7.915954540,-0.367927915,1.200000000,0.473616904
1784881157.738532066,14.550000153,7.920237810,-0.365418242,1.200000000,0.472080674
1784881157.748532057,14.560000153,7.924507811,-0.362915340,1.200000000,0.470517385
1784881157.758532047,14.570000153,7.928764486,-0.360419260,1.200000000,0.468927004
1784881157.768532038,14.580000153,7.933007773,-0.357930057,1.200000000,0.467309495
1784881157.778532028,14.590000153,7.937237608,-0.355447788,1.200000000,0.465664825
1784881157.788532019,14.600000153,7.941453923,-0.352972510,1.200000000,0.463992958
1784881157.798532009,14.610000153,7.945656648,-0.350504285,1.200000000,0.462293859
1784881157.808532000,14.620000153,7.949845706,-0.348043173,1.200000000,0.460567495
1784881157.818531990,14.630000153,7.954021017,-0.345589240,1.200000000,0.458813829
1784881157.828531981,14.640000153,7.958182499,-0.343142550,1.200000000,0.457032829
1784881157.838531971,14.650000153,7.962330063,-0.340703174,1.200000000,0.455224459
1784881157.848531961,14.660000153,7.966463617,-0.338271181,1.200000000,0.453388684
1784881157.858531952,14.670000153,7.970583064,-0.335846645,1.200000000,0.451525469
1784881157.868531942,14.680000153,7.974688303,-0.333429642,1.200000000,0.449634781
1784881157.878531933,14.690000153,7.978779229,-0.331020249,1.200000000,0.447716585
1784881157.888531923,14.700000153,7.982855729,-0.328618549,1.200000000,0.445770845
1784881157.898531914,14.710000153,7.986917689,-0.326224623,1.200000000,0.443797527
1784881157.908532143,14.720000153,7.990964988,-0.323838559,1.200000000,0.441796596
1784881157.918532133,14.730000153,7.994997498,-0.321460446,1.200000000,0.439768019
1784881157.928532124,14.740000153,7.999015089,-0.319090375,1.200000000,0.437711759
1784881157.938532114,14.750000153,8.003017623,-0.316728444,1.200000000,0.435627783
1784881157.948532104,14.760000153,8.007004957,-0.314374748,1.200000000,0.433516056
1784881157.958532095,14.770000153,8.010976943,-0.312029392,1.200000000,0.431376543
1784881157.968532085,14.780000153,8.014933426,-0.309692478,1.200000000,0.429209209
1784881157.978532076,14.790000153,8.018874246,-0.307364117,1.200000000,0.427014021
1784881157.988532066,14.800000153,8.022799235,-0.305044419,1.200000000,0.424790942
1784881157.998532057,14.810000153,8.026708221,-0.302733500,1.200000000,0.422539939
1784881158.008532047,14.820000153,8.030601022,-0.300431480,1.200000000,0.420260977
1784881158.018532038,14.830000153,8.034477454,-0.298138481,1.200000000,0.417954021
1784881158.028532028,14.840000153,8.038337322,-0.295854631,1.200000000,0.415619037
1784881158.038532019,14.850000153,8.042180427,-0.293580061,1.200000000,0.413255989
1784881158.048532009,14.860000153,8.046006560,-0.291314904,1.200000000,0.410864844
1784881158.058532000,14.870000153,8.049815507,-0.289059302,1.200000000,0.408445567
1784881158.068531990,14.880000153,8.053607046,-0.286813397,1.200000000,0.405998122
1784881158.078531981,14.890000153,8.057380947,-0.284577337,1.200000000,0.403522476
1784881158.088531971,14.900000153,8.061136971,-0.282351274,1.200000000,0.401018593
1784881158.098531961,14.910000153,8.064874875,-0.280135367,1.200000000,0.398486439
1784881158.108531952,14.920000153,8.068594403,-0.277929776,1.200000000,0.395925948
1784881158.118531942,14.930000153,8.072295294,-0.275734668,1.200000000,0.393336986
1784881158.128531933,14.940000153,8.075977278,-0.273550215,1.200000000,0.390719405
1784881158.138531923,14.950000153,8.079640075,-0.271376594,1.200000000,0.388073061
1784881158.148531914,14.960000153,8.083283398,-0.269213985,1.200000000,0.385397806
1784881158.158532143,14.970000153,8.086906950,-0.267062577,1.200000000,0.382693496
1784881158.168532133,14.980000153,8.090510425,-0.264922562,1.200000000,0.379959984
1784881158.178532124,14.990000153,8.094093508,-0.262794137,1.200000000,0.377197124
1784881158.188532114,15.000000153,8.097655874,-0.260677507,1.200000000,0.374404771
1784881158.198532104,15.010000153,8.101197189,-0.258572879,1.200000000,0.371582778
1784881158.208532095,15.020000153,8.104717110,-0.256480470,1.200000000,0.368730999
1784881158.218532085,15.030000153,8.108215283,-0.254400499,1.200000000,0.365849290
1784881158.228532076,15.040000153,8.111691345,-0.252333194,1.200000000,0.362937502
1784881158.238532066,15.050000153,8.115144921,-0.250278786,1.200000000,0.359995492
1784881158.248532057,15.060000153,8.118575629,-0.248237515,1.200000000,0.357023112
1784881158.258532047,15.070000153,8.121983074,-0.246209625,1.200000000,0.354020218
1784881158.268532038,15.080000153,8.125366854,-0.244195367,1.200000000,0.350986662
1784881158.278532028,15.090000153,8.128726553,-0.242194998,1.200000000,0.347922299
1784881158.288532019,15.100000153,8.132061747,-0.240208779,1.200000000,0.344826984
1784881158.298532009,15.110000153,8.135372003,-0.238236982,1.200000000,0.341700570
1784881158.308532000,15.120000153,8.138656876,-0.236279880,1.200000000,0.338542911
1784881158.318531990,15.130000153,8.141915910,-0.234337755,1.200000000,0.335353861
1784881158.328531981,15.140000153,8.145148642,-0.232410893,1.200000000,0.332133275
1784881158.338531971,15.150000153,8.148354597,-0.230499589,1.200000000,0.328881007
1784881158.348531961,15.160000153,8.151533291,-0.228604141,1.200000000,0.325596910
1784881158.358531952,15.170000153,8.154684230,-0.226724854,1.200000000,0.322280838
1784881158.368531942,15.180000153,8.157806912,-0.224862037,1.200000000,0.318932647
1784881158.378531933,15.190000153,8.160900824,-0.223016008,1.200000000,0.315552189
1784881158.388531923,15.200000153,8.163965446,-0.221187086,1.200000000,0.312139319
1784881158.398531914,15.210000153,8.167000249,-0.219375598,1.200000000,0.308693891
1784881158.408532143,15.220000153,8.170004696,-0.217581875,1.200000000,0.305215759
1784881158.418532133,15.230000153,8.172978242,-0.215806253,1.200000000,0.301704778
1784881158.428532124,15.240000153,8.175920336,-0.214049071,1.200000000,0.298160800
1784881158.438532114,15.250000153,8.178830418,-0.212310674,1.200000000,0.294583681
1784881158.448532104,15.260000153,8.181707924,-0.210591411,1.200000000,0.290973275
1784881158.458532095,15.270000153,8.184552284,-0.208891631,1.200000000,0.287329434
1784881158.468532085,15.280000153,8.187362921,-0.207211690,1.200000000,0.283652015
1784881158.478532076,15.290000153,8.190139257,-0.205551946,1.200000000,0.279940869
1784881158.488532066,15.300000153,8.192880708,-0.203912756,1.200000000,0.276195853
1784881158.498532057,15.310000153,8.195586688,-0.202294483,1.200000000,0.272416819
1784881158.508532047,15.320000153,8.198256609,-0.200697489,1.200000000,0.268603622
1784881158.518532038,15.330000153,8.200889881,-0.199122137,1.200000000,0.264756116
1784881158.528532028,15.340000153,8.203485915,-0.197568790,1.200000000,0.260874155
1784881158.538532019,15.350000153,8.206044122,-0.196037812,1.200000000,0.256957593
1784881158.548532009,15.360000153,8.208563915,-0.194529564,1.200000000,0.253006284
1784881158.558532000,15.370000153,8.211044711,-0.193044407,1.200000000,0.249020083
1784881158.568531990,15.380000153,8.213485929,-0.191582699,1.200000000,0.244998843
1784881158.578531981,15.390000153,8.215886995,-0.190144794,1.200000000,0.240942418
1784881158.588531971,15.400000153,8.218247341,-0.188731044,1.200000000,0.236850662
1784881158.598531961,15.410000153,8.220566407,-0.187341793,1.200000000,0.232723430
1784881158.608531952,15.420000153,8.222843642,-0.185977384,1.200000000,0.228560576
1784881158.618531942,15.430000153,8.225078506,-0.184638150,1.200000000,0.224361953
1784881158.628531933,15.440000153,8.227270473,-0.183324417,1.200000000,0.220127435
1784881158.638531923,15.450000153,8.229419029,-0.182036504,1.200000000,0.215858010
1784881158.648531914,15.460000153,8.231523676,-0.180774720,1.200000000,0.211556393
1784881158.658532143,15.470000153,8.233583935,-0.179539362,1.200000000,0.207225449
1784881158.668532133,15.480000153,8.235599345,-0.178330718,1.200000000,0.202868041
1784881158.678532124,15.490000153,8.237569466,-0.177149061,1.200000000,0.198487033
1784881158.688532114,15.500000153,8.239493883,-0.175994650,1.200000000,0.194085290
1784881158.698532104,15.510000153,8.241372203,-0.174867732,1.200000000,0.189665674
1784881158.708532095,15.520000153,8.243204064,-0.173768533,1.200000000,0.185231050
1784881158.718532085,15.530000153,8.244989131,-0.172697266,1.200000000,0.180784282
1784881158.728532076,15.540000153,8.246727099,-0.171654122,1.200000000,0.176328234
1784881158.738532066,15.550000153,8.248417697,-0.170639273,1.200000000,0.171865769
1784881158.748532057,15.560000153,8.250060691,-0.169652871,1.200000000,0.167399752
1784881158.758532047,15.570000153,8.251655881,-0.168695045,1.200000000,0.162933046
1784881158.768532038,15.580000153,8.253203107,-0.167765898,1.200000000,0.158468514
1784881158.778532028,15.590000153,8.254702251,-0.166865513,1.200000000,0.154009022
1784881158.788532019,15.600000153,8.256153237,-0.165993943,1.200000000,0.149557433
1784881158.798532009,15.610000153,8.257556033,-0.165151217,1.200000000,0.145116611
1784881158.808532000,15.620000153,8.258910652,-0.164337335,1.200000000,0.140689419
1784881158.818531990,15.630000153,8.260217158,-0.163552267,1.200000000,0.136278722
1784881158.828531981,15.640000153,8.261475662,-0.162795955,1.200000000,0.131887384
1784881158.838531971,15.650000153,8.262686326,-0.162068310,1.200000000,0.127518267
1784881158.848531961,15.660000153,8.263849364,-0.161369210,1.200000000,0.123174237
1784881158.858531952,15.670000153,8.264965044,-0.160698502,1.200000000,0.118858157
1784881158.868531942,15.680000153,8.266033689,-0.160056001,1.200000000,0.114572891
1784881158.878531933,15.690000153,8.267055676,-0.159441485,1.200000000,0.110321303
1784881158.888531923,15.700000153,8.268031439,-0.158854702,1.200000000,0.106106256
1784881158.898531914,15.710000153,8.268961468,-0.158295363,1.200000000,0.101930615
1784881158.908532143,15.720000153,8.269846313,-0.157763145,1.200000000,0.097797243
1784881158.918532133,15.730000153,8.270686578,-0.157257690,1.200000000,0.093709005
1784881158.928532124,15.740000153,8.271482928,-0.156778604,1.200000000,0.089668764
1784881158.938532114,15.750000153,8.272236084,-0.156325459,1.200000000,0.085679384
1784881158.948532104,15.760000153,8.272946827,-0.155897793,1.200000000,0.081743729
1784881158.958532095,15.770000153,8.273615993,-0.155495106,1.200000000,0.077864663
1784881158.968532085,15.780000153,8.274244476,-0.155116866,1.200000000,0.074045050
1784881158.978532076,15.790000153,8.274833225,-0.154762508,1.200000000,0.070287753
1784881158.988532066,15.800000153,8.275383243,-0.154431431,1.200000000,0.066595637
1784881158.998532057,15.810000153,8.275895589,-0.154123004,1.200000000,0.062971566
1784881159.008532047,15.820000153,8.276371370,-0.153836563,1.200000000,0.059418402
1784881159.018532038,15.830000153,8.276811746,-0.153571416,1.200000000,0.055939011
1784881159.028532028,15.840000153,8.277217923,-0.153326839,1.200000000,0.052536256
1784881159.038532019,15.850000153,8.277591153,-0.153102083,1.200000000,0.049213000
1784881159.048532009,15.860000153,8.277932730,-0.152896371,1.200000000,0.045972109
1784881159.058532000,15.870000153,8.278243989,-0.152708904,1.200000000,0.042816445
1784881159.068531990,15.880000153,8.278526299,-0.152538859,1.200000000,0.039748872
1784881159.078531981,15.890000153,8.278781063,-0.152385394,1.200000000,0.036772255
1784881159.088531971,15.900000153,8.279009713,-0.152247649,1.200000000,0.033889458
1784881159.098531961,15.910000153,8.279213704,-0.152124750,1.200000000,0.031103343
1784881159.108531952,15.920000153,8.279394513,-0.152015811,1.200000000,0.028416776
1784881159.118531942,15.930000153,8.279553630,-0.151919934,1.200000000,0.025832620
1784881159.128531933,15.940000153,8.279692553,-0.151836219,1.200000000,0.023353738
1784881159.138531923,15.950000153,8.279812788,-0.151763761,1.200000000,0.020982995
1784881159.148531914,15.960000153,8.279915834,-0.151701657,1.200000000,0.018723255
1784881159.158532143,15.970000153,8.280003183,-0.151649010,1.200000000,0.016577381
1784881159.168532133,15.980000153,8.280076312,-0.151604931,1.200000000,0.014548238
1784881159.178532124,15.990000153,8.280136674,-0.151568545,1.200000000,0.012638688
1784881159.188532114,16.000000153,8.280185690,-0.151538996,1.200000000,0.010851597
1784881159.198532104,16.010000153,8.280224743,-0.151515452,1.200000000,0.009189828
1784881159.208532095,16.020000153,8.280255169,-0.151497108,1.200000000,0.007656245
1784881159.218532085,16.030000153,8.280278246,-0.151483194,1.200000000,0.006253712
1784881159.228532076,16.040000153,8.280295185,-0.151472980,1.200000000,0.004985092
1784881159.238532066,16.050000153,8.280307123,-0.151465782,1.200000000,0.003853249
1784881159.248532057,16.060000153,8.280315108,-0.151460966,1.200000000,0.002861049
1784881159.258532047,16.070000153,8.280320093,-0.151457959,1.200000000,0.002011353
1784881159.268532038,16.080000153,8.280322920,-0.151456254,1.200000000,0.001307026
1784881159.278532028,16.090000153,8.280324311,-0.151455416,1.200000000,0.000750933
1784881159.288532019,16.100000153,8.280324853,-0.151455089,1.200000000,0.000345936
1784881159.298532009,16.110000153,8.280324989,-0.151455007,1.200000000,0.000094901
1784881159.308532000,16.120000153,8.280325000,-0.151455000,1.200000000,0.000000690
1784881159.309460878,16.120928946,8.280325000,-0.151455000,1.200000000,0.000000000
