trajectory_index,trajectory_id,trajectory_stamp,point_index,t,x,y,z,yaw
0,344,1784880997.694482565,0,0.000000122,-0.261959000,-0.006230000,1.200000000,-0.039639000
0,344,1784880997.694482565,1,0.010000122,-0.261958995,-0.006229999,1.200000000,-0.039642911
0,344,1784880997.694482565,2,0.020000122,-0.261958920,-0.006229989,1.200000000,-0.039654489
0,344,1784880997.694482565,3,0.030000122,-0.261958600,-0.006229946,1.200000000,-0.039673500
0,344,1784880997.694482565,4,0.040000122,-0.261957752,-0.006229830,1.200000000,-0.039699708
0,344,1784880997.694482565,5,0.050000122,-0.261955992,-0.006229591,1.200000000,-0.039732880
0,344,1784880997.694482565,6,0.060000122,-0.261952839,-0.006229162,1.200000000,-0.039772782
0,344,1784880997.694482565,7,0.070000122,-0.261947726,-0.006228466,1.200000000,-0.039819180
0,344,1784880997.694482565,8,0.080000122,-0.261940004,-0.006227416,1.200000000,-0.039871838
0,344,1784880997.694482565,9,0.090000122,-0.261928950,-0.006225913,1.200000000,-0.039930524
0,344,1784880997.694482565,10,0.100000122,-0.261913767,-0.006223850,1.200000000,-0.039995002
0,344,1784880997.694482565,11,0.110000122,-0.261893599,-0.006221108,1.200000000,-0.040065038
0,344,1784880997.694482565,12,0.120000122,-0.261867527,-0.006217565,1.200000000,-0.040140399
0,344,1784880997.694482565,13,0.130000122,-0.261834583,-0.006213089,1.200000000,-0.040220850
0,344,1784880997.694482565,14,0.140000122,-0.261793750,-0.006207542,1.200000000,-0.040306156
0,344,1784880997.694482565,15,0.150000122,-0.261743965,-0.006200780,1.200000000,-0.040396084
0,344,1784880997.694482565,16,0.160000122,-0.261684131,-0.006192654,1.200000000,-0.040490399
0,344,1784880997.694482565,17,0.170000122,-0.261613115,-0.006183011,1.200000000,-0.040588867
0,344,1784880997.694482565,18,0.180000122,-0.261529756,-0.006171695,1.200000000,-0.040691254
0,344,1784880997.694482565,19,0.190000122,-0.261432867,-0.006158544,1.200000000,-0.040797325
0,344,1784880997.694482565,20,0.200000122,-0.261321242,-0.006143395,1.200000000,-0.040906847
0,344,1784880997.694482565,21,0.210000122,-0.261193657,-0.006126084,1.200000000,-0.041019585
0,344,1784880997.694482565,22,0.220000122,-0.261048874,-0.006106443,1.200000000,-0.041135304
0,344,1784880997.694482565,23,0.230000122,-0.260885647,-0.006084304,1.200000000,-0.041253771
0,344,1784880997.694482565,24,0.240000122,-0.260702724,-0.006059499,1.200000000,-0.041374751
0,344,1784880997.694482565,25,0.250000122,-0.260498849,-0.006031857,1.200000000,-0.041498011
0,344,1784880997.694482565,26,0.260000122,-0.260272766,-0.006001211,1.200000000,-0.041623315
0,344,1784880997.694482565,27,0.270000122,-0.260023224,-0.005967391,1.200000000,-0.041750430
0,344,1784880997.694482565,28,0.280000122,-0.259748977,-0.005930231,1.200000000,-0.041879121
0,344,1784880997.694482565,29,0.290000122,-0.259448787,-0.005889564,1.200000000,-0.042009154
0,344,1784880997.694482565,30,0.300000122,-0.259121429,-0.005845226,1.200000000,-0.042140295
0,344,1784880997.694482565,31,0.310000122,-0.258765690,-0.005797053,1.200000000,-0.042272310
0,344,1784880997.694482565,32,0.320000122,-0.258380373,-0.005744887,1.200000000,-0.042404964
0,344,1784880997.694482565,33,0.330000122,-0.257964301,-0.005688569,1.200000000,-0.042538023
0,344,1784880997.694482565,34,0.340000122,-0.257516315,-0.005627944,1.200000000,-0.042671254
0,344,1784880997.694482565,35,0.350000122,-0.257035279,-0.005562861,1.200000000,-0.042804420
0,344,1784880997.694482565,36,0.360000122,-0.256520078,-0.005493172,1.200000000,-0.042937290
0,344,1784880997.694482565,37,0.370000122,-0.255969626,-0.005418731,1.200000000,-0.043069627
0,344,1784880997.694482565,38,0.380000122,-0.255382862,-0.005339397,1.200000000,-0.043201198
0,344,1784880997.694482565,39,0.390000122,-0.254758751,-0.005255034,1.200000000,-0.043331770
0,344,1784880997.694482565,40,0.400000122,-0.254096291,-0.005165508,1.200000000,-0.043461106
0,344,1784880997.694482565,41,0.410000122,-0.253394509,-0.005070691,1.200000000,-0.043588974
0,344,1784880997.694482565,42,0.420000122,-0.252652462,-0.004970458,1.200000000,-0.043715139
0,344,1784880997.694482565,43,0.430000122,-0.251869242,-0.004864690,1.200000000,-0.043839366
0,344,1784880997.694482565,44,0.440000122,-0.251043972,-0.004753271,1.200000000,-0.043961422
0,344,1784880997.694482565,45,0.450000122,-0.250175811,-0.004636091,1.200000000,-0.044081072
0,344,1784880997.694482565,46,0.460000122,-0.249263951,-0.004513044,1.200000000,-0.044198083
0,344,1784880997.694482565,47,0.470000122,-0.248307621,-0.004384029,1.200000000,-0.044312219
0,344,1784880997.694482565,48,0.480000122,-0.247306085,-0.004248951,1.200000000,-0.044423246
0,344,1784880997.694482565,49,0.490000122,-0.246258642,-0.004107720,1.200000000,-0.044530931
0,344,1784880997.694482565,50,0.500000122,-0.245164630,-0.003960248,1.200000000,-0.044635039
0,344,1784880997.694482565,51,0.510000122,-0.244023420,-0.003806457,1.200000000,-0.044735336
0,344,1784880997.694482565,52,0.520000122,-0.242834423,-0.003646269,1.200000000,-0.044831588
0,344,1784880997.694482565,53,0.530000122,-0.241597085,-0.003479616,1.200000000,-0.044923559
0,344,1784880997.694482565,54,0.540000122,-0.240310889,-0.003306430,1.200000000,-0.045011017
0,344,1784880997.694482565,55,0.550000122,-0.238975356,-0.003126653,1.200000000,-0.045093727
0,344,1784880997.694482565,56,0.560000122,-0.237590043,-0.002940229,1.200000000,-0.045171454
0,344,1784880997.694482565,57,0.570000122,-0.236154541,-0.002747107,1.200000000,-0.045243965
0,344,1784880997.694482565,58,0.580000122,-0.234668481,-0.002547242,1.200000000,-0.045311024
0,344,1784880997.694482565,59,0.590000122,-0.233131527,-0.002340594,1.200000000,-0.045372399
0,344,1784880997.694482565,60,0.600000122,-0.231543378,-0.002127128,1.200000000,-0.045427854
0,344,1784880997.694482565,61,0.610000122,-0.229903771,-0.001906813,1.200000000,-0.045477156
0,344,1784880997.694482565,62,0.620000122,-0.228212475,-0.001679622,1.200000000,-0.045520070
0,344,1784880997.694482565,63,0.630000122,-0.226469292,-0.001445535,1.200000000,-0.045556362
0,344,1784880997.694482565,64,0.640000122,-0.224674061,-0.001204534,1.200000000,-0.045585798
0,344,1784880997.694482565,65,0.650000122,-0.222826650,-0.000956608,1.200000000,-0.045608143
0,344,1784880997.694482565,66,0.660000122,-0.220926960,-0.000701749,1.200000000,-0.045623163
0,344,1784880997.694482565,67,0.670000122,-0.218974926,-0.000439952,1.200000000,-0.045630624
0,344,1784880997.694482565,68,0.680000122,-0.216970510,-0.000171219,1.200000000,-0.045630292
0,344,1784880997.694482565,69,0.690000122,-0.214913705,0.000104446,1.200000000,-0.045621933
0,344,1784880997.694482565,70,0.700000122,-0.212804536,0.000387033,1.200000000,-0.045605311
0,344,1784880997.694482565,71,0.710000122,-0.210643051,0.000676532,1.200000000,-0.045580194
0,344,1784880997.694482565,72,0.720000122,-0.208429331,0.000972924,1.200000000,-0.045546346
0,344,1784880997.694482565,73,0.730000122,-0.206163480,0.001276191,1.200000000,-0.045503534
0,344,1784880997.694482565,74,0.740000122,-0.203845629,0.001586310,1.200000000,-0.045451524
0,344,1784880997.694482565,75,0.750000122,-0.201475935,0.001903252,1.200000000,-0.045390080
0,344,1784880997.694482565,76,0.760000122,-0.199054577,0.002226989,1.200000000,-0.045318969
0,344,1784880997.694482565,77,0.770000122,-0.196581760,0.002557487,1.200000000,-0.045237957
0,344,1784880997.694482565,78,0.780000122,-0.194057709,0.002894710,1.200000000,-0.045146809
0,344,1784880997.694482565,79,0.790000122,-0.191482671,0.003238619,1.200000000,-0.045045291
0,344,1784880997.694482565,80,0.800000122,-0.188856915,0.003589172,1.200000000,-0.044933169
0,344,1784880997.694482565,81,0.810000122,-0.186180729,0.003946325,1.200000000,-0.044810209
0,344,1784880997.694482565,82,0.820000122,-0.183454419,0.004310030,1.200000000,-0.044676219
0,344,1784880997.694482565,83,0.830000122,-0.180678311,0.004680239,1.200000000,-0.044531247
0,344,1784880997.694482565,84,0.840000122,-0.177852747,0.005056899,1.200000000,-0.044375417
0,344,1784880997.694482565,85,0.850000122,-0.174978085,0.005439957,1.200000000,-0.044208854
0,344,1784880997.694482565,86,0.860000122,-0.172054700,0.005829356,1.200000000,-0.044031685
0,344,1784880997.694482565,87,0.870000122,-0.169082982,0.006225040,1.200000000,-0.043844034
0,344,1784880997.694482565,88,0.880000122,-0.166063333,0.006626947,1.200000000,-0.043646027
0,344,1784880997.694482565,89,0.890000122,-0.162996172,0.007035017,1.200000000,-0.043437790
0,344,1784880997.694482565,90,0.900000122,-0.159881927,0.007449187,1.200000000,-0.043219449
0,344,1784880997.694482565,91,0.910000122,-0.156721040,0.007869391,1.200000000,-0.042991127
0,344,1784880997.694482565,92,0.920000122,-0.153513964,0.008295564,1.200000000,-0.042752952
0,344,1784880997.694482565,93,0.930000122,-0.150261163,0.008727639,1.200000000,-0.042505048
0,344,1784880997.694482565,94,0.940000122,-0.146963109,0.009165546,1.200000000,-0.042247542
0,344,1784880997.694482565,95,0.950000122,-0.143620286,0.009609216,1.200000000,-0.041980557
0,344,1784880997.694482565,96,0.960000122,-0.140233184,0.010058578,1.200000000,-0.041704221
0,344,1784880997.694482565,97,0.970000122,-0.136802302,0.010513560,1.200000000,-0.041418658
0,344,1784880997.694482565,98,0.980000122,-0.133328147,0.010974090,1.200000000,-0.041123994
0,344,1784880997.694482565,99,0.990000122,-0.129811232,0.011440093,1.200000000,-0.040820355
0,344,1784880997.694482565,100,1.000000122,-0.126252077,0.011911497,1.200000000,-0.040507865
0,344,1784880997.694482565,101,1.010000122,-0.122651206,0.012388225,1.200000000,-0.040186651
0,344,1784880997.694482565,102,1.020000122,-0.119009148,0.012870202,1.200000000,-0.039856838
0,344,1784880997.694482565,103,1.030000122,-0.115326440,0.013357353,1.200000000,-0.039518550
0,344,1784880997.694482565,104,1.040000122,-0.111603618,0.013849601,1.200000000,-0.039171915
0,344,1784880997.694482565,105,1.050000122,-0.107841224,0.014346870,1.200000000,-0.038817057
0,344,1784880997.694482565,106,1.060000122,-0.104039804,0.014849082,1.200000000,-0.038454101
0,344,1784880997.694482565,107,1.070000122,-0.100199904,0.015356161,1.200000000,-0.038083174
0,344,1784880997.694482565,108,1.080000122,-0.096322072,0.015868030,1.200000000,-0.037704401
0,344,1784880997.694482565,109,1.090000122,-0.092406860,0.016384612,1.200000000,-0.037317906
0,344,1784880997.694482565,110,1.100000122,-0.088454818,0.016905828,1.200000000,-0.036923816
0,344,1784880997.694482565,111,1.110000122,-0.084466498,0.017431603,1.200000000,-0.036522257
0,344,1784880997.694482565,112,1.120000122,-0.080442453,0.017961859,1.200000000,-0.036113353
0,344,1784880997.694482565,113,1.130000122,-0.076383233,0.018496520,1.200000000,-0.035697230
0,344,1784880997.694482565,114,1.140000122,-0.072289390,0.019035508,1.200000000,-0.035274013
0,344,1784880997.694482565,115,1.150000122,-0.068161474,0.019578749,1.200000000,-0.034843829
0,344,1784880997.694482565,116,1.160000122,-0.064000032,0.020126166,1.200000000,-0.034406802
0,344,1784880997.694482565,117,1.170000122,-0.059805611,0.020677684,1.200000000,-0.033963058
0,344,1784880997.694482565,118,1.180000122,-0.055578756,0.021233227,1.200000000,-0.033512722
0,344,1784880997.694482565,119,1.190000122,-0.051320006,0.021792723,1.200000000,-0.033055921
0,344,1784880997.694482565,120,1.200000122,-0.047029902,0.022356097,1.200000000,-0.032592779
0,344,1784880997.694482565,121,1.210000122,-0.042708978,0.022923275,1.200000000,-0.032123421
0,344,1784880997.694482565,122,1.220000122,-0.038357765,0.023494186,1.200000000,-0.031647974
0,344,1784880997.694482565,123,1.230000122,-0.033976793,0.024068758,1.200000000,-0.031166563
0,344,1784880997.694482565,124,1.240000122,-0.029566583,0.024646920,1.200000000,-0.030679313
0,344,1784880997.694482565,125,1.250000122,-0.025127655,0.025228601,1.200000000,-0.030186350
0,344,1784880997.694482565,126,1.260000122,-0.020660523,0.025813733,1.200000000,-0.029687800
0,344,1784880997.694482565,127,1.270000122,-0.016165696,0.026402247,1.200000000,-0.029183787
0,344,1784880997.694482565,128,1.280000122,-0.011643679,0.026994075,1.200000000,-0.028674437
0,344,1784880997.694482565,129,1.290000122,-0.007094969,0.027589151,1.200000000,-0.028159876
0,344,1784880997.694482565,130,1.300000122,-0.002520060,0.028187410,1.200000000,-0.027640229
0,344,1784880997.694482565,131,1.310000122,0.002080563,0.028788786,1.200000000,-0.027115621
0,344,1784880997.694482565,132,1.320000122,0.006706419,0.029393216,1.200000000,-0.026586179
0,344,1784880997.694482565,133,1.330000122,0.011357033,0.030000639,1.200000000,-0.026052027
0,344,1784880997.694482565,134,1.340000122,0.016031939,0.030610991,1.200000000,-0.025513292
0,344,1784880997.694482565,135,1.350000122,0.020730677,0.031224214,1.200000000,-0.024970098
0,344,1784880997.694482565,136,1.360000122,0.025452792,0.031840248,1.200000000,-0.024422571
0,344,1784880997.694482565,137,1.370000122,0.030197838,0.032459035,1.200000000,-0.023870836
0,344,1784880997.694482565,138,1.380000122,0.034965376,0.033080519,1.200000000,-0.023315020
0,344,1784880997.694482565,139,1.390000122,0.039754974,0.033704644,1.200000000,-0.022755247
0,344,1784880997.694482565,140,1.400000122,0.044566209,0.034331356,1.200000000,-0.022191643
0,344,1784880997.694482565,141,1.410000122,0.049398664,0.034960602,1.200000000,-0.021624333
0,344,1784880997.694482565,142,1.420000122,0.054251930,0.035592330,1.200000000,-0.021053443
0,344,1784880997.694482565,143,1.430000122,0.059125608,0.036226490,1.200000000,-0.020479099
0,344,1784880997.694482565,144,1.440000122,0.064019305,0.036863033,1.200000000,-0.019901425
0,344,1784880997.694482565,145,1.450000122,0.068932636,0.037501911,1.200000000,-0.019320548
0,344,1784880997.694482565,146,1.460000122,0.073865226,0.038143077,1.200000000,-0.018736593
0,344,1784880997.694482565,147,1.470000122,0.078816707,0.038786487,1.200000000,-0.018149685
0,344,1784880997.694482565,148,1.480000122,0.083786719,0.039432096,1.200000000,-0.017559949
0,344,1784880997.694482565,149,1.490000122,0.088774914,0.040079863,1.200000000,-0.016967512
0,344,1784880997.694482565,150,1.500000122,0.093780947,0.040729747,1.200000000,-0.016372498
0,344,1784880997.694482565,151,1.510000122,0.098804486,0.041381708,1.200000000,-0.015775034
0,344,1784880997.694482565,152,1.520000122,0.103845206,0.042035707,1.200000000,-0.015175244
0,344,1784880997.694482565,153,1.530000122,0.108902791,0.042691708,1.200000000,-0.014573255
0,344,1784880997.694482565,154,1.540000122,0.113976933,0.043349676,1.200000000,-0.013969191
0,344,1784880997.694482565,155,1.550000122,0.119067333,0.044009576,1.200000000,-0.013363178
0,344,1784880997.694482565,156,1.560000122,0.124173703,0.044671376,1.200000000,-0.012755342
0,344,1784880997.694482565,157,1.570000122,0.129295760,0.045335044,1.200000000,-0.012145807
0,344,1784880997.694482565,158,1.580000122,0.134433233,0.046000552,1.200000000,-0.011534701
0,344,1784880997.694482565,159,1.590000122,0.139585857,0.046667870,1.200000000,-0.010922147
0,344,1784880997.694482565,160,1.600000122,0.144753379,0.047336972,1.200000000,-0.010308272
0,344,1784880997.694482565,161,1.610000122,0.149935551,0.048007832,1.200000000,-0.009693200
0,344,1784880997.694482565,162,1.620000122,0.155132137,0.048680425,1.200000000,-0.009077058
0,344,1784880997.694482565,163,1.630000122,0.160342908,0.049354730,1.200000000,-0.008459971
0,344,1784880997.694482565,164,1.640000122,0.165567644,0.050030724,1.200000000,-0.007842065
0,344,1784880997.694482565,165,1.650000122,0.170806134,0.050708387,1.200000000,-0.007223464
0,344,1784880997.694482565,166,1.660000122,0.176058175,0.051387702,1.200000000,-0.006604295
0,344,1784880997.694482565,167,1.670000122,0.181323573,0.052068650,1.200000000,-0.005984682
0,344,1784880997.694482565,168,1.680000122,0.186602142,0.052751216,1.200000000,-0.005364752
0,344,1784880997.694482565,169,1.690000122,0.191893705,0.053435385,1.200000000,-0.004744629
0,344,1784880997.694482565,170,1.700000122,0.197198093,0.054121143,1.200000000,-0.004124440
0,344,1784880997.694482565,171,1.710000122,0.202515145,0.054808480,1.200000000,-0.003504309
0,344,1784880997.694482565,172,1.720000122,0.207844709,0.055497384,1.200000000,-0.002884362
0,344,1784880997.694482565,173,1.730000122,0.213186641,0.056187846,1.200000000,-0.002264726
0,344,1784880997.694482565,174,1.740000122,0.218540804,0.056879858,1.200000000,-0.001645524
0,344,1784880997.694482565,175,1.750000122,0.223907069,0.057573413,1.200000000,-0.001026883
0,344,1784880997.694482565,176,1.760000122,0.229285317,0.058268506,1.200000000,-0.000408928
0,344,1784880997.694482565,177,1.770000122,0.234675435,0.058965132,1.200000000,0.000208215
0,344,1784880997.694482565,178,1.780000122,0.240077317,0.059663289,1.200000000,0.000824422
0,344,1784880997.694482565,179,1.790000122,0.245490867,0.060362974,1.200000000,0.001439566
0,344,1784880997.694482565,180,1.800000122,0.250915993,0.061064188,1.200000000,0.002053521
0,344,1784880997.694482565,181,1.810000122,0.256352613,0.061766930,1.200000000,0.002666164
0,344,1784880997.694482565,182,1.820000122,0.261800652,0.062471203,1.200000000,0.003277367
0,344,1784880997.694482565,183,1.830000122,0.267260041,0.063177009,1.200000000,0.003887006
0,344,1784880997.694482565,184,1.840000122,0.272730718,0.063884353,1.200000000,0.004494955
0,344,1784880997.694482565,185,1.850000122,0.278212629,0.064593239,1.200000000,0.005101089
0,344,1784880997.694482565,186,1.860000122,0.283705725,0.065303673,1.200000000,0.005705281
0,344,1784880997.694482565,187,1.870000122,0.289209965,0.066015664,1.200000000,0.006307408
0,344,1784880997.694482565,188,1.880000122,0.294725315,0.066729218,1.200000000,0.006907342
0,344,1784880997.694482565,189,1.890000122,0.300251744,0.067444346,1.200000000,0.007504960
0,344,1784880997.694482565,190,1.900000122,0.305789231,0.068161058,1.200000000,0.008100134
0,344,1784880997.694482565,191,1.910000122,0.311337759,0.068879365,1.200000000,0.008692741
0,344,1784880997.694482565,192,1.920000122,0.316897317,0.069599280,1.200000000,0.009282653
0,344,1784880997.694482565,193,1.930000122,0.322467899,0.070320815,1.200000000,0.009869747
0,344,1784880997.694482565,194,1.940000122,0.328049506,0.071043984,1.200000000,0.010453895
0,344,1784880997.694482565,195,1.950000122,0.333642144,0.071768803,1.200000000,0.011034974
0,344,1784880997.694482565,196,1.960000122,0.339245824,0.072495288,1.200000000,0.011612857
0,344,1784880997.694482565,197,1.970000122,0.344860561,0.073223454,1.200000000,0.012187419
0,344,1784880997.694482565,198,1.980000122,0.350486377,0.073953320,1.200000000,0.012758534
0,344,1784880997.694482565,199,1.990000122,0.356123297,0.074684904,1.200000000,0.013326077
0,344,1784880997.694482565,200,2.000000122,0.361771351,0.075418224,1.200000000,0.013889923
0,344,1784880997.694482565,201,2.010000122,0.367430575,0.076153301,1.200000000,0.014449945
0,344,1784880997.694482565,202,2.020000122,0.373101006,0.076890154,1.200000000,0.015006019
0,344,1784880997.694482565,203,2.030000122,0.378782687,0.077628806,1.200000000,0.015558020
0,344,1784880997.694482565,204,2.040000122,0.384475666,0.078369278,1.200000000,0.016105820
0,344,1784880997.694482565,205,2.050000122,0.390179993,0.079111591,1.200000000,0.016649296
0,344,1784880997.694482565,206,2.060000122,0.395895722,0.079855770,1.200000000,0.017188321
0,344,1784880997.694482565,207,2.070000122,0.401622911,0.080601837,1.200000000,0.017722771
0,344,1784880997.694482565,208,2.080000122,0.407361620,0.081349818,1.200000000,0.018252519
0,344,1784880997.694482565,209,2.090000122,0.413111912,0.082099735,1.200000000,0.018777440
0,344,1784880997.694482565,210,2.100000122,0.418873855,0.082851616,1.200000000,0.019297410
0,344,1784880997.694482565,211,2.110000122,0.424647518,0.083605484,1.200000000,0.019812301
0,344,1784880997.694482565,212,2.120000122,0.430432973,0.084361367,1.200000000,0.020321989
0,344,1784880997.694482565,213,2.130000122,0.436230293,0.085119290,1.200000000,0.020826348
0,344,1784880997.694482565,214,2.140000122,0.442039555,0.085879281,1.200000000,0.021325253
0,344,1784880997.694482565,215,2.150000122,0.447860838,0.086641366,1.200000000,0.021818579
0,344,1784880997.694482565,216,2.160000122,0.453694221,0.087405573,1.200000000,0.022306199
0,344,1784880997.694482565,217,2.170000122,0.459539787,0.088171930,1.200000000,0.022787988
0,344,1784880997.694482565,218,2.180000122,0.465397618,0.088940465,1.200000000,0.023263822
0,344,1784880997.694482565,219,2.190000122,0.471267800,0.089711207,1.200000000,0.023733574
0,344,1784880997.694482565,220,2.200000122,0.477150418,0.090484183,1.200000000,0.024197118
0,344,1784880997.694482565,221,2.210000122,0.483045559,0.091259423,1.200000000,0.024654331
0,344,1784880997.694482565,222,2.220000122,0.488953311,0.092036955,1.200000000,0.025105085
0,344,1784880997.694482565,223,2.230000122,0.494873762,0.092816808,1.200000000,0.025549256
0,344,1784880997.694482565,224,2.240000122,0.500807001,0.093599012,1.200000000,0.025986717
0,344,1784880997.694482565,225,2.250000122,0.506753116,0.094383596,1.200000000,0.026417345
0,344,1784880997.694482565,226,2.260000122,0.512712198,0.095170588,1.200000000,0.026841012
0,344,1784880997.694482565,227,2.270000122,0.518684335,0.095960019,1.200000000,0.027257594
0,344,1784880997.694482565,228,2.280000122,0.524669616,0.096751918,1.200000000,0.027666965
0,344,1784880997.694482565,229,2.290000122,0.530668131,0.097546313,1.200000000,0.028069000
0,344,1784880997.694482565,230,2.300000122,0.536679967,0.098343235,1.200000000,0.028463573
0,344,1784880997.694482565,231,2.310000122,0.542705213,0.099142712,1.200000000,0.028850558
0,344,1784880997.694482565,232,2.320000122,0.548743956,0.099944773,1.200000000,0.029229831
0,344,1784880997.694482565,233,2.330000122,0.554796281,0.100749447,1.200000000,0.029601265
0,344,1784880997.694482565,234,2.340000122,0.560862274,0.101556763,1.200000000,0.029964736
0,344,1784880997.694482565,235,2.350000122,0.566942019,0.102366750,1.200000000,0.030320118
0,344,1784880997.694482565,236,2.360000122,0.573035597,0.103179436,1.200000000,0.030667285
0,344,1784880997.694482565,237,2.370000122,0.579143091,0.103994849,1.200000000,0.031006111
0,344,1784880997.694482565,238,2.380000122,0.585264580,0.104813017,1.200000000,0.031336472
0,344,1784880997.694482565,239,2.390000122,0.591400142,0.105633968,1.200000000,0.031658242
0,344,1784880997.694482565,240,2.400000122,0.597549852,0.106457729,1.200000000,0.031971295
0,344,1784880997.694482565,241,2.410000122,0.603713786,0.107284328,1.200000000,0.032275507
0,344,1784880997.694482565,242,2.420000122,0.609892014,0.108113790,1.200000000,0.032570791
0,344,1784880997.694482565,243,2.430000122,0.616084606,0.108946143,1.200000000,0.032857208
0,344,1784880997.694482565,244,2.440000122,0.622291631,0.109781412,1.200000000,0.033134847
0,344,1784880997.694482565,245,2.450000122,0.628513153,0.110619624,1.200000000,0.033403799
0,344,1784880997.694482565,246,2.460000122,0.634749234,0.111460802,1.200000000,0.033664153
0,344,1784880997.694482565,247,2.470000122,0.640999936,0.112304973,1.200000000,0.033915999
0,344,1784880997.694482565,248,2.480000122,0.647265314,0.113152159,1.200000000,0.034159428
0,344,1784880997.694482565,249,2.490000122,0.653545424,0.114002386,1.200000000,0.034394529
0,344,1784880997.694482565,250,2.500000122,0.659840317,0.114855677,1.200000000,0.034621393
0,344,1784880997.694482565,251,2.510000122,0.666150043,0.115712053,1.200000000,0.034840110
0,344,1784880997.694482565,252,2.520000122,0.672474645,0.116571539,1.200000000,0.035050769
0,344,1784880997.694482565,253,2.530000122,0.678814168,0.117434154,1.200000000,0.035253460
0,344,1784880997.694482565,254,2.540000122,0.685168650,0.118299921,1.200000000,0.035448274
0,344,1784880997.694482565,255,2.550000122,0.691538128,0.119168861,1.200000000,0.035635301
0,344,1784880997.694482565,256,2.560000122,0.697922634,0.120040992,1.200000000,0.035814631
0,344,1784880997.694482565,257,2.570000122,0.704322197,0.120916336,1.200000000,0.035986353
0,344,1784880997.694482565,258,2.580000122,0.710736845,0.121794910,1.200000000,0.036150559
0,344,1784880997.694482565,259,2.590000122,0.717166598,0.122676732,1.200000000,0.036307337
0,344,1784880997.694482565,260,2.600000122,0.723611476,0.123561821,1.200000000,0.036456778
0,344,1784880997.694482565,261,2.610000122,0.730071494,0.124450193,1.200000000,0.036598972
0,344,1784880997.694482565,262,2.620000122,0.736546664,0.125341864,1.200000000,0.036734008
0,344,1784880997.694482565,263,2.630000122,0.743036994,0.126236850,1.200000000,0.036861978
0,344,1784880997.694482565,264,2.640000122,0.749542487,0.127135166,1.200000000,0.036982971
0,344,1784880997.694482565,265,2.650000122,0.756063145,0.128036826,1.200000000,0.037097077
0,344,1784880997.694482565,266,2.660000122,0.762598964,0.128941842,1.200000000,0.037204386
0,344,1784880997.694482565,267,2.670000122,0.769149937,0.129850228,1.200000000,0.037304988
0,344,1784880997.694482565,268,2.680000122,0.775716052,0.130761997,1.200000000,0.037398973
0,344,1784880997.694482565,269,2.690000122,0.782297294,0.131677157,1.200000000,0.037486431
0,344,1784880997.694482565,270,2.700000122,0.788893646,0.132595721,1.200000000,0.037567453
0,344,1784880997.694482565,271,2.710000122,0.795505083,0.133517698,1.200000000,0.037642128
0,344,1784880997.694482565,272,2.720000122,0.802131580,0.134443097,1.200000000,0.037710546
0,344,1784880997.694482565,273,2.730000122,0.808773104,0.135371925,1.200000000,0.037772797
0,344,1784880997.694482565,274,2.740000122,0.815429623,0.136304190,1.200000000,0.037828972
0,344,1784880997.694482565,275,2.750000122,0.822101096,0.137239898,1.200000000,0.037879160
0,344,1784880997.694482565,276,2.760000122,0.828787481,0.138179055,1.200000000,0.037923452
0,344,1784880997.694482565,277,2.770000122,0.835488732,0.139121666,1.200000000,0.037961937
0,344,1784880997.694482565,278,2.780000122,0.842204798,0.140067735,1.200000000,0.037994706
0,344,1784880997.694482565,279,2.790000122,0.848935623,0.141017264,1.200000000,0.038021848
0,344,1784880997.694482565,280,2.800000122,0.855681150,0.141970256,1.200000000,0.038043454
0,344,1784880997.694482565,281,2.810000122,0.862441315,0.142926713,1.200000000,0.038059613
0,344,1784880997.694482565,282,2.820000122,0.869216053,0.143886634,1.200000000,0.038070416
0,344,1784880997.694482565,283,2.830000122,0.876005291,0.144850020,1.200000000,0.038075953
0,344,1784880997.694482565,284,2.840000122,0.882808957,0.145816870,1.200000000,0.038076314
0,344,1784880997.694482565,285,2.850000122,0.889626970,0.146787181,1.200000000,0.038071588
0,344,1784880997.694482565,286,2.860000122,0.896459249,0.147760951,1.200000000,0.038061866
0,344,1784880997.694482565,287,2.870000122,0.903305708,0.148738175,1.200000000,0.038047238
0,344,1784880997.694482565,288,2.880000122,0.910166255,0.149718849,1.200000000,0.038027793
0,344,1784880997.694482565,289,2.890000122,0.917040798,0.150702967,1.200000000,0.038003623
0,344,1784880997.694482565,290,2.900000122,0.923929238,0.151690523,1.200000000,0.037974817
0,344,1784880997.694482565,291,2.910000122,0.930831473,0.152681510,1.200000000,0.037941464
0,344,1784880997.694482565,292,2.920000122,0.937747397,0.153675919,1.200000000,0.037903656
0,344,1784880997.694482565,293,2.930000122,0.944676903,0.154673742,1.200000000,0.037861481
0,344,1784880997.694482565,294,2.940000122,0.951619876,0.155674967,1.200000000,0.037815031
0,344,1784880997.694482565,295,2.950000122,0.958576200,0.156679584,1.200000000,0.037764394
0,344,1784880997.694482565,296,2.960000122,0.965545755,0.157687581,1.200000000,0.037709662
0,344,1784880997.694482565,297,2.970000122,0.972528417,0.158698946,1.200000000,0.037650924
0,344,1784880997.694482565,298,2.980000122,0.979524059,0.159713664,1.200000000,0.037588271
0,344,1784880997.694482565,299,2.990000122,0.986532549,0.160731721,1.200000000,0.037521791
0,344,1784880997.694482565,300,3.000000122,0.993553753,0.161753101,1.200000000,0.037451576
0,344,1784880997.694482565,301,3.010000122,1.000587535,0.162777789,1.200000000,0.037377715
0,344,1784880997.694482565,302,3.020000122,1.007633751,0.163805766,1.200000000,0.037300299
0,344,1784880997.694482565,303,3.030000122,1.014692259,0.164837015,1.200000000,0.037219416
0,344,1784880997.694482565,304,3.040000122,1.021762910,0.165871516,1.200000000,0.037135159
0,344,1784880997.694482565,305,3.050000122,1.028845554,0.166909249,1.200000000,0.037047615
0,344,1784880997.694482565,306,3.060000122,1.035940035,0.167950194,1.200000000,0.036956877
0,344,1784880997.694482565,307,3.070000122,1.043046198,0.168994327,1.200000000,0.036863032
0,344,1784880997.694482565,308,3.080000122,1.050163882,0.170041628,1.200000000,0.036766173
0,344,1784880997.694482565,309,3.090000122,1.057292924,0.171092071,1.200000000,0.036666388
0,344,1784880997.694482565,310,3.100000122,1.064433157,0.172145632,1.200000000,0.036563767
0,344,1784880997.694482565,311,3.110000122,1.071584413,0.173202286,1.200000000,0.036458402
0,344,1784880997.694482565,312,3.120000122,1.078746520,0.174262006,1.200000000,0.036350381
0,344,1784880997.694482565,313,3.130000122,1.085919303,0.175324765,1.200000000,0.036239794
0,344,1784880997.694482565,314,3.140000122,1.093102585,0.176390535,1.200000000,0.036126733
0,344,1784880997.694482565,315,3.150000122,1.100296186,0.177459287,1.200000000,0.036011286
0,344,1784880997.694482565,316,3.160000122,1.107499925,0.178530990,1.200000000,0.035893544
0,344,1784880997.694482565,317,3.170000122,1.114713615,0.179605615,1.200000000,0.035773597
0,344,1784880997.694482565,318,3.180000122,1.121937070,0.180683129,1.200000000,0.035651535
0,344,1784880997.694482565,319,3.190000122,1.129170101,0.181763499,1.200000000,0.035527448
0,344,1784880997.694482565,320,3.200000122,1.136412514,0.182846692,1.200000000,0.035401426
0,344,1784880997.694482565,321,3.210000122,1.143664118,0.183932675,1.200000000,0.035273559
0,344,1784880997.694482565,322,3.220000122,1.150924714,0.185021410,1.200000000,0.035143937
0,344,1784880997.694482565,323,3.230000122,1.158194106,0.186112864,1.200000000,0.035012650
0,344,1784880997.694482565,324,3.240000122,1.165472092,0.187206998,1.200000000,0.034879789
0,344,1784880997.694482565,325,3.250000122,1.172758472,0.188303775,1.200000000,0.034745442
0,344,1784880997.694482565,326,3.260000122,1.180053040,0.189403156,1.200000000,0.034609701
0,344,1784880997.694482565,327,3.270000122,1.187355591,0.190505102,1.200000000,0.034472655
0,344,1784880997.694482565,328,3.280000122,1.194665919,0.191609573,1.200000000,0.034334394
0,344,1784880997.694482565,329,3.290000122,1.201983814,0.192716527,1.200000000,0.034195008
0,344,1784880997.694482565,330,3.300000122,1.209309066,0.193825922,1.200000000,0.034054588
0,344,1784880997.694482565,331,3.310000122,1.216641462,0.194937717,1.200000000,0.033913223
0,344,1784880997.694482565,332,3.320000122,1.223980791,0.196051866,1.200000000,0.033771004
0,344,1784880997.694482565,333,3.330000122,1.231326836,0.197168327,1.200000000,0.033628020
0,344,1784880997.694482565,334,3.340000122,1.238679384,0.198287053,1.200000000,0.033484361
0,344,1784880997.694482565,335,3.350000122,1.246038216,0.199407999,1.200000000,0.033340119
0,344,1784880997.694482565,336,3.360000122,1.253403115,0.200531118,1.200000000,0.033195381
0,344,1784880997.694482565,337,3.370000122,1.260773863,0.201656363,1.200000000,0.033050239
0,344,1784880997.694482565,338,3.380000122,1.268150239,0.202783685,1.200000000,0.032904783
0,344,1784880997.694482565,339,3.390000122,1.275532023,0.203913035,1.200000000,0.032759103
0,344,1784880997.694482565,340,3.400000122,1.282918995,0.205044364,1.200000000,0.032613288
0,344,1784880997.694482565,341,3.410000122,1.290310932,0.206177620,1.200000000,0.032467429
0,344,1784880997.694482565,342,3.420000122,1.297707612,0.207312754,1.200000000,0.032321616
0,344,1784880997.694482565,343,3.430000122,1.305108812,0.208449711,1.200000000,0.032175938
0,344,1784880997.694482565,344,3.440000122,1.312514309,0.209588441,1.200000000,0.032030487
0,344,1784880997.694482565,345,3.450000122,1.319923880,0.210728889,1.200000000,0.031885351
0,344,1784880997.694482565,346,3.460000122,1.327337300,0.211871002,1.200000000,0.031740621
0,344,1784880997.694482565,347,3.470000122,1.334754347,0.213014724,1.200000000,0.031596387
0,344,1784880997.694482565,348,3.480000122,1.342174796,0.214159999,1.200000000,0.031452739
0,344,1784880997.694482565,349,3.490000122,1.349598423,0.215306772,1.200000000,0.031309767
0,344,1784880997.694482565,350,3.500000122,1.357025004,0.216454986,1.200000000,0.031167561
0,344,1784880997.694482565,351,3.510000122,1.364454317,0.217604582,1.200000000,0.031026212
0,344,1784880997.694482565,352,3.520000122,1.371886136,0.218755503,1.200000000,0.030885808
0,344,1784880997.694482565,353,3.530000122,1.379320241,0.219907690,1.200000000,0.030746441
0,344,1784880997.694482565,354,3.540000122,1.386756407,0.221061083,1.200000000,0.030608199
0,344,1784880997.694482565,355,3.550000122,1.394194413,0.222215622,1.200000000,0.030471174
0,344,1784880997.694482565,356,3.560000122,1.401634037,0.223371246,1.200000000,0.030335456
0,344,1784880997.694482565,357,3.570000122,1.409075059,0.224527893,1.200000000,0.030201133
0,344,1784880997.694482565,358,3.580000122,1.416517258,0.225685502,1.200000000,0.030068297
0,344,1784880997.694482565,359,3.590000122,1.423960415,0.226844009,1.200000000,0.029937037
0,344,1784880997.694482565,360,3.600000122,1.431404312,0.228003352,1.200000000,0.029807444
0,344,1784880997.694482565,361,3.610000122,1.438848731,0.229163467,1.200000000,0.029679607
0,344,1784880997.694482565,362,3.620000122,1.446293456,0.230324289,1.200000000,0.029553617
0,344,1784880997.694482565,363,3.630000122,1.453738271,0.231485753,1.200000000,0.029429563
0,344,1784880997.694482565,364,3.640000122,1.461182962,0.232647794,1.200000000,0.029307535
0,344,1784880997.694482565,365,3.650000122,1.468627317,0.233810345,1.200000000,0.029187624
0,344,1784880997.694482565,366,3.660000122,1.476071123,0.234973339,1.200000000,0.029069920
0,344,1784880997.694482565,367,3.670000122,1.483514171,0.236136710,1.200000000,0.028954513
0,344,1784880997.694482565,368,3.680000122,1.490956253,0.237300390,1.200000000,0.028841492
0,344,1784880997.694482565,369,3.690000122,1.498397160,0.238464311,1.200000000,0.028730948
0,344,1784880997.694482565,370,3.700000122,1.505836687,0.239628403,1.200000000,0.028622971
0,344,1784880997.694482565,371,3.710000122,1.513274630,0.240792598,1.200000000,0.028517650
0,344,1784880997.694482565,372,3.720000122,1.520710788,0.241956826,1.200000000,0.028415076
0,344,1784880997.694482565,373,3.730000122,1.528144960,0.243121016,1.200000000,0.028315339
0,344,1784880997.694482565,374,3.740000122,1.535576947,0.244285098,1.200000000,0.028218530
0,344,1784880997.694482565,375,3.750000122,1.543006553,0.245449001,1.200000000,0.028124737
0,344,1784880997.694482565,376,3.760000122,1.550433583,0.246612653,1.200000000,0.028034050
0,344,1784880997.694482565,377,3.770000122,1.557857845,0.247775982,1.200000000,0.027946561
0,344,1784880997.694482565,378,3.780000122,1.565279149,0.248938916,1.200000000,0.027862359
0,344,1784880997.694482565,379,3.790000122,1.572697306,0.250101381,1.200000000,0.027781535
0,344,1784880997.694482565,380,3.800000122,1.580112129,0.251263305,1.200000000,0.027704177
0,344,1784880997.694482565,381,3.810000122,1.587523436,0.252424614,1.200000000,0.027630376
0,344,1784880997.694482565,382,3.820000122,1.594931045,0.253585233,1.200000000,0.027560223
0,344,1784880997.694482565,383,3.830000122,1.602334777,0.254745088,1.200000000,0.027493806
0,344,1784880997.694482565,384,3.840000122,1.609734455,0.255904104,1.200000000,0.027431218
0,344,1784880997.694482565,385,3.850000122,1.617129905,0.257062206,1.200000000,0.027372546
0,344,1784880997.694482565,386,3.860000122,1.624520956,0.258219318,1.200000000,0.027317881
0,344,1784880997.694482565,387,3.870000122,1.631907438,0.259375365,1.200000000,0.027267298
0,344,1784880997.694482565,388,3.880000122,1.639289185,0.260530269,1.200000000,0.027220736
0,344,1784880997.694482565,389,3.890000122,1.646666033,0.261683955,1.200000000,0.027178069
0,344,1784880997.694482565,390,3.900000122,1.654037820,0.262836345,1.200000000,0.027139169
0,344,1784880997.694482565,391,3.910000122,1.661404390,0.263987362,1.200000000,0.027103910
0,344,1784880997.694482565,392,3.920000122,1.668765585,0.265136928,1.200000000,0.027072165
0,344,1784880997.694482565,393,3.930000122,1.676121254,0.266284966,1.200000000,0.027043806
0,344,1784880997.694482565,394,3.940000122,1.683471245,0.267431397,1.200000000,0.027018708
0,344,1784880997.694482565,395,3.950000122,1.690815413,0.268576142,1.200000000,0.026996742
0,344,1784880997.694482565,396,3.960000122,1.698153612,0.269719124,1.200000000,0.026977782
0,344,1784880997.694482565,397,3.970000122,1.705485702,0.270860262,1.200000000,0.026961701
0,344,1784880997.694482565,398,3.980000122,1.712811543,0.271999478,1.200000000,0.026948372
0,344,1784880997.694482565,399,3.990000122,1.720131001,0.273136692,1.200000000,0.026937668
0,344,1784880997.694482565,400,4.000000122,1.727443944,0.274271824,1.200000000,0.026929463
0,344,1784880997.694482565,401,4.010000122,1.734750241,0.275404794,1.200000000,0.026923628
0,344,1784880997.694482565,402,4.020000122,1.742049766,0.276535522,1.200000000,0.026920038
0,344,1784880997.694482565,403,4.030000122,1.749342397,0.277663928,1.200000000,0.026918564
0,344,1784880997.694482565,404,4.040000122,1.756628012,0.278789929,1.200000000,0.026919081
0,344,1784880997.694482565,405,4.050000122,1.763906495,0.279913447,1.200000000,0.026921462
0,344,1784880997.694482565,406,4.060000122,1.771177731,0.281034399,1.200000000,0.026925578
0,344,1784880997.694482565,407,4.070000122,1.778441610,0.282152705,1.200000000,0.026931304
0,344,1784880997.694482565,408,4.080000122,1.785698024,0.283268282,1.200000000,0.026938513
0,344,1784880997.694482565,409,4.090000122,1.792946868,0.284381049,1.200000000,0.026947077
0,344,1784880997.694482565,410,4.100000122,1.800188041,0.285490925,1.200000000,0.026956869
0,344,1784880997.694482565,411,4.110000122,1.807421443,0.286597826,1.200000000,0.026967763
0,344,1784880997.694482565,412,4.120000122,1.814646981,0.287701672,1.200000000,0.026979632
0,344,1784880997.694482565,413,4.130000122,1.821864562,0.288802380,1.200000000,0.026992348
0,344,1784880997.694482565,414,4.140000122,1.829074096,0.289899867,1.200000000,0.027005785
0,344,1784880997.694482565,415,4.150000122,1.836275499,0.290994051,1.200000000,0.027019815
0,344,1784880997.694482565,416,4.160000122,1.843468687,0.292084849,1.200000000,0.027034313
0,344,1784880997.694482565,417,4.170000122,1.850653581,0.293172178,1.200000000,0.027049150
0,344,1784880997.694482565,418,4.180000122,1.857830106,0.294255956,1.200000000,0.027064200
0,344,1784880997.694482565,419,4.190000122,1.864998187,0.295336099,1.200000000,0.027079336
0,344,1784880997.694482565,420,4.200000122,1.872157755,0.296412524,1.200000000,0.027094431
0,344,1784880997.694482565,421,4.210000122,1.879308743,0.297485149,1.200000000,0.027109358
0,344,1784880997.694482565,422,4.220000122,1.886451088,0.298553889,1.200000000,0.027123989
0,344,1784880997.694482565,423,4.230000122,1.893584728,0.299618661,1.200000000,0.027138199
0,344,1784880997.694482565,424,4.240000122,1.900709607,0.300679383,1.200000000,0.027151860
0,344,1784880997.694482565,425,4.250000122,1.907825671,0.301735970,1.200000000,0.027164845
0,344,1784880997.694482565,426,4.260000122,1.914932867,0.302788338,1.200000000,0.027177028
0,344,1784880997.694482565,427,4.270000122,1.922031149,0.303836406,1.200000000,0.027188280
0,344,1784880997.694482565,428,4.280000122,1.929120470,0.304880088,1.200000000,0.027198476
0,344,1784880997.694482565,429,4.290000122,1.936200790,0.305919301,1.200000000,0.027207488
0,344,1784880997.694482565,430,4.300000122,1.943272069,0.306953961,1.200000000,0.027215190
0,344,1784880997.694482565,431,4.310000122,1.950334271,0.307983985,1.200000000,0.027221454
0,344,1784880997.694482565,432,4.320000122,1.957387363,0.309009289,1.200000000,0.027226153
0,344,1784880997.694482565,433,4.330000122,1.964431317,0.310029789,1.200000000,0.027229161
0,344,1784880997.694482565,434,4.340000122,1.971466104,0.311045402,1.200000000,0.027230350
0,344,1784880997.694482565,435,4.350000122,1.978491700,0.312056043,1.200000000,0.027229594
0,344,1784880997.694482565,436,4.360000122,1.985508086,0.313061629,1.200000000,0.027226766
0,344,1784880997.694482565,437,4.370000122,1.992515243,0.314062077,1.200000000,0.027221738
0,344,1784880997.694482565,438,4.380000122,1.999513155,0.315057302,1.200000000,0.027214384
0,344,1784880997.694482565,439,4.390000122,2.006501810,0.316047220,1.200000000,0.027204576
0,344,1784880997.694482565,440,4.400000122,2.013481199,0.317031750,1.200000000,0.027192189
0,344,1784880997.694482565,441,4.410000122,2.020451315,0.318010806,1.200000000,0.027177094
0,344,1784880997.694482565,442,4.420000122,2.027412154,0.318984305,1.200000000,0.027159165
0,344,1784880997.694482565,443,4.430000122,2.034363716,0.319952163,1.200000000,0.027138275
0,344,1784880997.694482565,444,4.440000122,2.041306000,0.320914299,1.200000000,0.027114297
0,344,1784880997.694482565,445,4.450000122,2.048239013,0.321870627,1.200000000,0.027087104
0,344,1784880997.694482565,446,4.460000122,2.055162761,0.322821064,1.200000000,0.027056569
0,344,1784880997.694482565,447,4.470000122,2.062077253,0.323765528,1.200000000,0.027022565
0,344,1784880997.694482565,448,4.480000122,2.068982502,0.324703936,1.200000000,0.026984965
0,344,1784880997.694482565,449,4.490000122,2.075878522,0.325636203,1.200000000,0.026943642
0,344,1784880997.694482565,450,4.500000122,2.082765331,0.326562248,1.200000000,0.026898470
0,344,1784880997.694482565,451,4.510000122,2.089642948,0.327481988,1.200000000,0.026849320
0,344,1784880997.694482565,452,4.520000122,2.096511397,0.328395339,1.200000000,0.026796067
0,344,1784880997.694482565,453,4.530000122,2.103370701,0.329302219,1.200000000,0.026738584
0,344,1784880997.694482565,454,4.540000122,2.110220887,0.330202546,1.200000000,0.026676743
0,344,1784880997.694482565,455,4.550000122,2.117061986,0.331096238,1.200000000,0.026610417
0,344,1784880997.694482565,456,4.560000122,2.123894029,0.331983211,1.200000000,0.026539479
0,344,1784880997.694482565,457,4.570000122,2.130717050,0.332863384,1.200000000,0.026463803
0,344,1784880997.694482565,458,4.580000122,2.137531086,0.333736675,1.200000000,0.026383262
0,344,1784880997.694482565,459,4.590000122,2.144336175,0.334603002,1.200000000,0.026297728
0,344,1784880997.694482565,460,4.600000122,2.151132358,0.335462283,1.200000000,0.026207075
0,344,1784880997.694482565,461,4.610000122,2.157919678,0.336314437,1.200000000,0.026111175
0,344,1784880997.694482565,462,4.620000122,2.164698180,0.337159383,1.200000000,0.026009903
0,344,1784880997.694482565,463,4.630000122,2.171467910,0.337997038,1.200000000,0.025903130
0,344,1784880997.694482565,464,4.640000122,2.178228919,0.338827323,1.200000000,0.025790729
0,344,1784880997.694482565,465,4.650000122,2.184981257,0.339650156,1.200000000,0.025672575
0,344,1784880997.694482565,466,4.660000122,2.191724977,0.340465457,1.200000000,0.025548539
0,344,1784880997.694482565,467,4.670000122,2.198460135,0.341273145,1.200000000,0.025418496
0,344,1784880997.694482565,468,4.680000122,2.205186786,0.342073140,1.200000000,0.025282317
0,344,1784880997.694482565,469,4.690000122,2.211904989,0.342865361,1.200000000,0.025139876
0,344,1784880997.694482565,470,4.700000122,2.218614805,0.343649729,1.200000000,0.024991047
0,344,1784880997.694482565,471,4.710000122,2.225316296,0.344426164,1.200000000,0.024835701
0,344,1784880997.694482565,472,4.720000122,2.232009525,0.345194587,1.200000000,0.024673713
0,344,1784880997.694482565,473,4.730000122,2.238694558,0.345954918,1.200000000,0.024504955
0,344,1784880997.694482565,474,4.740000122,2.245371462,0.346707078,1.200000000,0.024329300
0,344,1784880997.694482565,475,4.750000122,2.252040305,0.347450988,1.200000000,0.024146621
0,344,1784880997.694482565,476,4.760000122,2.258701158,0.348186570,1.200000000,0.023956791
0,344,1784880997.694482565,477,4.770000122,2.265354090,0.348913746,1.200000000,0.023759684
0,344,1784880997.694482565,478,4.780000122,2.271999177,0.349632436,1.200000000,0.023555173
0,344,1784880997.694482565,479,4.790000122,2.278636491,0.350342564,1.200000000,0.023343129
0,344,1784880997.694482565,480,4.800000122,2.285266108,0.351044052,1.200000000,0.023123427
0,344,1784880997.694482565,481,4.810000122,2.291888105,0.351736822,1.200000000,0.022895940
0,344,1784880997.694482565,482,4.820000122,2.298502561,0.352420796,1.200000000,0.022660540
0,344,1784880997.694482565,483,4.830000122,2.305109553,0.353095900,1.200000000,0.022417101
0,344,1784880997.694482565,484,4.840000122,2.311709163,0.353762054,1.200000000,0.022165496
0,344,1784880997.694482565,485,4.850000122,2.318301472,0.354419184,1.200000000,0.021905597
0,344,1784880997.694482565,486,4.860000122,2.324886563,0.355067213,1.200000000,0.021637278
0,344,1784880997.694482565,487,4.870000122,2.331464518,0.355706066,1.200000000,0.021360411
0,344,1784880997.694482565,488,4.880000122,2.338035422,0.356335666,1.200000000,0.021074871
0,344,1784880997.694482565,489,4.890000122,2.344599361,0.356955940,1.200000000,0.020780529
0,344,1784880997.694482565,490,4.900000122,2.351156421,0.357566810,1.200000000,0.020477259
0,344,1784880997.694482565,491,4.910000122,2.357706689,0.358168204,1.200000000,0.020164934
0,344,1784880997.694482565,492,4.920000122,2.364250251,0.358760047,1.200000000,0.019843428
0,344,1784880997.694482565,493,4.930000122,2.370787198,0.359342265,1.200000000,0.019512612
0,344,1784880997.694482565,494,4.940000122,2.377317618,0.359914783,1.200000000,0.019172360
0,344,1784880997.694482565,495,4.950000122,2.383841600,0.360477529,1.200000000,0.018822545
0,344,1784880997.694482565,496,4.960000122,2.390359235,0.361030430,1.200000000,0.018463041
0,344,1784880997.694482565,497,4.970000122,2.396870614,0.361573412,1.200000000,0.018093719
0,344,1784880997.694482565,498,4.980000122,2.403375828,0.362106404,1.200000000,0.017714454
0,344,1784880997.694482565,499,4.990000122,2.409874969,0.362629333,1.200000000,0.017325118
0,344,1784880997.694482565,500,5.000000122,2.416368129,0.363142127,1.200000000,0.016925585
0,344,1784880997.694482565,501,5.010000122,2.422855400,0.363644715,1.200000000,0.016515726
0,344,1784880997.694482565,502,5.020000122,2.429336876,0.364137027,1.200000000,0.016095416
0,344,1784880997.694482565,503,5.030000122,2.435812648,0.364618990,1.200000000,0.015664528
0,344,1784880997.694482565,504,5.040000122,2.442282812,0.365090535,1.200000000,0.015222934
0,344,1784880997.694482565,505,5.050000122,2.448747459,0.365551591,1.200000000,0.014770508
0,344,1784880997.694482565,506,5.060000122,2.455206684,0.366002090,1.200000000,0.014307122
0,344,1784880997.694482565,507,5.070000122,2.461660580,0.366441961,1.200000000,0.013832650
0,344,1784880997.694482565,508,5.080000122,2.468109242,0.366871136,1.200000000,0.013346964
0,344,1784880997.694482565,509,5.090000122,2.474552761,0.367289545,1.200000000,0.012849938
0,344,1784880997.694482565,510,5.100000122,2.480991233,0.367697122,1.200000000,0.012341445
0,344,1784880997.694482565,511,5.110000122,2.487424750,0.368093797,1.200000000,0.011821358
0,344,1784880997.694482565,512,5.120000122,2.493853407,0.368479504,1.200000000,0.011289550
0,344,1784880997.694482565,513,5.130000122,2.500277295,0.368854175,1.200000000,0.010745893
0,344,1784880997.694482565,514,5.140000122,2.506696509,0.369217744,1.200000000,0.010190261
0,344,1784880997.694482565,515,5.150000122,2.513111141,0.369570143,1.200000000,0.009622527
0,344,1784880997.694482565,516,5.160000122,2.519521283,0.369911309,1.200000000,0.009042565
0,344,1784880997.694482565,517,5.170000122,2.525927028,0.370241174,1.200000000,0.008450246
0,344,1784880997.694482565,518,5.180000122,2.532328466,0.370559673,1.200000000,0.007845444
0,344,1784880997.694482565,519,5.190000122,2.538725691,0.370866743,1.200000000,0.007228033
0,344,1784880997.694482565,520,5.200000122,2.545118791,0.371162318,1.200000000,0.006597884
0,344,1784880997.694482565,521,5.210000122,2.551507859,0.371446334,1.200000000,0.005954872
0,344,1784880997.694482565,522,5.220000122,2.557892983,0.371718729,1.200000000,0.005298869
0,344,1784880997.694482565,523,5.230000122,2.564274252,0.371979439,1.200000000,0.004629748
0,344,1784880997.694482565,524,5.240000122,2.570651756,0.372228401,1.200000000,0.003947383
0,344,1784880997.694482565,525,5.250000122,2.577025582,0.372465553,1.200000000,0.003251646
0,344,1784880997.694482565,526,5.260000122,2.583395818,0.372690834,1.200000000,0.002542411
0,344,1784880997.694482565,527,5.270000122,2.589762551,0.372904181,1.200000000,0.001819549
0,344,1784880997.694482565,528,5.280000122,2.596125865,0.373105535,1.200000000,0.001082936
0,344,1784880997.694482565,529,5.290000122,2.602485847,0.373294834,1.200000000,0.000332443
0,344,1784880997.694482565,530,5.300000122,2.608842580,0.373472018,1.200000000,-0.000432057
0,344,1784880997.694482565,531,5.310000122,2.615196148,0.373637028,1.200000000,-0.001210690
0,344,1784880997.694482565,532,5.320000122,2.621546634,0.373789804,1.200000000,-0.002003583
0,344,1784880997.694482565,533,5.330000122,2.627894119,0.373930288,1.200000000,-0.002810863
0,344,1784880997.694482565,534,5.340000122,2.634238684,0.374058422,1.200000000,-0.003632658
0,344,1784880997.694482565,535,5.350000122,2.640580409,0.374174147,1.200000000,-0.004469094
0,344,1784880997.694482565,536,5.360000122,2.646919372,0.374277407,1.200000000,-0.005320298
0,344,1784880997.694482565,537,5.370000122,2.653255651,0.374368144,1.200000000,-0.006186397
0,344,1784880997.694482565,538,5.380000122,2.659589324,0.374446302,1.200000000,-0.007067493
0,344,1784880997.694482565,539,5.390000122,2.665920465,0.374511825,1.200000000,-0.007963529
0,344,1784880997.694482565,540,5.400000122,2.672249150,0.374564657,1.200000000,-0.008874385
0,344,1784880997.694482565,541,5.410000122,2.678575451,0.374604743,1.200000000,-0.009799941
0,344,1784880997.694482565,542,5.420000122,2.684899441,0.374632030,1.200000000,-0.010740077
0,344,1784880997.694482565,543,5.430000122,2.691221192,0.374646462,1.200000000,-0.011694674
0,344,1784880997.694482565,544,5.440000122,2.697540773,0.374647986,1.200000000,-0.012663611
0,344,1784880997.694482565,545,5.450000122,2.703858252,0.374636550,1.200000000,-0.013646769
0,344,1784880997.694482565,546,5.460000122,2.710173699,0.374612099,1.200000000,-0.014644028
0,344,1784880997.694482565,547,5.470000122,2.716487178,0.374574583,1.200000000,-0.015655268
0,344,1784880997.694482565,548,5.480000122,2.722798755,0.374523950,1.200000000,-0.016680369
0,344,1784880997.694482565,549,5.490000122,2.729108494,0.374460148,1.200000000,-0.017719212
0,344,1784880997.694482565,550,5.500000122,2.735416458,0.374383127,1.200000000,-0.018771676
0,344,1784880997.694482565,551,5.510000122,2.741722706,0.374292837,1.200000000,-0.019837642
0,344,1784880997.694482565,552,5.520000122,2.748027300,0.374189228,1.200000000,-0.020916989
0,344,1784880997.694482565,553,5.530000122,2.754330298,0.374072251,1.200000000,-0.022009599
0,344,1784880997.694482565,554,5.540000122,2.760631757,0.373941857,1.200000000,-0.023115351
0,344,1784880997.694482565,555,5.550000122,2.766931734,0.373797998,1.200000000,-0.024234125
0,344,1784880997.694482565,556,5.560000122,2.773230281,0.373640628,1.200000000,-0.025365802
0,344,1784880997.694482565,557,5.570000122,2.779527453,0.373469697,1.200000000,-0.026510262
0,344,1784880997.694482565,558,5.580000122,2.785823301,0.373285161,1.200000000,-0.027667384
0,344,1784880997.694482565,559,5.590000122,2.792117876,0.373086973,1.200000000,-0.028837050
0,344,1784880997.694482565,560,5.600000122,2.798411226,0.372875087,1.200000000,-0.030019138
0,344,1784880997.694482565,561,5.610000122,2.804703399,0.372649459,1.200000000,-0.031213530
0,344,1784880997.694482565,562,5.620000122,2.810994441,0.372410045,1.200000000,-0.032420106
0,344,1784880997.694482565,563,5.630000122,2.817284396,0.372156799,1.200000000,-0.033638745
0,344,1784880997.694482565,564,5.640000122,2.823573308,0.371889680,1.200000000,-0.034869327
0,344,1784880997.694482565,565,5.650000122,2.829861219,0.371608643,1.200000000,-0.036111734
0,344,1784880997.694482565,566,5.660000122,2.836148168,0.371313647,1.200000000,-0.037365845
0,344,1784880997.694482565,567,5.670000122,2.842434194,0.371004651,1.200000000,-0.038631541
0,344,1784880997.694482565,568,5.680000122,2.848719336,0.370681612,1.200000000,-0.039908700
0,344,1784880997.694482565,569,5.690000122,2.855003629,0.370344490,1.200000000,-0.041197205
0,344,1784880997.694482565,570,5.700000122,2.861287106,0.369993246,1.200000000,-0.042496934
0,344,1784880997.694482565,571,5.710000122,2.867569802,0.369627839,1.200000000,-0.043807768
0,344,1784880997.694482565,572,5.720000122,2.873851748,0.369248232,1.200000000,-0.045129587
0,344,1784880997.694482565,573,5.730000122,2.880132974,0.368854384,1.200000000,-0.046462271
0,344,1784880997.694482565,574,5.740000122,2.886413508,0.368446258,1.200000000,-0.047805701
0,344,1784880997.694482565,575,5.750000122,2.892693378,0.368023818,1.200000000,-0.049159757
0,344,1784880997.694482565,576,5.760000122,2.898972609,0.367587026,1.200000000,-0.050524318
0,344,1784880997.694482565,577,5.770000122,2.905251225,0.367135847,1.200000000,-0.051899265
0,344,1784880997.694482565,578,5.780000122,2.911529250,0.366670244,1.200000000,-0.053284478
0,344,1784880997.694482565,579,5.790000122,2.917806705,0.366190183,1.200000000,-0.054679838
0,344,1784880997.694482565,580,5.800000122,2.924083609,0.365695628,1.200000000,-0.056085224
0,344,1784880997.694482565,581,5.810000122,2.930359981,0.365186547,1.200000000,-0.057500516
0,344,1784880997.694482565,582,5.820000122,2.936635838,0.364662907,1.200000000,-0.058925595
0,344,1784880997.694482565,583,5.830000122,2.942911196,0.364124673,1.200000000,-0.060360341
0,344,1784880997.694482565,584,5.840000122,2.949186068,0.363571815,1.200000000,-0.061804634
0,344,1784880997.694482565,585,5.850000122,2.955460467,0.363004300,1.200000000,-0.063258354
0,344,1784880997.694482565,586,5.860000122,2.961734406,0.362422098,1.200000000,-0.064721382
0,344,1784880997.694482565,587,5.870000122,2.968007892,0.361825179,1.200000000,-0.066193597
0,344,1784880997.694482565,588,5.880000122,2.974280936,0.361213511,1.200000000,-0.067674880
0,344,1784880997.694482565,589,5.890000122,2.980553545,0.360587068,1.200000000,-0.069165110
0,344,1784880997.694482565,590,5.900000122,2.986825723,0.359945819,1.200000000,-0.070664169
0,344,1784880997.694482565,591,5.910000122,2.993097475,0.359289737,1.200000000,-0.072171936
0,344,1784880997.694482565,592,5.920000122,2.999368804,0.358618794,1.200000000,-0.073688291
0,344,1784880997.694482565,593,5.930000122,3.005639713,0.357932964,1.200000000,-0.075213114
0,344,1784880997.694482565,594,5.940000122,3.011910201,0.357232220,1.200000000,-0.076746287
0,344,1784880997.694482565,595,5.950000122,3.018180267,0.356516537,1.200000000,-0.078287688
0,344,1784880997.694482565,596,5.960000122,3.024449909,0.355785890,1.200000000,-0.079837198
0,344,1784880997.694482565,597,5.970000122,3.030719123,0.355040255,1.200000000,-0.081394697
0,344,1784880997.694482565,598,5.980000122,3.036987904,0.354279607,1.200000000,-0.082960065
0,344,1784880997.694482565,599,5.990000122,3.043256247,0.353503924,1.200000000,-0.084533183
0,344,1784880997.694482565,600,6.000000122,3.049524143,0.352713183,1.200000000,-0.086113931
0,344,1784880997.694482565,601,6.010000122,3.055791584,0.351907362,1.200000000,-0.087702188
0,344,1784880997.694482565,602,6.020000122,3.062058560,0.351086439,1.200000000,-0.089297835
0,344,1784880997.694482565,603,6.030000122,3.068325060,0.350250395,1.200000000,-0.090900753
0,344,1784880997.694482565,604,6.040000122,3.074591071,0.349399209,1.200000000,-0.092510820
0,344,1784880997.694482565,605,6.050000122,3.080856581,0.348532861,1.200000000,-0.094127918
0,344,1784880997.694482565,606,6.060000122,3.087121573,0.347651333,1.200000000,-0.095751927
0,344,1784880997.694482565,607,6.070000122,3.093386032,0.346754606,1.200000000,-0.097382726
0,344,1784880997.694482565,608,6.080000122,3.099649941,0.345842664,1.200000000,-0.099020197
0,344,1784880997.694482565,609,6.090000122,3.105913282,0.344915488,1.200000000,-0.100664218
0,344,1784880997.694482565,610,6.100000122,3.112176035,0.343973063,1.200000000,-0.102314671
0,344,1784880997.694482565,611,6.110000122,3.118438181,0.343015372,1.200000000,-0.103971435
0,344,1784880997.694482565,612,6.120000122,3.124699697,0.342042402,1.200000000,-0.105634390
0,344,1784880997.694482565,613,6.130000122,3.130960562,0.341054137,1.200000000,-0.107303417
0,344,1784880997.694482565,614,6.140000122,3.137220750,0.340050563,1.200000000,-0.108978396
0,344,1784880997.694482565,615,6.150000122,3.143480239,0.339031668,1.200000000,-0.110659208
0,344,1784880997.694482565,616,6.160000122,3.149739002,0.337997438,1.200000000,-0.112345731
0,344,1784880997.694482565,617,6.170000122,3.155997012,0.336947863,1.200000000,-0.114037847
0,344,1784880997.694482565,618,6.180000122,3.162254243,0.335882930,1.200000000,-0.115735435
0,344,1784880997.694482565,619,6.190000122,3.168510665,0.334802629,1.200000000,-0.117438376
0,344,1784880997.694482565,620,6.200000122,3.174766249,0.333706950,1.200000000,-0.119146549
0,344,1784880997.694482565,621,6.210000122,3.181020965,0.332595884,1.200000000,-0.120859836
0,344,1784880997.694482565,622,6.220000122,3.187274782,0.331469422,1.200000000,-0.122578116
0,344,1784880997.694482565,623,6.230000122,3.193527667,0.330327555,1.200000000,-0.124301269
0,344,1784880997.694482565,624,6.240000122,3.199779587,0.329170278,1.200000000,-0.126029176
0,344,1784880997.694482565,625,6.250000122,3.206030509,0.327997581,1.200000000,-0.127761716
0,344,1784880997.694482565,626,6.260000122,3.212280398,0.326809461,1.200000000,-0.129498771
0,344,1784880997.694482565,627,6.270000122,3.218529219,0.325605910,1.200000000,-0.131240219
0,344,1784880997.694482565,628,6.280000122,3.224776936,0.324386925,1.200000000,-0.132985941
0,344,1784880997.694482565,629,6.290000122,3.231023511,0.323152500,1.200000000,-0.134735818
0,344,1784880997.694482565,630,6.300000122,3.237268908,0.321902634,1.200000000,-0.136489729
0,344,1784880997.694482565,631,6.310000122,3.243513087,0.320637321,1.200000000,-0.138247554
0,344,1784880997.694482565,632,6.320000122,3.249756010,0.319356562,1.200000000,-0.140009175
0,344,1784880997.694482565,633,6.330000122,3.255997638,0.318060353,1.200000000,-0.141774470
0,344,1784880997.694482565,634,6.340000122,3.262237929,0.316748694,1.200000000,-0.143543321
0,344,1784880997.694482565,635,6.350000122,3.268476844,0.315421584,1.200000000,-0.145315606
0,344,1784880997.694482565,636,6.360000122,3.274714341,0.314079024,1.200000000,-0.147091207
0,344,1784880997.694482565,637,6.370000122,3.280950377,0.312721016,1.200000000,-0.148870004
0,344,1784880997.694482565,638,6.380000122,3.287184910,0.311347560,1.200000000,-0.150651877
0,344,1784880997.694482565,639,6.390000122,3.293417898,0.309958659,1.200000000,-0.152436705
0,344,1784880997.694482565,640,6.400000122,3.299649296,0.308554316,1.200000000,-0.154224369
0,344,1784880997.694482565,641,6.410000122,3.305879060,0.307134535,1.200000000,-0.156014750
0,344,1784880997.694482565,642,6.420000122,3.312107147,0.305699320,1.200000000,-0.157807727
0,344,1784880997.694482565,643,6.430000122,3.318333511,0.304248676,1.200000000,-0.159603181
0,344,1784880997.694482565,644,6.440000122,3.324558106,0.302782608,1.200000000,-0.161400991
0,344,1784880997.694482565,645,6.450000122,3.330780888,0.301301123,1.200000000,-0.163201038
0,344,1784880997.694482565,646,6.460000122,3.337001809,0.299804228,1.200000000,-0.165003202
0,344,1784880997.694482565,647,6.470000122,3.343220824,0.298291931,1.200000000,-0.166807364
0,344,1784880997.694482565,648,6.480000122,3.349437886,0.296764239,1.200000000,-0.168613403
0,344,1784880997.694482565,649,6.490000122,3.355652949,0.295221162,1.200000000,-0.170421199
0,344,1784880997.694482565,650,6.500000122,3.361865963,0.293662709,1.200000000,-0.172230633
0,344,1784880997.694482565,651,6.510000122,3.368076883,0.292088890,1.200000000,-0.174041585
0,344,1784880997.694482565,652,6.520000122,3.374285661,0.290499717,1.200000000,-0.175853934
0,344,1784880997.694482565,653,6.530000122,3.380492248,0.288895201,1.200000000,-0.177667562
0,344,1784880997.694482565,654,6.540000122,3.386696596,0.287275354,1.200000000,-0.179482349
0,344,1784880997.694482565,655,6.550000122,3.392898658,0.285640189,1.200000000,-0.181298173
0,344,1784880997.694482565,656,6.560000122,3.399098384,0.283989719,1.200000000,-0.183114917
0,344,1784880997.694482565,657,6.570000122,3.405295727,0.282323960,1.200000000,-0.184932459
0,344,1784880997.694482565,658,6.580000122,3.411490638,0.280642925,1.200000000,-0.186750680
0,344,1784880997.694482565,659,6.590000122,3.417683069,0.278946630,1.200000000,-0.188569460
0,344,1784880997.694482565,660,6.600000122,3.423872969,0.277235092,1.200000000,-0.190388680
0,344,1784880997.694482565,661,6.610000122,3.430060292,0.275508327,1.200000000,-0.192208219
0,344,1784880997.694482565,662,6.620000122,3.436244989,0.273766353,1.200000000,-0.194027958
0,344,1784880997.694482565,663,6.630000122,3.442427010,0.272009187,1.200000000,-0.195847776
0,344,1784880997.694482565,664,6.640000122,3.448606307,0.270236850,1.200000000,-0.197667555
0,344,1784880997.694482565,665,6.650000122,3.454782832,0.268449360,1.200000000,-0.199487173
0,344,1784880997.694482565,666,6.660000122,3.460956537,0.266646738,1.200000000,-0.201306512
0,344,1784880997.694482565,667,6.670000122,3.467127373,0.264829004,1.200000000,-0.203125451
0,344,1784880997.694482565,668,6.680000122,3.473295292,0.262996179,1.200000000,-0.204943871
0,344,1784880997.694482565,669,6.690000122,3.479460246,0.261148287,1.200000000,-0.206761651
0,344,1784880997.694482565,670,6.700000122,3.485622187,0.259285349,1.200000000,-0.208578672
0,344,1784880997.694482565,671,6.710000122,3.491781069,0.257407390,1.200000000,-0.210394815
0,344,1784880997.694482565,672,6.720000122,3.497936843,0.255514433,1.200000000,-0.212209959
0,344,1784880997.694482565,673,6.730000122,3.504089463,0.253606503,1.200000000,-0.214023984
0,344,1784880997.694482565,674,6.740000122,3.510238882,0.251683625,1.200000000,-0.215836770
0,344,1784880997.694482565,675,6.750000122,3.516385053,0.249745827,1.200000000,-0.217648198
0,344,1784880997.694482565,676,6.760000122,3.522527930,0.247793133,1.200000000,-0.219458149
0,344,1784880997.694482565,677,6.770000122,3.528667468,0.245825572,1.200000000,-0.221266501
0,344,1784880997.694482565,678,6.780000122,3.534803621,0.243843173,1.200000000,-0.223073135
0,344,1784880997.694482565,679,6.790000122,3.540936344,0.241845962,1.200000000,-0.224877932
0,344,1784880997.694482565,680,6.800000122,3.547065592,0.239833971,1.200000000,-0.226680771
0,344,1784880997.694482565,681,6.810000122,3.553191321,0.237807228,1.200000000,-0.228481533
0,344,1784880997.694482565,682,6.820000122,3.559313487,0.235765766,1.200000000,-0.230280098
0,344,1784880997.694482565,683,6.830000122,3.565432046,0.233709614,1.200000000,-0.232076346
0,344,1784880997.694482565,684,6.840000122,3.571546957,0.231638804,1.200000000,-0.233870157
0,344,1784880997.694482565,685,6.850000122,3.577658176,0.229553371,1.200000000,-0.235661411
0,344,1784880997.694482565,686,6.860000122,3.583765661,0.227453346,1.200000000,-0.237449988
0,344,1784880997.694482565,687,6.870000122,3.589869372,0.225338764,1.200000000,-0.239235770
0,344,1784880997.694482565,688,6.880000122,3.595969266,0.223209659,1.200000000,-0.241018635
0,344,1784880997.694482565,689,6.890000122,3.602065305,0.221066066,1.200000000,-0.242798464
0,344,1784880997.694482565,690,6.900000122,3.608157448,0.218908022,1.200000000,-0.244575137
0,344,1784880997.694482565,691,6.910000122,3.614245657,0.216735562,1.200000000,-0.246348535
0,344,1784880997.694482565,692,6.920000122,3.620329892,0.214548725,1.200000000,-0.248118537
0,344,1784880997.694482565,693,6.930000122,3.626410116,0.212347547,1.200000000,-0.249885023
0,344,1784880997.694482565,694,6.940000122,3.632486291,0.210132067,1.200000000,-0.251647875
0,344,1784880997.694482565,695,6.950000122,3.638558382,0.207902325,1.200000000,-0.253406971
0,344,1784880997.694482565,696,6.960000122,3.644626352,0.205658359,1.200000000,-0.255162193
0,344,1784880997.694482565,697,6.970000122,3.650690166,0.203400210,1.200000000,-0.256913419
0,344,1784880997.694482565,698,6.980000122,3.656749789,0.201127920,1.200000000,-0.258660531
0,344,1784880997.694482565,699,6.990000122,3.662805189,0.198841529,1.200000000,-0.260403409
0,344,1784880997.694482565,700,7.000000122,3.668856331,0.196541081,1.200000000,-0.262141932
0,344,1784880997.694482565,701,7.010000122,3.674903183,0.194226617,1.200000000,-0.263875982
0,344,1784880997.694482565,702,7.020000122,3.680945715,0.191898181,1.200000000,-0.265605437
0,344,1784880997.694482565,703,7.030000122,3.686983895,0.189555818,1.200000000,-0.267330178
0,344,1784880997.694482565,704,7.040000122,3.693017692,0.187199572,1.200000000,-0.269050086
0,344,1784880997.694482565,705,7.050000122,3.699047079,0.184829489,1.200000000,-0.270765041
0,344,1784880997.694482565,706,7.060000122,3.705072027,0.182445614,1.200000000,-0.272474967
0,344,1784880997.694482565,707,7.070000122,3.711092507,0.180047995,1.200000000,-0.274179876
0,344,1784880997.694482565,708,7.080000122,3.717108494,0.177636678,1.200000000,-0.275879793
0,344,1784880997.694482565,709,7.090000122,3.723119961,0.175211711,1.200000000,-0.277574742
0,344,1784880997.694482565,710,7.100000122,3.729126884,0.172773143,1.200000000,-0.279264746
0,344,1784880997.694482565,711,7.110000122,3.735129237,0.170321022,1.200000000,-0.280949829
0,344,1784880997.694482565,712,7.120000122,3.741126998,0.167855399,1.200000000,-0.282630016
0,344,1784880997.694482565,713,7.130000122,3.747120145,0.165376324,1.200000000,-0.284305329
0,344,1784880997.694482565,714,7.140000122,3.753108655,0.162883848,1.200000000,-0.285975793
0,344,1784880997.694482565,715,7.150000122,3.759092508,0.160378021,1.200000000,-0.287641432
0,344,1784880997.694482565,716,7.160000122,3.765071684,0.157858897,1.200000000,-0.289302270
0,344,1784880997.694482565,717,7.170000122,3.771046164,0.155326528,1.200000000,-0.290958330
0,344,1784880997.694482565,718,7.180000122,3.777015930,0.152780968,1.200000000,-0.292609636
0,344,1784880997.694482565,719,7.190000122,3.782980965,0.150222270,1.200000000,-0.294256212
0,344,1784880997.694482565,720,7.200000122,3.788941253,0.147650489,1.200000000,-0.295898082
0,344,1784880997.694482565,721,7.210000122,3.794896778,0.145065679,1.200000000,-0.297535271
0,344,1784880997.694482565,722,7.220000122,3.800847526,0.142467897,1.200000000,-0.299167801
0,344,1784880997.694482565,723,7.230000122,3.806793484,0.139857200,1.200000000,-0.300795696
0,344,1784880997.694482565,724,7.240000122,3.812734639,0.137233643,1.200000000,-0.302418981
0,344,1784880997.694482565,725,7.250000122,3.818670979,0.134597284,1.200000000,-0.304037679
0,344,1784880997.694482565,726,7.260000122,3.824602493,0.131948182,1.200000000,-0.305651815
0,344,1784880997.694482565,727,7.270000122,3.830529173,0.129286395,1.200000000,-0.307261411
0,344,1784880997.694482565,728,7.280000122,3.836451009,0.126611982,1.200000000,-0.308866493
0,344,1784880997.694482565,729,7.290000122,3.842367994,0.123925003,1.200000000,-0.310467083
0,344,1784880997.694482565,730,7.300000122,3.848280120,0.121225518,1.200000000,-0.312063205
0,344,1784880997.694482565,731,7.310000122,3.854187381,0.118513589,1.200000000,-0.313654885
0,344,1784880997.694482565,732,7.320000122,3.860089773,0.115789277,1.200000000,-0.315242144
0,344,1784880997.694482565,733,7.330000122,3.865987292,0.113052643,1.200000000,-0.316825008
0,344,1784880997.694482565,734,7.340000122,3.871879934,0.110303751,1.200000000,-0.318403500
0,344,1784880997.694482565,735,7.350000122,3.877767697,0.107542664,1.200000000,-0.319977644
0,344,1784880997.694482565,736,7.360000122,3.883650580,0.104769445,1.200000000,-0.321547463
0,344,1784880997.694482565,737,7.370000122,3.889528582,0.101984159,1.200000000,-0.323112982
0,344,1784880997.694482565,738,7.380000122,3.895401705,0.099186871,1.200000000,-0.324674225
0,344,1784880997.694482565,739,7.390000122,3.901269949,0.096377645,1.200000000,-0.326231215
0,344,1784880997.694482565,740,7.400000122,3.907133318,0.093556549,1.200000000,-0.327783976
0,344,1784880997.694482565,741,7.410000122,3.912991815,0.090723648,1.200000000,-0.329332533
0,344,1784880997.694482565,742,7.420000122,3.918845444,0.087879010,1.200000000,-0.330876908
0,344,1784880997.694482565,743,7.430000122,3.924694211,0.085022702,1.200000000,-0.332417126
0,344,1784880997.694482565,744,7.440000122,3.930538121,0.082154793,1.200000000,-0.333953211
0,344,1784880997.694482565,745,7.450000122,3.936377182,0.079275350,1.200000000,-0.335485186
0,344,1784880997.694482565,746,7.460000122,3.942211402,0.076384444,1.200000000,-0.337013076
0,344,1784880997.694482565,747,7.470000122,3.948040791,0.073482144,1.200000000,-0.338536904
0,344,1784880997.694482565,748,7.480000122,3.953865357,0.070568519,1.200000000,-0.340056694
0,344,1784880997.694482565,749,7.490000122,3.959685112,0.067643642,1.200000000,-0.341572470
0,344,1784880997.694482565,750,7.500000122,3.965500067,0.064707583,1.200000000,-0.343084255
0,344,1784880997.694482565,751,7.510000122,3.971310235,0.061760414,1.200000000,-0.344592075
0,344,1784880997.694482565,752,7.520000122,3.977115630,0.058802207,1.200000000,-0.346095952
0,344,1784880997.694482565,753,7.530000122,3.982916266,0.055833036,1.200000000,-0.347595911
0,344,1784880997.694482565,754,7.540000122,3.988712158,0.052852973,1.200000000,-0.349091974
0,344,1784880997.694482565,755,7.550000122,3.994503322,0.049862092,1.200000000,-0.350584167
0,344,1784880997.694482565,756,7.560000122,4.000289775,0.046860469,1.200000000,-0.352072513
0,344,1784880997.694482565,757,7.570000122,4.006071536,0.043848176,1.200000000,-0.353557036
0,344,1784880997.694482565,758,7.580000122,4.011848622,0.040825291,1.200000000,-0.355037760
0,344,1784880997.694482565,759,7.590000122,4.017621054,0.037791889,1.200000000,-0.356514708
0,344,1784880997.694482565,760,7.600000122,4.023388852,0.034748046,1.200000000,-0.357987904
0,344,1784880997.694482565,761,7.610000122,4.029152036,0.031693838,1.200000000,-0.359457373
0,344,1784880997.694482565,762,7.620000122,4.034910629,0.028629344,1.200000000,-0.360923138
0,344,1784880997.694482565,763,7.630000122,4.040664654,0.025554641,1.200000000,-0.362385223
0,344,1784880997.694482565,764,7.640000122,4.046414135,0.022469807,1.200000000,-0.363843652
0,344,1784880997.694482565,765,7.650000122,4.052159095,0.019374921,1.200000000,-0.365298449
0,344,1784880997.694482565,766,7.660000122,4.057899560,0.016270063,1.200000000,-0.366749637
0,344,1784880997.694482565,767,7.670000122,4.063635557,0.013155311,1.200000000,-0.368197241
0,344,1784880997.694482565,768,7.680000122,4.069367111,0.010030746,1.200000000,-0.369641284
0,344,1784880997.694482565,769,7.690000122,4.075094250,0.006896449,1.200000000,-0.371081790
0,344,1784880997.694482565,770,7.700000122,4.080817003,0.003752500,1.200000000,-0.372518784
0,344,1784880997.694482565,771,7.710000122,4.086535399,0.000598982,1.200000000,-0.373952288
0,344,1784880997.694482565,772,7.720000122,4.092249466,-0.002564024,1.200000000,-0.375382327
0,344,1784880997.694482565,773,7.730000122,4.097959237,-0.005736436,1.200000000,-0.376808925
0,344,1784880997.694482565,774,7.740000122,4.103664741,-0.008918171,1.200000000,-0.378232105
0,344,1784880997.694482565,775,7.750000122,4.109366011,-0.012109145,1.200000000,-0.379651892
0,344,1784880997.694482565,776,7.760000122,4.115063079,-0.015309275,1.200000000,-0.381068308
0,344,1784880997.694482565,777,7.770000122,4.120755978,-0.018518476,1.200000000,-0.382481379
0,344,1784880997.694482565,778,7.780000122,4.126444742,-0.021736664,1.200000000,-0.383891128
0,344,1784880997.694482565,779,7.790000122,4.132129407,-0.024963754,1.200000000,-0.385297579
0,344,1784880997.694482565,780,7.800000122,4.137810006,-0.028199661,1.200000000,-0.386700755
0,344,1784880997.694482565,781,7.810000122,4.143486576,-0.031444298,1.200000000,-0.388100681
0,344,1784880997.694482565,782,7.820000122,4.149159152,-0.034697580,1.200000000,-0.389497380
0,344,1784880997.694482565,783,7.830000122,4.154827773,-0.037959420,1.200000000,-0.390890876
0,344,1784880997.694482565,784,7.840000122,4.160492476,-0.041229730,1.200000000,-0.392281194
0,344,1784880997.694482565,785,7.850000122,4.166153298,-0.044508423,1.200000000,-0.393668356
0,344,1784880997.694482565,786,7.860000122,4.171810278,-0.047795412,1.200000000,-0.395052388
0,344,1784880997.694482565,787,7.870000122,4.177463457,-0.051090607,1.200000000,-0.396433312
0,344,1784880997.694482565,788,7.880000122,4.183112873,-0.054393921,1.200000000,-0.397811152
0,344,1784880997.694482565,789,7.890000122,4.188758566,-0.057705264,1.200000000,-0.399185933
0,344,1784880997.694482565,790,7.900000122,4.194400579,-0.061024546,1.200000000,-0.400557679
0,344,1784880997.694482565,791,7.910000122,4.200038952,-0.064351679,1.200000000,-0.401926412
0,344,1784880997.694482565,792,7.920000122,4.205673727,-0.067686571,1.200000000,-0.403292157
0,344,1784880997.694482565,793,7.930000122,4.211304946,-0.071029132,1.200000000,-0.404654939
0,344,1784880997.694482565,794,7.940000122,4.216932652,-0.074379271,1.200000000,-0.406014780
0,344,1784880997.694482565,795,7.950000122,4.222556889,-0.077736897,1.200000000,-0.407371704
0,344,1784880997.694482565,796,7.960000122,4.228177700,-0.081101918,1.200000000,-0.408725736
0,344,1784880997.694482565,797,7.970000122,4.233795128,-0.084474242,1.200000000,-0.410076900
0,344,1784880997.694482565,798,7.980000122,4.239409220,-0.087853776,1.200000000,-0.411425218
0,344,1784880997.694482565,799,7.990000122,4.245020019,-0.091240428,1.200000000,-0.412770716
0,344,1784880997.694482565,800,8.000000122,4.250627571,-0.094634104,1.200000000,-0.414113416
0,344,1784880997.694482565,801,8.010000122,4.256231922,-0.098034712,1.200000000,-0.415453343
0,344,1784880997.694482565,802,8.020000122,4.261833117,-0.101442156,1.200000000,-0.416790521
0,344,1784880997.694482565,803,8.030000122,4.267431203,-0.104856344,1.200000000,-0.418124973
0,344,1784880997.694482565,804,8.040000122,4.273026227,-0.108277180,1.200000000,-0.419456723
0,344,1784880997.694482565,805,8.050000122,4.278618235,-0.111704570,1.200000000,-0.420785796
0,344,1784880997.694482565,806,8.060000122,4.284207275,-0.115138419,1.200000000,-0.422112215
0,344,1784880997.694482565,807,8.070000122,4.289793394,-0.118578630,1.200000000,-0.423436004
0,344,1784880997.694482565,808,8.080000122,4.295376640,-0.122025109,1.200000000,-0.424757186
0,344,1784880997.694482565,809,8.090000122,4.300957062,-0.125477759,1.200000000,-0.426075786
0,344,1784880997.694482565,810,8.100000122,4.306534707,-0.128936483,1.200000000,-0.427391828
0,344,1784880997.694482565,811,8.110000122,4.312109624,-0.132401185,1.200000000,-0.428705335
0,344,1784880997.694482565,812,8.120000122,4.317681863,-0.135871769,1.200000000,-0.430016331
0,344,1784880997.694482565,813,8.130000122,4.323251470,-0.139348135,1.200000000,-0.431324840
0,344,1784880997.694482565,814,8.140000122,4.328818497,-0.142830187,1.200000000,-0.432630886
0,344,1784880997.694482565,815,8.150000122,4.334382992,-0.146317827,1.200000000,-0.433934493
0,344,1784880997.694482565,816,8.160000122,4.339945005,-0.149810957,1.200000000,-0.435235685
0,344,1784880997.694482565,817,8.170000122,4.345504584,-0.153309477,1.200000000,-0.436534485
0,344,1784880997.694482565,818,8.180000122,4.351061781,-0.156813290,1.200000000,-0.437830918
0,344,1784880997.694482565,819,8.190000122,4.356616644,-0.160322296,1.200000000,-0.439125006
0,344,1784880997.694482565,820,8.200000122,4.362169224,-0.163836395,1.200000000,-0.440416775
0,344,1784880997.694482565,821,8.210000122,4.367719571,-0.167355489,1.200000000,-0.441706248
0,344,1784880997.694482565,822,8.220000122,4.373267733,-0.170879476,1.200000000,-0.442993449
0,344,1784880997.694482565,823,8.230000122,4.378813763,-0.174408258,1.200000000,-0.444278401
0,344,1784880997.694482565,824,8.240000122,4.384357709,-0.177941733,1.200000000,-0.445561129
0,344,1784880997.694482565,825,8.250000122,4.389899622,-0.181479801,1.200000000,-0.446841656
0,344,1784880997.694482565,826,8.260000122,4.395439552,-0.185022360,1.200000000,-0.448120007
0,344,1784880997.694482565,827,8.270000122,4.400977550,-0.188569310,1.200000000,-0.449396205
0,344,1784880997.694482565,828,8.280000122,4.406513664,-0.192120549,1.200000000,-0.450670273
0,344,1784880997.694482565,829,8.290000122,4.412047946,-0.195675976,1.200000000,-0.451942237
0,344,1784880997.694482565,830,8.300000122,4.417580445,-0.199235488,1.200000000,-0.453212119
0,344,1784880997.694482565,831,8.310000122,4.423111211,-0.202798984,1.200000000,-0.454479944
0,344,1784880997.694482565,832,8.320000122,4.428640294,-0.206366360,1.200000000,-0.455745735
0,344,1784880997.694482565,833,8.330000122,4.434167744,-0.209937515,1.200000000,-0.457009517
0,344,1784880997.694482565,834,8.340000122,4.439693611,-0.213512345,1.200000000,-0.458271313
0,344,1784880997.694482565,835,8.350000122,4.445217943,-0.217090747,1.200000000,-0.459531147
0,344,1784880997.694482565,836,8.360000122,4.450740791,-0.220672618,1.200000000,-0.460789042
0,344,1784880997.694482565,837,8.370000122,4.456262203,-0.224257855,1.200000000,-0.462045024
0,344,1784880997.694482565,838,8.380000122,4.461782229,-0.227846354,1.200000000,-0.463299115
0,344,1784880997.694482565,839,8.390000122,4.467300918,-0.231438011,1.200000000,-0.464551339
0,344,1784880997.694482565,840,8.400000122,4.472818317,-0.235032721,1.200000000,-0.465801721
0,344,1784880997.694482565,841,8.410000122,4.478334477,-0.238630381,1.200000000,-0.467050284
0,344,1784880997.694482565,842,8.420000122,4.483849444,-0.242230886,1.200000000,-0.468297052
0,344,1784880997.694482565,843,8.430000122,4.489363267,-0.245834131,1.200000000,-0.469542049
0,344,1784880997.694482565,844,8.440000122,4.494875994,-0.249440011,1.200000000,-0.470785298
0,344,1784880997.694482565,845,8.450000122,4.500387672,-0.253048422,1.200000000,-0.472026825
0,344,1784880997.694482565,846,8.460000122,4.505898348,-0.256659258,1.200000000,-0.473266652
0,344,1784880997.694482565,847,8.470000122,4.511408070,-0.260272413,1.200000000,-0.474504803
0,344,1784880997.694482565,848,8.480000122,4.516916884,-0.263887782,1.200000000,-0.475741302
0,344,1784880997.694482565,849,8.490000122,4.522424836,-0.267505260,1.200000000,-0.476976174
0,344,1784880997.694482565,850,8.500000122,4.527931972,-0.271124740,1.200000000,-0.478209441
0,344,1784880997.694482565,851,8.510000122,4.533438338,-0.274746116,1.200000000,-0.479441128
0,344,1784880997.694482565,852,8.520000122,4.538943979,-0.278369282,1.200000000,-0.480671259
0,344,1784880997.694482565,853,8.530000122,4.544448941,-0.281994131,1.200000000,-0.481899857
0,344,1784880997.694482565,854,8.540000122,4.549953267,-0.285620558,1.200000000,-0.483126947
0,344,1784880997.694482565,855,8.550000122,4.555457002,-0.289248454,1.200000000,-0.484352552
0,344,1784880997.694482565,856,8.560000122,4.560960189,-0.292877715,1.200000000,-0.485576696
0,344,1784880997.694482565,857,8.570000122,4.566462872,-0.296508231,1.200000000,-0.486799403
0,344,1784880997.694482565,858,8.580000122,4.571965094,-0.300139897,1.200000000,-0.488020697
0,344,1784880997.694482565,859,8.590000122,4.577466898,-0.303772605,1.200000000,-0.489240602
0,344,1784880997.694482565,860,8.600000122,4.582968325,-0.307406248,1.200000000,-0.490459141
0,344,1784880997.694482565,861,8.610000122,4.588469416,-0.311040718,1.200000000,-0.491676338
0,344,1784880997.694482565,862,8.620000122,4.593970214,-0.314675907,1.200000000,-0.492892218
0,344,1784880997.694482565,863,8.630000122,4.599470758,-0.318311709,1.200000000,-0.494106804
0,344,1784880997.694482565,864,8.640000122,4.604971088,-0.321948014,1.200000000,-0.495320120
0,344,1784880997.694482565,865,8.650000122,4.610471245,-0.325584715,1.200000000,-0.496532190
0,344,1784880997.694482565,866,8.660000122,4.615971268,-0.329221704,1.200000000,-0.497743037
0,344,1784880997.694482565,867,8.670000122,4.621471194,-0.332858873,1.200000000,-0.498952686
0,344,1784880997.694482565,868,8.680000122,4.626971063,-0.336496113,1.200000000,-0.500161160
0,344,1784880997.694482565,869,8.690000122,4.632470911,-0.340133316,1.200000000,-0.501368484
0,344,1784880997.694482565,870,8.700000122,4.637970775,-0.343770374,1.200000000,-0.502574681
0,344,1784880997.694482565,871,8.710000122,4.643470692,-0.347407178,1.200000000,-0.503779775
0,344,1784880997.694482565,872,8.720000122,4.648970698,-0.351043619,1.200000000,-0.504983790
0,344,1784880997.694482565,873,8.730000122,4.654470828,-0.354679589,1.200000000,-0.506186749
0,344,1784880997.694482565,874,8.740000122,4.659971116,-0.358314979,1.200000000,-0.507388677
0,344,1784880997.694482565,875,8.750000122,4.665471597,-0.361949679,1.200000000,-0.508589598
0,344,1784880997.694482565,876,8.760000122,4.670972304,-0.365583581,1.200000000,-0.509789535
0,344,1784880997.694482565,877,8.770000122,4.676473269,-0.369216577,1.200000000,-0.510988512
0,344,1784880997.694482565,878,8.780000122,4.681974526,-0.372848556,1.200000000,-0.512186553
0,344,1784880997.694482565,879,8.790000122,4.687476105,-0.376479409,1.200000000,-0.513383682
0,344,1784880997.694482565,880,8.800000122,4.692978037,-0.380109028,1.200000000,-0.514579923
0,344,1784880997.694482565,881,8.810000122,4.698480354,-0.383737303,1.200000000,-0.515775299
0,344,1784880997.694482565,882,8.820000122,4.703983083,-0.387364125,1.200000000,-0.516969835
0,344,1784880997.694482565,883,8.830000122,4.709486255,-0.390989384,1.200000000,-0.518163554
0,344,1784880997.694482565,884,8.840000122,4.714989898,-0.394612971,1.200000000,-0.519356481
0,344,1784880997.694482565,885,8.850000122,4.720494039,-0.398234776,1.200000000,-0.520548638
0,344,1784880997.694482565,886,8.860000122,4.725998705,-0.401854690,1.200000000,-0.521740051
0,344,1784880997.694482565,887,8.870000122,4.731503923,-0.405472604,1.200000000,-0.522930742
0,344,1784880997.694482565,888,8.880000122,4.737009718,-0.409088407,1.200000000,-0.524120736
0,344,1784880997.694482565,889,8.890000122,4.742516115,-0.412701990,1.200000000,-0.525310057
0,344,1784880997.694482565,890,8.900000122,4.748023138,-0.416313244,1.200000000,-0.526498727
0,344,1784880997.694482565,891,8.910000122,4.753530811,-0.419922058,1.200000000,-0.527686772
0,344,1784880997.694482565,892,8.920000122,4.759039156,-0.423528324,1.200000000,-0.528874215
0,344,1784880997.694482565,893,8.930000122,4.764548196,-0.427131930,1.200000000,-0.530061081
0,344,1784880997.694482565,894,8.940000122,4.770057952,-0.430732768,1.200000000,-0.531247391
0,344,1784880997.694482565,895,8.950000122,4.775568445,-0.434330728,1.200000000,-0.532433172
0,344,1784880997.694482565,896,8.960000122,4.781079694,-0.437925699,1.200000000,-0.533618446
0,344,1784880997.694482565,897,8.970000122,4.786591719,-0.441517573,1.200000000,-0.534803238
0,344,1784880997.694482565,898,8.980000122,4.792104538,-0.445106239,1.200000000,-0.535987570
0,344,1784880997.694482565,899,8.990000122,4.797618169,-0.448691588,1.200000000,-0.537171468
0,344,1784880997.694482565,900,9.000000122,4.803132629,-0.452273509,1.200000000,-0.538354955
0,344,1784880997.694482565,901,9.010000122,4.808647934,-0.455851894,1.200000000,-0.539538055
0,344,1784880997.694482565,902,9.020000122,4.814164101,-0.459426631,1.200000000,-0.540720791
0,344,1784880997.694482565,903,9.030000122,4.819681143,-0.462997612,1.200000000,-0.541903188
0,344,1784880997.694482565,904,9.040000122,4.825199075,-0.466564726,1.200000000,-0.543085270
0,344,1784880997.694482565,905,9.050000122,4.830717910,-0.470127865,1.200000000,-0.544267060
0,344,1784880997.694482565,906,9.060000122,4.836237661,-0.473686917,1.200000000,-0.545448582
0,344,1784880997.694482565,907,9.070000122,4.841758339,-0.477241774,1.200000000,-0.546629859
0,344,1784880997.694482565,908,9.080000122,4.847279957,-0.480792326,1.200000000,-0.547810917
0,344,1784880997.694482565,909,9.090000122,4.852802524,-0.484338462,1.200000000,-0.548991779
0,344,1784880997.694482565,910,9.100000122,4.858326050,-0.487880074,1.200000000,-0.550172468
0,344,1784880997.694482565,911,9.110000122,4.863850544,-0.491417051,1.200000000,-0.551353008
0,344,1784880997.694482565,912,9.120000122,4.869376014,-0.494949285,1.200000000,-0.552533424
0,344,1784880997.694482565,913,9.130000122,4.874902469,-0.498476666,1.200000000,-0.553713739
0,344,1784880997.694482565,914,9.140000122,4.880429914,-0.501999083,1.200000000,-0.554893977
0,344,1784880997.694482565,915,9.150000122,4.885958356,-0.505516428,1.200000000,-0.556074162
0,344,1784880997.694482565,916,9.160000122,4.891487800,-0.509028591,1.200000000,-0.557254318
0,344,1784880997.694482565,917,9.170000122,4.897018251,-0.512535463,1.200000000,-0.558434468
0,344,1784880997.694482565,918,9.180000122,4.902549713,-0.516036934,1.200000000,-0.559614637
0,344,1784880997.694482565,919,9.190000122,4.908082189,-0.519532895,1.200000000,-0.560794848
0,344,1784880997.694482565,920,9.200000122,4.913615682,-0.523023238,1.200000000,-0.561975126
0,344,1784880997.694482565,921,9.210000122,4.919150194,-0.526507852,1.200000000,-0.563155465
0,344,1784880997.694482565,922,9.220000122,4.924685726,-0.529986628,1.200000000,-0.564335605
0,344,1784880997.694482565,923,9.230000122,4.930222279,-0.533459458,1.200000000,-0.565515153
0,344,1784880997.694482565,924,9.240000122,4.935759852,-0.536926232,1.200000000,-0.566693714
0,344,1784880997.694482565,925,9.250000122,4.941298445,-0.540386842,1.200000000,-0.567870894
0,344,1784880997.694482565,926,9.260000122,4.946838056,-0.543841178,1.200000000,-0.569046298
0,344,1784880997.694482565,927,9.270000122,4.952378683,-0.547289132,1.200000000,-0.570219530
0,344,1784880997.694482565,928,9.280000122,4.957920324,-0.550730595,1.200000000,-0.571390196
0,344,1784880997.694482565,929,9.290000122,4.963462976,-0.554165458,1.200000000,-0.572557902
0,344,1784880997.694482565,930,9.300000122,4.969006634,-0.557593612,1.200000000,-0.573722252
0,344,1784880997.694482565,931,9.310000122,4.974551294,-0.561014950,1.200000000,-0.574882852
0,344,1784880997.694482565,932,9.320000122,4.980096951,-0.564429362,1.200000000,-0.576039307
0,344,1784880997.694482565,933,9.330000122,4.985643599,-0.567836741,1.200000000,-0.577191222
0,344,1784880997.694482565,934,9.340000122,4.991191232,-0.571236977,1.200000000,-0.578338203
0,344,1784880997.694482565,935,9.350000122,4.996739843,-0.574629963,1.200000000,-0.579479855
0,344,1784880997.694482565,936,9.360000122,5.002289425,-0.578015591,1.200000000,-0.580615782
0,344,1784880997.694482565,937,9.370000122,5.007839969,-0.581393752,1.200000000,-0.581745591
0,344,1784880997.694482565,938,9.380000122,5.013391468,-0.584764338,1.200000000,-0.582868886
0,344,1784880997.694482565,939,9.390000122,5.018943913,-0.588127242,1.200000000,-0.583985273
0,344,1784880997.694482565,940,9.400000122,5.024497293,-0.591482356,1.200000000,-0.585094356
0,344,1784880997.694482565,941,9.410000122,5.030051599,-0.594829572,1.200000000,-0.586195742
0,344,1784880997.694482565,942,9.420000122,5.035606821,-0.598168782,1.200000000,-0.587289035
0,344,1784880997.694482565,943,9.430000122,5.041162947,-0.601499879,1.200000000,-0.588373841
0,344,1784880997.694482565,944,9.440000122,5.046719967,-0.604822755,1.200000000,-0.589449765
0,344,1784880997.694482565,945,9.450000122,5.052277868,-0.608137304,1.200000000,-0.590516412
0,344,1784880997.694482565,946,9.460000122,5.057836639,-0.611443417,1.200000000,-0.591573387
0,344,1784880997.694482565,947,9.470000122,5.063396266,-0.614740988,1.200000000,-0.592620295
0,344,1784880997.694482565,948,9.480000122,5.068956737,-0.618029910,1.200000000,-0.593656742
0,344,1784880997.694482565,949,9.490000122,5.074518039,-0.621310076,1.200000000,-0.594682334
0,344,1784880997.694482565,950,9.500000122,5.080080157,-0.624581380,1.200000000,-0.595696674
0,344,1784880997.694482565,951,9.510000122,5.085643078,-0.627843713,1.200000000,-0.596699369
0,344,1784880997.694482565,952,9.520000122,5.091206787,-0.631096970,1.200000000,-0.597690024
0,344,1784880997.694482565,953,9.530000122,5.096771269,-0.634341045,1.200000000,-0.598668244
0,344,1784880997.694482565,954,9.540000122,5.102336510,-0.637575831,1.200000000,-0.599633634
0,344,1784880997.694482565,955,9.550000122,5.107902493,-0.640801221,1.200000000,-0.600585799
0,344,1784880997.694482565,956,9.560000122,5.113469204,-0.644017110,1.200000000,-0.601524345
0,344,1784880997.694482565,957,9.570000122,5.119036627,-0.647223392,1.200000000,-0.602448877
0,344,1784880997.694482565,958,9.580000122,5.124604745,-0.650419961,1.200000000,-0.603359000
0,344,1784880997.694482565,959,9.590000122,5.130173543,-0.653606711,1.200000000,-0.604254319
0,344,1784880997.694482565,960,9.600000122,5.135743003,-0.656783536,1.200000000,-0.605134440
0,344,1784880997.694482565,961,9.610000122,5.141313109,-0.659950331,1.200000000,-0.605998968
0,344,1784880997.694482565,962,9.620000122,5.146883844,-0.663106991,1.200000000,-0.606847508
0,344,1784880997.694482565,963,9.630000122,5.152455191,-0.666253410,1.200000000,-0.607679665
0,344,1784880997.694482565,964,9.640000122,5.158027133,-0.669389484,1.200000000,-0.608495045
0,344,1784880997.694482565,965,9.650000122,5.163599653,-0.672515107,1.200000000,-0.609293252
0,344,1784880997.694482565,966,9.660000122,5.169172733,-0.675630175,1.200000000,-0.610073892
0,344,1784880997.694482565,967,9.670000122,5.174746355,-0.678734582,1.200000000,-0.610836571
0,344,1784880997.694482565,968,9.680000122,5.180320503,-0.681828225,1.200000000,-0.611580893
0,344,1784880997.694482565,969,9.690000122,5.185895159,-0.684910999,1.200000000,-0.612306464
0,344,1784880997.694482565,970,9.700000122,5.191470305,-0.687982800,1.200000000,-0.613012888
0,344,1784880997.694482565,971,9.710000122,5.197045923,-0.691043523,1.200000000,-0.613699772
0,344,1784880997.694482565,972,9.720000122,5.202621995,-0.694093065,1.200000000,-0.614366721
0,344,1784880997.694482565,973,9.730000122,5.208198505,-0.697131323,1.200000000,-0.615013338
0,344,1784880997.694482565,974,9.740000122,5.213775435,-0.700158191,1.200000000,-0.615639231
0,344,1784880997.694482565,975,9.750000122,5.219352766,-0.703173567,1.200000000,-0.616244004
0,344,1784880997.694482565,976,9.760000122,5.224930482,-0.706177348,1.200000000,-0.616827262
0,344,1784880997.694482565,977,9.770000122,5.230508565,-0.709169430,1.200000000,-0.617388611
0,344,1784880997.694482565,978,9.780000122,5.236086998,-0.712149711,1.200000000,-0.617927656
0,344,1784880997.694482565,979,9.790000122,5.241665764,-0.715118087,1.200000000,-0.618444001
0,344,1784880997.694482565,980,9.800000122,5.247244846,-0.718074457,1.200000000,-0.618937253
0,344,1784880997.694482565,981,9.810000122,5.252824226,-0.721018716,1.200000000,-0.619407016
0,344,1784880997.694482565,982,9.820000122,5.258403889,-0.723950764,1.200000000,-0.619852897
0,344,1784880997.694482565,983,9.830000122,5.263983818,-0.726870498,1.200000000,-0.620274499
0,344,1784880997.694482565,984,9.840000122,5.269563996,-0.729777817,1.200000000,-0.620671428
0,344,1784880997.694482565,985,9.850000122,5.275144407,-0.732672617,1.200000000,-0.621043290
0,344,1784880997.694482565,986,9.860000122,5.280725036,-0.735554798,1.200000000,-0.621389689
0,344,1784880997.694482565,987,9.870000122,5.286305868,-0.738424259,1.200000000,-0.621710231
0,344,1784880997.694482565,988,9.880000122,5.291886886,-0.741280898,1.200000000,-0.622004522
0,344,1784880997.694482565,989,9.890000122,5.297468077,-0.744124614,1.200000000,-0.622272166
0,344,1784880997.694482565,990,9.900000122,5.303049424,-0.746955306,1.200000000,-0.622512768
0,344,1784880997.694482565,991,9.910000122,5.308630915,-0.749772875,1.200000000,-0.622725935
0,344,1784880997.694482565,992,9.920000122,5.314212535,-0.752577218,1.200000000,-0.622911270
0,344,1784880997.694482565,993,9.930000122,5.319794270,-0.755368237,1.200000000,-0.623068380
0,344,1784880997.694482565,994,9.940000122,5.325376108,-0.758145831,1.200000000,-0.623196869
0,344,1784880997.694482565,995,9.950000122,5.330958035,-0.760909900,1.200000000,-0.623296343
0,344,1784880997.694482565,996,9.960000122,5.336540039,-0.763660345,1.200000000,-0.623366407
0,344,1784880997.694482565,997,9.970000122,5.342122108,-0.766397067,1.200000000,-0.623406667
0,344,1784880997.694482565,998,9.980000122,5.347704230,-0.769119966,1.200000000,-0.623416726
0,344,1784880997.694482565,999,9.990000122,5.353286395,-0.771828943,1.200000000,-0.623396192
0,344,1784880997.694482565,1000,10.000000122,5.358868592,-0.774523900,1.200000000,-0.623344669
0,344,1784880997.694482565,1001,10.010000122,5.364450810,-0.777204739,1.200000000,-0.623261761
0,344,1784880997.694482565,1002,10.020000122,5.370033041,-0.779871361,1.200000000,-0.623147075
0,344,1784880997.694482565,1003,10.030000122,5.375615274,-0.782523667,1.200000000,-0.623000216
0,344,1784880997.694482565,1004,10.040000122,5.381197502,-0.785161562,1.200000000,-0.622820789
0,344,1784880997.694482565,1005,10.050000122,5.386779716,-0.787784946,1.200000000,-0.622608399
0,344,1784880997.694482565,1006,10.060000122,5.392361908,-0.790393723,1.200000000,-0.622362651
0,344,1784880997.694482565,1007,10.070000122,5.397944073,-0.792987795,1.200000000,-0.622083151
0,344,1784880997.694482565,1008,10.080000122,5.403526204,-0.795567067,1.200000000,-0.621769503
0,344,1784880997.694482565,1009,10.090000122,5.409108294,-0.798131441,1.200000000,-0.621421314
0,344,1784880997.694482565,1010,10.100000122,5.414690340,-0.800680822,1.200000000,-0.621038188
0,344,1784880997.694482565,1011,10.110000122,5.420272335,-0.803215113,1.200000000,-0.620619731
0,344,1784880997.694482565,1012,10.120000122,5.425854278,-0.805734219,1.200000000,-0.620165547
0,344,1784880997.694482565,1013,10.130000122,5.431436163,-0.808238045,1.200000000,-0.619675242
0,344,1784880997.694482565,1014,10.140000122,5.437017990,-0.810726495,1.200000000,-0.619148422
0,344,1784880997.694482565,1015,10.150000122,5.442599756,-0.813199475,1.200000000,-0.618584691
0,344,1784880997.694482565,1016,10.160000122,5.448181460,-0.815656890,1.200000000,-0.617983654
0,344,1784880997.694482565,1017,10.170000122,5.453763101,-0.818098646,1.200000000,-0.617344918
0,344,1784880997.694482565,1018,10.180000122,5.459344680,-0.820524649,1.200000000,-0.616668087
0,344,1784880997.694482565,1019,10.190000122,5.464926198,-0.822934805,1.200000000,-0.615952766
0,344,1784880997.694482565,1020,10.200000122,5.470507656,-0.825329022,1.200000000,-0.615198561
0,344,1784880997.694482565,1021,10.210000122,5.476089058,-0.827707206,1.200000000,-0.614405077
0,344,1784880997.694482565,1022,10.220000122,5.481670405,-0.830069265,1.200000000,-0.613571919
0,344,1784880997.694482565,1023,10.230000122,5.487251702,-0.832415106,1.200000000,-0.612698692
0,344,1784880997.694482565,1024,10.240000122,5.492832955,-0.834744638,1.200000000,-0.611785002
0,344,1784880997.694482565,1025,10.250000122,5.498414167,-0.837057768,1.200000000,-0.610830453
0,344,1784880997.694482565,1026,10.260000122,5.503995347,-0.839354406,1.200000000,-0.609834652
0,344,1784880997.694482565,1027,10.270000122,5.509576499,-0.841634461,1.200000000,-0.608797203
0,344,1784880997.694482565,1028,10.280000122,5.515157634,-0.843897842,1.200000000,-0.607717711
0,344,1784880997.694482565,1029,10.290000122,5.520738758,-0.846144459,1.200000000,-0.606595783
0,344,1784880997.694482565,1030,10.300000122,5.526319883,-0.848374221,1.200000000,-0.605431022
0,344,1784880997.694482565,1031,10.310000122,5.531901017,-0.850587041,1.200000000,-0.604223034
0,344,1784880997.694482565,1032,10.320000122,5.537482172,-0.852782828,1.200000000,-0.602971425
0,344,1784880997.694482565,1033,10.330000122,5.543063360,-0.854961494,1.200000000,-0.601675800
0,344,1784880997.694482565,1034,10.340000122,5.548644594,-0.857122950,1.200000000,-0.600335763
0,344,1784880997.694482565,1035,10.350000122,5.554225888,-0.859267110,1.200000000,-0.598950921
0,344,1784880997.694482565,1036,10.360000122,5.559807255,-0.861393884,1.200000000,-0.597520878
0,344,1784880997.694482565,1037,10.370000122,5.565388711,-0.863503187,1.200000000,-0.596045239
0,344,1784880997.694482565,1038,10.380000122,5.570970273,-0.865594931,1.200000000,-0.594523611
0,344,1784880997.694482565,1039,10.390000122,5.576551957,-0.867669031,1.200000000,-0.592955598
0,344,1784880997.694482565,1040,10.400000122,5.582133780,-0.869725400,1.200000000,-0.591340804
0,344,1784880997.694482565,1041,10.410000122,5.587715763,-0.871763954,1.200000000,-0.589678837
0,344,1784880997.694482565,1042,10.420000122,5.593297923,-0.873784606,1.200000000,-0.587969300
0,344,1784880997.694482565,1043,10.430000122,5.598880283,-0.875787274,1.200000000,-0.586211800
0,344,1784880997.694482565,1044,10.440000122,5.604462862,-0.877771873,1.200000000,-0.584405940
0,344,1784880997.694482565,1045,10.450000122,5.610045682,-0.879738319,1.200000000,-0.582551327
0,344,1784880997.694482565,1046,10.460000122,5.615628768,-0.881686529,1.200000000,-0.580647566
0,344,1784880997.694482565,1047,10.470000122,5.621212142,-0.883616422,1.200000000,-0.578694262
0,344,1784880997.694482565,1048,10.480000122,5.626795829,-0.885527914,1.200000000,-0.576691020
0,344,1784880997.694482565,1049,10.490000122,5.632379854,-0.887420925,1.200000000,-0.574637445
0,344,1784880997.694482565,1050,10.500000122,5.637964245,-0.889295374,1.200000000,-0.572533144
0,344,1784880997.694482565,1051,10.510000122,5.643549027,-0.891151179,1.200000000,-0.570377720
0,344,1784880997.694482565,1052,10.520000122,5.649134229,-0.892988261,1.200000000,-0.568170779
0,344,1784880997.694482565,1053,10.530000122,5.654719880,-0.894806541,1.200000000,-0.565911928
0,344,1784880997.694482565,1054,10.540000122,5.660306008,-0.896605940,1.200000000,-0.563601051
0,344,1784880997.694482565,1055,10.550000122,5.665892645,-0.898386379,1.200000000,-0.561238575
0,344,1784880997.694482565,1056,10.560000122,5.671479822,-0.900147781,1.200000000,-0.558824992
0,344,1784880997.694482565,1057,10.570000122,5.677067570,-0.901890068,1.200000000,-0.556360794
0,344,1784880997.694482565,1058,10.580000122,5.682655923,-0.903613164,1.200000000,-0.553846473
0,344,1784880997.694482565,1059,10.590000122,5.688244914,-0.905316993,1.200000000,-0.551282521
0,344,1784880997.694482565,1060,10.600000122,5.693834577,-0.907001480,1.200000000,-0.548669429
0,344,1784880997.694482565,1061,10.610000122,5.699424947,-0.908666549,1.200000000,-0.546007690
0,344,1784880997.694482565,1062,10.620000122,5.705016059,-0.910312128,1.200000000,-0.543297795
0,344,1784880997.694482565,1063,10.630000122,5.710607952,-0.911938141,1.200000000,-0.540540237
0,344,1784880997.694482565,1064,10.640000122,5.716200661,-0.913544517,1.200000000,-0.537735508
0,344,1784880997.694482565,1065,10.650000122,5.721794225,-0.915131182,1.200000000,-0.534884099
0,344,1784880997.694482565,1066,10.660000122,5.727388683,-0.916698067,1.200000000,-0.531986502
0,344,1784880997.694482565,1067,10.670000122,5.732984073,-0.918245099,1.200000000,-0.529043209
0,344,1784880997.694482565,1068,10.680000122,5.738580436,-0.919772208,1.200000000,-0.526054712
0,344,1784880997.694482565,1069,10.690000122,5.744177812,-0.921279325,1.200000000,-0.523021503
0,344,1784880997.694482565,1070,10.700000122,5.749776243,-0.922766382,1.200000000,-0.519944075
0,344,1784880997.694482565,1071,10.710000122,5.755375770,-0.924233310,1.200000000,-0.516822918
0,344,1784880997.694482565,1072,10.720000122,5.760976437,-0.925680041,1.200000000,-0.513658525
0,344,1784880997.694482565,1073,10.730000122,5.766578286,-0.927106510,1.200000000,-0.510451387
0,344,1784880997.694482565,1074,10.740000122,5.772181361,-0.928512650,1.200000000,-0.507201998
0,344,1784880997.694482565,1075,10.750000122,5.777785706,-0.929898396,1.200000000,-0.503910848
0,344,1784880997.694482565,1076,10.760000122,5.783391367,-0.931263684,1.200000000,-0.500578429
0,344,1784880997.694482565,1077,10.770000122,5.788998388,-0.932608450,1.200000000,-0.497205234
0,344,1784880997.694482565,1078,10.780000122,5.794606815,-0.933932632,1.200000000,-0.493791754
0,344,1784880997.694482565,1079,10.790000122,5.800216695,-0.935236168,1.200000000,-0.490338481
0,344,1784880997.694482565,1080,10.800000122,5.805828074,-0.936518996,1.200000000,-0.486845908
0,344,1784880997.694482565,1081,10.810000122,5.811441000,-0.937781057,1.200000000,-0.483314525
0,344,1784880997.694482565,1082,10.820000122,5.817055520,-0.939022290,1.200000000,-0.479744826
0,344,1784880997.694482565,1083,10.830000122,5.822671683,-0.940242637,1.200000000,-0.476137302
0,344,1784880997.694482565,1084,10.840000122,5.828289537,-0.941442040,1.200000000,-0.472492444
0,344,1784880997.694482565,1085,10.850000122,5.833909130,-0.942620444,1.200000000,-0.468810746
0,344,1784880997.694482565,1086,10.860000122,5.839530513,-0.943777790,1.200000000,-0.465092698
0,344,1784880997.694482565,1087,10.870000122,5.845153734,-0.944914025,1.200000000,-0.461338793
0,344,1784880997.694482565,1088,10.880000122,5.850778844,-0.946029094,1.200000000,-0.457549522
0,344,1784880997.694482565,1089,10.890000122,5.856405892,-0.947122944,1.200000000,-0.453725378
0,344,1784880997.694482565,1090,10.900000122,5.862034930,-0.948195523,1.200000000,-0.449866852
0,344,1784880997.694482565,1091,10.910000122,5.867666007,-0.949246779,1.200000000,-0.445974437
0,344,1784880997.694482565,1092,10.920000122,5.873299174,-0.950276661,1.200000000,-0.442048624
0,344,1784880997.694482565,1093,10.930000122,5.878934482,-0.951285121,1.200000000,-0.438089905
0,344,1784880997.694482565,1094,10.940000122,5.884571984,-0.952272109,1.200000000,-0.434098772
0,344,1784880997.694482565,1095,10.950000122,5.890211729,-0.953237579,1.200000000,-0.430075717
0,344,1784880997.694482565,1096,10.960000122,5.895853770,-0.954181483,1.200000000,-0.426021233
0,344,1784880997.694482565,1097,10.970000122,5.901498158,-0.955103776,1.200000000,-0.421935810
0,344,1784880997.694482565,1098,10.980000122,5.907144945,-0.956004414,1.200000000,-0.417819941
0,344,1784880997.694482565,1099,10.990000122,5.912794182,-0.956883353,1.200000000,-0.413674117
0,344,1784880997.694482565,1100,11.000000122,5.918445921,-0.957740550,1.200000000,-0.409498832
0,344,1784880997.694482565,1101,11.010000122,5.924100214,-0.958575965,1.200000000,-0.405294576
0,344,1784880997.694482565,1102,11.020000122,5.929757113,-0.959389557,1.200000000,-0.401061841
0,344,1784880997.694482565,1103,11.030000122,5.935416670,-0.960181286,1.200000000,-0.396801120
0,344,1784880997.694482565,1104,11.040000122,5.941078935,-0.960951116,1.200000000,-0.392512904
0,344,1784880997.694482565,1105,11.050000122,5.946743960,-0.961699007,1.200000000,-0.388197686
0,344,1784880997.694482565,1106,11.060000122,5.952411798,-0.962424926,1.200000000,-0.383855957
0,344,1784880997.694482565,1107,11.070000122,5.958082498,-0.963128836,1.200000000,-0.379488208
0,344,1784880997.694482565,1108,11.080000122,5.963756112,-0.963810705,1.200000000,-0.375094933
0,344,1784880997.694482565,1109,11.090000122,5.969432692,-0.964470499,1.200000000,-0.370676623
0,344,1784880997.694482565,1110,11.100000122,5.975112287,-0.965108187,1.200000000,-0.366233770
0,344,1784880997.694482565,1111,11.110000122,5.980794948,-0.965723739,1.200000000,-0.361766866
0,344,1784880997.694482565,1112,11.120000122,5.986480725,-0.966317127,1.200000000,-0.357276402
0,344,1784880997.694482565,1113,11.130000122,5.992169668,-0.966888321,1.200000000,-0.352762871
0,344,1784880997.694482565,1114,11.140000122,5.997861826,-0.967437296,1.200000000,-0.348226765
0,344,1784880997.694482565,1115,11.150000122,6.003557249,-0.967964026,1.200000000,-0.343668575
0,344,1784880997.694482565,1116,11.160000122,6.009255985,-0.968468487,1.200000000,-0.339088794
0,344,1784880997.694482565,1117,11.170000122,6.014958083,-0.968950656,1.200000000,-0.334487913
0,344,1784880997.694482565,1118,11.180000122,6.020663590,-0.969410510,1.200000000,-0.329866424
0,344,1784880997.694482565,1119,11.190000122,6.026372555,-0.969848030,1.200000000,-0.325224820
0,344,1784880997.694482565,1120,11.200000122,6.032085023,-0.970263197,1.200000000,-0.320563591
0,344,1784880997.694482565,1121,11.210000122,6.037801042,-0.970655992,1.200000000,-0.315883231
0,344,1784880997.694482565,1122,11.220000122,6.043520657,-0.971026398,1.200000000,-0.311184231
0,344,1784880997.694482565,1123,11.230000122,6.049243914,-0.971374400,1.200000000,-0.306467083
0,344,1784880997.694482565,1124,11.240000122,6.054970858,-0.971699984,1.200000000,-0.301732278
0,344,1784880997.694482565,1125,11.250000122,6.060701533,-0.972003138,1.200000000,-0.296980309
0,344,1784880997.694482565,1126,11.260000122,6.066435981,-0.972283849,1.200000000,-0.292211668
0,344,1784880997.694482565,1127,11.270000122,6.072174247,-0.972542107,1.200000000,-0.287426847
0,344,1784880997.694482565,1128,11.280000122,6.077916373,-0.972777905,1.200000000,-0.282626337
0,344,1784880997.694482565,1129,11.290000122,6.083662399,-0.972991233,1.200000000,-0.277810630
0,344,1784880997.694482565,1130,11.300000122,6.089412367,-0.973182086,1.200000000,-0.272980219
0,344,1784880997.694482565,1131,11.310000122,6.095166317,-0.973350459,1.200000000,-0.268135596
0,344,1784880997.694482565,1132,11.320000122,6.100924288,-0.973496349,1.200000000,-0.263277251
0,344,1784880997.694482565,1133,11.330000122,6.106686318,-0.973619754,1.200000000,-0.258405678
0,344,1784880997.694482565,1134,11.340000122,6.112452444,-0.973720673,1.200000000,-0.253521367
0,344,1784880997.694482565,1135,11.350000122,6.118222705,-0.973799106,1.200000000,-0.248624812
0,344,1784880997.694482565,1136,11.360000122,6.123997134,-0.973855056,1.200000000,-0.243716504
0,344,1784880997.694482565,1137,11.370000122,6.129775768,-0.973888526,1.200000000,-0.238796934
0,344,1784880997.694482565,1138,11.380000122,6.135558640,-0.973899522,1.200000000,-0.233866595
0,344,1784880997.694482565,1139,11.390000122,6.141345783,-0.973888049,1.200000000,-0.228925979
0,344,1784880997.694482565,1140,11.400000122,6.147137230,-0.973854115,1.200000000,-0.223975578
0,344,1784880997.694482565,1141,11.410000122,6.152933010,-0.973797731,1.200000000,-0.219015883
0,344,1784880997.694482565,1142,11.420000122,6.158733155,-0.973718905,1.200000000,-0.214047386
0,344,1784880997.694482565,1143,11.430000122,6.164537694,-0.973617651,1.200000000,-0.209070580
0,344,1784880997.694482565,1144,11.440000122,6.170346653,-0.973493982,1.200000000,-0.204085957
0,344,1784880997.694482565,1145,11.450000122,6.176160060,-0.973347912,1.200000000,-0.199094007
0,344,1784880997.694482565,1146,11.460000122,6.181977941,-0.973179460,1.200000000,-0.194095224
0,344,1784880997.694482565,1147,11.470000122,6.187800320,-0.972988641,1.200000000,-0.189090099
0,344,1784880997.694482565,1148,11.480000122,6.193627221,-0.972775477,1.200000000,-0.184079123
0,344,1784880997.694482565,1149,11.490000122,6.199458665,-0.972539987,1.200000000,-0.179062790
0,344,1784880997.694482565,1150,11.500000122,6.205294674,-0.972282195,1.200000000,-0.174041591
0,344,1784880997.694482565,1151,11.510000122,6.211135268,-0.972002124,1.200000000,-0.169016017
0,344,1784880997.694482565,1152,11.520000122,6.216980464,-0.971699799,1.200000000,-0.163986561
0,344,1784880997.694482565,1153,11.530000122,6.222830281,-0.971375248,1.200000000,-0.158953715
0,344,1784880997.694482565,1154,11.540000122,6.228684735,-0.971028498,1.200000000,-0.153917970
0,344,1784880997.694482565,1155,11.550000122,6.234543839,-0.970659581,1.200000000,-0.148879818
0,344,1784880997.694482565,1156,11.560000122,6.240407608,-0.970268527,1.200000000,-0.143839753
0,344,1784880997.694482565,1157,11.570000122,6.246276053,-0.969855369,1.200000000,-0.138798264
0,344,1784880997.694482565,1158,11.580000122,6.252149186,-0.969420142,1.200000000,-0.133755845
0,344,1784880997.694482565,1159,11.590000122,6.258027015,-0.968962881,1.200000000,-0.128712986
0,344,1784880997.694482565,1160,11.600000122,6.263909549,-0.968483625,1.200000000,-0.123670181
0,344,1784880997.694482565,1161,11.610000122,6.269796794,-0.967982412,1.200000000,-0.118627921
0,344,1784880997.694482565,1162,11.620000122,6.275688754,-0.967459283,1.200000000,-0.113586698
0,344,1784880997.694482565,1163,11.630000122,6.281585435,-0.966914279,1.200000000,-0.108547004
0,344,1784880997.694482565,1164,11.640000122,6.287486838,-0.966347446,1.200000000,-0.103509331
0,344,1784880997.694482565,1165,11.650000122,6.293392964,-0.965758827,1.200000000,-0.098474170
0,344,1784880997.694482565,1166,11.660000122,6.299303812,-0.965148470,1.200000000,-0.093442014
0,344,1784880997.694482565,1167,11.670000122,6.305219380,-0.964516423,1.200000000,-0.088413354
0,344,1784880997.694482565,1168,11.680000122,6.311139664,-0.963862736,1.200000000,-0.083388683
0,344,1784880997.694482565,1169,11.690000122,6.317064660,-0.963187459,1.200000000,-0.078368493
0,344,1784880997.694482565,1170,11.700000122,6.322994359,-0.962490647,1.200000000,-0.073353274
0,344,1784880997.694482565,1171,11.710000122,6.328928755,-0.961772352,1.200000000,-0.068343520
0,344,1784880997.694482565,1172,11.720000122,6.334867837,-0.961032632,1.200000000,-0.063339722
0,344,1784880997.694482565,1173,11.730000122,6.340811593,-0.960271544,1.200000000,-0.058342373
0,344,1784880997.694482565,1174,11.740000122,6.346760012,-0.959489147,1.200000000,-0.053351963
0,344,1784880997.694482565,1175,11.750000122,6.352713077,-0.958685501,1.200000000,-0.048368985
0,344,1784880997.694482565,1176,11.760000122,6.358670774,-0.957860668,1.200000000,-0.043393931
0,344,1784880997.694482565,1177,11.770000122,6.364633083,-0.957014712,1.200000000,-0.038427293
0,344,1784880997.694482565,1178,11.780000122,6.370599987,-0.956147699,1.200000000,-0.033469563
0,344,1784880997.694482565,1179,11.790000122,6.376571463,-0.955259694,1.200000000,-0.028521232
0,344,1784880997.694482565,1180,11.800000122,6.382547489,-0.954350767,1.200000000,-0.023582793
0,344,1784880997.694482565,1181,11.810000122,6.388528041,-0.953420986,1.200000000,-0.018654737
0,344,1784880997.694482565,1182,11.820000122,6.394513094,-0.952470423,1.200000000,-0.013737557
0,344,1784880997.694482565,1183,11.830000122,6.400502619,-0.951499151,1.200000000,-0.008831744
0,344,1784880997.694482565,1184,11.840000122,6.406496587,-0.950507244,1.200000000,-0.003937791
0,344,1784880997.694482565,1185,11.850000122,6.412494967,-0.949494778,1.200000000,0.000943812
0,344,1784880997.694482565,1186,11.860000122,6.418497727,-0.948461829,1.200000000,0.005812571
0,344,1784880997.694482565,1187,11.870000122,6.424504834,-0.947408477,1.200000000,0.010667998
0,344,1784880997.694482565,1188,11.880000122,6.430516250,-0.946334802,1.200000000,0.015509745
0,344,1784880997.694482565,1189,11.890000122,6.436531939,-0.945240886,1.200000000,0.020337699
0,344,1784880997.694482565,1190,11.900000122,6.442551861,-0.944126811,1.200000000,0.025151766
0,344,1784880997.694482565,1191,11.910000122,6.448575976,-0.942992662,1.200000000,0.029951852
0,344,1784880997.694482565,1192,11.920000122,6.454604241,-0.941838526,1.200000000,0.034737863
0,344,1784880997.694482565,1193,11.930000122,6.460636612,-0.940664490,1.200000000,0.039509706
0,344,1784880997.694482565,1194,11.940000122,6.466673044,-0.939470642,1.200000000,0.044267287
0,344,1784880997.694482565,1195,11.950000122,6.472713489,-0.938257074,1.200000000,0.049010512
0,344,1784880997.694482565,1196,11.960000122,6.478757898,-0.937023877,1.200000000,0.053739288
0,344,1784880997.694482565,1197,11.970000122,6.484806221,-0.935771144,1.200000000,0.058453521
0,344,1784880997.694482565,1198,11.980000122,6.490858405,-0.934498969,1.200000000,0.063153117
0,344,1784880997.694482565,1199,11.990000122,6.496914396,-0.933207450,1.200000000,0.067837982
0,344,1784880997.694482565,1200,12.000000122,6.502974139,-0.931896683,1.200000000,0.072508024
0,344,1784880997.694482565,1201,12.010000122,6.509037577,-0.930566766,1.200000000,0.077163147
0,344,1784880997.694482565,1202,12.020000122,6.515104650,-0.929217801,1.200000000,0.081803259
0,344,1784880997.694482565,1203,12.030000122,6.521175300,-0.927849889,1.200000000,0.086428266
0,344,1784880997.694482565,1204,12.040000122,6.527249463,-0.926463132,1.200000000,0.091038073
0,344,1784880997.694482565,1205,12.050000122,6.533327076,-0.925057635,1.200000000,0.095632588
0,344,1784880997.694482565,1206,12.060000122,6.539408074,-0.923633502,1.200000000,0.100211717
0,344,1784880997.694482565,1207,12.070000122,6.545492391,-0.922190842,1.200000000,0.104775366
0,344,1784880997.694482565,1208,12.080000122,6.551579958,-0.920729762,1.200000000,0.109323441
0,344,1784880997.694482565,1209,12.090000122,6.557670706,-0.919250371,1.200000000,0.113855848
0,344,1784880997.694482565,1210,12.100000122,6.563764563,-0.917752779,1.200000000,0.118372494
0,344,1784880997.694482565,1211,12.110000122,6.569861457,-0.916237100,1.200000000,0.122873286
0,344,1784880997.694482565,1212,12.120000122,6.575961314,-0.914703446,1.200000000,0.127358129
0,344,1784880997.694482565,1213,12.130000122,6.582064057,-0.913151930,1.200000000,0.131826929
0,344,1784880997.694482565,1214,12.140000122,6.588169610,-0.911582670,1.200000000,0.136279594
0,344,1784880997.694482565,1215,12.150000122,6.594277894,-0.909995781,1.200000000,0.140716029
0,344,1784880997.694482565,1216,12.160000122,6.600388829,-0.908391382,1.200000000,0.145136141
0,344,1784880997.694482565,1217,12.170000122,6.606502333,-0.906769591,1.200000000,0.149539836
0,344,1784880997.694482565,1218,12.180000122,6.612618324,-0.905130529,1.200000000,0.153927020
0,344,1784880997.694482565,1219,12.190000122,6.618736717,-0.903474317,1.200000000,0.158297600
0,344,1784880997.694482565,1220,12.200000122,6.624857427,-0.901801078,1.200000000,0.162651482
0,344,1784880997.694482565,1221,12.210000122,6.630980367,-0.900110935,1.200000000,0.166988572
0,344,1784880997.694482565,1222,12.220000122,6.637105447,-0.898404013,1.200000000,0.171308776
0,344,1784880997.694482565,1223,12.230000122,6.643232580,-0.896680438,1.200000000,0.175612002
0,344,1784880997.694482565,1224,12.240000122,6.649361673,-0.894940337,1.200000000,0.179898154
0,344,1784880997.694482565,1225,12.250000122,6.655492635,-0.893183837,1.200000000,0.184167140
0,344,1784880997.694482565,1226,12.260000122,6.661625372,-0.891411068,1.200000000,0.188418865
0,344,1784880997.694482565,1227,12.270000122,6.667759789,-0.889622159,1.200000000,0.192653237
0,344,1784880997.694482565,1228,12.280000122,6.673895790,-0.887817241,1.200000000,0.196870161
0,344,1784880997.694482565,1229,12.290000122,6.680033279,-0.885996446,1.200000000,0.201069543
0,344,1784880997.694482565,1230,12.300000122,6.686172156,-0.884159908,1.200000000,0.205251291
0,344,1784880997.694482565,1231,12.310000122,6.692312323,-0.882307759,1.200000000,0.209415310
0,344,1784880997.694482565,1232,12.320000122,6.698453678,-0.880440135,1.200000000,0.213561506
0,344,1784880997.694482565,1233,12.330000122,6.704596121,-0.878557170,1.200000000,0.217689786
0,344,1784880997.694482565,1234,12.340000122,6.710739548,-0.876659002,1.200000000,0.221800057
0,344,1784880997.694482565,1235,12.350000122,6.716883855,-0.874745768,1.200000000,0.225892224
0,344,1784880997.694482565,1236,12.360000122,6.723028938,-0.872817607,1.200000000,0.229966193
0,344,1784880997.694482565,1237,12.370000122,6.729174690,-0.870874656,1.200000000,0.234021872
0,344,1784880997.694482565,1238,12.380000122,6.735321005,-0.868917056,1.200000000,0.238059166
0,344,1784880997.694482565,1239,12.390000122,6.741467775,-0.866944947,1.200000000,0.242077982
0,344,1784880997.694482565,1240,12.400000122,6.747614890,-0.864958471,1.200000000,0.246078226
0,344,1784880997.694482565,1241,12.410000122,6.753762242,-0.862957771,1.200000000,0.250059804
0,344,1784880997.694482565,1242,12.420000122,6.759909719,-0.860942988,1.200000000,0.254022623
0,344,1784880997.694482565,1243,12.430000122,6.766057210,-0.858914267,1.200000000,0.257966588
0,344,1784880997.694482565,1244,12.440000122,6.772204603,-0.856871751,1.200000000,0.261891607
0,344,1784880997.694482565,1245,12.450000122,6.778351784,-0.854815586,1.200000000,0.265797586
0,344,1784880997.694482565,1246,12.460000122,6.784498639,-0.852745918,1.200000000,0.269684430
0,344,1784880997.694482565,1247,12.470000122,6.790645054,-0.850662891,1.200000000,0.273552046
0,344,1784880997.694482565,1248,12.480000122,6.796790913,-0.848566655,1.200000000,0.277400341
0,344,1784880997.694482565,1249,12.490000122,6.802936101,-0.846457355,1.200000000,0.281229220
0,344,1784880997.694482565,1250,12.500000122,6.809080499,-0.844335140,1.200000000,0.285038591
0,344,1784880997.694482565,1251,12.510000122,6.815223990,-0.842200158,1.200000000,0.288828359
0,344,1784880997.694482565,1252,12.520000122,6.821366457,-0.840052558,1.200000000,0.292598430
0,344,1784880997.694482565,1253,12.530000122,6.827507780,-0.837892491,1.200000000,0.296348712
0,344,1784880997.694482565,1254,12.540000122,6.833647841,-0.835720106,1.200000000,0.300079110
0,344,1784880997.694482565,1255,12.550000122,6.839786518,-0.833535554,1.200000000,0.303789530
0,344,1784880997.694482565,1256,12.560000122,6.845923693,-0.831338985,1.200000000,0.307479879
0,344,1784880997.694482565,1257,12.570000122,6.852059243,-0.829130551,1.200000000,0.311150063
0,344,1784880997.694482565,1258,12.580000122,6.858193047,-0.826910405,1.200000000,0.314799989
0,344,1784880997.694482565,1259,12.590000122,6.864324984,-0.824678697,1.200000000,0.318429563
0,344,1784880997.694482565,1260,12.600000122,6.870454932,-0.822435582,1.200000000,0.322038691
0,344,1784880997.694482565,1261,12.610000122,6.876582767,-0.820181211,1.200000000,0.325627279
0,344,1784880997.694482565,1262,12.620000122,6.882708366,-0.817915738,1.200000000,0.329195233
0,344,1784880997.694482565,1263,12.630000122,6.888831607,-0.815639317,1.200000000,0.332742461
0,344,1784880997.694482565,1264,12.640000122,6.894952366,-0.813352101,1.200000000,0.336268868
0,344,1784880997.694482565,1265,12.650000122,6.901070518,-0.811054245,1.200000000,0.339774361
0,344,1784880997.694482565,1266,12.660000122,6.907185940,-0.808745902,1.200000000,0.343258845
0,344,1784880997.694482565,1267,12.670000122,6.913298508,-0.806427228,1.200000000,0.346722228
0,344,1784880997.694482565,1268,12.680000122,6.919408096,-0.804098377,1.200000000,0.350164416
0,344,1784880997.694482565,1269,12.690000122,6.925514581,-0.801759505,1.200000000,0.353585314
0,344,1784880997.694482565,1270,12.700000122,6.931617837,-0.799410765,1.200000000,0.356984829
0,344,1784880997.694482565,1271,12.710000122,6.937717740,-0.797052313,1.200000000,0.360362868
0,344,1784880997.694482565,1272,12.720000122,6.943814164,-0.794684306,1.200000000,0.363719336
0,344,1784880997.694482565,1273,12.730000122,6.949906985,-0.792306897,1.200000000,0.367054141
0,344,1784880997.694482565,1274,12.740000122,6.955996078,-0.789920243,1.200000000,0.370367187
0,344,1784880997.694482565,1275,12.750000122,6.962081318,-0.787524499,1.200000000,0.373658383
0,344,1784880997.694482565,1276,12.760000122,6.968162579,-0.785119820,1.200000000,0.376927633
0,344,1784880997.694482565,1277,12.770000122,6.974239737,-0.782706363,1.200000000,0.380174845
0,344,1784880997.694482565,1278,12.780000122,6.980312668,-0.780284282,1.200000000,0.383399924
0,344,1784880997.694482565,1279,12.790000122,6.986381247,-0.777853733,1.200000000,0.386602777
0,344,1784880997.694482565,1280,12.800000122,6.992445349,-0.775414872,1.200000000,0.389783311
0,344,1784880997.694482565,1281,12.810000122,6.998504850,-0.772967854,1.200000000,0.392941430
0,344,1784880997.694482565,1282,12.820000122,7.004559626,-0.770512833,1.200000000,0.396077043
0,344,1784880997.694482565,1283,12.830000122,7.010609554,-0.768049966,1.200000000,0.399190055
0,344,1784880997.694482565,1284,12.840000122,7.016654511,-0.765579408,1.200000000,0.402280372
0,344,1784880997.694482565,1285,12.850000122,7.022694372,-0.763101312,1.200000000,0.405347900
0,344,1784880997.694482565,1286,12.860000122,7.028729015,-0.760615834,1.200000000,0.408392547
0,344,1784880997.694482565,1287,12.870000122,7.034758318,-0.758123127,1.200000000,0.411414218
0,344,1784880997.694482565,1288,12.880000122,7.040782159,-0.755623347,1.200000000,0.414412820
0,344,1784880997.694482565,1289,12.890000122,7.046800416,-0.753116647,1.200000000,0.417388258
0,344,1784880997.694482565,1290,12.900000122,7.052812968,-0.750603181,1.200000000,0.420340440
0,344,1784880997.694482565,1291,12.910000122,7.058819695,-0.748083102,1.200000000,0.423269271
0,344,1784880997.694482565,1292,12.920000122,7.064820476,-0.745556564,1.200000000,0.426174658
0,344,1784880997.694482565,1293,12.930000122,7.070815192,-0.743023718,1.200000000,0.429056507
0,344,1784880997.694482565,1294,12.940000122,7.076803723,-0.740484717,1.200000000,0.431914725
0,344,1784880997.694482565,1295,12.950000122,7.082785952,-0.737939714,1.200000000,0.434749217
0,344,1784880997.694482565,1296,12.960000122,7.088761760,-0.735388860,1.200000000,0.437559891
0,344,1784880997.694482565,1297,12.970000122,7.094731030,-0.732832307,1.200000000,0.440346651
0,344,1784880997.694482565,1298,12.980000122,7.100693647,-0.730270204,1.200000000,0.443109406
0,344,1784880997.694482565,1299,12.990000122,7.106649493,-0.727702702,1.200000000,0.445848060
0,344,1784880997.694482565,1300,13.000000122,7.112598454,-0.725129952,1.200000000,0.448562521
0,344,1784880997.694482565,1301,13.010000122,7.118540415,-0.722552102,1.200000000,0.451252694
0,344,1784880997.694482565,1302,13.020000122,7.124475264,-0.719969302,1.200000000,0.453918486
0,344,1784880997.694482565,1303,13.030000122,7.130402887,-0.717381699,1.200000000,0.456559803
0,344,1784880997.694482565,1304,13.040000122,7.136323172,-0.714789442,1.200000000,0.459176552
0,344,1784880997.694482565,1305,13.050000122,7.142236008,-0.712192678,1.200000000,0.461768638
0,344,1784880997.694482565,1306,13.060000122,7.148141286,-0.709591553,1.200000000,0.464335969
0,344,1784880997.694482565,1307,13.070000122,7.154038895,-0.706986214,1.200000000,0.466878450
0,344,1784880997.694482565,1308,13.080000122,7.159928728,-0.704376806,1.200000000,0.469395987
0,344,1784880997.694482565,1309,13.090000122,7.165810676,-0.701763473,1.200000000,0.471888488
0,344,1784880997.694482565,1310,13.100000122,7.171684635,-0.699146360,1.200000000,0.474355858
0,344,1784880997.694482565,1311,13.110000122,7.177550497,-0.696525611,1.200000000,0.476798004
0,344,1784880997.694482565,1312,13.120000122,7.183408159,-0.693901368,1.200000000,0.479214831
0,344,1784880997.694482565,1313,13.130000122,7.189257517,-0.691273773,1.200000000,0.481606247
0,344,1784880997.694482565,1314,13.140000122,7.195098469,-0.688642967,1.200000000,0.483972157
0,344,1784880997.694482565,1315,13.150000122,7.200930914,-0.686009092,1.200000000,0.486312468
0,344,1784880997.694482565,1316,13.160000122,7.206754752,-0.683372287,1.200000000,0.488627086
0,344,1784880997.694482565,1317,13.170000122,7.212569883,-0.680732690,1.200000000,0.490915918
0,344,1784880997.694482565,1318,13.180000122,7.218376210,-0.678090441,1.200000000,0.493178869
0,344,1784880997.694482565,1319,13.190000122,7.224173636,-0.675445677,1.200000000,0.495415846
0,344,1784880997.694482565,1320,13.200000122,7.229962065,-0.672798534,1.200000000,0.497626756
0,344,1784880997.694482565,1321,13.210000122,7.235741404,-0.670149149,1.200000000,0.499811504
0,344,1784880997.694482565,1322,13.220000122,7.241511558,-0.667497655,1.200000000,0.501969997
0,344,1784880997.694482565,1323,13.230000122,7.247272438,-0.664844188,1.200000000,0.504102142
0,344,1784880997.694482565,1324,13.240000122,7.253023951,-0.662188880,1.200000000,0.506207844
0,344,1784880997.694482565,1325,13.250000122,7.258766009,-0.659531864,1.200000000,0.508287010
0,344,1784880997.694482565,1326,13.260000122,7.264498523,-0.656873271,1.200000000,0.510339546
0,344,1784880997.694482565,1327,13.270000122,7.270221407,-0.654213232,1.200000000,0.512365359
0,344,1784880997.694482565,1328,13.280000122,7.275934576,-0.651551875,1.200000000,0.514364354
0,344,1784880997.694482565,1329,13.290000122,7.281637946,-0.648889330,1.200000000,0.516336439
0,344,1784880997.694482565,1330,13.300000122,7.287331434,-0.646225724,1.200000000,0.518281519
0,344,1784880997.694482565,1331,13.310000122,7.293014959,-0.643561184,1.200000000,0.520199500
0,344,1784880997.694482565,1332,13.320000122,7.298688442,-0.640895835,1.200000000,0.522090290
0,344,1784880997.694482565,1333,13.330000122,7.304351802,-0.638229802,1.200000000,0.523953794
0,344,1784880997.694482565,1334,13.340000122,7.310004965,-0.635563208,1.200000000,0.525789918
0,344,1784880997.694482565,1335,13.350000122,7.315647854,-0.632896176,1.200000000,0.527598569
0,344,1784880997.694482565,1336,13.360000122,7.321280396,-0.630228828,1.200000000,0.529379654
0,344,1784880997.694482565,1337,13.370000122,7.326902516,-0.627561283,1.200000000,0.531133078
0,344,1784880997.694482565,1338,13.380000122,7.332514146,-0.624893661,1.200000000,0.532858748
0,344,1784880997.694482565,1339,13.390000122,7.338115214,-0.622226081,1.200000000,0.534556570
0,344,1784880997.694482565,1340,13.400000122,7.343705653,-0.619558660,1.200000000,0.536226451
0,344,1784880997.694482565,1341,13.410000122,7.349285396,-0.616891512,1.200000000,0.537868296
0,344,1784880997.694482565,1342,13.420000122,7.354854377,-0.614224755,1.200000000,0.539482012
0,344,1784880997.694482565,1343,13.430000122,7.360412534,-0.611558501,1.200000000,0.541067506
0,344,1784880997.694482565,1344,13.440000122,7.365959804,-0.608892863,1.200000000,0.542624683
0,344,1784880997.694482565,1345,13.450000122,7.371496127,-0.606227952,1.200000000,0.544153450
0,344,1784880997.694482565,1346,13.460000122,7.377021444,-0.603563880,1.200000000,0.545653714
0,344,1784880997.694482565,1347,13.470000122,7.382535697,-0.600900755,1.200000000,0.547125380
0,344,1784880997.694482565,1348,13.480000122,7.388038830,-0.598238685,1.200000000,0.548568355
0,344,1784880997.694482565,1349,13.490000122,7.393530790,-0.595577778,1.200000000,0.549982545
0,344,1784880997.694482565,1350,13.500000122,7.399011523,-0.592918138,1.200000000,0.551367856
0,344,1784880997.694482565,1351,13.510000122,7.404480978,-0.590259871,1.200000000,0.552724195
0,344,1784880997.694482565,1352,13.520000122,7.409939106,-0.587603080,1.200000000,0.554051469
0,344,1784880997.694482565,1353,13.530000122,7.415385859,-0.584947867,1.200000000,0.555349583
0,344,1784880997.694482565,1354,13.540000122,7.420821190,-0.582294333,1.200000000,0.556618443
0,344,1784880997.694482565,1355,13.550000122,7.426245054,-0.579642577,1.200000000,0.557857957
0,344,1784880997.694482565,1356,13.560000122,7.431657409,-0.576992699,1.200000000,0.559068029
0,344,1784880997.694482565,1357,13.570000122,7.437058212,-0.574344795,1.200000000,0.560248568
0,344,1784880997.694482565,1358,13.580000122,7.442447424,-0.571698961,1.200000000,0.561399478
0,344,1784880997.694482565,1359,13.590000122,7.447825006,-0.569055293,1.200000000,0.562520667
0,344,1784880997.694482565,1360,13.600000122,7.453190921,-0.566413884,1.200000000,0.563612040
0,344,1784880997.694482565,1361,13.610000122,7.458545134,-0.563774826,1.200000000,0.564673504
0,344,1784880997.694482565,1362,13.620000122,7.463887610,-0.561138210,1.200000000,0.565704965
0,344,1784880997.694482565,1363,13.630000122,7.469218319,-0.558504126,1.200000000,0.566706329
0,344,1784880997.694482565,1364,13.640000122,7.474537229,-0.555872663,1.200000000,0.567677503
0,344,1784880997.694482565,1365,13.650000122,7.479844311,-0.553243908,1.200000000,0.568618393
0,344,1784880997.694482565,1366,13.660000122,7.485139538,-0.550617948,1.200000000,0.569528906
0,344,1784880997.694482565,1367,13.670000122,7.490422883,-0.547994866,1.200000000,0.570408947
0,344,1784880997.694482565,1368,13.680000122,7.495694323,-0.545374748,1.200000000,0.571258423
0,344,1784880997.694482565,1369,13.690000122,7.500953834,-0.542757674,1.200000000,0.572077241
0,344,1784880997.694482565,1370,13.700000122,7.506201395,-0.540143727,1.200000000,0.572865306
0,344,1784880997.694482565,1371,13.710000122,7.511436986,-0.537532985,1.200000000,0.573622524
0,344,1784880997.694482565,1372,13.720000122,7.516660589,-0.534925528,1.200000000,0.574348803
0,344,1784880997.694482565,1373,13.730000122,7.521872186,-0.532321434,1.200000000,0.575044049
0,344,1784880997.694482565,1374,13.740000122,7.527071763,-0.529720777,1.200000000,0.575708167
0,344,1784880997.694482565,1375,13.750000122,7.532259305,-0.527123633,1.200000000,0.576341064
0,344,1784880997.694482565,1376,13.760000122,7.537434800,-0.524530076,1.200000000,0.576942647
0,344,1784880997.694482565,1377,13.770000122,7.542598237,-0.521940178,1.200000000,0.577512822
0,344,1784880997.694482565,1378,13.780000122,7.547749605,-0.519354011,1.200000000,0.578051494
0,344,1784880997.694482565,1379,13.790000122,7.552888898,-0.516771643,1.200000000,0.578558571
0,344,1784880997.694482565,1380,13.800000122,7.558016107,-0.514193145,1.200000000,0.579033958
0,344,1784880997.694482565,1381,13.810000122,7.563131227,-0.511618583,1.200000000,0.579477562
0,344,1784880997.694482565,1382,13.820000122,7.568234253,-0.509048023,1.200000000,0.579889290
0,344,1784880997.694482565,1383,13.830000122,7.573325184,-0.506481532,1.200000000,0.580269047
0,344,1784880997.694482565,1384,13.840000122,7.578404017,-0.503919172,1.200000000,0.580616739
0,344,1784880997.694482565,1385,13.850000122,7.583470752,-0.501361007,1.200000000,0.580932274
0,344,1784880997.694482565,1386,13.860000122,7.588525389,-0.498807098,1.200000000,0.581215558
0,344,1784880997.694482565,1387,13.870000122,7.593567931,-0.496257506,1.200000000,0.581466496
0,344,1784880997.694482565,1388,13.880000122,7.598598381,-0.493712289,1.200000000,0.581684995
0,344,1784880997.694482565,1389,13.890000122,7.603616743,-0.491171506,1.200000000,0.581870961
0,344,1784880997.694482565,1390,13.900000122,7.608623023,-0.488635214,1.200000000,0.582024301
0,344,1784880997.694482565,1391,13.910000122,7.613617227,-0.486103468,1.200000000,0.582144922
0,344,1784880997.694482565,1392,13.920000122,7.618599364,-0.483576323,1.200000000,0.582232728
0,344,1784880997.694482565,1393,13.930000122,7.623569442,-0.481053833,1.200000000,0.582287627
0,344,1784880997.694482565,1394,13.940000122,7.628527471,-0.478536050,1.200000000,0.582309525
0,344,1784880997.694482565,1395,13.950000122,7.633473461,-0.476023025,1.200000000,0.582298327
0,344,1784880997.694482565,1396,13.960000122,7.638407425,-0.473514810,1.200000000,0.582253942
0,344,1784880997.694482565,1397,13.970000122,7.643329375,-0.471011453,1.200000000,0.582176274
0,344,1784880997.694482565,1398,13.980000122,7.648239325,-0.468513002,1.200000000,0.582065230
0,344,1784880997.694482565,1399,13.990000122,7.653137288,-0.466019504,1.200000000,0.581920717
0,344,1784880997.694482565,1400,14.000000122,7.658023280,-0.463531007,1.200000000,0.581742640
0,344,1784880997.694482565,1401,14.010000122,7.662897318,-0.461047554,1.200000000,0.581530907
0,344,1784880997.694482565,1402,14.020000122,7.667759417,-0.458569191,1.200000000,0.581285422
0,344,1784880997.694482565,1403,14.030000122,7.672609595,-0.456095960,1.200000000,0.581006094
0,344,1784880997.694482565,1404,14.040000122,7.677447871,-0.453627904,1.200000000,0.580692827
0,344,1784880997.694482565,1405,14.050000122,7.682274262,-0.451165065,1.200000000,0.580345528
0,344,1784880997.694482565,1406,14.060000122,7.687088787,-0.448707482,1.200000000,0.579964104
0,344,1784880997.694482565,1407,14.070000122,7.691891467,-0.446255195,1.200000000,0.579548461
0,344,1784880997.694482565,1408,14.080000122,7.696682322,-0.443808243,1.200000000,0.579098504
0,344,1784880997.694482565,1409,14.090000122,7.701461372,-0.441366665,1.200000000,0.578614142
0,344,1784880997.694482565,1410,14.100000122,7.706228638,-0.438930496,1.200000000,0.578095279
0,344,1784880997.694482565,1411,14.110000122,7.710984141,-0.436499774,1.200000000,0.577541822
0,344,1784880997.694482565,1412,14.120000122,7.715727902,-0.434074534,1.200000000,0.576953677
0,344,1784880997.694482565,1413,14.130000122,7.720459944,-0.431654810,1.200000000,0.576330751
0,344,1784880997.694482565,1414,14.140000122,7.725180288,-0.429240638,1.200000000,0.575672950
0,344,1784880997.694482565,1415,14.150000122,7.729888957,-0.426832049,1.200000000,0.574980180
0,344,1784880997.694482565,1416,14.160000122,7.734585971,-0.424429077,1.200000000,0.574252348
0,344,1784880997.694482565,1417,14.170000122,7.739271353,-0.422031754,1.200000000,0.573489360
0,344,1784880997.694482565,1418,14.180000122,7.743945126,-0.419640112,1.200000000,0.572691122
0,344,1784880997.694482565,1419,14.190000122,7.748607310,-0.417254180,1.200000000,0.571857540
0,344,1784880997.694482565,1420,14.200000122,7.753257928,-0.414873989,1.200000000,0.570988521
0,344,1784880997.694482565,1421,14.210000122,7.757897001,-0.412499569,1.200000000,0.570083971
0,344,1784880997.694482565,1422,14.220000122,7.762524549,-0.410130950,1.200000000,0.569143797
0,344,1784880997.694482565,1423,14.230000122,7.767140594,-0.407768159,1.200000000,0.568167904
0,344,1784880997.694482565,1424,14.240000122,7.771745155,-0.405411225,1.200000000,0.567156200
0,344,1784880997.694482565,1425,14.250000122,7.776338253,-0.403060177,1.200000000,0.566108589
0,344,1784880997.694482565,1426,14.260000122,7.780919907,-0.400715040,1.200000000,0.565024979
0,344,1784880997.694482565,1427,14.270000122,7.785490134,-0.398375843,1.200000000,0.563905276
0,344,1784880997.694482565,1428,14.280000122,7.790048953,-0.396042613,1.200000000,0.562749387
0,344,1784880997.694482565,1429,14.290000122,7.794596381,-0.393715375,1.200000000,0.561557216
0,344,1784880997.694482565,1430,14.300000122,7.799132434,-0.391394156,1.200000000,0.560328672
0,344,1784880997.694482565,1431,14.310000122,7.803657127,-0.389078982,1.200000000,0.559063660
0,344,1784880997.694482565,1432,14.320000122,7.808170474,-0.386769879,1.200000000,0.557762086
0,344,1784880997.694482565,1433,14.330000122,7.812672488,-0.384466873,1.200000000,0.556423857
0,344,1784880997.694482565,1434,14.340000122,7.817163181,-0.382169989,1.200000000,0.555048879
0,344,1784880997.694482565,1435,14.350000122,7.821642563,-0.379879253,1.200000000,0.553637058
0,344,1784880997.694482565,1436,14.360000122,7.826110645,-0.377594690,1.200000000,0.552188301
0,344,1784880997.694482565,1437,14.370000122,7.830567434,-0.375316326,1.200000000,0.550702514
0,344,1784880997.694482565,1438,14.380000122,7.835012936,-0.373044187,1.200000000,0.549179603
0,344,1784880997.694482565,1439,14.390000122,7.839447156,-0.370778298,1.200000000,0.547619475
0,344,1784880997.694482565,1440,14.400000122,7.843870097,-0.368518685,1.200000000,0.546022036
0,344,1784880997.694482565,1441,14.410000122,7.848281760,-0.366265374,1.200000000,0.544387191
0,344,1784880997.694482565,1442,14.420000122,7.852682146,-0.364018391,1.200000000,0.542714849
0,344,1784880997.694482565,1443,14.430000122,7.857071251,-0.361777763,1.200000000,0.541004914
0,344,1784880997.694482565,1444,14.440000122,7.861449071,-0.359543517,1.200000000,0.539257293
0,344,1784880997.694482565,1445,14.450000122,7.865815599,-0.357315680,1.200000000,0.537471892
0,344,1784880997.694482565,1446,14.460000122,7.870170828,-0.355094280,1.200000000,0.535648618
0,344,1784880997.694482565,1447,14.470000122,7.874514745,-0.352879344,1.200000000,0.533787378
0,344,1784880997.694482565,1448,14.480000122,7.878847336,-0.350670901,1.200000000,0.531888076
0,344,1784880997.694482565,1449,14.490000122,7.883168587,-0.348468980,1.200000000,0.529950620
0,344,1784880997.694482565,1450,14.500000122,7.887478477,-0.346273612,1.200000000,0.527974916
0,344,1784880997.694482565,1451,14.510000122,7.891776987,-0.344084826,1.200000000,0.525960870
0,344,1784880997.694482565,1452,14.520000122,7.896064090,-0.341902654,1.200000000,0.523908389
0,344,1784880997.694482565,1453,14.530000122,7.900339761,-0.339727127,1.200000000,0.521817379
0,344,1784880997.694482565,1454,14.540000122,7.904603969,-0.337558279,1.200000000,0.519687745
0,344,1784880997.694482565,1455,14.550000122,7.908856680,-0.335396142,1.200000000,0.517519396
0,344,1784880997.694482565,1456,14.560000122,7.913097859,-0.333240751,1.200000000,0.515312235
0,344,1784880997.694482565,1457,14.570000122,7.917327464,-0.331092142,1.200000000,0.513066171
0,344,1784880997.694482565,1458,14.580000122,7.921545452,-0.328950351,1.200000000,0.510781110
0,344,1784880997.694482565,1459,14.590000122,7.925751777,-0.326815416,1.200000000,0.508456956
0,344,1784880997.694482565,1460,14.600000122,7.929946387,-0.324687375,1.200000000,0.506093618
0,344,1784880997.694482565,1461,14.610000122,7.934129228,-0.322566269,1.200000000,0.503691001
0,344,1784880997.694482565,1462,14.620000122,7.938300241,-0.320452138,1.200000000,0.501249012
0,344,1784880997.694482565,1463,14.630000122,7.942459363,-0.318345025,1.200000000,0.498767557
0,344,1784880997.694482565,1464,14.640000122,7.946606528,-0.316244974,1.200000000,0.496246541
0,344,1784880997.694482565,1465,14.650000122,7.950741664,-0.314152031,1.200000000,0.493685872
0,344,1784880997.694482565,1466,14.660000122,7.954864696,-0.312066242,1.200000000,0.491085456
0,344,1784880997.694482565,1467,14.670000122,7.958975543,-0.309987656,1.200000000,0.488445199
0,344,1784880997.694482565,1468,14.680000122,7.963074120,-0.307916322,1.200000000,0.485765008
0,344,1784880997.694482565,1469,14.690000122,7.967160338,-0.305852294,1.200000000,0.483044788
0,344,1784880997.694482565,1470,14.700000122,7.971234102,-0.303795624,1.200000000,0.480284446
0,344,1784880997.694482565,1471,14.710000122,7.975295311,-0.301746368,1.200000000,0.477483888
0,344,1784880997.694482565,1472,14.720000122,7.979343861,-0.299704583,1.200000000,0.474643021
0,344,1784880997.694482565,1473,14.730000122,7.983379642,-0.297670329,1.200000000,0.471761751
0,344,1784880997.694482565,1474,14.740000122,7.987402537,-0.295643667,1.200000000,0.468839984
0,344,1784880997.694482565,1475,14.750000122,7.991412424,-0.293624661,1.200000000,0.465877627
0,344,1784880997.694482565,1476,14.760000122,7.995409176,-0.291613376,1.200000000,0.462874586
0,344,1784880997.694482565,1477,14.770000122,7.999392660,-0.289609880,1.200000000,0.459830766
0,344,1784880997.694482565,1478,14.780000122,8.003362736,-0.287614244,1.200000000,0.456746075
0,344,1784880997.694482565,1479,14.790000122,8.007319259,-0.285626541,1.200000000,0.453620419
0,344,1784880997.694482565,1480,14.800000122,8.011262076,-0.283646846,1.200000000,0.450453704
0,344,1784880997.694482565,1481,14.810000122,8.015191028,-0.281675237,1.200000000,0.447245836
0,344,1784880997.694482565,1482,14.820000122,8.019105950,-0.279711795,1.200000000,0.443996722
0,344,1784880997.694482565,1483,14.830000122,8.023006670,-0.277756601,1.200000000,0.440706268
0,344,1784880997.694482565,1484,14.840000122,8.026893009,-0.275809744,1.200000000,0.437374380
0,344,1784880997.694482565,1485,14.850000122,8.030764780,-0.273871311,1.200000000,0.434000964
0,344,1784880997.694482565,1486,14.860000122,8.034621790,-0.271941395,1.200000000,0.430585928
0,344,1784880997.694482565,1487,14.870000122,8.038463837,-0.270020091,1.200000000,0.427129176
0,344,1784880997.694482565,1488,14.880000122,8.042290713,-0.268107496,1.200000000,0.423630616
0,344,1784880997.694482565,1489,14.890000122,8.046102200,-0.266203712,1.200000000,0.420090154
0,344,1784880997.694482565,1490,14.900000122,8.049898075,-0.264308845,1.200000000,0.416507696
0,344,1784880997.694482565,1491,14.910000122,8.053678104,-0.262423001,1.200000000,0.412883148
0,344,1784880997.694482565,1492,14.920000122,8.057442046,-0.260546292,1.200000000,0.409216417
0,344,1784880997.694482565,1493,14.930000122,8.061189652,-0.258678835,1.200000000,0.405507410
0,344,1784880997.694482565,1494,14.940000122,8.064920663,-0.256820746,1.200000000,0.401756031
0,344,1784880997.694482565,1495,14.950000122,8.068634813,-0.254972150,1.200000000,0.397962188
0,344,1784880997.694482565,1496,14.960000122,8.072331824,-0.253133171,1.200000000,0.394125787
0,344,1784880997.694482565,1497,14.970000122,8.076011412,-0.251303942,1.200000000,0.390246734
0,344,1784880997.694482565,1498,14.980000122,8.079673283,-0.249484595,1.200000000,0.386324938
0,344,1784880997.694482565,1499,14.990000122,8.083317131,-0.247675270,1.200000000,0.382360742
0,344,1784880997.694482565,1500,15.000000122,8.086942643,-0.245876109,1.200000000,0.378355427
0,344,1784880997.694482565,1501,15.010000122,8.090549494,-0.244087259,1.200000000,0.374310397
0,344,1784880997.694482565,1502,15.020000122,8.094137351,-0.242308872,1.200000000,0.370227056
0,344,1784880997.694482565,1503,15.030000122,8.097705869,-0.240541103,1.200000000,0.366106808
0,344,1784880997.694482565,1504,15.040000122,8.101254693,-0.238784114,1.200000000,0.361951055
0,344,1784880997.694482565,1505,15.050000122,8.104783458,-0.237038069,1.200000000,0.357761201
0,344,1784880997.694482565,1506,15.060000122,8.108291787,-0.235303138,1.200000000,0.353538651
0,344,1784880997.694482565,1507,15.070000122,8.111779293,-0.233579496,1.200000000,0.349284808
0,344,1784880997.694482565,1508,15.080000122,8.115245577,-0.231867323,1.200000000,0.345001074
0,344,1784880997.694482565,1509,15.090000122,8.118690230,-0.230166804,1.200000000,0.340688855
0,344,1784880997.694482565,1510,15.100000122,8.122112829,-0.228478129,1.200000000,0.336349553
0,344,1784880997.694482565,1511,15.110000122,8.125512944,-0.226801492,1.200000000,0.331984573
0,344,1784880997.694482565,1512,15.120000122,8.128890128,-0.225137094,1.200000000,0.327595317
0,344,1784880997.694482565,1513,15.130000122,8.132243927,-0.223485141,1.200000000,0.323183189
0,344,1784880997.694482565,1514,15.140000122,8.135573873,-0.221845842,1.200000000,0.318749594
0,344,1784880997.694482565,1515,15.150000122,8.138879487,-0.220219414,1.200000000,0.314295934
0,344,1784880997.694482565,1516,15.160000122,8.142160277,-0.218606078,1.200000000,0.309823614
0,344,1784880997.694482565,1517,15.170000122,8.145415742,-0.217006060,1.200000000,0.305334036
0,344,1784880997.694482565,1518,15.180000122,8.148645368,-0.215419592,1.200000000,0.300828605
0,344,1784880997.694482565,1519,15.190000122,8.151848628,-0.213846911,1.200000000,0.296308723
0,344,1784880997.694482565,1520,15.200000122,8.155024987,-0.212288258,1.200000000,0.291775796
0,344,1784880997.694482565,1521,15.210000122,8.158173896,-0.210743880,1.200000000,0.287231226
0,344,1784880997.694482565,1522,15.220000122,8.161294797,-0.209214030,1.200000000,0.282676417
0,344,1784880997.694482565,1523,15.230000122,8.164387120,-0.207698964,1.200000000,0.278112772
0,344,1784880997.694482565,1524,15.240000122,8.167450285,-0.206198943,1.200000000,0.273541695
0,344,1784880997.694482565,1525,15.250000122,8.170483702,-0.204714234,1.200000000,0.268964591
0,344,1784880997.694482565,1526,15.260000122,8.173486773,-0.203245107,1.200000000,0.264382861
0,344,1784880997.694482565,1527,15.270000122,8.176458887,-0.201791836,1.200000000,0.259797911
0,344,1784880997.694482565,1528,15.280000122,8.179399428,-0.200354699,1.200000000,0.255211143
0,344,1784880997.694482565,1529,15.290000122,8.182307770,-0.198933980,1.200000000,0.250623962
0,344,1784880997.694482565,1530,15.300000122,8.185183280,-0.197529964,1.200000000,0.246037770
0,344,1784880997.694482565,1531,15.310000122,8.188025317,-0.196142940,1.200000000,0.241453972
0,344,1784880997.694482565,1532,15.320000122,8.190833234,-0.194773200,1.200000000,0.236873971
0,344,1784880997.694482565,1533,15.330000122,8.193606379,-0.193421037,1.200000000,0.232299170
0,344,1784880997.694482565,1534,15.340000122,8.196344095,-0.192086749,1.200000000,0.227730974
0,344,1784880997.694482565,1535,15.350000122,8.199045722,-0.190770633,1.200000000,0.223170786
0,344,1784880997.694482565,1536,15.360000122,8.201710594,-0.189472989,1.200000000,0.218620009
0,344,1784880997.694482565,1537,15.370000122,8.204338046,-0.188194118,1.200000000,0.214080048
0,344,1784880997.694482565,1538,15.380000122,8.206927412,-0.186934319,1.200000000,0.209552305
0,344,1784880997.694482565,1539,15.390000122,8.209478024,-0.185693894,1.200000000,0.205038185
0,344,1784880997.694482565,1540,15.400000122,8.211989218,-0.184473141,1.200000000,0.200539090
0,344,1784880997.694482565,1541,15.410000122,8.214460330,-0.183272360,1.200000000,0.196056425
0,344,1784880997.694482565,1542,15.420000122,8.216890704,-0.182091846,1.200000000,0.191591594
0,344,1784880997.694482565,1543,15.430000122,8.219279685,-0.180931893,1.200000000,0.187145999
0,344,1784880997.694482565,1544,15.440000122,8.221626627,-0.179792792,1.200000000,0.182721045
0,344,1784880997.694482565,1545,15.450000122,8.223930895,-0.178674827,1.200000000,0.178318135
0,344,1784880997.694482565,1546,15.460000122,8.226191859,-0.177578282,1.200000000,0.173938672
0,344,1784880997.694482565,1547,15.470000122,8.228408906,-0.176503430,1.200000000,0.169584061
0,344,1784880997.694482565,1548,15.480000122,8.230581434,-0.175450541,1.200000000,0.165255705
0,344,1784880997.694482565,1549,15.490000122,8.232708858,-0.174419877,1.200000000,0.160955007
0,344,1784880997.694482565,1550,15.500000122,8.234790610,-0.173411689,1.200000000,0.156683371
0,344,1784880997.694482565,1551,15.510000122,8.236826143,-0.172426221,1.200000000,0.152442150
0,344,1784880997.694482565,1552,15.520000122,8.238814930,-0.171463707,1.200000000,0.148232586
0,344,1784880997.694482565,1553,15.530000122,8.240756471,-0.170524366,1.200000000,0.144055907
0,344,1784880997.694482565,1554,15.540000122,8.242650292,-0.169608409,1.200000000,0.139913338
0,344,1784880997.694482565,1555,15.550000122,8.244495946,-0.168716030,1.200000000,0.135806108
0,344,1784880997.694482565,1556,15.560000122,8.246293022,-0.167847407,1.200000000,0.131735443
0,344,1784880997.694482565,1557,15.570000122,8.248041139,-0.167002706,1.200000000,0.127702571
0,344,1784880997.694482565,1558,15.580000122,8.249739955,-0.166182071,1.200000000,0.123708719
0,344,1784880997.694482565,1559,15.590000122,8.251389166,-0.165385630,1.200000000,0.119755113
0,344,1784880997.694482565,1560,15.600000122,8.252988512,-0.164613490,1.200000000,0.115842981
0,344,1784880997.694482565,1561,15.610000122,8.254537775,-0.163865739,1.200000000,0.111973551
0,344,1784880997.694482565,1562,15.620000122,8.256036785,-0.163142440,1.200000000,0.108148048
0,344,1784880997.694482565,1563,15.630000122,8.257485421,-0.162443635,1.200000000,0.104367701
0,344,1784880997.694482565,1564,15.640000122,8.258883613,-0.161769339,1.200000000,0.100633736
0,344,1784880997.694482565,1565,15.650000122,8.260231347,-0.161119545,1.200000000,0.096947381
0,344,1784880997.694482565,1566,15.660000122,8.261528661,-0.160494216,1.200000000,0.093309862
0,344,1784880997.694482565,1567,15.670000122,8.262775656,-0.159893290,1.200000000,0.089722407
0,344,1784880997.694482565,1568,15.680000122,8.263972489,-0.159316674,1.200000000,0.086186243
0,344,1784880997.694482565,1569,15.690000122,8.265119383,-0.158764249,1.200000000,0.082702597
0,344,1784880997.694482565,1570,15.700000122,8.266216619,-0.158235862,1.200000000,0.079272696
0,344,1784880997.694482565,1571,15.710000122,8.267264550,-0.157731333,1.200000000,0.075897768
0,344,1784880997.694482565,1572,15.720000122,8.268263589,-0.157250448,1.200000000,0.072579038
0,344,1784880997.694482565,1573,15.730000122,8.269214220,-0.156792962,1.200000000,0.069317735
0,344,1784880997.694482565,1574,15.740000122,8.270116996,-0.156358597,1.200000000,0.066115086
0,344,1784880997.694482565,1575,15.750000122,8.270972538,-0.155947042,1.200000000,0.062972317
0,344,1784880997.694482565,1576,15.760000122,8.271781535,-0.155557955,1.200000000,0.059890656
0,344,1784880997.694482565,1577,15.770000122,8.272544750,-0.155190959,1.200000000,0.056871330
0,344,1784880997.694482565,1578,15.780000122,8.273263012,-0.154845645,1.200000000,0.053915566
0,344,1784880997.694482565,1579,15.790000122,8.273937221,-0.154521569,1.200000000,0.051024592
0,344,1784880997.694482565,1580,15.800000122,8.274568346,-0.154218259,1.200000000,0.048199633
0,344,1784880997.694482565,1581,15.810000122,8.275157424,-0.153935206,1.200000000,0.045441918
0,344,1784880997.694482565,1582,15.820000122,8.275705558,-0.153671871,1.200000000,0.042752673
0,344,1784880997.694482565,1583,15.830000122,8.276213918,-0.153427687,1.200000000,0.040133126
0,344,1784880997.694482565,1584,15.840000122,8.276683735,-0.153202054,1.200000000,0.037584504
0,344,1784880997.694482565,1585,15.850000122,8.277116301,-0.152994344,1.200000000,0.035108034
0,344,1784880997.694482565,1586,15.860000122,8.277512968,-0.152803903,1.200000000,0.032704942
0,344,1784880997.694482565,1587,15.870000122,8.277875142,-0.152630048,1.200000000,0.030376457
0,344,1784880997.694482565,1588,15.880000122,8.278204280,-0.152472076,1.200000000,0.028123805
0,344,1784880997.694482565,1589,15.890000122,8.278501888,-0.152329257,1.200000000,0.025948213
0,344,1784880997.694482565,1590,15.900000122,8.278769515,-0.152200845,1.200000000,0.023850908
0,344,1784880997.694482565,1591,15.910000122,8.279008749,-0.152086072,1.200000000,0.021833118
0,344,1784880997.694482565,1592,15.920000122,8.279221210,-0.151984157,1.200000000,0.019896070
0,344,1784880997.694482565,1593,15.930000122,8.279408546,-0.151894307,1.200000000,0.018040991
0,344,1784880997.694482565,1594,15.940000122,8.279572429,-0.151815715,1.200000000,0.016269107
0,344,1784880997.694482565,1595,15.950000122,8.279714542,-0.151747572,1.200000000,0.014581647
0,344,1784880997.694482565,1596,15.960000122,8.279836578,-0.151689064,1.200000000,0.012979836
0,344,1784880997.694482565,1597,15.970000122,8.279940228,-0.151639376,1.200000000,0.011464903
0,344,1784880997.694482565,1598,15.980000122,8.280027175,-0.151597700,1.200000000,0.010038075
0,344,1784880997.694482565,1599,15.990000122,8.280099085,-0.151563236,1.200000000,0.008700577
0,344,1784880997.694482565,1600,16.000000122,8.280157597,-0.151535196,1.200000000,0.007453639
0,344,1784880997.694482565,1601,16.010000122,8.280204311,-0.151512812,1.200000000,0.006298486
0,344,1784880997.694482565,1602,16.020000122,8.280240781,-0.151495339,1.200000000,0.005236346
0,344,1784880997.694482565,1603,16.030000122,8.280268501,-0.151482060,1.200000000,0.004268446
0,344,1784880997.694482565,1604,16.040000122,8.280288894,-0.151472291,1.200000000,0.003396013
0,344,1784880997.694482565,1605,16.050000122,8.280303300,-0.151465391,1.200000000,0.002620274
0,344,1784880997.694482565,1606,16.060000122,8.280312961,-0.151460765,1.200000000,0.001942456
0,344,1784880997.694482565,1607,16.070000122,8.280319009,-0.151457868,1.200000000,0.001363787
0,344,1784880997.694482565,1608,16.080000122,8.280322451,-0.151456221,1.200000000,0.000885494
0,344,1784880997.694482565,1609,16.090000122,8.280324150,-0.151455407,1.200000000,0.000508803
0,344,1784880997.694482565,1610,16.100000122,8.280324817,-0.151455088,1.200000000,0.000234942
0,344,1784880997.694482565,1611,16.110000122,8.280324986,-0.151455007,1.200000000,0.000065137
0,344,1784880997.694482565,1612,16.120000122,8.280325000,-0.151455000,1.200000000,0.000000617
0,344,1784880997.694482565,1613,16.121076261,8.280325000,-0.151455000,1.200000000,0.000000000
