stamp,elapsed,x,y,z,yaw
1784881163.660974264,0.000000138,-0.261959000,-0.006230000,1.200000000,-0.039639000
1784881163.670974255,0.010000138,-0.261958995,-0.006229999,1.200000000,-0.039641886
1784881163.680974245,0.020000138,-0.261958918,-0.006229987,1.200000000,-0.039650430
1784881163.690974236,0.030000138,-0.261958588,-0.006229935,1.200000000,-0.039664460
1784881163.700974226,0.040000138,-0.261957712,-0.006229797,1.200000000,-0.039683803
1784881163.710974216,0.050000138,-0.261955893,-0.006229510,1.200000000,-0.039708286
1784881163.720974207,0.060000138,-0.261952635,-0.006228995,1.200000000,-0.039737739
1784881163.730974197,0.070000138,-0.261947349,-0.006228160,1.200000000,-0.039771987
1784881163.740974188,0.080000138,-0.261939362,-0.006226898,1.200000000,-0.039810860
1784881163.750974178,0.090000138,-0.261927923,-0.006225091,1.200000000,-0.039854184
1784881163.760974169,0.100000138,-0.261912205,-0.006222606,1.200000000,-0.039901787
1784881163.770974159,0.110000138,-0.261891316,-0.006219304,1.200000000,-0.039953498
1784881163.780974150,0.120000138,-0.261864302,-0.006215033,1.200000000,-0.040009144
1784881163.790974140,0.130000138,-0.261830151,-0.006209632,1.200000000,-0.040068552
1784881163.800974131,0.140000138,-0.261787803,-0.006202933,1.200000000,-0.040131550
1784881163.810974121,0.150000138,-0.261736148,-0.006194760,1.200000000,-0.040197966
1784881163.820974112,0.160000138,-0.261674039,-0.006184931,1.200000000,-0.040267628
1784881163.830974102,0.170000138,-0.261600289,-0.006173257,1.200000000,-0.040340363
1784881163.840974092,0.180000138,-0.261513682,-0.006159546,1.200000000,-0.040416000
1784881163.850974083,0.190000138,-0.261412974,-0.006143598,1.200000000,-0.040494365
1784881163.860974073,0.200000138,-0.261296896,-0.006125212,1.200000000,-0.040575286
1784881163.870974064,0.210000138,-0.261164161,-0.006104183,1.200000000,-0.040658592
1784881163.880974054,0.220000138,-0.261013467,-0.006080303,1.200000000,-0.040744109
1784881163.890974045,0.230000138,-0.260843500,-0.006053363,1.200000000,-0.040831666
1784881163.900974274,0.240000138,-0.260652937,-0.006023152,1.200000000,-0.040921091
1784881163.910974264,0.250000138,-0.260440450,-0.005989457,1.200000000,-0.041012210
1784881163.920974255,0.260000138,-0.260204713,-0.005952066,1.200000000,-0.041104852
1784881163.930974245,0.270000138,-0.259944397,-0.005910768,1.200000000,-0.041198844
1784881163.940974236,0.280000138,-0.259658182,-0.005865349,1.200000000,-0.041294015
1784881163.950974226,0.290000138,-0.259344750,-0.005815600,1.200000000,-0.041390191
1784881163.960974216,0.300000138,-0.259002799,-0.005761310,1.200000000,-0.041487201
1784881163.970974207,0.310000138,-0.258631036,-0.005702274,1.200000000,-0.041584872
1784881163.980974197,0.320000138,-0.258228184,-0.005638285,1.200000000,-0.041683032
1784881163.990974188,0.330000138,-0.257792983,-0.005569140,1.200000000,-0.041781508
1784881164.000974178,0.340000138,-0.257324192,-0.005494640,1.200000000,-0.041880129
1784881164.010974169,0.350000138,-0.256820592,-0.005414589,1.200000000,-0.041978722
1784881164.020974159,0.360000138,-0.256280989,-0.005328792,1.200000000,-0.042077115
1784881164.030974150,0.370000138,-0.255704210,-0.005237062,1.200000000,-0.042175135
1784881164.040974140,0.380000138,-0.255089113,-0.005139212,1.200000000,-0.042272610
1784881164.050974131,0.390000138,-0.254434582,-0.005035063,1.200000000,-0.042369368
1784881164.060974121,0.400000138,-0.253739530,-0.004924437,1.200000000,-0.042465236
1784881164.070974112,0.410000138,-0.253002903,-0.004807164,1.200000000,-0.042560043
1784881164.080974102,0.420000138,-0.252223678,-0.004683076,1.200000000,-0.042653616
1784881164.090974092,0.430000138,-0.251400864,-0.004552013,1.200000000,-0.042745782
1784881164.100974083,0.440000138,-0.250533508,-0.004413818,1.200000000,-0.042836370
1784881164.110974073,0.450000138,-0.249620688,-0.004268341,1.200000000,-0.042925207
1784881164.120974064,0.460000138,-0.248661520,-0.004115436,1.200000000,-0.043012120
1784881164.130974054,0.470000138,-0.247655156,-0.003954965,1.200000000,-0.043096938
1784881164.140974045,0.480000138,-0.246600787,-0.003786793,1.200000000,-0.043179489
1784881164.150974274,0.490000138,-0.245497638,-0.003610793,1.200000000,-0.043259599
1784881164.160974264,0.500000138,-0.244344976,-0.003426844,1.200000000,-0.043337097
1784881164.170974255,0.510000138,-0.243142103,-0.003234829,1.200000000,-0.043411810
1784881164.180974245,0.520000138,-0.241888364,-0.003034639,1.200000000,-0.043483566
1784881164.190974236,0.530000138,-0.240583139,-0.002826170,1.200000000,-0.043552193
1784881164.200974226,0.540000138,-0.239225849,-0.002609326,1.200000000,-0.043617518
1784881164.210974216,0.550000138,-0.237815953,-0.002384014,1.200000000,-0.043679369
1784881164.220974207,0.560000138,-0.236352950,-0.002150150,1.200000000,-0.043737574
1784881164.230974197,0.570000138,-0.234836378,-0.001907655,1.200000000,-0.043791961
1784881164.240974188,0.580000138,-0.233265814,-0.001656456,1.200000000,-0.043842357
1784881164.250974178,0.590000138,-0.231640871,-0.001396486,1.200000000,-0.043888590
1784881164.260974169,0.600000138,-0.229961203,-0.001127685,1.200000000,-0.043930487
1784881164.270974159,0.610000138,-0.228226501,-0.000849998,1.200000000,-0.043967877
1784881164.280974150,0.620000138,-0.226436493,-0.000563377,1.200000000,-0.044000587
1784881164.290974140,0.630000138,-0.224590946,-0.000267778,1.200000000,-0.044028444
1784881164.300974131,0.640000138,-0.222689660,0.000036835,1.200000000,-0.044051277
1784881164.310974121,0.650000138,-0.220732475,0.000350494,1.200000000,-0.044068914
1784881164.320974112,0.660000138,-0.218719263,0.000673223,1.200000000,-0.044081181
1784881164.330974102,0.670000138,-0.216649932,0.001005043,1.200000000,-0.044087906
1784881164.340974092,0.680000138,-0.214524425,0.001345969,1.200000000,-0.044088918
1784881164.350974083,0.690000138,-0.212342717,0.001696009,1.200000000,-0.044084044
1784881164.360974073,0.700000138,-0.210104816,0.002055167,1.200000000,-0.044073112
1784881164.370974064,0.710000138,-0.207810762,0.002423442,1.200000000,-0.044055949
1784881164.380974054,0.720000138,-0.205460627,0.002800828,1.200000000,-0.044032383
1784881164.390974045,0.730000138,-0.203054510,0.003187313,1.200000000,-0.044002242
1784881164.400974274,0.740000138,-0.200592544,0.003582880,1.200000000,-0.043965353
1784881164.410974264,0.750000138,-0.198074887,0.003987511,1.200000000,-0.043921545
1784881164.420974255,0.760000138,-0.195501725,0.004401178,1.200000000,-0.043870645
1784881164.430974245,0.770000138,-0.192873272,0.004823852,1.200000000,-0.043812480
1784881164.440974236,0.780000138,-0.190189768,0.005255500,1.200000000,-0.043746878
1784881164.450974226,0.790000138,-0.187451476,0.005696084,1.200000000,-0.043673668
1784881164.460974216,0.800000138,-0.184658685,0.006145561,1.200000000,-0.043592676
1784881164.470974207,0.810000138,-0.181811705,0.006603885,1.200000000,-0.043503731
1784881164.480974197,0.820000138,-0.178910870,0.007071007,1.200000000,-0.043406659
1784881164.490974188,0.830000138,-0.175956534,0.007546873,1.200000000,-0.043301290
1784881164.500974178,0.840000138,-0.172949072,0.008031428,1.200000000,-0.043187450
1784881164.510974169,0.850000138,-0.169888879,0.008524610,1.200000000,-0.043064968
1784881164.520974159,0.860000138,-0.166776366,0.009026357,1.200000000,-0.042933674
1784881164.530974150,0.870000138,-0.163611963,0.009536604,1.200000000,-0.042793523
1784881164.540974140,0.880000138,-0.160396118,0.010055280,1.200000000,-0.042644616
1784881164.550974131,0.890000138,-0.157129293,0.010582314,1.200000000,-0.042487064
1784881164.560974121,0.900000138,-0.153811966,0.011117632,1.200000000,-0.042320978
1784881164.570974112,0.910000138,-0.150444628,0.011661156,1.200000000,-0.042146468
1784881164.580974102,0.920000138,-0.147027785,0.012212808,1.200000000,-0.041963645
1784881164.590974092,0.930000138,-0.143561954,0.012772506,1.200000000,-0.041772619
1784881164.600974083,0.940000138,-0.140047665,0.013340166,1.200000000,-0.041573502
1784881164.610974073,0.950000138,-0.136485459,0.013915702,1.200000000,-0.041366403
1784881164.620974064,0.960000138,-0.132875886,0.014499027,1.200000000,-0.041151434
1784881164.630974054,0.970000138,-0.129219507,0.015090051,1.200000000,-0.040928705
1784881164.640974045,0.980000138,-0.125516891,0.015688683,1.200000000,-0.040698326
1784881164.650974274,0.990000138,-0.121768616,0.016294830,1.200000000,-0.040460409
1784881164.660974264,1.000000138,-0.117975267,0.016908398,1.200000000,-0.040215063
1784881164.670974255,1.010000138,-0.114137435,0.017529292,1.200000000,-0.039962400
1784881164.680974245,1.020000138,-0.110255719,0.018157414,1.200000000,-0.039702530
1784881164.690974236,1.030000138,-0.106330722,0.018792665,1.200000000,-0.039435563
1784881164.700974226,1.040000138,-0.102363053,0.019434948,1.200000000,-0.039161611
1784881164.710974216,1.050000138,-0.098353325,0.020084162,1.200000000,-0.038880784
1784881164.720974207,1.060000138,-0.094302153,0.020740205,1.200000000,-0.038593193
1784881164.730974197,1.070000138,-0.090210159,0.021402975,1.200000000,-0.038298948
1784881164.740974188,1.080000138,-0.086077965,0.022072371,1.200000000,-0.037998159
1784881164.750974178,1.090000138,-0.081906194,0.022748288,1.200000000,-0.037690938
1784881164.760974169,1.100000138,-0.077695473,0.023430623,1.200000000,-0.037377395
1784881164.770974159,1.110000138,-0.073446429,0.024119272,1.200000000,-0.037057641
1784881164.780974150,1.120000138,-0.069159689,0.024814128,1.200000000,-0.036731786
1784881164.790974140,1.130000138,-0.064835881,0.025515089,1.200000000,-0.036399941
1784881164.800974131,1.140000138,-0.060475633,0.026222047,1.200000000,-0.036062216
1784881164.810974121,1.150000138,-0.056079570,0.026934899,1.200000000,-0.035718722
1784881164.820974112,1.160000138,-0.051648317,0.027653537,1.200000000,-0.035369571
1784881164.830974102,1.170000138,-0.047182497,0.028377857,1.200000000,-0.035014872
1784881164.840974092,1.180000138,-0.042682732,0.029107753,1.200000000,-0.034654735
1784881164.850974083,1.190000138,-0.038149639,0.029843119,1.200000000,-0.034289273
1784881164.860974073,1.200000138,-0.033583834,0.030583851,1.200000000,-0.033918594
1784881164.870974064,1.210000138,-0.028985928,0.031329842,1.200000000,-0.033542811
1784881164.880974054,1.220000138,-0.024356530,0.032080989,1.200000000,-0.033162033
1784881164.890974045,1.230000138,-0.019696243,0.032837187,1.200000000,-0.032776371
1784881164.900974274,1.240000138,-0.015005668,0.033598332,1.200000000,-0.032385936
1784881164.910974264,1.250000138,-0.010285398,0.034364320,1.200000000,-0.031990838
1784881164.920974255,1.260000138,-0.005536023,0.035135048,1.200000000,-0.031591188
1784881164.930974245,1.270000138,-0.000758128,0.035910415,1.200000000,-0.031187097
1784881164.940974236,1.280000138,0.004047710,0.036690317,1.200000000,-0.030778675
1784881164.950974226,1.290000138,0.008880918,0.037474655,1.200000000,-0.030366032
1784881164.960974216,1.300000138,0.013740930,0.038263327,1.200000000,-0.029949281
1784881164.970974207,1.310000138,0.018627186,0.039056234,1.200000000,-0.029528530
1784881164.980974197,1.320000138,0.023539134,0.039853277,1.200000000,-0.029103891
1784881164.990974188,1.330000138,0.028476229,0.040654359,1.200000000,-0.028675474
1784881165.000974178,1.340000138,0.033437932,0.041459381,1.200000000,-0.028243390
1784881165.010974169,1.350000138,0.038423712,0.042268248,1.200000000,-0.027807750
1784881165.020974159,1.360000138,0.043433046,0.043080865,1.200000000,-0.027368664
1784881165.030974150,1.370000138,0.048465419,0.043897137,1.200000000,-0.026926243
1784881165.040974140,1.380000138,0.053520325,0.044716972,1.200000000,-0.026480597
1784881165.050974131,1.390000138,0.058597264,0.045540278,1.200000000,-0.026031837
1784881165.060974121,1.400000138,0.063695747,0.046366962,1.200000000,-0.025580074
1784881165.070974112,1.410000138,0.068815291,0.047196937,1.200000000,-0.025125418
1784881165.080974102,1.420000138,0.073955424,0.048030112,1.200000000,-0.024667980
1784881165.090974092,1.430000138,0.079115681,0.048866401,1.200000000,-0.024207871
1784881165.100974083,1.440000138,0.084295609,0.049705717,1.200000000,-0.023745201
1784881165.110974073,1.450000138,0.089494761,0.050547976,1.200000000,-0.023280080
1784881165.120974064,1.460000138,0.094712700,0.051393093,1.200000000,-0.022812620
1784881165.130974054,1.470000138,0.099949000,0.052240987,1.200000000,-0.022342931
1784881165.140974045,1.480000138,0.105203244,0.053091576,1.200000000,-0.021871123
1784881165.150974274,1.490000138,0.110475022,0.053944781,1.200000000,-0.021397308
1784881165.160974264,1.500000138,0.115763937,0.054800522,1.200000000,-0.020921595
1784881165.170974255,1.510000138,0.121069599,0.055658724,1.200000000,-0.020444096
1784881165.180974245,1.520000138,0.126391631,0.056519310,1.200000000,-0.019964922
1784881165.190974236,1.530000138,0.131729662,0.057382206,1.200000000,-0.019484181
1784881165.200974226,1.540000138,0.137083333,0.058247340,1.200000000,-0.019001987
1784881165.210974216,1.550000138,0.142452296,0.059114639,1.200000000,-0.018518448
1784881165.220974207,1.560000138,0.147836210,0.059984035,1.200000000,-0.018033675
1784881165.230974197,1.570000138,0.153234746,0.060855458,1.200000000,-0.017547780
1784881165.240974188,1.580000138,0.158647584,0.061728842,1.200000000,-0.017060873
1784881165.250974178,1.590000138,0.164074414,0.062604120,1.200000000,-0.016573064
1784881165.260974169,1.600000138,0.169514938,0.063481229,1.200000000,-0.016084464
1784881165.270974159,1.610000138,0.174968865,0.064360106,1.200000000,-0.015595184
1784881165.280974150,1.620000138,0.180435914,0.065240690,1.200000000,-0.015105334
1784881165.290974140,1.630000138,0.185915817,0.066122921,1.200000000,-0.014615025
1784881165.300974131,1.640000138,0.191408314,0.067006740,1.200000000,-0.014124368
1784881165.310974121,1.650000138,0.196913153,0.067892092,1.200000000,-0.013633473
1784881165.320974112,1.660000138,0.202430094,0.068778921,1.200000000,-0.013142451
1784881165.330974102,1.670000138,0.207958907,0.069667174,1.200000000,-0.012651411
1784881165.340974092,1.680000138,0.213499371,0.070556797,1.200000000,-0.012160466
1784881165.350974083,1.690000138,0.219051274,0.071447740,1.200000000,-0.011669726
1784881165.360974073,1.700000138,0.224614414,0.072339954,1.200000000,-0.011179301
1784881165.370974064,1.710000138,0.230188599,0.073233392,1.200000000,-0.010689302
1784881165.380974054,1.720000138,0.235773646,0.074128006,1.200000000,-0.010199839
1784881165.390974045,1.730000138,0.241369381,0.075023751,1.200000000,-0.009711023
1784881165.400974274,1.740000138,0.246975640,0.075920585,1.200000000,-0.009222966
1784881165.410974264,1.750000138,0.252592267,0.076818465,1.200000000,-0.008735776
1784881165.420974255,1.760000138,0.258219116,0.077717351,1.200000000,-0.008249566
1784881165.430974245,1.770000138,0.263856049,0.078617204,1.200000000,-0.007764445
1784881165.440974236,1.780000138,0.269502939,0.079517986,1.200000000,-0.007280524
1784881165.450974226,1.790000138,0.275159664,0.080419660,1.200000000,-0.006797914
1784881165.460974216,1.800000138,0.280826115,0.081322192,1.200000000,-0.006316726
1784881165.470974207,1.810000138,0.286502187,0.082225548,1.200000000,-0.005837069
1784881165.480974197,1.820000138,0.292187787,0.083129696,1.200000000,-0.005359056
1784881165.490974188,1.830000138,0.297882828,0.084034606,1.200000000,-0.004882796
1784881165.500974178,1.840000138,0.303587232,0.084940247,1.200000000,-0.004408399
1784881165.510974169,1.850000138,0.309300928,0.085846593,1.200000000,-0.003935977
1784881165.520974159,1.860000138,0.315023854,0.086753615,1.200000000,-0.003465641
1784881165.530974150,1.870000138,0.320755955,0.087661289,1.200000000,-0.002997500
1784881165.540974140,1.880000138,0.326497184,0.088569590,1.200000000,-0.002531666
1784881165.550974131,1.890000138,0.332247500,0.089478495,1.200000000,-0.002068248
1784881165.560974121,1.900000138,0.338006870,0.090387983,1.200000000,-0.001607359
1784881165.570974112,1.910000138,0.343775268,0.091298033,1.200000000,-0.001149107
1784881165.580974102,1.920000138,0.349552676,0.092208626,1.200000000,-0.000693605
1784881165.590974092,1.930000138,0.355339081,0.093119744,1.200000000,-0.000240962
1784881165.600974083,1.940000138,0.361134476,0.094031370,1.200000000,0.000208711
1784881165.610974073,1.950000138,0.366938863,0.094943489,1.200000000,0.000655303
1784881165.620974064,1.960000138,0.372752247,0.095856084,1.200000000,0.001098704
1784881165.630974054,1.970000138,0.378574642,0.096769144,1.200000000,0.001538802
1784881165.640974045,1.980000138,0.384406066,0.097682656,1.200000000,0.001975488
1784881165.650974274,1.990000138,0.390246543,0.098596608,1.200000000,0.002408651
1784881165.660974264,2.000000138,0.396096101,0.099510990,1.200000000,0.002838180
1784881165.670974255,2.010000138,0.401954777,0.100425792,1.200000000,0.003263965
1784881165.680974245,2.020000138,0.407822610,0.101341007,1.200000000,0.003685894
1784881165.690974236,2.030000138,0.413699644,0.102256628,1.200000000,0.004103858
1784881165.700974226,2.040000138,0.419585929,0.103172646,1.200000000,0.004517745
1784881165.710974216,2.050000138,0.425481520,0.104089058,1.200000000,0.004927445
1784881165.720974207,2.060000138,0.431386474,0.105005859,1.200000000,0.005332848
1784881165.730974197,2.070000138,0.437300853,0.105923045,1.200000000,0.005733842
1784881165.740974188,2.080000138,0.443224725,0.106840613,1.200000000,0.006130318
1784881165.750974178,2.090000138,0.449158160,0.107758562,1.200000000,0.006522164
1784881165.760974169,2.100000138,0.455101231,0.108676889,1.200000000,0.006909270
1784881165.770974159,2.110000138,0.461054016,0.109595595,1.200000000,0.007291526
1784881165.780974150,2.120000138,0.467016594,0.110514680,1.200000000,0.007668820
1784881165.790974140,2.130000138,0.472989050,0.111434145,1.200000000,0.008041042
1784881165.800974131,2.140000138,0.478971470,0.112353992,1.200000000,0.008408082
1784881165.810974121,2.150000138,0.484963942,0.113274223,1.200000000,0.008769829
1784881165.820974112,2.160000138,0.490966559,0.114194842,1.200000000,0.009126171
1784881165.830974102,2.170000138,0.496979412,0.115115852,1.200000000,0.009477000
1784881165.840974092,2.180000138,0.503002599,0.116037257,1.200000000,0.009822203
1784881165.850974083,2.190000138,0.509036216,0.116959063,1.200000000,0.010161671
1784881165.860974073,2.200000138,0.515080363,0.117881275,1.200000000,0.010495292
1784881165.870974064,2.210000138,0.521135140,0.118803898,1.200000000,0.010822957
1784881165.880974054,2.220000138,0.527200650,0.119726940,1.200000000,0.011144554
1784881165.890974045,2.230000138,0.533276996,0.120650407,1.200000000,0.011459972
1784881165.900974274,2.240000138,0.539364281,0.121574306,1.200000000,0.011769103
1784881165.910974264,2.250000138,0.545462610,0.122498646,1.200000000,0.012071833
1784881165.920974255,2.260000138,0.551572090,0.123423434,1.200000000,0.012368054
1784881165.930974245,2.270000138,0.557692825,0.124348680,1.200000000,0.012657654
1784881165.940974236,2.280000138,0.563824922,0.125274392,1.200000000,0.012940523
1784881165.950974226,2.290000138,0.569968487,0.126200579,1.200000000,0.013216550
1784881165.960974216,2.300000138,0.576123627,0.127127251,1.200000000,0.013485625
1784881165.970974207,2.310000138,0.582290447,0.128054418,1.200000000,0.013747636
1784881165.980974197,2.320000138,0.588469052,0.128982089,1.200000000,0.014002474
1784881165.990974188,2.330000138,0.594659547,0.129910275,1.200000000,0.014250028
1784881166.000974178,2.340000138,0.600862037,0.130838987,1.200000000,0.014490186
1784881166.010974169,2.350000138,0.607076625,0.131768235,1.200000000,0.014722839
1784881166.020974159,2.360000138,0.613303412,0.132698030,1.200000000,0.014947876
1784881166.030974150,2.370000138,0.619542500,0.133628383,1.200000000,0.015165186
1784881166.040974140,2.380000138,0.625793988,0.134559304,1.200000000,0.015374659
1784881166.050974131,2.390000138,0.632057974,0.135490805,1.200000000,0.015576183
1784881166.060974121,2.400000138,0.638334555,0.136422898,1.200000000,0.015769649
1784881166.070974112,2.410000138,0.644623825,0.137355593,1.200000000,0.015954985
1784881166.080974102,2.420000138,0.650925878,0.138288901,1.200000000,0.016132260
1784881166.090974092,2.430000138,0.657240804,0.139222834,1.200000000,0.016301576
1784881166.100974083,2.440000138,0.663568691,0.140157403,1.200000000,0.016463034
1784881166.110974073,2.450000138,0.669909627,0.141092619,1.200000000,0.016616737
1784881166.120974064,2.460000138,0.676263695,0.142028494,1.200000000,0.016762784
1784881166.130974054,2.470000138,0.682630976,0.142965037,1.200000000,0.016901277
1784881166.140974045,2.480000138,0.689011550,0.143902261,1.200000000,0.017032319
1784881166.150974274,2.490000138,0.695405493,0.144840176,1.200000000,0.017156010
1784881166.160974264,2.500000138,0.701812879,0.145778793,1.200000000,0.017272451
1784881166.170974255,2.510000138,0.708233778,0.146718121,1.200000000,0.017381744
1784881166.180974245,2.520000138,0.714668257,0.147658173,1.200000000,0.017483991
1784881166.190974236,2.530000138,0.721116382,0.148598956,1.200000000,0.017579292
1784881166.200974226,2.540000138,0.727578214,0.149540483,1.200000000,0.017667749
1784881166.210974216,2.550000138,0.734053811,0.150482762,1.200000000,0.017749464
1784881166.220974207,2.560000138,0.740543229,0.151425802,1.200000000,0.017824538
1784881166.230974197,2.570000138,0.747046518,0.152369614,1.200000000,0.017893072
1784881166.240974188,2.580000138,0.753563727,0.153314206,1.200000000,0.017955168
1784881166.250974178,2.590000138,0.760094901,0.154259587,1.200000000,0.018010926
1784881166.260974169,2.600000138,0.766640081,0.155205765,1.200000000,0.018060449
1784881166.270974159,2.610000138,0.773199304,0.156152749,1.200000000,0.018103838
1784881166.280974150,2.620000138,0.779772605,0.157100545,1.200000000,0.018141194
1784881166.290974140,2.630000138,0.786360013,0.158049163,1.200000000,0.018172619
1784881166.300974131,2.640000138,0.792961554,0.158998608,1.200000000,0.018198213
1784881166.310974121,2.650000138,0.799577253,0.159948887,1.200000000,0.018218079
1784881166.320974112,2.660000138,0.806207126,0.160900008,1.200000000,0.018232317
1784881166.330974102,2.670000138,0.812851189,0.161851975,1.200000000,0.018241030
1784881166.340974092,2.680000138,0.819509454,0.162804795,1.200000000,0.018244317
1784881166.350974083,2.690000138,0.826181926,0.163758473,1.200000000,0.018242282
1784881166.360974073,2.700000138,0.832868609,0.164713013,1.200000000,0.018235025
1784881166.370974064,2.710000138,0.839569503,0.165668420,1.200000000,0.018222647
1784881166.380974054,2.720000138,0.846284601,0.166624698,1.200000000,0.018205251
1784881166.390974045,2.730000138,0.853013894,0.167581851,1.200000000,0.018182936
1784881166.400974274,2.740000138,0.859757371,0.168539881,1.200000000,0.018155806
1784881166.410974264,2.750000138,0.866515012,0.169498791,1.200000000,0.018123960
1784881166.420974255,2.760000138,0.873286798,0.170458583,1.200000000,0.018087501
1784881166.430974245,2.770000138,0.880072702,0.171419258,1.200000000,0.018046530
1784881166.440974236,2.780000138,0.886872695,0.172380819,1.200000000,0.018001148
1784881166.450974226,2.790000138,0.893686743,0.173343266,1.200000000,0.017951457
1784881166.460974216,2.800000138,0.900514809,0.174306598,1.200000000,0.017897558
1784881166.470974207,2.810000138,0.907356851,0.175270815,1.200000000,0.017839552
1784881166.480974197,2.820000138,0.914212822,0.176235917,1.200000000,0.017777540
1784881166.490974188,2.830000138,0.921082672,0.177201902,1.200000000,0.017711625
1784881166.500974178,2.840000138,0.927966348,0.178168769,1.200000000,0.017641908
1784881166.510974169,2.850000138,0.934863791,0.179136514,1.200000000,0.017568489
1784881166.520974159,2.860000138,0.941774939,0.180105135,1.200000000,0.017491471
1784881166.530974150,2.870000138,0.948699725,0.181074628,1.200000000,0.017410954
1784881166.540974140,2.880000138,0.955638080,0.182044989,1.200000000,0.017327041
1784881166.550974131,2.890000138,0.962589928,0.183016213,1.200000000,0.017239832
1784881166.560974121,2.900000138,0.969555191,0.183988296,1.200000000,0.017149428
1784881166.570974112,2.910000138,0.976533787,0.184961232,1.200000000,0.017055932
1784881166.580974102,2.920000138,0.983525629,0.185935013,1.200000000,0.016959444
1784881166.590974092,2.930000138,0.990530628,0.186909634,1.200000000,0.016860067
1784881166.600974083,2.940000138,0.997548690,0.187885086,1.200000000,0.016757900
1784881166.610974073,2.950000138,1.004579716,0.188861362,1.200000000,0.016653046
1784881166.620974064,2.960000138,1.011623605,0.189838453,1.200000000,0.016545607
1784881166.630974054,2.970000138,1.018680251,0.190816349,1.200000000,0.016435683
1784881166.640974045,2.980000138,1.025749546,0.191795042,1.200000000,0.016323375
1784881166.650974274,2.990000138,1.032831377,0.192774519,1.200000000,0.016208786
1784881166.660974264,3.000000138,1.039925626,0.193754772,1.200000000,0.016092017
1784881166.670974255,3.010000138,1.047032175,0.194735786,1.200000000,0.015973168
1784881166.680974245,3.020000138,1.054150899,0.195717552,1.200000000,0.015852342
1784881166.690974236,3.030000138,1.061281672,0.196700055,1.200000000,0.015729640
1784881166.700974226,3.040000138,1.068424363,0.197683283,1.200000000,0.015605163
1784881166.710974216,3.050000138,1.075578837,0.198667220,1.200000000,0.015479012
1784881166.720974207,3.060000138,1.082744959,0.199651854,1.200000000,0.015351289
1784881166.730974197,3.070000138,1.089922587,0.200637167,1.200000000,0.015222096
1784881166.740974188,3.080000138,1.097111577,0.201623146,1.200000000,0.015091533
1784881166.750974178,3.090000138,1.104311784,0.202609772,1.200000000,0.014959702
1784881166.760974169,3.100000138,1.111523056,0.203597029,1.200000000,0.014826704
1784881166.770974159,3.110000138,1.118745240,0.204584900,1.200000000,0.014692642
1784881166.780974150,3.120000138,1.125978181,0.205573366,1.200000000,0.014557615
1784881166.790974140,3.130000138,1.133221719,0.206562408,1.200000000,0.014421726
1784881166.800974131,3.140000138,1.140475694,0.207552007,1.200000000,0.014285076
1784881166.810974121,3.150000138,1.147739939,0.208542143,1.200000000,0.014147766
1784881166.820974112,3.160000138,1.155014288,0.209532795,1.200000000,0.014009898
1784881166.830974102,3.170000138,1.162298571,0.210523942,1.200000000,0.013871573
1784881166.840974092,3.180000138,1.169592615,0.211515561,1.200000000,0.013732893
1784881166.850974083,3.190000138,1.176896245,0.212507631,1.200000000,0.013593958
1784881166.860974073,3.200000138,1.184209283,0.213500129,1.200000000,0.013454871
1784881166.870974064,3.210000138,1.191531550,0.214493030,1.200000000,0.013315732
1784881166.880974054,3.220000138,1.198862863,0.215486311,1.200000000,0.013176643
1784881166.890974045,3.230000138,1.206203038,0.216479946,1.200000000,0.013037706
1784881166.900974274,3.240000138,1.213551888,0.217473910,1.200000000,0.012899021
1784881166.910974264,3.250000138,1.220909224,0.218468178,1.200000000,0.012760690
1784881166.920974255,3.260000138,1.228274855,0.219462722,1.200000000,0.012622815
1784881166.930974245,3.270000138,1.235648590,0.220457516,1.200000000,0.012485497
1784881166.940974236,3.280000138,1.243030233,0.221452531,1.200000000,0.012348837
1784881166.950974226,3.290000138,1.250419587,0.222447740,1.200000000,0.012212936
1784881166.960974216,3.300000138,1.257816456,0.223443113,1.200000000,0.012077897
1784881166.970974207,3.310000138,1.265220640,0.224438620,1.200000000,0.011943820
1784881166.980974197,3.320000138,1.272631936,0.225434233,1.200000000,0.011810807
1784881166.990974188,3.330000138,1.280050144,0.226429920,1.200000000,0.011678959
1784881167.000974178,3.340000138,1.287475058,0.227425650,1.200000000,0.011548377
1784881167.010974169,3.350000138,1.294906473,0.228421391,1.200000000,0.011419164
1784881167.020974159,3.360000138,1.302344183,0.229417112,1.200000000,0.011291419
1784881167.030974150,3.370000138,1.309787980,0.230412779,1.200000000,0.011165246
1784881167.040974140,3.380000138,1.317237655,0.231408359,1.200000000,0.011040744
1784881167.050974131,3.390000138,1.324693000,0.232403818,1.200000000,0.010918016
1784881167.060974121,3.400000138,1.332153802,0.233399121,1.200000000,0.010797163
1784881167.070974112,3.410000138,1.339619851,0.234394234,1.200000000,0.010678286
1784881167.080974102,3.420000138,1.347090935,0.235389121,1.200000000,0.010561487
1784881167.090974092,3.430000138,1.354566840,0.236383747,1.200000000,0.010446866
1784881167.100974083,3.440000138,1.362047354,0.237378074,1.200000000,0.010334526
1784881167.110974073,3.450000138,1.369532262,0.238372066,1.200000000,0.010224568
1784881167.120974064,3.460000138,1.377021350,0.239365684,1.200000000,0.010117092
1784881167.130974054,3.470000138,1.384514405,0.240358892,1.200000000,0.010012201
1784881167.140974045,3.480000138,1.392011210,0.241351650,1.200000000,0.009909996
1784881167.150974274,3.490000138,1.399511551,0.242343920,1.200000000,0.009810579
1784881167.160974264,3.500000138,1.407015212,0.243335661,1.200000000,0.009714050
1784881167.170974255,3.510000138,1.414521980,0.244326834,1.200000000,0.009620511
1784881167.180974245,3.520000138,1.422031638,0.245317399,1.200000000,0.009530063
1784881167.190974236,3.530000138,1.429543972,0.246307314,1.200000000,0.009442808
1784881167.200974226,3.540000138,1.437058768,0.247296538,1.200000000,0.009358847
1784881167.210974216,3.550000138,1.444575810,0.248285029,1.200000000,0.009278282
1784881167.220974207,3.560000138,1.452094886,0.249272744,1.200000000,0.009201214
1784881167.230974197,3.570000138,1.459615781,0.250259642,1.200000000,0.009127744
1784881167.240974188,3.580000138,1.467138283,0.251245678,1.200000000,0.009057973
1784881167.250974178,3.590000138,1.474662180,0.252230809,1.200000000,0.008992004
1784881167.260974169,3.600000138,1.482187259,0.253214991,1.200000000,0.008929937
1784881167.270974159,3.610000138,1.489713311,0.254198179,1.200000000,0.008871874
1784881167.280974150,3.620000138,1.497240125,0.255180329,1.200000000,0.008817916
1784881167.290974140,3.630000138,1.504767493,0.256161394,1.200000000,0.008768165
1784881167.300974131,3.640000138,1.512295205,0.257141329,1.200000000,0.008722722
1784881167.310974121,3.650000138,1.519823056,0.258120088,1.200000000,0.008681688
1784881167.320974112,3.660000138,1.527350839,0.259097624,1.200000000,0.008645164
1784881167.330974102,3.670000138,1.534878351,0.260073891,1.200000000,0.008613253
1784881167.340974092,3.680000138,1.542405386,0.261048840,1.200000000,0.008586055
1784881167.350974083,3.690000138,1.549931744,0.262022423,1.200000000,0.008563673
1784881167.360974073,3.700000138,1.557457224,0.262994594,1.200000000,0.008546206
1784881167.370974064,3.710000138,1.564981627,0.263965302,1.200000000,0.008533757
1784881167.380974054,3.720000138,1.572504755,0.264934500,1.200000000,0.008526427
1784881167.390974045,3.730000138,1.580026412,0.265902137,1.200000000,0.008524317
1784881167.400974274,3.740000138,1.587546404,0.266868165,1.200000000,0.008527529
1784881167.410974264,3.750000138,1.595064537,0.267832532,1.200000000,0.008536165
1784881167.420974255,3.760000138,1.602580623,0.268795190,1.200000000,0.008550325
1784881167.430974245,3.770000138,1.610094470,0.269756086,1.200000000,0.008570110
1784881167.440974236,3.780000138,1.617605893,0.270715170,1.200000000,0.008595623
1784881167.450974226,3.790000138,1.625114706,0.271672391,1.200000000,0.008626965
1784881167.460974216,3.800000138,1.632620726,0.272627697,1.200000000,0.008664237
1784881167.470974207,3.810000138,1.640123771,0.273581035,1.200000000,0.008707540
1784881167.480974197,3.820000138,1.647623664,0.274532354,1.200000000,0.008756957
1784881167.490974188,3.830000138,1.655120226,0.275481601,1.200000000,0.008812411
1784881167.500974178,3.840000138,1.662613283,0.276428722,1.200000000,0.008873745
1784881167.510974169,3.850000138,1.670102663,0.277373665,1.200000000,0.008940803
1784881167.520974159,3.860000138,1.677588196,0.278316375,1.200000000,0.009013427
1784881167.530974150,3.870000138,1.685069713,0.279256800,1.200000000,0.009091459
1784881167.540974140,3.880000138,1.692547050,0.280194884,1.200000000,0.009174743
1784881167.550974131,3.890000138,1.700020043,0.281130574,1.200000000,0.009263121
1784881167.560974121,3.900000138,1.707488531,0.282063814,1.200000000,0.009356435
1784881167.570974112,3.910000138,1.714952357,0.282994550,1.200000000,0.009454529
1784881167.580974102,3.920000138,1.722411365,0.283922727,1.200000000,0.009557246
1784881167.590974092,3.930000138,1.729865401,0.284848288,1.200000000,0.009664427
1784881167.600974083,3.940000138,1.737314315,0.285771178,1.200000000,0.009775916
1784881167.610974073,3.950000138,1.744757960,0.286691341,1.200000000,0.009891556
1784881167.620974064,3.960000138,1.752196190,0.287608721,1.200000000,0.010011189
1784881167.630974054,3.970000138,1.759628861,0.288523261,1.200000000,0.010134658
1784881167.640974045,3.980000138,1.767055835,0.289434904,1.200000000,0.010261805
1784881167.650974274,3.990000138,1.774476974,0.290343593,1.200000000,0.010392474
1784881167.660974264,4.000000138,1.781892143,0.291249272,1.200000000,0.010526507
1784881167.670974255,4.010000138,1.789301210,0.292151882,1.200000000,0.010663747
1784881167.680974245,4.020000138,1.796704047,0.293051365,1.200000000,0.010804036
1784881167.690974236,4.030000138,1.804100527,0.293947665,1.200000000,0.010947218
1784881167.700974226,4.040000138,1.811490526,0.294840722,1.200000000,0.011093135
1784881167.710974216,4.050000138,1.818873925,0.295730478,1.200000000,0.011241629
1784881167.720974207,4.060000138,1.826250604,0.296616876,1.200000000,0.011392544
1784881167.730974197,4.070000138,1.833620449,0.297499855,1.200000000,0.011545722
1784881167.740974188,4.080000138,1.840983347,0.298379356,1.200000000,0.011701007
1784881167.750974178,4.090000138,1.848339190,0.299255322,1.200000000,0.011858240
1784881167.760974169,4.100000138,1.855687870,0.300127692,1.200000000,0.012017264
1784881167.770974159,4.110000138,1.863029285,0.300996406,1.200000000,0.012177923
1784881167.780974150,4.120000138,1.870363332,0.301861406,1.200000000,0.012340058
1784881167.790974140,4.130000138,1.877689915,0.302722631,1.200000000,0.012503513
1784881167.800974131,4.140000138,1.885008938,0.303580020,1.200000000,0.012668130
1784881167.810974121,4.150000138,1.892320310,0.304433514,1.200000000,0.012833753
1784881167.820974112,4.160000138,1.899623940,0.305283052,1.200000000,0.013000223
1784881167.830974102,4.170000138,1.906919742,0.306128574,1.200000000,0.013167384
1784881167.840974092,4.180000138,1.914207633,0.306970018,1.200000000,0.013335078
1784881167.850974083,4.190000138,1.921487533,0.307807324,1.200000000,0.013503148
1784881167.860974073,4.200000138,1.928759363,0.308640431,1.200000000,0.013671437
1784881167.870974064,4.210000138,1.936023048,0.309469277,1.200000000,0.013839787
1784881167.880974054,4.220000138,1.943278517,0.310293801,1.200000000,0.014008042
1784881167.890974045,4.230000138,1.950525700,0.311113941,1.200000000,0.014176043
1784881167.900974274,4.240000138,1.957764530,0.311929636,1.200000000,0.014343634
1784881167.910974264,4.250000138,1.964994945,0.312740823,1.200000000,0.014510657
1784881167.920974255,4.260000138,1.972216883,0.313547442,1.200000000,0.014676956
1784881167.930974245,4.270000138,1.979430287,0.314349429,1.200000000,0.014842372
1784881167.940974236,4.280000138,1.986635102,0.315146722,1.200000000,0.015006749
1784881167.950974226,4.290000138,1.993831274,0.315939259,1.200000000,0.015169929
1784881167.960974216,4.300000138,2.001018756,0.316726978,1.200000000,0.015331755
1784881167.970974207,4.310000138,2.008197499,0.317509815,1.200000000,0.015492070
1784881167.980974197,4.320000138,2.015367459,0.318287709,1.200000000,0.015650717
1784881167.990974188,4.330000138,2.022528596,0.319060596,1.200000000,0.015807537
1784881168.000974178,4.340000138,2.029680871,0.319828413,1.200000000,0.015962375
1784881168.010974169,4.350000138,2.036824248,0.320591098,1.200000000,0.016115072
1784881168.020974159,4.360000138,2.043958693,0.321348586,1.200000000,0.016265472
1784881168.030974150,4.370000138,2.051084177,0.322100815,1.200000000,0.016413417
1784881168.040974140,4.380000138,2.058200670,0.322847722,1.200000000,0.016558749
1784881168.050974131,4.390000138,2.065308147,0.323589242,1.200000000,0.016701313
1784881168.060974121,4.400000138,2.072406587,0.324325313,1.200000000,0.016840949
1784881168.070974112,4.410000138,2.079495968,0.325055871,1.200000000,0.016977502
1784881168.080974102,4.420000138,2.086576272,0.325780851,1.200000000,0.017110813
1784881168.090974092,4.430000138,2.093647486,0.326500190,1.200000000,0.017240726
1784881168.100974083,4.440000138,2.100709595,0.327213825,1.200000000,0.017367084
1784881168.110974073,4.450000138,2.107762589,0.327921690,1.200000000,0.017489728
1784881168.120974064,4.460000138,2.114806461,0.328623723,1.200000000,0.017608502
1784881168.130974054,4.470000138,2.121841206,0.329319859,1.200000000,0.017723248
1784881168.140974045,4.480000138,2.128866820,0.330010034,1.200000000,0.017833810
1784881168.150974274,4.490000138,2.135883302,0.330694183,1.200000000,0.017940029
1784881168.160974264,4.500000138,2.142890654,0.331372242,1.200000000,0.018041749
1784881168.170974255,4.510000138,2.149888880,0.332044147,1.200000000,0.018138812
1784881168.180974245,4.520000138,2.156877986,0.332709834,1.200000000,0.018231062
1784881168.190974236,4.530000138,2.163857981,0.333369237,1.200000000,0.018318340
1784881168.200974226,4.540000138,2.170828875,0.334022293,1.200000000,0.018400490
1784881168.210974216,4.550000138,2.177790680,0.334668936,1.200000000,0.018477354
1784881168.220974207,4.560000138,2.184743412,0.335309102,1.200000000,0.018548775
1784881168.230974197,4.570000138,2.191687087,0.335942727,1.200000000,0.018614596
1784881168.240974188,4.580000138,2.198621725,0.336569745,1.200000000,0.018674659
1784881168.250974178,4.590000138,2.205547346,0.337190093,1.200000000,0.018728808
1784881168.260974169,4.600000138,2.212463973,0.337803704,1.200000000,0.018776884
1784881168.270974159,4.610000138,2.219371632,0.338410514,1.200000000,0.018818731
1784881168.280974150,4.620000138,2.226270349,0.339010459,1.200000000,0.018854192
1784881168.290974140,4.630000138,2.233160153,0.339603473,1.200000000,0.018883108
1784881168.300974131,4.640000138,2.240041074,0.340189492,1.200000000,0.018905324
1784881168.310974121,4.650000138,2.246913146,0.340768450,1.200000000,0.018920681
1784881168.320974112,4.660000138,2.253776401,0.341340283,1.200000000,0.018929022
1784881168.330974102,4.670000138,2.260630876,0.341904926,1.200000000,0.018930191
1784881168.340974092,4.680000138,2.267476609,0.342462313,1.200000000,0.018924029
1784881168.350974083,4.690000138,2.274313639,0.343012381,1.200000000,0.018910379
1784881168.360974073,4.700000138,2.281142007,0.343555062,1.200000000,0.018889085
1784881168.370974064,4.710000138,2.287961755,0.344090294,1.200000000,0.018859989
1784881168.380974054,4.720000138,2.294772926,0.344618010,1.200000000,0.018822934
1784881168.390974045,4.730000138,2.301575568,0.345138146,1.200000000,0.018777762
1784881168.400974274,4.740000138,2.308369726,0.345650636,1.200000000,0.018724316
1784881168.410974264,4.750000138,2.315155449,0.346155417,1.200000000,0.018662439
1784881168.420974255,4.760000138,2.321932786,0.346652422,1.200000000,0.018591973
1784881168.430974245,4.770000138,2.328701790,0.347141586,1.200000000,0.018512762
1784881168.440974236,4.780000138,2.335462511,0.347622846,1.200000000,0.018424648
1784881168.450974226,4.790000138,2.342215005,0.348096135,1.200000000,0.018327474
1784881168.460974216,4.800000138,2.348959325,0.348561389,1.200000000,0.018221082
1784881168.470974207,4.810000138,2.355695528,0.349018544,1.200000000,0.018105316
1784881168.480974197,4.820000138,2.362423671,0.349467533,1.200000000,0.017980017
1784881168.490974188,4.830000138,2.369143812,0.349908293,1.200000000,0.017845030
1784881168.500974178,4.840000138,2.375856011,0.350340758,1.200000000,0.017700195
1784881168.510974169,4.850000138,2.382560327,0.350764864,1.200000000,0.017545357
1784881168.520974159,4.860000138,2.389256824,0.351180546,1.200000000,0.017380358
1784881168.530974150,4.870000138,2.395945561,0.351587740,1.200000000,0.017205040
1784881168.540974140,4.880000138,2.402626604,0.351986380,1.200000000,0.017019247
1784881168.550974131,4.890000138,2.409300016,0.352376402,1.200000000,0.016822821
1784881168.560974121,4.900000138,2.415965861,0.352757742,1.200000000,0.016615605
1784881168.570974112,4.910000138,2.422624206,0.353130334,1.200000000,0.016397441
1784881168.580974102,4.920000138,2.429275116,0.353494116,1.200000000,0.016168173
1784881168.590974092,4.930000138,2.435918659,0.353849021,1.200000000,0.015927642
1784881168.600974083,4.940000138,2.442554902,0.354194987,1.200000000,0.015675693
1784881168.610974073,4.950000138,2.449183914,0.354531948,1.200000000,0.015412166
1784881168.620974064,4.960000138,2.455805764,0.354859840,1.200000000,0.015136906
1784881168.630974054,4.970000138,2.462420521,0.355178599,1.200000000,0.014849755
1784881168.640974045,4.980000138,2.469028255,0.355488162,1.200000000,0.014550556
1784881168.650974274,4.990000138,2.475629036,0.355788464,1.200000000,0.014239151
1784881168.660974264,5.000000138,2.482222935,0.356079442,1.200000000,0.013915383
1784881168.670974255,5.010000138,2.488810023,0.356361031,1.200000000,0.013579095
1784881168.680974245,5.020000138,2.495390372,0.356633167,1.200000000,0.013230130
1784881168.690974236,5.030000138,2.501964053,0.356895788,1.200000000,0.012868330
1784881168.700974226,5.040000138,2.508531138,0.357148830,1.200000000,0.012493538
1784881168.710974216,5.050000138,2.515091701,0.357392228,1.200000000,0.012105596
1784881168.720974207,5.060000138,2.521645812,0.357625921,1.200000000,0.011704349
1784881168.730974197,5.070000138,2.528193544,0.357849843,1.200000000,0.011289637
1784881168.740974188,5.080000138,2.534734971,0.358063934,1.200000000,0.010861305
1784881168.750974178,5.090000138,2.541270165,0.358268128,1.200000000,0.010419194
1784881168.760974169,5.100000138,2.547799199,0.358462364,1.200000000,0.009963147
1784881168.770974159,5.110000138,2.554322145,0.358646579,1.200000000,0.009493008
1784881168.780974150,5.120000138,2.560839076,0.358820709,1.200000000,0.009008619
1784881168.790974140,5.130000138,2.567350066,0.358984693,1.200000000,0.008509822
1784881168.800974131,5.140000138,2.573855185,0.359138467,1.200000000,0.007996461
1784881168.810974121,5.150000138,2.580354507,0.359281970,1.200000000,0.007468377
1784881168.820974112,5.160000138,2.586848105,0.359415140,1.200000000,0.006925415
1784881168.830974102,5.170000138,2.593336049,0.359537913,1.200000000,0.006367416
1784881168.840974092,5.180000138,2.599818412,0.359650229,1.200000000,0.005794223
1784881168.850974083,5.190000138,2.606295265,0.359752025,1.200000000,0.005205680
1784881168.860974073,5.200000138,2.612766679,0.359843241,1.200000000,0.004601628
1784881168.870974064,5.210000138,2.619232725,0.359923813,1.200000000,0.003981910
1784881168.880974054,5.220000138,2.625693474,0.359993682,1.200000000,0.003346370
1784881168.890974045,5.230000138,2.632148996,0.360052785,1.200000000,0.002694849
1784881168.900974274,5.240000138,2.638599360,0.360101063,1.200000000,0.002027192
1784881168.910974264,5.250000138,2.645044636,0.360138453,1.200000000,0.001343239
1784881168.920974255,5.260000138,2.651484891,0.360164896,1.200000000,0.000642835
1784881168.930974245,5.270000138,2.657920195,0.360180330,1.200000000,-0.000074178
1784881168.940974236,5.280000138,2.664350615,0.360184696,1.200000000,-0.000807958
1784881168.950974226,5.290000138,2.670776217,0.360177933,1.200000000,-0.001558662
1784881168.960974216,5.300000138,2.677197069,0.360159982,1.200000000,-0.002326441
1784881168.970974207,5.310000138,2.683613236,0.360130782,1.200000000,-0.003111317
1784881168.980974197,5.320000138,2.690024784,0.360090274,1.200000000,-0.003913185
1784881168.990974188,5.330000138,2.696431777,0.360038398,1.200000000,-0.004731935
1784881169.000974178,5.340000138,2.702834278,0.359975095,1.200000000,-0.005567457
1784881169.010974169,5.350000138,2.709232351,0.359900307,1.200000000,-0.006419640
1784881169.020974159,5.360000138,2.715626058,0.359813975,1.200000000,-0.007288374
1784881169.030974150,5.370000138,2.722015462,0.359716039,1.200000000,-0.008173547
1784881169.040974140,5.380000138,2.728400622,0.359606441,1.200000000,-0.009075051
1784881169.050974131,5.390000138,2.734781599,0.359485124,1.200000000,-0.009992774
1784881169.060974121,5.400000138,2.741158452,0.359352030,1.200000000,-0.010926606
1784881169.070974112,5.410000138,2.747531240,0.359207100,1.200000000,-0.011876437
1784881169.080974102,5.420000138,2.753900020,0.359050277,1.200000000,-0.012842156
1784881169.090974092,5.430000138,2.760264849,0.358881505,1.200000000,-0.013823653
1784881169.100974083,5.440000138,2.766625782,0.358700725,1.200000000,-0.014820817
1784881169.110974073,5.450000138,2.772982875,0.358507882,1.200000000,-0.015833539
1784881169.120974064,5.460000138,2.779336182,0.358302918,1.200000000,-0.016861706
1784881169.130974054,5.470000138,2.785685756,0.358085779,1.200000000,-0.017905210
1784881169.140974045,5.480000138,2.792031649,0.357856406,1.200000000,-0.018963940
1784881169.150974274,5.490000138,2.798373913,0.357614746,1.200000000,-0.020037785
1784881169.160974264,5.500000138,2.804712597,0.357360742,1.200000000,-0.021126635
1784881169.170974255,5.510000138,2.811047751,0.357094339,1.200000000,-0.022230379
1784881169.180974245,5.520000138,2.817379423,0.356815482,1.200000000,-0.023348908
1784881169.190974236,5.530000138,2.823707661,0.356524118,1.200000000,-0.024482110
1784881169.200974226,5.540000138,2.830032511,0.356220190,1.200000000,-0.025629876
1784881169.210974216,5.550000138,2.836354019,0.355903647,1.200000000,-0.026792094
1784881169.220974207,5.560000138,2.842672228,0.355574432,1.200000000,-0.027968655
1784881169.230974197,5.570000138,2.848987182,0.355232494,1.200000000,-0.029159448
1784881169.240974188,5.580000138,2.855298924,0.354877780,1.200000000,-0.030364363
1784881169.250974178,5.590000138,2.861607495,0.354510235,1.200000000,-0.031583289
1784881169.260974169,5.600000138,2.867912934,0.354129808,1.200000000,-0.032816115
1784881169.270974159,5.610000138,2.874215281,0.353736447,1.200000000,-0.034062733
1784881169.280974150,5.620000138,2.880514575,0.353330100,1.200000000,-0.035323030
1784881169.290974140,5.630000138,2.886810851,0.352910715,1.200000000,-0.036596896
1784881169.300974131,5.640000138,2.893104147,0.352478241,1.200000000,-0.037884222
1784881169.310974121,5.650000138,2.899394497,0.352032627,1.200000000,-0.039184897
1784881169.320974112,5.660000138,2.905681935,0.351573823,1.200000000,-0.040498810
1784881169.330974102,5.670000138,2.911966494,0.351101779,1.200000000,-0.041825851
1784881169.340974092,5.680000138,2.918248205,0.350616444,1.200000000,-0.043165910
1784881169.350974083,5.690000138,2.924527099,0.350117769,1.200000000,-0.044518875
1784881169.360974073,5.700000138,2.930803206,0.349605706,1.200000000,-0.045884638
1784881169.370974064,5.710000138,2.937076554,0.349080206,1.200000000,-0.047263087
1784881169.380974054,5.720000138,2.943347171,0.348541220,1.200000000,-0.048654111
1784881169.390974045,5.730000138,2.949615083,0.347988700,1.200000000,-0.050057602
1784881169.400974274,5.740000138,2.955880316,0.347422598,1.200000000,-0.051473447
1784881169.410974264,5.750000138,2.962142893,0.346842869,1.200000000,-0.052901537
1784881169.420974255,5.760000138,2.968402837,0.346249464,1.200000000,-0.054341761
1784881169.430974245,5.770000138,2.974660172,0.345642337,1.200000000,-0.055794009
1784881169.440974236,5.780000138,2.980914917,0.345021443,1.200000000,-0.057258170
1784881169.450974226,5.790000138,2.987167094,0.344386736,1.200000000,-0.058734135
1784881169.460974216,5.800000138,2.993416720,0.343738171,1.200000000,-0.060221792
1784881169.470974207,5.810000138,2.999663814,0.343075703,1.200000000,-0.061721031
1784881169.480974197,5.820000138,3.005908392,0.342399287,1.200000000,-0.063231743
1784881169.490974188,5.830000138,3.012150471,0.341708880,1.200000000,-0.064753815
1784881169.500974178,5.840000138,3.018390064,0.341004439,1.200000000,-0.066287139
1784881169.510974169,5.850000138,3.024627187,0.340285920,1.200000000,-0.067831603
1784881169.520974159,5.860000138,3.030861851,0.339553280,1.200000000,-0.069387097
1784881169.530974150,5.870000138,3.037094068,0.338806479,1.200000000,-0.070953511
1784881169.540974140,5.880000138,3.043323850,0.338045474,1.200000000,-0.072530734
1784881169.550974131,5.890000138,3.049551205,0.337270223,1.200000000,-0.074118657
1784881169.560974121,5.900000138,3.055776143,0.336480687,1.200000000,-0.075717168
1784881169.570974112,5.910000138,3.061998670,0.335676825,1.200000000,-0.077326156
1784881169.580974102,5.920000138,3.068218795,0.334858596,1.200000000,-0.078945513
1784881169.590974092,5.930000138,3.074436522,0.334025963,1.200000000,-0.080575127
1784881169.600974083,5.940000138,3.080651857,0.333178886,1.200000000,-0.082214888
1784881169.610974073,5.950000138,3.086864803,0.332317326,1.200000000,-0.083864685
1784881169.620974064,5.960000138,3.093075363,0.331441246,1.200000000,-0.085524408
1784881169.630974054,5.970000138,3.099283540,0.330550609,1.200000000,-0.087193947
1784881169.640974045,5.980000138,3.105489334,0.329645377,1.200000000,-0.088873192
1784881169.650974274,5.990000138,3.111692746,0.328725515,1.200000000,-0.090562031
1784881169.660974264,6.000000138,3.117893776,0.327790987,1.200000000,-0.092260354
1784881169.670974255,6.010000138,3.124092420,0.326841756,1.200000000,-0.093968052
1784881169.680974245,6.020000138,3.130288678,0.325877790,1.200000000,-0.095685013
1784881169.690974236,6.030000138,3.136482545,0.324899052,1.200000000,-0.097411127
1784881169.700974226,6.040000138,3.142674018,0.323905511,1.200000000,-0.099146284
1784881169.710974216,6.050000138,3.148863091,0.322897131,1.200000000,-0.100890373
1784881169.720974207,6.060000138,3.155049759,0.321873882,1.200000000,-0.102643285
1784881169.730974197,6.070000138,3.161234015,0.320835730,1.200000000,-0.104404908
1784881169.740974188,6.080000138,3.167415852,0.319782645,1.200000000,-0.106175132
1784881169.750974178,6.090000138,3.173595262,0.318714595,1.200000000,-0.107953846
1784881169.760974169,6.100000138,3.179772236,0.317631550,1.200000000,-0.109740942
1784881169.770974159,6.110000138,3.185946763,0.316533480,1.200000000,-0.111536306
1784881169.780974150,6.120000138,3.192118834,0.315420356,1.200000000,-0.113339831
1784881169.790974140,6.130000138,3.198288437,0.314292149,1.200000000,-0.115151405
1784881169.800974131,6.140000138,3.204455561,0.313148831,1.200000000,-0.116970917
1784881169.810974121,6.150000138,3.210620192,0.311990375,1.200000000,-0.118798257
1784881169.820974112,6.160000138,3.216782318,0.310816753,1.200000000,-0.120633316
1784881169.830974102,6.170000138,3.222941925,0.309627940,1.200000000,-0.122475981
1784881169.840974092,6.180000138,3.229098999,0.308423909,1.200000000,-0.124326144
1784881169.850974083,6.190000138,3.235253523,0.307204636,1.200000000,-0.126183694
1784881169.860974073,6.200000138,3.241405482,0.305970095,1.200000000,-0.128048519
1784881169.870974064,6.210000138,3.247554860,0.304720264,1.200000000,-0.129920511
1784881169.880974054,6.220000138,3.253701640,0.303455119,1.200000000,-0.131799558
1784881169.890974045,6.230000138,3.259845804,0.302174636,1.200000000,-0.133685550
1784881169.900974274,6.240000138,3.265987334,0.300878795,1.200000000,-0.135578376
1784881169.910974264,6.250000138,3.272126212,0.299567574,1.200000000,-0.137477927
1784881169.920974255,6.260000138,3.278262418,0.298240951,1.200000000,-0.139384091
1784881169.930974245,6.270000138,3.284395932,0.296898908,1.200000000,-0.141296759
1784881169.940974236,6.280000138,3.290526735,0.295541423,1.200000000,-0.143215819
1784881169.950974226,6.290000138,3.296654805,0.294168479,1.200000000,-0.145141162
1784881169.960974216,6.300000138,3.302780123,0.292780058,1.200000000,-0.147072678
1784881169.970974207,6.310000138,3.308902665,0.291376141,1.200000000,-0.149010255
1784881169.980974197,6.320000138,3.315022410,0.289956712,1.200000000,-0.150953783
1784881169.990974188,6.330000138,3.321139336,0.288521755,1.200000000,-0.152903152
1784881170.000974178,6.340000138,3.327253421,0.287071254,1.200000000,-0.154858251
1784881170.010974169,6.350000138,3.333364640,0.285605195,1.200000000,-0.156818971
1784881170.020974159,6.360000138,3.339472971,0.284123562,1.200000000,-0.158785200
1784881170.030974150,6.370000138,3.345578389,0.282626344,1.200000000,-0.160756829
1784881170.040974140,6.380000138,3.351680871,0.281113526,1.200000000,-0.162733746
1784881170.050974131,6.390000138,3.357780393,0.279585096,1.200000000,-0.164715842
1784881170.060974121,6.400000138,3.363876929,0.278041044,1.200000000,-0.166703006
1784881170.070974112,6.410000138,3.369970455,0.276481359,1.200000000,-0.168695127
1784881170.080974102,6.420000138,3.376060945,0.274906030,1.200000000,-0.170692096
1784881170.090974092,6.430000138,3.382148374,0.273315048,1.200000000,-0.172693801
1784881170.100974083,6.440000138,3.388232717,0.271708404,1.200000000,-0.174700133
1784881170.110974073,6.450000138,3.394313948,0.270086092,1.200000000,-0.176710980
1784881170.120974064,6.460000138,3.400392040,0.268448102,1.200000000,-0.178726234
1784881170.130974054,6.470000138,3.406466968,0.266794429,1.200000000,-0.180745782
1784881170.140974045,6.480000138,3.412538705,0.265125067,1.200000000,-0.182769515
1784881170.150974274,6.490000138,3.418607226,0.263440012,1.200000000,-0.184797322
1784881170.160974264,6.500000138,3.424672503,0.261739258,1.200000000,-0.186829094
1784881170.170974255,6.510000138,3.430734509,0.260022802,1.200000000,-0.188864719
1784881170.180974245,6.520000138,3.436793220,0.258290641,1.200000000,-0.190904086
1784881170.190974236,6.530000138,3.442848607,0.256542774,1.200000000,-0.192947087
1784881170.200974226,6.540000138,3.448900643,0.254779198,1.200000000,-0.194993610
1784881170.210974216,6.550000138,3.454949303,0.252999913,1.200000000,-0.197043544
1784881170.220974207,6.560000138,3.460994560,0.251204919,1.200000000,-0.199096780
1784881170.230974197,6.570000138,3.467036387,0.249394217,1.200000000,-0.201153208
1784881170.240974188,6.580000138,3.473074756,0.247567809,1.200000000,-0.203212715
1784881170.250974178,6.590000138,3.479109643,0.245725697,1.200000000,-0.205275193
1784881170.260974169,6.600000138,3.485141019,0.243867884,1.200000000,-0.207340531
1784881170.270974159,6.610000138,3.491168859,0.241994374,1.200000000,-0.209408618
1784881170.280974150,6.620000138,3.497193136,0.240105172,1.200000000,-0.211479344
1784881170.290974140,6.630000138,3.503213825,0.238200282,1.200000000,-0.213552599
1784881170.300974131,6.640000138,3.509230898,0.236279712,1.200000000,-0.215628272
1784881170.310974121,6.650000138,3.515244331,0.234343468,1.200000000,-0.217706253
1784881170.320974112,6.660000138,3.521254097,0.232391558,1.200000000,-0.219786431
1784881170.330974102,6.670000138,3.527260170,0.230423990,1.200000000,-0.221868695
1784881170.340974092,6.680000138,3.533262527,0.228440773,1.200000000,-0.223952937
1784881170.350974083,6.690000138,3.539261140,0.226441918,1.200000000,-0.226039044
1784881170.360974073,6.700000138,3.545255986,0.224427436,1.200000000,-0.228126908
1784881170.370974064,6.710000138,3.551247040,0.222397337,1.200000000,-0.230216416
1784881170.380974054,6.720000138,3.557234278,0.220351635,1.200000000,-0.232307460
1784881170.390974045,6.730000138,3.563217674,0.218290343,1.200000000,-0.234399927
1784881170.400974274,6.740000138,3.569197206,0.216213474,1.200000000,-0.236493709
1784881170.410974264,6.750000138,3.575172851,0.214121043,1.200000000,-0.238588695
1784881170.420974255,6.760000138,3.581144584,0.212013066,1.200000000,-0.240684774
1784881170.430974245,6.770000138,3.587112383,0.209889560,1.200000000,-0.242781835
1784881170.440974236,6.780000138,3.593076226,0.207750541,1.200000000,-0.244879769
1784881170.450974226,6.790000138,3.599036091,0.205596027,1.200000000,-0.246978465
1784881170.460974216,6.800000138,3.604991955,0.203426037,1.200000000,-0.249077813
1784881170.470974207,6.810000138,3.610943798,0.201240591,1.200000000,-0.251177702
1784881170.480974197,6.820000138,3.616891598,0.199039708,1.200000000,-0.253278022
1784881170.490974188,6.830000138,3.622835335,0.196823411,1.200000000,-0.255378661
1784881170.500974178,6.840000138,3.628774989,0.194591721,1.200000000,-0.257479511
1784881170.510974169,6.850000138,3.634710541,0.192344660,1.200000000,-0.259580461
1784881170.520974159,6.860000138,3.640641971,0.190082253,1.200000000,-0.261681400
1784881170.530974150,6.870000138,3.646569261,0.187804523,1.200000000,-0.263782217
1784881170.540974140,6.880000138,3.652492392,0.185511496,1.200000000,-0.265882803
1784881170.550974131,6.890000138,3.658411346,0.183203198,1.200000000,-0.267983046
1784881170.560974121,6.900000138,3.664326107,0.180879656,1.200000000,-0.270082837
1784881170.570974112,6.910000138,3.670236658,0.178540896,1.200000000,-0.272182065
1784881170.580974102,6.920000138,3.676142982,0.176186948,1.200000000,-0.274280620
1784881170.590974092,6.930000138,3.682045065,0.173817841,1.200000000,-0.276378391
1784881170.600974083,6.940000138,3.687942890,0.171433605,1.200000000,-0.278475268
1784881170.610974073,6.950000138,3.693836443,0.169034271,1.200000000,-0.280571140
1784881170.620974064,6.960000138,3.699725711,0.166619869,1.200000000,-0.282665898
1784881170.630974054,6.970000138,3.705610680,0.164190434,1.200000000,-0.284759430
1784881170.640974045,6.980000138,3.711491337,0.161745997,1.200000000,-0.286851647
1784881170.650974274,6.990000138,3.717367670,0.159286594,1.200000000,-0.288942507
1784881170.660974264,7.000000138,3.723239668,0.156812259,1.200000000,-0.291031971
1784881170.670974255,7.010000138,3.729107318,0.154323027,1.200000000,-0.293120003
1784881170.680974245,7.020000138,3.734970612,0.151818935,1.200000000,-0.295206565
1784881170.690974236,7.030000138,3.740829539,0.149300021,1.200000000,-0.297291621
1784881170.700974226,7.040000138,3.746684089,0.146766323,1.200000000,-0.299375133
1784881170.710974216,7.050000138,3.752534255,0.144217879,1.200000000,-0.301457063
1784881170.720974207,7.060000138,3.758380028,0.141654730,1.200000000,-0.303537375
1784881170.730974197,7.070000138,3.764221402,0.139076915,1.200000000,-0.305616032
1784881170.740974188,7.080000138,3.770058369,0.136484476,1.200000000,-0.307692996
1784881170.750974178,7.090000138,3.775890924,0.133877456,1.200000000,-0.309768230
1784881170.760974169,7.100000138,3.781719061,0.131255898,1.200000000,-0.311841697
1784881170.770974159,7.110000138,3.787542776,0.128619844,1.200000000,-0.313913360
1784881170.780974150,7.120000138,3.793362064,0.125969340,1.200000000,-0.315983182
1784881170.790974140,7.130000138,3.799176923,0.123304431,1.200000000,-0.318051125
1784881170.800974131,7.140000138,3.804987349,0.120625164,1.200000000,-0.320117152
1784881170.810974121,7.150000138,3.810793341,0.117931584,1.200000000,-0.322181226
1784881170.820974112,7.160000138,3.816594898,0.115223741,1.200000000,-0.324243309
1784881170.830974102,7.170000138,3.822392018,0.112501682,1.200000000,-0.326303366
1784881170.840974092,7.180000138,3.828184702,0.109765457,1.200000000,-0.328361358
1784881170.850974083,7.190000138,3.833972950,0.107015115,1.200000000,-0.330417248
1784881170.860974073,7.200000138,3.839756765,0.104250709,1.200000000,-0.332470999
1784881170.870974064,7.210000138,3.845536147,0.101472289,1.200000000,-0.334522575
1784881170.880974054,7.220000138,3.851311100,0.098679909,1.200000000,-0.336571937
1784881170.890974045,7.230000138,3.857081627,0.095873620,1.200000000,-0.338619048
1784881170.900974274,7.240000138,3.862847732,0.093053479,1.200000000,-0.340663872
1784881170.910974264,7.250000138,3.868609420,0.090219538,1.200000000,-0.342706371
1784881170.920974255,7.260000138,3.874366697,0.087371854,1.200000000,-0.344746507
1784881170.930974245,7.270000138,3.880119569,0.084510484,1.200000000,-0.346784245
1784881170.940974236,7.280000138,3.885868042,0.081635484,1.200000000,-0.348819546
1784881170.950974226,7.290000138,3.891612125,0.078746913,1.200000000,-0.350852374
1784881170.960974216,7.300000138,3.897351825,0.075844828,1.200000000,-0.352882691
1784881170.970974207,7.310000138,3.903087150,0.072929290,1.200000000,-0.354910460
1784881170.980974197,7.320000138,3.908818112,0.070000359,1.200000000,-0.356935643
1784881170.990974188,7.330000138,3.914544720,0.067058095,1.200000000,-0.358958205
1784881171.000974178,7.340000138,3.920266984,0.064102561,1.200000000,-0.360978106
1784881171.010974169,7.350000138,3.925984917,0.061133819,1.200000000,-0.362995311
1784881171.020974159,7.360000138,3.931698531,0.058151932,1.200000000,-0.365009783
1784881171.030974150,7.370000138,3.937407838,0.055156964,1.200000000,-0.367021483
1784881171.040974140,7.380000138,3.943112853,0.052148981,1.200000000,-0.369030374
1784881171.050974131,7.390000138,3.948813588,0.049128046,1.200000000,-0.371036421
1784881171.060974121,7.400000138,3.954510060,0.046094227,1.200000000,-0.373039584
1784881171.070974112,7.410000138,3.960202283,0.043047591,1.200000000,-0.375039828
1784881171.080974102,7.420000138,3.965890274,0.039988204,1.200000000,-0.377037115
1784881171.090974092,7.430000138,3.971574049,0.036916137,1.200000000,-0.379031408
1784881171.100974083,7.440000138,3.977253627,0.033831457,1.200000000,-0.381022669
1784881171.110974073,7.450000138,3.982929024,0.030734234,1.200000000,-0.383010861
1784881171.120974064,7.460000138,3.988600259,0.027624540,1.200000000,-0.384995948
1784881171.130974054,7.470000138,3.994267353,0.024502444,1.200000000,-0.386977892
1784881171.140974045,7.480000138,3.999930324,0.021368021,1.200000000,-0.388956656
1784881171.150974274,7.490000138,4.005589193,0.018221341,1.200000000,-0.390932202
1784881171.160974264,7.500000138,4.011243981,0.015062479,1.200000000,-0.392904494
1784881171.170974255,7.510000138,4.016894710,0.011891508,1.200000000,-0.394873494
1784881171.180974245,7.520000138,4.022541402,0.008708504,1.200000000,-0.396839165
1784881171.190974236,7.530000138,4.028184079,0.005513541,1.200000000,-0.398801471
1784881171.200974226,7.540000138,4.033822766,0.002306696,1.200000000,-0.400760372
1784881171.210974216,7.550000138,4.039457486,-0.000911954,1.200000000,-0.402715834
1784881171.220974207,7.560000138,4.045088264,-0.004142332,1.200000000,-0.404667818
1784881171.230974197,7.570000138,4.050715124,-0.007384359,1.200000000,-0.406616287
1784881171.240974188,7.580000138,4.056338093,-0.010637957,1.200000000,-0.408561204
1784881171.250974178,7.590000138,4.061957196,-0.013903045,1.200000000,-0.410502531
1784881171.260974169,7.600000138,4.067572460,-0.017179545,1.200000000,-0.412440233
1784881171.270974159,7.610000138,4.073183913,-0.020467375,1.200000000,-0.414374270
1784881171.280974150,7.620000138,4.078791581,-0.023766453,1.200000000,-0.416304607
1784881171.290974140,7.630000138,4.084395494,-0.027076698,1.200000000,-0.418231206
1784881171.300974131,7.640000138,4.089995679,-0.030398026,1.200000000,-0.420154030
1784881171.310974121,7.650000138,4.095592166,-0.033730355,1.200000000,-0.422073042
1784881171.320974112,7.660000138,4.101184985,-0.037073599,1.200000000,-0.423988204
1784881171.330974102,7.670000138,4.106774166,-0.040427675,1.200000000,-0.425899480
1784881171.340974092,7.680000138,4.112359739,-0.043792496,1.200000000,-0.427806831
1784881171.350974083,7.690000138,4.117941735,-0.047167978,1.200000000,-0.429710222
1784881171.360974073,7.700000138,4.123520186,-0.050554033,1.200000000,-0.431609614
1784881171.370974064,7.710000138,4.129095124,-0.053950574,1.200000000,-0.433504970
1784881171.380974054,7.720000138,4.134666581,-0.057357514,1.200000000,-0.435396255
1784881171.390974045,7.730000138,4.140234590,-0.060774764,1.200000000,-0.437283429
1784881171.400974274,7.740000138,4.145799184,-0.064202235,1.200000000,-0.439166456
1784881171.410974264,7.750000138,4.151360396,-0.067639837,1.200000000,-0.441045299
1784881171.420974255,7.760000138,4.156918260,-0.071087480,1.200000000,-0.442919921
1784881171.430974245,7.770000138,4.162472812,-0.074545074,1.200000000,-0.444790284
1784881171.440974236,7.780000138,4.168024084,-0.078012527,1.200000000,-0.446656352
1784881171.450974226,7.790000138,4.173572113,-0.081489747,1.200000000,-0.448518086
1784881171.460974216,7.800000138,4.179116933,-0.084976642,1.200000000,-0.450375451
1784881171.470974207,7.810000138,4.184658581,-0.088473119,1.200000000,-0.452228408
1784881171.480974197,7.820000138,4.190197093,-0.091979084,1.200000000,-0.454076920
1784881171.490974188,7.830000138,4.195732504,-0.095494442,1.200000000,-0.455920951
1784881171.500974178,7.840000138,4.201264851,-0.099019100,1.200000000,-0.457760463
1784881171.510974169,7.850000138,4.206794172,-0.102552961,1.200000000,-0.459595419
1784881171.520974159,7.860000138,4.212320502,-0.106095930,1.200000000,-0.461425782
1784881171.530974150,7.870000138,4.217843881,-0.109647912,1.200000000,-0.463251514
1784881171.540974140,7.880000138,4.223364346,-0.113208808,1.200000000,-0.465072579
1784881171.550974131,7.890000138,4.228881934,-0.116778521,1.200000000,-0.466888939
1784881171.560974121,7.900000138,4.234396683,-0.120356954,1.200000000,-0.468700556
1784881171.570974112,7.910000138,4.239908633,-0.123944009,1.200000000,-0.470507395
1784881171.580974102,7.920000138,4.245417822,-0.127539585,1.200000000,-0.472309417
1784881171.590974092,7.930000138,4.250924288,-0.131143584,1.200000000,-0.474106586
1784881171.600974083,7.940000138,4.256428071,-0.134755907,1.200000000,-0.475898864
1784881171.610974073,7.950000138,4.261929210,-0.138376451,1.200000000,-0.477686214
1784881171.620974064,7.960000138,4.267427744,-0.142005117,1.200000000,-0.479468599
1784881171.630974054,7.970000138,4.272923713,-0.145641804,1.200000000,-0.481245982
1784881171.640974045,7.980000138,4.278417157,-0.149286408,1.200000000,-0.483018325
1784881171.650974274,7.990000138,4.283908115,-0.152938829,1.200000000,-0.484785592
1784881171.660974264,8.000000138,4.289396627,-0.156598963,1.200000000,-0.486547745
1784881171.670974255,8.010000138,4.294882733,-0.160266707,1.200000000,-0.488304746
1784881171.680974245,8.020000138,4.300366474,-0.163941957,1.200000000,-0.490056560
1784881171.690974236,8.030000138,4.305847890,-0.167624609,1.200000000,-0.491803148
1784881171.700974226,8.040000138,4.311327021,-0.171314559,1.200000000,-0.493544473
1784881171.710974216,8.050000138,4.316803907,-0.175011701,1.200000000,-0.495280499
1784881171.720974207,8.060000138,4.322278588,-0.178715930,1.200000000,-0.497011188
1784881171.730974197,8.070000138,4.327751107,-0.182427141,1.200000000,-0.498736502
1784881171.740974188,8.080000138,4.333221502,-0.186145226,1.200000000,-0.500456405
1784881171.750974178,8.090000138,4.338689814,-0.189870079,1.200000000,-0.502170860
1784881171.760974169,8.100000138,4.344156085,-0.193601594,1.200000000,-0.503879829
1784881171.770974159,8.110000138,4.349620353,-0.197339662,1.200000000,-0.505583275
1784881171.780974150,8.120000138,4.355082661,-0.201084175,1.200000000,-0.507281161
1784881171.790974140,8.130000138,4.360543048,-0.204835026,1.200000000,-0.508973449
1784881171.800974131,8.140000138,4.366001555,-0.208592105,1.200000000,-0.510660103
1784881171.810974121,8.150000138,4.371458223,-0.212355304,1.200000000,-0.512341086
1784881171.820974112,8.160000138,4.376913091,-0.216124512,1.200000000,-0.514016359
1784881171.830974102,8.170000138,4.382366200,-0.219899621,1.200000000,-0.515685887
1784881171.840974092,8.180000138,4.387817590,-0.223680520,1.200000000,-0.517349631
1784881171.850974083,8.190000138,4.393267301,-0.227467098,1.200000000,-0.519007555
1784881171.860974073,8.200000138,4.398715374,-0.231259245,1.200000000,-0.520659622
1784881171.870974064,8.210000138,4.404161847,-0.235056849,1.200000000,-0.522305793
1784881171.880974054,8.220000138,4.409606762,-0.238859799,1.200000000,-0.523946033
1784881171.890974045,8.230000138,4.415050156,-0.242667982,1.200000000,-0.525580303
1784881171.900974274,8.240000138,4.420492071,-0.246481287,1.200000000,-0.527208568
1784881171.910974264,8.250000138,4.425932544,-0.250299601,1.200000000,-0.528830788
1784881171.920974255,8.260000138,4.431371616,-0.254122812,1.200000000,-0.530446928
1784881171.930974245,8.270000138,4.436809325,-0.257950804,1.200000000,-0.532056950
1784881171.940974236,8.280000138,4.442245709,-0.261783467,1.200000000,-0.533660817
1784881171.950974226,8.290000138,4.447680808,-0.265620684,1.200000000,-0.535258492
1784881171.960974216,8.300000138,4.453114660,-0.269462343,1.200000000,-0.536849937
1784881171.970974207,8.310000138,4.458547303,-0.273308330,1.200000000,-0.538435116
1784881171.980974197,8.320000138,4.463978774,-0.277158528,1.200000000,-0.540013990
1784881171.990974188,8.330000138,4.469409111,-0.281012824,1.200000000,-0.541586524
1784881172.000974178,8.340000138,4.474838351,-0.284871102,1.200000000,-0.543152680
1784881172.010974169,8.350000138,4.480266533,-0.288733246,1.200000000,-0.544712420
1784881172.020974159,8.360000138,4.485693691,-0.292599141,1.200000000,-0.546265707
1784881172.030974150,8.370000138,4.491119863,-0.296468671,1.200000000,-0.547812505
1784881172.040974140,8.380000138,4.496545086,-0.300341720,1.200000000,-0.549352776
1784881172.050974131,8.390000138,4.501969394,-0.304218171,1.200000000,-0.550886483
1784881172.060974121,8.400000138,4.507392823,-0.308097907,1.200000000,-0.552413588
1784881172.070974112,8.410000138,4.512815410,-0.311980811,1.200000000,-0.553934055
1784881172.080974102,8.420000138,4.518237187,-0.315866766,1.200000000,-0.555447846
1784881172.090974092,8.430000138,4.523658191,-0.319755655,1.200000000,-0.556954924
1784881172.100974083,8.440000138,4.529078455,-0.323647360,1.200000000,-0.558455252
1784881172.110974073,8.450000138,4.534498013,-0.327541762,1.200000000,-0.559948793
1784881172.120974064,8.460000138,4.539916899,-0.331438745,1.200000000,-0.561435510
1784881172.130974054,8.470000138,4.545335145,-0.335338190,1.200000000,-0.562915365
1784881172.140974045,8.480000138,4.550752784,-0.339239977,1.200000000,-0.564388321
1784881172.150974274,8.490000138,4.556169849,-0.343143990,1.200000000,-0.565854341
1784881172.160974264,8.500000138,4.561586371,-0.347050108,1.200000000,-0.567313388
1784881172.170974255,8.510000138,4.567002382,-0.350958212,1.200000000,-0.568765424
1784881172.180974245,8.520000138,4.572417913,-0.354868184,1.200000000,-0.570210413
1784881172.190974236,8.530000138,4.577832993,-0.358779904,1.200000000,-0.571648317
1784881172.200974226,8.540000138,4.583247654,-0.362693253,1.200000000,-0.573079100
1784881172.210974216,8.550000138,4.588661925,-0.366608111,1.200000000,-0.574502723
1784881172.220974207,8.560000138,4.594075836,-0.370524357,1.200000000,-0.575919150
1784881172.230974197,8.570000138,4.599489414,-0.374441873,1.200000000,-0.577328343
1784881172.240974188,8.580000138,4.604902688,-0.378360537,1.200000000,-0.578730266
1784881172.250974178,8.590000138,4.610315686,-0.382280230,1.200000000,-0.580124880
1784881172.260974169,8.600000138,4.615728436,-0.386200831,1.200000000,-0.581512150
1784881172.270974159,8.610000138,4.621140964,-0.390122219,1.200000000,-0.582892037
1784881172.280974150,8.620000138,4.626553295,-0.394044275,1.200000000,-0.584264506
1784881172.290974140,8.630000138,4.631965457,-0.397966877,1.200000000,-0.585629517
1784881172.300974131,8.640000138,4.637377474,-0.401889904,1.200000000,-0.586987035
1784881172.310974121,8.650000138,4.642789371,-0.405813235,1.200000000,-0.588337021
1784881172.320974112,8.660000138,4.648201173,-0.409736750,1.200000000,-0.589679440
1784881172.330974102,8.670000138,4.653612902,-0.413660326,1.200000000,-0.591014253
1784881172.340974092,8.680000138,4.659024582,-0.417583843,1.200000000,-0.592341423
1784881172.350974083,8.690000138,4.664436236,-0.421507180,1.200000000,-0.593660914
1784881172.360974073,8.700000138,4.669847885,-0.425430214,1.200000000,-0.594972688
1784881172.370974064,8.710000138,4.675259551,-0.429352825,1.200000000,-0.596276708
1784881172.380974054,8.720000138,4.680671256,-0.433274891,1.200000000,-0.597572936
1784881172.390974045,8.730000138,4.686083018,-0.437196289,1.200000000,-0.598861336
1784881172.400974274,8.740000138,4.691494859,-0.441116899,1.200000000,-0.600141870
1784881172.410974264,8.750000138,4.696906797,-0.445036598,1.200000000,-0.601414502
1784881172.420974255,8.760000138,4.702318851,-0.448955266,1.200000000,-0.602679193
1784881172.430974245,8.770000138,4.707731039,-0.452872778,1.200000000,-0.603935907
1784881172.440974236,8.780000138,4.713143378,-0.456789015,1.200000000,-0.605184607
1784881172.450974226,8.790000138,4.718555886,-0.460703854,1.200000000,-0.606425255
1784881172.460974216,8.800000138,4.723968578,-0.464617172,1.200000000,-0.607657815
1784881172.470974207,8.810000138,4.729381471,-0.468528848,1.200000000,-0.608882248
1784881172.480974197,8.820000138,4.734794579,-0.472438760,1.200000000,-0.610098518
1784881172.490974188,8.830000138,4.740207917,-0.476346786,1.200000000,-0.611306588
1784881172.500974178,8.840000138,4.745621499,-0.480252803,1.200000000,-0.612506420
1784881172.510974169,8.850000138,4.751035337,-0.484156689,1.200000000,-0.613697978
1784881172.520974159,8.860000138,4.756449446,-0.488058323,1.200000000,-0.614881224
1784881172.530974150,8.870000138,4.761863836,-0.491957582,1.200000000,-0.616056120
1784881172.540974140,8.880000138,4.767278520,-0.495854344,1.200000000,-0.617222630
1784881172.550974131,8.890000138,4.772693508,-0.499748486,1.200000000,-0.618380717
1784881172.560974121,8.900000138,4.778108810,-0.503639887,1.200000000,-0.619530343
1784881172.570974112,8.910000138,4.783524437,-0.507528425,1.200000000,-0.620671472
1784881172.580974102,8.920000138,4.788940397,-0.511413977,1.200000000,-0.621804065
1784881172.590974092,8.930000138,4.794356698,-0.515296421,1.200000000,-0.622928086
1784881172.600974083,8.940000138,4.799773349,-0.519175636,1.200000000,-0.624043498
1784881172.610974073,8.950000138,4.805190357,-0.523051499,1.200000000,-0.625150263
1784881172.620974064,8.960000138,4.810607728,-0.526923888,1.200000000,-0.626248344
1784881172.630974054,8.970000138,4.816025469,-0.530792681,1.200000000,-0.627337705
1784881172.640974045,8.980000138,4.821443585,-0.534657757,1.200000000,-0.628418307
1784881172.650974274,8.990000138,4.826862080,-0.538518993,1.200000000,-0.629490114
1784881172.660974264,9.000000138,4.832280960,-0.542376267,1.200000000,-0.630553088
1784881172.670974255,9.010000138,4.837700227,-0.546229458,1.200000000,-0.631607193
1784881172.680974245,9.020000138,4.843119885,-0.550078444,1.200000000,-0.632652390
1784881172.690974236,9.030000138,4.848539936,-0.553923104,1.200000000,-0.633688644
1784881172.700974226,9.040000138,4.853960383,-0.557763315,1.200000000,-0.634715916
1784881172.710974216,9.050000138,4.859381226,-0.561598955,1.200000000,-0.635734170
1784881172.720974207,9.060000138,4.864802466,-0.565429905,1.200000000,-0.636743368
1784881172.730974197,9.070000138,4.870224103,-0.569256041,1.200000000,-0.637743474
1784881172.740974188,9.080000138,4.875646138,-0.573077244,1.200000000,-0.638734449
1784881172.750974178,9.090000138,4.881068569,-0.576893390,1.200000000,-0.639716257
1784881172.760974169,9.100000138,4.886491394,-0.580704360,1.200000000,-0.640688861
1784881172.770974159,9.110000138,4.891914612,-0.584510032,1.200000000,-0.641652223
1784881172.780974150,9.120000138,4.897338220,-0.588310284,1.200000000,-0.642606307
1784881172.790974140,9.130000138,4.902762215,-0.592104997,1.200000000,-0.643551074
1784881172.800974131,9.140000138,4.908186594,-0.595894048,1.200000000,-0.644486465
1784881172.810974121,9.150000138,4.913611351,-0.599677318,1.200000000,-0.645412270
1784881172.820974112,9.160000138,4.919036484,-0.603454685,1.200000000,-0.646328223
1784881172.830974102,9.170000138,4.924461985,-0.607226029,1.200000000,-0.647234058
1784881172.840974092,9.180000138,4.929887850,-0.610991230,1.200000000,-0.648129508
1784881172.850974083,9.190000138,4.935314073,-0.614750166,1.200000000,-0.649014306
1784881172.860974073,9.200000138,4.940740647,-0.618502719,1.200000000,-0.649888187
1784881172.870974064,9.210000138,4.946167564,-0.622248766,1.200000000,-0.650750883
1784881172.880974054,9.220000138,4.951594818,-0.625988189,1.200000000,-0.651602129
1784881172.890974045,9.230000138,4.957022401,-0.629720867,1.200000000,-0.652441658
1784881172.900974274,9.240000138,4.962450303,-0.633446681,1.200000000,-0.653269203
1784881172.910974264,9.250000138,4.967878517,-0.637165510,1.200000000,-0.654084498
1784881172.920974255,9.260000138,4.973307032,-0.640877235,1.200000000,-0.654887276
1784881172.930974245,9.270000138,4.978735839,-0.644581737,1.200000000,-0.655677271
1784881172.940974236,9.280000138,4.984164929,-0.648278896,1.200000000,-0.656454218
1784881172.950974226,9.290000138,4.989594290,-0.651968593,1.200000000,-0.657217848
1784881172.960974216,9.300000138,4.995023913,-0.655650708,1.200000000,-0.657967896
1784881172.970974207,9.310000138,5.000453785,-0.659325122,1.200000000,-0.658704095
1784881172.980974197,9.320000138,5.005883895,-0.662991717,1.200000000,-0.659426179
1784881172.990974188,9.330000138,5.011314232,-0.666650374,1.200000000,-0.660133882
1784881173.000974178,9.340000138,5.016744783,-0.670300974,1.200000000,-0.660826936
1784881173.010974169,9.350000138,5.022175535,-0.673943399,1.200000000,-0.661505076
1784881173.020974159,9.360000138,5.027606477,-0.677577529,1.200000000,-0.662168035
1784881173.030974150,9.370000138,5.033037595,-0.681203248,1.200000000,-0.662815547
1784881173.040974140,9.380000138,5.038468876,-0.684820436,1.200000000,-0.663447345
1784881173.050974131,9.390000138,5.043900306,-0.688428976,1.200000000,-0.664063162
1784881173.060974121,9.400000138,5.049331871,-0.692028750,1.200000000,-0.664662733
1784881173.070974112,9.410000138,5.054763558,-0.695619640,1.200000000,-0.665245790
1784881173.080974102,9.420000138,5.060195352,-0.699201528,1.200000000,-0.665812068
1784881173.090974092,9.430000138,5.065627240,-0.702774298,1.200000000,-0.666361299
1784881173.100974083,9.440000138,5.071059205,-0.706337831,1.200000000,-0.666893219
1784881173.110974073,9.450000138,5.076491235,-0.709892011,1.200000000,-0.667407559
1784881173.120974064,9.460000138,5.081923313,-0.713436721,1.200000000,-0.667904053
1784881173.130974054,9.470000138,5.087355425,-0.716971843,1.200000000,-0.668382436
1784881173.140974045,9.480000138,5.092787555,-0.720497261,1.200000000,-0.668842440
1784881173.150974274,9.490000138,5.098219689,-0.724012859,1.200000000,-0.669283800
1784881173.160974264,9.500000138,5.103651812,-0.727518521,1.200000000,-0.669706248
1784881173.170974255,9.510000138,5.109083907,-0.731014128,1.200000000,-0.670109519
1784881173.180974245,9.520000138,5.114515959,-0.734499567,1.200000000,-0.670493346
1784881173.190974236,9.530000138,5.119947954,-0.737974721,1.200000000,-0.670857462
1784881173.200974226,9.540000138,5.125379875,-0.741439473,1.200000000,-0.671201601
1784881173.210974216,9.550000138,5.130811707,-0.744893709,1.200000000,-0.671525496
1784881173.220974207,9.560000138,5.136243435,-0.748337313,1.200000000,-0.671828882
1784881173.230974197,9.570000138,5.141675043,-0.751770170,1.200000000,-0.672111491
1784881173.240974188,9.580000138,5.147106516,-0.755192164,1.200000000,-0.672373057
1784881173.250974178,9.590000138,5.152537838,-0.758603181,1.200000000,-0.672613314
1784881173.260974169,9.600000138,5.157968994,-0.762003105,1.200000000,-0.672831995
1784881173.270974159,9.610000138,5.163399970,-0.765391822,1.200000000,-0.673028834
1784881173.280974150,9.620000138,5.168830749,-0.768769218,1.200000000,-0.673203565
1784881173.290974140,9.630000138,5.174261318,-0.772135179,1.200000000,-0.673355920
1784881173.300974131,9.640000138,5.179691661,-0.775489589,1.200000000,-0.673485634
1784881173.310974121,9.650000138,5.185121764,-0.778832336,1.200000000,-0.673592440
1784881173.320974112,9.660000138,5.190551612,-0.782163305,1.200000000,-0.673676072
1784881173.330974102,9.670000138,5.195981192,-0.785482383,1.200000000,-0.673736262
1784881173.340974092,9.680000138,5.201410488,-0.788789456,1.200000000,-0.673772746
1784881173.350974083,9.690000138,5.206839488,-0.792084411,1.200000000,-0.673785255
1784881173.360974073,9.700000138,5.212268178,-0.795367136,1.200000000,-0.673773525
1784881173.370974064,9.710000138,5.217696544,-0.798637516,1.200000000,-0.673737288
1784881173.380974054,9.720000138,5.223124573,-0.801895440,1.200000000,-0.673676277
1784881173.390974045,9.730000138,5.228552254,-0.805140795,1.200000000,-0.673590227
1784881173.400974274,9.740000138,5.233979572,-0.808373469,1.200000000,-0.673478871
1784881173.410974264,9.750000138,5.239406517,-0.811593348,1.200000000,-0.673341943
1784881173.420974255,9.760000138,5.244833077,-0.814800323,1.200000000,-0.673179176
1784881173.430974245,9.770000138,5.250259240,-0.817994280,1.200000000,-0.672990303
1784881173.440974236,9.780000138,5.255684995,-0.821175108,1.200000000,-0.672775059
1784881173.450974226,9.790000138,5.261110331,-0.824342696,1.200000000,-0.672533176
1784881173.460974216,9.800000138,5.266535239,-0.827496932,1.200000000,-0.672264389
1784881173.470974207,9.810000138,5.271959708,-0.830637706,1.200000000,-0.671968430
1784881173.480974197,9.820000138,5.277383730,-0.833764907,1.200000000,-0.671645034
1784881173.490974188,9.830000138,5.282807295,-0.836878424,1.200000000,-0.671293934
1784881173.500974178,9.840000138,5.288230395,-0.839978146,1.200000000,-0.670914863
1784881173.510974169,9.850000138,5.293653022,-0.843063965,1.200000000,-0.670507556
1784881173.520974159,9.860000138,5.299075168,-0.846135769,1.200000000,-0.670071745
1784881173.530974150,9.870000138,5.304496827,-0.849193450,1.200000000,-0.669607164
1784881173.540974140,9.880000138,5.309917992,-0.852236896,1.200000000,-0.669113547
1784881173.550974131,9.890000138,5.315338657,-0.855266000,1.200000000,-0.668590627
1784881173.560974121,9.900000138,5.320758817,-0.858280652,1.200000000,-0.668038138
1784881173.570974112,9.910000138,5.326178468,-0.861280744,1.200000000,-0.667455814
1784881173.580974102,9.920000138,5.331597605,-0.864266166,1.200000000,-0.666843387
1784881173.590974092,9.930000138,5.337016224,-0.867236810,1.200000000,-0.666200592
1784881173.600974083,9.940000138,5.342434323,-0.870192568,1.200000000,-0.665527162
1784881173.610974073,9.950000138,5.347851900,-0.873133333,1.200000000,-0.664822831
1784881173.620974064,9.960000138,5.353268952,-0.876058996,1.200000000,-0.664087331
1784881173.630974054,9.970000138,5.358685479,-0.878969449,1.200000000,-0.663320397
1784881173.640974045,9.980000138,5.364101480,-0.881864587,1.200000000,-0.662521763
1784881173.650974274,9.990000138,5.369516956,-0.884744301,1.200000000,-0.661691161
1784881173.660974264,10.000000138,5.374931908,-0.887608486,1.200000000,-0.660828326
1784881173.670974255,10.010000138,5.380346337,-0.890457034,1.200000000,-0.659932991
1784881173.680974245,10.020000138,5.385760246,-0.893289839,1.200000000,-0.659004889
1784881173.690974236,10.030000138,5.391173638,-0.896106796,1.200000000,-0.658043754
1784881173.700974226,10.040000138,5.396586517,-0.898907799,1.200000000,-0.657049319
1784881173.710974216,10.050000138,5.401998888,-0.901692742,1.200000000,-0.656021319
1784881173.720974207,10.060000138,5.407410756,-0.904461520,1.200000000,-0.654959486
1784881173.730974197,10.070000138,5.412822128,-0.907214029,1.200000000,-0.653863555
1784881173.740974188,10.080000138,5.418233009,-0.909950163,1.200000000,-0.652733258
1784881173.750974178,10.090000138,5.423643409,-0.912669819,1.200000000,-0.651568330
1784881173.760974169,10.100000138,5.429053335,-0.915372892,1.200000000,-0.650368503
1784881173.770974159,10.110000138,5.434462797,-0.918059279,1.200000000,-0.649133512
1784881173.780974150,10.120000138,5.439871805,-0.920728876,1.200000000,-0.647863090
1784881173.790974140,10.130000138,5.445280371,-0.923381581,1.200000000,-0.646556970
1784881173.800974131,10.140000138,5.450688505,-0.926017290,1.200000000,-0.645214886
1784881173.810974121,10.150000138,5.456096222,-0.928635900,1.200000000,-0.643836572
1784881173.820974112,10.160000138,5.461503533,-0.931237311,1.200000000,-0.642421762
1784881173.830974102,10.170000138,5.466910454,-0.933821419,1.200000000,-0.640970187
1784881173.840974092,10.180000138,5.472317001,-0.936388123,1.200000000,-0.639481584
1784881173.850974083,10.190000138,5.477723188,-0.938937322,1.200000000,-0.637955684
1784881173.860974073,10.200000138,5.483129034,-0.941468916,1.200000000,-0.636392221
1784881173.870974064,10.210000138,5.488534556,-0.943982803,1.200000000,-0.634790929
1784881173.880974054,10.220000138,5.493939772,-0.946478883,1.200000000,-0.633151542
1784881173.890974045,10.230000138,5.499344703,-0.948957058,1.200000000,-0.631473793
1784881173.900974274,10.240000138,5.504749370,-0.951417226,1.200000000,-0.629757415
1784881173.910974264,10.250000138,5.510153793,-0.953859289,1.200000000,-0.628002143
1784881173.920974255,10.260000138,5.515557994,-0.956283148,1.200000000,-0.626207709
1784881173.930974245,10.270000138,5.520961999,-0.958688705,1.200000000,-0.624373848
1784881173.940974236,10.280000138,5.526365829,-0.961075863,1.200000000,-0.622500292
1784881173.950974226,10.290000138,5.531769512,-0.963444522,1.200000000,-0.620586775
1784881173.960974216,10.300000138,5.537173072,-0.965794587,1.200000000,-0.618633032
1784881173.970974207,10.310000138,5.542576537,-0.968125959,1.200000000,-0.616638795
1784881173.980974197,10.320000138,5.547979934,-0.970438544,1.200000000,-0.614603798
1784881173.990974188,10.330000138,5.553383293,-0.972732245,1.200000000,-0.612527774
1784881174.000974178,10.340000138,5.558786642,-0.975006966,1.200000000,-0.610410458
1784881174.010974169,10.350000138,5.564190013,-0.977262612,1.200000000,-0.608251582
1784881174.020974159,10.360000138,5.569593438,-0.979499090,1.200000000,-0.606050880
1784881174.030974150,10.370000138,5.574996948,-0.981716303,1.200000000,-0.603808087
1784881174.040974140,10.380000138,5.580400577,-0.983914159,1.200000000,-0.601522934
1784881174.050974131,10.390000138,5.585804359,-0.986092564,1.200000000,-0.599195156
1784881174.060974121,10.400000138,5.591208330,-0.988251426,1.200000000,-0.596824487
1784881174.070974112,10.410000138,5.596612525,-0.990390652,1.200000000,-0.594410660
1784881174.080974102,10.420000138,5.602016982,-0.992510151,1.200000000,-0.591953408
1784881174.090974092,10.430000138,5.607421739,-0.994609830,1.200000000,-0.589452465
1784881174.100974083,10.440000138,5.612826833,-0.996689599,1.200000000,-0.586907565
1784881174.110974073,10.450000138,5.618232305,-0.998749368,1.200000000,-0.584318441
1784881174.120974064,10.460000138,5.623638196,-1.000789046,1.200000000,-0.581684827
1784881174.130974054,10.470000138,5.629044546,-1.002808545,1.200000000,-0.579006467
1784881174.140974045,10.480000138,5.634451399,-1.004807776,1.200000000,-0.576283428
1784881174.150974274,10.490000138,5.639858796,-1.006786651,1.200000000,-0.573516148
1784881174.160974264,10.500000138,5.645266783,-1.008745081,1.200000000,-0.570705089
1784881174.170974255,10.510000138,5.650675403,-1.010682980,1.200000000,-0.567850709
1784881174.180974245,10.520000138,5.656084703,-1.012600261,1.200000000,-0.564953469
1784881174.190974236,10.530000138,5.661494728,-1.014496839,1.200000000,-0.562013827
1784881174.200974226,10.540000138,5.666905527,-1.016372628,1.200000000,-0.559032245
1784881174.210974216,10.550000138,5.672317147,-1.018227543,1.200000000,-0.556009181
1784881174.220974207,10.560000138,5.677729637,-1.020061500,1.200000000,-0.552945096
1784881174.230974197,10.570000138,5.683143046,-1.021874416,1.200000000,-0.549840449
1784881174.240974188,10.580000138,5.688557426,-1.023666209,1.200000000,-0.546695700
1784881174.250974178,10.590000138,5.693972826,-1.025436795,1.200000000,-0.543511309
1784881174.260974169,10.600000138,5.699389299,-1.027186093,1.200000000,-0.540287735
1784881174.270974159,10.610000138,5.704806896,-1.028914023,1.200000000,-0.537025439
1784881174.280974150,10.620000138,5.710225673,-1.030620505,1.200000000,-0.533724880
1784881174.290974140,10.630000138,5.715645681,-1.032305458,1.200000000,-0.530386518
1784881174.300974131,10.640000138,5.721066977,-1.033968805,1.200000000,-0.527010813
1784881174.310974121,10.650000138,5.726489614,-1.035610467,1.200000000,-0.523598224
1784881174.320974112,10.660000138,5.731913649,-1.037230368,1.200000000,-0.520149211
1784881174.330974102,10.670000138,5.737339139,-1.038828430,1.200000000,-0.516664234
1784881174.340974092,10.680000138,5.742766139,-1.040404577,1.200000000,-0.513143753
1784881174.350974083,10.690000138,5.748194709,-1.041958736,1.200000000,-0.509588228
1784881174.360974073,10.700000138,5.753624906,-1.043490832,1.200000000,-0.505998117
1784881174.370974064,10.710000138,5.759056788,-1.045000790,1.200000000,-0.502373882
1784881174.380974054,10.720000138,5.764490415,-1.046488540,1.200000000,-0.498715982
1784881174.390974045,10.730000138,5.769925847,-1.047954008,1.200000000,-0.495024877
1784881174.400974274,10.740000138,5.775363144,-1.049397125,1.200000000,-0.491301026
1784881174.410974264,10.750000138,5.780802366,-1.050817819,1.200000000,-0.487544889
1784881174.420974255,10.760000138,5.786243576,-1.052216022,1.200000000,-0.483756926
1784881174.430974245,10.770000138,5.791686833,-1.053591665,1.200000000,-0.479937597
1784881174.440974236,10.780000138,5.797132200,-1.054944682,1.200000000,-0.476087362
1784881174.450974226,10.790000138,5.802579740,-1.056275004,1.200000000,-0.472206680
1784881174.460974216,10.800000138,5.808029515,-1.057582568,1.200000000,-0.468296011
1784881174.470974207,10.810000138,5.813481588,-1.058867307,1.200000000,-0.464355814
1784881174.480974197,10.820000138,5.818936022,-1.060129158,1.200000000,-0.460386551
1784881174.490974188,10.830000138,5.824392882,-1.061368059,1.200000000,-0.456388680
1784881174.500974178,10.840000138,5.829852230,-1.062583947,1.200000000,-0.452362661
1784881174.510974169,10.850000138,5.835314130,-1.063776761,1.200000000,-0.448308954
1784881174.520974159,10.860000138,5.840778648,-1.064946442,1.200000000,-0.444228019
1784881174.530974150,10.870000138,5.846245848,-1.066092930,1.200000000,-0.440120315
1784881174.540974140,10.880000138,5.851715793,-1.067216168,1.200000000,-0.435986303
1784881174.550974131,10.890000138,5.857188550,-1.068316099,1.200000000,-0.431826441
1784881174.560974121,10.900000138,5.862664182,-1.069392666,1.200000000,-0.427641191
1784881174.570974112,10.910000138,5.868142756,-1.070445816,1.200000000,-0.423431011
1784881174.580974102,10.920000138,5.873624335,-1.071475493,1.200000000,-0.419196361
1784881174.590974092,10.930000138,5.879108985,-1.072481647,1.200000000,-0.414937702
1784881174.600974083,10.940000138,5.884596771,-1.073464224,1.200000000,-0.410655493
1784881174.610974073,10.950000138,5.890087759,-1.074423175,1.200000000,-0.406350193
1784881174.620974064,10.960000138,5.895582013,-1.075358450,1.200000000,-0.402022263
1784881174.630974054,10.970000138,5.901079598,-1.076270001,1.200000000,-0.397672162
1784881174.640974045,10.980000138,5.906580580,-1.077157781,1.200000000,-0.393300351
1784881174.650974274,10.990000138,5.912085022,-1.078021744,1.200000000,-0.388907288
1784881174.660974264,11.000000138,5.917592991,-1.078861845,1.200000000,-0.384493434
1784881174.670974255,11.010000138,5.923104549,-1.079678040,1.200000000,-0.380059248
1784881174.680974245,11.020000138,5.928619762,-1.080470288,1.200000000,-0.375605190
1784881174.690974236,11.030000138,5.934138694,-1.081238547,1.200000000,-0.371131720
1784881174.700974226,11.040000138,5.939661408,-1.081982776,1.200000000,-0.366639298
1784881174.710974216,11.050000138,5.945187968,-1.082702938,1.200000000,-0.362128383
1784881174.720974207,11.060000138,5.950718438,-1.083398995,1.200000000,-0.357599436
1784881174.730974197,11.070000138,5.956252880,-1.084070910,1.200000000,-0.353052916
1784881174.740974188,11.080000138,5.961791357,-1.084718649,1.200000000,-0.348489282
1784881174.750974178,11.090000138,5.967333930,-1.085342177,1.200000000,-0.343908995
1784881174.760974169,11.100000138,5.972880663,-1.085941463,1.200000000,-0.339312515
1784881174.770974159,11.110000138,5.978431616,-1.086516476,1.200000000,-0.334700300
1784881174.780974150,11.120000138,5.983986851,-1.087067185,1.200000000,-0.330072812
1784881174.790974140,11.130000138,5.989546427,-1.087593561,1.200000000,-0.325430509
1784881174.800974131,11.140000138,5.995110405,-1.088095579,1.200000000,-0.320773851
1784881174.810974121,11.150000138,6.000678843,-1.088573212,1.200000000,-0.316103299
1784881174.820974112,11.160000138,6.006251802,-1.089026436,1.200000000,-0.311419312
1784881174.830974102,11.170000138,6.011829338,-1.089455227,1.200000000,-0.306722350
1784881174.840974092,11.180000138,6.017411510,-1.089859565,1.200000000,-0.302012872
1784881174.850974083,11.190000138,6.022998375,-1.090239428,1.200000000,-0.297291339
1784881174.860974073,11.200000138,6.028589989,-1.090594798,1.200000000,-0.292558210
1784881174.870974064,11.210000138,6.034186407,-1.090925657,1.200000000,-0.287813944
1784881174.880974054,11.220000138,6.039787684,-1.091231990,1.200000000,-0.283059003
1784881174.890974045,11.230000138,6.045393875,-1.091513782,1.200000000,-0.278293844
1784881174.900974274,11.240000138,6.051005033,-1.091771019,1.200000000,-0.273518929
1784881174.910974264,11.250000138,6.056621210,-1.092003691,1.200000000,-0.268734717
1784881174.920974255,11.260000138,6.062242458,-1.092211786,1.200000000,-0.263941668
1784881174.930974245,11.270000138,6.067868827,-1.092395296,1.200000000,-0.259140241
1784881174.940974236,11.280000138,6.073500369,-1.092554214,1.200000000,-0.254330897
1784881174.950974226,11.290000138,6.079137131,-1.092688535,1.200000000,-0.249514095
1784881174.960974216,11.300000138,6.084779162,-1.092798253,1.200000000,-0.244690294
1784881174.970974207,11.310000138,6.090426510,-1.092883366,1.200000000,-0.239859956
1784881174.980974197,11.320000138,6.096079219,-1.092943873,1.200000000,-0.235023538
1784881174.990974188,11.330000138,6.101737336,-1.092979774,1.200000000,-0.230181502
1784881175.000974178,11.340000138,6.107400905,-1.092991072,1.200000000,-0.225334307
1784881175.010974169,11.350000138,6.113069968,-1.092977769,1.200000000,-0.220482413
1784881175.020974159,11.360000138,6.118744567,-1.092939870,1.200000000,-0.215626279
1784881175.030974150,11.370000138,6.124424745,-1.092877383,1.200000000,-0.210766366
1784881175.040974140,11.380000138,6.130110539,-1.092790315,1.200000000,-0.205903132
1784881175.050974131,11.390000138,6.135801990,-1.092678675,1.200000000,-0.201037039
1784881175.060974121,11.400000138,6.141499133,-1.092542476,1.200000000,-0.196168545
1784881175.070974112,11.410000138,6.147202007,-1.092381730,1.200000000,-0.191298110
1784881175.080974102,11.420000138,6.152910645,-1.092196451,1.200000000,-0.186426195
1784881175.090974092,11.430000138,6.158625081,-1.091986656,1.200000000,-0.181553258
1784881175.100974083,11.440000138,6.164345348,-1.091752363,1.200000000,-0.176679761
1784881175.110974073,11.450000138,6.170071478,-1.091493590,1.200000000,-0.171806162
1784881175.120974064,11.460000138,6.175803499,-1.091210359,1.200000000,-0.166932921
1784881175.130974054,11.470000138,6.181541441,-1.090902692,1.200000000,-0.162060498
1784881175.140974045,11.480000138,6.187285331,-1.090570613,1.200000000,-0.157189353
1784881175.150974274,11.490000138,6.193035195,-1.090214149,1.200000000,-0.152319946
1784881175.160974264,11.500000138,6.198791057,-1.089833327,1.200000000,-0.147452736
1784881175.170974255,11.510000138,6.204552941,-1.089428176,1.200000000,-0.142588183
1784881175.180974245,11.520000138,6.210320868,-1.088998727,1.200000000,-0.137726747
1784881175.190974236,11.530000138,6.216094858,-1.088545013,1.200000000,-0.132868888
1784881175.200974226,11.540000138,6.221874930,-1.088067067,1.200000000,-0.128015066
1784881175.210974216,11.550000138,6.227661101,-1.087564926,1.200000000,-0.123165739
1784881175.220974207,11.560000138,6.233453388,-1.087038626,1.200000000,-0.118321369
1784881175.230974197,11.570000138,6.239251804,-1.086488208,1.200000000,-0.113482415
1784881175.240974188,11.580000138,6.245056361,-1.085913712,1.200000000,-0.108649336
1784881175.250974178,11.590000138,6.250867073,-1.085315181,1.200000000,-0.103822592
1784881175.260974169,11.600000138,6.256683947,-1.084692659,1.200000000,-0.099002644
1784881175.270974159,11.610000138,6.262506992,-1.084046191,1.200000000,-0.094189951
1784881175.280974150,11.620000138,6.268336214,-1.083375826,1.200000000,-0.089384972
1784881175.290974140,11.630000138,6.274171619,-1.082681613,1.200000000,-0.084588168
1784881175.300974131,11.640000138,6.280013209,-1.081963602,1.200000000,-0.079799998
1784881175.310974121,11.650000138,6.285860986,-1.081221847,1.200000000,-0.075020922
1784881175.320974112,11.660000138,6.291714950,-1.080456402,1.200000000,-0.070251400
1784881175.330974102,11.670000138,6.297575099,-1.079667322,1.200000000,-0.065491891
1784881175.340974092,11.680000138,6.303441429,-1.078854667,1.200000000,-0.060742856
1784881175.350974083,11.690000138,6.309313937,-1.078018494,1.200000000,-0.056004754
1784881175.360974073,11.700000138,6.315192614,-1.077158866,1.200000000,-0.051278045
1784881175.370974064,11.710000138,6.321077453,-1.076275844,1.200000000,-0.046563188
1784881175.380974054,11.720000138,6.326968442,-1.075369494,1.200000000,-0.041860644
1784881175.390974045,11.730000138,6.332865571,-1.074439882,1.200000000,-0.037170873
1784881175.400974274,11.740000138,6.338768826,-1.073487076,1.200000000,-0.032494333
1784881175.410974264,11.750000138,6.344678191,-1.072511144,1.200000000,-0.027831485
1784881175.420974255,11.760000138,6.350593648,-1.071512159,1.200000000,-0.023182788
1784881175.430974245,11.770000138,6.356515180,-1.070490193,1.200000000,-0.018548703
1784881175.440974236,11.780000138,6.362442765,-1.069445321,1.200000000,-0.013929689
1784881175.450974226,11.790000138,6.368376381,-1.068377619,1.200000000,-0.009326206
1784881175.460974216,11.800000138,6.374316004,-1.067287164,1.200000000,-0.004738714
1784881175.470974207,11.810000138,6.380261608,-1.066174037,1.200000000,-0.000167672
1784881175.480974197,11.820000138,6.386213165,-1.065038318,1.200000000,0.004386460
1784881175.490974188,11.830000138,6.392170645,-1.063880091,1.200000000,0.008923229
1784881175.500974178,11.840000138,6.398134018,-1.062699439,1.200000000,0.013442378
1784881175.510974169,11.850000138,6.404103250,-1.061496450,1.200000000,0.017943861
1784881175.520974159,11.860000138,6.410078306,-1.060271209,1.200000000,0.022427643
1784881175.530974150,11.870000138,6.416059149,-1.059023807,1.200000000,0.026893690
1784881175.540974140,11.880000138,6.422045742,-1.057754335,1.200000000,0.031341968
1784881175.550974131,11.890000138,6.428038044,-1.056462885,1.200000000,0.035772441
1784881175.560974121,11.900000138,6.434036013,-1.055149551,1.200000000,0.040185075
1784881175.570974112,11.910000138,6.440039604,-1.053814429,1.200000000,0.044579835
1784881175.580974102,11.920000138,6.446048774,-1.052457616,1.200000000,0.048956687
1784881175.590974092,11.930000138,6.452063473,-1.051079211,1.200000000,0.053315596
1784881175.600974083,11.940000138,6.458083654,-1.049679313,1.200000000,0.057656528
1784881175.610974073,11.950000138,6.464109266,-1.048258026,1.200000000,0.061979447
1784881175.620974064,11.960000138,6.470140255,-1.046815451,1.200000000,0.066284318
1784881175.630974054,11.970000138,6.476176567,-1.045351695,1.200000000,0.070571109
1784881175.640974045,11.980000138,6.482218147,-1.043866864,1.200000000,0.074839783
1784881175.650974274,11.990000138,6.488264937,-1.042361065,1.200000000,0.079090305
1784881175.660974264,12.000000138,6.494316876,-1.040834407,1.200000000,0.083322643
1784881175.670974255,12.010000138,6.500373905,-1.039287002,1.200000000,0.087536760
1784881175.680974245,12.020000138,6.506435959,-1.037718962,1.200000000,0.091732622
1784881175.690974236,12.030000138,6.512502974,-1.036130400,1.200000000,0.095910194
1784881175.700974226,12.040000138,6.518574884,-1.034521432,1.200000000,0.100069442
1784881175.710974216,12.050000138,6.524651622,-1.032892174,1.200000000,0.104210332
1784881175.720974207,12.060000138,6.530733116,-1.031242744,1.200000000,0.108332827
1784881175.730974197,12.070000138,6.536819296,-1.029573261,1.200000000,0.112436894
1784881175.740974188,12.080000138,6.542910089,-1.027883846,1.200000000,0.116522499
1784881175.750974178,12.090000138,6.549005421,-1.026174621,1.200000000,0.120589606
1784881175.760974169,12.100000138,6.555105214,-1.024445710,1.200000000,0.124638181
1784881175.770974159,12.110000138,6.561209392,-1.022697236,1.200000000,0.128668188
1784881175.780974150,12.120000138,6.567317876,-1.020929326,1.200000000,0.132679595
1784881175.790974140,12.130000138,6.573430583,-1.019142108,1.200000000,0.136672365
1784881175.800974131,12.140000138,6.579547432,-1.017335709,1.200000000,0.140646464
1784881175.810974121,12.150000138,6.585668339,-1.015510260,1.200000000,0.144601858
1784881175.820974112,12.160000138,6.591793217,-1.013665891,1.200000000,0.148538511
1784881175.830974102,12.170000138,6.597921981,-1.011802734,1.200000000,0.152456390
1784881175.840974092,12.180000138,6.604054542,-1.009920924,1.200000000,0.156355459
1784881175.850974083,12.190000138,6.610190809,-1.008020594,1.200000000,0.160235684
1784881175.860974073,12.200000138,6.616330691,-1.006101881,1.200000000,0.164097031
1784881175.870974064,12.210000138,6.622474096,-1.004164921,1.200000000,0.167939463
1784881175.880974054,12.220000138,6.628620929,-1.002209853,1.200000000,0.171762948
1784881175.890974045,12.230000138,6.634771094,-1.000236814,1.200000000,0.175567450
1784881175.900974274,12.240000138,6.640924495,-0.998245947,1.200000000,0.179352935
1784881175.910974264,12.250000138,6.647081033,-0.996237391,1.200000000,0.183119367
1784881175.920974255,12.260000138,6.653240608,-0.994211290,1.200000000,0.186866713
1784881175.930974245,12.270000138,6.659403119,-0.992167786,1.200000000,0.190594937
1784881175.940974236,12.280000138,6.665568465,-0.990107024,1.200000000,0.194304006
1784881175.950974226,12.290000138,6.671736541,-0.988029150,1.200000000,0.197993883
1784881175.960974216,12.300000138,6.677907243,-0.985934309,1.200000000,0.201664535
1784881175.970974207,12.310000138,6.684080465,-0.983822649,1.200000000,0.205315927
1784881175.980974197,12.320000138,6.690256099,-0.981694318,1.200000000,0.208948025
1784881175.990974188,12.330000138,6.696434037,-0.979549466,1.200000000,0.212560793
1784881176.000974178,12.340000138,6.702614170,-0.977388241,1.200000000,0.216154197
1784881176.010974169,12.350000138,6.708796386,-0.975210796,1.200000000,0.219728202
1784881176.020974159,12.360000138,6.714980575,-0.973017281,1.200000000,0.223282775
1784881176.030974150,12.370000138,6.721166623,-0.970807850,1.200000000,0.226817879
1784881176.040974140,12.380000138,6.727354416,-0.968582655,1.200000000,0.230333480
1784881176.050974131,12.390000138,6.733543840,-0.966341851,1.200000000,0.233829544
1784881176.060974121,12.400000138,6.739734778,-0.964085593,1.200000000,0.237306037
1784881176.070974112,12.410000138,6.745927113,-0.961814035,1.200000000,0.240762922
1784881176.080974102,12.420000138,6.752120728,-0.959527335,1.200000000,0.244200167
1784881176.090974092,12.430000138,6.758315504,-0.957225649,1.200000000,0.247617735
1784881176.100974083,12.440000138,6.764511321,-0.954909135,1.200000000,0.251015593
1784881176.110974073,12.450000138,6.770708058,-0.952577952,1.200000000,0.254393706
1784881176.120974064,12.460000138,6.776905595,-0.950232258,1.200000000,0.257752038
1784881176.130974054,12.470000138,6.783103808,-0.947872212,1.200000000,0.261090556
1784881176.140974045,12.480000138,6.789302575,-0.945497975,1.200000000,0.264409225
1784881176.150974274,12.490000138,6.795501771,-0.943109708,1.200000000,0.267708011
1784881176.160974264,12.500000138,6.801701273,-0.940707571,1.200000000,0.270986877
1784881176.170974255,12.510000138,6.807900955,-0.938291727,1.200000000,0.274245790
1784881176.180974245,12.520000138,6.814100691,-0.935862337,1.200000000,0.277484716
1784881176.190974236,12.530000138,6.820300354,-0.933419564,1.200000000,0.280703619
1784881176.200974226,12.540000138,6.826499817,-0.930963571,1.200000000,0.283902465
1784881176.210974216,12.550000138,6.832698952,-0.928494522,1.200000000,0.287081219
1784881176.220974207,12.560000138,6.838897631,-0.926012580,1.200000000,0.290239846
1784881176.230974197,12.570000138,6.845095724,-0.923517910,1.200000000,0.293378313
1784881176.240974188,12.580000138,6.851293102,-0.921010676,1.200000000,0.296496584
1784881176.250974178,12.590000138,6.857489636,-0.918491043,1.200000000,0.299594624
1784881176.260974169,12.600000138,6.863685194,-0.915959177,1.200000000,0.302672399
1784881176.270974159,12.610000138,6.869879646,-0.913415243,1.200000000,0.305729874
1784881176.280974150,12.620000138,6.876072860,-0.910859406,1.200000000,0.308767015
1784881176.290974140,12.630000138,6.882264704,-0.908291833,1.200000000,0.311783787
1784881176.300974131,12.640000138,6.888455047,-0.905712689,1.200000000,0.314780155
1784881176.310974121,12.650000138,6.894643756,-0.903122141,1.200000000,0.317756085
1784881176.320974112,12.660000138,6.900830699,-0.900520356,1.200000000,0.320711541
1784881176.330974102,12.670000138,6.907015742,-0.897907500,1.200000000,0.323646490
1784881176.340974092,12.680000138,6.913198752,-0.895283739,1.200000000,0.326560897
1784881176.350974083,12.690000138,6.919379596,-0.892649241,1.200000000,0.329454726
1784881176.360974073,12.700000138,6.925558141,-0.890004173,1.200000000,0.332327944
1784881176.370974064,12.710000138,6.931734252,-0.887348701,1.200000000,0.335180516
1784881176.380974054,12.720000138,6.937907797,-0.884682992,1.200000000,0.338012406
1784881176.390974045,12.730000138,6.944078640,-0.882007213,1.200000000,0.340823581
1784881176.400974274,12.740000138,6.950246648,-0.879321532,1.200000000,0.343614005
1784881176.410974264,12.750000138,6.956411687,-0.876626114,1.200000000,0.346383645
1784881176.420974255,12.760000138,6.962573624,-0.873921127,1.200000000,0.349132465
1784881176.430974245,12.770000138,6.968732323,-0.871206737,1.200000000,0.351860430
1784881176.440974236,12.780000138,6.974887651,-0.868483111,1.200000000,0.354567507
1784881176.450974226,12.790000138,6.981039475,-0.865750415,1.200000000,0.357253660
1784881176.460974216,12.800000138,6.987187660,-0.863008816,1.200000000,0.359918855
1784881176.470974207,12.810000138,6.993332074,-0.860258479,1.200000000,0.362563057
1784881176.480974197,12.820000138,6.999472582,-0.857499569,1.200000000,0.365186231
1784881176.490974188,12.830000138,7.005609051,-0.854732254,1.200000000,0.367788343
1784881176.500974178,12.840000138,7.011741349,-0.851956697,1.200000000,0.370369359
1784881176.510974169,12.850000138,7.017869342,-0.849173064,1.200000000,0.372929242
1784881176.520974159,12.860000138,7.023992899,-0.846381520,1.200000000,0.375467960
1784881176.530974150,12.870000138,7.030111888,-0.843582228,1.200000000,0.377985476
1784881176.540974140,12.880000138,7.036226175,-0.840775353,1.200000000,0.380481757
1784881176.550974131,12.890000138,7.042335631,-0.837961059,1.200000000,0.382956768
1784881176.560974121,12.900000138,7.048440124,-0.835139509,1.200000000,0.385410474
1784881176.570974112,12.910000138,7.054539523,-0.832310865,1.200000000,0.387842841
1784881176.580974102,12.920000138,7.060633699,-0.829475289,1.200000000,0.390253833
1784881176.590974092,12.930000138,7.066722521,-0.826632945,1.200000000,0.392643416
1784881176.600974083,12.940000138,7.072805861,-0.823783992,1.200000000,0.395011557
1784881176.610974073,12.950000138,7.078883590,-0.820928592,1.200000000,0.397358219
1784881176.620974064,12.960000138,7.084955580,-0.818066906,1.200000000,0.399683368
1784881176.630974054,12.970000138,7.091021704,-0.815199093,1.200000000,0.401986969
1784881176.640974045,12.980000138,7.097081834,-0.812325312,1.200000000,0.404268989
1784881176.650974274,12.990000138,7.103135844,-0.809445722,1.200000000,0.406529392
1784881176.660974264,13.000000138,7.109183610,-0.806560481,1.200000000,0.408768143
1784881176.670974255,13.010000138,7.115225005,-0.803669747,1.200000000,0.410985209
1784881176.680974245,13.020000138,7.121259907,-0.800773675,1.200000000,0.413180553
1784881176.690974236,13.030000138,7.127288191,-0.797872423,1.200000000,0.415354143
1784881176.700974226,13.040000138,7.133309735,-0.794966146,1.200000000,0.417505942
1784881176.710974216,13.050000138,7.139324417,-0.792054998,1.200000000,0.419635916
1784881176.720974207,13.060000138,7.145332116,-0.789139133,1.200000000,0.421744031
1784881176.730974197,13.070000138,7.151332712,-0.786218705,1.200000000,0.423830252
1784881176.740974188,13.080000138,7.157326085,-0.783293865,1.200000000,0.425894545
1784881176.750974178,13.090000138,7.163312118,-0.780364766,1.200000000,0.427936874
1784881176.760974169,13.100000138,7.169290693,-0.777431558,1.200000000,0.429957205
1784881176.770974159,13.110000138,7.175261692,-0.774494391,1.200000000,0.431955504
1784881176.780974150,13.120000138,7.181225001,-0.771553415,1.200000000,0.433931735
1784881176.790974140,13.130000138,7.187180505,-0.768608777,1.200000000,0.435885864
1784881176.800974131,13.140000138,7.193128090,-0.765660625,1.200000000,0.437817856
1784881176.810974121,13.150000138,7.199067643,-0.762709106,1.200000000,0.439727678
1784881176.820974112,13.160000138,7.204999054,-0.759754365,1.200000000,0.441615293
1784881176.830974102,13.170000138,7.210922210,-0.756796547,1.200000000,0.443480668
1784881176.840974092,13.180000138,7.216837004,-0.753835795,1.200000000,0.445323767
1784881176.850974083,13.190000138,7.222743327,-0.750872252,1.200000000,0.447144557
1784881176.860974073,13.200000138,7.228641071,-0.747906060,1.200000000,0.448943002
1784881176.870974064,13.210000138,7.234530130,-0.744937360,1.200000000,0.450719067
1784881176.880974054,13.220000138,7.240410400,-0.741966292,1.200000000,0.452472719
1784881176.890974045,13.230000138,7.246281777,-0.738992994,1.200000000,0.454203923
1784881176.900974274,13.240000138,7.252144158,-0.736017603,1.200000000,0.455912643
1784881176.910974264,13.250000138,7.257997442,-0.733040257,1.200000000,0.457598845
1784881176.920974255,13.260000138,7.263841528,-0.730061091,1.200000000,0.459262495
1784881176.930974245,13.270000138,7.269676319,-0.727080239,1.200000000,0.460903557
1784881176.940974236,13.280000138,7.275501717,-0.724097835,1.200000000,0.462521998
1784881176.950974226,13.290000138,7.281317624,-0.721114012,1.200000000,0.464117782
1784881176.960974216,13.300000138,7.287123947,-0.718128899,1.200000000,0.465690875
1784881176.970974207,13.310000138,7.292920592,-0.715142627,1.200000000,0.467241242
1784881176.980974197,13.320000138,7.298707466,-0.712155326,1.200000000,0.468768849
1784881176.990974188,13.330000138,7.304484478,-0.709167121,1.200000000,0.470273661
1784881177.000974178,13.340000138,7.310251539,-0.706178141,1.200000000,0.471755643
1784881177.010974169,13.350000138,7.316008561,-0.703188511,1.200000000,0.473214760
1784881177.020974159,13.360000138,7.321755456,-0.700198353,1.200000000,0.474650979
1784881177.030974150,13.370000138,7.327492139,-0.697207792,1.200000000,0.476064263
1784881177.040974140,13.380000138,7.333218526,-0.694216949,1.200000000,0.477454579
1784881177.050974131,13.390000138,7.338934535,-0.691225945,1.200000000,0.478821892
1784881177.060974121,13.400000138,7.344640084,-0.688234898,1.200000000,0.480166168
1784881177.070974112,13.410000138,7.350335093,-0.685243926,1.200000000,0.481487371
1784881177.080974102,13.420000138,7.356019484,-0.682253147,1.200000000,0.482785467
1784881177.090974092,13.430000138,7.361693180,-0.679262675,1.200000000,0.484060421
1784881177.100974083,13.440000138,7.367356106,-0.676272626,1.200000000,0.485312199
1784881177.110974073,13.450000138,7.373008188,-0.673283110,1.200000000,0.486540766
1784881177.120974064,13.460000138,7.378649352,-0.670294242,1.200000000,0.487746087
1784881177.130974054,13.470000138,7.384279529,-0.667306129,1.200000000,0.488928128
1784881177.140974045,13.480000138,7.389898649,-0.664318882,1.200000000,0.490086854
1784881177.150974274,13.490000138,7.395506644,-0.661332609,1.200000000,0.491222230
1784881177.160974264,13.500000138,7.401103446,-0.658347414,1.200000000,0.492334222
1784881177.170974255,13.510000138,7.406688992,-0.655363405,1.200000000,0.493422795
1784881177.180974245,13.520000138,7.412263218,-0.652380683,1.200000000,0.494487914
1784881177.190974236,13.530000138,7.417826061,-0.649399352,1.200000000,0.495529545
1784881177.200974226,13.540000138,7.423377461,-0.646419513,1.200000000,0.496547654
1784881177.210974216,13.550000138,7.428917360,-0.643441266,1.200000000,0.497542204
1784881177.220974207,13.560000138,7.434445699,-0.640464708,1.200000000,0.498513162
1784881177.230974197,13.570000138,7.439962423,-0.637489937,1.200000000,0.499460494
1784881177.240974188,13.580000138,7.445467478,-0.634517048,1.200000000,0.500384164
1784881177.250974178,13.590000138,7.450960810,-0.631546137,1.200000000,0.501284137
1784881177.260974169,13.600000138,7.456442368,-0.628577295,1.200000000,0.502160380
1784881177.270974159,13.610000138,7.461912102,-0.625610615,1.200000000,0.503012857
1784881177.280974150,13.620000138,7.467369963,-0.622646187,1.200000000,0.503841534
1784881177.290974140,13.630000138,7.472815906,-0.619684100,1.200000000,0.504646376
1784881177.300974131,13.640000138,7.478249883,-0.616724441,1.200000000,0.505427349
1784881177.310974121,13.650000138,7.483671853,-0.613767297,1.200000000,0.506184417
1784881177.320974112,13.660000138,7.489081771,-0.610812753,1.200000000,0.506917547
1784881177.330974102,13.670000138,7.494479597,-0.607860892,1.200000000,0.507626703
1784881177.340974092,13.680000138,7.499865292,-0.604911797,1.200000000,0.508311851
1784881177.350974083,13.690000138,7.505238817,-0.601965548,1.200000000,0.508972956
1784881177.360974073,13.700000138,7.510600136,-0.599022226,1.200000000,0.509609984
1784881177.370974064,13.710000138,7.515949213,-0.596081908,1.200000000,0.510222899
1784881177.380974054,13.720000138,7.521286016,-0.593144671,1.200000000,0.510811668
1784881177.390974045,13.730000138,7.526610510,-0.590210592,1.200000000,0.511376256
1784881177.400974274,13.740000138,7.531922667,-0.587279744,1.200000000,0.511916627
1784881177.410974264,13.750000138,7.537222456,-0.584352201,1.200000000,0.512432748
1784881177.420974255,13.760000138,7.542509848,-0.581428034,1.200000000,0.512924583
1784881177.430974245,13.770000138,7.547784818,-0.578507314,1.200000000,0.513392098
1784881177.440974236,13.780000138,7.553047339,-0.575590110,1.200000000,0.513835258
1784881177.450974226,13.790000138,7.558297387,-0.572676490,1.200000000,0.514254029
1784881177.460974216,13.800000138,7.563534940,-0.569766520,1.200000000,0.514648376
1784881177.470974207,13.810000138,7.568759976,-0.566860267,1.200000000,0.515018264
1784881177.480974197,13.820000138,7.573972475,-0.563957794,1.200000000,0.515363659
1784881177.490974188,13.830000138,7.579172417,-0.561059164,1.200000000,0.515684526
1784881177.500974178,13.840000138,7.584359785,-0.558164439,1.200000000,0.515980830
1784881177.510974169,13.850000138,7.589534563,-0.555273680,1.200000000,0.516252537
1784881177.520974159,13.860000138,7.594696734,-0.552386946,1.200000000,0.516499612
1784881177.530974150,13.870000138,7.599846284,-0.549504295,1.200000000,0.516722020
1784881177.540974140,13.880000138,7.604983201,-0.546625784,1.200000000,0.516919727
1784881177.550974131,13.890000138,7.610107472,-0.543751470,1.200000000,0.517092698
1784881177.560974121,13.900000138,7.615219086,-0.540881406,1.200000000,0.517240899
1784881177.570974112,13.910000138,7.620318034,-0.538015647,1.200000000,0.517364294
1784881177.580974102,13.920000138,7.625404306,-0.535154246,1.200000000,0.517462849
1784881177.590974092,13.930000138,7.630477894,-0.532297253,1.200000000,0.517536529
1784881177.600974083,13.940000138,7.635538792,-0.529444719,1.200000000,0.517585301
1784881177.610974073,13.950000138,7.640586993,-0.526596694,1.200000000,0.517609128
1784881177.620974064,13.960000138,7.645622493,-0.523753225,1.200000000,0.517607977
1784881177.630974054,13.970000138,7.650645287,-0.520914361,1.200000000,0.517581813
1784881177.640974045,13.980000138,7.655655371,-0.518080148,1.200000000,0.517530601
1784881177.650974274,13.990000138,7.660652743,-0.515250631,1.200000000,0.517454306
1784881177.660974264,14.000000138,7.665637402,-0.512425855,1.200000000,0.517352894
1784881177.670974255,14.010000138,7.670609345,-0.509605863,1.200000000,0.517226330
1784881177.680974245,14.020000138,7.675568572,-0.506790698,1.200000000,0.517074580
1784881177.690974236,14.030000138,7.680515084,-0.503980402,1.200000000,0.516897608
1784881177.700974226,14.040000138,7.685448881,-0.501175016,1.200000000,0.516695381
1784881177.710974216,14.050000138,7.690369964,-0.498374580,1.200000000,0.516467863
1784881177.720974207,14.060000138,7.695278335,-0.495579134,1.200000000,0.516215020
1784881177.730974197,14.070000138,7.700173997,-0.492788716,1.200000000,0.515936818
1784881177.740974188,14.080000138,7.705056952,-0.490003364,1.200000000,0.515633220
1784881177.750974178,14.090000138,7.709927202,-0.487223115,1.200000000,0.515304194
1784881177.760974169,14.100000138,7.714784753,-0.484448007,1.200000000,0.514949704
1784881177.770974159,14.110000138,7.719629606,-0.481678074,1.200000000,0.514569716
1784881177.780974150,14.120000138,7.724461766,-0.478913352,1.200000000,0.514164194
1784881177.790974140,14.130000138,7.729281237,-0.476153876,1.200000000,0.513733105
1784881177.800974131,14.140000138,7.734088023,-0.473399680,1.200000000,0.513276413
1784881177.810974121,14.150000138,7.738882129,-0.470650798,1.200000000,0.512794084
1784881177.820974112,14.160000138,7.743663558,-0.467907263,1.200000000,0.512286084
1784881177.830974102,14.170000138,7.748432314,-0.465169108,1.200000000,0.511752377
1784881177.840974092,14.180000138,7.753188403,-0.462436364,1.200000000,0.511192929
1784881177.850974083,14.190000138,7.757931827,-0.459709064,1.200000000,0.510607705
1784881177.860974073,14.200000138,7.762662591,-0.456987240,1.200000000,0.509996671
1784881177.870974064,14.210000138,7.767380699,-0.454270923,1.200000000,0.509359792
1784881177.880974054,14.220000138,7.772086152,-0.451560144,1.200000000,0.508697034
1784881177.890974045,14.230000138,7.776778954,-0.448854933,1.200000000,0.508008361
1784881177.900974274,14.240000138,7.781459107,-0.446155322,1.200000000,0.507293739
1784881177.910974264,14.250000138,7.786126613,-0.443461340,1.200000000,0.506553133
1784881177.920974255,14.260000138,7.790781474,-0.440773019,1.200000000,0.505786510
1784881177.930974245,14.270000138,7.795423689,-0.438090389,1.200000000,0.504993833
1784881177.940974236,14.280000138,7.800053258,-0.435413480,1.200000000,0.504175068
1784881177.950974226,14.290000138,7.804670180,-0.432742322,1.200000000,0.503330182
1784881177.960974216,14.300000138,7.809274454,-0.430076946,1.200000000,0.502459138
1784881177.970974207,14.310000138,7.813866076,-0.427417383,1.200000000,0.501561903
1784881177.980974197,14.320000138,7.818445043,-0.424763663,1.200000000,0.500638442
1784881177.990974188,14.330000138,7.823011350,-0.422115817,1.200000000,0.499688719
1784881178.000974178,14.340000138,7.827564990,-0.419473876,1.200000000,0.498712701
1784881178.010974169,14.350000138,7.832105957,-0.416837873,1.200000000,0.497710353
1784881178.020974159,14.360000138,7.836634241,-0.414207838,1.200000000,0.496681640
1784881178.030974150,14.370000138,7.841149832,-0.411583805,1.200000000,0.495626528
1784881178.040974140,14.380000138,7.845652719,-0.408965806,1.200000000,0.494544981
1784881178.050974131,14.390000138,7.850142888,-0.406353875,1.200000000,0.493436966
1784881178.060974121,14.400000138,7.854620325,-0.403748044,1.200000000,0.492302447
1784881178.070974112,14.410000138,7.859085014,-0.401148350,1.200000000,0.491141389
1784881178.080974102,14.420000138,7.863536935,-0.398554827,1.200000000,0.489953759
1784881178.090974092,14.430000138,7.867976068,-0.395967511,1.200000000,0.488739522
1784881178.100974083,14.440000138,7.872402392,-0.393386439,1.200000000,0.487498642
1784881178.110974073,14.450000138,7.876815881,-0.390811648,1.200000000,0.486231086
1784881178.120974064,14.460000138,7.881216509,-0.388243177,1.200000000,0.484936818
1784881178.130974054,14.470000138,7.885604247,-0.385681066,1.200000000,0.483615804
1784881178.140974045,14.480000138,7.889979063,-0.383125356,1.200000000,0.482268009
1784881178.150974274,14.490000138,7.894340925,-0.380576087,1.200000000,0.480893399
1784881178.160974264,14.500000138,7.898689796,-0.378033303,1.200000000,0.479491939
1784881178.170974255,14.510000138,7.903025635,-0.375497048,1.200000000,0.478063594
1784881178.180974245,14.520000138,7.907348403,-0.372967366,1.200000000,0.476608330
1784881178.190974236,14.530000138,7.911658054,-0.370444306,1.200000000,0.475126111
1784881178.200974226,14.540000138,7.915954540,-0.367927915,1.200000000,0.473616904
1784881178.210974216,14.550000138,7.920237810,-0.365418242,1.200000000,0.472080674
1784881178.220974207,14.560000138,7.924507811,-0.362915340,1.200000000,0.470517385
1784881178.230974197,14.570000138,7.928764486,-0.360419260,1.200000000,0.468927004
1784881178.240974188,14.580000138,7.933007773,-0.357930057,1.200000000,0.467309495
1784881178.250974178,14.590000138,7.937237608,-0.355447788,1.200000000,0.465664825
1784881178.260974169,14.600000138,7.941453923,-0.352972510,1.200000000,0.463992958
1784881178.270974159,14.610000138,7.945656648,-0.350504285,1.200000000,0.462293859
1784881178.280974150,14.620000138,7.949845706,-0.348043173,1.200000000,0.460567495
1784881178.290974140,14.630000138,7.954021017,-0.345589240,1.200000000,0.458813829
1784881178.300974131,14.640000138,7.958182499,-0.343142550,1.200000000,0.457032829
1784881178.310974121,14.650000138,7.962330063,-0.340703174,1.200000000,0.455224459
1784881178.320974112,14.660000138,7.966463617,-0.338271181,1.200000000,0.453388684
1784881178.330974102,14.670000138,7.970583064,-0.335846645,1.200000000,0.451525469
1784881178.340974092,14.680000138,7.974688303,-0.333429642,1.200000000,0.449634781
1784881178.350974083,14.690000138,7.978779229,-0.331020249,1.200000000,0.447716585
1784881178.360974073,14.700000138,7.982855729,-0.328618549,1.200000000,0.445770845
1784881178.370974064,14.710000138,7.986917689,-0.326224623,1.200000000,0.443797527
1784881178.380974054,14.720000138,7.990964988,-0.323838559,1.200000000,0.441796596
1784881178.390974045,14.730000138,7.994997498,-0.321460446,1.200000000,0.439768019
1784881178.400974274,14.740000138,7.999015089,-0.319090375,1.200000000,0.437711759
1784881178.410974264,14.750000138,8.003017623,-0.316728444,1.200000000,0.435627783
1784881178.420974255,14.760000138,8.007004957,-0.314374748,1.200000000,0.433516056
1784881178.430974245,14.770000138,8.010976943,-0.312029392,1.200000000,0.431376543
1784881178.440974236,14.780000138,8.014933426,-0.309692478,1.200000000,0.429209209
1784881178.450974226,14.790000138,8.018874246,-0.307364117,1.200000000,0.427014021
1784881178.460974216,14.800000138,8.022799235,-0.305044419,1.200000000,0.424790942
1784881178.470974207,14.810000138,8.026708221,-0.302733500,1.200000000,0.422539939
1784881178.480974197,14.820000138,8.030601022,-0.300431480,1.200000000,0.420260977
1784881178.490974188,14.830000138,8.034477454,-0.298138481,1.200000000,0.417954021
1784881178.500974178,14.840000138,8.038337322,-0.295854631,1.200000000,0.415619037
1784881178.510974169,14.850000138,8.042180427,-0.293580061,1.200000000,0.413255989
1784881178.520974159,14.860000138,8.046006560,-0.291314904,1.200000000,0.410864844
1784881178.530974150,14.870000138,8.049815507,-0.289059302,1.200000000,0.408445567
1784881178.540974140,14.880000138,8.053607046,-0.286813397,1.200000000,0.405998122
1784881178.550974131,14.890000138,8.057380947,-0.284577337,1.200000000,0.403522476
1784881178.560974121,14.900000138,8.061136971,-0.282351274,1.200000000,0.401018593
1784881178.570974112,14.910000138,8.064874875,-0.280135367,1.200000000,0.398486439
1784881178.580974102,14.920000138,8.068594403,-0.277929776,1.200000000,0.395925948
1784881178.590974092,14.930000138,8.072295294,-0.275734668,1.200000000,0.393336986
1784881178.600974083,14.940000138,8.075977278,-0.273550215,1.200000000,0.390719405
1784881178.610974073,14.950000138,8.079640075,-0.271376594,1.200000000,0.388073061
1784881178.620974064,14.960000138,8.083283398,-0.269213985,1.200000000,0.385397806
1784881178.630974054,14.970000138,8.086906950,-0.267062577,1.200000000,0.382693496
1784881178.640974045,14.980000138,8.090510425,-0.264922562,1.200000000,0.379959984
1784881178.650974274,14.990000138,8.094093508,-0.262794137,1.200000000,0.377197124
1784881178.660974264,15.000000138,8.097655874,-0.260677507,1.200000000,0.374404771
1784881178.670974255,15.010000138,8.101197189,-0.258572879,1.200000000,0.371582778
1784881178.680974245,15.020000138,8.104717110,-0.256480470,1.200000000,0.368730999
1784881178.690974236,15.030000138,8.108215283,-0.254400499,1.200000000,0.365849290
1784881178.700974226,15.040000138,8.111691345,-0.252333194,1.200000000,0.362937502
1784881178.710974216,15.050000138,8.115144921,-0.250278786,1.200000000,0.359995492
1784881178.720974207,15.060000138,8.118575629,-0.248237515,1.200000000,0.357023112
1784881178.730974197,15.070000138,8.121983074,-0.246209625,1.200000000,0.354020218
1784881178.740974188,15.080000138,8.125366854,-0.244195367,1.200000000,0.350986662
1784881178.750974178,15.090000138,8.128726553,-0.242194998,1.200000000,0.347922299
1784881178.760974169,15.100000138,8.132061747,-0.240208779,1.200000000,0.344826984
1784881178.770974159,15.110000138,8.135372003,-0.238236982,1.200000000,0.341700570
1784881178.780974150,15.120000138,8.138656876,-0.236279880,1.200000000,0.338542911
1784881178.790974140,15.130000138,8.141915910,-0.234337755,1.200000000,0.335353861
1784881178.800974131,15.140000138,8.145148642,-0.232410893,1.200000000,0.332133275
1784881178.810974121,15.150000138,8.148354597,-0.230499589,1.200000000,0.328881007
1784881178.820974112,15.160000138,8.151533291,-0.228604141,1.200000000,0.325596910
1784881178.830974102,15.170000138,8.154684230,-0.226724854,1.200000000,0.322280838
1784881178.840974092,15.180000138,8.157806912,-0.224862037,1.200000000,0.318932647
1784881178.850974083,15.190000138,8.160900824,-0.223016008,1.200000000,0.315552189
1784881178.860974073,15.200000138,8.163965446,-0.221187086,1.200000000,0.312139319
1784881178.870974064,15.210000138,8.167000249,-0.219375598,1.200000000,0.308693891
1784881178.880974054,15.220000138,8.170004696,-0.217581875,1.200000000,0.305215759
1784881178.890974045,15.230000138,8.172978242,-0.215806253,1.200000000,0.301704778
1784881178.900974274,15.240000138,8.175920336,-0.214049071,1.200000000,0.298160800
1784881178.910974264,15.250000138,8.178830418,-0.212310674,1.200000000,0.294583681
1784881178.920974255,15.260000138,8.181707924,-0.210591411,1.200000000,0.290973275
1784881178.930974245,15.270000138,8.184552284,-0.208891631,1.200000000,0.287329434
1784881178.940974236,15.280000138,8.187362921,-0.207211690,1.200000000,0.283652015
1784881178.950974226,15.290000138,8.190139257,-0.205551946,1.200000000,0.279940869
1784881178.960974216,15.300000138,8.192880708,-0.203912756,1.200000000,0.276195853
1784881178.970974207,15.310000138,8.195586688,-0.202294483,1.200000000,0.272416819
1784881178.980974197,15.320000138,8.198256609,-0.200697489,1.200000000,0.268603622
1784881178.990974188,15.330000138,8.200889881,-0.199122137,1.200000000,0.264756116
1784881179.000974178,15.340000138,8.203485915,-0.197568790,1.200000000,0.260874155
1784881179.010974169,15.350000138,8.206044122,-0.196037812,1.200000000,0.256957593
1784881179.020974159,15.360000138,8.208563915,-0.194529564,1.200000000,0.253006284
1784881179.030974150,15.370000138,8.211044711,-0.193044407,1.200000000,0.249020083
1784881179.040974140,15.380000138,8.213485929,-0.191582699,1.200000000,0.244998843
1784881179.050974131,15.390000138,8.215886995,-0.190144794,1.200000000,0.240942418
1784881179.060974121,15.400000138,8.218247341,-0.188731044,1.200000000,0.236850662
1784881179.070974112,15.410000138,8.220566407,-0.187341793,1.200000000,0.232723430
1784881179.080974102,15.420000138,8.222843642,-0.185977384,1.200000000,0.228560576
1784881179.090974092,15.430000138,8.225078506,-0.184638150,1.200000000,0.224361953
1784881179.100974083,15.440000138,8.227270473,-0.183324417,1.200000000,0.220127435
1784881179.110974073,15.450000138,8.229419029,-0.182036504,1.200000000,0.215858010
1784881179.120974064,15.460000138,8.231523676,-0.180774720,1.200000000,0.211556393
1784881179.130974054,15.470000138,8.233583935,-0.179539362,1.200000000,0.207225449
1784881179.140974045,15.480000138,8.235599345,-0.178330718,1.200000000,0.202868041
1784881179.150974274,15.490000138,8.237569466,-0.177149061,1.200000000,0.198487033
1784881179.160974264,15.500000138,8.239493883,-0.175994650,1.200000000,0.194085290
1784881179.170974255,15.510000138,8.241372203,-0.174867732,1.200000000,0.189665674
1784881179.180974245,15.520000138,8.243204064,-0.173768533,1.200000000,0.185231050
1784881179.190974236,15.530000138,8.244989131,-0.172697266,1.200000000,0.180784282
1784881179.200974226,15.540000138,8.246727099,-0.171654122,1.200000000,0.176328234
1784881179.210974216,15.550000138,8.248417697,-0.170639273,1.200000000,0.171865769
1784881179.220974207,15.560000138,8.250060691,-0.169652871,1.200000000,0.167399752
1784881179.230974197,15.570000138,8.251655881,-0.168695045,1.200000000,0.162933046
1784881179.240974188,15.580000138,8.253203107,-0.167765898,1.200000000,0.158468514
1784881179.250974178,15.590000138,8.254702251,-0.166865513,1.200000000,0.154009022
1784881179.260974169,15.600000138,8.256153237,-0.165993943,1.200000000,0.149557433
1784881179.270974159,15.610000138,8.257556033,-0.165151217,1.200000000,0.145116611
1784881179.280974150,15.620000138,8.258910652,-0.164337335,1.200000000,0.140689419
1784881179.290974140,15.630000138,8.260217158,-0.163552267,1.200000000,0.136278722
1784881179.300974131,15.640000138,8.261475662,-0.162795955,1.200000000,0.131887384
1784881179.310974121,15.650000138,8.262686326,-0.162068310,1.200000000,0.127518267
1784881179.320974112,15.660000138,8.263849364,-0.161369210,1.200000000,0.123174237
1784881179.330974102,15.670000138,8.264965044,-0.160698502,1.200000000,0.118858157
1784881179.340974092,15.680000138,8.266033689,-0.160056001,1.200000000,0.114572891
1784881179.350974083,15.690000138,8.267055676,-0.159441485,1.200000000,0.110321303
1784881179.360974073,15.700000138,8.268031439,-0.158854702,1.200000000,0.106106256
1784881179.370974064,15.710000138,8.268961468,-0.158295363,1.200000000,0.101930615
1784881179.380974054,15.720000138,8.269846313,-0.157763145,1.200000000,0.097797243
1784881179.390974045,15.730000138,8.270686578,-0.157257690,1.200000000,0.093709005
1784881179.400974274,15.740000138,8.271482928,-0.156778604,1.200000000,0.089668764
1784881179.410974264,15.750000138,8.272236084,-0.156325459,1.200000000,0.085679384
1784881179.420974255,15.760000138,8.272946827,-0.155897793,1.200000000,0.081743729
1784881179.430974245,15.770000138,8.273615993,-0.155495106,1.200000000,0.077864663
1784881179.440974236,15.780000138,8.274244476,-0.155116866,1.200000000,0.074045050
1784881179.450974226,15.790000138,8.274833225,-0.154762508,1.200000000,0.070287753
1784881179.460974216,15.800000138,8.275383243,-0.154431431,1.200000000,0.066595637
1784881179.470974207,15.810000138,8.275895589,-0.154123004,1.200000000,0.062971566
1784881179.480974197,15.820000138,8.276371370,-0.153836563,1.200000000,0.059418402
1784881179.490974188,15.830000138,8.276811746,-0.153571416,1.200000000,0.055939011
1784881179.500974178,15.840000138,8.277217923,-0.153326839,1.200000000,0.052536256
1784881179.510974169,15.850000138,8.277591153,-0.153102083,1.200000000,0.049213000
1784881179.520974159,15.860000138,8.277932730,-0.152896371,1.200000000,0.045972109
1784881179.530974150,15.870000138,8.278243989,-0.152708904,1.200000000,0.042816445
1784881179.540974140,15.880000138,8.278526299,-0.152538859,1.200000000,0.039748872
1784881179.550974131,15.890000138,8.278781063,-0.152385394,1.200000000,0.036772255
1784881179.560974121,15.900000138,8.279009713,-0.152247649,1.200000000,0.033889458
1784881179.570974112,15.910000138,8.279213704,-0.152124750,1.200000000,0.031103343
1784881179.580974102,15.920000138,8.279394513,-0.152015811,1.200000000,0.028416776
1784881179.590974092,15.930000138,8.279553630,-0.151919934,1.200000000,0.025832620
1784881179.600974083,15.940000138,8.279692553,-0.151836219,1.200000000,0.023353738
1784881179.610974073,15.950000138,8.279812788,-0.151763761,1.200000000,0.020982995
1784881179.620974064,15.960000138,8.279915834,-0.151701657,1.200000000,0.018723255
1784881179.630974054,15.970000138,8.280003183,-0.151649010,1.200000000,0.016577381
1784881179.640974045,15.980000138,8.280076312,-0.151604931,1.200000000,0.014548238
1784881179.650974274,15.990000138,8.280136674,-0.151568545,1.200000000,0.012638688
1784881179.660974264,16.000000138,8.280185690,-0.151538996,1.200000000,0.010851597
1784881179.670974255,16.010000138,8.280224743,-0.151515452,1.200000000,0.009189828
1784881179.680974245,16.020000138,8.280255169,-0.151497108,1.200000000,0.007656245
1784881179.690974236,16.030000138,8.280278246,-0.151483194,1.200000000,0.006253712
1784881179.700974226,16.040000138,8.280295185,-0.151472980,1.200000000,0.004985092
1784881179.710974216,16.050000138,8.280307123,-0.151465782,1.200000000,0.003853249
1784881179.720974207,16.060000138,8.280315108,-0.151460966,1.200000000,0.002861049
1784881179.730974197,16.070000138,8.280320093,-0.151457959,1.200000000,0.002011353
1784881179.740974188,16.080000138,8.280322920,-0.151456254,1.200000000,0.001307026
1784881179.750974178,16.090000138,8.280324311,-0.151455416,1.200000000,0.000750933
1784881179.760974169,16.100000138,8.280324853,-0.151455089,1.200000000,0.000345936
1784881179.770974159,16.110000138,8.280324989,-0.151455007,1.200000000,0.000094901
1784881179.780974150,16.120000138,8.280325000,-0.151455000,1.200000000,0.000000690
1784881179.781903028,16.120928931,8.280325000,-0.151455000,1.200000000,0.000000000
