trajectory_index,trajectory_id,trajectory_stamp,point_index,t,x,y,z,yaw
0,2205,1784881123.163115501,0,0.000000148,-0.261959000,-0.006230000,1.200000000,-0.039639000
0,2205,1784881123.163115501,1,0.010000148,-0.261958995,-0.006229999,1.200000000,-0.039642532
0,2205,1784881123.163115501,2,0.020000148,-0.261958918,-0.006229986,1.200000000,-0.039652989
0,2205,1784881123.163115501,3,0.030000148,-0.261958588,-0.006229930,1.200000000,-0.039670158
0,2205,1784881123.163115501,4,0.040000148,-0.261957713,-0.006229781,1.200000000,-0.039693828
0,2205,1784881123.163115501,5,0.050000148,-0.261955896,-0.006229472,1.200000000,-0.039723788
0,2205,1784881123.163115501,6,0.060000148,-0.261952643,-0.006228919,1.200000000,-0.039759826
0,2205,1784881123.163115501,7,0.070000148,-0.261947368,-0.006228022,1.200000000,-0.039801731
0,2205,1784881123.163115501,8,0.080000148,-0.261939400,-0.006226667,1.200000000,-0.039849291
0,2205,1784881123.163115501,9,0.090000148,-0.261927993,-0.006224729,1.200000000,-0.039902296
0,2205,1784881123.163115501,10,0.100000148,-0.261912325,-0.006222067,1.200000000,-0.039960533
0,2205,1784881123.163115501,11,0.110000148,-0.261891511,-0.006218531,1.200000000,-0.040023791
0,2205,1784881123.163115501,12,0.120000148,-0.261864604,-0.006213963,1.200000000,-0.040091859
0,2205,1784881123.163115501,13,0.130000148,-0.261830604,-0.006208191,1.200000000,-0.040164525
0,2205,1784881123.163115501,14,0.140000148,-0.261788458,-0.006201039,1.200000000,-0.040241578
0,2205,1784881123.163115501,15,0.150000148,-0.261737072,-0.006192322,1.200000000,-0.040322807
0,2205,1784881123.163115501,16,0.160000148,-0.261675311,-0.006181847,1.200000000,-0.040408000
0,2205,1784881123.163115501,17,0.170000148,-0.261602005,-0.006169419,1.200000000,-0.040496946
0,2205,1784881123.163115501,18,0.180000148,-0.261515954,-0.006154834,1.200000000,-0.040589433
0,2205,1784881123.163115501,19,0.190000148,-0.261415933,-0.006137887,1.200000000,-0.040685249
0,2205,1784881123.163115501,20,0.200000148,-0.261300695,-0.006118368,1.200000000,-0.040784184
0,2205,1784881123.163115501,21,0.210000148,-0.261168974,-0.006096065,1.200000000,-0.040886026
0,2205,1784881123.163115501,22,0.220000148,-0.261019493,-0.006070763,1.200000000,-0.040990564
0,2205,1784881123.163115501,23,0.230000148,-0.260850964,-0.006042246,1.200000000,-0.041097586
0,2205,1784881123.163115501,24,0.240000148,-0.260662090,-0.006010298,1.200000000,-0.041206880
0,2205,1784881123.163115501,25,0.250000148,-0.260451576,-0.005974702,1.200000000,-0.041318236
0,2205,1784881123.163115501,26,0.260000148,-0.260218122,-0.005935241,1.200000000,-0.041431442
0,2205,1784881123.163115501,27,0.270000148,-0.259960435,-0.005891699,1.200000000,-0.041546286
0,2205,1784881123.163115501,28,0.280000148,-0.259677226,-0.005843863,1.200000000,-0.041662558
0,2205,1784881123.163115501,29,0.290000148,-0.259367216,-0.005791519,1.200000000,-0.041780045
0,2205,1784881123.163115501,30,0.300000148,-0.259029137,-0.005734457,1.200000000,-0.041898536
0,2205,1784881123.163115501,31,0.310000148,-0.258661736,-0.005672470,1.200000000,-0.042017820
0,2205,1784881123.163115501,32,0.320000148,-0.258263775,-0.005605353,1.200000000,-0.042137685
0,2205,1784881123.163115501,33,0.330000148,-0.257834035,-0.005532905,1.200000000,-0.042257921
0,2205,1784881123.163115501,34,0.340000148,-0.257371318,-0.005454929,1.200000000,-0.042378315
0,2205,1784881123.163115501,35,0.350000148,-0.256874448,-0.005371232,1.200000000,-0.042498656
0,2205,1784881123.163115501,36,0.360000148,-0.256342273,-0.005281624,1.200000000,-0.042618732
0,2205,1784881123.163115501,37,0.370000148,-0.255773669,-0.005185922,1.200000000,-0.042738334
0,2205,1784881123.163115501,38,0.380000148,-0.255167537,-0.005083948,1.200000000,-0.042857247
0,2205,1784881123.163115501,39,0.390000148,-0.254522810,-0.004975526,1.200000000,-0.042975263
0,2205,1784881123.163115501,40,0.400000148,-0.253838447,-0.004860490,1.200000000,-0.043092168
0,2205,1784881123.163115501,41,0.410000148,-0.253113443,-0.004738676,1.200000000,-0.043207752
0,2205,1784881123.163115501,42,0.420000148,-0.252346822,-0.004609928,1.200000000,-0.043321804
0,2205,1784881123.163115501,43,0.430000148,-0.251537646,-0.004474095,1.200000000,-0.043434111
0,2205,1784881123.163115501,44,0.440000148,-0.250685006,-0.004331032,1.200000000,-0.043544462
0,2205,1784881123.163115501,45,0.450000148,-0.249788033,-0.004180602,1.200000000,-0.043652646
0,2205,1784881123.163115501,46,0.460000148,-0.248845891,-0.004022671,1.200000000,-0.043758452
0,2205,1784881123.163115501,47,0.470000148,-0.247857782,-0.003857116,1.200000000,-0.043861668
0,2205,1784881123.163115501,48,0.480000148,-0.246822946,-0.003683816,1.200000000,-0.043962083
0,2205,1784881123.163115501,49,0.490000148,-0.245740657,-0.003502660,1.200000000,-0.044059485
0,2205,1784881123.163115501,50,0.500000148,-0.244610230,-0.003313542,1.200000000,-0.044153662
0,2205,1784881123.163115501,51,0.510000148,-0.243431017,-0.003116363,1.200000000,-0.044244405
0,2205,1784881123.163115501,52,0.520000148,-0.242202409,-0.002911032,1.200000000,-0.044331500
0,2205,1784881123.163115501,53,0.530000148,-0.240923833,-0.002697462,1.200000000,-0.044414736
0,2205,1784881123.163115501,54,0.540000148,-0.239594756,-0.002475576,1.200000000,-0.044493903
0,2205,1784881123.163115501,55,0.550000148,-0.238214682,-0.002245301,1.200000000,-0.044568789
0,2205,1784881123.163115501,56,0.560000148,-0.236783156,-0.002006572,1.200000000,-0.044639182
0,2205,1784881123.163115501,57,0.570000148,-0.235299757,-0.001759331,1.200000000,-0.044704871
0,2205,1784881123.163115501,58,0.580000148,-0.233764103,-0.001503525,1.200000000,-0.044765644
0,2205,1784881123.163115501,59,0.590000148,-0.232175851,-0.001239110,1.200000000,-0.044821291
0,2205,1784881123.163115501,60,0.600000148,-0.230534691,-0.000966045,1.200000000,-0.044871599
0,2205,1784881123.163115501,61,0.610000148,-0.228840354,-0.000684298,1.200000000,-0.044916357
0,2205,1784881123.163115501,62,0.620000148,-0.227092603,-0.000393844,1.200000000,-0.044955355
0,2205,1784881123.163115501,63,0.630000148,-0.225291239,-0.000094661,1.200000000,-0.044988379
0,2205,1784881123.163115501,64,0.640000148,-0.223436096,0.000213265,1.200000000,-0.045015220
0,2205,1784881123.163115501,65,0.650000148,-0.221527043,0.000529941,1.200000000,-0.045035665
0,2205,1784881123.163115501,66,0.660000148,-0.219563983,0.000855371,1.200000000,-0.045049503
0,2205,1784881123.163115501,67,0.670000148,-0.217546850,0.001189550,1.200000000,-0.045056523
0,2205,1784881123.163115501,68,0.680000148,-0.215475613,0.001532471,1.200000000,-0.045056513
0,2205,1784881123.163115501,69,0.690000148,-0.213350269,0.001884118,1.200000000,-0.045049262
0,2205,1784881123.163115501,70,0.700000148,-0.211170848,0.002244473,1.200000000,-0.045034559
0,2205,1784881123.163115501,71,0.710000148,-0.208937408,0.002613510,1.200000000,-0.045012192
0,2205,1784881123.163115501,72,0.720000148,-0.206650037,0.002991200,1.200000000,-0.044981949
0,2205,1784881123.163115501,73,0.730000148,-0.204308850,0.003377509,1.200000000,-0.044943619
0,2205,1784881123.163115501,74,0.740000148,-0.201913990,0.003772397,1.200000000,-0.044896992
0,2205,1784881123.163115501,75,0.750000148,-0.199465626,0.004175821,1.200000000,-0.044841854
0,2205,1784881123.163115501,76,0.760000148,-0.196963952,0.004587733,1.200000000,-0.044777996
0,2205,1784881123.163115501,77,0.770000148,-0.194409187,0.005008081,1.200000000,-0.044705205
0,2205,1784881123.163115501,78,0.780000148,-0.191801573,0.005436808,1.200000000,-0.044623270
0,2205,1784881123.163115501,79,0.790000148,-0.189141374,0.005873854,1.200000000,-0.044531980
0,2205,1784881123.163115501,80,0.800000148,-0.186428877,0.006319157,1.200000000,-0.044431123
0,2205,1784881123.163115501,81,0.810000148,-0.183664390,0.006772648,1.200000000,-0.044320488
0,2205,1784881123.163115501,82,0.820000148,-0.180848238,0.007234258,1.200000000,-0.044199865
0,2205,1784881123.163115501,83,0.830000148,-0.177980770,0.007703911,1.200000000,-0.044069147
0,2205,1784881123.163115501,84,0.840000148,-0.175062348,0.008181532,1.200000000,-0.043928432
0,2205,1784881123.163115501,85,0.850000148,-0.172093355,0.008667041,1.200000000,-0.043777840
0,2205,1784881123.163115501,86,0.860000148,-0.169074189,0.009160356,1.200000000,-0.043617492
0,2205,1784881123.163115501,87,0.870000148,-0.166005264,0.009661390,1.200000000,-0.043447508
0,2205,1784881123.163115501,88,0.880000148,-0.162887009,0.010170057,1.200000000,-0.043268008
0,2205,1784881123.163115501,89,0.890000148,-0.159719865,0.010686267,1.200000000,-0.043079113
0,2205,1784881123.163115501,90,0.900000148,-0.156504291,0.011209928,1.200000000,-0.042880942
0,2205,1784881123.163115501,91,0.910000148,-0.153240753,0.011740946,1.200000000,-0.042673617
0,2205,1784881123.163115501,92,0.920000148,-0.149929733,0.012279224,1.200000000,-0.042457257
0,2205,1784881123.163115501,93,0.930000148,-0.146571723,0.012824666,1.200000000,-0.042231983
0,2205,1784881123.163115501,94,0.940000148,-0.143167224,0.013377171,1.200000000,-0.041997915
0,2205,1784881123.163115501,95,0.950000148,-0.139716749,0.013936639,1.200000000,-0.041755173
0,2205,1784881123.163115501,96,0.960000148,-0.136220817,0.014502967,1.200000000,-0.041503878
0,2205,1784881123.163115501,97,0.970000148,-0.132679959,0.015076052,1.200000000,-0.041244151
0,2205,1784881123.163115501,98,0.980000148,-0.129094711,0.015655789,1.200000000,-0.040976110
0,2205,1784881123.163115501,99,0.990000148,-0.125465616,0.016242073,1.200000000,-0.040699877
0,2205,1784881123.163115501,100,1.000000148,-0.121793226,0.016834796,1.200000000,-0.040415573
0,2205,1784881123.163115501,101,1.010000148,-0.118078096,0.017433850,1.200000000,-0.040123316
0,2205,1784881123.163115501,102,1.020000148,-0.114320788,0.018039129,1.200000000,-0.039823228
0,2205,1784881123.163115501,103,1.030000148,-0.110521869,0.018650522,1.200000000,-0.039515429
0,2205,1784881123.163115501,104,1.040000148,-0.106681908,0.019267920,1.200000000,-0.039200039
0,2205,1784881123.163115501,105,1.050000148,-0.102801480,0.019891213,1.200000000,-0.038877179
0,2205,1784881123.163115501,106,1.060000148,-0.098881161,0.020520291,1.200000000,-0.038546969
0,2205,1784881123.163115501,107,1.070000148,-0.094921530,0.021155044,1.200000000,-0.038209529
0,2205,1784881123.163115501,108,1.080000148,-0.090923171,0.021795361,1.200000000,-0.037864979
0,2205,1784881123.163115501,109,1.090000148,-0.086886664,0.022441132,1.200000000,-0.037513440
0,2205,1784881123.163115501,110,1.100000148,-0.082812595,0.023092245,1.200000000,-0.037155033
0,2205,1784881123.163115501,111,1.110000148,-0.078701547,0.023748591,1.200000000,-0.036789877
0,2205,1784881123.163115501,112,1.120000148,-0.074554106,0.024410058,1.200000000,-0.036418092
0,2205,1784881123.163115501,113,1.130000148,-0.070370856,0.025076538,1.200000000,-0.036039800
0,2205,1784881123.163115501,114,1.140000148,-0.066152381,0.025747921,1.200000000,-0.035655120
0,2205,1784881123.163115501,115,1.150000148,-0.061899262,0.026424097,1.200000000,-0.035264172
0,2205,1784881123.163115501,116,1.160000148,-0.057612081,0.027104957,1.200000000,-0.034867078
0,2205,1784881123.163115501,117,1.170000148,-0.053291417,0.027790394,1.200000000,-0.034463957
0,2205,1784881123.163115501,118,1.180000148,-0.048937846,0.028480300,1.200000000,-0.034054930
0,2205,1784881123.163115501,119,1.190000148,-0.044551941,0.029174569,1.200000000,-0.033640116
0,2205,1784881123.163115501,120,1.200000148,-0.040134274,0.029873094,1.200000000,-0.033219637
0,2205,1784881123.163115501,121,1.210000148,-0.035685411,0.030575770,1.200000000,-0.032793613
0,2205,1784881123.163115501,122,1.220000148,-0.031205916,0.031282494,1.200000000,-0.032362163
0,2205,1784881123.163115501,123,1.230000148,-0.026696348,0.031993161,1.200000000,-0.031925409
0,2205,1784881123.163115501,124,1.240000148,-0.022157263,0.032707670,1.200000000,-0.031483470
0,2205,1784881123.163115501,125,1.250000148,-0.017589210,0.033425920,1.200000000,-0.031036467
0,2205,1784881123.163115501,126,1.260000148,-0.012992735,0.034147810,1.200000000,-0.030584520
0,2205,1784881123.163115501,127,1.270000148,-0.008368377,0.034873243,1.200000000,-0.030127749
0,2205,1784881123.163115501,128,1.280000148,-0.003716671,0.035602119,1.200000000,-0.029666276
0,2205,1784881123.163115501,129,1.290000148,0.000961855,0.036334343,1.200000000,-0.029200219
0,2205,1784881123.163115501,130,1.300000148,0.005666677,0.037069819,1.200000000,-0.028729700
0,2205,1784881123.163115501,131,1.310000148,0.010397280,0.037808455,1.200000000,-0.028254838
0,2205,1784881123.163115501,132,1.320000148,0.015153154,0.038550157,1.200000000,-0.027775755
0,2205,1784881123.163115501,133,1.330000148,0.019933796,0.039294835,1.200000000,-0.027292570
0,2205,1784881123.163115501,134,1.340000148,0.024738710,0.040042399,1.200000000,-0.026805403
0,2205,1784881123.163115501,135,1.350000148,0.029567407,0.040792762,1.200000000,-0.026314376
0,2205,1784881123.163115501,136,1.360000148,0.034419404,0.041545837,1.200000000,-0.025819608
0,2205,1784881123.163115501,137,1.370000148,0.039294229,0.042301540,1.200000000,-0.025321219
0,2205,1784881123.163115501,138,1.380000148,0.044191415,0.043059786,1.200000000,-0.024819331
0,2205,1784881123.163115501,139,1.390000148,0.049110502,0.043820496,1.200000000,-0.024314062
0,2205,1784881123.163115501,140,1.400000148,0.054051041,0.044583588,1.200000000,-0.023805534
0,2205,1784881123.163115501,141,1.410000148,0.059012588,0.045348984,1.200000000,-0.023293867
0,2205,1784881123.163115501,142,1.420000148,0.063994709,0.046116608,1.200000000,-0.022779182
0,2205,1784881123.163115501,143,1.430000148,0.068996978,0.046886386,1.200000000,-0.022261597
0,2205,1784881123.163115501,144,1.440000148,0.074018977,0.047658244,1.200000000,-0.021741235
0,2205,1784881123.163115501,145,1.450000148,0.079060298,0.048432110,1.200000000,-0.021218214
0,2205,1784881123.163115501,146,1.460000148,0.084120540,0.049207916,1.200000000,-0.020692656
0,2205,1784881123.163115501,147,1.470000148,0.089199311,0.049985594,1.200000000,-0.020164681
0,2205,1784881123.163115501,148,1.480000148,0.094296229,0.050765077,1.200000000,-0.019634409
0,2205,1784881123.163115501,149,1.490000148,0.099410920,0.051546301,1.200000000,-0.019101960
0,2205,1784881123.163115501,150,1.500000148,0.104543018,0.052329205,1.200000000,-0.018567455
0,2205,1784881123.163115501,151,1.510000148,0.109692168,0.053113728,1.200000000,-0.018031014
0,2205,1784881123.163115501,152,1.520000148,0.114858024,0.053899811,1.200000000,-0.017492757
0,2205,1784881123.163115501,153,1.530000148,0.120040246,0.054687397,1.200000000,-0.016952805
0,2205,1784881123.163115501,154,1.540000148,0.125238508,0.055476432,1.200000000,-0.016411278
0,2205,1784881123.163115501,155,1.550000148,0.130452488,0.056266863,1.200000000,-0.015868296
0,2205,1784881123.163115501,156,1.560000148,0.135681877,0.057058638,1.200000000,-0.015323980
0,2205,1784881123.163115501,157,1.570000148,0.140926374,0.057851708,1.200000000,-0.014778449
0,2205,1784881123.163115501,158,1.580000148,0.146185688,0.058646026,1.200000000,-0.014231825
0,2205,1784881123.163115501,159,1.590000148,0.151459534,0.059441546,1.200000000,-0.013684227
0,2205,1784881123.163115501,160,1.600000148,0.156747640,0.060238225,1.200000000,-0.013135776
0,2205,1784881123.163115501,161,1.610000148,0.162049741,0.061036021,1.200000000,-0.012586592
0,2205,1784881123.163115501,162,1.620000148,0.167365582,0.061834893,1.200000000,-0.012036796
0,2205,1784881123.163115501,163,1.630000148,0.172694917,0.062634803,1.200000000,-0.011486507
0,2205,1784881123.163115501,164,1.640000148,0.178037510,0.063435716,1.200000000,-0.010935847
0,2205,1784881123.163115501,165,1.650000148,0.183393131,0.064237596,1.200000000,-0.010384935
0,2205,1784881123.163115501,166,1.660000148,0.188761561,0.065040412,1.200000000,-0.009833891
0,2205,1784881123.163115501,167,1.670000148,0.194142592,0.065844132,1.200000000,-0.009282837
0,2205,1784881123.163115501,168,1.680000148,0.199536021,0.066648727,1.200000000,-0.008731892
0,2205,1784881123.163115501,169,1.690000148,0.204941657,0.067454170,1.200000000,-0.008181177
0,2205,1784881123.163115501,170,1.700000148,0.210359314,0.068260435,1.200000000,-0.007630811
0,2205,1784881123.163115501,171,1.710000148,0.215788820,0.069067500,1.200000000,-0.007080916
0,2205,1784881123.163115501,172,1.720000148,0.221230006,0.069875341,1.200000000,-0.006531612
0,2205,1784881123.163115501,173,1.730000148,0.226682716,0.070683938,1.200000000,-0.005983018
0,2205,1784881123.163115501,174,1.740000148,0.232146799,0.071493274,1.200000000,-0.005435255
0,2205,1784881123.163115501,175,1.750000148,0.237622115,0.072303331,1.200000000,-0.004888445
0,2205,1784881123.163115501,176,1.760000148,0.243108530,0.073114093,1.200000000,-0.004342706
0,2205,1784881123.163115501,177,1.770000148,0.248605920,0.073925548,1.200000000,-0.003798159
0,2205,1784881123.163115501,178,1.780000148,0.254114169,0.074737684,1.200000000,-0.003254924
0,2205,1784881123.163115501,179,1.790000148,0.259633166,0.075550489,1.200000000,-0.002713123
0,2205,1784881123.163115501,180,1.800000148,0.265162811,0.076363956,1.200000000,-0.002172874
0,2205,1784881123.163115501,181,1.810000148,0.270703011,0.077178077,1.200000000,-0.001634299
0,2205,1784881123.163115501,182,1.820000148,0.276253679,0.077992847,1.200000000,-0.001097518
0,2205,1784881123.163115501,183,1.830000148,0.281814738,0.078808262,1.200000000,-0.000562651
0,2205,1784881123.163115501,184,1.840000148,0.287386115,0.079624319,1.200000000,-0.000029818
0,2205,1784881123.163115501,185,1.850000148,0.292967747,0.080441016,1.200000000,0.000500860
0,2205,1784881123.163115501,186,1.860000148,0.298559577,0.081258354,1.200000000,0.001029264
0,2205,1784881123.163115501,187,1.870000148,0.304161554,0.082076336,1.200000000,0.001555271
0,2205,1784881123.163115501,188,1.880000148,0.309773636,0.082894963,1.200000000,0.002078764
0,2205,1784881123.163115501,189,1.890000148,0.315395784,0.083714240,1.200000000,0.002599620
0,2205,1784881123.163115501,190,1.900000148,0.321027970,0.084534174,1.200000000,0.003117720
0,2205,1784881123.163115501,191,1.910000148,0.326670168,0.085354770,1.200000000,0.003632944
0,2205,1784881123.163115501,192,1.920000148,0.332322360,0.086176038,1.200000000,0.004145171
0,2205,1784881123.163115501,193,1.930000148,0.337984535,0.086997987,1.200000000,0.004654280
0,2205,1784881123.163115501,194,1.940000148,0.343656686,0.087820628,1.200000000,0.005160152
0,2205,1784881123.163115501,195,1.950000148,0.349338813,0.088643972,1.200000000,0.005662666
0,2205,1784881123.163115501,196,1.960000148,0.355030920,0.089468033,1.200000000,0.006161702
0,2205,1784881123.163115501,197,1.970000148,0.360733018,0.090292824,1.200000000,0.006657140
0,2205,1784881123.163115501,198,1.980000148,0.366445122,0.091118362,1.200000000,0.007148859
0,2205,1784881123.163115501,199,1.990000148,0.372167252,0.091944662,1.200000000,0.007636738
0,2205,1784881123.163115501,200,2.000000148,0.377899434,0.092771742,1.200000000,0.008120659
0,2205,1784881123.163115501,201,2.010000148,0.383641697,0.093599619,1.200000000,0.008600499
0,2205,1784881123.163115501,202,2.020000148,0.389394075,0.094428314,1.200000000,0.009076140
0,2205,1784881123.163115501,203,2.030000148,0.395156608,0.095257845,1.200000000,0.009547460
0,2205,1784881123.163115501,204,2.040000148,0.400929337,0.096088235,1.200000000,0.010014340
0,2205,1784881123.163115501,205,2.050000148,0.406712310,0.096919505,1.200000000,0.010476659
0,2205,1784881123.163115501,206,2.060000148,0.412505576,0.097751678,1.200000000,0.010934296
0,2205,1784881123.163115501,207,2.070000148,0.418309190,0.098584776,1.200000000,0.011387132
0,2205,1784881123.163115501,208,2.080000148,0.424123209,0.099418825,1.200000000,0.011835046
0,2205,1784881123.163115501,209,2.090000148,0.429947694,0.100253849,1.200000000,0.012277918
0,2205,1784881123.163115501,210,2.100000148,0.435782709,0.101089873,1.200000000,0.012715627
0,2205,1784881123.163115501,211,2.110000148,0.441628319,0.101926924,1.200000000,0.013148053
0,2205,1784881123.163115501,212,2.120000148,0.447484596,0.102765028,1.200000000,0.013575077
0,2205,1784881123.163115501,213,2.130000148,0.453351609,0.103604213,1.200000000,0.013996576
0,2205,1784881123.163115501,214,2.140000148,0.459229434,0.104444506,1.200000000,0.014412432
0,2205,1784881123.163115501,215,2.150000148,0.465118147,0.105285936,1.200000000,0.014822524
0,2205,1784881123.163115501,216,2.160000148,0.471017826,0.106128531,1.200000000,0.015226732
0,2205,1784881123.163115501,217,2.170000148,0.476928551,0.106972321,1.200000000,0.015624934
0,2205,1784881123.163115501,218,2.180000148,0.482850404,0.107817335,1.200000000,0.016017012
0,2205,1784881123.163115501,219,2.190000148,0.488783470,0.108663603,1.200000000,0.016402845
0,2205,1784881123.163115501,220,2.200000148,0.494727831,0.109511155,1.200000000,0.016782311
0,2205,1784881123.163115501,221,2.210000148,0.500683574,0.110360022,1.200000000,0.017155292
0,2205,1784881123.163115501,222,2.220000148,0.506650787,0.111210235,1.200000000,0.017521666
0,2205,1784881123.163115501,223,2.230000148,0.512629555,0.112061824,1.200000000,0.017881314
0,2205,1784881123.163115501,224,2.240000148,0.518619968,0.112914820,1.200000000,0.018234115
0,2205,1784881123.163115501,225,2.250000148,0.524622114,0.113769256,1.200000000,0.018579949
0,2205,1784881123.163115501,226,2.260000148,0.530636082,0.114625161,1.200000000,0.018918695
0,2205,1784881123.163115501,227,2.270000148,0.536661961,0.115482568,1.200000000,0.019250233
0,2205,1784881123.163115501,228,2.280000148,0.542699841,0.116341508,1.200000000,0.019574443
0,2205,1784881123.163115501,229,2.290000148,0.548749809,0.117202013,1.200000000,0.019891204
0,2205,1784881123.163115501,230,2.300000148,0.554811955,0.118064113,1.200000000,0.020200397
0,2205,1784881123.163115501,231,2.310000148,0.560886367,0.118927841,1.200000000,0.020501901
0,2205,1784881123.163115501,232,2.320000148,0.566973132,0.119793228,1.200000000,0.020795595
0,2205,1784881123.163115501,233,2.330000148,0.573072337,0.120660305,1.200000000,0.021081359
0,2205,1784881123.163115501,234,2.340000148,0.579184068,0.121529103,1.200000000,0.021359074
0,2205,1784881123.163115501,235,2.350000148,0.585308409,0.122399653,1.200000000,0.021628618
0,2205,1784881123.163115501,236,2.360000148,0.591445444,0.123271986,1.200000000,0.021889871
0,2205,1784881123.163115501,237,2.370000148,0.597595256,0.124146132,1.200000000,0.022142713
0,2205,1784881123.163115501,238,2.380000148,0.603757924,0.125022121,1.200000000,0.022387024
0,2205,1784881123.163115501,239,2.390000148,0.609933529,0.125899984,1.200000000,0.022622684
0,2205,1784881123.163115501,240,2.400000148,0.616122147,0.126779749,1.200000000,0.022849626
0,2205,1784881123.163115501,241,2.410000148,0.622323855,0.127661446,1.200000000,0.023067927
0,2205,1784881123.163115501,242,2.420000148,0.628538726,0.128545105,1.200000000,0.023277684
0,2205,1784881123.163115501,243,2.430000148,0.634766831,0.129430753,1.200000000,0.023478993
0,2205,1784881123.163115501,244,2.440000148,0.641008241,0.130318418,1.200000000,0.023671951
0,2205,1784881123.163115501,245,2.450000148,0.647263022,0.131208128,1.200000000,0.023856656
0,2205,1784881123.163115501,246,2.460000148,0.653531239,0.132099910,1.200000000,0.024033205
0,2205,1784881123.163115501,247,2.470000148,0.659812956,0.132993792,1.200000000,0.024201695
0,2205,1784881123.163115501,248,2.480000148,0.666108231,0.133889798,1.200000000,0.024362222
0,2205,1784881123.163115501,249,2.490000148,0.672417122,0.134787955,1.200000000,0.024514885
0,2205,1784881123.163115501,250,2.500000148,0.678739684,0.135688288,1.200000000,0.024659780
0,2205,1784881123.163115501,251,2.510000148,0.685075968,0.136590820,1.200000000,0.024797004
0,2205,1784881123.163115501,252,2.520000148,0.691426023,0.137495577,1.200000000,0.024926655
0,2205,1784881123.163115501,253,2.530000148,0.697789896,0.138402581,1.200000000,0.025048829
0,2205,1784881123.163115501,254,2.540000148,0.704167629,0.139311854,1.200000000,0.025163623
0,2205,1784881123.163115501,255,2.550000148,0.710559261,0.140223420,1.200000000,0.025271136
0,2205,1784881123.163115501,256,2.560000148,0.716964830,0.141137298,1.200000000,0.025371463
0,2205,1784881123.163115501,257,2.570000148,0.723384369,0.142053510,1.200000000,0.025464702
0,2205,1784881123.163115501,258,2.580000148,0.729817909,0.142972076,1.200000000,0.025550949
0,2205,1784881123.163115501,259,2.590000148,0.736265475,0.143893014,1.200000000,0.025630303
0,2205,1784881123.163115501,260,2.600000148,0.742727092,0.144816344,1.200000000,0.025702860
0,2205,1784881123.163115501,261,2.610000148,0.749202779,0.145742082,1.200000000,0.025768717
0,2205,1784881123.163115501,262,2.620000148,0.755692553,0.146670246,1.200000000,0.025827972
0,2205,1784881123.163115501,263,2.630000148,0.762196428,0.147600852,1.200000000,0.025880721
0,2205,1784881123.163115501,264,2.640000148,0.768714412,0.148533916,1.200000000,0.025927062
0,2205,1784881123.163115501,265,2.650000148,0.775246512,0.149469451,1.200000000,0.025967091
0,2205,1784881123.163115501,266,2.660000148,0.781792730,0.150407471,1.200000000,0.026000906
0,2205,1784881123.163115501,267,2.670000148,0.788353065,0.151347990,1.200000000,0.026028603
0,2205,1784881123.163115501,268,2.680000148,0.794927511,0.152291020,1.200000000,0.026050281
0,2205,1784881123.163115501,269,2.690000148,0.801516060,0.153236571,1.200000000,0.026066036
0,2205,1784881123.163115501,270,2.700000148,0.808118700,0.154184654,1.200000000,0.026075965
0,2205,1784881123.163115501,271,2.710000148,0.814735415,0.155135278,1.200000000,0.026080165
0,2205,1784881123.163115501,272,2.720000148,0.821366183,0.156088452,1.200000000,0.026078733
0,2205,1784881123.163115501,273,2.730000148,0.828010983,0.157044184,1.200000000,0.026071767
0,2205,1784881123.163115501,274,2.740000148,0.834669787,0.158002481,1.200000000,0.026059363
0,2205,1784881123.163115501,275,2.750000148,0.841342562,0.158963347,1.200000000,0.026041619
0,2205,1784881123.163115501,276,2.760000148,0.848029276,0.159926789,1.200000000,0.026018632
0,2205,1784881123.163115501,277,2.770000148,0.854729887,0.160892810,1.200000000,0.025990498
0,2205,1784881123.163115501,278,2.780000148,0.861444355,0.161861414,1.200000000,0.025957316
0,2205,1784881123.163115501,279,2.790000148,0.868172633,0.162832602,1.200000000,0.025919181
0,2205,1784881123.163115501,280,2.800000148,0.874914670,0.163806375,1.200000000,0.025876192
0,2205,1784881123.163115501,281,2.810000148,0.881670413,0.164782735,1.200000000,0.025828444
0,2205,1784881123.163115501,282,2.820000148,0.888439804,0.165761680,1.200000000,0.025776036
0,2205,1784881123.163115501,283,2.830000148,0.895222782,0.166743209,1.200000000,0.025719065
0,2205,1784881123.163115501,284,2.840000148,0.902019282,0.167727318,1.200000000,0.025657627
0,2205,1784881123.163115501,285,2.850000148,0.908829235,0.168714005,1.200000000,0.025591819
0,2205,1784881123.163115501,286,2.860000148,0.915652568,0.169703266,1.200000000,0.025521739
0,2205,1784881123.163115501,287,2.870000148,0.922489205,0.170695093,1.200000000,0.025447484
0,2205,1784881123.163115501,288,2.880000148,0.929339067,0.171689481,1.200000000,0.025369151
0,2205,1784881123.163115501,289,2.890000148,0.936202069,0.172686423,1.200000000,0.025286837
0,2205,1784881123.163115501,290,2.900000148,0.943078126,0.173685910,1.200000000,0.025200639
0,2205,1784881123.163115501,291,2.910000148,0.949967146,0.174687932,1.200000000,0.025110654
0,2205,1784881123.163115501,292,2.920000148,0.956869035,0.175692480,1.200000000,0.025016980
0,2205,1784881123.163115501,293,2.930000148,0.963783695,0.176699541,1.200000000,0.024919713
0,2205,1784881123.163115501,294,2.940000148,0.970711026,0.177709103,1.200000000,0.024818950
0,2205,1784881123.163115501,295,2.950000148,0.977650923,0.178721154,1.200000000,0.024714789
0,2205,1784881123.163115501,296,2.960000148,0.984603278,0.179735678,1.200000000,0.024607327
0,2205,1784881123.163115501,297,2.970000148,0.991567979,0.180752660,1.200000000,0.024496660
0,2205,1784881123.163115501,298,2.980000148,0.998544912,0.181772085,1.200000000,0.024382886
0,2205,1784881123.163115501,299,2.990000148,1.005533960,0.182793933,1.200000000,0.024266102
0,2205,1784881123.163115501,300,3.000000148,1.012535000,0.183818189,1.200000000,0.024146406
0,2205,1784881123.163115501,301,3.010000148,1.019547909,0.184844831,1.200000000,0.024023893
0,2205,1784881123.163115501,302,3.020000148,1.026572560,0.185873841,1.200000000,0.023898662
0,2205,1784881123.163115501,303,3.030000148,1.033608822,0.186905196,1.200000000,0.023770809
0,2205,1784881123.163115501,304,3.040000148,1.040656561,0.187938874,1.200000000,0.023640432
0,2205,1784881123.163115501,305,3.050000148,1.047715641,0.188974853,1.200000000,0.023507627
0,2205,1784881123.163115501,306,3.060000148,1.054785923,0.190013108,1.200000000,0.023372491
0,2205,1784881123.163115501,307,3.070000148,1.061867264,0.191053614,1.200000000,0.023235123
0,2205,1784881123.163115501,308,3.080000148,1.068959520,0.192096346,1.200000000,0.023095618
0,2205,1784881123.163115501,309,3.090000148,1.076062543,0.193141275,1.200000000,0.022954075
0,2205,1784881123.163115501,310,3.100000148,1.083176182,0.194188375,1.200000000,0.022810589
0,2205,1784881123.163115501,311,3.110000148,1.090300284,0.195237616,1.200000000,0.022665259
0,2205,1784881123.163115501,312,3.120000148,1.097434694,0.196288968,1.200000000,0.022518180
0,2205,1784881123.163115501,313,3.130000148,1.104579254,0.197342402,1.200000000,0.022369451
0,2205,1784881123.163115501,314,3.140000148,1.111733802,0.198397884,1.200000000,0.022219169
0,2205,1784881123.163115501,315,3.150000148,1.118898177,0.199455383,1.200000000,0.022067430
0,2205,1784881123.163115501,316,3.160000148,1.126072212,0.200514865,1.200000000,0.021914332
0,2205,1784881123.163115501,317,3.170000148,1.133255741,0.201576295,1.200000000,0.021759971
0,2205,1784881123.163115501,318,3.180000148,1.140448594,0.202639639,1.200000000,0.021604446
0,2205,1784881123.163115501,319,3.190000148,1.147650599,0.203704860,1.200000000,0.021447852
0,2205,1784881123.163115501,320,3.200000148,1.154861582,0.204771920,1.200000000,0.021290287
0,2205,1784881123.163115501,321,3.210000148,1.162081369,0.205840783,1.200000000,0.021131849
0,2205,1784881123.163115501,322,3.220000148,1.169309780,0.206911408,1.200000000,0.020972633
0,2205,1784881123.163115501,323,3.230000148,1.176546637,0.207983757,1.200000000,0.020812738
0,2205,1784881123.163115501,324,3.240000148,1.183791759,0.209057789,1.200000000,0.020652261
0,2205,1784881123.163115501,325,3.250000148,1.191044963,0.210133461,1.200000000,0.020491298
0,2205,1784881123.163115501,326,3.260000148,1.198306065,0.211210733,1.200000000,0.020329946
0,2205,1784881123.163115501,327,3.270000148,1.205574878,0.212289560,1.200000000,0.020168303
0,2205,1784881123.163115501,328,3.280000148,1.212851216,0.213369899,1.200000000,0.020006467
0,2205,1784881123.163115501,329,3.290000148,1.220134889,0.214451705,1.200000000,0.019844533
0,2205,1784881123.163115501,330,3.300000148,1.227425708,0.215534933,1.200000000,0.019682599
0,2205,1784881123.163115501,331,3.310000148,1.234723482,0.216619535,1.200000000,0.019520762
0,2205,1784881123.163115501,332,3.320000148,1.242028018,0.217705465,1.200000000,0.019359119
0,2205,1784881123.163115501,333,3.330000148,1.249339123,0.218792675,1.200000000,0.019197768
0,2205,1784881123.163115501,334,3.340000148,1.256656603,0.219881116,1.200000000,0.019036805
0,2205,1784881123.163115501,335,3.350000148,1.263980261,0.220970739,1.200000000,0.018876327
0,2205,1784881123.163115501,336,3.360000148,1.271309903,0.222061493,1.200000000,0.018716433
0,2205,1784881123.163115501,337,3.370000148,1.278645331,0.223153327,1.200000000,0.018557217
0,2205,1784881123.163115501,338,3.380000148,1.285986348,0.224246189,1.200000000,0.018398779
0,2205,1784881123.163115501,339,3.390000148,1.293332756,0.225340027,1.200000000,0.018241215
0,2205,1784881123.163115501,340,3.400000148,1.300684356,0.226434788,1.200000000,0.018084621
0,2205,1784881123.163115501,341,3.410000148,1.308040949,0.227530418,1.200000000,0.017929096
0,2205,1784881123.163115501,342,3.420000148,1.315402336,0.228626861,1.200000000,0.017774736
0,2205,1784881123.163115501,343,3.430000148,1.322768316,0.229724064,1.200000000,0.017621638
0,2205,1784881123.163115501,344,3.440000148,1.330138691,0.230821970,1.200000000,0.017469899
0,2205,1784881123.163115501,345,3.450000148,1.337513260,0.231920521,1.200000000,0.017319617
0,2205,1784881123.163115501,346,3.460000148,1.344891823,0.233019662,1.200000000,0.017170889
0,2205,1784881123.163115501,347,3.470000148,1.352274180,0.234119333,1.200000000,0.017023811
0,2205,1784881123.163115501,348,3.480000148,1.359660131,0.235219477,1.200000000,0.016878481
0,2205,1784881123.163115501,349,3.490000148,1.367049477,0.236320034,1.200000000,0.016734996
0,2205,1784881123.163115501,350,3.500000148,1.374442017,0.237420944,1.200000000,0.016593453
0,2205,1784881123.163115501,351,3.510000148,1.381837554,0.238522147,1.200000000,0.016453949
0,2205,1784881123.163115501,352,3.520000148,1.389235888,0.239623582,1.200000000,0.016316581
0,2205,1784881123.163115501,353,3.530000148,1.396636821,0.240725187,1.200000000,0.016181447
0,2205,1784881123.163115501,354,3.540000148,1.404040155,0.241826900,1.200000000,0.016048642
0,2205,1784881123.163115501,355,3.550000148,1.411445693,0.242928658,1.200000000,0.015918266
0,2205,1784881123.163115501,356,3.560000148,1.418853240,0.244030399,1.200000000,0.015790413
0,2205,1784881123.163115501,357,3.570000148,1.426262599,0.245132057,1.200000000,0.015665183
0,2205,1784881123.163115501,358,3.580000148,1.433673576,0.246233569,1.200000000,0.015542671
0,2205,1784881123.163115501,359,3.590000148,1.441085977,0.247334871,1.200000000,0.015422975
0,2205,1784881123.163115501,360,3.600000148,1.448499609,0.248435896,1.200000000,0.015306192
0,2205,1784881123.163115501,361,3.610000148,1.455914282,0.249536578,1.200000000,0.015192419
0,2205,1784881123.163115501,362,3.620000148,1.463329804,0.250636852,1.200000000,0.015081754
0,2205,1784881123.163115501,363,3.630000148,1.470745986,0.251736651,1.200000000,0.014974292
0,2205,1784881123.163115501,364,3.640000148,1.478162639,0.252835907,1.200000000,0.014870132
0,2205,1784881123.163115501,365,3.650000148,1.485579578,0.253934552,1.200000000,0.014769370
0,2205,1784881123.163115501,366,3.660000148,1.492996618,0.255032519,1.200000000,0.014672104
0,2205,1784881123.163115501,367,3.670000148,1.500413573,0.256129738,1.200000000,0.014578431
0,2205,1784881123.163115501,368,3.680000148,1.507830262,0.257226141,1.200000000,0.014488447
0,2205,1784881123.163115501,369,3.690000148,1.515246505,0.258321659,1.200000000,0.014402250
0,2205,1784881123.163115501,370,3.700000148,1.522662121,0.259416221,1.200000000,0.014319937
0,2205,1784881123.163115501,371,3.710000148,1.530076935,0.260509757,1.200000000,0.014241605
0,2205,1784881123.163115501,372,3.720000148,1.537490770,0.261602197,1.200000000,0.014167351
0,2205,1784881123.163115501,373,3.730000148,1.544903453,0.262693469,1.200000000,0.014097273
0,2205,1784881123.163115501,374,3.740000148,1.552314811,0.263783503,1.200000000,0.014031467
0,2205,1784881123.163115501,375,3.750000148,1.559724676,0.264872227,1.200000000,0.013970030
0,2205,1784881123.163115501,376,3.760000148,1.567132879,0.265959568,1.200000000,0.013913060
0,2205,1784881123.163115501,377,3.770000148,1.574539254,0.267045455,1.200000000,0.013860653
0,2205,1784881123.163115501,378,3.780000148,1.581943637,0.268129814,1.200000000,0.013812907
0,2205,1784881123.163115501,379,3.790000148,1.589345868,0.269212574,1.200000000,0.013769919
0,2205,1784881123.163115501,380,3.800000148,1.596745786,0.270293660,1.200000000,0.013731786
0,2205,1784881123.163115501,381,3.810000148,1.604143234,0.271372999,1.200000000,0.013698604
0,2205,1784881123.163115501,382,3.820000148,1.611538059,0.272450517,1.200000000,0.013670472
0,2205,1784881123.163115501,383,3.830000148,1.618930106,0.273526141,1.200000000,0.013647475
0,2205,1784881123.163115501,384,3.840000148,1.626319226,0.274599795,1.200000000,0.013629564
0,2205,1784881123.163115501,385,3.850000148,1.633705271,0.275671406,1.200000000,0.013616602
0,2205,1784881123.163115501,386,3.860000148,1.641088096,0.276740898,1.200000000,0.013608454
0,2205,1784881123.163115501,387,3.870000148,1.648467558,0.277808197,1.200000000,0.013604982
0,2205,1784881123.163115501,388,3.880000148,1.655843517,0.278873227,1.200000000,0.013606048
0,2205,1784881123.163115501,389,3.890000148,1.663215834,0.279935913,1.200000000,0.013611515
0,2205,1784881123.163115501,390,3.900000148,1.670584375,0.280996178,1.200000000,0.013621247
0,2205,1784881123.163115501,391,3.910000148,1.677949007,0.282053948,1.200000000,0.013635106
0,2205,1784881123.163115501,392,3.920000148,1.685309600,0.283109146,1.200000000,0.013652955
0,2205,1784881123.163115501,393,3.930000148,1.692666026,0.284161696,1.200000000,0.013674656
0,2205,1784881123.163115501,394,3.940000148,1.700018162,0.285211522,1.200000000,0.013700073
0,2205,1784881123.163115501,395,3.950000148,1.707365885,0.286258546,1.200000000,0.013729068
0,2205,1784881123.163115501,396,3.960000148,1.714709075,0.287302692,1.200000000,0.013761505
0,2205,1784881123.163115501,397,3.970000148,1.722047617,0.288343884,1.200000000,0.013797245
0,2205,1784881123.163115501,398,3.980000148,1.729381397,0.289382043,1.200000000,0.013836152
0,2205,1784881123.163115501,399,3.990000148,1.736710303,0.290417094,1.200000000,0.013878089
0,2205,1784881123.163115501,400,4.000000148,1.744034228,0.291448958,1.200000000,0.013922918
0,2205,1784881123.163115501,401,4.010000148,1.751353066,0.292477559,1.200000000,0.013970502
0,2205,1784881123.163115501,402,4.020000148,1.758666715,0.293502819,1.200000000,0.014020704
0,2205,1784881123.163115501,403,4.030000148,1.765975074,0.294524659,1.200000000,0.014073387
0,2205,1784881123.163115501,404,4.040000148,1.773278048,0.295543003,1.200000000,0.014128413
0,2205,1784881123.163115501,405,4.050000148,1.780575541,0.296557773,1.200000000,0.014185646
0,2205,1784881123.163115501,406,4.060000148,1.787867463,0.297568890,1.200000000,0.014244948
0,2205,1784881123.163115501,407,4.070000148,1.795153726,0.298576277,1.200000000,0.014306183
0,2205,1784881123.163115501,408,4.080000148,1.802434243,0.299579856,1.200000000,0.014369212
0,2205,1784881123.163115501,409,4.090000148,1.809708933,0.300579548,1.200000000,0.014433899
0,2205,1784881123.163115501,410,4.100000148,1.816977715,0.301575275,1.200000000,0.014500106
0,2205,1784881123.163115501,411,4.110000148,1.824240513,0.302566959,1.200000000,0.014567696
0,2205,1784881123.163115501,412,4.120000148,1.831497252,0.303554522,1.200000000,0.014636533
0,2205,1784881123.163115501,413,4.130000148,1.838747861,0.304537886,1.200000000,0.014706479
0,2205,1784881123.163115501,414,4.140000148,1.845992273,0.305516971,1.200000000,0.014777396
0,2205,1784881123.163115501,415,4.150000148,1.853230420,0.306491699,1.200000000,0.014849148
0,2205,1784881123.163115501,416,4.160000148,1.860462241,0.307461993,1.200000000,0.014921597
0,2205,1784881123.163115501,417,4.170000148,1.867687676,0.308427774,1.200000000,0.014994607
0,2205,1784881123.163115501,418,4.180000148,1.874906667,0.309388962,1.200000000,0.015068039
0,2205,1784881123.163115501,419,4.190000148,1.882119160,0.310345480,1.200000000,0.015141757
0,2205,1784881123.163115501,420,4.200000148,1.889325105,0.311297249,1.200000000,0.015215624
0,2205,1784881123.163115501,421,4.210000148,1.896524451,0.312244191,1.200000000,0.015289502
0,2205,1784881123.163115501,422,4.220000148,1.903717154,0.313186227,1.200000000,0.015363254
0,2205,1784881123.163115501,423,4.230000148,1.910903170,0.314123278,1.200000000,0.015436744
0,2205,1784881123.163115501,424,4.240000148,1.918082459,0.315055267,1.200000000,0.015509833
0,2205,1784881123.163115501,425,4.250000148,1.925254982,0.315982114,1.200000000,0.015582385
0,2205,1784881123.163115501,426,4.260000148,1.932420706,0.316903741,1.200000000,0.015654263
0,2205,1784881123.163115501,427,4.270000148,1.939579597,0.317820070,1.200000000,0.015725329
0,2205,1784881123.163115501,428,4.280000148,1.946731625,0.318731023,1.200000000,0.015795445
0,2205,1784881123.163115501,429,4.290000148,1.953876765,0.319636520,1.200000000,0.015864476
0,2205,1784881123.163115501,430,4.300000148,1.961014992,0.320536484,1.200000000,0.015932284
0,2205,1784881123.163115501,431,4.310000148,1.968146283,0.321430837,1.200000000,0.015998731
0,2205,1784881123.163115501,432,4.320000148,1.975270619,0.322319500,1.200000000,0.016063680
0,2205,1784881123.163115501,433,4.330000148,1.982387984,0.323202395,1.200000000,0.016126995
0,2205,1784881123.163115501,434,4.340000148,1.989498364,0.324079444,1.200000000,0.016188537
0,2205,1784881123.163115501,435,4.350000148,1.996601747,0.324950568,1.200000000,0.016248171
0,2205,1784881123.163115501,436,4.360000148,2.003698124,0.325815691,1.200000000,0.016305757
0,2205,1784881123.163115501,437,4.370000148,2.010787487,0.326674734,1.200000000,0.016361161
0,2205,1784881123.163115501,438,4.380000148,2.017869834,0.327527619,1.200000000,0.016414243
0,2205,1784881123.163115501,439,4.390000148,2.024945161,0.328374268,1.200000000,0.016464868
0,2205,1784881123.163115501,440,4.400000148,2.032013469,0.329214604,1.200000000,0.016512897
0,2205,1784881123.163115501,441,4.410000148,2.039074762,0.330048549,1.200000000,0.016558194
0,2205,1784881123.163115501,442,4.420000148,2.046129043,0.330876025,1.200000000,0.016600622
0,2205,1784881123.163115501,443,4.430000148,2.053176321,0.331696955,1.200000000,0.016640043
0,2205,1784881123.163115501,444,4.440000148,2.060216604,0.332511263,1.200000000,0.016676320
0,2205,1784881123.163115501,445,4.450000148,2.067249905,0.333318869,1.200000000,0.016709316
0,2205,1784881123.163115501,446,4.460000148,2.074276237,0.334119698,1.200000000,0.016738893
0,2205,1784881123.163115501,447,4.470000148,2.081295616,0.334913673,1.200000000,0.016764915
0,2205,1784881123.163115501,448,4.480000148,2.088308061,0.335700715,1.200000000,0.016787245
0,2205,1784881123.163115501,449,4.490000148,2.095313592,0.336480749,1.200000000,0.016805744
0,2205,1784881123.163115501,450,4.500000148,2.102312230,0.337253698,1.200000000,0.016820277
0,2205,1784881123.163115501,451,4.510000148,2.109304000,0.338019485,1.200000000,0.016830705
0,2205,1784881123.163115501,452,4.520000148,2.116288928,0.338778034,1.200000000,0.016836892
0,2205,1784881123.163115501,453,4.530000148,2.123267041,0.339529268,1.200000000,0.016838701
0,2205,1784881123.163115501,454,4.540000148,2.130238371,0.340273110,1.200000000,0.016835993
0,2205,1784881123.163115501,455,4.550000148,2.137202948,0.341009486,1.200000000,0.016828633
0,2205,1784881123.163115501,456,4.560000148,2.144160805,0.341738319,1.200000000,0.016816482
0,2205,1784881123.163115501,457,4.570000148,2.151111979,0.342459532,1.200000000,0.016799404
0,2205,1784881123.163115501,458,4.580000148,2.158056505,0.343173051,1.200000000,0.016777262
0,2205,1784881123.163115501,459,4.590000148,2.164994423,0.343878800,1.200000000,0.016749918
0,2205,1784881123.163115501,460,4.600000148,2.171925772,0.344576702,1.200000000,0.016717235
0,2205,1784881123.163115501,461,4.610000148,2.178850594,0.345266683,1.200000000,0.016679075
0,2205,1784881123.163115501,462,4.620000148,2.185768933,0.345948669,1.200000000,0.016635303
0,2205,1784881123.163115501,463,4.630000148,2.192680834,0.346622582,1.200000000,0.016585780
0,2205,1784881123.163115501,464,4.640000148,2.199586341,0.347288349,1.200000000,0.016530369
0,2205,1784881123.163115501,465,4.650000148,2.206485504,0.347945896,1.200000000,0.016468934
0,2205,1784881123.163115501,466,4.660000148,2.213378371,0.348595146,1.200000000,0.016401337
0,2205,1784881123.163115501,467,4.670000148,2.220264993,0.349236027,1.200000000,0.016327440
0,2205,1784881123.163115501,468,4.680000148,2.227145420,0.349868463,1.200000000,0.016247107
0,2205,1784881123.163115501,469,4.690000148,2.234019707,0.350492381,1.200000000,0.016160200
0,2205,1784881123.163115501,470,4.700000148,2.240887906,0.351107706,1.200000000,0.016066582
0,2205,1784881123.163115501,471,4.710000148,2.247750073,0.351714366,1.200000000,0.015966117
0,2205,1784881123.163115501,472,4.720000148,2.254606264,0.352312285,1.200000000,0.015858666
0,2205,1784881123.163115501,473,4.730000148,2.261456537,0.352901391,1.200000000,0.015744093
0,2205,1784881123.163115501,474,4.740000148,2.268300949,0.353481610,1.200000000,0.015622261
0,2205,1784881123.163115501,475,4.750000148,2.275139561,0.354052870,1.200000000,0.015493031
0,2205,1784881123.163115501,476,4.760000148,2.281972431,0.354615097,1.200000000,0.015356268
0,2205,1784881123.163115501,477,4.770000148,2.288799622,0.355168219,1.200000000,0.015211834
0,2205,1784881123.163115501,478,4.780000148,2.295621195,0.355712162,1.200000000,0.015059591
0,2205,1784881123.163115501,479,4.790000148,2.302437212,0.356246856,1.200000000,0.014899403
0,2205,1784881123.163115501,480,4.800000148,2.309247737,0.356772226,1.200000000,0.014731132
0,2205,1784881123.163115501,481,4.810000148,2.316052835,0.357288202,1.200000000,0.014554641
0,2205,1784881123.163115501,482,4.820000148,2.322852569,0.357794711,1.200000000,0.014369794
0,2205,1784881123.163115501,483,4.830000148,2.329647006,0.358291683,1.200000000,0.014176452
0,2205,1784881123.163115501,484,4.840000148,2.336436210,0.358779044,1.200000000,0.013974479
0,2205,1784881123.163115501,485,4.850000148,2.343220249,0.359256725,1.200000000,0.013763737
0,2205,1784881123.163115501,486,4.860000148,2.349999189,0.359724654,1.200000000,0.013544089
0,2205,1784881123.163115501,487,4.870000148,2.356773097,0.360182760,1.200000000,0.013315398
0,2205,1784881123.163115501,488,4.880000148,2.363542041,0.360630972,1.200000000,0.013077527
0,2205,1784881123.163115501,489,4.890000148,2.370306089,0.361069220,1.200000000,0.012830339
0,2205,1784881123.163115501,490,4.900000148,2.377065309,0.361497434,1.200000000,0.012573696
0,2205,1784881123.163115501,491,4.910000148,2.383819770,0.361915544,1.200000000,0.012307462
0,2205,1784881123.163115501,492,4.920000148,2.390569540,0.362323479,1.200000000,0.012031498
0,2205,1784881123.163115501,493,4.930000148,2.397314688,0.362721170,1.200000000,0.011745668
0,2205,1784881123.163115501,494,4.940000148,2.404055282,0.363108548,1.200000000,0.011449836
0,2205,1784881123.163115501,495,4.950000148,2.410791393,0.363485544,1.200000000,0.011143862
0,2205,1784881123.163115501,496,4.960000148,2.417523088,0.363852087,1.200000000,0.010827611
0,2205,1784881123.163115501,497,4.970000148,2.424250436,0.364208111,1.200000000,0.010500945
0,2205,1784881123.163115501,498,4.980000148,2.430973508,0.364553545,1.200000000,0.010163727
0,2205,1784881123.163115501,499,4.990000148,2.437692370,0.364888323,1.200000000,0.009815820
0,2205,1784881123.163115501,500,5.000000148,2.444407092,0.365212374,1.200000000,0.009457086
0,2205,1784881123.163115501,501,5.010000148,2.451117743,0.365525633,1.200000000,0.009087389
0,2205,1784881123.163115501,502,5.020000148,2.457824390,0.365828030,1.200000000,0.008706591
0,2205,1784881123.163115501,503,5.030000148,2.464527101,0.366119499,1.200000000,0.008314555
0,2205,1784881123.163115501,504,5.040000148,2.471225944,0.366399972,1.200000000,0.007911144
0,2205,1784881123.163115501,505,5.050000148,2.477920987,0.366669383,1.200000000,0.007496220
0,2205,1784881123.163115501,506,5.060000148,2.484612295,0.366927664,1.200000000,0.007069647
0,2205,1784881123.163115501,507,5.070000148,2.491299935,0.367174750,1.200000000,0.006631287
0,2205,1784881123.163115501,508,5.080000148,2.497983973,0.367410573,1.200000000,0.006181003
0,2205,1784881123.163115501,509,5.090000148,2.504664474,0.367635069,1.200000000,0.005718658
0,2205,1784881123.163115501,510,5.100000148,2.511341504,0.367848170,1.200000000,0.005244115
0,2205,1784881123.163115501,511,5.110000148,2.518015126,0.368049812,1.200000000,0.004757236
0,2205,1784881123.163115501,512,5.120000148,2.524685404,0.368239930,1.200000000,0.004257884
0,2205,1784881123.163115501,513,5.130000148,2.531352401,0.368418457,1.200000000,0.003745923
0,2205,1784881123.163115501,514,5.140000148,2.538016179,0.368585331,1.200000000,0.003221215
0,2205,1784881123.163115501,515,5.150000148,2.544676800,0.368740485,1.200000000,0.002683622
0,2205,1784881123.163115501,516,5.160000148,2.551334324,0.368883857,1.200000000,0.002133008
0,2205,1784881123.163115501,517,5.170000148,2.557988811,0.369015382,1.200000000,0.001569235
0,2205,1784881123.163115501,518,5.180000148,2.564640321,0.369134995,1.200000000,0.000992167
0,2205,1784881123.163115501,519,5.190000148,2.571288911,0.369242635,1.200000000,0.000401665
0,2205,1784881123.163115501,520,5.200000148,2.577934638,0.369338237,1.200000000,-0.000202407
0,2205,1784881123.163115501,521,5.210000148,2.584577560,0.369421740,1.200000000,-0.000820186
0,2205,1784881123.163115501,522,5.220000148,2.591217731,0.369493079,1.200000000,-0.001451809
0,2205,1784881123.163115501,523,5.230000148,2.597855207,0.369552194,1.200000000,-0.002097415
0,2205,1784881123.163115501,524,5.240000148,2.604490039,0.369599021,1.200000000,-0.002757139
0,2205,1784881123.163115501,525,5.250000148,2.611122282,0.369633500,1.200000000,-0.003431120
0,2205,1784881123.163115501,526,5.260000148,2.617751985,0.369655568,1.200000000,-0.004119493
0,2205,1784881123.163115501,527,5.270000148,2.624379199,0.369665165,1.200000000,-0.004822398
0,2205,1784881123.163115501,528,5.280000148,2.631003974,0.369662230,1.200000000,-0.005539970
0,2205,1784881123.163115501,529,5.290000148,2.637626357,0.369646702,1.200000000,-0.006272347
0,2205,1784881123.163115501,530,5.300000148,2.644246394,0.369618521,1.200000000,-0.007019666
0,2205,1784881123.163115501,531,5.310000148,2.650864132,0.369577627,1.200000000,-0.007782048
0,2205,1784881123.163115501,532,5.320000148,2.657479615,0.369523961,1.200000000,-0.008559474
0,2205,1784881123.163115501,533,5.330000148,2.664092885,0.369457462,1.200000000,-0.009351855
0,2205,1784881123.163115501,534,5.340000148,2.670703985,0.369378073,1.200000000,-0.010159098
0,2205,1784881123.163115501,535,5.350000148,2.677312955,0.369285734,1.200000000,-0.010981114
0,2205,1784881123.163115501,536,5.360000148,2.683919834,0.369180387,1.200000000,-0.011817812
0,2205,1784881123.163115501,537,5.370000148,2.690524661,0.369061974,1.200000000,-0.012669099
0,2205,1784881123.163115501,538,5.380000148,2.697127471,0.368930437,1.200000000,-0.013534887
0,2205,1784881123.163115501,539,5.390000148,2.703728301,0.368785720,1.200000000,-0.014415083
0,2205,1784881123.163115501,540,5.400000148,2.710327183,0.368627764,1.200000000,-0.015309596
0,2205,1784881123.163115501,541,5.410000148,2.716924152,0.368456514,1.200000000,-0.016218337
0,2205,1784881123.163115501,542,5.420000148,2.723519237,0.368271912,1.200000000,-0.017141213
0,2205,1784881123.163115501,543,5.430000148,2.730112468,0.368073904,1.200000000,-0.018078135
0,2205,1784881123.163115501,544,5.440000148,2.736703875,0.367862433,1.200000000,-0.019029010
0,2205,1784881123.163115501,545,5.450000148,2.743293483,0.367637444,1.200000000,-0.019993749
0,2205,1784881123.163115501,546,5.460000148,2.749881318,0.367398883,1.200000000,-0.020972260
0,2205,1784881123.163115501,547,5.470000148,2.756467405,0.367146694,1.200000000,-0.021964452
0,2205,1784881123.163115501,548,5.480000148,2.763051766,0.366880823,1.200000000,-0.022970235
0,2205,1784881123.163115501,549,5.490000148,2.769634423,0.366601218,1.200000000,-0.023989517
0,2205,1784881123.163115501,550,5.500000148,2.776215394,0.366307824,1.200000000,-0.025022208
0,2205,1784881123.163115501,551,5.510000148,2.782794699,0.366000588,1.200000000,-0.026068217
0,2205,1784881123.163115501,552,5.520000148,2.789372353,0.365679458,1.200000000,-0.027127452
0,2205,1784881123.163115501,553,5.530000148,2.795948373,0.365344381,1.200000000,-0.028199824
0,2205,1784881123.163115501,554,5.540000148,2.802522773,0.364995306,1.200000000,-0.029285240
0,2205,1784881123.163115501,555,5.550000148,2.809095564,0.364632182,1.200000000,-0.030383611
0,2205,1784881123.163115501,556,5.560000148,2.815666758,0.364254957,1.200000000,-0.031494845
0,2205,1784881123.163115501,557,5.570000148,2.822236364,0.363863580,1.200000000,-0.032618851
0,2205,1784881123.163115501,558,5.580000148,2.828804391,0.363458002,1.200000000,-0.033755538
0,2205,1784881123.163115501,559,5.590000148,2.835370844,0.363038173,1.200000000,-0.034904816
0,2205,1784881123.163115501,560,5.600000148,2.841935729,0.362604043,1.200000000,-0.036066594
0,2205,1784881123.163115501,561,5.610000148,2.848499049,0.362155564,1.200000000,-0.037240780
0,2205,1784881123.163115501,562,5.620000148,2.855060807,0.361692686,1.200000000,-0.038427284
0,2205,1784881123.163115501,563,5.630000148,2.861621003,0.361215363,1.200000000,-0.039626015
0,2205,1784881123.163115501,564,5.640000148,2.868179636,0.360723546,1.200000000,-0.040836881
0,2205,1784881123.163115501,565,5.650000148,2.874736704,0.360217188,1.200000000,-0.042059793
0,2205,1784881123.163115501,566,5.660000148,2.881292204,0.359696243,1.200000000,-0.043294659
0,2205,1784881123.163115501,567,5.670000148,2.887846130,0.359160665,1.200000000,-0.044541388
0,2205,1784881123.163115501,568,5.680000148,2.894398476,0.358610407,1.200000000,-0.045799890
0,2205,1784881123.163115501,569,5.690000148,2.900949234,0.358045424,1.200000000,-0.047070072
0,2205,1784881123.163115501,570,5.700000148,2.907498394,0.357465673,1.200000000,-0.048351846
0,2205,1784881123.163115501,571,5.710000148,2.914045945,0.356871107,1.200000000,-0.049645119
0,2205,1784881123.163115501,572,5.720000148,2.920591876,0.356261684,1.200000000,-0.050949800
0,2205,1784881123.163115501,573,5.730000148,2.927136173,0.355637360,1.200000000,-0.052265800
0,2205,1784881123.163115501,574,5.740000148,2.933678820,0.354998092,1.200000000,-0.053593026
0,2205,1784881123.163115501,575,5.750000148,2.940219802,0.354343838,1.200000000,-0.054931388
0,2205,1784881123.163115501,576,5.760000148,2.946759100,0.353674556,1.200000000,-0.056280795
0,2205,1784881123.163115501,577,5.770000148,2.953296696,0.352990205,1.200000000,-0.057641157
0,2205,1784881123.163115501,578,5.780000148,2.959832569,0.352290744,1.200000000,-0.059012381
0,2205,1784881123.163115501,579,5.790000148,2.966366698,0.351576132,1.200000000,-0.060394378
0,2205,1784881123.163115501,580,5.800000148,2.972899059,0.350846331,1.200000000,-0.061787056
0,2205,1784881123.163115501,581,5.810000148,2.979429628,0.350101300,1.200000000,-0.063190325
0,2205,1784881123.163115501,582,5.820000148,2.985958380,0.349341000,1.200000000,-0.064604094
0,2205,1784881123.163115501,583,5.830000148,2.992485287,0.348565395,1.200000000,-0.066028271
0,2205,1784881123.163115501,584,5.840000148,2.999010322,0.347774445,1.200000000,-0.067462766
0,2205,1784881123.163115501,585,5.850000148,3.005533456,0.346968115,1.200000000,-0.068907487
0,2205,1784881123.163115501,586,5.860000148,3.012054657,0.346146367,1.200000000,-0.070362345
0,2205,1784881123.163115501,587,5.870000148,3.018573894,0.345309166,1.200000000,-0.071827248
0,2205,1784881123.163115501,588,5.880000148,3.025091135,0.344456476,1.200000000,-0.073302105
0,2205,1784881123.163115501,589,5.890000148,3.031606344,0.343588263,1.200000000,-0.074786825
0,2205,1784881123.163115501,590,5.900000148,3.038119488,0.342704492,1.200000000,-0.076281318
0,2205,1784881123.163115501,591,5.910000148,3.044630528,0.341805129,1.200000000,-0.077785492
0,2205,1784881123.163115501,592,5.920000148,3.051139429,0.340890142,1.200000000,-0.079299256
0,2205,1784881123.163115501,593,5.930000148,3.057646151,0.339959498,1.200000000,-0.080822520
0,2205,1784881123.163115501,594,5.940000148,3.064150656,0.339013165,1.200000000,-0.082355193
0,2205,1784881123.163115501,595,5.950000148,3.070652901,0.338051111,1.200000000,-0.083897184
0,2205,1784881123.163115501,596,5.960000148,3.077152846,0.337073307,1.200000000,-0.085448401
0,2205,1784881123.163115501,597,5.970000148,3.083650448,0.336079723,1.200000000,-0.087008755
0,2205,1784881123.163115501,598,5.980000148,3.090145664,0.335070328,1.200000000,-0.088578154
0,2205,1784881123.163115501,599,5.990000148,3.096638448,0.334045094,1.200000000,-0.090156506
0,2205,1784881123.163115501,600,6.000000148,3.103128755,0.333003992,1.200000000,-0.091743722
0,2205,1784881123.163115501,601,6.010000148,3.109616538,0.331946996,1.200000000,-0.093339711
0,2205,1784881123.163115501,602,6.020000148,3.116101751,0.330874079,1.200000000,-0.094944381
0,2205,1784881123.163115501,603,6.030000148,3.122584345,0.329785213,1.200000000,-0.096557641
0,2205,1784881123.163115501,604,6.040000148,3.129064271,0.328680374,1.200000000,-0.098179401
0,2205,1784881123.163115501,605,6.050000148,3.135541478,0.327559536,1.200000000,-0.099809570
0,2205,1784881123.163115501,606,6.060000148,3.142015918,0.326422675,1.200000000,-0.101448056
0,2205,1784881123.163115501,607,6.070000148,3.148487537,0.325269768,1.200000000,-0.103094770
0,2205,1784881123.163115501,608,6.080000148,3.154956283,0.324100792,1.200000000,-0.104749619
0,2205,1784881123.163115501,609,6.090000148,3.161422104,0.322915724,1.200000000,-0.106412514
0,2205,1784881123.163115501,610,6.100000148,3.167884946,0.321714542,1.200000000,-0.108083362
0,2205,1784881123.163115501,611,6.110000148,3.174344755,0.320497226,1.200000000,-0.109762074
0,2205,1784881123.163115501,612,6.120000148,3.180801475,0.319263756,1.200000000,-0.111448559
0,2205,1784881123.163115501,613,6.130000148,3.187255051,0.318014111,1.200000000,-0.113142725
0,2205,1784881123.163115501,614,6.140000148,3.193705427,0.316748273,1.200000000,-0.114844481
0,2205,1784881123.163115501,615,6.150000148,3.200152546,0.315466225,1.200000000,-0.116553737
0,2205,1784881123.163115501,616,6.160000148,3.206596350,0.314167947,1.200000000,-0.118270402
0,2205,1784881123.163115501,617,6.170000148,3.213036782,0.312853425,1.200000000,-0.119994385
0,2205,1784881123.163115501,618,6.180000148,3.219473784,0.311522641,1.200000000,-0.121725594
0,2205,1784881123.163115501,619,6.190000148,3.225907296,0.310175580,1.200000000,-0.123463940
0,2205,1784881123.163115501,620,6.200000148,3.232337259,0.308812228,1.200000000,-0.125209330
0,2205,1784881123.163115501,621,6.210000148,3.238763613,0.307432571,1.200000000,-0.126961675
0,2205,1784881123.163115501,622,6.220000148,3.245186299,0.306036595,1.200000000,-0.128720883
0,2205,1784881123.163115501,623,6.230000148,3.251605256,0.304624289,1.200000000,-0.130486864
0,2205,1784881123.163115501,624,6.240000148,3.258020423,0.303195640,1.200000000,-0.132259526
0,2205,1784881123.163115501,625,6.250000148,3.264431739,0.301750639,1.200000000,-0.134038779
0,2205,1784881123.163115501,626,6.260000148,3.270839143,0.300289274,1.200000000,-0.135824531
0,2205,1784881123.163115501,627,6.270000148,3.277242573,0.298811536,1.200000000,-0.137616692
0,2205,1784881123.163115501,628,6.280000148,3.283641967,0.297317417,1.200000000,-0.139415171
0,2205,1784881123.163115501,629,6.290000148,3.290037263,0.295806908,1.200000000,-0.141219876
0,2205,1784881123.163115501,630,6.300000148,3.296428399,0.294280003,1.200000000,-0.143030718
0,2205,1784881123.163115501,631,6.310000148,3.302815312,0.292736696,1.200000000,-0.144847605
0,2205,1784881123.163115501,632,6.320000148,3.309197941,0.291176980,1.200000000,-0.146670446
0,2205,1784881123.163115501,633,6.330000148,3.315576221,0.289600851,1.200000000,-0.148499151
0,2205,1784881123.163115501,634,6.340000148,3.321950092,0.288008305,1.200000000,-0.150333628
0,2205,1784881123.163115501,635,6.350000148,3.328319489,0.286399339,1.200000000,-0.152173786
0,2205,1784881123.163115501,636,6.360000148,3.334684351,0.284773950,1.200000000,-0.154019535
0,2205,1784881123.163115501,637,6.370000148,3.341044615,0.283132137,1.200000000,-0.155870784
0,2205,1784881123.163115501,638,6.380000148,3.347400218,0.281473899,1.200000000,-0.157727441
0,2205,1784881123.163115501,639,6.390000148,3.353751097,0.279799236,1.200000000,-0.159589416
0,2205,1784881123.163115501,640,6.400000148,3.360097191,0.278108148,1.200000000,-0.161456619
0,2205,1784881123.163115501,641,6.410000148,3.366438436,0.276400638,1.200000000,-0.163328957
0,2205,1784881123.163115501,642,6.420000148,3.372774772,0.274676707,1.200000000,-0.165206340
0,2205,1784881123.163115501,643,6.430000148,3.379106135,0.272936359,1.200000000,-0.167088678
0,2205,1784881123.163115501,644,6.440000148,3.385432464,0.271179598,1.200000000,-0.168975879
0,2205,1784881123.163115501,645,6.450000148,3.391753697,0.269406429,1.200000000,-0.170867852
0,2205,1784881123.163115501,646,6.460000148,3.398069774,0.267616857,1.200000000,-0.172764507
0,2205,1784881123.163115501,647,6.470000148,3.404380634,0.265810889,1.200000000,-0.174665753
0,2205,1784881123.163115501,648,6.480000148,3.410686215,0.263988532,1.200000000,-0.176571498
0,2205,1784881123.163115501,649,6.490000148,3.416986457,0.262149795,1.200000000,-0.178481652
0,2205,1784881123.163115501,650,6.500000148,3.423281302,0.260294687,1.200000000,-0.180396124
0,2205,1784881123.163115501,651,6.510000148,3.429570689,0.258423217,1.200000000,-0.182314822
0,2205,1784881123.163115501,652,6.520000148,3.435854558,0.256535396,1.200000000,-0.184237657
0,2205,1784881123.163115501,653,6.530000148,3.442132853,0.254631235,1.200000000,-0.186164537
0,2205,1784881123.163115501,654,6.540000148,3.448405514,0.252710748,1.200000000,-0.188095372
0,2205,1784881123.163115501,655,6.550000148,3.454672484,0.250773947,1.200000000,-0.190030069
0,2205,1784881123.163115501,656,6.560000148,3.460933705,0.248820846,1.200000000,-0.191968539
0,2205,1784881123.163115501,657,6.570000148,3.467189122,0.246851461,1.200000000,-0.193910691
0,2205,1784881123.163115501,658,6.580000148,3.473438678,0.244865807,1.200000000,-0.195856433
0,2205,1784881123.163115501,659,6.590000148,3.479682319,0.242863901,1.200000000,-0.197805675
0,2205,1784881123.163115501,660,6.600000148,3.485919988,0.240845760,1.200000000,-0.199758326
0,2205,1784881123.163115501,661,6.610000148,3.492151634,0.238811403,1.200000000,-0.201714294
0,2205,1784881123.163115501,662,6.620000148,3.498377201,0.236760849,1.200000000,-0.203673490
0,2205,1784881123.163115501,663,6.630000148,3.504596637,0.234694118,1.200000000,-0.205635821
0,2205,1784881123.163115501,664,6.640000148,3.510809891,0.232611231,1.200000000,-0.207601198
0,2205,1784881123.163115501,665,6.650000148,3.517016911,0.230512211,1.200000000,-0.209569529
0,2205,1784881123.163115501,666,6.660000148,3.523217647,0.228397079,1.200000000,-0.211540724
0,2205,1784881123.163115501,667,6.670000148,3.529412050,0.226265860,1.200000000,-0.213514691
0,2205,1784881123.163115501,668,6.680000148,3.535600070,0.224118578,1.200000000,-0.215491339
0,2205,1784881123.163115501,669,6.690000148,3.541781659,0.221955259,1.200000000,-0.217470578
0,2205,1784881123.163115501,670,6.700000148,3.547956772,0.219775928,1.200000000,-0.219452317
0,2205,1784881123.163115501,671,6.710000148,3.554125361,0.217580613,1.200000000,-0.221436464
0,2205,1784881123.163115501,672,6.720000148,3.560287381,0.215369342,1.200000000,-0.223422930
0,2205,1784881123.163115501,673,6.730000148,3.566442788,0.213142144,1.200000000,-0.225411622
0,2205,1784881123.163115501,674,6.740000148,3.572591538,0.210899048,1.200000000,-0.227402451
0,2205,1784881123.163115501,675,6.750000148,3.578733590,0.208640085,1.200000000,-0.229395325
0,2205,1784881123.163115501,676,6.760000148,3.584868901,0.206365288,1.200000000,-0.231390153
0,2205,1784881123.163115501,677,6.770000148,3.590997431,0.204074688,1.200000000,-0.233386844
0,2205,1784881123.163115501,678,6.780000148,3.597119142,0.201768318,1.200000000,-0.235385308
0,2205,1784881123.163115501,679,6.790000148,3.603233994,0.199446213,1.200000000,-0.237385454
0,2205,1784881123.163115501,680,6.800000148,3.609341951,0.197108408,1.200000000,-0.239387190
0,2205,1784881123.163115501,681,6.810000148,3.615442975,0.194754940,1.200000000,-0.241390426
0,2205,1784881123.163115501,682,6.820000148,3.621537033,0.192385844,1.200000000,-0.243395070
0,2205,1784881123.163115501,683,6.830000148,3.627624090,0.190001159,1.200000000,-0.245401033
0,2205,1784881123.163115501,684,6.840000148,3.633704114,0.187600923,1.200000000,-0.247408222
0,2205,1784881123.163115501,685,6.850000148,3.639777072,0.185185176,1.200000000,-0.249416548
0,2205,1784881123.163115501,686,6.860000148,3.645842934,0.182753958,1.200000000,-0.251425919
0,2205,1784881123.163115501,687,6.870000148,3.651901671,0.180307311,1.200000000,-0.253436244
0,2205,1784881123.163115501,688,6.880000148,3.657953255,0.177845277,1.200000000,-0.255447433
0,2205,1784881123.163115501,689,6.890000148,3.663997658,0.175367899,1.200000000,-0.257459394
0,2205,1784881123.163115501,690,6.900000148,3.670034856,0.172875221,1.200000000,-0.259472037
0,2205,1784881123.163115501,691,6.910000148,3.676064823,0.170367287,1.200000000,-0.261485270
0,2205,1784881123.163115501,692,6.920000148,3.682087537,0.167844145,1.200000000,-0.263499003
0,2205,1784881123.163115501,693,6.930000148,3.688102975,0.165305839,1.200000000,-0.265513145
0,2205,1784881123.163115501,694,6.940000148,3.694111118,0.162752418,1.200000000,-0.267527605
0,2205,1784881123.163115501,695,6.950000148,3.700111944,0.160183930,1.200000000,-0.269542291
0,2205,1784881123.163115501,696,6.960000148,3.706105437,0.157600424,1.200000000,-0.271557115
0,2205,1784881123.163115501,697,6.970000148,3.712091580,0.155001951,1.200000000,-0.273571998
0,2205,1784881123.163115501,698,6.980000148,3.718070356,0.152388561,1.200000000,-0.275586895
0,2205,1784881123.163115501,699,6.990000148,3.724041752,0.149760307,1.200000000,-0.277601761
0,2205,1784881123.163115501,700,7.000000148,3.730005756,0.147117241,1.200000000,-0.279616551
0,2205,1784881123.163115501,701,7.010000148,3.735962355,0.144459416,1.200000000,-0.281631222
0,2205,1784881123.163115501,702,7.020000148,3.741911539,0.141786888,1.200000000,-0.283645729
0,2205,1784881123.163115501,703,7.030000148,3.747853300,0.139099711,1.200000000,-0.285660029
0,2205,1784881123.163115501,704,7.040000148,3.753787630,0.136397942,1.200000000,-0.287674077
0,2205,1784881123.163115501,705,7.050000148,3.759714523,0.133681638,1.200000000,-0.289687828
0,2205,1784881123.163115501,706,7.060000148,3.765633975,0.130950856,1.200000000,-0.291701239
0,2205,1784881123.163115501,707,7.070000148,3.771545981,0.128205656,1.200000000,-0.293714266
0,2205,1784881123.163115501,708,7.080000148,3.777450541,0.125446097,1.200000000,-0.295726864
0,2205,1784881123.163115501,709,7.090000148,3.783347653,0.122672239,1.200000000,-0.297738989
0,2205,1784881123.163115501,710,7.100000148,3.789237318,0.119884145,1.200000000,-0.299750597
0,2205,1784881123.163115501,711,7.110000148,3.795119538,0.117081875,1.200000000,-0.301761644
0,2205,1784881123.163115501,712,7.120000148,3.800994317,0.114265494,1.200000000,-0.303772085
0,2205,1784881123.163115501,713,7.130000148,3.806861659,0.111435064,1.200000000,-0.305781877
0,2205,1784881123.163115501,714,7.140000148,3.812721572,0.108590650,1.200000000,-0.307790975
0,2205,1784881123.163115501,715,7.150000148,3.818574063,0.105732319,1.200000000,-0.309799335
0,2205,1784881123.163115501,716,7.160000148,3.824419140,0.102860135,1.200000000,-0.311806913
0,2205,1784881123.163115501,717,7.170000148,3.830256814,0.099974167,1.200000000,-0.313813664
0,2205,1784881123.163115501,718,7.180000148,3.836087097,0.097074482,1.200000000,-0.315819545
0,2205,1784881123.163115501,719,7.190000148,3.841910003,0.094161149,1.200000000,-0.317824512
0,2205,1784881123.163115501,720,7.200000148,3.847725545,0.091234238,1.200000000,-0.319828519
0,2205,1784881123.163115501,721,7.210000148,3.853533740,0.088293818,1.200000000,-0.321831524
0,2205,1784881123.163115501,722,7.220000148,3.859334605,0.085339961,1.200000000,-0.323833481
0,2205,1784881123.163115501,723,7.230000148,3.865128158,0.082372739,1.200000000,-0.325834346
0,2205,1784881123.163115501,724,7.240000148,3.870914421,0.079392225,1.200000000,-0.327834077
0,2205,1784881123.163115501,725,7.250000148,3.876693413,0.076398492,1.200000000,-0.329832627
0,2205,1784881123.163115501,726,7.260000148,3.882465158,0.073391613,1.200000000,-0.331829953
0,2205,1784881123.163115501,727,7.270000148,3.888229680,0.070371666,1.200000000,-0.333826012
0,2205,1784881123.163115501,728,7.280000148,3.893987004,0.067338724,1.200000000,-0.335820758
0,2205,1784881123.163115501,729,7.290000148,3.899737158,0.064292865,1.200000000,-0.337814147
0,2205,1784881123.163115501,730,7.300000148,3.905480168,0.061234166,1.200000000,-0.339806136
0,2205,1784881123.163115501,731,7.310000148,3.911216065,0.058162705,1.200000000,-0.341796679
0,2205,1784881123.163115501,732,7.320000148,3.916944880,0.055078561,1.200000000,-0.343785734
0,2205,1784881123.163115501,733,7.330000148,3.922666643,0.051981814,1.200000000,-0.345773256
0,2205,1784881123.163115501,734,7.340000148,3.928381389,0.048872543,1.200000000,-0.347759200
0,2205,1784881123.163115501,735,7.350000148,3.934089152,0.045750830,1.200000000,-0.349743522
0,2205,1784881123.163115501,736,7.360000148,3.939789968,0.042616757,1.200000000,-0.351726179
0,2205,1784881123.163115501,737,7.370000148,3.945483874,0.039470405,1.200000000,-0.353707126
0,2205,1784881123.163115501,738,7.380000148,3.951170909,0.036311859,1.200000000,-0.355686319
0,2205,1784881123.163115501,739,7.390000148,3.956851111,0.033141202,1.200000000,-0.357663713
0,2205,1784881123.163115501,740,7.400000148,3.962524523,0.029958519,1.200000000,-0.359639265
0,2205,1784881123.163115501,741,7.410000148,3.968191185,0.026763895,1.200000000,-0.361612930
0,2205,1784881123.163115501,742,7.420000148,3.973851142,0.023557416,1.200000000,-0.363584664
0,2205,1784881123.163115501,743,7.430000148,3.979504437,0.020339168,1.200000000,-0.365554423
0,2205,1784881123.163115501,744,7.440000148,3.985151117,0.017109240,1.200000000,-0.367522163
0,2205,1784881123.163115501,745,7.450000148,3.990791228,0.013867718,1.200000000,-0.369487840
0,2205,1784881123.163115501,746,7.460000148,3.996424818,0.010614693,1.200000000,-0.371451409
0,2205,1784881123.163115501,747,7.470000148,4.002051937,0.007350252,1.200000000,-0.373412826
0,2205,1784881123.163115501,748,7.480000148,4.007672634,0.004074486,1.200000000,-0.375372047
0,2205,1784881123.163115501,749,7.490000148,4.013286962,0.000787487,1.200000000,-0.377329028
0,2205,1784881123.163115501,750,7.500000148,4.018894972,-0.002510656,1.200000000,-0.379283725
0,2205,1784881123.163115501,751,7.510000148,4.024496718,-0.005819851,1.200000000,-0.381236093
0,2205,1784881123.163115501,752,7.520000148,4.030092255,-0.009140003,1.200000000,-0.383186088
0,2205,1784881123.163115501,753,7.530000148,4.035681639,-0.012471022,1.200000000,-0.385133667
0,2205,1784881123.163115501,754,7.540000148,4.041264926,-0.015812812,1.200000000,-0.387078785
0,2205,1784881123.163115501,755,7.550000148,4.046842175,-0.019165279,1.200000000,-0.389021397
0,2205,1784881123.163115501,756,7.560000148,4.052413443,-0.022528329,1.200000000,-0.390961460
0,2205,1784881123.163115501,757,7.570000148,4.057978792,-0.025901865,1.200000000,-0.392898929
0,2205,1784881123.163115501,758,7.580000148,4.063538281,-0.029285792,1.200000000,-0.394833761
0,2205,1784881123.163115501,759,7.590000148,4.069091973,-0.032680013,1.200000000,-0.396765910
0,2205,1784881123.163115501,760,7.600000148,4.074639931,-0.036084431,1.200000000,-0.398695334
0,2205,1784881123.163115501,761,7.610000148,4.080182217,-0.039498948,1.200000000,-0.400621987
0,2205,1784881123.163115501,762,7.620000148,4.085718897,-0.042923465,1.200000000,-0.402545825
0,2205,1784881123.163115501,763,7.630000148,4.091250036,-0.046357884,1.200000000,-0.404466805
0,2205,1784881123.163115501,764,7.640000148,4.096775701,-0.049802104,1.200000000,-0.406384882
0,2205,1784881123.163115501,765,7.650000148,4.102295958,-0.053256027,1.200000000,-0.408300012
0,2205,1784881123.163115501,766,7.660000148,4.107810876,-0.056719551,1.200000000,-0.410212151
0,2205,1784881123.163115501,767,7.670000148,4.113320524,-0.060192575,1.200000000,-0.412121254
0,2205,1784881123.163115501,768,7.680000148,4.118824971,-0.063674998,1.200000000,-0.414027278
0,2205,1784881123.163115501,769,7.690000148,4.124324288,-0.067166718,1.200000000,-0.415930178
0,2205,1784881123.163115501,770,7.700000148,4.129818547,-0.070667632,1.200000000,-0.417829910
0,2205,1784881123.163115501,771,7.710000148,4.135307818,-0.074177636,1.200000000,-0.419726430
0,2205,1784881123.163115501,772,7.720000148,4.140792176,-0.077696629,1.200000000,-0.421619694
0,2205,1784881123.163115501,773,7.730000148,4.146271692,-0.081224504,1.200000000,-0.423509657
0,2205,1784881123.163115501,774,7.740000148,4.151746443,-0.084761159,1.200000000,-0.425396275
0,2205,1784881123.163115501,775,7.750000148,4.157216502,-0.088306487,1.200000000,-0.427279504
0,2205,1784881123.163115501,776,7.760000148,4.162681944,-0.091860384,1.200000000,-0.429159301
0,2205,1784881123.163115501,777,7.770000148,4.168142847,-0.095422744,1.200000000,-0.431035620
0,2205,1784881123.163115501,778,7.780000148,4.173599287,-0.098993461,1.200000000,-0.432908418
0,2205,1784881123.163115501,779,7.790000148,4.179051340,-0.102572427,1.200000000,-0.434777650
0,2205,1784881123.163115501,780,7.800000148,4.184499085,-0.106159535,1.200000000,-0.436643272
0,2205,1784881123.163115501,781,7.810000148,4.189942601,-0.109754679,1.200000000,-0.438505241
0,2205,1784881123.163115501,782,7.820000148,4.195381966,-0.113357750,1.200000000,-0.440363511
0,2205,1784881123.163115501,783,7.830000148,4.200817260,-0.116968639,1.200000000,-0.442218039
0,2205,1784881123.163115501,784,7.840000148,4.206248562,-0.120587239,1.200000000,-0.444068781
0,2205,1784881123.163115501,785,7.850000148,4.211675953,-0.124213440,1.200000000,-0.445915691
0,2205,1784881123.163115501,786,7.860000148,4.217099515,-0.127847132,1.200000000,-0.447758727
0,2205,1784881123.163115501,787,7.870000148,4.222519327,-0.131488205,1.200000000,-0.449597844
0,2205,1784881123.163115501,788,7.880000148,4.227935472,-0.135136550,1.200000000,-0.451432998
0,2205,1784881123.163115501,789,7.890000148,4.233348033,-0.138792056,1.200000000,-0.453264144
0,2205,1784881123.163115501,790,7.900000148,4.238757090,-0.142454612,1.200000000,-0.455091239
0,2205,1784881123.163115501,791,7.910000148,4.244162728,-0.146124106,1.200000000,-0.456914237
0,2205,1784881123.163115501,792,7.920000148,4.249565029,-0.149800428,1.200000000,-0.458733096
0,2205,1784881123.163115501,793,7.930000148,4.254964076,-0.153483465,1.200000000,-0.460547771
0,2205,1784881123.163115501,794,7.940000148,4.260359953,-0.157173105,1.200000000,-0.462358218
0,2205,1784881123.163115501,795,7.950000148,4.265752744,-0.160869235,1.200000000,-0.464164391
0,2205,1784881123.163115501,796,7.960000148,4.271142533,-0.164571744,1.200000000,-0.465966249
0,2205,1784881123.163115501,797,7.970000148,4.276529404,-0.168280517,1.200000000,-0.467763745
0,2205,1784881123.163115501,798,7.980000148,4.281913443,-0.171995442,1.200000000,-0.469556836
0,2205,1784881123.163115501,799,7.990000148,4.287294732,-0.175716404,1.200000000,-0.471345478
0,2205,1784881123.163115501,800,8.000000148,4.292673357,-0.179443291,1.200000000,-0.473129627
0,2205,1784881123.163115501,801,8.010000148,4.298049404,-0.183175987,1.200000000,-0.474909238
0,2205,1784881123.163115501,802,8.020000148,4.303422956,-0.186914379,1.200000000,-0.476684267
0,2205,1784881123.163115501,803,8.030000148,4.308794099,-0.190658351,1.200000000,-0.478454671
0,2205,1784881123.163115501,804,8.040000148,4.314162918,-0.194407790,1.200000000,-0.480220404
0,2205,1784881123.163115501,805,8.050000148,4.319529499,-0.198162580,1.200000000,-0.481981423
0,2205,1784881123.163115501,806,8.060000148,4.324893925,-0.201922605,1.200000000,-0.483737683
0,2205,1784881123.163115501,807,8.070000148,4.330256283,-0.205687750,1.200000000,-0.485489141
0,2205,1784881123.163115501,808,8.080000148,4.335616656,-0.209457900,1.200000000,-0.487235752
0,2205,1784881123.163115501,809,8.090000148,4.340975131,-0.213232939,1.200000000,-0.488977472
0,2205,1784881123.163115501,810,8.100000148,4.346331792,-0.217012750,1.200000000,-0.490714256
0,2205,1784881123.163115501,811,8.110000148,4.351686724,-0.220797218,1.200000000,-0.492446061
0,2205,1784881123.163115501,812,8.120000148,4.357040011,-0.224586225,1.200000000,-0.494172843
0,2205,1784881123.163115501,813,8.130000148,4.362391738,-0.228379656,1.200000000,-0.495894556
0,2205,1784881123.163115501,814,8.140000148,4.367741989,-0.232177394,1.200000000,-0.497611158
0,2205,1784881123.163115501,815,8.150000148,4.373090849,-0.235979322,1.200000000,-0.499322604
0,2205,1784881123.163115501,816,8.160000148,4.378438400,-0.239785322,1.200000000,-0.501028849
0,2205,1784881123.163115501,817,8.170000148,4.383784727,-0.243595278,1.200000000,-0.502729850
0,2205,1784881123.163115501,818,8.180000148,4.389129914,-0.247409073,1.200000000,-0.504425562
0,2205,1784881123.163115501,819,8.190000148,4.394474042,-0.251226589,1.200000000,-0.506115942
0,2205,1784881123.163115501,820,8.200000148,4.399817195,-0.255047708,1.200000000,-0.507800944
0,2205,1784881123.163115501,821,8.210000148,4.405159456,-0.258872314,1.200000000,-0.509480525
0,2205,1784881123.163115501,822,8.220000148,4.410500906,-0.262700289,1.200000000,-0.511154640
0,2205,1784881123.163115501,823,8.230000148,4.415841627,-0.266531514,1.200000000,-0.512823246
0,2205,1784881123.163115501,824,8.240000148,4.421181701,-0.270365872,1.200000000,-0.514486299
0,2205,1784881123.163115501,825,8.250000148,4.426521207,-0.274203245,1.200000000,-0.516143753
0,2205,1784881123.163115501,826,8.260000148,4.431860228,-0.278043515,1.200000000,-0.517795565
0,2205,1784881123.163115501,827,8.270000148,4.437198842,-0.281886565,1.200000000,-0.519441691
0,2205,1784881123.163115501,828,8.280000148,4.442537129,-0.285732276,1.200000000,-0.521082086
0,2205,1784881123.163115501,829,8.290000148,4.447875169,-0.289580530,1.200000000,-0.522716707
0,2205,1784881123.163115501,830,8.300000148,4.453213039,-0.293431209,1.200000000,-0.524345509
0,2205,1784881123.163115501,831,8.310000148,4.458550818,-0.297284195,1.200000000,-0.525968447
0,2205,1784881123.163115501,832,8.320000148,4.463888583,-0.301139369,1.200000000,-0.527585479
0,2205,1784881123.163115501,833,8.330000148,4.469226411,-0.304996614,1.200000000,-0.529196559
0,2205,1784881123.163115501,834,8.340000148,4.474564378,-0.308855812,1.200000000,-0.530801643
0,2205,1784881123.163115501,835,8.350000148,4.479902560,-0.312716844,1.200000000,-0.532400688
0,2205,1784881123.163115501,836,8.360000148,4.485241031,-0.316579592,1.200000000,-0.533993649
0,2205,1784881123.163115501,837,8.370000148,4.490579866,-0.320443938,1.200000000,-0.535580482
0,2205,1784881123.163115501,838,8.380000148,4.495919138,-0.324309764,1.200000000,-0.537161142
0,2205,1784881123.163115501,839,8.390000148,4.501258921,-0.328176952,1.200000000,-0.538735586
0,2205,1784881123.163115501,840,8.400000148,4.506599286,-0.332045384,1.200000000,-0.540303769
0,2205,1784881123.163115501,841,8.410000148,4.511940305,-0.335914941,1.200000000,-0.541865647
0,2205,1784881123.163115501,842,8.420000148,4.517282049,-0.339785506,1.200000000,-0.543421176
0,2205,1784881123.163115501,843,8.430000148,4.522624588,-0.343656962,1.200000000,-0.544970312
0,2205,1784881123.163115501,844,8.440000148,4.527967990,-0.347529190,1.200000000,-0.546513011
0,2205,1784881123.163115501,845,8.450000148,4.533312324,-0.351402072,1.200000000,-0.548049228
0,2205,1784881123.163115501,846,8.460000148,4.538657657,-0.355275491,1.200000000,-0.549578919
0,2205,1784881123.163115501,847,8.470000148,4.544004057,-0.359149329,1.200000000,-0.551102040
0,2205,1784881123.163115501,848,8.480000148,4.549351589,-0.363023469,1.200000000,-0.552618548
0,2205,1784881123.163115501,849,8.490000148,4.554700317,-0.366897793,1.200000000,-0.554128396
0,2205,1784881123.163115501,850,8.500000148,4.560050306,-0.370772185,1.200000000,-0.555631543
0,2205,1784881123.163115501,851,8.510000148,4.565401619,-0.374646526,1.200000000,-0.557127942
0,2205,1784881123.163115501,852,8.520000148,4.570754318,-0.378520700,1.200000000,-0.558617551
0,2205,1784881123.163115501,853,8.530000148,4.576108465,-0.382394590,1.200000000,-0.560100325
0,2205,1784881123.163115501,854,8.540000148,4.581464119,-0.386268079,1.200000000,-0.561576219
0,2205,1784881123.163115501,855,8.550000148,4.586821340,-0.390141050,1.200000000,-0.563045190
0,2205,1784881123.163115501,856,8.560000148,4.592180185,-0.394013388,1.200000000,-0.564507194
0,2205,1784881123.163115501,857,8.570000148,4.597540714,-0.397884974,1.200000000,-0.565962186
0,2205,1784881123.163115501,858,8.580000148,4.602902981,-0.401755694,1.200000000,-0.567410121
0,2205,1784881123.163115501,859,8.590000148,4.608267041,-0.405625431,1.200000000,-0.568850957
0,2205,1784881123.163115501,860,8.600000148,4.613632950,-0.409494069,1.200000000,-0.570284648
0,2205,1784881123.163115501,861,8.610000148,4.619000761,-0.413361492,1.200000000,-0.571711151
0,2205,1784881123.163115501,862,8.620000148,4.624370524,-0.417227584,1.200000000,-0.573130421
0,2205,1784881123.163115501,863,8.630000148,4.629742292,-0.421092232,1.200000000,-0.574542415
0,2205,1784881123.163115501,864,8.640000148,4.635116114,-0.424955318,1.200000000,-0.575947087
0,2205,1784881123.163115501,865,8.650000148,4.640492038,-0.428816728,1.200000000,-0.577344394
0,2205,1784881123.163115501,866,8.660000148,4.645870113,-0.432676347,1.200000000,-0.578734291
0,2205,1784881123.163115501,867,8.670000148,4.651250386,-0.436534060,1.200000000,-0.580116735
0,2205,1784881123.163115501,868,8.680000148,4.656632900,-0.440389753,1.200000000,-0.581491682
0,2205,1784881123.163115501,869,8.690000148,4.662017701,-0.444243312,1.200000000,-0.582859086
0,2205,1784881123.163115501,870,8.700000148,4.667404832,-0.448094622,1.200000000,-0.584218904
0,2205,1784881123.163115501,871,8.710000148,4.672794334,-0.451943570,1.200000000,-0.585571092
0,2205,1784881123.163115501,872,8.720000148,4.678186248,-0.455790042,1.200000000,-0.586915605
0,2205,1784881123.163115501,873,8.730000148,4.683580613,-0.459633924,1.200000000,-0.588252400
0,2205,1784881123.163115501,874,8.740000148,4.688977468,-0.463475104,1.200000000,-0.589581432
0,2205,1784881123.163115501,875,8.750000148,4.694376850,-0.467313468,1.200000000,-0.590902657
0,2205,1784881123.163115501,876,8.760000148,4.699778795,-0.471148904,1.200000000,-0.592216030
0,2205,1784881123.163115501,877,8.770000148,4.705183337,-0.474981299,1.200000000,-0.593521508
0,2205,1784881123.163115501,878,8.780000148,4.710590509,-0.478810540,1.200000000,-0.594819047
0,2205,1784881123.163115501,879,8.790000148,4.716000344,-0.482636517,1.200000000,-0.596108602
0,2205,1784881123.163115501,880,8.800000148,4.721412872,-0.486459117,1.200000000,-0.597390129
0,2205,1784881123.163115501,881,8.810000148,4.726828124,-0.490278228,1.200000000,-0.598663583
0,2205,1784881123.163115501,882,8.820000148,4.732246126,-0.494093740,1.200000000,-0.599928922
0,2205,1784881123.163115501,883,8.830000148,4.737666908,-0.497905541,1.200000000,-0.601186099
0,2205,1784881123.163115501,884,8.840000148,4.743090493,-0.501713520,1.200000000,-0.602435073
0,2205,1784881123.163115501,885,8.850000148,4.748516907,-0.505517568,1.200000000,-0.603675797
0,2205,1784881123.163115501,886,8.860000148,4.753946173,-0.509317573,1.200000000,-0.604908228
0,2205,1784881123.163115501,887,8.870000148,4.759378312,-0.513113426,1.200000000,-0.606132322
0,2205,1784881123.163115501,888,8.880000148,4.764813346,-0.516905018,1.200000000,-0.607348035
0,2205,1784881123.163115501,889,8.890000148,4.770251294,-0.520692239,1.200000000,-0.608555322
0,2205,1784881123.163115501,890,8.900000148,4.775692173,-0.524474979,1.200000000,-0.609754140
0,2205,1784881123.163115501,891,8.910000148,4.781136001,-0.528253130,1.200000000,-0.610944443
0,2205,1784881123.163115501,892,8.920000148,4.786582793,-0.532026583,1.200000000,-0.612126188
0,2205,1784881123.163115501,893,8.930000148,4.792032563,-0.535795231,1.200000000,-0.613299331
0,2205,1784881123.163115501,894,8.940000148,4.797485324,-0.539558965,1.200000000,-0.614463828
0,2205,1784881123.163115501,895,8.950000148,4.802941088,-0.543317676,1.200000000,-0.615619633
0,2205,1784881123.163115501,896,8.960000148,4.808399864,-0.547071259,1.200000000,-0.616766704
0,2205,1784881123.163115501,897,8.970000148,4.813861662,-0.550819606,1.200000000,-0.617904996
0,2205,1784881123.163115501,898,8.980000148,4.819326489,-0.554562610,1.200000000,-0.619034465
0,2205,1784881123.163115501,899,8.990000148,4.824794352,-0.558300164,1.200000000,-0.620155066
0,2205,1784881123.163115501,900,9.000000148,4.830265256,-0.562032162,1.200000000,-0.621266756
0,2205,1784881123.163115501,901,9.010000148,4.835739205,-0.565758499,1.200000000,-0.622369489
0,2205,1784881123.163115501,902,9.020000148,4.841216200,-0.569479068,1.200000000,-0.623463223
0,2205,1784881123.163115501,903,9.030000148,4.846696244,-0.573193764,1.200000000,-0.624547913
0,2205,1784881123.163115501,904,9.040000148,4.852179336,-0.576902483,1.200000000,-0.625623515
0,2205,1784881123.163115501,905,9.050000148,4.857665476,-0.580605119,1.200000000,-0.626689984
0,2205,1784881123.163115501,906,9.060000148,4.863154659,-0.584301567,1.200000000,-0.627747276
0,2205,1784881123.163115501,907,9.070000148,4.868646883,-0.587991725,1.200000000,-0.628795347
0,2205,1784881123.163115501,908,9.080000148,4.874142143,-0.591675487,1.200000000,-0.629834154
0,2205,1784881123.163115501,909,9.090000148,4.879640432,-0.595352751,1.200000000,-0.630863651
0,2205,1784881123.163115501,910,9.100000148,4.885141742,-0.599023412,1.200000000,-0.631883795
0,2205,1784881123.163115501,911,9.110000148,4.890646065,-0.602687369,1.200000000,-0.632894541
0,2205,1784881123.163115501,912,9.120000148,4.896153391,-0.606344518,1.200000000,-0.633895845
0,2205,1784881123.163115501,913,9.130000148,4.901663709,-0.609994756,1.200000000,-0.634887617
0,2205,1784881123.163115501,914,9.140000148,4.907177006,-0.613637983,1.200000000,-0.635869614
0,2205,1784881123.163115501,915,9.150000148,4.912693268,-0.617274096,1.200000000,-0.636841564
0,2205,1784881123.163115501,916,9.160000148,4.918212482,-0.620902993,1.200000000,-0.637803196
0,2205,1784881123.163115501,917,9.170000148,4.923734631,-0.624524573,1.200000000,-0.638754239
0,2205,1784881123.163115501,918,9.180000148,4.929259697,-0.628138735,1.200000000,-0.639694419
0,2205,1784881123.163115501,919,9.190000148,4.934787664,-0.631745380,1.200000000,-0.640623467
0,2205,1784881123.163115501,920,9.200000148,4.940318511,-0.635344405,1.200000000,-0.641541109
0,2205,1784881123.163115501,921,9.210000148,4.945852219,-0.638935712,1.200000000,-0.642447075
0,2205,1784881123.163115501,922,9.220000148,4.951388765,-0.642519201,1.200000000,-0.643341092
0,2205,1784881123.163115501,923,9.230000148,4.956928127,-0.646094771,1.200000000,-0.644222889
0,2205,1784881123.163115501,924,9.240000148,4.962470283,-0.649662324,1.200000000,-0.645092194
0,2205,1784881123.163115501,925,9.250000148,4.968015206,-0.653221761,1.200000000,-0.645948735
0,2205,1784881123.163115501,926,9.260000148,4.973562871,-0.656772982,1.200000000,-0.646792241
0,2205,1784881123.163115501,927,9.270000148,4.979113253,-0.660315891,1.200000000,-0.647622439
0,2205,1784881123.163115501,928,9.280000148,4.984666322,-0.663850388,1.200000000,-0.648439059
0,2205,1784881123.163115501,929,9.290000148,4.990222051,-0.667376375,1.200000000,-0.649241828
0,2205,1784881123.163115501,930,9.300000148,4.995780410,-0.670893756,1.200000000,-0.650030475
0,2205,1784881123.163115501,931,9.310000148,5.001341368,-0.674402432,1.200000000,-0.650804728
0,2205,1784881123.163115501,932,9.320000148,5.006904895,-0.677902307,1.200000000,-0.651564315
0,2205,1784881123.163115501,933,9.330000148,5.012470957,-0.681393283,1.200000000,-0.652308964
0,2205,1784881123.163115501,934,9.340000148,5.018039522,-0.684875265,1.200000000,-0.653038404
0,2205,1784881123.163115501,935,9.350000148,5.023610557,-0.688348155,1.200000000,-0.653752364
0,2205,1784881123.163115501,936,9.360000148,5.029184025,-0.691811858,1.200000000,-0.654450570
0,2205,1784881123.163115501,937,9.370000148,5.034759891,-0.695266278,1.200000000,-0.655132752
0,2205,1784881123.163115501,938,9.380000148,5.040338120,-0.698711319,1.200000000,-0.655798638
0,2205,1784881123.163115501,939,9.390000148,5.045918674,-0.702146885,1.200000000,-0.656447956
0,2205,1784881123.163115501,940,9.400000148,5.051501515,-0.705572883,1.200000000,-0.657080435
0,2205,1784881123.163115501,941,9.410000148,5.057086605,-0.708989215,1.200000000,-0.657695802
0,2205,1784881123.163115501,942,9.420000148,5.062673904,-0.712395789,1.200000000,-0.658293786
0,2205,1784881123.163115501,943,9.430000148,5.068263372,-0.715792509,1.200000000,-0.658874115
0,2205,1784881123.163115501,944,9.440000148,5.073854970,-0.719179282,1.200000000,-0.659436518
0,2205,1784881123.163115501,945,9.450000148,5.079448655,-0.722556012,1.200000000,-0.659980723
0,2205,1784881123.163115501,946,9.460000148,5.085044387,-0.725922607,1.200000000,-0.660506457
0,2205,1784881123.163115501,947,9.470000148,5.090642122,-0.729278972,1.200000000,-0.661013450
0,2205,1784881123.163115501,948,9.480000148,5.096241818,-0.732625014,1.200000000,-0.661501429
0,2205,1784881123.163115501,949,9.490000148,5.101843432,-0.735960639,1.200000000,-0.661970123
0,2205,1784881123.163115501,950,9.500000148,5.107446920,-0.739285756,1.200000000,-0.662419261
0,2205,1784881123.163115501,951,9.510000148,5.113052237,-0.742600270,1.200000000,-0.662848569
0,2205,1784881123.163115501,952,9.520000148,5.118659339,-0.745904090,1.200000000,-0.663257778
0,2205,1784881123.163115501,953,9.530000148,5.124268181,-0.749197122,1.200000000,-0.663646614
0,2205,1784881123.163115501,954,9.540000148,5.129878717,-0.752479274,1.200000000,-0.664014806
0,2205,1784881123.163115501,955,9.550000148,5.135490901,-0.755750454,1.200000000,-0.664362083
0,2205,1784881123.163115501,956,9.560000148,5.141104687,-0.759010569,1.200000000,-0.664688173
0,2205,1784881123.163115501,957,9.570000148,5.146720030,-0.762259529,1.200000000,-0.664992803
0,2205,1784881123.163115501,958,9.580000148,5.152336880,-0.765497242,1.200000000,-0.665275703
0,2205,1784881123.163115501,959,9.590000148,5.157955193,-0.768723615,1.200000000,-0.665536601
0,2205,1784881123.163115501,960,9.600000148,5.163574921,-0.771938557,1.200000000,-0.665775224
0,2205,1784881123.163115501,961,9.610000148,5.169196016,-0.775141978,1.200000000,-0.665991301
0,2205,1784881123.163115501,962,9.620000148,5.174818430,-0.778333785,1.200000000,-0.666184561
0,2205,1784881123.163115501,963,9.630000148,5.180442117,-0.781513889,1.200000000,-0.666354731
0,2205,1784881123.163115501,964,9.640000148,5.186067027,-0.784682197,1.200000000,-0.666501540
0,2205,1784881123.163115501,965,9.650000148,5.191693114,-0.787838620,1.200000000,-0.666624717
0,2205,1784881123.163115501,966,9.660000148,5.197320329,-0.790983067,1.200000000,-0.666723989
0,2205,1784881123.163115501,967,9.670000148,5.202948624,-0.794115447,1.200000000,-0.666799084
0,2205,1784881123.163115501,968,9.680000148,5.208577952,-0.797235669,1.200000000,-0.666849732
0,2205,1784881123.163115501,969,9.690000148,5.214208264,-0.800343645,1.200000000,-0.666875660
0,2205,1784881123.163115501,970,9.700000148,5.219839513,-0.803439283,1.200000000,-0.666876596
0,2205,1784881123.163115501,971,9.710000148,5.225471650,-0.806522493,1.200000000,-0.666852270
0,2205,1784881123.163115501,972,9.720000148,5.231104628,-0.809593186,1.200000000,-0.666802408
0,2205,1784881123.163115501,973,9.730000148,5.236738400,-0.812651271,1.200000000,-0.666726739
0,2205,1784881123.163115501,974,9.740000148,5.242372918,-0.815696659,1.200000000,-0.666624993
0,2205,1784881123.163115501,975,9.750000148,5.248008135,-0.818729261,1.200000000,-0.666496896
0,2205,1784881123.163115501,976,9.760000148,5.253644003,-0.821748986,1.200000000,-0.666342177
0,2205,1784881123.163115501,977,9.770000148,5.259280477,-0.824755745,1.200000000,-0.666160565
0,2205,1784881123.163115501,978,9.780000148,5.264917510,-0.827749448,1.200000000,-0.665951788
0,2205,1784881123.163115501,979,9.790000148,5.270555056,-0.830730007,1.200000000,-0.665715573
0,2205,1784881123.163115501,980,9.800000148,5.276193068,-0.833697332,1.200000000,-0.665451650
0,2205,1784881123.163115501,981,9.810000148,5.281831503,-0.836651334,1.200000000,-0.665159746
0,2205,1784881123.163115501,982,9.820000148,5.287470313,-0.839591923,1.200000000,-0.664839590
0,2205,1784881123.163115501,983,9.830000148,5.293109456,-0.842519011,1.200000000,-0.664490910
0,2205,1784881123.163115501,984,9.840000148,5.298748886,-0.845432508,1.200000000,-0.664113435
0,2205,1784881123.163115501,985,9.850000148,5.304388561,-0.848332326,1.200000000,-0.663706892
0,2205,1784881123.163115501,986,9.860000148,5.310028436,-0.851218375,1.200000000,-0.663271010
0,2205,1784881123.163115501,987,9.870000148,5.315668470,-0.854090567,1.200000000,-0.662805517
0,2205,1784881123.163115501,988,9.880000148,5.321308620,-0.856948813,1.200000000,-0.662310141
0,2205,1784881123.163115501,989,9.890000148,5.326948844,-0.859793023,1.200000000,-0.661784612
0,2205,1784881123.163115501,990,9.900000148,5.332589102,-0.862623111,1.200000000,-0.661228656
0,2205,1784881123.163115501,991,9.910000148,5.338229354,-0.865438985,1.200000000,-0.660642002
0,2205,1784881123.163115501,992,9.920000148,5.343869559,-0.868240559,1.200000000,-0.660024379
0,2205,1784881123.163115501,993,9.930000148,5.349509678,-0.871027743,1.200000000,-0.659375515
0,2205,1784881123.163115501,994,9.940000148,5.355149674,-0.873800449,1.200000000,-0.658695138
0,2205,1784881123.163115501,995,9.950000148,5.360789509,-0.876558587,1.200000000,-0.657982976
0,2205,1784881123.163115501,996,9.960000148,5.366429146,-0.879302071,1.200000000,-0.657238758
0,2205,1784881123.163115501,997,9.970000148,5.372068549,-0.882030810,1.200000000,-0.656462212
0,2205,1784881123.163115501,998,9.980000148,5.377707682,-0.884744718,1.200000000,-0.655653066
0,2205,1784881123.163115501,999,9.990000148,5.383346512,-0.887443704,1.200000000,-0.654811048
0,2205,1784881123.163115501,1000,10.000000148,5.388985004,-0.890127681,1.200000000,-0.653935887
0,2205,1784881123.163115501,1001,10.010000148,5.394623127,-0.892796560,1.200000000,-0.653027311
0,2205,1784881123.163115501,1002,10.020000148,5.400260847,-0.895450254,1.200000000,-0.652085048
0,2205,1784881123.163115501,1003,10.030000148,5.405898135,-0.898088673,1.200000000,-0.651108826
0,2205,1784881123.163115501,1004,10.040000148,5.411534960,-0.900711729,1.200000000,-0.650098375
0,2205,1784881123.163115501,1005,10.050000148,5.417171293,-0.903319334,1.200000000,-0.649053421
0,2205,1784881123.163115501,1006,10.060000148,5.422807106,-0.905911400,1.200000000,-0.647973694
0,2205,1784881123.163115501,1007,10.070000148,5.428442372,-0.908487838,1.200000000,-0.646858921
0,2205,1784881123.163115501,1008,10.080000148,5.434077065,-0.911048560,1.200000000,-0.645708832
0,2205,1784881123.163115501,1009,10.090000148,5.439711160,-0.913593478,1.200000000,-0.644523153
0,2205,1784881123.163115501,1010,10.100000148,5.445344633,-0.916122504,1.200000000,-0.643301614
0,2205,1784881123.163115501,1011,10.110000148,5.450977461,-0.918635549,1.200000000,-0.642043942
0,2205,1784881123.163115501,1012,10.120000148,5.456609623,-0.921132525,1.200000000,-0.640749867
0,2205,1784881123.163115501,1013,10.130000148,5.462241097,-0.923613345,1.200000000,-0.639419115
0,2205,1784881123.163115501,1014,10.140000148,5.467871863,-0.926077920,1.200000000,-0.638051416
0,2205,1784881123.163115501,1015,10.150000148,5.473501905,-0.928526162,1.200000000,-0.636646498
0,2205,1784881123.163115501,1016,10.160000148,5.479131203,-0.930957982,1.200000000,-0.635204089
0,2205,1784881123.163115501,1017,10.170000148,5.484759743,-0.933373294,1.200000000,-0.633723917
0,2205,1784881123.163115501,1018,10.180000148,5.490387508,-0.935772008,1.200000000,-0.632205711
0,2205,1784881123.163115501,1019,10.190000148,5.496014486,-0.938154038,1.200000000,-0.630649199
0,2205,1784881123.163115501,1020,10.200000148,5.501640664,-0.940519294,1.200000000,-0.629054109
0,2205,1784881123.163115501,1021,10.210000148,5.507266031,-0.942867689,1.200000000,-0.627420169
0,2205,1784881123.163115501,1022,10.220000148,5.512890575,-0.945199136,1.200000000,-0.625747108
0,2205,1784881123.163115501,1023,10.230000148,5.518514290,-0.947513547,1.200000000,-0.624034653
0,2205,1784881123.163115501,1024,10.240000148,5.524137167,-0.949810833,1.200000000,-0.622282535
0,2205,1784881123.163115501,1025,10.250000148,5.529759200,-0.952090907,1.200000000,-0.620490479
0,2205,1784881123.163115501,1026,10.260000148,5.535380383,-0.954353681,1.200000000,-0.618658215
0,2205,1784881123.163115501,1027,10.270000148,5.541000714,-0.956599069,1.200000000,-0.616785472
0,2205,1784881123.163115501,1028,10.280000148,5.546620190,-0.958826982,1.200000000,-0.614871976
0,2205,1784881123.163115501,1029,10.290000148,5.552238810,-0.961037333,1.200000000,-0.612917457
0,2205,1784881123.163115501,1030,10.300000148,5.557856574,-0.963230034,1.200000000,-0.610921643
0,2205,1784881123.163115501,1031,10.310000148,5.563473483,-0.965404999,1.200000000,-0.608884262
0,2205,1784881123.163115501,1032,10.320000148,5.569089542,-0.967562139,1.200000000,-0.606805043
0,2205,1784881123.163115501,1033,10.330000148,5.574704753,-0.969701369,1.200000000,-0.604683713
0,2205,1784881123.163115501,1034,10.340000148,5.580319123,-0.971822601,1.200000000,-0.602520001
0,2205,1784881123.163115501,1035,10.350000148,5.585932658,-0.973925748,1.200000000,-0.600313635
0,2205,1784881123.163115501,1036,10.360000148,5.591545368,-0.976010723,1.200000000,-0.598064344
0,2205,1784881123.163115501,1037,10.370000148,5.597157261,-0.978077440,1.200000000,-0.595771856
0,2205,1784881123.163115501,1038,10.380000148,5.602768349,-0.980125812,1.200000000,-0.593435898
0,2205,1784881123.163115501,1039,10.390000148,5.608378644,-0.982155752,1.200000000,-0.591056200
0,2205,1784881123.163115501,1040,10.400000148,5.613988160,-0.984167175,1.200000000,-0.588632490
0,2205,1784881123.163115501,1041,10.410000148,5.619596912,-0.986159994,1.200000000,-0.586164495
0,2205,1784881123.163115501,1042,10.420000148,5.625204917,-0.988134123,1.200000000,-0.583651944
0,2205,1784881123.163115501,1043,10.430000148,5.630812192,-0.990089477,1.200000000,-0.581094566
0,2205,1784881123.163115501,1044,10.440000148,5.636418758,-0.992025969,1.200000000,-0.578492088
0,2205,1784881123.163115501,1045,10.450000148,5.642024633,-0.993943514,1.200000000,-0.575844239
0,2205,1784881123.163115501,1046,10.460000148,5.647629841,-0.995842028,1.200000000,-0.573150749
0,2205,1784881123.163115501,1047,10.470000148,5.653234405,-0.997721424,1.200000000,-0.570411549
0,2205,1784881123.163115501,1048,10.480000148,5.658838349,-0.999581618,1.200000000,-0.567627057
0,2205,1784881123.163115501,1049,10.490000148,5.664441699,-1.001422525,1.200000000,-0.564797758
0,2205,1784881123.163115501,1050,10.500000148,5.670044483,-1.003244061,1.200000000,-0.561924138
0,2205,1784881123.163115501,1051,10.510000148,5.675646729,-1.005046142,1.200000000,-0.559006682
0,2205,1784881123.163115501,1052,10.520000148,5.681248468,-1.006828684,1.200000000,-0.556045878
0,2205,1784881123.163115501,1053,10.530000148,5.686849730,-1.008591602,1.200000000,-0.553042210
0,2205,1784881123.163115501,1054,10.540000148,5.692450548,-1.010334814,1.200000000,-0.549996164
0,2205,1784881123.163115501,1055,10.550000148,5.698050956,-1.012058236,1.200000000,-0.546908226
0,2205,1784881123.163115501,1056,10.560000148,5.703650989,-1.013761786,1.200000000,-0.543778882
0,2205,1784881123.163115501,1057,10.570000148,5.709250683,-1.015445381,1.200000000,-0.540608617
0,2205,1784881123.163115501,1058,10.580000148,5.714850076,-1.017108938,1.200000000,-0.537397918
0,2205,1784881123.163115501,1059,10.590000148,5.720449207,-1.018752377,1.200000000,-0.534147271
0,2205,1784881123.163115501,1060,10.600000148,5.726048116,-1.020375615,1.200000000,-0.530857161
0,2205,1784881123.163115501,1061,10.610000148,5.731646844,-1.021978571,1.200000000,-0.527528073
0,2205,1784881123.163115501,1062,10.620000148,5.737245433,-1.023561164,1.200000000,-0.524160495
0,2205,1784881123.163115501,1063,10.630000148,5.742843927,-1.025123315,1.200000000,-0.520754911
0,2205,1784881123.163115501,1064,10.640000148,5.748442371,-1.026664943,1.200000000,-0.517311807
0,2205,1784881123.163115501,1065,10.650000148,5.754040811,-1.028185968,1.200000000,-0.513831670
0,2205,1784881123.163115501,1066,10.660000148,5.759639293,-1.029686311,1.200000000,-0.510314984
0,2205,1784881123.163115501,1067,10.670000148,5.765237865,-1.031165894,1.200000000,-0.506762237
0,2205,1784881123.163115501,1068,10.680000148,5.770836578,-1.032624638,1.200000000,-0.503173913
0,2205,1784881123.163115501,1069,10.690000148,5.776435480,-1.034062466,1.200000000,-0.499550499
0,2205,1784881123.163115501,1070,10.700000148,5.782034623,-1.035479300,1.200000000,-0.495892480
0,2205,1784881123.163115501,1071,10.710000148,5.787634059,-1.036875064,1.200000000,-0.492200342
0,2205,1784881123.163115501,1072,10.720000148,5.793233841,-1.038249681,1.200000000,-0.488474571
0,2205,1784881123.163115501,1073,10.730000148,5.798834024,-1.039603076,1.200000000,-0.484715652
0,2205,1784881123.163115501,1074,10.740000148,5.804434662,-1.040935173,1.200000000,-0.480924073
0,2205,1784881123.163115501,1075,10.750000148,5.810035812,-1.042245898,1.200000000,-0.477100318
0,2205,1784881123.163115501,1076,10.760000148,5.815637530,-1.043535176,1.200000000,-0.473244872
0,2205,1784881123.163115501,1077,10.770000148,5.821239874,-1.044802935,1.200000000,-0.469358223
0,2205,1784881123.163115501,1078,10.780000148,5.826842902,-1.046049102,1.200000000,-0.465440856
0,2205,1784881123.163115501,1079,10.790000148,5.832446674,-1.047273605,1.200000000,-0.461493257
0,2205,1784881123.163115501,1080,10.800000148,5.838051250,-1.048476371,1.200000000,-0.457515910
0,2205,1784881123.163115501,1081,10.810000148,5.843656691,-1.049657331,1.200000000,-0.453509304
0,2205,1784881123.163115501,1082,10.820000148,5.849263058,-1.050816414,1.200000000,-0.449473922
0,2205,1784881123.163115501,1083,10.830000148,5.854870413,-1.051953550,1.200000000,-0.445410251
0,2205,1784881123.163115501,1084,10.840000148,5.860478821,-1.053068672,1.200000000,-0.441318777
0,2205,1784881123.163115501,1085,10.850000148,5.866088343,-1.054161711,1.200000000,-0.437199985
0,2205,1784881123.163115501,1086,10.860000148,5.871699045,-1.055232599,1.200000000,-0.433054362
0,2205,1784881123.163115501,1087,10.870000148,5.877310991,-1.056281271,1.200000000,-0.428882393
0,2205,1784881123.163115501,1088,10.880000148,5.882924246,-1.057307661,1.200000000,-0.424684564
0,2205,1784881123.163115501,1089,10.890000148,5.888538877,-1.058311703,1.200000000,-0.420461361
0,2205,1784881123.163115501,1090,10.900000148,5.894154950,-1.059293335,1.200000000,-0.416213269
0,2205,1784881123.163115501,1091,10.910000148,5.899772530,-1.060252492,1.200000000,-0.411940775
0,2205,1784881123.163115501,1092,10.920000148,5.905391687,-1.061189113,1.200000000,-0.407644364
0,2205,1784881123.163115501,1093,10.930000148,5.911012487,-1.062103135,1.200000000,-0.403324522
0,2205,1784881123.163115501,1094,10.940000148,5.916634998,-1.062994500,1.200000000,-0.398981735
0,2205,1784881123.163115501,1095,10.950000148,5.922259289,-1.063863146,1.200000000,-0.394616489
0,2205,1784881123.163115501,1096,10.960000148,5.927885428,-1.064709015,1.200000000,-0.390229269
0,2205,1784881123.163115501,1097,10.970000148,5.933513484,-1.065532049,1.200000000,-0.385820562
0,2205,1784881123.163115501,1098,10.980000148,5.939143526,-1.066332193,1.200000000,-0.381390852
0,2205,1784881123.163115501,1099,10.990000148,5.944775623,-1.067109389,1.200000000,-0.376940627
0,2205,1784881123.163115501,1100,11.000000148,5.950409846,-1.067863583,1.200000000,-0.372470372
0,2205,1784881123.163115501,1101,11.010000148,5.956046264,-1.068594722,1.200000000,-0.367980572
0,2205,1784881123.163115501,1102,11.020000148,5.961684945,-1.069302752,1.200000000,-0.363471713
0,2205,1784881123.163115501,1103,11.030000148,5.967325961,-1.069987622,1.200000000,-0.358944282
0,2205,1784881123.163115501,1104,11.040000148,5.972969381,-1.070649282,1.200000000,-0.354398764
0,2205,1784881123.163115501,1105,11.050000148,5.978615274,-1.071287681,1.200000000,-0.349835644
0,2205,1784881123.163115501,1106,11.060000148,5.984263712,-1.071902772,1.200000000,-0.345255410
0,2205,1784881123.163115501,1107,11.070000148,5.989914762,-1.072494508,1.200000000,-0.340658545
0,2205,1784881123.163115501,1108,11.080000148,5.995568495,-1.073062841,1.200000000,-0.336045537
0,2205,1784881123.163115501,1109,11.090000148,6.001224981,-1.073607727,1.200000000,-0.331416872
0,2205,1784881123.163115501,1110,11.100000148,6.006884288,-1.074129123,1.200000000,-0.326773034
0,2205,1784881123.163115501,1111,11.110000148,6.012546486,-1.074626986,1.200000000,-0.322114510
0,2205,1784881123.163115501,1112,11.120000148,6.018211644,-1.075101274,1.200000000,-0.317441785
0,2205,1784881123.163115501,1113,11.130000148,6.023879830,-1.075551947,1.200000000,-0.312755346
0,2205,1784881123.163115501,1114,11.140000148,6.029551112,-1.075978967,1.200000000,-0.308055678
0,2205,1784881123.163115501,1115,11.150000148,6.035225559,-1.076382296,1.200000000,-0.303343267
0,2205,1784881123.163115501,1116,11.160000148,6.040903237,-1.076761897,1.200000000,-0.298618599
0,2205,1784881123.163115501,1117,11.170000148,6.046584215,-1.077117736,1.200000000,-0.293882160
0,2205,1784881123.163115501,1118,11.180000148,6.052268558,-1.077449778,1.200000000,-0.289134435
0,2205,1784881123.163115501,1119,11.190000148,6.057956333,-1.077757992,1.200000000,-0.284375910
0,2205,1784881123.163115501,1120,11.200000148,6.063647606,-1.078042346,1.200000000,-0.279607072
0,2205,1784881123.163115501,1121,11.210000148,6.069342442,-1.078302810,1.200000000,-0.274828405
0,2205,1784881123.163115501,1122,11.220000148,6.075040905,-1.078539357,1.200000000,-0.270040396
0,2205,1784881123.163115501,1123,11.230000148,6.080743059,-1.078751959,1.200000000,-0.265243531
0,2205,1784881123.163115501,1124,11.240000148,6.086448967,-1.078940592,1.200000000,-0.260438295
0,2205,1784881123.163115501,1125,11.250000148,6.092158693,-1.079105230,1.200000000,-0.255625174
0,2205,1784881123.163115501,1126,11.260000148,6.097872297,-1.079245851,1.200000000,-0.250804654
0,2205,1784881123.163115501,1127,11.270000148,6.103589842,-1.079362435,1.200000000,-0.245977221
0,2205,1784881123.163115501,1128,11.280000148,6.109311386,-1.079454961,1.200000000,-0.241143361
0,2205,1784881123.163115501,1129,11.290000148,6.115036991,-1.079523412,1.200000000,-0.236303559
0,2205,1784881123.163115501,1130,11.300000148,6.120766713,-1.079567770,1.200000000,-0.231458301
0,2205,1784881123.163115501,1131,11.310000148,6.126500612,-1.079588020,1.200000000,-0.226608074
0,2205,1784881123.163115501,1132,11.320000148,6.132238744,-1.079584149,1.200000000,-0.221753362
0,2205,1784881123.163115501,1133,11.330000148,6.137981165,-1.079556145,1.200000000,-0.216894652
0,2205,1784881123.163115501,1134,11.340000148,6.143727929,-1.079503998,1.200000000,-0.212032429
0,2205,1784881123.163115501,1135,11.350000148,6.149479090,-1.079427697,1.200000000,-0.207167180
0,2205,1784881123.163115501,1136,11.360000148,6.155234702,-1.079327237,1.200000000,-0.202299390
0,2205,1784881123.163115501,1137,11.370000148,6.160994816,-1.079202610,1.200000000,-0.197429545
0,2205,1784881123.163115501,1138,11.380000148,6.166759483,-1.079053814,1.200000000,-0.192558131
0,2205,1784881123.163115501,1139,11.390000148,6.172528751,-1.078880845,1.200000000,-0.187685633
0,2205,1784881123.163115501,1140,11.400000148,6.178302670,-1.078683703,1.200000000,-0.182812538
0,2205,1784881123.163115501,1141,11.410000148,6.184081287,-1.078462388,1.200000000,-0.177939331
0,2205,1784881123.163115501,1142,11.420000148,6.189864646,-1.078216903,1.200000000,-0.173066498
0,2205,1784881123.163115501,1143,11.430000148,6.195652794,-1.077947252,1.200000000,-0.168194525
0,2205,1784881123.163115501,1144,11.440000148,6.201445772,-1.077653441,1.200000000,-0.163323898
0,2205,1784881123.163115501,1145,11.450000148,6.207243624,-1.077335477,1.200000000,-0.158455102
0,2205,1784881123.163115501,1146,11.460000148,6.213046389,-1.076993369,1.200000000,-0.153588623
0,2205,1784881123.163115501,1147,11.470000148,6.218854107,-1.076627129,1.200000000,-0.148724948
0,2205,1784881123.163115501,1148,11.480000148,6.224666816,-1.076236770,1.200000000,-0.143864561
0,2205,1784881123.163115501,1149,11.490000148,6.230484553,-1.075822304,1.200000000,-0.139007950
0,2205,1784881123.163115501,1150,11.500000148,6.236307351,-1.075383750,1.200000000,-0.134155599
0,2205,1784881123.163115501,1151,11.510000148,6.242135244,-1.074921124,1.200000000,-0.129307994
0,2205,1784881123.163115501,1152,11.520000148,6.247968265,-1.074434446,1.200000000,-0.124465621
0,2205,1784881123.163115501,1153,11.530000148,6.253806444,-1.073923738,1.200000000,-0.119628967
0,2205,1784881123.163115501,1154,11.540000148,6.259649810,-1.073389023,1.200000000,-0.114798516
0,2205,1784881123.163115501,1155,11.550000148,6.265498389,-1.072830326,1.200000000,-0.109974755
0,2205,1784881123.163115501,1156,11.560000148,6.271352208,-1.072247674,1.200000000,-0.105158170
0,2205,1784881123.163115501,1157,11.570000148,6.277211290,-1.071641096,1.200000000,-0.100349245
0,2205,1784881123.163115501,1158,11.580000148,6.283075658,-1.071010621,1.200000000,-0.095548468
0,2205,1784881123.163115501,1159,11.590000148,6.288945333,-1.070356283,1.200000000,-0.090756324
0,2205,1784881123.163115501,1160,11.600000148,6.294820333,-1.069678115,1.200000000,-0.085973298
0,2205,1784881123.163115501,1161,11.610000148,6.300700676,-1.068976154,1.200000000,-0.081199877
0,2205,1784881123.163115501,1162,11.620000148,6.306586376,-1.068250437,1.200000000,-0.076436547
0,2205,1784881123.163115501,1163,11.630000148,6.312477449,-1.067501003,1.200000000,-0.071683793
0,2205,1784881123.163115501,1164,11.640000148,6.318373906,-1.066727895,1.200000000,-0.066942100
0,2205,1784881123.163115501,1165,11.650000148,6.324275756,-1.065931155,1.200000000,-0.062211956
0,2205,1784881123.163115501,1166,11.660000148,6.330183009,-1.065110829,1.200000000,-0.057493845
0,2205,1784881123.163115501,1167,11.670000148,6.336095671,-1.064266963,1.200000000,-0.052788253
0,2205,1784881123.163115501,1168,11.680000148,6.342013747,-1.063399608,1.200000000,-0.048095667
0,2205,1784881123.163115501,1169,11.690000148,6.347937238,-1.062508813,1.200000000,-0.043416572
0,2205,1784881123.163115501,1170,11.700000148,6.353866147,-1.061594631,1.200000000,-0.038751454
0,2205,1784881123.163115501,1171,11.710000148,6.359800472,-1.060657116,1.200000000,-0.034100798
0,2205,1784881123.163115501,1172,11.720000148,6.365740210,-1.059696326,1.200000000,-0.029465091
0,2205,1784881123.163115501,1173,11.730000148,6.371685357,-1.058712318,1.200000000,-0.024844818
0,2205,1784881123.163115501,1174,11.740000148,6.377635906,-1.057705152,1.200000000,-0.020240466
0,2205,1784881123.163115501,1175,11.750000148,6.383591847,-1.056674890,1.200000000,-0.015652520
0,2205,1784881123.163115501,1176,11.760000148,6.389553172,-1.055621597,1.200000000,-0.011081465
0,2205,1784881123.163115501,1177,11.770000148,6.395519865,-1.054545337,1.200000000,-0.006527788
0,2205,1784881123.163115501,1178,11.780000148,6.401491914,-1.053446179,1.200000000,-0.001991974
0,2205,1784881123.163115501,1179,11.790000148,6.407469302,-1.052324192,1.200000000,0.002525490
0,2205,1784881123.163115501,1180,11.800000148,6.413452010,-1.051179447,1.200000000,0.007024120
0,2205,1784881123.163115501,1181,11.810000148,6.419440017,-1.050012018,1.200000000,0.011503463
0,2205,1784881123.163115501,1182,11.820000148,6.425433301,-1.048821979,1.200000000,0.015963360
0,2205,1784881123.163115501,1183,11.830000148,6.431431837,-1.047609407,1.200000000,0.020403795
0,2205,1784881123.163115501,1184,11.840000148,6.437435599,-1.046374381,1.200000000,0.024824756
0,2205,1784881123.163115501,1185,11.850000148,6.443444559,-1.045116982,1.200000000,0.029226228
0,2205,1784881123.163115501,1186,11.860000148,6.449458684,-1.043837292,1.200000000,0.033608199
0,2205,1784881123.163115501,1187,11.870000148,6.455477944,-1.042535395,1.200000000,0.037970653
0,2205,1784881123.163115501,1188,11.880000148,6.461502303,-1.041211377,1.200000000,0.042313579
0,2205,1784881123.163115501,1189,11.890000148,6.467531725,-1.039865327,1.200000000,0.046636961
0,2205,1784881123.163115501,1190,11.900000148,6.473566171,-1.038497333,1.200000000,0.050940787
0,2205,1784881123.163115501,1191,11.910000148,6.479605600,-1.037107487,1.200000000,0.055225043
0,2205,1784881123.163115501,1192,11.920000148,6.485649970,-1.035695883,1.200000000,0.059489716
0,2205,1784881123.163115501,1193,11.930000148,6.491699235,-1.034262615,1.200000000,0.063734791
0,2205,1784881123.163115501,1194,11.940000148,6.497753350,-1.032807780,1.200000000,0.067960255
0,2205,1784881123.163115501,1195,11.950000148,6.503812265,-1.031331478,1.200000000,0.072166094
0,2205,1784881123.163115501,1196,11.960000148,6.509875930,-1.029833807,1.200000000,0.076352295
0,2205,1784881123.163115501,1197,11.970000148,6.515944292,-1.028314871,1.200000000,0.080518844
0,2205,1784881123.163115501,1198,11.980000148,6.522017297,-1.026774772,1.200000000,0.084665728
0,2205,1784881123.163115501,1199,11.990000148,6.528094887,-1.025213617,1.200000000,0.088792933
0,2205,1784881123.163115501,1200,12.000000148,6.534177005,-1.023631512,1.200000000,0.092900445
0,2205,1784881123.163115501,1201,12.010000148,6.540263589,-1.022028567,1.200000000,0.096988251
0,2205,1784881123.163115501,1202,12.020000148,6.546354577,-1.020404892,1.200000000,0.101056337
0,2205,1784881123.163115501,1203,12.030000148,6.552449905,-1.018760600,1.200000000,0.105104689
0,2205,1784881123.163115501,1204,12.040000148,6.558549507,-1.017095803,1.200000000,0.109133295
0,2205,1784881123.163115501,1205,12.050000148,6.564653314,-1.015410618,1.200000000,0.113142139
0,2205,1784881123.163115501,1206,12.060000148,6.570761256,-1.013705161,1.200000000,0.117131209
0,2205,1784881123.163115501,1207,12.070000148,6.576873261,-1.011979552,1.200000000,0.121100491
0,2205,1784881123.163115501,1208,12.080000148,6.582989255,-1.010233911,1.200000000,0.125049972
0,2205,1784881123.163115501,1209,12.090000148,6.589109162,-1.008468360,1.200000000,0.128979637
0,2205,1784881123.163115501,1210,12.100000148,6.595232906,-1.006683021,1.200000000,0.132889473
0,2205,1784881123.163115501,1211,12.110000148,6.601360405,-1.004878021,1.200000000,0.136779467
0,2205,1784881123.163115501,1212,12.120000148,6.607491581,-1.003053485,1.200000000,0.140649605
0,2205,1784881123.163115501,1213,12.130000148,6.613626348,-1.001209542,1.200000000,0.144499873
0,2205,1784881123.163115501,1214,12.140000148,6.619764623,-0.999346321,1.200000000,0.148330257
0,2205,1784881123.163115501,1215,12.150000148,6.625906319,-0.997463953,1.200000000,0.152140745
0,2205,1784881123.163115501,1216,12.160000148,6.632051348,-0.995562570,1.200000000,0.155931322
0,2205,1784881123.163115501,1217,12.170000148,6.638199619,-0.993642307,1.200000000,0.159701975
0,2205,1784881123.163115501,1218,12.180000148,6.644351042,-0.991703299,1.200000000,0.163452690
0,2205,1784881123.163115501,1219,12.190000148,6.650505523,-0.989745682,1.200000000,0.167183454
0,2205,1784881123.163115501,1220,12.200000148,6.656662967,-0.987769594,1.200000000,0.170894252
0,2205,1784881123.163115501,1221,12.210000148,6.662823277,-0.985775175,1.200000000,0.174585072
0,2205,1784881123.163115501,1222,12.220000148,6.668986355,-0.983762566,1.200000000,0.178255900
0,2205,1784881123.163115501,1223,12.230000148,6.675152102,-0.981731909,1.200000000,0.181906721
0,2205,1784881123.163115501,1224,12.240000148,6.681320416,-0.979683347,1.200000000,0.185537523
0,2205,1784881123.163115501,1225,12.250000148,6.687491193,-0.977617024,1.200000000,0.189148292
0,2205,1784881123.163115501,1226,12.260000148,6.693664331,-0.975533087,1.200000000,0.192739015
0,2205,1784881123.163115501,1227,12.270000148,6.699839722,-0.973431682,1.200000000,0.196309676
0,2205,1784881123.163115501,1228,12.280000148,6.706017260,-0.971312959,1.200000000,0.199860264
0,2205,1784881123.163115501,1229,12.290000148,6.712196836,-0.969177066,1.200000000,0.203390764
0,2205,1784881123.163115501,1230,12.300000148,6.718378339,-0.967024155,1.200000000,0.206901163
0,2205,1784881123.163115501,1231,12.310000148,6.724561658,-0.964854377,1.200000000,0.210391447
0,2205,1784881123.163115501,1232,12.320000148,6.730746680,-0.962667885,1.200000000,0.213861603
0,2205,1784881123.163115501,1233,12.330000148,6.736933291,-0.960464833,1.200000000,0.217311616
0,2205,1784881123.163115501,1234,12.340000148,6.743121374,-0.958245376,1.200000000,0.220741474
0,2205,1784881123.163115501,1235,12.350000148,6.749310814,-0.956009671,1.200000000,0.224151162
0,2205,1784881123.163115501,1236,12.360000148,6.755501492,-0.953757875,1.200000000,0.227540668
0,2205,1784881123.163115501,1237,12.370000148,6.761693288,-0.951490146,1.200000000,0.230909976
0,2205,1784881123.163115501,1238,12.380000148,6.767886082,-0.949206643,1.200000000,0.234259075
0,2205,1784881123.163115501,1239,12.390000148,6.774079753,-0.946907526,1.200000000,0.237587950
0,2205,1784881123.163115501,1240,12.400000148,6.780274177,-0.944592957,1.200000000,0.240896587
0,2205,1784881123.163115501,1241,12.410000148,6.786469231,-0.942263098,1.200000000,0.244184973
0,2205,1784881123.163115501,1242,12.420000148,6.792664789,-0.939918111,1.200000000,0.247453095
0,2205,1784881123.163115501,1243,12.430000148,6.798860725,-0.937558160,1.200000000,0.250700938
0,2205,1784881123.163115501,1244,12.440000148,6.805056913,-0.935183410,1.200000000,0.253928490
0,2205,1784881123.163115501,1245,12.450000148,6.811253224,-0.932794026,1.200000000,0.257135736
0,2205,1784881123.163115501,1246,12.460000148,6.817449529,-0.930390174,1.200000000,0.260322662
0,2205,1784881123.163115501,1247,12.470000148,6.823645697,-0.927972022,1.200000000,0.263489256
0,2205,1784881123.163115501,1248,12.480000148,6.829841599,-0.925539737,1.200000000,0.266635504
0,2205,1784881123.163115501,1249,12.490000148,6.836037103,-0.923093488,1.200000000,0.269761391
0,2205,1784881123.163115501,1250,12.500000148,6.842232075,-0.920633442,1.200000000,0.272866905
0,2205,1784881123.163115501,1251,12.510000148,6.848426383,-0.918159772,1.200000000,0.275952032
0,2205,1784881123.163115501,1252,12.520000148,6.854619893,-0.915672645,1.200000000,0.279016758
0,2205,1784881123.163115501,1253,12.530000148,6.860812469,-0.913172235,1.200000000,0.282061069
0,2205,1784881123.163115501,1254,12.540000148,6.867003975,-0.910658711,1.200000000,0.285084952
0,2205,1784881123.163115501,1255,12.550000148,6.873194277,-0.908132247,1.200000000,0.288088394
0,2205,1784881123.163115501,1256,12.560000148,6.879383237,-0.905593015,1.200000000,0.291071380
0,2205,1784881123.163115501,1257,12.570000148,6.885570717,-0.903041187,1.200000000,0.294033897
0,2205,1784881123.163115501,1258,12.580000148,6.891756579,-0.900476939,1.200000000,0.296975931
0,2205,1784881123.163115501,1259,12.590000148,6.897940685,-0.897900443,1.200000000,0.299897470
0,2205,1784881123.163115501,1260,12.600000148,6.904122896,-0.895311874,1.200000000,0.302798498
0,2205,1784881123.163115501,1261,12.610000148,6.910303073,-0.892711406,1.200000000,0.305679003
0,2205,1784881123.163115501,1262,12.620000148,6.916481074,-0.890099217,1.200000000,0.308538971
0,2205,1784881123.163115501,1263,12.630000148,6.922656761,-0.887475479,1.200000000,0.311378389
0,2205,1784881123.163115501,1264,12.640000148,6.928829992,-0.884840371,1.200000000,0.314197242
0,2205,1784881123.163115501,1265,12.650000148,6.935000626,-0.882194067,1.200000000,0.316995517
0,2205,1784881123.163115501,1266,12.660000148,6.941168522,-0.879536744,1.200000000,0.319773200
0,2205,1784881123.163115501,1267,12.670000148,6.947333539,-0.876868579,1.200000000,0.322530279
0,2205,1784881123.163115501,1268,12.680000148,6.953495534,-0.874189749,1.200000000,0.325266739
0,2205,1784881123.163115501,1269,12.690000148,6.959654365,-0.871500431,1.200000000,0.327982566
0,2205,1784881123.163115501,1270,12.700000148,6.965809891,-0.868800801,1.200000000,0.330677747
0,2205,1784881123.163115501,1271,12.710000148,6.971961969,-0.866091038,1.200000000,0.333352269
0,2205,1784881123.163115501,1272,12.720000148,6.978110457,-0.863371318,1.200000000,0.336006117
0,2205,1784881123.163115501,1273,12.730000148,6.984255212,-0.860641819,1.200000000,0.338639279
0,2205,1784881123.163115501,1274,12.740000148,6.990396091,-0.857902719,1.200000000,0.341251740
0,2205,1784881123.163115501,1275,12.750000148,6.996532954,-0.855154195,1.200000000,0.343843487
0,2205,1784881123.163115501,1276,12.760000148,7.002665656,-0.852396425,1.200000000,0.346414506
0,2205,1784881123.163115501,1277,12.770000148,7.008794055,-0.849629585,1.200000000,0.348964784
0,2205,1784881123.163115501,1278,12.780000148,7.014918011,-0.846853855,1.200000000,0.351494307
0,2205,1784881123.163115501,1279,12.790000148,7.021037380,-0.844069410,1.200000000,0.354003061
0,2205,1784881123.163115501,1280,12.800000148,7.027152020,-0.841276428,1.200000000,0.356491033
0,2205,1784881123.163115501,1281,12.810000148,7.033261791,-0.838475086,1.200000000,0.358958209
0,2205,1784881123.163115501,1282,12.820000148,7.039366551,-0.835665561,1.200000000,0.361404576
0,2205,1784881123.163115501,1283,12.830000148,7.045466158,-0.832848030,1.200000000,0.363830120
0,2205,1784881123.163115501,1284,12.840000148,7.051560472,-0.830022669,1.200000000,0.366234827
0,2205,1784881123.163115501,1285,12.850000148,7.057649353,-0.827189654,1.200000000,0.368618684
0,2205,1784881123.163115501,1286,12.860000148,7.063732660,-0.824349162,1.200000000,0.370981677
0,2205,1784881123.163115501,1287,12.870000148,7.069810254,-0.821501367,1.200000000,0.373323792
0,2205,1784881123.163115501,1288,12.880000148,7.075881996,-0.818646446,1.200000000,0.375645016
0,2205,1784881123.163115501,1289,12.890000148,7.081947748,-0.815784573,1.200000000,0.377945336
0,2205,1784881123.163115501,1290,12.900000148,7.088007370,-0.812915923,1.200000000,0.380224737
0,2205,1784881123.163115501,1291,12.910000148,7.094060727,-0.810040669,1.200000000,0.382483206
0,2205,1784881123.163115501,1292,12.920000148,7.100107680,-0.807158987,1.200000000,0.384720729
0,2205,1784881123.163115501,1293,12.930000148,7.106148093,-0.804271048,1.200000000,0.386937293
0,2205,1784881123.163115501,1294,12.940000148,7.112181831,-0.801377026,1.200000000,0.389132885
0,2205,1784881123.163115501,1295,12.950000148,7.118208759,-0.798477093,1.200000000,0.391307490
0,2205,1784881123.163115501,1296,12.960000148,7.124228743,-0.795571421,1.200000000,0.393461094
0,2205,1784881123.163115501,1297,12.970000148,7.130241648,-0.792660181,1.200000000,0.395593685
0,2205,1784881123.163115501,1298,12.980000148,7.136247343,-0.789743543,1.200000000,0.397705249
0,2205,1784881123.163115501,1299,12.990000148,7.142245695,-0.786821678,1.200000000,0.399795771
0,2205,1784881123.163115501,1300,13.000000148,7.148236574,-0.783894755,1.200000000,0.401865240
0,2205,1784881123.163115501,1301,13.010000148,7.154219848,-0.780962943,1.200000000,0.403913639
0,2205,1784881123.163115501,1302,13.020000148,7.160195390,-0.778026409,1.200000000,0.405940957
0,2205,1784881123.163115501,1303,13.030000148,7.166163070,-0.775085322,1.200000000,0.407947180
0,2205,1784881123.163115501,1304,13.040000148,7.172122761,-0.772139847,1.200000000,0.409932294
0,2205,1784881123.163115501,1305,13.050000148,7.178074336,-0.769190151,1.200000000,0.411896285
0,2205,1784881123.163115501,1306,13.060000148,7.184017672,-0.766236398,1.200000000,0.413839139
0,2205,1784881123.163115501,1307,13.070000148,7.189952642,-0.763278754,1.200000000,0.415760844
0,2205,1784881123.163115501,1308,13.080000148,7.195879123,-0.760317381,1.200000000,0.417661385
0,2205,1784881123.163115501,1309,13.090000148,7.201796995,-0.757352442,1.200000000,0.419540749
0,2205,1784881123.163115501,1310,13.100000148,7.207706135,-0.754384099,1.200000000,0.421398922
0,2205,1784881123.163115501,1311,13.110000148,7.213606424,-0.751412513,1.200000000,0.423235891
0,2205,1784881123.163115501,1312,13.120000148,7.219497743,-0.748437843,1.200000000,0.425051642
0,2205,1784881123.163115501,1313,13.130000148,7.225379975,-0.745460249,1.200000000,0.426846161
0,2205,1784881123.163115501,1314,13.140000148,7.231253004,-0.742479889,1.200000000,0.428619435
0,2205,1784881123.163115501,1315,13.150000148,7.237116714,-0.739496921,1.200000000,0.430371450
0,2205,1784881123.163115501,1316,13.160000148,7.242970993,-0.736511499,1.200000000,0.432102193
0,2205,1784881123.163115501,1317,13.170000148,7.248815727,-0.733523780,1.200000000,0.433811649
0,2205,1784881123.163115501,1318,13.180000148,7.254650806,-0.730533917,1.200000000,0.435499806
0,2205,1784881123.163115501,1319,13.190000148,7.260476120,-0.727542064,1.200000000,0.437166649
0,2205,1784881123.163115501,1320,13.200000148,7.266291562,-0.724548372,1.200000000,0.438812166
0,2205,1784881123.163115501,1321,13.210000148,7.272097023,-0.721552993,1.200000000,0.440436341
0,2205,1784881123.163115501,1322,13.220000148,7.277892400,-0.718556076,1.200000000,0.442039163
0,2205,1784881123.163115501,1323,13.230000148,7.283677588,-0.715557770,1.200000000,0.443620617
0,2205,1784881123.163115501,1324,13.240000148,7.289452484,-0.712558222,1.200000000,0.445180689
0,2205,1784881123.163115501,1325,13.250000148,7.295216989,-0.709557578,1.200000000,0.446719367
0,2205,1784881123.163115501,1326,13.260000148,7.300971001,-0.706555985,1.200000000,0.448236635
0,2205,1784881123.163115501,1327,13.270000148,7.306714425,-0.703553586,1.200000000,0.449732482
0,2205,1784881123.163115501,1328,13.280000148,7.312447162,-0.700550523,1.200000000,0.451206892
0,2205,1784881123.163115501,1329,13.290000148,7.318169120,-0.697546938,1.200000000,0.452659853
0,2205,1784881123.163115501,1330,13.300000148,7.323880204,-0.694542971,1.200000000,0.454091351
0,2205,1784881123.163115501,1331,13.310000148,7.329580323,-0.691538763,1.200000000,0.455501372
0,2205,1784881123.163115501,1332,13.320000148,7.335269388,-0.688534449,1.200000000,0.456889902
0,2205,1784881123.163115501,1333,13.330000148,7.340947309,-0.685530167,1.200000000,0.458256929
0,2205,1784881123.163115501,1334,13.340000148,7.346614001,-0.682526051,1.200000000,0.459602438
0,2205,1784881123.163115501,1335,13.350000148,7.352269380,-0.679522236,1.200000000,0.460926416
0,2205,1784881123.163115501,1336,13.360000148,7.357913361,-0.676518854,1.200000000,0.462228849
0,2205,1784881123.163115501,1337,13.370000148,7.363545863,-0.673516036,1.200000000,0.463509723
0,2205,1784881123.163115501,1338,13.380000148,7.369166807,-0.670513912,1.200000000,0.464769025
0,2205,1784881123.163115501,1339,13.390000148,7.374776114,-0.667512610,1.200000000,0.466006742
0,2205,1784881123.163115501,1340,13.400000148,7.380373709,-0.664512258,1.200000000,0.467222859
0,2205,1784881123.163115501,1341,13.410000148,7.385959517,-0.661512980,1.200000000,0.468417363
0,2205,1784881123.163115501,1342,13.420000148,7.391533466,-0.658514901,1.200000000,0.469590241
0,2205,1784881123.163115501,1343,13.430000148,7.397095484,-0.655518144,1.200000000,0.470741478
0,2205,1784881123.163115501,1344,13.440000148,7.402645503,-0.652522829,1.200000000,0.471871062
0,2205,1784881123.163115501,1345,13.450000148,7.408183455,-0.649529078,1.200000000,0.472978978
0,2205,1784881123.163115501,1346,13.460000148,7.413709275,-0.646537008,1.200000000,0.474065213
0,2205,1784881123.163115501,1347,13.470000148,7.419222900,-0.643546736,1.200000000,0.475129754
0,2205,1784881123.163115501,1348,13.480000148,7.424724266,-0.640558378,1.200000000,0.476172586
0,2205,1784881123.163115501,1349,13.490000148,7.430213316,-0.637572048,1.200000000,0.477193696
0,2205,1784881123.163115501,1350,13.500000148,7.435689989,-0.634587857,1.200000000,0.478193071
0,2205,1784881123.163115501,1351,13.510000148,7.441154231,-0.631605918,1.200000000,0.479170696
0,2205,1784881123.163115501,1352,13.520000148,7.446605987,-0.628626340,1.200000000,0.480126559
0,2205,1784881123.163115501,1353,13.530000148,7.452045203,-0.625649230,1.200000000,0.481060646
0,2205,1784881123.163115501,1354,13.540000148,7.457471830,-0.622674696,1.200000000,0.481972942
0,2205,1784881123.163115501,1355,13.550000148,7.462885819,-0.619702841,1.200000000,0.482863435
0,2205,1784881123.163115501,1356,13.560000148,7.468287122,-0.616733771,1.200000000,0.483732110
0,2205,1784881123.163115501,1357,13.570000148,7.473675695,-0.613767585,1.200000000,0.484578955
0,2205,1784881123.163115501,1358,13.580000148,7.479051493,-0.610804386,1.200000000,0.485403955
0,2205,1784881123.163115501,1359,13.590000148,7.484414477,-0.607844271,1.200000000,0.486207097
0,2205,1784881123.163115501,1360,13.600000148,7.489764605,-0.604887338,1.200000000,0.486988368
0,2205,1784881123.163115501,1361,13.610000148,7.495101841,-0.601933682,1.200000000,0.487747753
0,2205,1784881123.163115501,1362,13.620000148,7.500426148,-0.598983399,1.200000000,0.488485239
0,2205,1784881123.163115501,1363,13.630000148,7.505737492,-0.596036580,1.200000000,0.489200812
0,2205,1784881123.163115501,1364,13.640000148,7.511035842,-0.593093316,1.200000000,0.489894459
0,2205,1784881123.163115501,1365,13.650000148,7.516321166,-0.590153698,1.200000000,0.490566167
0,2205,1784881123.163115501,1366,13.660000148,7.521593436,-0.587217813,1.200000000,0.491215921
0,2205,1784881123.163115501,1367,13.670000148,7.526852626,-0.584285748,1.200000000,0.491843708
0,2205,1784881123.163115501,1368,13.680000148,7.532098710,-0.581357587,1.200000000,0.492449514
0,2205,1784881123.163115501,1369,13.690000148,7.537331665,-0.578433415,1.200000000,0.493033326
0,2205,1784881123.163115501,1370,13.700000148,7.542551470,-0.575513312,1.200000000,0.493595130
0,2205,1784881123.163115501,1371,13.710000148,7.547758105,-0.572597359,1.200000000,0.494134913
0,2205,1784881123.163115501,1372,13.720000148,7.552951552,-0.569685635,1.200000000,0.494652660
0,2205,1784881123.163115501,1373,13.730000148,7.558131795,-0.566778218,1.200000000,0.495148359
0,2205,1784881123.163115501,1374,13.740000148,7.563298819,-0.563875182,1.200000000,0.495621995
0,2205,1784881123.163115501,1375,13.750000148,7.568452612,-0.560976603,1.200000000,0.496073555
0,2205,1784881123.163115501,1376,13.760000148,7.573593163,-0.558082552,1.200000000,0.496503026
0,2205,1784881123.163115501,1377,13.770000148,7.578720461,-0.555193102,1.200000000,0.496910393
0,2205,1784881123.163115501,1378,13.780000148,7.583834501,-0.552308321,1.200000000,0.497295643
0,2205,1784881123.163115501,1379,13.790000148,7.588935274,-0.549428278,1.200000000,0.497658763
0,2205,1784881123.163115501,1380,13.800000148,7.594022778,-0.546553041,1.200000000,0.497999739
0,2205,1784881123.163115501,1381,13.810000148,7.599097008,-0.543682673,1.200000000,0.498318557
0,2205,1784881123.163115501,1382,13.820000148,7.604157964,-0.540817239,1.200000000,0.498615204
0,2205,1784881123.163115501,1383,13.830000148,7.609205645,-0.537956802,1.200000000,0.498889666
0,2205,1784881123.163115501,1384,13.840000148,7.614240053,-0.535101422,1.200000000,0.499141929
0,2205,1784881123.163115501,1385,13.850000148,7.619261192,-0.532251159,1.200000000,0.499371980
0,2205,1784881123.163115501,1386,13.860000148,7.624269066,-0.529406072,1.200000000,0.499579806
0,2205,1784881123.163115501,1387,13.870000148,7.629263681,-0.526566215,1.200000000,0.499765391
0,2205,1784881123.163115501,1388,13.880000148,7.634245044,-0.523731647,1.200000000,0.499928724
0,2205,1784881123.163115501,1389,13.890000148,7.639213164,-0.520902419,1.200000000,0.500069790
0,2205,1784881123.163115501,1390,13.900000148,7.644168052,-0.518078585,1.200000000,0.500188576
0,2205,1784881123.163115501,1391,13.910000148,7.649109718,-0.515260197,1.200000000,0.500285068
0,2205,1784881123.163115501,1392,13.920000148,7.654038175,-0.512447303,1.200000000,0.500359252
0,2205,1784881123.163115501,1393,13.930000148,7.658953438,-0.509639954,1.200000000,0.500411116
0,2205,1784881123.163115501,1394,13.940000148,7.663855520,-0.506838196,1.200000000,0.500440644
0,2205,1784881123.163115501,1395,13.950000148,7.668744440,-0.504042076,1.200000000,0.500447824
0,2205,1784881123.163115501,1396,13.960000148,7.673620212,-0.501251638,1.200000000,0.500432642
0,2205,1784881123.163115501,1397,13.970000148,7.678482858,-0.498466927,1.200000000,0.500395084
0,2205,1784881123.163115501,1398,13.980000148,7.683332394,-0.495687985,1.200000000,0.500335138
0,2205,1784881123.163115501,1399,13.990000148,7.688168843,-0.492914853,1.200000000,0.500252788
0,2205,1784881123.163115501,1400,14.000000148,7.692992224,-0.490147572,1.200000000,0.500148022
0,2205,1784881123.163115501,1401,14.010000148,7.697802562,-0.487386180,1.200000000,0.500020825
0,2205,1784881123.163115501,1402,14.020000148,7.702599878,-0.484630717,1.200000000,0.499871185
0,2205,1784881123.163115501,1403,14.030000148,7.707384196,-0.481881218,1.200000000,0.499699088
0,2205,1784881123.163115501,1404,14.040000148,7.712155542,-0.479137719,1.200000000,0.499504520
0,2205,1784881123.163115501,1405,14.050000148,7.716913940,-0.476400257,1.200000000,0.499287467
0,2205,1784881123.163115501,1406,14.060000148,7.721659416,-0.473668863,1.200000000,0.499047916
0,2205,1784881123.163115501,1407,14.070000148,7.726391997,-0.470943573,1.200000000,0.498785853
0,2205,1784881123.163115501,1408,14.080000148,7.731111711,-0.468224417,1.200000000,0.498501264
0,2205,1784881123.163115501,1409,14.090000148,7.735818584,-0.465511426,1.200000000,0.498194137
0,2205,1784881123.163115501,1410,14.100000148,7.740512645,-0.462804631,1.200000000,0.497864457
0,2205,1784881123.163115501,1411,14.110000148,7.745193922,-0.460104062,1.200000000,0.497512211
0,2205,1784881123.163115501,1412,14.120000148,7.749862443,-0.457409747,1.200000000,0.497137384
0,2205,1784881123.163115501,1413,14.130000148,7.754518238,-0.454721713,1.200000000,0.496739965
0,2205,1784881123.163115501,1414,14.140000148,7.759161336,-0.452039989,1.200000000,0.496319938
0,2205,1784881123.163115501,1415,14.150000148,7.763791766,-0.449364600,1.200000000,0.495877290
0,2205,1784881123.163115501,1416,14.160000148,7.768409557,-0.446695573,1.200000000,0.495412008
0,2205,1784881123.163115501,1417,14.170000148,7.773014739,-0.444032931,1.200000000,0.494924078
0,2205,1784881123.163115501,1418,14.180000148,7.777607341,-0.441376701,1.200000000,0.494413486
0,2205,1784881123.163115501,1419,14.190000148,7.782187391,-0.438726906,1.200000000,0.493880219
0,2205,1784881123.163115501,1420,14.200000148,7.786754918,-0.436083569,1.200000000,0.493324263
0,2205,1784881123.163115501,1421,14.210000148,7.791309952,-0.433446714,1.200000000,0.492745605
0,2205,1784881123.163115501,1422,14.220000148,7.795852519,-0.430816363,1.200000000,0.492144230
0,2205,1784881123.163115501,1423,14.230000148,7.800382649,-0.428192539,1.200000000,0.491520126
0,2205,1784881123.163115501,1424,14.240000148,7.804900368,-0.425575264,1.200000000,0.490873278
0,2205,1784881123.163115501,1425,14.250000148,7.809405702,-0.422964558,1.200000000,0.490203674
0,2205,1784881123.163115501,1426,14.260000148,7.813898677,-0.420360444,1.200000000,0.489511299
0,2205,1784881123.163115501,1427,14.270000148,7.818379319,-0.417762943,1.200000000,0.488796140
0,2205,1784881123.163115501,1428,14.280000148,7.822847651,-0.415172076,1.200000000,0.488058183
0,2205,1784881123.163115501,1429,14.290000148,7.827303698,-0.412587864,1.200000000,0.487297414
0,2205,1784881123.163115501,1430,14.300000148,7.831747481,-0.410010327,1.200000000,0.486513821
0,2205,1784881123.163115501,1431,14.310000148,7.836179022,-0.407439487,1.200000000,0.485707388
0,2205,1784881123.163115501,1432,14.320000148,7.840598340,-0.404875365,1.200000000,0.484878104
0,2205,1784881123.163115501,1433,14.330000148,7.845005455,-0.402317982,1.200000000,0.484025953
0,2205,1784881123.163115501,1434,14.340000148,7.849400383,-0.399767358,1.200000000,0.483150923
0,2205,1784881123.163115501,1435,14.350000148,7.853783141,-0.397223516,1.200000000,0.482253000
0,2205,1784881123.163115501,1436,14.360000148,7.858153743,-0.394686477,1.200000000,0.481332170
0,2205,1784881123.163115501,1437,14.370000148,7.862512201,-0.392156264,1.200000000,0.480388420
0,2205,1784881123.163115501,1438,14.380000148,7.866858527,-0.389632897,1.200000000,0.479421736
0,2205,1784881123.163115501,1439,14.390000148,7.871192729,-0.387116402,1.200000000,0.478432104
0,2205,1784881123.163115501,1440,14.400000148,7.875514815,-0.384606800,1.200000000,0.477419511
0,2205,1784881123.163115501,1441,14.410000148,7.879824789,-0.382104116,1.200000000,0.476383943
0,2205,1784881123.163115501,1442,14.420000148,7.884122654,-0.379608374,1.200000000,0.475325386
0,2205,1784881123.163115501,1443,14.430000148,7.888408411,-0.377119599,1.200000000,0.474243828
0,2205,1784881123.163115501,1444,14.440000148,7.892682057,-0.374637818,1.200000000,0.473139253
0,2205,1784881123.163115501,1445,14.450000148,7.896943590,-0.372163057,1.200000000,0.472011650
0,2205,1784881123.163115501,1446,14.460000148,7.901193001,-0.369695344,1.200000000,0.470861003
0,2205,1784881123.163115501,1447,14.470000148,7.905430281,-0.367234708,1.200000000,0.469687300
0,2205,1784881123.163115501,1448,14.480000148,7.909655417,-0.364781177,1.200000000,0.468490526
0,2205,1784881123.163115501,1449,14.490000148,7.913868394,-0.362334783,1.200000000,0.467270669
0,2205,1784881123.163115501,1450,14.500000148,7.918069193,-0.359895558,1.200000000,0.466027715
0,2205,1784881123.163115501,1451,14.510000148,7.922257793,-0.357463535,1.200000000,0.464761649
0,2205,1784881123.163115501,1452,14.520000148,7.926434169,-0.355038747,1.200000000,0.463472458
0,2205,1784881123.163115501,1453,14.530000148,7.930598291,-0.352621232,1.200000000,0.462160130
0,2205,1784881123.163115501,1454,14.540000148,7.934750128,-0.350211025,1.200000000,0.460824649
0,2205,1784881123.163115501,1455,14.550000148,7.938889644,-0.347808165,1.200000000,0.459466003
0,2205,1784881123.163115501,1456,14.560000148,7.943016800,-0.345412694,1.200000000,0.458084178
0,2205,1784881123.163115501,1457,14.570000148,7.947131551,-0.343024652,1.200000000,0.456679160
0,2205,1784881123.163115501,1458,14.580000148,7.951233851,-0.340644083,1.200000000,0.455250935
0,2205,1784881123.163115501,1459,14.590000148,7.955323647,-0.338271034,1.200000000,0.453799491
0,2205,1784881123.163115501,1460,14.600000148,7.959400883,-0.335905551,1.200000000,0.452324813
0,2205,1784881123.163115501,1461,14.610000148,7.963465498,-0.333547683,1.200000000,0.450826888
0,2205,1784881123.163115501,1462,14.620000148,7.967517428,-0.331197483,1.200000000,0.449305702
0,2205,1784881123.163115501,1463,14.630000148,7.971556601,-0.328855003,1.200000000,0.447761241
0,2205,1784881123.163115501,1464,14.640000148,7.975582943,-0.326520301,1.200000000,0.446193492
0,2205,1784881123.163115501,1465,14.650000148,7.979596373,-0.324193433,1.200000000,0.444602442
0,2205,1784881123.163115501,1466,14.660000148,7.983596807,-0.321874461,1.200000000,0.442988076
0,2205,1784881123.163115501,1467,14.670000148,7.987584154,-0.319563447,1.200000000,0.441350381
0,2205,1784881123.163115501,1468,14.680000148,7.991558316,-0.317260458,1.200000000,0.439689344
0,2205,1784881123.163115501,1469,14.690000148,7.995519193,-0.314965562,1.200000000,0.438004950
0,2205,1784881123.163115501,1470,14.700000148,7.999466677,-0.312678830,1.200000000,0.436297187
0,2205,1784881123.163115501,1471,14.710000148,8.003400653,-0.310400336,1.200000000,0.434566040
0,2205,1784881123.163115501,1472,14.720000148,8.007321002,-0.308130157,1.200000000,0.432811496
0,2205,1784881123.163115501,1473,14.730000148,8.011227599,-0.305868373,1.200000000,0.431033542
0,2205,1784881123.163115501,1474,14.740000148,8.015120309,-0.303615068,1.200000000,0.429232163
0,2205,1784881123.163115501,1475,14.750000148,8.018998994,-0.301370328,1.200000000,0.427407346
0,2205,1784881123.163115501,1476,14.760000148,8.022863508,-0.299134243,1.200000000,0.425559078
0,2205,1784881123.163115501,1477,14.770000148,8.026713698,-0.296906907,1.200000000,0.423687345
0,2205,1784881123.163115501,1478,14.780000148,8.030549403,-0.294688415,1.200000000,0.421792133
0,2205,1784881123.163115501,1479,14.790000148,8.034370457,-0.292478870,1.200000000,0.419873428
0,2205,1784881123.163115501,1480,14.800000148,8.038176684,-0.290278375,1.200000000,0.417931217
0,2205,1784881123.163115501,1481,14.810000148,8.041967901,-0.288087038,1.200000000,0.415965487
0,2205,1784881123.163115501,1482,14.820000148,8.045743918,-0.285904972,1.200000000,0.413976224
0,2205,1784881123.163115501,1483,14.830000148,8.049504537,-0.283732293,1.200000000,0.411963414
0,2205,1784881123.163115501,1484,14.840000148,8.053249550,-0.281569122,1.200000000,0.409927043
0,2205,1784881123.163115501,1485,14.850000148,8.056978743,-0.279415583,1.200000000,0.407867098
0,2205,1784881123.163115501,1486,14.860000148,8.060691892,-0.277271806,1.200000000,0.405783565
0,2205,1784881123.163115501,1487,14.870000148,8.064388765,-0.275137924,1.200000000,0.403676431
0,2205,1784881123.163115501,1488,14.880000148,8.068069120,-0.273014077,1.200000000,0.401545683
0,2205,1784881123.163115501,1489,14.890000148,8.071732706,-0.270900407,1.200000000,0.399391305
0,2205,1784881123.163115501,1490,14.900000148,8.075379264,-0.268797062,1.200000000,0.397213285
0,2205,1784881123.163115501,1491,14.910000148,8.079008524,-0.266704196,1.200000000,0.395011574
0,2205,1784881123.163115501,1492,14.920000148,8.082620207,-0.264621967,1.200000000,0.392785707
0,2205,1784881123.163115501,1493,14.930000148,8.086214024,-0.262550538,1.200000000,0.390534951
0,2205,1784881123.163115501,1494,14.940000148,8.089789676,-0.260490079,1.200000000,0.388258571
0,2205,1784881123.163115501,1495,14.950000148,8.093346852,-0.258440763,1.200000000,0.385955830
0,2205,1784881123.163115501,1496,14.960000148,8.096885233,-0.256402772,1.200000000,0.383625992
0,2205,1784881123.163115501,1497,14.970000148,8.100404488,-0.254376290,1.200000000,0.381268320
0,2205,1784881123.163115501,1498,14.980000148,8.103904275,-0.252361509,1.200000000,0.378882078
0,2205,1784881123.163115501,1499,14.990000148,8.107384240,-0.250358627,1.200000000,0.376466531
0,2205,1784881123.163115501,1500,15.000000148,8.110844021,-0.248367847,1.200000000,0.374020940
0,2205,1784881123.163115501,1501,15.010000148,8.114283239,-0.246389380,1.200000000,0.371544571
0,2205,1784881123.163115501,1502,15.020000148,8.117701510,-0.244423441,1.200000000,0.369036686
0,2205,1784881123.163115501,1503,15.030000148,8.121098433,-0.242470253,1.200000000,0.366496550
0,2205,1784881123.163115501,1504,15.040000148,8.124473597,-0.240530044,1.200000000,0.363923425
0,2205,1784881123.163115501,1505,15.050000148,8.127826580,-0.238603050,1.200000000,0.361316576
0,2205,1784881123.163115501,1506,15.060000148,8.131156947,-0.236689513,1.200000000,0.358675267
0,2205,1784881123.163115501,1507,15.070000148,8.134464251,-0.234789681,1.200000000,0.355998761
0,2205,1784881123.163115501,1508,15.080000148,8.137748033,-0.232903808,1.200000000,0.353286321
0,2205,1784881123.163115501,1509,15.090000148,8.141007823,-0.231032157,1.200000000,0.350537211
0,2205,1784881123.163115501,1510,15.100000148,8.144243136,-0.229174995,1.200000000,0.347750695
0,2205,1784881123.163115501,1511,15.110000148,8.147453478,-0.227332597,1.200000000,0.344926037
0,2205,1784881123.163115501,1512,15.120000148,8.150638342,-0.225505245,1.200000000,0.342062500
0,2205,1784881123.163115501,1513,15.130000148,8.153797209,-0.223693226,1.200000000,0.339159348
0,2205,1784881123.163115501,1514,15.140000148,8.156929549,-0.221896834,1.200000000,0.336215844
0,2205,1784881123.163115501,1515,15.150000148,8.160034819,-0.220116369,1.200000000,0.333231252
0,2205,1784881123.163115501,1516,15.160000148,8.163112467,-0.218352137,1.200000000,0.330204837
0,2205,1784881123.163115501,1517,15.170000148,8.166161928,-0.216604453,1.200000000,0.327135860
0,2205,1784881123.163115501,1518,15.180000148,8.169182628,-0.214873632,1.200000000,0.324023587
0,2205,1784881123.163115501,1519,15.190000148,8.172173981,-0.213160001,1.200000000,0.320867281
0,2205,1784881123.163115501,1520,15.200000148,8.175135393,-0.211463888,1.200000000,0.317666204
0,2205,1784881123.163115501,1521,15.210000148,8.178066260,-0.209785627,1.200000000,0.314419622
0,2205,1784881123.163115501,1522,15.220000148,8.180965968,-0.208125558,1.200000000,0.311126798
0,2205,1784881123.163115501,1523,15.230000148,8.183833895,-0.206484026,1.200000000,0.307786995
0,2205,1784881123.163115501,1524,15.240000148,8.186669412,-0.204861379,1.200000000,0.304399477
0,2205,1784881123.163115501,1525,15.250000148,8.189471882,-0.203257970,1.200000000,0.300963507
0,2205,1784881123.163115501,1526,15.260000148,8.192240663,-0.201674153,1.200000000,0.297478350
0,2205,1784881123.163115501,1527,15.270000148,8.194975106,-0.200110289,1.200000000,0.293943269
0,2205,1784881123.163115501,1528,15.280000148,8.197674556,-0.198566738,1.200000000,0.290357527
0,2205,1784881123.163115501,1529,15.290000148,8.200338358,-0.197043865,1.200000000,0.286720388
0,2205,1784881123.163115501,1530,15.300000148,8.202965850,-0.195542035,1.200000000,0.283031117
0,2205,1784881123.163115501,1531,15.310000148,8.205556370,-0.194061614,1.200000000,0.279288976
0,2205,1784881123.163115501,1532,15.320000148,8.208109255,-0.192602969,1.200000000,0.275493229
0,2205,1784881123.163115501,1533,15.330000148,8.210623842,-0.191166467,1.200000000,0.271643140
0,2205,1784881123.163115501,1534,15.340000148,8.213099469,-0.189752473,1.200000000,0.267737972
0,2205,1784881123.163115501,1535,15.350000148,8.215535478,-0.188361352,1.200000000,0.263776989
0,2205,1784881123.163115501,1536,15.360000148,8.217931216,-0.186993465,1.200000000,0.259759456
0,2205,1784881123.163115501,1537,15.370000148,8.220286032,-0.185649170,1.200000000,0.255684634
0,2205,1784881123.163115501,1538,15.380000148,8.222599285,-0.184328823,1.200000000,0.251551789
0,2205,1784881123.163115501,1539,15.390000148,8.224870343,-0.183032771,1.200000000,0.247360183
0,2205,1784881123.163115501,1540,15.400000148,8.227098584,-0.181761359,1.200000000,0.243109081
0,2205,1784881123.163115501,1541,15.410000148,8.229283396,-0.180514923,1.200000000,0.238797746
0,2205,1784881123.163115501,1542,15.420000148,8.231424186,-0.179293791,1.200000000,0.234425442
0,2205,1784881123.163115501,1543,15.430000148,8.233520371,-0.178098284,1.200000000,0.229991431
0,2205,1784881123.163115501,1544,15.440000148,8.235571392,-0.176928709,1.200000000,0.225495281
0,2205,1784881123.163115501,1545,15.450000148,8.237576705,-0.175785365,1.200000000,0.220939540
0,2205,1784881123.163115501,1546,15.460000148,8.239535793,-0.174668537,1.200000000,0.216328462
0,2205,1784881123.163115501,1547,15.470000148,8.241448159,-0.173578496,1.200000000,0.211666320
0,2205,1784881123.163115501,1548,15.480000148,8.243313338,-0.172515498,1.200000000,0.206957387
0,2205,1784881123.163115501,1549,15.490000148,8.245130891,-0.171479782,1.200000000,0.202205936
0,2205,1784881123.163115501,1550,15.500000148,8.246900412,-0.170471569,1.200000000,0.197416239
0,2205,1784881123.163115501,1551,15.510000148,8.248621530,-0.169491060,1.200000000,0.192592570
0,2205,1784881123.163115501,1552,15.520000148,8.250293910,-0.168538438,1.200000000,0.187739202
0,2205,1784881123.163115501,1553,15.530000148,8.251917256,-0.167613859,1.200000000,0.182860407
0,2205,1784881123.163115501,1554,15.540000148,8.253491317,-0.166717460,1.200000000,0.177960459
0,2205,1784881123.163115501,1555,15.550000148,8.255015882,-0.165849349,1.200000000,0.173043630
0,2205,1784881123.163115501,1556,15.560000148,8.256490790,-0.165009610,1.200000000,0.168114194
0,2205,1784881123.163115501,1557,15.570000148,8.257915928,-0.164198300,1.200000000,0.163176423
0,2205,1784881123.163115501,1558,15.580000148,8.259291236,-0.163415443,1.200000000,0.158234591
0,2205,1784881123.163115501,1559,15.590000148,8.260616704,-0.162661037,1.200000000,0.153292970
0,2205,1784881123.163115501,1560,15.600000148,8.261892382,-0.161935045,1.200000000,0.148355833
0,2205,1784881123.163115501,1561,15.610000148,8.263118376,-0.161237401,1.200000000,0.143427454
0,2205,1784881123.163115501,1562,15.620000148,8.264294850,-0.160568002,1.200000000,0.138512105
0,2205,1784881123.163115501,1563,15.630000148,8.265422033,-0.159926711,1.200000000,0.133614059
0,2205,1784881123.163115501,1564,15.640000148,8.266500215,-0.159313358,1.200000000,0.128737589
0,2205,1784881123.163115501,1565,15.650000148,8.267529750,-0.158727733,1.200000000,0.123886969
0,2205,1784881123.163115501,1566,15.660000148,8.268511059,-0.158169591,1.200000000,0.119066470
0,2205,1784881123.163115501,1567,15.670000148,8.269444629,-0.157638648,1.200000000,0.114280367
0,2205,1784881123.163115501,1568,15.680000148,8.270331015,-0.157134584,1.200000000,0.109532931
0,2205,1784881123.163115501,1569,15.690000148,8.271170840,-0.156657037,1.200000000,0.104828437
0,2205,1784881123.163115501,1570,15.700000148,8.271964797,-0.156205610,1.200000000,0.100171156
0,2205,1784881123.163115501,1571,15.710000148,8.272713645,-0.155779864,1.200000000,0.095565363
0,2205,1784881123.163115501,1572,15.720000148,8.273418215,-0.155379324,1.200000000,0.091015329
0,2205,1784881123.163115501,1573,15.730000148,8.274079404,-0.155003474,1.200000000,0.086525328
0,2205,1784881123.163115501,1574,15.740000148,8.274698177,-0.154651761,1.200000000,0.082099633
0,2205,1784881123.163115501,1575,15.750000148,8.275275567,-0.154323594,1.200000000,0.077742517
0,2205,1784881123.163115501,1576,15.760000148,8.275812672,-0.154018345,1.200000000,0.073458252
0,2205,1784881123.163115501,1577,15.770000148,8.276310652,-0.153735351,1.200000000,0.069251112
0,2205,1784881123.163115501,1578,15.780000148,8.276770731,-0.153473913,1.200000000,0.065125369
0,2205,1784881123.163115501,1579,15.790000148,8.277194192,-0.153233299,1.200000000,0.061085297
0,2205,1784881123.163115501,1580,15.800000148,8.277582373,-0.153012746,1.200000000,0.057135169
0,2205,1784881123.163115501,1581,15.810000148,8.277936669,-0.152811457,1.200000000,0.053279257
0,2205,1784881123.163115501,1582,15.820000148,8.278258523,-0.152628611,1.200000000,0.049521835
0,2205,1784881123.163115501,1583,15.830000148,8.278549423,-0.152463360,1.200000000,0.045867175
0,2205,1784881123.163115501,1584,15.840000148,8.278810903,-0.152314830,1.200000000,0.042319551
0,2205,1784881123.163115501,1585,15.850000148,8.279044530,-0.152182129,1.200000000,0.038883234
0,2205,1784881123.163115501,1586,15.860000148,8.279251907,-0.152064344,1.200000000,0.035562499
0,2205,1784881123.163115501,1587,15.870000148,8.279434660,-0.151960551,1.200000000,0.032361619
0,2205,1784881123.163115501,1588,15.880000148,8.279594438,-0.151869811,1.200000000,0.029284865
0,2205,1784881123.163115501,1589,15.890000148,8.279732901,-0.151791180,1.200000000,0.026336512
0,2205,1784881123.163115501,1590,15.900000148,8.279851716,-0.151723710,1.200000000,0.023520832
0,2205,1784881123.163115501,1591,15.910000148,8.279952551,-0.151666453,1.200000000,0.020842098
0,2205,1784881123.163115501,1592,15.920000148,8.280037061,-0.151618468,1.200000000,0.018304583
0,2205,1784881123.163115501,1593,15.930000148,8.280106885,-0.151578824,1.200000000,0.015912561
0,2205,1784881123.163115501,1594,15.940000148,8.280163633,-0.151546605,1.200000000,0.013670303
0,2205,1784881123.163115501,1595,15.950000148,8.280208880,-0.151520917,1.200000000,0.011582083
0,2205,1784881123.163115501,1596,15.960000148,8.280244149,-0.151500895,1.200000000,0.009652174
0,2205,1784881123.163115501,1597,15.970000148,8.280270906,-0.151485705,1.200000000,0.007884849
0,2205,1784881123.163115501,1598,15.980000148,8.280290546,-0.151474556,1.200000000,0.006284381
0,2205,1784881123.163115501,1599,15.990000148,8.280304381,-0.151466703,1.200000000,0.004855042
0,2205,1784881123.163115501,1600,16.000000148,8.280313625,-0.151461456,1.200000000,0.003601106
0,2205,1784881123.163115501,1601,16.010000148,8.280319384,-0.151458188,1.200000000,0.002526846
0,2205,1784881123.163115501,1602,16.020000148,8.280322637,-0.151456341,1.200000000,0.001636535
0,2205,1784881123.163115501,1603,16.030000148,8.280324228,-0.151455438,1.200000000,0.000934445
0,2205,1784881123.163115501,1604,16.040000148,8.280324840,-0.151455091,1.200000000,0.000424850
0,2205,1784881123.163115501,1605,16.050000148,8.280324989,-0.151455006,1.200000000,0.000112023
0,2205,1784881123.163115501,1606,16.060000148,8.280325000,-0.151455000,1.200000000,0.000000236
0,2205,1784881123.163115501,1607,16.060479293,8.280325000,-0.151455000,1.200000000,0.000000000
