stamp,elapsed,x,y,z,yaw
1784881095.349951982,0.000000118,-0.261959000,-0.006230000,1.200000000,-0.039639000
1784881095.359952211,0.010000118,-0.261958995,-0.006229999,1.200000000,-0.039642771
1784881095.369952202,0.020000118,-0.261958918,-0.006229987,1.200000000,-0.039653941
1784881095.379952192,0.030000118,-0.261958591,-0.006229934,1.200000000,-0.039672293
1784881095.389952183,0.040000118,-0.261957724,-0.006229792,1.200000000,-0.039697610
1784881095.399952173,0.050000118,-0.261955922,-0.006229499,1.200000000,-0.039729678
1784881095.409952164,0.060000118,-0.261952693,-0.006228974,1.200000000,-0.039768280
1784881095.419952154,0.070000118,-0.261947455,-0.006228122,1.200000000,-0.039813199
1784881095.429952145,0.080000118,-0.261939541,-0.006226835,1.200000000,-0.039864220
1784881095.439952135,0.090000118,-0.261928206,-0.006224992,1.200000000,-0.039921126
1784881095.449952126,0.100000118,-0.261912630,-0.006222460,1.200000000,-0.039983702
1784881095.459952116,0.110000118,-0.261891931,-0.006219096,1.200000000,-0.040051731
1784881095.469952106,0.120000118,-0.261865161,-0.006214745,1.200000000,-0.040124997
1784881095.479952097,0.130000118,-0.261831318,-0.006209245,1.200000000,-0.040203284
1784881095.489952087,0.140000118,-0.261789351,-0.006202425,1.200000000,-0.040286375
1784881095.499952078,0.150000118,-0.261738162,-0.006194108,1.200000000,-0.040374056
1784881095.509952068,0.160000118,-0.261676610,-0.006184109,1.200000000,-0.040466109
1784881095.519952059,0.170000118,-0.261603522,-0.006172238,1.200000000,-0.040562318
1784881095.529952049,0.180000118,-0.261517692,-0.006158298,1.200000000,-0.040662467
1784881095.539952040,0.190000118,-0.261417884,-0.006142090,1.200000000,-0.040766341
1784881095.549952030,0.200000118,-0.261302842,-0.006123411,1.200000000,-0.040873723
1784881095.559952021,0.210000118,-0.261171290,-0.006102055,1.200000000,-0.040984397
1784881095.569952011,0.220000118,-0.261021937,-0.006077812,1.200000000,-0.041098146
1784881095.579952002,0.230000118,-0.260853479,-0.006050472,1.200000000,-0.041214755
1784881095.589951992,0.240000118,-0.260664604,-0.006019823,1.200000000,-0.041334008
1784881095.599951982,0.250000118,-0.260453998,-0.005985653,1.200000000,-0.041455688
1784881095.609952211,0.260000118,-0.260220343,-0.005947749,1.200000000,-0.041579579
1784881095.619952202,0.270000118,-0.259962322,-0.005905899,1.200000000,-0.041705466
1784881095.629952192,0.280000118,-0.259678625,-0.005859892,1.200000000,-0.041833131
1784881095.639952183,0.290000118,-0.259367946,-0.005809518,1.200000000,-0.041962360
1784881095.649952173,0.300000118,-0.259028992,-0.005754568,1.200000000,-0.042092935
1784881095.659952164,0.310000118,-0.258660480,-0.005694837,1.200000000,-0.042224640
1784881095.669952154,0.320000118,-0.258261144,-0.005630121,1.200000000,-0.042357261
1784881095.679952145,0.330000118,-0.257829733,-0.005560220,1.200000000,-0.042490579
1784881095.689952135,0.340000118,-0.257365017,-0.005484936,1.200000000,-0.042624380
1784881095.699952126,0.350000118,-0.256865786,-0.005404076,1.200000000,-0.042758447
1784881095.709952116,0.360000118,-0.256330852,-0.005317449,1.200000000,-0.042892564
1784881095.719952106,0.370000118,-0.255759054,-0.005224871,1.200000000,-0.043026515
1784881095.729952097,0.380000118,-0.255149256,-0.005126160,1.200000000,-0.043160083
1784881095.739952087,0.390000118,-0.254500351,-0.005021139,1.200000000,-0.043293054
1784881095.749952078,0.400000118,-0.253811260,-0.004909638,1.200000000,-0.043425209
1784881095.759952068,0.410000118,-0.253080935,-0.004791490,1.200000000,-0.043556334
1784881095.769952059,0.420000118,-0.252308360,-0.004666534,1.200000000,-0.043686213
1784881095.779952049,0.430000118,-0.251492552,-0.004534614,1.200000000,-0.043814628
1784881095.789952040,0.440000118,-0.250632561,-0.004395581,1.200000000,-0.043941364
1784881095.799952030,0.450000118,-0.249727473,-0.004249290,1.200000000,-0.044066205
1784881095.809952021,0.460000118,-0.248776409,-0.004095605,1.200000000,-0.044188935
1784881095.819952011,0.470000118,-0.247778526,-0.003934392,1.200000000,-0.044309337
1784881095.829952002,0.480000118,-0.246733017,-0.003765526,1.200000000,-0.044427196
1784881095.839951992,0.490000118,-0.245639114,-0.003588887,1.200000000,-0.044542295
1784881095.849951982,0.500000118,-0.244496086,-0.003404363,1.200000000,-0.044654419
1784881095.859952211,0.510000118,-0.243303239,-0.003211845,1.200000000,-0.044763350
1784881095.869952202,0.520000118,-0.242059918,-0.003011235,1.200000000,-0.044868874
1784881095.879952192,0.530000118,-0.240765508,-0.002802437,1.200000000,-0.044970773
1784881095.889952183,0.540000118,-0.239419431,-0.002585365,1.200000000,-0.045068832
1784881095.899952173,0.550000118,-0.238021148,-0.002359937,1.200000000,-0.045162834
1784881095.909952164,0.560000118,-0.236570158,-0.002126078,1.200000000,-0.045252564
1784881095.919952154,0.570000118,-0.235065999,-0.001883721,1.200000000,-0.045337805
1784881095.929952145,0.580000118,-0.233508249,-0.001632804,1.200000000,-0.045418342
1784881095.939952135,0.590000118,-0.231896520,-0.001373270,1.200000000,-0.045493957
1784881095.949952126,0.600000118,-0.230230467,-0.001105071,1.200000000,-0.045564435
1784881095.959952116,0.610000118,-0.228509778,-0.000828165,1.200000000,-0.045629561
1784881095.969952106,0.620000118,-0.226734181,-0.000542515,1.200000000,-0.045689116
1784881095.979952097,0.630000118,-0.224903439,-0.000248089,1.200000000,-0.045742887
1784881095.989952087,0.640000118,-0.223017352,0.000055136,1.200000000,-0.045790655
1784881095.999952078,0.650000118,-0.221075756,0.000367178,1.200000000,-0.045832206
1784881096.009952068,0.660000118,-0.219078519,0.000688051,1.200000000,-0.045867323
1784881096.019952059,0.670000118,-0.217025547,0.001017762,1.200000000,-0.045895791
1784881096.029952049,0.680000118,-0.214916779,0.001356311,1.200000000,-0.045917392
1784881096.039952040,0.690000118,-0.212752185,0.001703694,1.200000000,-0.045931911
1784881096.049952030,0.700000118,-0.210531770,0.002059902,1.200000000,-0.045939131
1784881096.059952021,0.710000118,-0.208255568,0.002424919,1.200000000,-0.045938837
1784881096.069952011,0.720000118,-0.205923645,0.002798726,1.200000000,-0.045930812
1784881096.079952002,0.730000118,-0.203536097,0.003181297,1.200000000,-0.045914841
1784881096.089951992,0.740000118,-0.201093049,0.003572603,1.200000000,-0.045890707
1784881096.099951982,0.750000118,-0.198594653,0.003972608,1.200000000,-0.045858193
1784881096.109952211,0.760000118,-0.196041090,0.004381274,1.200000000,-0.045817085
1784881096.119952202,0.770000118,-0.193432566,0.004798556,1.200000000,-0.045767165
1784881096.129952192,0.780000118,-0.190769315,0.005224406,1.200000000,-0.045708218
1784881096.139952183,0.790000118,-0.188051592,0.005658773,1.200000000,-0.045640028
1784881096.149952173,0.800000118,-0.185279678,0.006101599,1.200000000,-0.045562378
1784881096.159952164,0.810000118,-0.182453877,0.006552826,1.200000000,-0.045475052
1784881096.169952154,0.820000118,-0.179574514,0.007012389,1.200000000,-0.045377834
1784881096.179952145,0.830000118,-0.176641936,0.007480221,1.200000000,-0.045270508
1784881096.189952135,0.840000118,-0.173656508,0.007956251,1.200000000,-0.045152858
1784881096.199952126,0.850000118,-0.170618616,0.008440406,1.200000000,-0.045024668
1784881096.209952116,0.860000118,-0.167528664,0.008932609,1.200000000,-0.044885724
1784881096.219952106,0.870000118,-0.164387073,0.009432779,1.200000000,-0.044735953
1784881096.229952097,0.880000118,-0.161194281,0.009940835,1.200000000,-0.044575469
1784881096.239952087,0.890000118,-0.157950741,0.010456690,1.200000000,-0.044404398
1784881096.249952078,0.900000118,-0.154656921,0.010980257,1.200000000,-0.044222868
1784881096.259952068,0.910000118,-0.151313303,0.011511446,1.200000000,-0.044031007
1784881096.269952059,0.920000118,-0.147920383,0.012050164,1.200000000,-0.043828941
1784881096.279952049,0.930000118,-0.144478668,0.012596317,1.200000000,-0.043616799
1784881096.289952040,0.940000118,-0.140988679,0.013149808,1.200000000,-0.043394707
1784881096.299952030,0.950000118,-0.137450945,0.013710539,1.200000000,-0.043162793
1784881096.309952021,0.960000118,-0.133866008,0.014278410,1.200000000,-0.042921184
1784881096.319952011,0.970000118,-0.130234416,0.014853318,1.200000000,-0.042670008
1784881096.329952002,0.980000118,-0.126556731,0.015435162,1.200000000,-0.042409392
1784881096.339951992,0.990000118,-0.122833517,0.016023835,1.200000000,-0.042139464
1784881096.349951982,1.000000118,-0.119065350,0.016619233,1.200000000,-0.041860349
1784881096.359952211,1.010000118,-0.115252810,0.017221248,1.200000000,-0.041572177
1784881096.369952202,1.020000118,-0.111396486,0.017829773,1.200000000,-0.041275075
1784881096.379952192,1.030000118,-0.107496970,0.018444698,1.200000000,-0.040969169
1784881096.389952183,1.040000118,-0.103554859,0.019065913,1.200000000,-0.040654587
1784881096.399952173,1.050000118,-0.099570755,0.019693308,1.200000000,-0.040331456
1784881096.409952164,1.060000118,-0.095545265,0.020326772,1.200000000,-0.039999905
1784881096.419952154,1.070000118,-0.091478996,0.020966193,1.200000000,-0.039660059
1784881096.429952145,1.080000118,-0.087372561,0.021611459,1.200000000,-0.039312047
1784881096.439952135,1.090000118,-0.083226572,0.022262457,1.200000000,-0.038955996
1784881096.449952126,1.100000118,-0.079041645,0.022919075,1.200000000,-0.038592034
1784881096.459952116,1.110000118,-0.074818395,0.023581199,1.200000000,-0.038220286
1784881096.469952106,1.120000118,-0.070557440,0.024248717,1.200000000,-0.037840882
1784881096.479952097,1.130000118,-0.066259395,0.024921516,1.200000000,-0.037453948
1784881096.489952087,1.140000118,-0.061924877,0.025599482,1.200000000,-0.037059612
1784881096.499952078,1.150000118,-0.057554501,0.026282504,1.200000000,-0.036658000
1784881096.509952068,1.160000118,-0.053148880,0.026970468,1.200000000,-0.036249242
1784881096.519952059,1.170000118,-0.048708627,0.027663262,1.200000000,-0.035833462
1784881096.529952049,1.180000118,-0.044234353,0.028360774,1.200000000,-0.035410790
1784881096.539952040,1.190000118,-0.039726663,0.029062894,1.200000000,-0.034981353
1784881096.549952030,1.200000118,-0.035186162,0.029769509,1.200000000,-0.034545277
1784881096.559952021,1.210000118,-0.030613453,0.030480510,1.200000000,-0.034102690
1784881096.569952011,1.220000118,-0.026009131,0.031195788,1.200000000,-0.033653720
1784881096.579952002,1.230000118,-0.021373790,0.031915232,1.200000000,-0.033198493
1784881096.589951992,1.240000118,-0.016708019,0.032638736,1.200000000,-0.032737138
1784881096.599951982,1.250000118,-0.012012402,0.033366192,1.200000000,-0.032269782
1784881096.609952211,1.260000118,-0.007287518,0.034097493,1.200000000,-0.031796551
1784881096.619952202,1.270000118,-0.002533941,0.034832535,1.200000000,-0.031317574
1784881096.629952192,1.280000118,0.002247762,0.035571211,1.200000000,-0.030832977
1784881096.639952183,1.290000118,0.007057028,0.036313420,1.200000000,-0.030342889
1784881096.649952173,1.300000118,0.011893301,0.037059059,1.200000000,-0.029847435
1784881096.659952164,1.310000118,0.016756032,0.037808027,1.200000000,-0.029346745
1784881096.669952154,1.320000118,0.021644679,0.038560223,1.200000000,-0.028840944
1784881096.679952145,1.330000118,0.026558705,0.039315549,1.200000000,-0.028330161
1784881096.689952135,1.340000118,0.031497582,0.040073908,1.200000000,-0.027814523
1784881096.699952126,1.350000118,0.036460789,0.040835204,1.200000000,-0.027294157
1784881096.709952116,1.360000118,0.041447813,0.041599341,1.200000000,-0.026769190
1784881096.719952106,1.370000118,0.046458147,0.042366227,1.200000000,-0.026239751
1784881096.729952097,1.380000118,0.051491295,0.043135769,1.200000000,-0.025705965
1784881096.739952087,1.390000118,0.056546766,0.043907877,1.200000000,-0.025167961
1784881096.749952078,1.400000118,0.061624079,0.044682462,1.200000000,-0.024625866
1784881096.759952068,1.410000118,0.066722762,0.045459437,1.200000000,-0.024079808
1784881096.769952059,1.420000118,0.071842351,0.046238715,1.200000000,-0.023529912
1784881096.779952049,1.430000118,0.076982389,0.047020213,1.200000000,-0.022976308
1784881096.789952040,1.440000118,0.082142432,0.047803847,1.200000000,-0.022419123
1784881096.799952030,1.450000118,0.087322040,0.048589538,1.200000000,-0.021858483
1784881096.809952021,1.460000118,0.092520787,0.049377204,1.200000000,-0.021294516
1784881096.819952011,1.470000118,0.097738253,0.050166769,1.200000000,-0.020727349
1784881096.829952002,1.480000118,0.102974028,0.050958156,1.200000000,-0.020157110
1784881096.839951992,1.490000118,0.108227713,0.051751292,1.200000000,-0.019583927
1784881096.849951982,1.500000118,0.113498915,0.052546103,1.200000000,-0.019007926
1784881096.859952211,1.510000118,0.118787254,0.053342519,1.200000000,-0.018429234
1784881096.869952202,1.520000118,0.124092358,0.054140470,1.200000000,-0.017847980
1784881096.879952192,1.530000118,0.129413866,0.054939890,1.200000000,-0.017264291
1784881096.889952183,1.540000118,0.134751423,0.055740713,1.200000000,-0.016678293
1784881096.899952173,1.550000118,0.140104689,0.056542875,1.200000000,-0.016090115
1784881096.909952164,1.560000118,0.145473329,0.057346314,1.200000000,-0.015499883
1784881096.919952154,1.570000118,0.150857021,0.058150970,1.200000000,-0.014907726
1784881096.929952145,1.580000118,0.156255452,0.058956784,1.200000000,-0.014313769
1784881096.939952135,1.590000118,0.161668317,0.059763702,1.200000000,-0.013718142
1784881096.949952126,1.600000118,0.167095323,0.060571666,1.200000000,-0.013120970
1784881096.959952116,1.610000118,0.172536185,0.061380626,1.200000000,-0.012522382
1784881096.969952106,1.620000118,0.177990630,0.062190529,1.200000000,-0.011922504
1784881096.979952097,1.630000118,0.183458392,0.063001327,1.200000000,-0.011321465
1784881096.989952087,1.640000118,0.188939216,0.063812973,1.200000000,-0.010719391
1784881096.999952078,1.650000118,0.194432858,0.064625420,1.200000000,-0.010116410
1784881097.009952068,1.660000118,0.199939081,0.065438625,1.200000000,-0.009512650
1784881097.019952059,1.670000118,0.205457659,0.066252546,1.200000000,-0.008908236
1784881097.029952049,1.680000118,0.210988375,0.067067143,1.200000000,-0.008303298
1784881097.039952040,1.690000118,0.216531023,0.067882379,1.200000000,-0.007697962
1784881097.049952030,1.700000118,0.222085403,0.068698215,1.200000000,-0.007092356
1784881097.059952021,1.710000118,0.227651328,0.069514619,1.200000000,-0.006486606
1784881097.069952011,1.720000118,0.233228618,0.070331556,1.200000000,-0.005880841
1784881097.079952002,1.730000118,0.238817102,0.071148996,1.200000000,-0.005275188
1784881097.089951992,1.740000118,0.244416619,0.071966909,1.200000000,-0.004669774
1784881097.099951982,1.750000118,0.250027017,0.072785268,1.200000000,-0.004064726
1784881097.109952211,1.760000118,0.255648152,0.073604046,1.200000000,-0.003460172
1784881097.119952202,1.770000118,0.261279889,0.074423220,1.200000000,-0.002856238
1784881097.129952192,1.780000118,0.266922102,0.075242768,1.200000000,-0.002253054
1784881097.139952183,1.790000118,0.272574673,0.076062667,1.200000000,-0.001650745
1784881097.149952173,1.800000118,0.278237493,0.076882900,1.200000000,-0.001049440
1784881097.159952164,1.810000118,0.283910460,0.077703448,1.200000000,-0.000449265
1784881097.169952154,1.820000118,0.289593481,0.078524297,1.200000000,0.000149653
1784881097.179952145,1.830000118,0.295286472,0.079345431,1.200000000,0.000747184
1784881097.189952135,1.840000118,0.300989355,0.080166838,1.200000000,0.001343204
1784881097.199952126,1.850000118,0.306702060,0.080988507,1.200000000,0.001937583
1784881097.209952116,1.860000118,0.312424526,0.081810429,1.200000000,0.002530195
1784881097.219952106,1.870000118,0.318156698,0.082632595,1.200000000,0.003120912
1784881097.229952097,1.880000118,0.323898528,0.083455000,1.200000000,0.003709607
1784881097.239952087,1.890000118,0.329649977,0.084277637,1.200000000,0.004296153
1784881097.249952078,1.900000118,0.335411012,0.085100504,1.200000000,0.004880422
1784881097.259952068,1.910000118,0.341181605,0.085923599,1.200000000,0.005462287
1784881097.269952059,1.920000118,0.346961738,0.086746921,1.200000000,0.006041621
1784881097.279952049,1.930000118,0.352751397,0.087570471,1.200000000,0.006618295
1784881097.289952040,1.940000118,0.358550574,0.088394251,1.200000000,0.007192184
1784881097.299952030,1.950000118,0.364359270,0.089218264,1.200000000,0.007763159
1784881097.309952021,1.960000118,0.370177489,0.090042515,1.200000000,0.008331093
1784881097.319952011,1.970000118,0.376005241,0.090867010,1.200000000,0.008895859
1784881097.329952002,1.980000118,0.381842544,0.091691757,1.200000000,0.009457329
1784881097.339951992,1.990000118,0.387689419,0.092516763,1.200000000,0.010015376
1784881097.349951982,2.000000118,0.393545894,0.093342040,1.200000000,0.010569873
1784881097.359952211,2.010000118,0.399412001,0.094167597,1.200000000,0.011120692
1784881097.369952202,2.020000118,0.405287776,0.094993447,1.200000000,0.011667706
1784881097.379952192,2.030000118,0.411173261,0.095819603,1.200000000,0.012210788
1784881097.389952183,2.040000118,0.417068504,0.096646079,1.200000000,0.012749810
1784881097.399952173,2.050000118,0.422973554,0.097472890,1.200000000,0.013284645
1784881097.409952164,2.060000118,0.428888466,0.098300054,1.200000000,0.013815166
1784881097.419952154,2.070000118,0.434813299,0.099127586,1.200000000,0.014341245
1784881097.429952145,2.080000118,0.440748115,0.099955506,1.200000000,0.014862754
1784881097.439952135,2.090000118,0.446692980,0.100783832,1.200000000,0.015379567
1784881097.449952126,2.100000118,0.452647965,0.101612585,1.200000000,0.015891556
1784881097.459952116,2.110000118,0.458613141,0.102441786,1.200000000,0.016398594
1784881097.469952106,2.120000118,0.464588583,0.103271457,1.200000000,0.016900554
1784881097.479952097,2.130000118,0.470574371,0.104101619,1.200000000,0.017397307
1784881097.489952087,2.140000118,0.476570586,0.104932297,1.200000000,0.017888727
1784881097.499952078,2.150000118,0.482577310,0.105763515,1.200000000,0.018374686
1784881097.509952068,2.160000118,0.488594629,0.106595297,1.200000000,0.018855058
1784881097.519952059,2.170000118,0.494622632,0.107427668,1.200000000,0.019329714
1784881097.529952049,2.180000118,0.500661408,0.108260657,1.200000000,0.019798527
1784881097.539952040,2.190000118,0.506711048,0.109094288,1.200000000,0.020261370
1784881097.549952030,2.200000118,0.512771645,0.109928589,1.200000000,0.020718116
1784881097.559952021,2.210000118,0.518843293,0.110763588,1.200000000,0.021168637
1784881097.569952011,2.220000118,0.524926087,0.111599314,1.200000000,0.021612806
1784881097.579952002,2.230000118,0.531020123,0.112435795,1.200000000,0.022050495
1784881097.589951992,2.240000118,0.537125499,0.113273061,1.200000000,0.022481577
1784881097.599951982,2.250000118,0.543242311,0.114111141,1.200000000,0.022905925
1784881097.609952211,2.260000118,0.549370658,0.114950066,1.200000000,0.023323412
1784881097.619952202,2.270000118,0.555510638,0.115789866,1.200000000,0.023733910
1784881097.629952192,2.280000118,0.561662349,0.116630572,1.200000000,0.024137291
1784881097.639952183,2.290000118,0.567825889,0.117472215,1.200000000,0.024533429
1784881097.649952173,2.300000118,0.574001355,0.118314826,1.200000000,0.024922195
1784881097.659952164,2.310000118,0.580188846,0.119158438,1.200000000,0.025303463
1784881097.669952154,2.320000118,0.586388458,0.120003081,1.200000000,0.025677106
1784881097.679952145,2.330000118,0.592600287,0.120848789,1.200000000,0.026042995
1784881097.689952135,2.340000118,0.598824427,0.121695592,1.200000000,0.026401005
1784881097.699952126,2.350000118,0.605060974,0.122543523,1.200000000,0.026751006
1784881097.709952116,2.360000118,0.611310019,0.123392615,1.200000000,0.027092872
1784881097.719952106,2.370000118,0.617571655,0.124242900,1.200000000,0.027426475
1784881097.729952097,2.380000118,0.623845970,0.125094411,1.200000000,0.027751689
1784881097.739952087,2.390000118,0.630133054,0.125947179,1.200000000,0.028068386
1784881097.749952078,2.400000118,0.636432992,0.126801237,1.200000000,0.028376438
1784881097.759952068,2.410000118,0.642745869,0.127656618,1.200000000,0.028675724
1784881097.769952059,2.420000118,0.649071768,0.128513353,1.200000000,0.028966241
1784881097.779952049,2.430000118,0.655410768,0.129371476,1.200000000,0.029248074
1784881097.789952040,2.440000118,0.661762948,0.130231017,1.200000000,0.029521316
1784881097.799952030,2.450000118,0.668128383,0.131092009,1.200000000,0.029786057
1784881097.809952021,2.460000118,0.674507147,0.131954483,1.200000000,0.030042388
1784881097.819952011,2.470000118,0.680899309,0.132818471,1.200000000,0.030290399
1784881097.829952002,2.480000118,0.687304937,0.133684004,1.200000000,0.030530182
1784881097.839951992,2.490000118,0.693724096,0.134551112,1.200000000,0.030761828
1784881097.849951982,2.500000118,0.700156849,0.135419828,1.200000000,0.030985427
1784881097.859952211,2.510000118,0.706603253,0.136290181,1.200000000,0.031201069
1784881097.869952202,2.520000118,0.713063364,0.137162200,1.200000000,0.031408847
1784881097.879952192,2.530000118,0.719537235,0.138035917,1.200000000,0.031608851
1784881097.889952183,2.540000118,0.726024916,0.138911359,1.200000000,0.031801171
1784881097.899952173,2.550000118,0.732526452,0.139788557,1.200000000,0.031985899
1784881097.909952164,2.560000118,0.739041885,0.140667539,1.200000000,0.032163125
1784881097.919952154,2.570000118,0.745571256,0.141548332,1.200000000,0.032332940
1784881097.929952145,2.580000118,0.752114598,0.142430965,1.200000000,0.032495435
1784881097.939952135,2.590000118,0.758671944,0.143315465,1.200000000,0.032650701
1784881097.949952126,2.600000118,0.765243323,0.144201858,1.200000000,0.032798828
1784881097.959952116,2.610000118,0.771828758,0.145090171,1.200000000,0.032939908
1784881097.969952106,2.620000118,0.778428270,0.145980430,1.200000000,0.033074032
1784881097.979952097,2.630000118,0.785041876,0.146872659,1.200000000,0.033201290
1784881097.989952087,2.640000118,0.791669589,0.147766884,1.200000000,0.033321772
1784881097.999952078,2.650000118,0.798311418,0.148663129,1.200000000,0.033435571
1784881098.009952068,2.660000118,0.804967367,0.149561416,1.200000000,0.033542776
1784881098.019952059,2.670000118,0.811637439,0.150461770,1.200000000,0.033643479
1784881098.029952049,2.680000118,0.818321630,0.151364212,1.200000000,0.033737770
1784881098.039952040,2.690000118,0.825019933,0.152268764,1.200000000,0.033825741
1784881098.049952030,2.700000118,0.831732338,0.153175447,1.200000000,0.033907481
1784881098.059952021,2.710000118,0.838458828,0.154084282,1.200000000,0.033983083
1784881098.069952011,2.720000118,0.845199384,0.154995288,1.200000000,0.034052636
1784881098.079952002,2.730000118,0.851953984,0.155908484,1.200000000,0.034116232
1784881098.089951992,2.740000118,0.858722600,0.156823889,1.200000000,0.034173962
1784881098.099951982,2.750000118,0.865505200,0.157741520,1.200000000,0.034225915
1784881098.109952211,2.760000118,0.872301747,0.158661394,1.200000000,0.034272184
1784881098.119952202,2.770000118,0.879112203,0.159583528,1.200000000,0.034312859
1784881098.129952192,2.780000118,0.885936523,0.160507937,1.200000000,0.034348030
1784881098.139952183,2.790000118,0.892774659,0.161434636,1.200000000,0.034377790
1784881098.149952173,2.800000118,0.899626557,0.162363639,1.200000000,0.034402227
1784881098.159952164,2.810000118,0.906492163,0.163294959,1.200000000,0.034421434
1784881098.169952154,2.820000118,0.913371413,0.164228608,1.200000000,0.034435502
1784881098.179952145,2.830000118,0.920264245,0.165164598,1.200000000,0.034444520
1784881098.189952135,2.840000118,0.927170588,0.166102940,1.200000000,0.034448580
1784881098.199952126,2.850000118,0.934090370,0.167043645,1.200000000,0.034447773
1784881098.209952116,2.860000118,0.941023512,0.167986720,1.200000000,0.034442190
1784881098.219952106,2.870000118,0.947969935,0.168932175,1.200000000,0.034431920
1784881098.229952097,2.880000118,0.954929553,0.169880018,1.200000000,0.034417056
1784881098.239952087,2.890000118,0.961902275,0.170830255,1.200000000,0.034397689
1784881098.249952078,2.900000118,0.968888010,0.171782892,1.200000000,0.034373908
1784881098.259952068,2.910000118,0.975886659,0.172737934,1.200000000,0.034345804
1784881098.269952059,2.920000118,0.982898121,0.173695385,1.200000000,0.034313470
1784881098.279952049,2.930000118,0.989922291,0.174655249,1.200000000,0.034276995
1784881098.289952040,2.940000118,0.996959061,0.175617529,1.200000000,0.034236470
1784881098.299952030,2.950000118,1.004008317,0.176582225,1.200000000,0.034191986
1784881098.309952021,2.960000118,1.011069944,0.177549339,1.200000000,0.034143634
1784881098.319952011,2.970000118,1.018143819,0.178518871,1.200000000,0.034091505
1784881098.329952002,2.980000118,1.025229821,0.179490819,1.200000000,0.034035690
1784881098.339951992,2.990000118,1.032327820,0.180465182,1.200000000,0.033976279
1784881098.349951982,3.000000118,1.039437686,0.181441957,1.200000000,0.033913364
1784881098.359952211,3.010000118,1.046559285,0.182421141,1.200000000,0.033847034
1784881098.369952202,3.020000118,1.053692477,0.183402728,1.200000000,0.033777382
1784881098.379952192,3.030000118,1.060837121,0.184386713,1.200000000,0.033704498
1784881098.389952183,3.040000118,1.067993073,0.185373091,1.200000000,0.033628472
1784881098.399952173,3.050000118,1.075160183,0.186361853,1.200000000,0.033549396
1784881098.409952164,3.060000118,1.082338301,0.187352991,1.200000000,0.033467360
1784881098.419952154,3.070000118,1.089527270,0.188346497,1.200000000,0.033382455
1784881098.429952145,3.080000118,1.096726934,0.189342361,1.200000000,0.033294773
1784881098.439952135,3.090000118,1.103937131,0.190340571,1.200000000,0.033204403
1784881098.449952126,3.100000118,1.111157698,0.191341116,1.200000000,0.033111437
1784881098.459952116,3.110000118,1.118388466,0.192343983,1.200000000,0.033015966
1784881098.469952106,3.120000118,1.125629267,0.193349158,1.200000000,0.032918080
1784881098.479952097,3.130000118,1.132879927,0.194356627,1.200000000,0.032817870
1784881098.489952087,3.140000118,1.140140270,0.195366375,1.200000000,0.032715428
1784881098.499952078,3.150000118,1.147410120,0.196378385,1.200000000,0.032610843
1784881098.509952068,3.160000118,1.154689295,0.197392639,1.200000000,0.032504208
1784881098.519952059,3.170000118,1.161977611,0.198409120,1.200000000,0.032395611
1784881098.529952049,3.180000118,1.169274883,0.199427809,1.200000000,0.032285146
1784881098.539952040,3.190000118,1.176580922,0.200448685,1.200000000,0.032172901
1784881098.549952030,3.200000118,1.183895539,0.201471727,1.200000000,0.032058969
1784881098.559952021,3.210000118,1.191218541,0.202496914,1.200000000,0.031943440
1784881098.569952011,3.220000118,1.198549731,0.203524224,1.200000000,0.031826405
1784881098.579952002,3.230000118,1.205888915,0.204553631,1.200000000,0.031707954
1784881098.589951992,3.240000118,1.213235892,0.205585113,1.200000000,0.031588179
1784881098.599951982,3.250000118,1.220590462,0.206618643,1.200000000,0.031467170
1784881098.609952211,3.260000118,1.227952423,0.207654195,1.200000000,0.031345019
1784881098.619952202,3.270000118,1.235321569,0.208691742,1.200000000,0.031221815
1784881098.629952192,3.280000118,1.242697694,0.209731255,1.200000000,0.031097651
1784881098.639952183,3.290000118,1.250080591,0.210772707,1.200000000,0.030972616
1784881098.649952173,3.300000118,1.257470051,0.211816066,1.200000000,0.030846802
1784881098.659952164,3.310000118,1.264865862,0.212861302,1.200000000,0.030720299
1784881098.669952154,3.320000118,1.272267813,0.213908384,1.200000000,0.030593198
1784881098.679952145,3.330000118,1.279675691,0.214957279,1.200000000,0.030465591
1784881098.689952135,3.340000118,1.287089280,0.216007954,1.200000000,0.030337567
1784881098.699952126,3.350000118,1.294508366,0.217060374,1.200000000,0.030209218
1784881098.709952116,3.360000118,1.301932732,0.218114505,1.200000000,0.030080635
1784881098.719952106,3.370000118,1.309362160,0.219170310,1.200000000,0.029951909
1784881098.729952097,3.380000118,1.316796432,0.220227753,1.200000000,0.029823129
1784881098.739952087,3.390000118,1.324235329,0.221286796,1.200000000,0.029694388
1784881098.749952078,3.400000118,1.331678631,0.222347400,1.200000000,0.029565776
1784881098.759952068,3.410000118,1.339126117,0.223409527,1.200000000,0.029437383
1784881098.769952059,3.420000118,1.346577568,0.224473135,1.200000000,0.029309302
1784881098.779952049,3.430000118,1.354032762,0.225538185,1.200000000,0.029181621
1784881098.789952040,3.440000118,1.361491476,0.226604635,1.200000000,0.029054434
1784881098.799952030,3.450000118,1.368953490,0.227672441,1.200000000,0.028927829
1784881098.809952021,3.460000118,1.376418581,0.228741561,1.200000000,0.028801898
1784881098.819952011,3.470000118,1.383886527,0.229811951,1.200000000,0.028676733
1784881098.829952002,3.480000118,1.391357107,0.230883564,1.200000000,0.028552423
1784881098.839951992,3.490000118,1.398830098,0.231956356,1.200000000,0.028429059
1784881098.849951982,3.500000118,1.406305279,0.233030281,1.200000000,0.028306733
1784881098.859952211,3.510000118,1.413782428,0.234105290,1.200000000,0.028185535
1784881098.869952202,3.520000118,1.421261324,0.235181335,1.200000000,0.028065557
1784881098.879952192,3.530000118,1.428741746,0.236258369,1.200000000,0.027946888
1784881098.889952183,3.540000118,1.436223475,0.237336341,1.200000000,0.027829620
1784881098.899952173,3.550000118,1.443706290,0.238415201,1.200000000,0.027713843
1784881098.909952164,3.560000118,1.451189974,0.239494897,1.200000000,0.027599649
1784881098.919952154,3.570000118,1.458674306,0.240575379,1.200000000,0.027487129
1784881098.929952145,3.580000118,1.466159072,0.241656593,1.200000000,0.027376372
1784881098.939952135,3.590000118,1.473644053,0.242738487,1.200000000,0.027267471
1784881098.949952126,3.600000118,1.481129035,0.243821006,1.200000000,0.027160515
1784881098.959952116,3.610000118,1.488613803,0.244904095,1.200000000,0.027055596
1784881098.969952106,3.620000118,1.496098145,0.245987700,1.200000000,0.026952804
1784881098.979952097,3.630000118,1.503581848,0.247071764,1.200000000,0.026852231
1784881098.989952087,3.640000118,1.511064702,0.248156230,1.200000000,0.026753967
1784881098.999952078,3.650000118,1.518546497,0.249241041,1.200000000,0.026658103
1784881099.009952068,3.660000118,1.526027027,0.250326140,1.200000000,0.026564730
1784881099.019952059,3.670000118,1.533506084,0.251411467,1.200000000,0.026473939
1784881099.029952049,3.680000118,1.540983463,0.252496962,1.200000000,0.026385820
1784881099.039952040,3.690000118,1.548458963,0.253582567,1.200000000,0.026300464
1784881099.049952030,3.700000118,1.555932382,0.254668219,1.200000000,0.026217963
1784881099.059952021,3.710000118,1.563403519,0.255753859,1.200000000,0.026138407
1784881099.069952011,3.720000118,1.570872178,0.256839424,1.200000000,0.026061887
1784881099.079952002,3.730000118,1.578338164,0.257924851,1.200000000,0.025988493
1784881099.089951992,3.740000118,1.585801281,0.259010077,1.200000000,0.025918317
1784881099.099951982,3.750000118,1.593261340,0.260095039,1.200000000,0.025851450
1784881099.109952211,3.760000118,1.600718149,0.261179673,1.200000000,0.025787982
1784881099.119952202,3.770000118,1.608171523,0.262263913,1.200000000,0.025728004
1784881099.129952192,3.780000118,1.615621275,0.263347694,1.200000000,0.025671607
1784881099.139952183,3.790000118,1.623067223,0.264430950,1.200000000,0.025618882
1784881099.149952173,3.800000118,1.630509186,0.265513615,1.200000000,0.025569919
1784881099.159952164,3.810000118,1.637946988,0.266595621,1.200000000,0.025524810
1784881099.169952154,3.820000118,1.645380450,0.267676901,1.200000000,0.025483645
1784881099.179952145,3.830000118,1.652809402,0.268757386,1.200000000,0.025446490
1784881099.189952135,3.840000118,1.660233672,0.269837008,1.200000000,0.025413267
1784881099.199952126,3.850000118,1.667653091,0.270915698,1.200000000,0.025383848
1784881099.209952116,3.860000118,1.675067496,0.271993385,1.200000000,0.025358108
1784881099.219952106,3.870000118,1.682476722,0.273070000,1.200000000,0.025335918
1784881099.229952097,3.880000118,1.689880610,0.274145473,1.200000000,0.025317151
1784881099.239952087,3.890000118,1.697279004,0.275219730,1.200000000,0.025301681
1784881099.249952078,3.900000118,1.704671747,0.276292702,1.200000000,0.025289379
1784881099.259952068,3.910000118,1.712058689,0.277364316,1.200000000,0.025280120
1784881099.269952059,3.920000118,1.719439680,0.278434499,1.200000000,0.025273776
1784881099.279952049,3.930000118,1.726814576,0.279503179,1.200000000,0.025270219
1784881099.289952040,3.940000118,1.734183233,0.280570281,1.200000000,0.025269322
1784881099.299952030,3.950000118,1.741545510,0.281635732,1.200000000,0.025270959
1784881099.309952021,3.960000118,1.748901271,0.282699458,1.200000000,0.025275002
1784881099.319952011,3.970000118,1.756250382,0.283761384,1.200000000,0.025281324
1784881099.329952002,3.980000118,1.763592711,0.284821434,1.200000000,0.025289798
1784881099.339951992,3.990000118,1.770928131,0.285879532,1.200000000,0.025300297
1784881099.349951982,4.000000118,1.778256516,0.286935604,1.200000000,0.025312693
1784881099.359952211,4.010000118,1.785577745,0.287989573,1.200000000,0.025326859
1784881099.369952202,4.020000118,1.792891699,0.289041361,1.200000000,0.025342669
1784881099.379952192,4.030000118,1.800198262,0.290090893,1.200000000,0.025359994
1784881099.389952183,4.040000118,1.807497321,0.291138089,1.200000000,0.025378709
1784881099.399952173,4.050000118,1.814788767,0.292182873,1.200000000,0.025398686
1784881099.409952164,4.060000118,1.822072494,0.293225166,1.200000000,0.025419796
1784881099.419952154,4.070000118,1.829348399,0.294264890,1.200000000,0.025441915
1784881099.429952145,4.080000118,1.836616381,0.295301965,1.200000000,0.025464914
1784881099.439952135,4.090000118,1.843876343,0.296336313,1.200000000,0.025488665
1784881099.449952126,4.100000118,1.851128193,0.297367854,1.200000000,0.025513043
1784881099.459952116,4.110000118,1.858371839,0.298396509,1.200000000,0.025537920
1784881099.469952106,4.120000118,1.865607194,0.299422196,1.200000000,0.025563168
1784881099.479952097,4.130000118,1.872834174,0.300444837,1.200000000,0.025588661
1784881099.489952087,4.140000118,1.880052699,0.301464349,1.200000000,0.025614271
1784881099.499952078,4.150000118,1.887262689,0.302480652,1.200000000,0.025639871
1784881099.509952068,4.160000118,1.894464071,0.303493665,1.200000000,0.025665334
1784881099.519952059,4.170000118,1.901656774,0.304503306,1.200000000,0.025690533
1784881099.529952049,4.180000118,1.908840728,0.305509494,1.200000000,0.025715341
1784881099.539952040,4.190000118,1.916015869,0.306512145,1.200000000,0.025739630
1784881099.549952030,4.200000118,1.923182135,0.307511179,1.200000000,0.025763274
1784881099.559952021,4.210000118,1.930339467,0.308506513,1.200000000,0.025786145
1784881099.569952011,4.220000118,1.937487809,0.309498063,1.200000000,0.025808116
1784881099.579952002,4.230000118,1.944627109,0.310485747,1.200000000,0.025829060
1784881099.589951992,4.240000118,1.951757317,0.311469481,1.200000000,0.025848850
1784881099.599951982,4.250000118,1.958878387,0.312449183,1.200000000,0.025867358
1784881099.609952211,4.260000118,1.965990276,0.313424768,1.200000000,0.025884458
1784881099.619952202,4.270000118,1.973092942,0.314396153,1.200000000,0.025900022
1784881099.629952192,4.280000118,1.980186350,0.315363254,1.200000000,0.025913923
1784881099.639952183,4.290000118,1.987270465,0.316325987,1.200000000,0.025926034
1784881099.649952173,4.300000118,1.994345256,0.317284267,1.200000000,0.025936228
1784881099.659952164,4.310000118,2.001410694,0.318238010,1.200000000,0.025944378
1784881099.669952154,4.320000118,2.008466754,0.319187131,1.200000000,0.025950356
1784881099.679952145,4.330000118,2.015513415,0.320131546,1.200000000,0.025954036
1784881099.689952135,4.340000118,2.022550657,0.321071169,1.200000000,0.025955289
1784881099.699952126,4.350000118,2.029578462,0.322005916,1.200000000,0.025953990
1784881099.709952116,4.360000118,2.036596819,0.322935701,1.200000000,0.025950011
1784881099.719952106,4.370000118,2.043605716,0.323860440,1.200000000,0.025943224
1784881099.729952097,4.380000118,2.050605145,0.324780045,1.200000000,0.025933503
1784881099.739952087,4.390000118,2.057595101,0.325694433,1.200000000,0.025920720
1784881099.749952078,4.400000118,2.064575582,0.326603518,1.200000000,0.025904749
1784881099.759952068,4.410000118,2.071546588,0.327507213,1.200000000,0.025885462
1784881099.769952059,4.420000118,2.078508123,0.328405433,1.200000000,0.025862731
1784881099.779952049,4.430000118,2.085460191,0.329298092,1.200000000,0.025836431
1784881099.789952040,4.440000118,2.092402802,0.330185104,1.200000000,0.025806433
1784881099.799952030,4.450000118,2.099335967,0.331066384,1.200000000,0.025772610
1784881099.809952021,4.460000118,2.106259699,0.331941844,1.200000000,0.025734836
1784881099.819952011,4.470000118,2.113174015,0.332811400,1.200000000,0.025692983
1784881099.829952002,4.480000118,2.120078933,0.333674964,1.200000000,0.025646924
1784881099.839951992,4.490000118,2.126974474,0.334532451,1.200000000,0.025596532
1784881099.849951982,4.500000118,2.133860662,0.335383775,1.200000000,0.025541679
1784881099.859952211,4.510000118,2.140737523,0.336228849,1.200000000,0.025482239
1784881099.869952202,4.520000118,2.147605086,0.337067586,1.200000000,0.025418085
1784881099.879952192,4.530000118,2.154463380,0.337899902,1.200000000,0.025349088
1784881099.889952183,4.540000118,2.161312440,0.338725709,1.200000000,0.025275123
1784881099.899952173,4.550000118,2.168152301,0.339544921,1.200000000,0.025196062
1784881099.909952164,4.560000118,2.174982999,0.340357452,1.200000000,0.025111777
1784881099.919952154,4.570000118,2.181804575,0.341163215,1.200000000,0.025022142
1784881099.929952145,4.580000118,2.188617070,0.341962126,1.200000000,0.024927029
1784881099.939952135,4.590000118,2.195420529,0.342754096,1.200000000,0.024826312
1784881099.949952126,4.600000118,2.202214998,0.343539041,1.200000000,0.024719862
1784881099.959952116,4.610000118,2.209000523,0.344316874,1.200000000,0.024607554
1784881099.969952106,4.620000118,2.215777156,0.345087510,1.200000000,0.024489259
1784881099.979952097,4.630000118,2.222544948,0.345850861,1.200000000,0.024364852
1784881099.989952087,4.640000118,2.229303953,0.346606843,1.200000000,0.024234203
1784881099.999952078,4.650000118,2.236054227,0.347355369,1.200000000,0.024097187
1784881100.009952068,4.660000118,2.242795827,0.348096354,1.200000000,0.023953676
1784881100.019952059,4.670000118,2.249528811,0.348829712,1.200000000,0.023803543
1784881100.029952049,4.680000118,2.256253242,0.349555358,1.200000000,0.023646661
1784881100.039952040,4.690000118,2.262969182,0.350273206,1.200000000,0.023482903
1784881100.049952030,4.700000118,2.269676694,0.350983170,1.200000000,0.023312141
1784881100.059952021,4.710000118,2.276375844,0.351685166,1.200000000,0.023134249
1784881100.069952011,4.720000118,2.283066701,0.352379109,1.200000000,0.022949099
1784881100.079952002,4.730000118,2.289749332,0.353064912,1.200000000,0.022756564
1784881100.089951992,4.740000118,2.296423807,0.353742492,1.200000000,0.022556516
1784881100.099951982,4.750000118,2.303090199,0.354411764,1.200000000,0.022348830
1784881100.109952211,4.760000118,2.309748580,0.355072643,1.200000000,0.022133377
1784881100.119952202,4.770000118,2.316399025,0.355725044,1.200000000,0.021910031
1784881100.129952192,4.780000118,2.323041608,0.356368884,1.200000000,0.021678664
1784881100.139952183,4.790000118,2.329676407,0.357004078,1.200000000,0.021439149
1784881100.149952173,4.800000118,2.336303500,0.357630543,1.200000000,0.021191359
1784881100.159952164,4.810000118,2.342922965,0.358248194,1.200000000,0.020935167
1784881100.169952154,4.820000118,2.349534882,0.358856948,1.200000000,0.020670445
1784881100.179952145,4.830000118,2.356139333,0.359456721,1.200000000,0.020397067
1784881100.189952135,4.840000118,2.362736400,0.360047431,1.200000000,0.020114906
1784881100.199952126,4.850000118,2.369326165,0.360628994,1.200000000,0.019823833
1784881100.209952116,4.860000118,2.375908713,0.361201327,1.200000000,0.019523723
1784881100.219952106,4.870000118,2.382484127,0.361764349,1.200000000,0.019214448
1784881100.229952097,4.880000118,2.389052494,0.362317975,1.200000000,0.018895880
1784881100.239952087,4.890000118,2.395613899,0.362862125,1.200000000,0.018567893
1784881100.249952078,4.900000118,2.402168430,0.363396717,1.200000000,0.018230359
1784881100.259952068,4.910000118,2.408716174,0.363921668,1.200000000,0.017883151
1784881100.269952059,4.920000118,2.415257219,0.364436897,1.200000000,0.017526143
1784881100.279952049,4.930000118,2.421791654,0.364942324,1.200000000,0.017159206
1784881100.289952040,4.940000118,2.428319567,0.365437866,1.200000000,0.016782215
1784881100.299952030,4.950000118,2.434841049,0.365923444,1.200000000,0.016395040
1784881100.309952021,4.960000118,2.441356189,0.366398976,1.200000000,0.015997557
1784881100.319952011,4.970000118,2.447865078,0.366864384,1.200000000,0.015589636
1784881100.329952002,4.980000118,2.454367807,0.367319586,1.200000000,0.015171152
1784881100.339951992,4.990000118,2.460864466,0.367764504,1.200000000,0.014741977
1784881100.349951982,5.000000118,2.467355147,0.368199058,1.200000000,0.014301984
1784881100.359952211,5.010000118,2.473839941,0.368623169,1.200000000,0.013851045
1784881100.369952202,5.020000118,2.480318939,0.369036758,1.200000000,0.013389034
1784881100.379952192,5.030000118,2.486792234,0.369439747,1.200000000,0.012915823
1784881100.389952183,5.040000118,2.493259916,0.369832057,1.200000000,0.012431286
1784881100.399952173,5.050000118,2.499722078,0.370213612,1.200000000,0.011935294
1784881100.409952164,5.060000118,2.506178811,0.370584333,1.200000000,0.011427721
1784881100.419952154,5.070000118,2.512630207,0.370944144,1.200000000,0.010908441
1784881100.429952145,5.080000118,2.519076357,0.371292967,1.200000000,0.010377324
1784881100.439952135,5.090000118,2.525517352,0.371630727,1.200000000,0.009834245
1784881100.449952126,5.100000118,2.531953284,0.371957347,1.200000000,0.009279077
1784881100.459952116,5.110000118,2.538384243,0.372272750,1.200000000,0.008711691
1784881100.469952106,5.120000118,2.544810319,0.372576863,1.200000000,0.008131962
1784881100.479952097,5.130000118,2.551231603,0.372869610,1.200000000,0.007539761
1784881100.489952087,5.140000118,2.557648185,0.373150916,1.200000000,0.006934962
1784881100.499952078,5.150000118,2.564060154,0.373420706,1.200000000,0.006317437
1784881100.509952068,5.160000118,2.570467599,0.373678908,1.200000000,0.005687060
1784881100.519952059,5.170000118,2.576870609,0.373925447,1.200000000,0.005043703
1784881100.529952049,5.180000118,2.583269270,0.374160250,1.200000000,0.004387239
1784881100.539952040,5.190000118,2.589663672,0.374383245,1.200000000,0.003717541
1784881100.549952030,5.200000118,2.596053901,0.374594359,1.200000000,0.003034481
1784881100.559952021,5.210000118,2.602440042,0.374793520,1.200000000,0.002337933
1784881100.569952011,5.220000118,2.608822181,0.374980657,1.200000000,0.001627770
1784881100.579952002,5.230000118,2.615200403,0.375155698,1.200000000,0.000903863
1784881100.589951992,5.240000118,2.621574793,0.375318573,1.200000000,0.000166087
1784881100.599951982,5.250000118,2.627945432,0.375469212,1.200000000,-0.000585686
1784881100.609952211,5.260000118,2.634312405,0.375607544,1.200000000,-0.001351584
1784881100.619952202,5.270000118,2.640675792,0.375733500,1.200000000,-0.002131733
1784881100.629952192,5.280000118,2.647035675,0.375847011,1.200000000,-0.002926261
1784881100.639952183,5.290000118,2.653392132,0.375948009,1.200000000,-0.003735294
1784881100.649952173,5.300000118,2.659745244,0.376036426,1.200000000,-0.004558960
1784881100.659952164,5.310000118,2.666095088,0.376112194,1.200000000,-0.005397386
1784881100.669952154,5.320000118,2.672441741,0.376175245,1.200000000,-0.006250653
1784881100.679952145,5.330000118,2.678785280,0.376225513,1.200000000,-0.007118690
1784881100.689952135,5.340000118,2.685125779,0.376262932,1.200000000,-0.008001399
1784881100.699952126,5.350000118,2.691463312,0.376287436,1.200000000,-0.008898678
1784881100.709952116,5.360000118,2.697797952,0.376298960,1.200000000,-0.009810429
1784881100.719952106,5.370000118,2.704129771,0.376297439,1.200000000,-0.010736551
1784881100.729952097,5.380000118,2.710458840,0.376282808,1.200000000,-0.011676944
1784881100.739952087,5.390000118,2.716785228,0.376255004,1.200000000,-0.012631509
1784881100.749952078,5.400000118,2.723109004,0.376213963,1.200000000,-0.013600145
1784881100.759952068,5.410000118,2.729430234,0.376159623,1.200000000,-0.014582753
1784881100.769952059,5.420000118,2.735748985,0.376091921,1.200000000,-0.015579234
1784881100.779952049,5.430000118,2.742065321,0.376010795,1.200000000,-0.016589486
1784881100.789952040,5.440000118,2.748379306,0.375916185,1.200000000,-0.017613410
1784881100.799952030,5.450000118,2.754691003,0.375808029,1.200000000,-0.018650907
1784881100.809952021,5.460000118,2.761000471,0.375686267,1.200000000,-0.019701876
1784881100.819952011,5.470000118,2.767307771,0.375550840,1.200000000,-0.020766218
1784881100.829952002,5.480000118,2.773612961,0.375401687,1.200000000,-0.021843832
1784881100.839951992,5.490000118,2.779916099,0.375238752,1.200000000,-0.022934620
1784881100.849951982,5.500000118,2.786217239,0.375061974,1.200000000,-0.024038480
1784881100.859952211,5.510000118,2.792516437,0.374871298,1.200000000,-0.025155313
1784881100.869952202,5.520000118,2.798813745,0.374666666,1.200000000,-0.026285019
1784881100.879952192,5.530000118,2.805109216,0.374448020,1.200000000,-0.027427499
1784881100.889952183,5.540000118,2.811402899,0.374215307,1.200000000,-0.028582652
1784881100.899952173,5.550000118,2.817694843,0.373968470,1.200000000,-0.029750378
1784881100.909952164,5.560000118,2.823985096,0.373707454,1.200000000,-0.030930579
1784881100.919952154,5.570000118,2.830273704,0.373432206,1.200000000,-0.032123153
1784881100.929952145,5.580000118,2.836560712,0.373142671,1.200000000,-0.033328001
1784881100.939952135,5.590000118,2.842846164,0.372838797,1.200000000,-0.034545023
1784881100.949952126,5.600000118,2.849130100,0.372520531,1.200000000,-0.035774119
1784881100.959952116,5.610000118,2.855412562,0.372187821,1.200000000,-0.037015190
1784881100.969952106,5.620000118,2.861693588,0.371840617,1.200000000,-0.038268135
1784881100.979952097,5.630000118,2.867973217,0.371478867,1.200000000,-0.039532854
1784881100.989952087,5.640000118,2.874251485,0.371102521,1.200000000,-0.040809248
1784881100.999952078,5.650000118,2.880528425,0.370711531,1.200000000,-0.042097217
1784881101.009952068,5.660000118,2.886804073,0.370305846,1.200000000,-0.043396661
1784881101.019952059,5.670000118,2.893078459,0.369885420,1.200000000,-0.044707480
1784881101.029952049,5.680000118,2.899351614,0.369450204,1.200000000,-0.046029574
1784881101.039952040,5.690000118,2.905623567,0.369000151,1.200000000,-0.047362844
1784881101.049952030,5.700000118,2.911894346,0.368535214,1.200000000,-0.048707189
1784881101.059952021,5.710000118,2.918163976,0.368055350,1.200000000,-0.050062509
1784881101.069952011,5.720000118,2.924432483,0.367560511,1.200000000,-0.051428706
1784881101.079952002,5.730000118,2.930699890,0.367050653,1.200000000,-0.052805678
1784881101.089951992,5.740000118,2.936966219,0.366525734,1.200000000,-0.054193325
1784881101.099951982,5.750000118,2.943231490,0.365985709,1.200000000,-0.055591549
1784881101.109952211,5.760000118,2.949495721,0.365430536,1.200000000,-0.057000250
1784881101.119952202,5.770000118,2.955758932,0.364860173,1.200000000,-0.058419326
1784881101.129952192,5.780000118,2.962021138,0.364274579,1.200000000,-0.059848679
1784881101.139952183,5.790000118,2.968282353,0.363673713,1.200000000,-0.061288209
1784881101.149952173,5.800000118,2.974542591,0.363057535,1.200000000,-0.062737815
1784881101.159952164,5.810000118,2.980801865,0.362426007,1.200000000,-0.064197398
1784881101.169952154,5.820000118,2.987060184,0.361779089,1.200000000,-0.065666858
1784881101.179952145,5.830000118,2.993317558,0.361116743,1.200000000,-0.067146095
1784881101.189952135,5.840000118,2.999573994,0.360438933,1.200000000,-0.068635009
1784881101.199952126,5.850000118,3.005829500,0.359745622,1.200000000,-0.070133500
1784881101.209952116,5.860000118,3.012084080,0.359036773,1.200000000,-0.071641469
1784881101.219952106,5.870000118,3.018337739,0.358312352,1.200000000,-0.073158816
1784881101.229952097,5.880000118,3.024590478,0.357572324,1.200000000,-0.074685440
1784881101.239952087,5.890000118,3.030842299,0.356816655,1.200000000,-0.076221242
1784881101.249952078,5.900000118,3.037093201,0.356045312,1.200000000,-0.077766122
1784881101.259952068,5.910000118,3.043343183,0.355258262,1.200000000,-0.079319980
1784881101.269952059,5.920000118,3.049592243,0.354455475,1.200000000,-0.080882716
1784881101.279952049,5.930000118,3.055840376,0.353636918,1.200000000,-0.082454231
1784881101.289952040,5.940000118,3.062087576,0.352802561,1.200000000,-0.084034424
1784881101.299952030,5.950000118,3.068333839,0.351952375,1.200000000,-0.085623195
1784881101.309952021,5.960000118,3.074579154,0.351086331,1.200000000,-0.087220446
1784881101.319952011,5.970000118,3.080823515,0.350204400,1.200000000,-0.088826075
1784881101.329952002,5.980000118,3.087066909,0.349306555,1.200000000,-0.090439983
1784881101.339951992,5.990000118,3.093309326,0.348392770,1.200000000,-0.092062070
1784881101.349951982,6.000000118,3.099550754,0.347463017,1.200000000,-0.093692236
1784881101.359952211,6.010000118,3.105791178,0.346517272,1.200000000,-0.095330382
1784881101.369952202,6.020000118,3.112030584,0.345555510,1.200000000,-0.096976407
1784881101.379952192,6.030000118,3.118268955,0.344577707,1.200000000,-0.098630212
1784881101.389952183,6.040000118,3.124506274,0.343583841,1.200000000,-0.100291696
1784881101.399952173,6.050000118,3.130742523,0.342573887,1.200000000,-0.101960760
1784881101.409952164,6.060000118,3.136977683,0.341547826,1.200000000,-0.103637304
1784881101.419952154,6.070000118,3.143211733,0.340505635,1.200000000,-0.105321229
1784881101.429952145,6.080000118,3.149444652,0.339447294,1.200000000,-0.107012433
1784881101.439952135,6.090000118,3.155676417,0.338372785,1.200000000,-0.108710818
1784881101.449952126,6.100000118,3.161907004,0.337282088,1.200000000,-0.110416283
1784881101.459952116,6.110000118,3.168136390,0.336175185,1.200000000,-0.112128729
1784881101.469952106,6.120000118,3.174364548,0.335052058,1.200000000,-0.113848055
1784881101.479952097,6.130000118,3.180591452,0.333912693,1.200000000,-0.115574163
1784881101.489952087,6.140000118,3.186817074,0.332757072,1.200000000,-0.117306951
1784881101.499952078,6.150000118,3.193041387,0.331585180,1.200000000,-0.119046320
1784881101.509952068,6.160000118,3.199264361,0.330397004,1.200000000,-0.120792171
1784881101.519952059,6.170000118,3.205485966,0.329192529,1.200000000,-0.122544403
1784881101.529952049,6.180000118,3.211706171,0.327971744,1.200000000,-0.124302916
1784881101.539952040,6.190000118,3.217924944,0.326734635,1.200000000,-0.126067611
1784881101.549952030,6.200000118,3.224142252,0.325481193,1.200000000,-0.127838388
1784881101.559952021,6.210000118,3.230358063,0.324211405,1.200000000,-0.129615146
1784881101.569952011,6.220000118,3.236572341,0.322925264,1.200000000,-0.131397787
1784881101.579952002,6.230000118,3.242785052,0.321622759,1.200000000,-0.133186209
1784881101.589951992,6.240000118,3.248996160,0.320303882,1.200000000,-0.134980314
1784881101.599951982,6.250000118,3.255205629,0.318968627,1.200000000,-0.136780001
1784881101.609952211,6.260000118,3.261413421,0.317616986,1.200000000,-0.138585171
1784881101.619952202,6.270000118,3.267619499,0.316248953,1.200000000,-0.140395723
1784881101.629952192,6.280000118,3.273823824,0.314864525,1.200000000,-0.142211557
1784881101.639952183,6.290000118,3.280026357,0.313463695,1.200000000,-0.144032575
1784881101.649952173,6.300000118,3.286227059,0.312046461,1.200000000,-0.145858676
1784881101.659952164,6.310000118,3.292425889,0.310612821,1.200000000,-0.147689760
1784881101.669952154,6.320000118,3.298622806,0.309162771,1.200000000,-0.149525726
1784881101.679952145,6.330000118,3.304817769,0.307696311,1.200000000,-0.151366477
1784881101.689952135,6.340000118,3.311010736,0.306213440,1.200000000,-0.153211911
1784881101.699952126,6.350000118,3.317201664,0.304714159,1.200000000,-0.155061928
1784881101.709952116,6.360000118,3.323390511,0.303198469,1.200000000,-0.156916429
1784881101.719952106,6.370000118,3.329577234,0.301666372,1.200000000,-0.158775314
1784881101.729952097,6.380000118,3.335761788,0.300117871,1.200000000,-0.160638483
1784881101.739952087,6.390000118,3.341944130,0.298552968,1.200000000,-0.162505836
1784881101.749952078,6.400000118,3.348124214,0.296971669,1.200000000,-0.164377273
1784881101.759952068,6.410000118,3.354301997,0.295373978,1.200000000,-0.166252694
1784881101.769952059,6.420000118,3.360477432,0.293759902,1.200000000,-0.168132000
1784881101.779952049,6.430000118,3.366650475,0.292129447,1.200000000,-0.170015091
1784881101.789952040,6.440000118,3.372821079,0.290482620,1.200000000,-0.171901866
1784881101.799952030,6.450000118,3.378989198,0.288819430,1.200000000,-0.173792226
1784881101.809952021,6.460000118,3.385154786,0.287139886,1.200000000,-0.175686072
1784881101.819952011,6.470000118,3.391317796,0.285443997,1.200000000,-0.177583302
1784881101.829952002,6.480000118,3.397478182,0.283731775,1.200000000,-0.179483817
1784881101.839951992,6.490000118,3.403635897,0.282003230,1.200000000,-0.181387518
1784881101.849951982,6.500000118,3.409790893,0.280258375,1.200000000,-0.183294304
1784881101.859952211,6.510000118,3.415943123,0.278497223,1.200000000,-0.185204076
1784881101.869952202,6.520000118,3.422092540,0.276719787,1.200000000,-0.187116734
1784881101.879952192,6.530000118,3.428239096,0.274926082,1.200000000,-0.189032177
1784881101.889952183,6.540000118,3.434382745,0.273116124,1.200000000,-0.190950307
1784881101.899952173,6.550000118,3.440523437,0.271289929,1.200000000,-0.192871022
1784881101.909952164,6.560000118,3.446661127,0.269447514,1.200000000,-0.194794224
1784881101.919952154,6.570000118,3.452795766,0.267588895,1.200000000,-0.196719812
1784881101.929952145,6.580000118,3.458927307,0.265714093,1.200000000,-0.198647687
1784881101.939952135,6.590000118,3.465055703,0.263823126,1.200000000,-0.200577748
1784881101.949952126,6.600000118,3.471180905,0.261916015,1.200000000,-0.202509896
1784881101.959952116,6.610000118,3.477302867,0.259992780,1.200000000,-0.204444031
1784881101.969952106,6.620000118,3.483421541,0.258053443,1.200000000,-0.206380052
1784881101.979952097,6.630000118,3.489536881,0.256098027,1.200000000,-0.208317861
1784881101.989952087,6.640000118,3.495648840,0.254126554,1.200000000,-0.210257357
1784881101.999952078,6.650000118,3.501757370,0.252139050,1.200000000,-0.212198441
1784881102.009952068,6.660000118,3.507862426,0.250135539,1.200000000,-0.214141012
1784881102.019952059,6.670000118,3.513963962,0.248116046,1.200000000,-0.216084970
1784881102.029952049,6.680000118,3.520061930,0.246080598,1.200000000,-0.218030216
1784881102.039952040,6.690000118,3.526156285,0.244029222,1.200000000,-0.219976651
1784881102.049952030,6.700000118,3.532246983,0.241961946,1.200000000,-0.221924173
1784881102.059952021,6.710000118,3.538333977,0.239878800,1.200000000,-0.223872683
1784881102.069952011,6.720000118,3.544417224,0.237779813,1.200000000,-0.225822081
1784881102.079952002,6.730000118,3.550496677,0.235665014,1.200000000,-0.227772268
1784881102.089951992,6.740000118,3.556572294,0.233534436,1.200000000,-0.229723143
1784881102.099951982,6.750000118,3.562644031,0.231388110,1.200000000,-0.231674607
1784881102.109952211,6.760000118,3.568711844,0.229226069,1.200000000,-0.233626560
1784881102.119952202,6.770000118,3.574775691,0.227048347,1.200000000,-0.235578902
1784881102.129952192,6.780000118,3.580835528,0.224854978,1.200000000,-0.237531532
1784881102.139952183,6.790000118,3.586891314,0.222645996,1.200000000,-0.239484352
1784881102.149952173,6.800000118,3.592943008,0.220421438,1.200000000,-0.241437261
1784881102.159952164,6.810000118,3.598990569,0.218181341,1.200000000,-0.243390159
1784881102.169952154,6.820000118,3.605033955,0.215925741,1.200000000,-0.245342946
1784881102.179952145,6.830000118,3.611073128,0.213654678,1.200000000,-0.247295524
1784881102.189952135,6.840000118,3.617108047,0.211368189,1.200000000,-0.249247791
1784881102.199952126,6.850000118,3.623138674,0.209066316,1.200000000,-0.251199648
1784881102.209952116,6.860000118,3.629164971,0.206749097,1.200000000,-0.253150995
1784881102.219952106,6.870000118,3.635186900,0.204416575,1.200000000,-0.255101732
1784881102.229952097,6.880000118,3.641204423,0.202068791,1.200000000,-0.257051759
1784881102.239952087,6.890000118,3.647217506,0.199705789,1.200000000,-0.259000977
1784881102.249952078,6.900000118,3.653226111,0.197327611,1.200000000,-0.260949285
1784881102.259952068,6.910000118,3.659230204,0.194934303,1.200000000,-0.262896583
1784881102.269952059,6.920000118,3.665229751,0.192525909,1.200000000,-0.264842773
1784881102.279952049,6.930000118,3.671224718,0.190102474,1.200000000,-0.266787753
1784881102.289952040,6.940000118,3.677215071,0.187664047,1.200000000,-0.268731425
1784881102.299952030,6.950000118,3.683200779,0.185210673,1.200000000,-0.270673687
1784881102.309952021,6.960000118,3.689181810,0.182742401,1.200000000,-0.272614441
1784881102.319952011,6.970000118,3.695158133,0.180259281,1.200000000,-0.274553586
1784881102.329952002,6.980000118,3.701129719,0.177761360,1.200000000,-0.276491023
1784881102.339951992,6.990000118,3.707096538,0.175248690,1.200000000,-0.278426651
1784881102.349951982,7.000000118,3.713058561,0.172721322,1.200000000,-0.280360371
1784881102.359952211,7.010000118,3.719015762,0.170179308,1.200000000,-0.282292110
1784881102.369952202,7.020000118,3.724968112,0.167622700,1.200000000,-0.284221845
1784881102.379952192,7.030000118,3.730915587,0.165051550,1.200000000,-0.286149557
1784881102.389952183,7.040000118,3.736858160,0.162465915,1.200000000,-0.288075230
1784881102.399952173,7.050000118,3.742795808,0.159865847,1.200000000,-0.289998844
1784881102.409952164,7.060000118,3.748728507,0.157251402,1.200000000,-0.291920383
1784881102.419952154,7.070000118,3.754656235,0.154622637,1.200000000,-0.293839829
1784881102.429952145,7.080000118,3.760578969,0.151979609,1.200000000,-0.295757163
1784881102.439952135,7.090000118,3.766496688,0.149322375,1.200000000,-0.297672367
1784881102.449952126,7.100000118,3.772409373,0.146650992,1.200000000,-0.299585425
1784881102.459952116,7.110000118,3.778317005,0.143965522,1.200000000,-0.301496318
1784881102.469952106,7.120000118,3.784219564,0.141266022,1.200000000,-0.303405029
1784881102.479952097,7.130000118,3.790117034,0.138552553,1.200000000,-0.305311539
1784881102.489952087,7.140000118,3.796009398,0.135825177,1.200000000,-0.307215831
1784881102.499952078,7.150000118,3.801896641,0.133083956,1.200000000,-0.309117886
1784881102.509952068,7.160000118,3.807778748,0.130328951,1.200000000,-0.311017688
1784881102.519952059,7.170000118,3.813655705,0.127560226,1.200000000,-0.312915218
1784881102.529952049,7.180000118,3.819527499,0.124777845,1.200000000,-0.314810459
1784881102.539952040,7.190000118,3.825394118,0.121981873,1.200000000,-0.316703392
1784881102.549952030,7.200000118,3.831255552,0.119172374,1.200000000,-0.318594000
1784881102.559952021,7.210000118,3.837111790,0.116349415,1.200000000,-0.320482265
1784881102.569952011,7.220000118,3.842962823,0.113513062,1.200000000,-0.322368169
1784881102.579952002,7.230000118,3.848808643,0.110663382,1.200000000,-0.324251694
1784881102.589951992,7.240000118,3.854649243,0.107800443,1.200000000,-0.326132823
1784881102.599951982,7.250000118,3.860484616,0.104924315,1.200000000,-0.328011538
1784881102.609952211,7.260000118,3.866314757,0.102035065,1.200000000,-0.329887820
1784881102.619952202,7.270000118,3.872139662,0.099132764,1.200000000,-0.331761653
1784881102.629952192,7.280000118,3.877959327,0.096217483,1.200000000,-0.333633018
1784881102.639952183,7.290000118,3.883773749,0.093289292,1.200000000,-0.335501897
1784881102.649952173,7.300000118,3.889582927,0.090348264,1.200000000,-0.337368273
1784881102.659952164,7.310000118,3.895386861,0.087394470,1.200000000,-0.339232127
1784881102.669952154,7.320000118,3.901185550,0.084427984,1.200000000,-0.341093443
1784881102.679952145,7.330000118,3.906978995,0.081448880,1.200000000,-0.342952202
1784881102.689952135,7.340000118,3.912767199,0.078457232,1.200000000,-0.344808386
1784881102.699952126,7.350000118,3.918550165,0.075453115,1.200000000,-0.346661977
1784881102.709952116,7.360000118,3.924327898,0.072436604,1.200000000,-0.348512959
1784881102.719952106,7.370000118,3.930100400,0.069407776,1.200000000,-0.350361312
1784881102.729952097,7.380000118,3.935867680,0.066366707,1.200000000,-0.352207019
1784881102.739952087,7.390000118,3.941629743,0.063313474,1.200000000,-0.354050062
1784881102.749952078,7.400000118,3.947386597,0.060248157,1.200000000,-0.355890424
1784881102.759952068,7.410000118,3.953138251,0.057170832,1.200000000,-0.357728086
1784881102.769952059,7.420000118,3.958884714,0.054081581,1.200000000,-0.359563031
1784881102.779952049,7.430000118,3.964625998,0.050980481,1.200000000,-0.361395241
1784881102.789952040,7.440000118,3.970362112,0.047867613,1.200000000,-0.363224698
1784881102.799952030,7.450000118,3.976093070,0.044743059,1.200000000,-0.365051385
1784881102.809952021,7.460000118,3.981818884,0.041606900,1.200000000,-0.366875282
1784881102.819952011,7.470000118,3.987539569,0.038459217,1.200000000,-0.368696374
1784881102.829952002,7.480000118,3.993255140,0.035300094,1.200000000,-0.370514641
1784881102.839951992,7.490000118,3.998965612,0.032129613,1.200000000,-0.372330066
1784881102.849951982,7.500000118,4.004671003,0.028947859,1.200000000,-0.374142632
1784881102.859952211,7.510000118,4.010371329,0.025754915,1.200000000,-0.375952320
1784881102.869952202,7.520000118,4.016066609,0.022550866,1.200000000,-0.377759112
1784881102.879952192,7.530000118,4.021756863,0.019335798,1.200000000,-0.379562991
1784881102.889952183,7.540000118,4.027442110,0.016109796,1.200000000,-0.381363939
1784881102.899952173,7.550000118,4.033122371,0.012872947,1.200000000,-0.383161938
1784881102.909952164,7.560000118,4.038797669,0.009625337,1.200000000,-0.384956970
1784881102.919952154,7.570000118,4.044468026,0.006367055,1.200000000,-0.386749018
1784881102.929952145,7.580000118,4.050133465,0.003098188,1.200000000,-0.388538063
1784881102.939952135,7.590000118,4.055794011,-0.000181176,1.200000000,-0.390324089
1784881102.949952126,7.600000118,4.061449688,-0.003470948,1.200000000,-0.392107076
1784881102.959952116,7.610000118,4.067100523,-0.006771038,1.200000000,-0.393887007
1784881102.969952106,7.620000118,4.072746542,-0.010081356,1.200000000,-0.395663864
1784881102.979952097,7.630000118,4.078387773,-0.013401812,1.200000000,-0.397437630
1784881102.989952087,7.640000118,4.084024244,-0.016732315,1.200000000,-0.399208287
1784881102.999952078,7.650000118,4.089655983,-0.020072774,1.200000000,-0.400975817
1784881103.009952068,7.660000118,4.095283020,-0.023423096,1.200000000,-0.402740201
1784881103.019952059,7.670000118,4.100905386,-0.026783190,1.200000000,-0.404501423
1784881103.029952049,7.680000118,4.106523112,-0.030152963,1.200000000,-0.406259465
1784881103.039952040,7.690000118,4.112136230,-0.033532321,1.200000000,-0.408014307
1784881103.049952030,7.700000118,4.117744772,-0.036921171,1.200000000,-0.409765934
1784881103.059952021,7.710000118,4.123348772,-0.040319419,1.200000000,-0.411514327
1784881103.069952011,7.720000118,4.128948263,-0.043726970,1.200000000,-0.413259467
1784881103.079952002,7.730000118,4.134543280,-0.047143729,1.200000000,-0.415001338
1784881103.089951992,7.740000118,4.140133859,-0.050569601,1.200000000,-0.416739922
1784881103.099951982,7.750000118,4.145720034,-0.054004490,1.200000000,-0.418475200
1784881103.109952211,7.760000118,4.151301844,-0.057448299,1.200000000,-0.420207155
1784881103.119952202,7.770000118,4.156879325,-0.060900932,1.200000000,-0.421935769
1784881103.129952192,7.780000118,4.162452515,-0.064362293,1.200000000,-0.423661024
1784881103.139952183,7.790000118,4.168021452,-0.067832282,1.200000000,-0.425382902
1784881103.149952173,7.800000118,4.173586176,-0.071310803,1.200000000,-0.427101386
1784881103.159952164,7.810000118,4.179146725,-0.074797757,1.200000000,-0.428816458
1784881103.169952154,7.820000118,4.184703141,-0.078293046,1.200000000,-0.430528100
1784881103.179952145,7.830000118,4.190255463,-0.081796570,1.200000000,-0.432236293
1784881103.189952135,7.840000118,4.195803734,-0.085308231,1.200000000,-0.433941021
1784881103.199952126,7.850000118,4.201347994,-0.088827927,1.200000000,-0.435642266
1784881103.209952116,7.860000118,4.206888287,-0.092355560,1.200000000,-0.437340009
1784881103.219952106,7.870000118,4.212424655,-0.095891028,1.200000000,-0.439034233
1784881103.229952097,7.880000118,4.217957142,-0.099434231,1.200000000,-0.440724920
1784881103.239952087,7.890000118,4.223485791,-0.102985067,1.200000000,-0.442412052
1784881103.249952078,7.900000118,4.229010646,-0.106543436,1.200000000,-0.444095611
1784881103.259952068,7.910000118,4.234531753,-0.110109234,1.200000000,-0.445775580
1784881103.269952059,7.920000118,4.240049156,-0.113682360,1.200000000,-0.447451940
1784881103.279952049,7.930000118,4.245562901,-0.117262712,1.200000000,-0.449124675
1784881103.289952040,7.940000118,4.251073035,-0.120850185,1.200000000,-0.450793765
1784881103.299952030,7.950000118,4.256579603,-0.124444678,1.200000000,-0.452459194
1784881103.309952021,7.960000118,4.262082652,-0.128046086,1.200000000,-0.454120943
1784881103.319952011,7.970000118,4.267582230,-0.131654306,1.200000000,-0.455778995
1784881103.329952002,7.980000118,4.273078385,-0.135269234,1.200000000,-0.457433331
1784881103.339951992,7.990000118,4.278571163,-0.138890765,1.200000000,-0.459083935
1784881103.349951982,8.000000118,4.284060613,-0.142518795,1.200000000,-0.460730787
1784881103.359952211,8.010000118,4.289546785,-0.146153218,1.200000000,-0.462373871
1784881103.369952202,8.020000118,4.295029726,-0.149793929,1.200000000,-0.464013168
1784881103.379952192,8.030000118,4.300509486,-0.153440823,1.200000000,-0.465648661
1784881103.389952183,8.040000118,4.305986114,-0.157093794,1.200000000,-0.467280332
1784881103.399952173,8.050000118,4.311459660,-0.160752736,1.200000000,-0.468908163
1784881103.409952164,8.060000118,4.316930174,-0.164417543,1.200000000,-0.470532136
1784881103.419952154,8.070000118,4.322397706,-0.168088107,1.200000000,-0.472152234
1784881103.429952145,8.080000118,4.327862307,-0.171764323,1.200000000,-0.473768438
1784881103.439952135,8.090000118,4.333324027,-0.175446082,1.200000000,-0.475380730
1784881103.449952126,8.100000118,4.338782916,-0.179133279,1.200000000,-0.476989094
1784881103.459952116,8.110000118,4.344239027,-0.182825804,1.200000000,-0.478593511
1784881103.469952106,8.120000118,4.349692409,-0.186523551,1.200000000,-0.480193963
1784881103.479952097,8.130000118,4.355143115,-0.190226412,1.200000000,-0.481790432
1784881103.489952087,8.140000118,4.360591196,-0.193934278,1.200000000,-0.483382901
1784881103.499952078,8.150000118,4.366036703,-0.197647041,1.200000000,-0.484971352
1784881103.509952068,8.160000118,4.371479688,-0.201364593,1.200000000,-0.486555767
1784881103.519952059,8.170000118,4.376920202,-0.205086823,1.200000000,-0.488136128
1784881103.529952049,8.180000118,4.382358298,-0.208813625,1.200000000,-0.489712417
1784881103.539952040,8.190000118,4.387794028,-0.212544888,1.200000000,-0.491284617
1784881103.549952030,8.200000118,4.393227442,-0.216280503,1.200000000,-0.492852710
1784881103.559952021,8.210000118,4.398658595,-0.220020360,1.200000000,-0.494416678
1784881103.569952011,8.220000118,4.404087536,-0.223764350,1.200000000,-0.495976502
1784881103.579952002,8.230000118,4.409514318,-0.227512364,1.200000000,-0.497532166
1784881103.589951992,8.240000118,4.414938994,-0.231264290,1.200000000,-0.499083651
1784881103.599951982,8.250000118,4.420361616,-0.235020019,1.200000000,-0.500630940
1784881103.609952211,8.260000118,4.425782234,-0.238779440,1.200000000,-0.502174015
1784881103.619952202,8.270000118,4.431200901,-0.242542443,1.200000000,-0.503712857
1784881103.629952192,8.280000118,4.436617670,-0.246308917,1.200000000,-0.505247450
1784881103.639952183,8.290000118,4.442032591,-0.250078752,1.200000000,-0.506777775
1784881103.649952173,8.300000118,4.447445716,-0.253851837,1.200000000,-0.508303815
1784881103.659952164,8.310000118,4.452857097,-0.257628060,1.200000000,-0.509825551
1784881103.669952154,8.320000118,4.458266785,-0.261407311,1.200000000,-0.511342966
1784881103.679952145,8.330000118,4.463674832,-0.265189478,1.200000000,-0.512856042
1784881103.689952135,8.340000118,4.469081289,-0.268974450,1.200000000,-0.514364761
1784881103.699952126,8.350000118,4.474486206,-0.272762115,1.200000000,-0.515869106
1784881103.709952116,8.360000118,4.479889635,-0.276552362,1.200000000,-0.517369058
1784881103.719952106,8.370000118,4.485291626,-0.280345080,1.200000000,-0.518864600
1784881103.729952097,8.380000118,4.490692229,-0.284140156,1.200000000,-0.520355714
1784881103.739952087,8.390000118,4.496091496,-0.287937478,1.200000000,-0.521842382
1784881103.749952078,8.400000118,4.501489475,-0.291736935,1.200000000,-0.523324586
1784881103.759952068,8.410000118,4.506886216,-0.295538415,1.200000000,-0.524802309
1784881103.769952059,8.420000118,4.512281769,-0.299341806,1.200000000,-0.526275533
1784881103.779952049,8.430000118,4.517676184,-0.303146995,1.200000000,-0.527744239
1784881103.789952040,8.440000118,4.523069509,-0.306953870,1.200000000,-0.529208410
1784881103.799952030,8.450000118,4.528461792,-0.310762319,1.200000000,-0.530668028
1784881103.809952021,8.460000118,4.533853083,-0.314572230,1.200000000,-0.532123076
1784881103.819952011,8.470000118,4.539243429,-0.318383491,1.200000000,-0.533573535
1784881103.829952002,8.480000118,4.544632878,-0.322195989,1.200000000,-0.535019388
1784881103.839951992,8.490000118,4.550021477,-0.326009611,1.200000000,-0.536460617
1784881103.849951982,8.500000118,4.555409274,-0.329824245,1.200000000,-0.537897204
1784881103.859952211,8.510000118,4.560796314,-0.333639779,1.200000000,-0.539329132
1784881103.869952202,8.520000118,4.566182644,-0.337456100,1.200000000,-0.540756381
1784881103.879952192,8.530000118,4.571568311,-0.341273096,1.200000000,-0.542178936
1784881103.889952183,8.540000118,4.576953359,-0.345090654,1.200000000,-0.543596777
1784881103.899952173,8.550000118,4.582337834,-0.348908661,1.200000000,-0.545009887
1784881103.909952164,8.560000118,4.587721780,-0.352727005,1.200000000,-0.546418248
1784881103.919952154,8.570000118,4.593105242,-0.356545573,1.200000000,-0.547821842
1784881103.929952145,8.580000118,4.598488263,-0.360364253,1.200000000,-0.549220652
1784881103.939952135,8.590000118,4.603870887,-0.364182932,1.200000000,-0.550614660
1784881103.949952126,8.600000118,4.609253156,-0.368001498,1.200000000,-0.552003848
1784881103.959952116,8.610000118,4.614635113,-0.371819837,1.200000000,-0.553388197
1784881103.969952106,8.620000118,4.620016800,-0.375637838,1.200000000,-0.554767691
1784881103.979952097,8.630000118,4.625398258,-0.379455388,1.200000000,-0.556142311
1784881103.989952087,8.640000118,4.630779529,-0.383272375,1.200000000,-0.557512040
1784881103.999952078,8.650000118,4.636160651,-0.387088685,1.200000000,-0.558876860
1784881104.009952068,8.660000118,4.641541667,-0.390904207,1.200000000,-0.560236752
1784881104.019952059,8.670000118,4.646922613,-0.394718828,1.200000000,-0.561591700
1784881104.029952049,8.680000118,4.652303531,-0.398532436,1.200000000,-0.562941685
1784881104.039952040,8.690000118,4.657684457,-0.402344918,1.200000000,-0.564286689
1784881104.049952030,8.700000118,4.663065429,-0.406156162,1.200000000,-0.565626695
1784881104.059952021,8.710000118,4.668446485,-0.409966057,1.200000000,-0.566961685
1784881104.069952011,8.720000118,4.673827661,-0.413774489,1.200000000,-0.568291641
1784881104.079952002,8.730000118,4.679208993,-0.417581347,1.200000000,-0.569616545
1784881104.089951992,8.740000118,4.684590517,-0.421386519,1.200000000,-0.570936379
1784881104.099951982,8.750000118,4.689972266,-0.425189892,1.200000000,-0.572251126
1784881104.109952211,8.760000118,4.695354276,-0.428991355,1.200000000,-0.573560768
1784881104.119952202,8.770000118,4.700736580,-0.432790796,1.200000000,-0.574865286
1784881104.129952192,8.780000118,4.706119211,-0.436588104,1.200000000,-0.576164664
1784881104.139952183,8.790000118,4.711502201,-0.440383166,1.200000000,-0.577458883
1784881104.149952173,8.800000118,4.716885581,-0.444175870,1.200000000,-0.578747925
1784881104.159952164,8.810000118,4.722269384,-0.447966107,1.200000000,-0.580031773
1784881104.169952154,8.820000118,4.727653638,-0.451753763,1.200000000,-0.581310409
1784881104.179952145,8.830000118,4.733038375,-0.455538728,1.200000000,-0.582583815
1784881104.189952135,8.840000118,4.738423623,-0.459320890,1.200000000,-0.583851973
1784881104.199952126,8.850000118,4.743809410,-0.463100139,1.200000000,-0.585114865
1784881104.209952116,8.860000118,4.749195764,-0.466876362,1.200000000,-0.586372474
1784881104.219952106,8.870000118,4.754582713,-0.470649451,1.200000000,-0.587624781
1784881104.229952097,8.880000118,4.759970283,-0.474419292,1.200000000,-0.588871770
1784881104.239952087,8.890000118,4.765358499,-0.478185776,1.200000000,-0.590113421
1784881104.249952078,8.900000118,4.770747386,-0.481948793,1.200000000,-0.591349718
1784881104.259952068,8.910000118,4.776136970,-0.485708230,1.200000000,-0.592580642
1784881104.269952059,8.920000118,4.781527273,-0.489463979,1.200000000,-0.593806175
1784881104.279952049,8.930000118,4.786918319,-0.493215929,1.200000000,-0.595026301
1784881104.289952040,8.940000118,4.792310131,-0.496963970,1.200000000,-0.596241000
1784881104.299952030,8.950000118,4.797702728,-0.500707992,1.200000000,-0.597450256
1784881104.309952021,8.960000118,4.803096134,-0.504447884,1.200000000,-0.598654049
1784881104.319952011,8.970000118,4.808490367,-0.508183537,1.200000000,-0.599852364
1784881104.329952002,8.980000118,4.813885447,-0.511914842,1.200000000,-0.601045181
1784881104.339951992,8.990000118,4.819281394,-0.515641688,1.200000000,-0.602232482
1784881104.349951982,9.000000118,4.824678225,-0.519363967,1.200000000,-0.603414251
1784881104.359952211,9.010000118,4.830075958,-0.523081569,1.200000000,-0.604590469
1784881104.369952202,9.020000118,4.835474610,-0.526794385,1.200000000,-0.605761118
1784881104.379952192,9.030000118,4.840874196,-0.530502307,1.200000000,-0.606926181
1784881104.389952183,9.040000118,4.846274732,-0.534205224,1.200000000,-0.608085640
1784881104.399952173,9.050000118,4.851676233,-0.537903029,1.200000000,-0.609239476
1784881104.409952164,9.060000118,4.857078713,-0.541595613,1.200000000,-0.610387673
1784881104.419952154,9.070000118,4.862482184,-0.545282868,1.200000000,-0.611530212
1784881104.429952145,9.080000118,4.867886660,-0.548964685,1.200000000,-0.612667075
1784881104.439952135,9.090000118,4.873292152,-0.552640956,1.200000000,-0.613798245
1784881104.449952126,9.100000118,4.878698672,-0.556311574,1.200000000,-0.614923704
1784881104.459952116,9.110000118,4.884106229,-0.559976430,1.200000000,-0.616043434
1784881104.469952106,9.120000118,4.889514835,-0.563635416,1.200000000,-0.617157417
1784881104.479952097,9.130000118,4.894924498,-0.567288426,1.200000000,-0.618265635
1784881104.489952087,9.140000118,4.900335227,-0.570935351,1.200000000,-0.619368071
1784881104.499952078,9.150000118,4.905747029,-0.574576086,1.200000000,-0.620464707
1784881104.509952068,9.160000118,4.911159912,-0.578210521,1.200000000,-0.621555520
1784881104.519952059,9.170000118,4.916573883,-0.581838552,1.200000000,-0.622640361
1784881104.529952049,9.180000118,4.921988946,-0.585460070,1.200000000,-0.623718914
1784881104.539952040,9.190000118,4.927405108,-0.589074970,1.200000000,-0.624790854
1784881104.549952030,9.200000118,4.932822373,-0.592683144,1.200000000,-0.625855858
1784881104.559952021,9.210000118,4.938240745,-0.596284487,1.200000000,-0.626913601
1784881104.569952011,9.220000118,4.943660227,-0.599878893,1.200000000,-0.627963758
1784881104.579952002,9.230000118,4.949080823,-0.603466255,1.200000000,-0.629006005
1784881104.589951992,9.240000118,4.954502534,-0.607046468,1.200000000,-0.630040018
1784881104.599951982,9.250000118,4.959925362,-0.610619425,1.200000000,-0.631065472
1784881104.609952211,9.260000118,4.965349308,-0.614185023,1.200000000,-0.632082042
1784881104.619952202,9.270000118,4.970774373,-0.617743154,1.200000000,-0.633089404
1784881104.629952192,9.280000118,4.976200556,-0.621293715,1.200000000,-0.634087234
1784881104.639952183,9.290000118,4.981627856,-0.624836600,1.200000000,-0.635075206
1784881104.649952173,9.300000118,4.987056273,-0.628371704,1.200000000,-0.636052997
1784881104.659952164,9.310000118,4.992485804,-0.631898922,1.200000000,-0.637020283
1784881104.669952154,9.320000118,4.997916448,-0.635418150,1.200000000,-0.637976738
1784881104.679952145,9.330000118,5.003348201,-0.638929284,1.200000000,-0.638922037
1784881104.689952135,9.340000118,5.008781060,-0.642432219,1.200000000,-0.639855858
1784881104.699952126,9.350000118,5.014215021,-0.645926852,1.200000000,-0.640777875
1784881104.709952116,9.360000118,5.019650081,-0.649413077,1.200000000,-0.641687763
1784881104.719952106,9.370000118,5.025086234,-0.652890793,1.200000000,-0.642585199
1784881104.729952097,9.380000118,5.030523475,-0.656359894,1.200000000,-0.643469857
1784881104.739952087,9.390000118,5.035961799,-0.659820277,1.200000000,-0.644341413
1784881104.749952078,9.400000118,5.041401199,-0.663271840,1.200000000,-0.645199543
1784881104.759952068,9.410000118,5.046841669,-0.666714479,1.200000000,-0.646043922
1784881104.769952059,9.420000118,5.052283203,-0.670148091,1.200000000,-0.646874227
1784881104.779952049,9.430000118,5.057725792,-0.673572574,1.200000000,-0.647690131
1784881104.789952040,9.440000118,5.063169430,-0.676987824,1.200000000,-0.648491311
1784881104.799952030,9.450000118,5.068614108,-0.680393738,1.200000000,-0.649277442
1784881104.809952021,9.460000118,5.074059818,-0.683790216,1.200000000,-0.650048201
1784881104.819952011,9.470000118,5.079506552,-0.687177154,1.200000000,-0.650803261
1784881104.829952002,9.480000118,5.084954300,-0.690554450,1.200000000,-0.651542299
1784881104.839951992,9.490000118,5.090403053,-0.693922002,1.200000000,-0.652264991
1784881104.849951982,9.500000118,5.095852802,-0.697279709,1.200000000,-0.652971012
1784881104.859952211,9.510000118,5.101303537,-0.700627469,1.200000000,-0.653660037
1784881104.869952202,9.520000118,5.106755248,-0.703965180,1.200000000,-0.654331742
1784881104.879952192,9.530000118,5.112207925,-0.707292741,1.200000000,-0.654985802
1784881104.889952183,9.540000118,5.117661556,-0.710610051,1.200000000,-0.655621893
1784881104.899952173,9.550000118,5.123116132,-0.713917009,1.200000000,-0.656239691
1784881104.909952164,9.560000118,5.128571641,-0.717213514,1.200000000,-0.656838871
1784881104.919952154,9.570000118,5.134028073,-0.720499464,1.200000000,-0.657419108
1784881104.929952145,9.580000118,5.139485415,-0.723774760,1.200000000,-0.657980078
1784881104.939952135,9.590000118,5.144943658,-0.727039301,1.200000000,-0.658521457
1784881104.949952126,9.600000118,5.150402789,-0.730292986,1.200000000,-0.659042920
1784881104.959952116,9.610000118,5.155862796,-0.733535716,1.200000000,-0.659544142
1784881104.969952106,9.620000118,5.161323668,-0.736767390,1.200000000,-0.660024800
1784881104.979952097,9.630000118,5.166785394,-0.739987907,1.200000000,-0.660484568
1784881104.989952087,9.640000118,5.172247960,-0.743197170,1.200000000,-0.660923122
1784881104.999952078,9.650000118,5.177711357,-0.746395077,1.200000000,-0.661340138
1784881105.009952068,9.660000118,5.183175570,-0.749581529,1.200000000,-0.661735291
1784881105.019952059,9.670000118,5.188640590,-0.752756426,1.200000000,-0.662108256
1784881105.029952049,9.680000118,5.194106403,-0.755919670,1.200000000,-0.662458710
1784881105.039952040,9.690000118,5.199572998,-0.759071162,1.200000000,-0.662786328
1784881105.049952030,9.700000118,5.205040363,-0.762210802,1.200000000,-0.663090784
1784881105.059952021,9.710000118,5.210508486,-0.765338491,1.200000000,-0.663371756
1784881105.069952011,9.720000118,5.215977355,-0.768454130,1.200000000,-0.663628917
1784881105.079952002,9.730000118,5.221446959,-0.771557622,1.200000000,-0.663861945
1784881105.089951992,9.740000118,5.226917287,-0.774648867,1.200000000,-0.664070513
1784881105.099951982,9.750000118,5.232388327,-0.777727768,1.200000000,-0.664254299
1784881105.109952211,9.760000118,5.237860067,-0.780794225,1.200000000,-0.664412977
1784881105.119952202,9.770000118,5.243332497,-0.783848141,1.200000000,-0.664546222
1784881105.129952192,9.780000118,5.248805605,-0.786889418,1.200000000,-0.664653711
1784881105.139952183,9.790000118,5.254279382,-0.789917958,1.200000000,-0.664735119
1784881105.149952173,9.800000118,5.259753815,-0.792933663,1.200000000,-0.664790121
1784881105.159952164,9.810000118,5.265228896,-0.795936436,1.200000000,-0.664818393
1784881105.169952154,9.820000118,5.270704614,-0.798926180,1.200000000,-0.664819611
1784881105.179952145,9.830000118,5.276180960,-0.801902796,1.200000000,-0.664793449
1784881105.189952135,9.840000118,5.281657922,-0.804866188,1.200000000,-0.664739584
1784881105.199952126,9.850000118,5.287135494,-0.807816259,1.200000000,-0.664657691
1784881105.209952116,9.860000118,5.292613665,-0.810752911,1.200000000,-0.664547445
1784881105.219952106,9.870000118,5.298092426,-0.813676048,1.200000000,-0.664408522
1784881105.229952097,9.880000118,5.303571771,-0.816585574,1.200000000,-0.664240598
1784881105.239952087,9.890000118,5.309051690,-0.819481392,1.200000000,-0.664043348
1784881105.249952078,9.900000118,5.314532176,-0.822363405,1.200000000,-0.663816447
1784881105.259952068,9.910000118,5.320013222,-0.825231517,1.200000000,-0.663559572
1784881105.269952059,9.920000118,5.325494821,-0.828085632,1.200000000,-0.663272397
1784881105.279952049,9.930000118,5.330976967,-0.830925654,1.200000000,-0.662954598
1784881105.289952040,9.940000118,5.336459653,-0.833751487,1.200000000,-0.662605851
1784881105.299952030,9.950000118,5.341942875,-0.836563035,1.200000000,-0.662225830
1784881105.309952021,9.960000118,5.347426627,-0.839360203,1.200000000,-0.661814213
1784881105.319952011,9.970000118,5.352910905,-0.842142896,1.200000000,-0.661370673
1784881105.329952002,9.980000118,5.358395704,-0.844911017,1.200000000,-0.660894888
1784881105.339951992,9.990000118,5.363881021,-0.847664473,1.200000000,-0.660386531
1784881105.349951982,10.000000118,5.369366852,-0.850403167,1.200000000,-0.659845279
1784881105.359952211,10.010000118,5.374853196,-0.853127006,1.200000000,-0.659270808
1784881105.369952202,10.020000118,5.380340050,-0.855835893,1.200000000,-0.658662792
1784881105.379952192,10.030000118,5.385827413,-0.858529735,1.200000000,-0.658020907
1784881105.389952183,10.040000118,5.391315283,-0.861208438,1.200000000,-0.657344830
1784881105.399952173,10.050000118,5.396803661,-0.863871906,1.200000000,-0.656634234
1784881105.409952164,10.060000118,5.402292547,-0.866520047,1.200000000,-0.655888796
1784881105.419952154,10.070000118,5.407781941,-0.869152765,1.200000000,-0.655108192
1784881105.429952145,10.080000118,5.413271844,-0.871769967,1.200000000,-0.654292096
1784881105.439952135,10.090000118,5.418762260,-0.874371560,1.200000000,-0.653440185
1784881105.449952126,10.100000118,5.424253191,-0.876957449,1.200000000,-0.652552134
1784881105.459952116,10.110000118,5.429744639,-0.879527542,1.200000000,-0.651627618
1784881105.469952106,10.120000118,5.435236610,-0.882081746,1.200000000,-0.650666313
1784881105.479952097,10.130000118,5.440729107,-0.884619967,1.200000000,-0.649667894
1784881105.489952087,10.140000118,5.446222136,-0.887142113,1.200000000,-0.648632037
1784881105.499952078,10.150000118,5.451715703,-0.889648091,1.200000000,-0.647558418
1784881105.509952068,10.160000118,5.457209816,-0.892137809,1.200000000,-0.646446712
1784881105.519952059,10.170000118,5.462704480,-0.894611174,1.200000000,-0.645296594
1784881105.529952049,10.180000118,5.468199705,-0.897068094,1.200000000,-0.644107740
1784881105.539952040,10.190000118,5.473695498,-0.899508478,1.200000000,-0.642879826
1784881105.549952030,10.200000118,5.479191871,-0.901932234,1.200000000,-0.641612527
1784881105.559952021,10.210000118,5.484688833,-0.904339270,1.200000000,-0.640305518
1784881105.569952011,10.220000118,5.490186395,-0.906729496,1.200000000,-0.638958476
1784881105.579952002,10.230000118,5.495684569,-0.909102819,1.200000000,-0.637571075
1784881105.589951992,10.240000118,5.501183367,-0.911459150,1.200000000,-0.636142991
1784881105.599951982,10.250000118,5.506682804,-0.913798397,1.200000000,-0.634673900
1784881105.609952211,10.260000118,5.512182892,-0.916120471,1.200000000,-0.633163477
1784881105.619952202,10.270000118,5.517683647,-0.918425281,1.200000000,-0.631611397
1784881105.629952192,10.280000118,5.523185085,-0.920712736,1.200000000,-0.630017337
1784881105.639952183,10.290000118,5.528687221,-0.922982749,1.200000000,-0.628380971
1784881105.649952173,10.300000118,5.534190073,-0.925235228,1.200000000,-0.626701976
1784881105.659952164,10.310000118,5.539693660,-0.927470086,1.200000000,-0.624980026
1784881105.669952154,10.320000118,5.545197999,-0.929687232,1.200000000,-0.623214798
1784881105.679952145,10.330000118,5.550703111,-0.931886578,1.200000000,-0.621405966
1784881105.689952135,10.340000118,5.556209015,-0.934068037,1.200000000,-0.619553207
1784881105.699952126,10.350000118,5.561715733,-0.936231519,1.200000000,-0.617656195
1784881105.709952116,10.360000118,5.567223287,-0.938376937,1.200000000,-0.615714607
1784881105.719952106,10.370000118,5.572731700,-0.940504204,1.200000000,-0.613728117
1784881105.729952097,10.380000118,5.578240994,-0.942613231,1.200000000,-0.611696402
1784881105.739952087,10.390000118,5.583751196,-0.944703933,1.200000000,-0.609619137
1784881105.749952078,10.400000118,5.589262329,-0.946776223,1.200000000,-0.607495997
1784881105.759952068,10.410000118,5.594774419,-0.948830013,1.200000000,-0.605326658
1784881105.769952059,10.420000118,5.600287494,-0.950865219,1.200000000,-0.603110795
1784881105.779952049,10.430000118,5.605801580,-0.952881754,1.200000000,-0.600848084
1784881105.789952040,10.440000118,5.611316706,-0.954879534,1.200000000,-0.598538201
1784881105.799952030,10.450000118,5.616832902,-0.956858472,1.200000000,-0.596180821
1784881105.809952021,10.460000118,5.622350197,-0.958818486,1.200000000,-0.593775619
1784881105.819952011,10.470000118,5.627868621,-0.960759489,1.200000000,-0.591322271
1784881105.829952002,10.480000118,5.633388206,-0.962681400,1.200000000,-0.588820453
1784881105.839951992,10.490000118,5.638908985,-0.964584133,1.200000000,-0.586270047
1784881105.849951982,10.500000118,5.644430990,-0.966467606,1.200000000,-0.583671447
1784881105.859952211,10.510000118,5.649954254,-0.968331736,1.200000000,-0.581025127
1784881105.869952202,10.520000118,5.655478813,-0.970176441,1.200000000,-0.578331560
1784881105.879952192,10.530000118,5.661004701,-0.972001640,1.200000000,-0.575591218
1784881105.889952183,10.540000118,5.666531954,-0.973807249,1.200000000,-0.572804575
1784881105.899952173,10.550000118,5.672060609,-0.975593190,1.200000000,-0.569972103
1784881105.909952164,10.560000118,5.677590703,-0.977359380,1.200000000,-0.567094276
1784881105.919952154,10.570000118,5.683122275,-0.979105741,1.200000000,-0.564171567
1784881105.929952145,10.580000118,5.688655361,-0.980832192,1.200000000,-0.561204448
1784881105.939952135,10.590000118,5.694190003,-0.982538654,1.200000000,-0.558193394
1784881105.949952126,10.600000118,5.699726240,-0.984225049,1.200000000,-0.555138876
1784881105.959952116,10.610000118,5.705264113,-0.985891298,1.200000000,-0.552041369
1784881105.969952106,10.620000118,5.710803663,-0.987537324,1.200000000,-0.548901344
1784881105.979952097,10.630000118,5.716344931,-0.989163050,1.200000000,-0.545719276
1784881105.989952087,10.640000118,5.721887961,-0.990768400,1.200000000,-0.542495637
1784881105.999952078,10.650000118,5.727432795,-0.992353297,1.200000000,-0.539230900
1784881106.009952068,10.660000118,5.732979477,-0.993917666,1.200000000,-0.535925538
1784881106.019952059,10.670000118,5.738528051,-0.995461432,1.200000000,-0.532580025
1784881106.029952049,10.680000118,5.744078563,-0.996984521,1.200000000,-0.529194832
1784881106.039952040,10.690000118,5.749631057,-0.998486860,1.200000000,-0.525770435
1784881106.049952030,10.700000118,5.755185579,-0.999968374,1.200000000,-0.522307304
1784881106.059952021,10.710000118,5.760742175,-1.001428993,1.200000000,-0.518805915
1784881106.069952011,10.720000118,5.766300893,-1.002868644,1.200000000,-0.515266739
1784881106.079952002,10.730000118,5.771861779,-1.004287256,1.200000000,-0.511690249
1784881106.089951992,10.740000118,5.777424882,-1.005684758,1.200000000,-0.508076919
1784881106.099951982,10.750000118,5.782990249,-1.007061082,1.200000000,-0.504427222
1784881106.109952211,10.760000118,5.788557928,-1.008416157,1.200000000,-0.500741631
1784881106.119952202,10.770000118,5.794127970,-1.009749916,1.200000000,-0.497020618
1784881106.129952192,10.780000118,5.799700422,-1.011062291,1.200000000,-0.493264657
1784881106.139952183,10.790000118,5.805275335,-1.012353215,1.200000000,-0.489474222
1784881106.149952173,10.800000118,5.810852759,-1.013622621,1.200000000,-0.485649784
1784881106.159952164,10.810000118,5.816432744,-1.014870445,1.200000000,-0.481791817
1784881106.169952154,10.820000118,5.822015340,-1.016096622,1.200000000,-0.477900795
1784881106.179952145,10.830000118,5.827600598,-1.017301088,1.200000000,-0.473977189
1784881106.189952135,10.840000118,5.833188569,-1.018483780,1.200000000,-0.470021474
1784881106.199952126,10.850000118,5.838779305,-1.019644636,1.200000000,-0.466034122
1784881106.209952116,10.860000118,5.844372857,-1.020783594,1.200000000,-0.462015606
1784881106.219952106,10.870000118,5.849969276,-1.021900594,1.200000000,-0.457966400
1784881106.229952097,10.880000118,5.855568615,-1.022995577,1.200000000,-0.453886976
1784881106.239952087,10.890000118,5.861170925,-1.024068482,1.200000000,-0.449777807
1784881106.249952078,10.900000118,5.866776259,-1.025119253,1.200000000,-0.445639367
1784881106.259952068,10.910000118,5.872384668,-1.026147833,1.200000000,-0.441472128
1784881106.269952059,10.920000118,5.877996204,-1.027154165,1.200000000,-0.437276565
1784881106.279952049,10.930000118,5.883610921,-1.028138193,1.200000000,-0.433053148
1784881106.289952040,10.940000118,5.889228870,-1.029099865,1.200000000,-0.428802353
1784881106.299952030,10.950000118,5.894850103,-1.030039126,1.200000000,-0.424524651
1784881106.309952021,10.960000118,5.900474673,-1.030955924,1.200000000,-0.420220516
1784881106.319952011,10.970000118,5.906102632,-1.031850209,1.200000000,-0.415890421
1784881106.329952002,10.980000118,5.911734032,-1.032721928,1.200000000,-0.411534839
1784881106.339951992,10.990000118,5.917368924,-1.033571034,1.200000000,-0.407154243
1784881106.349951982,11.000000118,5.923007362,-1.034397478,1.200000000,-0.402749106
1784881106.359952211,11.010000118,5.928649395,-1.035201212,1.200000000,-0.398319901
1784881106.369952202,11.020000118,5.934295077,-1.035982190,1.200000000,-0.393867101
1784881106.379952192,11.030000118,5.939944457,-1.036740368,1.200000000,-0.389391179
1784881106.389952183,11.040000118,5.945597588,-1.037475700,1.200000000,-0.384892609
1784881106.399952173,11.050000118,5.951254520,-1.038188145,1.200000000,-0.380371863
1784881106.409952164,11.060000118,5.956915304,-1.038877659,1.200000000,-0.375829414
1784881106.419952154,11.070000118,5.962579990,-1.039544203,1.200000000,-0.371265735
1784881106.429952145,11.080000118,5.968248627,-1.040187737,1.200000000,-0.366681300
1784881106.439952135,11.090000118,5.973921266,-1.040808222,1.200000000,-0.362076582
1784881106.449952126,11.100000118,5.979597955,-1.041405620,1.200000000,-0.357452053
1784881106.459952116,11.110000118,5.985278744,-1.041979897,1.200000000,-0.352808187
1784881106.469952106,11.120000118,5.990963681,-1.042531016,1.200000000,-0.348145456
1784881106.479952097,11.130000118,5.996652813,-1.043058944,1.200000000,-0.343464334
1784881106.489952087,11.140000118,6.002346188,-1.043563649,1.200000000,-0.338765294
1784881106.499952078,11.150000118,6.008043854,-1.044045099,1.200000000,-0.334048808
1784881106.509952068,11.160000118,6.013745856,-1.044503264,1.200000000,-0.329315351
1784881106.519952059,11.170000118,6.019452240,-1.044938115,1.200000000,-0.324565394
1784881106.529952049,11.180000118,6.025163051,-1.045349624,1.200000000,-0.319799412
1784881106.539952040,11.190000118,6.030878335,-1.045737766,1.200000000,-0.315017876
1784881106.549952030,11.200000118,6.036598134,-1.046102515,1.200000000,-0.310221261
1784881106.559952021,11.210000118,6.042322494,-1.046443848,1.200000000,-0.305410038
1784881106.569952011,11.220000118,6.048051455,-1.046761742,1.200000000,-0.300584682
1784881106.579952002,11.230000118,6.053785061,-1.047056176,1.200000000,-0.295745665
1784881106.589951992,11.240000118,6.059523353,-1.047327131,1.200000000,-0.290893460
1784881106.599951982,11.250000118,6.065266370,-1.047574587,1.200000000,-0.286028541
1784881106.609952211,11.260000118,6.071014153,-1.047798529,1.200000000,-0.281151380
1784881106.619952202,11.270000118,6.076766740,-1.047998940,1.200000000,-0.276262450
1784881106.629952192,11.280000118,6.082524171,-1.048175806,1.200000000,-0.271362225
1784881106.639952183,11.290000118,6.088286481,-1.048329115,1.200000000,-0.266451178
1784881106.649952173,11.300000118,6.094053707,-1.048458854,1.200000000,-0.261529781
1784881106.659952164,11.310000118,6.099825886,-1.048565015,1.200000000,-0.256598508
1784881106.669952154,11.320000118,6.105603051,-1.048647587,1.200000000,-0.251657831
1784881106.679952145,11.330000118,6.111385235,-1.048706565,1.200000000,-0.246708224
1784881106.689952135,11.340000118,6.117172473,-1.048741942,1.200000000,-0.241750160
1784881106.699952126,11.350000118,6.122964794,-1.048753714,1.200000000,-0.236784112
1784881106.709952116,11.360000118,6.128762230,-1.048741879,1.200000000,-0.231810553
1784881106.719952106,11.370000118,6.134564811,-1.048706435,1.200000000,-0.226829956
1784881106.729952097,11.380000118,6.140372565,-1.048647382,1.200000000,-0.221842793
1784881106.739952087,11.390000118,6.146185520,-1.048564722,1.200000000,-0.216849539
1784881106.749952078,11.400000118,6.152003701,-1.048458459,1.200000000,-0.211850666
1784881106.759952068,11.410000118,6.157827134,-1.048328596,1.200000000,-0.206846647
1784881106.769952059,11.420000118,6.163655844,-1.048175141,1.200000000,-0.201837956
1784881106.779952049,11.430000118,6.169489852,-1.047998100,1.200000000,-0.196825064
1784881106.789952040,11.440000118,6.175329182,-1.047797484,1.200000000,-0.191808446
1784881106.799952030,11.450000118,6.181173852,-1.047573303,1.200000000,-0.186788575
1784881106.809952021,11.460000118,6.187023884,-1.047325570,1.200000000,-0.181765922
1784881106.819952011,11.470000118,6.192879294,-1.047054298,1.200000000,-0.176740963
1784881106.829952002,11.480000118,6.198740099,-1.046759504,1.200000000,-0.171714168
1784881106.839951992,11.490000118,6.204606316,-1.046441204,1.200000000,-0.166686013
1784881106.849951982,11.500000118,6.210477958,-1.046099417,1.200000000,-0.161656969
1784881106.859952211,11.510000118,6.216355038,-1.045734164,1.200000000,-0.156627510
1784881106.869952202,11.520000118,6.222237568,-1.045345467,1.200000000,-0.151598108
1784881106.879952192,11.530000118,6.228125557,-1.044933348,1.200000000,-0.146569237
1784881106.889952183,11.540000118,6.234019015,-1.044497834,1.200000000,-0.141541371
1784881106.899952173,11.550000118,6.239917949,-1.044038951,1.200000000,-0.136514981
1784881106.909952164,11.560000118,6.245822366,-1.043556727,1.200000000,-0.131490541
1784881106.919952154,11.570000118,6.251732269,-1.043051192,1.200000000,-0.126468524
1784881106.929952145,11.580000118,6.257647662,-1.042522379,1.200000000,-0.121449403
1784881106.939952135,11.590000118,6.263568546,-1.041970320,1.200000000,-0.116433651
1784881106.949952126,11.600000118,6.269494923,-1.041395051,1.200000000,-0.111421741
1784881106.959952116,11.610000118,6.275426789,-1.040796608,1.200000000,-0.106414147
1784881106.969952106,11.620000118,6.281364144,-1.040175029,1.200000000,-0.101411341
1784881106.979952097,11.630000118,6.287306982,-1.039530355,1.200000000,-0.096413796
1784881106.989952087,11.640000118,6.293255298,-1.038862626,1.200000000,-0.091421985
1784881106.999952078,11.650000118,6.299209085,-1.038171886,1.200000000,-0.086436382
1784881107.009952068,11.660000118,6.305168333,-1.037458180,1.200000000,-0.081457460
1784881107.019952059,11.670000118,6.311133032,-1.036721555,1.200000000,-0.076485691
1784881107.029952049,11.680000118,6.317103171,-1.035962058,1.200000000,-0.071521548
1784881107.039952040,11.690000118,6.323078735,-1.035179739,1.200000000,-0.066565505
1784881107.049952030,11.700000118,6.329059710,-1.034374651,1.200000000,-0.061618035
1784881107.059952021,11.710000118,6.335046078,-1.033546846,1.200000000,-0.056679611
1784881107.069952011,11.720000118,6.341037822,-1.032696379,1.200000000,-0.051750705
1784881107.079952002,11.730000118,6.347034921,-1.031823306,1.200000000,-0.046831792
1784881107.089951992,11.740000118,6.353037355,-1.030927687,1.200000000,-0.041923343
1784881107.099951982,11.750000118,6.359045099,-1.030009580,1.200000000,-0.037025832
1784881107.109952211,11.760000118,6.365058128,-1.029069047,1.200000000,-0.032139732
1784881107.119952202,11.770000118,6.371076417,-1.028106152,1.200000000,-0.027265516
1784881107.129952192,11.780000118,6.377099938,-1.027120959,1.200000000,-0.022403657
1784881107.139952183,11.790000118,6.383128659,-1.026113534,1.200000000,-0.017554629
1784881107.149952173,11.800000118,6.389162551,-1.025083946,1.200000000,-0.012718904
1784881107.159952164,11.810000118,6.395201580,-1.024032265,1.200000000,-0.007896954
1784881107.169952154,11.820000118,6.401245711,-1.022958562,1.200000000,-0.003089254
1784881107.179952145,11.830000118,6.407294907,-1.021862910,1.200000000,0.001703827
1784881107.189952135,11.840000118,6.413349131,-1.020745384,1.200000000,0.006482172
1784881107.199952126,11.850000118,6.419408344,-1.019606060,1.200000000,0.011245700
1784881107.209952116,11.860000118,6.425472502,-1.018445015,1.200000000,0.015994330
1784881107.219952106,11.870000118,6.431541565,-1.017262331,1.200000000,0.020727982
1784881107.229952097,11.880000118,6.437615486,-1.016058088,1.200000000,0.025446575
1784881107.239952087,11.890000118,6.443694219,-1.014832368,1.200000000,0.030150029
1784881107.249952078,11.900000118,6.449777717,-1.013585256,1.200000000,0.034838264
1784881107.259952068,11.910000118,6.455865930,-1.012316838,1.200000000,0.039511198
1784881107.269952059,11.920000118,6.461958806,-1.011027202,1.200000000,0.044168752
1784881107.279952049,11.930000118,6.468056293,-1.009716436,1.200000000,0.048810844
1784881107.289952040,11.940000118,6.474158336,-1.008384632,1.200000000,0.053437395
1784881107.299952030,11.950000118,6.480264878,-1.007031882,1.200000000,0.058048324
1784881107.309952021,11.960000118,6.486375862,-1.005658279,1.200000000,0.062643550
1784881107.319952011,11.970000118,6.492491229,-1.004263919,1.200000000,0.067222993
1784881107.329952002,11.980000118,6.498610916,-1.002848899,1.200000000,0.071786573
1784881107.339951992,11.990000118,6.504734863,-1.001413317,1.200000000,0.076334208
1784881107.349951982,12.000000118,6.510863004,-0.999957273,1.200000000,0.080865819
1784881107.359952211,12.010000118,6.516995273,-0.998480869,1.200000000,0.085381325
1784881107.369952202,12.020000118,6.523131603,-0.996984207,1.200000000,0.089880645
1784881107.379952192,12.030000118,6.529271926,-0.995467392,1.200000000,0.094363699
1784881107.389952183,12.040000118,6.535416170,-0.993930529,1.200000000,0.098830406
1784881107.399952173,12.050000118,6.541564264,-0.992373726,1.200000000,0.103280687
1784881107.409952164,12.060000118,6.547716133,-0.990797091,1.200000000,0.107714459
1784881107.419952154,12.070000118,6.553871703,-0.989200736,1.200000000,0.112131644
1784881107.429952145,12.080000118,6.560030898,-0.987584770,1.200000000,0.116532160
1784881107.439952135,12.090000118,6.566193638,-0.985949307,1.200000000,0.120915927
1784881107.449952126,12.100000118,6.572359846,-0.984294462,1.200000000,0.125282865
1784881107.459952116,12.110000118,6.578529438,-0.982620350,1.200000000,0.129632892
1784881107.469952106,12.120000118,6.584702334,-0.980927088,1.200000000,0.133965929
1784881107.479952097,12.130000118,6.590878448,-0.979214794,1.200000000,0.138281894
1784881107.489952087,12.140000118,6.597057697,-0.977483589,1.200000000,0.142580708
1784881107.499952078,12.150000118,6.603239992,-0.975733592,1.200000000,0.146862290
1784881107.509952068,12.160000118,6.609425246,-0.973964927,1.200000000,0.151126560
1784881107.519952059,12.170000118,6.615613370,-0.972177717,1.200000000,0.155373436
1784881107.529952049,12.180000118,6.621804272,-0.970372087,1.200000000,0.159602839
1784881107.539952040,12.190000118,6.627997861,-0.968548163,1.200000000,0.163814688
1784881107.549952030,12.200000118,6.634194043,-0.966706072,1.200000000,0.168008903
1784881107.559952021,12.210000118,6.640392723,-0.964845942,1.200000000,0.172185402
1784881107.569952011,12.220000118,6.646593805,-0.962967904,1.200000000,0.176344105
1784881107.579952002,12.230000118,6.652797192,-0.961072087,1.200000000,0.180484933
1784881107.589951992,12.240000118,6.659002786,-0.959158625,1.200000000,0.184607804
1784881107.599951982,12.250000118,6.665210486,-0.957227650,1.200000000,0.188712638
1784881107.609952211,12.260000118,6.671420193,-0.955279297,1.200000000,0.192799355
1784881107.619952202,12.270000118,6.677631803,-0.953313701,1.200000000,0.196867874
1784881107.629952192,12.280000118,6.683845213,-0.951330998,1.200000000,0.200918114
1784881107.639952183,12.290000118,6.690060320,-0.949331327,1.200000000,0.204949995
1784881107.649952173,12.300000118,6.696277018,-0.947314824,1.200000000,0.208963436
1784881107.659952164,12.310000118,6.702495199,-0.945281631,1.200000000,0.212958358
1784881107.669952154,12.320000118,6.708714757,-0.943231888,1.200000000,0.216934679
1784881107.679952145,12.330000118,6.714935584,-0.941165735,1.200000000,0.220892319
1784881107.689952135,12.340000118,6.721157568,-0.939083317,1.200000000,0.224831197
1784881107.699952126,12.350000118,6.727380600,-0.936984776,1.200000000,0.228751234
1784881107.709952116,12.360000118,6.733604567,-0.934870257,1.200000000,0.232652348
1784881107.719952106,12.370000118,6.739829358,-0.932739905,1.200000000,0.236534459
1784881107.729952097,12.380000118,6.746054859,-0.930593867,1.200000000,0.240397486
1784881107.739952087,12.390000118,6.752280956,-0.928432289,1.200000000,0.244241350
1784881107.749952078,12.400000118,6.758507532,-0.926255320,1.200000000,0.248065969
1784881107.759952068,12.410000118,6.764734473,-0.924063108,1.200000000,0.251871263
1784881107.769952059,12.420000118,6.770961661,-0.921855802,1.200000000,0.255657151
1784881107.779952049,12.430000118,6.777188978,-0.919633554,1.200000000,0.259423554
1784881107.789952040,12.440000118,6.783416306,-0.917396515,1.200000000,0.263170390
1784881107.799952030,12.450000118,6.789643526,-0.915144835,1.200000000,0.266897579
1784881107.809952021,12.460000118,6.795870517,-0.912878669,1.200000000,0.270605041
1784881107.819952011,12.470000118,6.802097160,-0.910598168,1.200000000,0.274292694
1784881107.829952002,12.480000118,6.808323332,-0.908303488,1.200000000,0.277960460
1784881107.839951992,12.490000118,6.814548912,-0.905994782,1.200000000,0.281608256
1784881107.849951982,12.500000118,6.820773777,-0.903672207,1.200000000,0.285236003
1784881107.859952211,12.510000118,6.826997805,-0.901335917,1.200000000,0.288843620
1784881107.869952202,12.520000118,6.833220870,-0.898986070,1.200000000,0.292431026
1784881107.879952192,12.530000118,6.839442850,-0.896622822,1.200000000,0.295998141
1784881107.889952183,12.540000118,6.845663618,-0.894246331,1.200000000,0.299544885
1784881107.899952173,12.550000118,6.851883051,-0.891856756,1.200000000,0.303071178
1784881107.909952164,12.560000118,6.858101022,-0.889454254,1.200000000,0.306576937
1784881107.919952154,12.570000118,6.864317406,-0.887038984,1.200000000,0.310062084
1784881107.929952145,12.580000118,6.870532075,-0.884611108,1.200000000,0.313526537
1784881107.939952135,12.590000118,6.876744903,-0.882170783,1.200000000,0.316970217
1784881107.949952126,12.600000118,6.882955762,-0.879718172,1.200000000,0.320393041
1784881107.959952116,12.610000118,6.889164526,-0.877253433,1.200000000,0.323794931
1784881107.969952106,12.620000118,6.895371065,-0.874776730,1.200000000,0.327175806
1784881107.979952097,12.630000118,6.901575253,-0.872288223,1.200000000,0.330535585
1784881107.989952087,12.640000118,6.907776961,-0.869788074,1.200000000,0.333874187
1784881107.999952078,12.650000118,6.913976060,-0.867276444,1.200000000,0.337191532
1784881108.009952068,12.660000118,6.920172421,-0.864753498,1.200000000,0.340487540
1784881108.019952059,12.670000118,6.926365917,-0.862219396,1.200000000,0.343762130
1784881108.029952049,12.680000118,6.932556417,-0.859674303,1.200000000,0.347015222
1784881108.039952040,12.690000118,6.938743793,-0.857118381,1.200000000,0.350246735
1784881108.049952030,12.700000118,6.944927916,-0.854551793,1.200000000,0.353456588
1784881108.059952021,12.710000118,6.951108657,-0.851974703,1.200000000,0.356644701
1784881108.069952011,12.720000118,6.957285886,-0.849387274,1.200000000,0.359810995
1784881108.079952002,12.730000118,6.963459474,-0.846789671,1.200000000,0.362955387
1784881108.089951992,12.740000118,6.969629293,-0.844182056,1.200000000,0.366077797
1784881108.099951982,12.750000118,6.975795213,-0.841564594,1.200000000,0.369178146
1784881108.109952211,12.760000118,6.981957106,-0.838937449,1.200000000,0.372256353
1784881108.119952202,12.770000118,6.988114842,-0.836300784,1.200000000,0.375312337
1784881108.129952192,12.780000118,6.994268294,-0.833654763,1.200000000,0.378346017
1784881108.139952183,12.790000118,7.000417333,-0.830999551,1.200000000,0.381357313
1784881108.149952173,12.800000118,7.006561830,-0.828335312,1.200000000,0.384346145
1784881108.159952164,12.810000118,7.012701658,-0.825662208,1.200000000,0.387312432
1784881108.169952154,12.820000118,7.018836690,-0.822980404,1.200000000,0.390256094
1784881108.179952145,12.830000118,7.024966797,-0.820290064,1.200000000,0.393177050
1784881108.189952135,12.840000118,7.031091853,-0.817591350,1.200000000,0.396075220
1784881108.199952126,12.850000118,7.037211731,-0.814884427,1.200000000,0.398950523
1784881108.209952116,12.860000118,7.043326305,-0.812169457,1.200000000,0.401802878
1784881108.219952106,12.870000118,7.049435450,-0.809446603,1.200000000,0.404632206
1784881108.229952097,12.880000118,7.055539039,-0.806716028,1.200000000,0.407438425
1784881108.239952087,12.890000118,7.061636948,-0.803977895,1.200000000,0.410221455
1784881108.249952078,12.900000118,7.067729052,-0.801232366,1.200000000,0.412981216
1784881108.259952068,12.910000118,7.073815227,-0.798479602,1.200000000,0.415717627
1784881108.269952059,12.920000118,7.079895351,-0.795719766,1.200000000,0.418430608
1784881108.279952049,12.930000118,7.085969300,-0.792953018,1.200000000,0.421120078
1784881108.289952040,12.940000118,7.092036951,-0.790179520,1.200000000,0.423785957
1784881108.299952030,12.950000118,7.098098184,-0.787399432,1.200000000,0.426428164
1784881108.309952021,12.960000118,7.104152877,-0.784612915,1.200000000,0.429046619
1784881108.319952011,12.970000118,7.110200911,-0.781820127,1.200000000,0.431641240
1784881108.329952002,12.980000118,7.116242164,-0.779021230,1.200000000,0.434211949
1784881108.339951992,12.990000118,7.122276520,-0.776216380,1.200000000,0.436758664
1784881108.349951982,13.000000118,7.128303859,-0.773405738,1.200000000,0.439281304
1784881108.359952211,13.010000118,7.134324064,-0.770589461,1.200000000,0.441779789
1784881108.369952202,13.020000118,7.140337018,-0.767767705,1.200000000,0.444254040
1784881108.379952192,13.030000118,7.146342606,-0.764940629,1.200000000,0.446703974
1784881108.389952183,13.040000118,7.152340713,-0.762108389,1.200000000,0.449129512
1784881108.399952173,13.050000118,7.158331225,-0.759271139,1.200000000,0.451530574
1784881108.409952164,13.060000118,7.164314028,-0.756429036,1.200000000,0.453907078
1784881108.419952154,13.070000118,7.170289011,-0.753582234,1.200000000,0.456258944
1784881108.429952145,13.080000118,7.176256062,-0.750730887,1.200000000,0.458586092
1784881108.439952135,13.090000118,7.182215070,-0.747875148,1.200000000,0.460888441
1784881108.449952126,13.100000118,7.188165927,-0.745015169,1.200000000,0.463165911
1784881108.459952116,13.110000118,7.194108523,-0.742151104,1.200000000,0.465418422
1784881108.469952106,13.120000118,7.200042752,-0.739283102,1.200000000,0.467645891
1784881108.479952097,13.130000118,7.205968507,-0.736411314,1.200000000,0.469848241
1784881108.489952087,13.140000118,7.211885683,-0.733535891,1.200000000,0.472025388
1784881108.499952078,13.150000118,7.217794175,-0.730656980,1.200000000,0.474177255
1784881108.509952068,13.160000118,7.223693881,-0.727774731,1.200000000,0.476303759
1784881108.519952059,13.170000118,7.229584698,-0.724889290,1.200000000,0.478404820
1784881108.529952049,13.180000118,7.235466526,-0.722000805,1.200000000,0.480480357
1784881108.539952040,13.190000118,7.241339265,-0.719109420,1.200000000,0.482530292
1784881108.549952030,13.200000118,7.247202816,-0.716215282,1.200000000,0.484554541
1784881108.559952021,13.210000118,7.253057082,-0.713318533,1.200000000,0.486553027
1784881108.569952011,13.220000118,7.258901966,-0.710419318,1.200000000,0.488525667
1784881108.579952002,13.230000118,7.264737375,-0.707517778,1.200000000,0.490472381
1784881108.589951992,13.240000118,7.270563214,-0.704614054,1.200000000,0.492393089
1784881108.599951982,13.250000118,7.276379390,-0.701708288,1.200000000,0.494287710
1784881108.609952211,13.260000118,7.282185813,-0.698800619,1.200000000,0.496156164
1784881108.619952202,13.270000118,7.287982393,-0.695891185,1.200000000,0.497998370
1784881108.629952192,13.280000118,7.293769041,-0.692980124,1.200000000,0.499814248
1784881108.639952183,13.290000118,7.299545669,-0.690067572,1.200000000,0.501603717
1784881108.649952173,13.300000118,7.305312192,-0.687153666,1.200000000,0.503366697
1784881108.659952164,13.310000118,7.311068526,-0.684238539,1.200000000,0.505103108
1784881108.669952154,13.320000118,7.316814587,-0.681322325,1.200000000,0.506812868
1784881108.679952145,13.330000118,7.322550292,-0.678405157,1.200000000,0.508495897
1784881108.689952135,13.340000118,7.328275563,-0.675487167,1.200000000,0.510152116
1784881108.699952126,13.350000118,7.333990318,-0.672568484,1.200000000,0.511781442
1784881108.709952116,13.360000118,7.339694482,-0.669649238,1.200000000,0.513383797
1784881108.719952106,13.370000118,7.345387977,-0.666729558,1.200000000,0.514959098
1784881108.729952097,13.380000118,7.351070728,-0.663809571,1.200000000,0.516507267
1784881108.739952087,13.390000118,7.356742662,-0.660889402,1.200000000,0.518028221
1784881108.749952078,13.400000118,7.362403708,-0.657969176,1.200000000,0.519521882
1784881108.759952068,13.410000118,7.368053793,-0.655049018,1.200000000,0.520988168
1784881108.769952059,13.420000118,7.373692850,-0.652129050,1.200000000,0.522426999
1784881108.779952049,13.430000118,7.379320811,-0.649209394,1.200000000,0.523838294
1784881108.789952040,13.440000118,7.384937608,-0.646290170,1.200000000,0.525221973
1784881108.799952030,13.450000118,7.390543179,-0.643371497,1.200000000,0.526577955
1784881108.809952021,13.460000118,7.396137458,-0.640453494,1.200000000,0.527906160
1784881108.819952011,13.470000118,7.401720385,-0.637536276,1.200000000,0.529206507
1784881108.829952002,13.480000118,7.407291899,-0.634619961,1.200000000,0.530478916
1784881108.839951992,13.490000118,7.412851940,-0.631704662,1.200000000,0.531723307
1784881108.849951982,13.500000118,7.418400453,-0.628790493,1.200000000,0.532939598
1784881108.859952211,13.510000118,7.423937381,-0.625877565,1.200000000,0.534127710
1784881108.869952202,13.520000118,7.429462669,-0.622965991,1.200000000,0.535287562
1784881108.879952192,13.530000118,7.434976265,-0.620055878,1.200000000,0.536419073
1784881108.889952183,13.540000118,7.440478116,-0.617147336,1.200000000,0.537522163
1784881108.899952173,13.550000118,7.445968174,-0.614240472,1.200000000,0.538596751
1784881108.909952164,13.560000118,7.451446390,-0.611335392,1.200000000,0.539642757
1784881108.919952154,13.570000118,7.456912717,-0.608432201,1.200000000,0.540660100
1784881108.929952145,13.580000118,7.462367108,-0.605531001,1.200000000,0.541648700
1784881108.939952135,13.590000118,7.467809521,-0.602631896,1.200000000,0.542608477
1784881108.949952126,13.600000118,7.473239913,-0.599734986,1.200000000,0.543539350
1784881108.959952116,13.610000118,7.478658242,-0.596840371,1.200000000,0.544441238
1784881108.969952106,13.620000118,7.484064469,-0.593948149,1.200000000,0.545314060
1784881108.979952097,13.630000118,7.489458556,-0.591058418,1.200000000,0.546157737
1784881108.989952087,13.640000118,7.494840466,-0.588171274,1.200000000,0.546972188
1784881108.999952078,13.650000118,7.500210164,-0.585286811,1.200000000,0.547757333
1784881109.009952068,13.660000118,7.505567615,-0.582405123,1.200000000,0.548513090
1784881109.019952059,13.670000118,7.510912788,-0.579526301,1.200000000,0.549239380
1784881109.029952049,13.680000118,7.516245652,-0.576650438,1.200000000,0.549936122
1784881109.039952040,13.690000118,7.521566176,-0.573777623,1.200000000,0.550603235
1784881109.049952030,13.700000118,7.526874332,-0.570907943,1.200000000,0.551240639
1784881109.059952021,13.710000118,7.532170094,-0.568041487,1.200000000,0.551848253
1784881109.069952011,13.720000118,7.537453437,-0.565178340,1.200000000,0.552425997
1784881109.079952002,13.730000118,7.542724335,-0.562318587,1.200000000,0.552973791
1784881109.089951992,13.740000118,7.547982765,-0.559462312,1.200000000,0.553491553
1784881109.099951982,13.750000118,7.553228708,-0.556609596,1.200000000,0.553979204
1784881109.109952211,13.760000118,7.558462141,-0.553760521,1.200000000,0.554436663
1784881109.119952202,13.770000118,7.563683047,-0.550915167,1.200000000,0.554863850
1784881109.129952192,13.780000118,7.568891407,-0.548073611,1.200000000,0.555260683
1784881109.139952183,13.790000118,7.574087205,-0.545235933,1.200000000,0.555627083
1784881109.149952173,13.800000118,7.579270425,-0.542402207,1.200000000,0.555962968
1784881109.159952164,13.810000118,7.584441054,-0.539572508,1.200000000,0.556268259
1784881109.169952154,13.820000118,7.589599079,-0.536746911,1.200000000,0.556542875
1784881109.179952145,13.830000118,7.594744487,-0.533925489,1.200000000,0.556786736
1784881109.189952135,13.840000118,7.599877269,-0.531108312,1.200000000,0.556999760
1784881109.199952126,13.850000118,7.604997414,-0.528295450,1.200000000,0.557181868
1784881109.209952116,13.860000118,7.610104915,-0.525486974,1.200000000,0.557332979
1784881109.219952106,13.870000118,7.615199763,-0.522682951,1.200000000,0.557453012
1784881109.229952097,13.880000118,7.620281952,-0.519883448,1.200000000,0.557541887
1784881109.239952087,13.890000118,7.625351478,-0.517088531,1.200000000,0.557599524
1784881109.249952078,13.900000118,7.630408335,-0.514298264,1.200000000,0.557625842
1784881109.259952068,13.910000118,7.635452520,-0.511512711,1.200000000,0.557620760
1784881109.269952059,13.920000118,7.640484030,-0.508731935,1.200000000,0.557584198
1784881109.279952049,13.930000118,7.645502864,-0.505955997,1.200000000,0.557516075
1784881109.289952040,13.940000118,7.650509020,-0.503184957,1.200000000,0.557416312
1784881109.299952030,13.950000118,7.655502499,-0.500418876,1.200000000,0.557284827
1784881109.309952021,13.960000118,7.660483301,-0.497657811,1.200000000,0.557121540
1784881109.319952011,13.970000118,7.665451427,-0.494901819,1.200000000,0.556926371
1784881109.329952002,13.980000118,7.670406880,-0.492150958,1.200000000,0.556699238
1784881109.339951992,13.990000118,7.675349662,-0.489405283,1.200000000,0.556440062
1784881109.349951982,14.000000118,7.680279776,-0.486664848,1.200000000,0.556148762
1784881109.359952211,14.010000118,7.685197227,-0.483929707,1.200000000,0.555825257
1784881109.369952202,14.020000118,7.690102018,-0.481199913,1.200000000,0.555469468
1784881109.379952192,14.030000118,7.694994155,-0.478475518,1.200000000,0.555081313
1784881109.389952183,14.040000118,7.699873642,-0.475756572,1.200000000,0.554660712
1784881109.399952173,14.050000118,7.704740486,-0.473043126,1.200000000,0.554207584
1784881109.409952164,14.060000118,7.709594692,-0.470335229,1.200000000,0.553721850
1784881109.419952154,14.070000118,7.714436268,-0.467632931,1.200000000,0.553203428
1784881109.429952145,14.080000118,7.719265218,-0.464936278,1.200000000,0.552652238
1784881109.439952135,14.090000118,7.724081550,-0.462245318,1.200000000,0.552068199
1784881109.449952126,14.100000118,7.728885272,-0.459560097,1.200000000,0.551451232
1784881109.459952116,14.110000118,7.733676390,-0.456880661,1.200000000,0.550801255
1784881109.469952106,14.120000118,7.738454910,-0.454207055,1.200000000,0.550118188
1784881109.479952097,14.130000118,7.743220841,-0.451539324,1.200000000,0.549401951
1784881109.489952087,14.140000118,7.747974189,-0.448877511,1.200000000,0.548652463
1784881109.499952078,14.150000118,7.752714961,-0.446221660,1.200000000,0.547869643
1784881109.509952068,14.160000118,7.757443164,-0.443571813,1.200000000,0.547053411
1784881109.519952059,14.170000118,7.762158804,-0.440928013,1.200000000,0.546203687
1784881109.529952049,14.180000118,7.766861887,-0.438290302,1.200000000,0.545320390
1784881109.539952040,14.190000118,7.771552419,-0.435658720,1.200000000,0.544403439
1784881109.549952030,14.200000118,7.776230406,-0.433033310,1.200000000,0.543452755
1784881109.559952021,14.210000118,7.780895852,-0.430414110,1.200000000,0.542468256
1784881109.569952011,14.220000118,7.785548762,-0.427801162,1.200000000,0.541449862
1784881109.579952002,14.230000118,7.790189139,-0.425194505,1.200000000,0.540397493
1784881109.589951992,14.240000118,7.794816987,-0.422594179,1.200000000,0.539311067
1784881109.599951982,14.250000118,7.799432307,-0.420000224,1.200000000,0.538190506
1784881109.609952211,14.260000118,7.804035101,-0.417412678,1.200000000,0.537035727
1784881109.619952202,14.270000118,7.808625370,-0.414831581,1.200000000,0.535846651
1784881109.629952192,14.280000118,7.813203114,-0.412256971,1.200000000,0.534623197
1784881109.639952183,14.290000118,7.817768330,-0.409688887,1.200000000,0.533365285
1784881109.649952173,14.300000118,7.822321017,-0.407127369,1.200000000,0.532072833
1784881109.659952164,14.310000118,7.826861171,-0.404572455,1.200000000,0.530745763
1784881109.669952154,14.320000118,7.831388786,-0.402024183,1.200000000,0.529383992
1784881109.679952145,14.330000118,7.835903856,-0.399482593,1.200000000,0.527987441
1784881109.689952135,14.340000118,7.840406374,-0.396947724,1.200000000,0.526556029
1784881109.699952126,14.350000118,7.844896330,-0.394419614,1.200000000,0.525089676
1784881109.709952116,14.360000118,7.849373714,-0.391898305,1.200000000,0.523588301
1784881109.719952106,14.370000118,7.853838513,-0.389383834,1.200000000,0.522051823
1784881109.729952097,14.380000118,7.858290712,-0.386876242,1.200000000,0.520480162
1784881109.739952087,14.390000118,7.862730296,-0.384375571,1.200000000,0.518873239
1784881109.749952078,14.400000118,7.867157246,-0.381881859,1.200000000,0.517230971
1784881109.759952068,14.410000118,7.871571542,-0.379395149,1.200000000,0.515553279
1784881109.769952059,14.420000118,7.875973163,-0.376915483,1.200000000,0.513840082
1784881109.779952049,14.430000118,7.880362083,-0.374442902,1.200000000,0.512091299
1784881109.789952040,14.440000118,7.884738277,-0.371977451,1.200000000,0.510306851
1784881109.799952030,14.450000118,7.889101714,-0.369519171,1.200000000,0.508486656
1784881109.809952021,14.460000118,7.893452364,-0.367068109,1.200000000,0.506630635
1784881109.819952011,14.470000118,7.897790192,-0.364624308,1.200000000,0.504738706
1784881109.829952002,14.480000118,7.902115161,-0.362187815,1.200000000,0.502810789
1784881109.839951992,14.490000118,7.906427232,-0.359758677,1.200000000,0.500846804
1784881109.849951982,14.500000118,7.910726362,-0.357336941,1.200000000,0.498846670
1784881109.859952211,14.510000118,7.915012506,-0.354922657,1.200000000,0.496810307
1784881109.869952202,14.520000118,7.919285615,-0.352515873,1.200000000,0.494737634
1784881109.879952192,14.530000118,7.923545638,-0.350116642,1.200000000,0.492628570
1784881109.889952183,14.540000118,7.927792518,-0.347725015,1.200000000,0.490483036
1784881109.899952173,14.550000118,7.932026198,-0.345341046,1.200000000,0.488300950
1784881109.909952164,14.560000118,7.936246616,-0.342964789,1.200000000,0.486082232
1784881109.919952154,14.570000118,7.940453705,-0.340596301,1.200000000,0.483826803
1784881109.929952145,14.580000118,7.944647397,-0.338235639,1.200000000,0.481534580
1784881109.939952135,14.590000118,7.948827617,-0.335882862,1.200000000,0.479205484
1784881109.949952126,14.600000118,7.952994290,-0.333538030,1.200000000,0.476839434
1784881109.959952116,14.610000118,7.957147332,-0.331201207,1.200000000,0.474436350
1784881109.969952106,14.620000118,7.961286659,-0.328872456,1.200000000,0.471996151
1784881109.979952097,14.630000118,7.965412180,-0.326551842,1.200000000,0.469518757
1784881109.989952087,14.640000118,7.969523802,-0.324239433,1.200000000,0.467004086
1784881109.999952078,14.650000118,7.973621424,-0.321935300,1.200000000,0.464452060
1784881110.009952068,14.660000118,7.977704944,-0.319639512,1.200000000,0.461862597
1784881110.019952059,14.670000118,7.981774252,-0.317352144,1.200000000,0.459235616
1784881110.029952049,14.680000118,7.985829235,-0.315073272,1.200000000,0.456571038
1784881110.039952040,14.690000118,7.989869774,-0.312802972,1.200000000,0.453868781
1784881110.049952030,14.700000118,7.993895744,-0.310541327,1.200000000,0.451128766
1784881110.059952021,14.710000118,7.997907018,-0.308288417,1.200000000,0.448350911
1784881110.069952011,14.720000118,8.001903459,-0.306044329,1.200000000,0.445535137
1784881110.079952002,14.730000118,8.005884928,-0.303809149,1.200000000,0.442681362
1784881110.089951992,14.740000118,8.009851278,-0.301582967,1.200000000,0.439789506
1784881110.099951982,14.750000118,8.013802356,-0.299365877,1.200000000,0.436859489
1784881110.109952211,14.760000118,8.017738005,-0.297157974,1.200000000,0.433891231
1784881110.119952202,14.770000118,8.021658060,-0.294959357,1.200000000,0.430884650
1784881110.129952192,14.780000118,8.025562349,-0.292770126,1.200000000,0.427839666
1784881110.139952183,14.790000118,8.029450696,-0.290590386,1.200000000,0.424756199
1784881110.149952173,14.800000118,8.033322917,-0.288420245,1.200000000,0.421634169
1784881110.159952164,14.810000118,8.037178820,-0.286259813,1.200000000,0.418473494
1784881110.169952154,14.820000118,8.041018209,-0.284109205,1.200000000,0.415274094
1784881110.179952145,14.830000118,8.044840877,-0.281968536,1.200000000,0.412035889
1784881110.189952135,14.840000118,8.048646612,-0.279837930,1.200000000,0.408758798
1784881110.199952126,14.850000118,8.052435196,-0.277717508,1.200000000,0.405442741
1784881110.209952116,14.860000118,8.056206401,-0.275607400,1.200000000,0.402087637
1784881110.219952106,14.870000118,8.059959991,-0.273507738,1.200000000,0.398693406
1784881110.229952097,14.880000118,8.063695724,-0.271418656,1.200000000,0.395259968
1784881110.239952087,14.890000118,8.067413349,-0.269340295,1.200000000,0.391787327
1784881110.249952078,14.900000118,8.071112608,-0.267272797,1.200000000,0.388276151
1784881110.259952068,14.910000118,8.074793231,-0.265216311,1.200000000,0.384727417
1784881110.269952059,14.920000118,8.078454943,-0.263170988,1.200000000,0.381142102
1784881110.279952049,14.930000118,8.082097460,-0.261136984,1.200000000,0.377521185
1784881110.289952040,14.940000118,8.085720487,-0.259114460,1.200000000,0.373865642
1784881110.299952030,14.950000118,8.089323721,-0.257103581,1.200000000,0.370176452
1784881110.309952021,14.960000118,8.092906851,-0.255104517,1.200000000,0.366454592
1784881110.319952011,14.970000118,8.096469554,-0.253117442,1.200000000,0.362701040
1784881110.329952002,14.980000118,8.100011500,-0.251142536,1.200000000,0.358916774
1784881110.339951992,14.990000118,8.103532349,-0.249179981,1.200000000,0.355102772
1784881110.349951982,15.000000118,8.107031749,-0.247229968,1.200000000,0.351260011
1784881110.359952211,15.010000118,8.110509340,-0.245292690,1.200000000,0.347389469
1784881110.369952202,15.020000118,8.113964753,-0.243368347,1.200000000,0.343492124
1784881110.379952192,15.030000118,8.117397606,-0.241457141,1.200000000,0.339568953
1784881110.389952183,15.040000118,8.120807509,-0.239559284,1.200000000,0.335620935
1784881110.399952173,15.050000118,8.124194062,-0.237674988,1.200000000,0.331649047
1784881110.409952164,15.060000118,8.127556853,-0.235804474,1.200000000,0.327654266
1784881110.419952154,15.070000118,8.130895462,-0.233947967,1.200000000,0.323637572
1784881110.429952145,15.080000118,8.134209457,-0.232105697,1.200000000,0.319599940
1784881110.439952135,15.090000118,8.137498396,-0.230277900,1.200000000,0.315542350
1784881110.449952126,15.100000118,8.140761829,-0.228464815,1.200000000,0.311465779
1784881110.459952116,15.110000118,8.143999293,-0.226666689,1.200000000,0.307371204
1784881110.469952106,15.120000118,8.147210317,-0.224883772,1.200000000,0.303259603
1784881110.479952097,15.130000118,8.150394420,-0.223116320,1.200000000,0.299131955
1784881110.489952087,15.140000118,8.153551110,-0.221364595,1.200000000,0.294989236
1784881110.499952078,15.150000118,8.156679888,-0.219628861,1.200000000,0.290832425
1784881110.509952068,15.160000118,8.159780244,-0.217909389,1.200000000,0.286662500
1784881110.519952059,15.170000118,8.162851660,-0.216206454,1.200000000,0.282480437
1784881110.529952049,15.180000118,8.165893609,-0.214520336,1.200000000,0.278287216
1784881110.539952040,15.190000118,8.168905556,-0.212851318,1.200000000,0.274083812
1784881110.549952030,15.200000118,8.171886958,-0.211199687,1.200000000,0.269871206
1784881110.559952021,15.210000118,8.174837264,-0.209565735,1.200000000,0.265650373
1784881110.569952011,15.220000118,8.177755918,-0.207949757,1.200000000,0.261422292
1784881110.579952002,15.230000118,8.180642356,-0.206352051,1.200000000,0.257187941
1784881110.589951992,15.240000118,8.183496009,-0.204772919,1.200000000,0.252948298
1784881110.599951982,15.250000118,8.186316301,-0.203212665,1.200000000,0.248704339
1784881110.609952211,15.260000118,8.189102653,-0.201671595,1.200000000,0.244457043
1784881110.619952202,15.270000118,8.191854482,-0.200150017,1.200000000,0.240207388
1784881110.629952192,15.280000118,8.194571201,-0.198648240,1.200000000,0.235956351
1784881110.639952183,15.290000118,8.197252222,-0.197166577,1.200000000,0.231704910
1784881110.649952173,15.300000118,8.199896954,-0.195705339,1.200000000,0.227454044
1784881110.659952164,15.310000118,8.202504806,-0.194264837,1.200000000,0.223204728
1784881110.669952154,15.320000118,8.205075187,-0.192845384,1.200000000,0.218957943
1784881110.679952145,15.330000118,8.207607509,-0.191447290,1.200000000,0.214714664
1784881110.689952135,15.340000118,8.210101183,-0.190070864,1.200000000,0.210475870
1784881110.699952126,15.350000118,8.212555627,-0.188716413,1.200000000,0.206242539
1784881110.709952116,15.360000118,8.214970262,-0.187384242,1.200000000,0.202015648
1784881110.719952106,15.370000118,8.217344516,-0.186074653,1.200000000,0.197796175
1784881110.729952097,15.380000118,8.219677823,-0.184787941,1.200000000,0.193585098
1784881110.739952087,15.390000118,8.221969627,-0.183524400,1.200000000,0.189383395
1784881110.749952078,15.400000118,8.224219382,-0.182284317,1.200000000,0.185192043
1784881110.759952068,15.410000118,8.226426553,-0.181067970,1.200000000,0.181012021
1784881110.769952059,15.420000118,8.228590620,-0.179875634,1.200000000,0.176844340
1784881110.779952049,15.430000118,8.230711075,-0.178707572,1.200000000,0.172690291
1784881110.789952040,15.440000118,8.232787429,-0.177564041,1.200000000,0.168551298
1784881110.799952030,15.450000118,8.234819212,-0.176445285,1.200000000,0.164428783
1784881110.809952021,15.460000118,8.236805973,-0.175351539,1.200000000,0.160324171
1784881110.819952011,15.470000118,8.238747283,-0.174283025,1.200000000,0.156238885
1784881110.829952002,15.480000118,8.240642739,-0.173239952,1.200000000,0.152174349
1784881110.839951992,15.490000118,8.242491963,-0.172222514,1.200000000,0.148131986
1784881110.849951982,15.500000118,8.244294606,-0.171230891,1.200000000,0.144113221
1784881110.859952211,15.510000118,8.246050347,-0.170265245,1.200000000,0.140119477
1784881110.869952202,15.520000118,8.247758900,-0.169325722,1.200000000,0.136152178
1784881110.879952192,15.530000118,8.249420012,-0.168412448,1.200000000,0.132212747
1784881110.889952183,15.540000118,8.251033466,-0.167525530,1.200000000,0.128302608
1784881110.899952173,15.550000118,8.252599083,-0.166665055,1.200000000,0.124423186
1784881110.909952164,15.560000118,8.254116726,-0.165831087,1.200000000,0.120575902
1784881110.919952154,15.570000118,8.255586296,-0.165023667,1.200000000,0.116762182
1784881110.929952145,15.580000118,8.257007742,-0.164242814,1.200000000,0.112983449
1784881110.939952135,15.590000118,8.258381055,-0.163488521,1.200000000,0.109241127
1784881110.949952126,15.600000118,8.259706276,-0.162760755,1.200000000,0.105536639
1784881110.959952116,15.610000118,8.260983493,-0.162059457,1.200000000,0.101871409
1784881110.969952106,15.620000118,8.262212843,-0.161384542,1.200000000,0.098246861
1784881110.979952097,15.630000118,8.263394519,-0.160735895,1.200000000,0.094664419
1784881110.989952087,15.640000118,8.264528761,-0.160113373,1.200000000,0.091125506
1784881110.999952078,15.650000118,8.265615869,-0.159516804,1.200000000,0.087631545
1784881111.009952068,15.660000118,8.266656194,-0.158945987,1.200000000,0.084183962
1784881111.019952059,15.670000118,8.267650144,-0.158400687,1.200000000,0.080784178
1784881111.029952049,15.680000118,8.268598185,-0.157880643,1.200000000,0.077433619
1784881111.039952040,15.690000118,8.269500839,-0.157385558,1.200000000,0.074133707
1784881111.049952030,15.700000118,8.270358686,-0.156915109,1.200000000,0.070885867
1784881111.059952021,15.710000118,8.271172364,-0.156468937,1.200000000,0.067691522
1784881111.069952011,15.720000118,8.271942569,-0.156046653,1.200000000,0.064552096
1784881111.079952002,15.730000118,8.272670057,-0.155647837,1.200000000,0.061469012
1784881111.089951992,15.740000118,8.273355637,-0.155272039,1.200000000,0.058443694
1784881111.099951982,15.750000118,8.274000181,-0.154918775,1.200000000,0.055477567
1784881111.109952211,15.760000118,8.274604611,-0.154587532,1.200000000,0.052572053
1784881111.119952202,15.770000118,8.275169910,-0.154277768,1.200000000,0.049728577
1784881111.129952192,15.780000118,8.275697111,-0.153988911,1.200000000,0.046948561
1784881111.139952183,15.790000118,8.276187302,-0.153720360,1.200000000,0.044233431
1784881111.149952173,15.800000118,8.276641620,-0.153471486,1.200000000,0.041584609
1784881111.159952164,15.810000118,8.277061252,-0.153241637,1.200000000,0.039003519
1784881111.169952154,15.820000118,8.277447431,-0.153030131,1.200000000,0.036491585
1784881111.179952145,15.830000118,8.277801434,-0.152836267,1.200000000,0.034050231
1784881111.189952135,15.840000118,8.278124579,-0.152659317,1.200000000,0.031680880
1784881111.199952126,15.850000118,8.278418221,-0.152498538,1.200000000,0.029384956
1784881111.209952116,15.860000118,8.278683751,-0.152353164,1.200000000,0.027163882
1784881111.219952106,15.870000118,8.278922589,-0.152222414,1.200000000,0.025019083
1784881111.229952097,15.880000118,8.279136182,-0.152105495,1.200000000,0.022951983
1784881111.239952087,15.890000118,8.279325999,-0.152001599,1.200000000,0.020964004
1784881111.249952078,15.900000118,8.279493524,-0.151909912,1.200000000,0.019056570
1784881111.259952068,15.910000118,8.279640255,-0.151829613,1.200000000,0.017231106
1784881111.269952059,15.920000118,8.279767695,-0.151759875,1.200000000,0.015489035
1784881111.279952049,15.930000118,8.279877347,-0.151699876,1.200000000,0.013831780
1784881111.289952040,15.940000118,8.279970710,-0.151648794,1.200000000,0.012260766
1784881111.299952030,15.950000118,8.280049266,-0.151605816,1.200000000,0.010777416
1784881111.309952021,15.960000118,8.280114480,-0.151570141,1.200000000,0.009383153
1784881111.319952011,15.970000118,8.280167788,-0.151540980,1.200000000,0.008079403
1784881111.329952002,15.980000118,8.280210589,-0.151517569,1.200000000,0.006867587
1784881111.339951992,15.990000118,8.280244241,-0.151499163,1.200000000,0.005749130
1784881111.349951982,16.000000118,8.280270046,-0.151485050,1.200000000,0.004725456
1784881111.359952211,16.010000118,8.280289245,-0.151474551,1.200000000,0.003797988
1784881111.369952202,16.020000118,8.280303005,-0.151467026,1.200000000,0.002968150
1784881111.379952192,16.030000118,8.280312413,-0.151461882,1.200000000,0.002237365
1784881111.389952183,16.040000118,8.280318459,-0.151458576,1.200000000,0.001607059
1784881111.399952173,16.050000118,8.280322032,-0.151456622,1.200000000,0.001078653
1784881111.409952164,16.060000118,8.280323903,-0.151455600,1.200000000,0.000653572
1784881111.419952154,16.070000118,8.280324713,-0.151455157,1.200000000,0.000333239
1784881111.429952145,16.080000118,8.280324963,-0.151455020,1.200000000,0.000119079
1784881111.439952135,16.090000118,8.280325000,-0.151455000,1.200000000,0.000012515
1784881111.444733620,16.094781732,8.280325000,-0.151455000,1.200000000,0.000000000
