stamp,elapsed,x,y,z,yaw
1784881200.673910141,0.000000152,-0.261959000,-0.006230000,1.200000000,-0.039639000
1784881200.683910131,0.010000152,-0.261958994,-0.006229999,1.200000000,-0.039642980
1784881200.693910122,0.020000152,-0.261958911,-0.006229987,1.200000000,-0.039654758
1784881200.703910112,0.030000152,-0.261958553,-0.006229936,1.200000000,-0.039674090
1784881200.713910103,0.040000152,-0.261957605,-0.006229800,1.200000000,-0.039700734
1784881200.723910093,0.050000152,-0.261955636,-0.006229517,1.200000000,-0.039734445
1784881200.733910084,0.060000152,-0.261952113,-0.006229012,1.200000000,-0.039774981
1784881200.743910074,0.070000152,-0.261946403,-0.006228192,1.200000000,-0.039822099
1784881200.753910065,0.080000152,-0.261937783,-0.006226955,1.200000000,-0.039875556
1784881200.763910055,0.090000152,-0.261925447,-0.006225184,1.200000000,-0.039935107
1784881200.773910046,0.100000152,-0.261908512,-0.006222752,1.200000000,-0.040000510
1784881200.783910036,0.110000152,-0.261886026,-0.006219523,1.200000000,-0.040071521
1784881200.793910027,0.120000152,-0.261856971,-0.006215351,1.200000000,-0.040147898
1784881200.803910017,0.130000152,-0.261820274,-0.006210080,1.200000000,-0.040229397
1784881200.813910007,0.140000152,-0.261774807,-0.006203549,1.200000000,-0.040315775
1784881200.823909998,0.150000152,-0.261719400,-0.006195590,1.200000000,-0.040406788
1784881200.833909988,0.160000152,-0.261652839,-0.006186028,1.200000000,-0.040502194
1784881200.843909979,0.170000152,-0.261573875,-0.006174682,1.200000000,-0.040601748
1784881200.853909969,0.180000152,-0.261481229,-0.006161369,1.200000000,-0.040705209
1784881200.863909960,0.190000152,-0.261373596,-0.006145901,1.200000000,-0.040812332
1784881200.873909950,0.200000152,-0.261249651,-0.006128086,1.200000000,-0.040922874
1784881200.883909941,0.210000152,-0.261108050,-0.006107732,1.200000000,-0.041036593
1784881200.893910170,0.220000152,-0.260947439,-0.006084643,1.200000000,-0.041153244
1784881200.903910160,0.230000152,-0.260766455,-0.006058622,1.200000000,-0.041272585
1784881200.913910151,0.240000152,-0.260563728,-0.006029471,1.200000000,-0.041394372
1784881200.923910141,0.250000152,-0.260337890,-0.005996994,1.200000000,-0.041518362
1784881200.933910131,0.260000152,-0.260087574,-0.005960992,1.200000000,-0.041644312
1784881200.943910122,0.270000152,-0.259811420,-0.005921269,1.200000000,-0.041771979
1784881200.953910112,0.280000152,-0.259508075,-0.005877630,1.200000000,-0.041901119
1784881200.963910103,0.290000152,-0.259176200,-0.005829881,1.200000000,-0.042031489
1784881200.973910093,0.300000152,-0.258814469,-0.005777830,1.200000000,-0.042162846
1784881200.983910084,0.310000152,-0.258421574,-0.005721287,1.200000000,-0.042294947
1784881200.993910074,0.320000152,-0.257996228,-0.005660067,1.200000000,-0.042427547
1784881201.003910065,0.330000152,-0.257537165,-0.005593985,1.200000000,-0.042560405
1784881201.013910055,0.340000152,-0.257043142,-0.005522861,1.200000000,-0.042693277
1784881201.023910046,0.350000152,-0.256512944,-0.005446520,1.200000000,-0.042825920
1784881201.033910036,0.360000152,-0.255945384,-0.005364788,1.200000000,-0.042958090
1784881201.043910027,0.370000152,-0.255339304,-0.005277497,1.200000000,-0.043089544
1784881201.053910017,0.380000152,-0.254693580,-0.005184484,1.200000000,-0.043220039
1784881201.063910007,0.390000152,-0.254007117,-0.005085590,1.200000000,-0.043349331
1784881201.073909998,0.400000152,-0.253278858,-0.004980659,1.200000000,-0.043477178
1784881201.083909988,0.410000152,-0.252507780,-0.004869544,1.200000000,-0.043603336
1784881201.093909979,0.420000152,-0.251692895,-0.004752099,1.200000000,-0.043727562
1784881201.103909969,0.430000152,-0.250833255,-0.004628186,1.200000000,-0.043849612
1784881201.113909960,0.440000152,-0.249927951,-0.004497671,1.200000000,-0.043969244
1784881201.123909950,0.450000152,-0.248976109,-0.004360428,1.200000000,-0.044086214
1784881201.133909941,0.460000152,-0.247976900,-0.004216333,1.200000000,-0.044200279
1784881201.143910170,0.470000152,-0.246929531,-0.004065271,1.200000000,-0.044311196
1784881201.153910160,0.480000152,-0.245833253,-0.003907130,1.200000000,-0.044418721
1784881201.163910151,0.490000152,-0.244687355,-0.003741806,1.200000000,-0.044522611
1784881201.173910141,0.500000152,-0.243491170,-0.003569200,1.200000000,-0.044622623
1784881201.183910131,0.510000152,-0.242244071,-0.003389220,1.200000000,-0.044718514
1784881201.193910122,0.520000152,-0.240945473,-0.003201777,1.200000000,-0.044810040
1784881201.203910112,0.530000152,-0.239594830,-0.003006790,1.200000000,-0.044896958
1784881201.213910103,0.540000152,-0.238191642,-0.002804185,1.200000000,-0.044979025
1784881201.223910093,0.550000152,-0.236735447,-0.002593892,1.200000000,-0.045055998
1784881201.233910084,0.560000152,-0.235225823,-0.002375847,1.200000000,-0.045127633
1784881201.243910074,0.570000152,-0.233662391,-0.002149993,1.200000000,-0.045193688
1784881201.253910065,0.580000152,-0.232044811,-0.001916276,1.200000000,-0.045253918
1784881201.263910055,0.590000152,-0.230372782,-0.001674651,1.200000000,-0.045308081
1784881201.273910046,0.600000152,-0.228646043,-0.001425077,1.200000000,-0.045355934
1784881201.283910036,0.610000152,-0.226864371,-0.001167518,1.200000000,-0.045397232
1784881201.293910027,0.620000152,-0.225027582,-0.000901944,1.200000000,-0.045431734
1784881201.303910017,0.630000152,-0.223135528,-0.000628332,1.200000000,-0.045459195
1784881201.313910007,0.640000152,-0.221188098,-0.000346660,1.200000000,-0.045479373
1784881201.323909998,0.650000152,-0.219185216,-0.000056916,1.200000000,-0.045492024
1784881201.333909988,0.660000152,-0.217126841,0.000240911,1.200000000,-0.045496905
1784881201.343909979,0.670000152,-0.215012969,0.000546825,1.200000000,-0.045493772
1784881201.353909969,0.680000152,-0.212843625,0.000860825,1.200000000,-0.045482383
1784881201.363909960,0.690000152,-0.210618868,0.001182906,1.200000000,-0.045462495
1784881201.373909950,0.700000152,-0.208338789,0.001513059,1.200000000,-0.045433863
1784881201.383909941,0.710000152,-0.206003510,0.001851271,1.200000000,-0.045396245
1784881201.393910170,0.720000152,-0.203613179,0.002197522,1.200000000,-0.045349397
1784881201.403910160,0.730000152,-0.201167978,0.002551790,1.200000000,-0.045293077
1784881201.413910151,0.740000152,-0.198668111,0.002914051,1.200000000,-0.045227040
1784881201.423910141,0.750000152,-0.196113812,0.003284273,1.200000000,-0.045151045
1784881201.433910131,0.760000152,-0.193505339,0.003662422,1.200000000,-0.045064846
1784881201.443910122,0.770000152,-0.190842976,0.004048462,1.200000000,-0.044968202
1784881201.453910112,0.780000152,-0.188127029,0.004442352,1.200000000,-0.044860869
1784881201.463910103,0.790000152,-0.185357828,0.004844048,1.200000000,-0.044742605
1784881201.473910093,0.800000152,-0.182535722,0.005253503,1.200000000,-0.044613270
1784881201.483910084,0.810000152,-0.179661085,0.005670666,1.200000000,-0.044472963
1784881201.493910074,0.820000152,-0.176734307,0.006095486,1.200000000,-0.044321814
1784881201.503910065,0.830000152,-0.173755798,0.006527906,1.200000000,-0.044159951
1784881201.513910055,0.840000152,-0.170725985,0.006967867,1.200000000,-0.043987506
1784881201.523910046,0.850000152,-0.167645315,0.007415310,1.200000000,-0.043804607
1784881201.533910036,0.860000152,-0.164514248,0.007870171,1.200000000,-0.043611384
1784881201.543910027,0.870000152,-0.161333261,0.008332385,1.200000000,-0.043407966
1784881201.553910017,0.880000152,-0.158102844,0.008801884,1.200000000,-0.043194485
1784881201.563910007,0.890000152,-0.154823502,0.009278599,1.200000000,-0.042971068
1784881201.573909998,0.900000152,-0.151495753,0.009762458,1.200000000,-0.042737846
1784881201.583909988,0.910000152,-0.148120125,0.010253389,1.200000000,-0.042494949
1784881201.593909979,0.920000152,-0.144697160,0.010751316,1.200000000,-0.042242506
1784881201.603909969,0.930000152,-0.141227409,0.011256163,1.200000000,-0.041980647
1784881201.613909960,0.940000152,-0.137711433,0.011767852,1.200000000,-0.041709501
1784881201.623909950,0.950000152,-0.134149803,0.012286305,1.200000000,-0.041429198
1784881201.633909941,0.960000152,-0.130543096,0.012811439,1.200000000,-0.041139868
1784881201.643910170,0.970000152,-0.126891900,0.013343175,1.200000000,-0.040841641
1784881201.653910160,0.980000152,-0.123196808,0.013881428,1.200000000,-0.040534646
1784881201.663910151,0.990000152,-0.119458420,0.014426117,1.200000000,-0.040219013
1784881201.673910141,1.000000152,-0.115677340,0.014977155,1.200000000,-0.039894871
1784881201.683910131,1.010000152,-0.111854180,0.015534457,1.200000000,-0.039562351
1784881201.693910122,1.020000152,-0.107989556,0.016097938,1.200000000,-0.039221581
1784881201.703910112,1.030000152,-0.104084085,0.016667511,1.200000000,-0.038872693
1784881201.713910103,1.040000152,-0.100138391,0.017243089,1.200000000,-0.038515814
1784881201.723910093,1.050000152,-0.096153098,0.017824583,1.200000000,-0.038151075
1784881201.733910084,1.060000152,-0.092128835,0.018411906,1.200000000,-0.037778606
1784881201.743910074,1.070000152,-0.088066229,0.019004970,1.200000000,-0.037398536
1784881201.753910065,1.080000152,-0.083965912,0.019603685,1.200000000,-0.037010995
1784881201.763910055,1.090000152,-0.079828514,0.020207964,1.200000000,-0.036616113
1784881201.773910046,1.100000152,-0.075654666,0.020817717,1.200000000,-0.036214019
1784881201.783910036,1.110000152,-0.071444999,0.021432856,1.200000000,-0.035804843
1784881201.793910027,1.120000152,-0.067200142,0.022053292,1.200000000,-0.035388715
1784881201.803910017,1.130000152,-0.062920725,0.022678936,1.200000000,-0.034965764
1784881201.813910007,1.140000152,-0.058607374,0.023309699,1.200000000,-0.034536120
1784881201.823909998,1.150000152,-0.054260715,0.023945494,1.200000000,-0.034099912
1784881201.833909988,1.160000152,-0.049881368,0.024586233,1.200000000,-0.033657271
1784881201.843909979,1.170000152,-0.045469954,0.025231828,1.200000000,-0.033208326
1784881201.853909969,1.180000152,-0.041027088,0.025882192,1.200000000,-0.032753207
1784881201.863909960,1.190000152,-0.036553384,0.026537238,1.200000000,-0.032292043
1784881201.873909950,1.200000152,-0.032049448,0.027196881,1.200000000,-0.031824964
1784881201.883909941,1.210000152,-0.027515885,0.027861034,1.200000000,-0.031352100
1784881201.893910170,1.220000152,-0.022953294,0.028529614,1.200000000,-0.030873580
1784881201.903910160,1.230000152,-0.018362268,0.029202535,1.200000000,-0.030389534
1784881201.913910151,1.240000152,-0.013743396,0.029879714,1.200000000,-0.029900092
1784881201.923910141,1.250000152,-0.009097261,0.030561069,1.200000000,-0.029405384
1784881201.933910131,1.260000152,-0.004424440,0.031246518,1.200000000,-0.028905538
1784881201.943910122,1.270000152,0.000274498,0.031935979,1.200000000,-0.028400686
1784881201.953910112,1.280000152,0.004998987,0.032629373,1.200000000,-0.027890955
1784881201.963910103,1.290000152,0.009748472,0.033326620,1.200000000,-0.027376477
1784881201.973910093,1.300000152,0.014522402,0.034027642,1.200000000,-0.026857381
1784881201.983910084,1.310000152,0.019320233,0.034732363,1.200000000,-0.026333796
1784881201.993910074,1.320000152,0.024141432,0.035440704,1.200000000,-0.025805852
1784881202.003910065,1.330000152,0.028985471,0.036152593,1.200000000,-0.025273679
1784881202.013910055,1.340000152,0.033851830,0.036867954,1.200000000,-0.024737406
1784881202.023910046,1.350000152,0.038739998,0.037586714,1.200000000,-0.024197164
1784881202.033910036,1.360000152,0.043649471,0.038308803,1.200000000,-0.023653081
1784881202.043910027,1.370000152,0.048579756,0.039034149,1.200000000,-0.023105288
1784881202.053910017,1.380000152,0.053530366,0.039762683,1.200000000,-0.022553914
1784881202.063910007,1.390000152,0.058500825,0.040494337,1.200000000,-0.021999089
1784881202.073909998,1.400000152,0.063490663,0.041229044,1.200000000,-0.021440943
1784881202.083909988,1.410000152,0.068499423,0.041966739,1.200000000,-0.020879604
1784881202.093909979,1.420000152,0.073526655,0.042707356,1.200000000,-0.020315204
1784881202.103909969,1.430000152,0.078571917,0.043450835,1.200000000,-0.019747871
1784881202.113909960,1.440000152,0.083634780,0.044197111,1.200000000,-0.019177735
1784881202.123909950,1.450000152,0.088714821,0.044946127,1.200000000,-0.018604927
1784881202.133909941,1.460000152,0.093811628,0.045697821,1.200000000,-0.018029574
1784881202.143910170,1.470000152,0.098924801,0.046452138,1.200000000,-0.017451808
1784881202.153910160,1.480000152,0.104053945,0.047209020,1.200000000,-0.016871758
1784881202.163910151,1.490000152,0.109198679,0.047968413,1.200000000,-0.016289554
1784881202.173910141,1.500000152,0.114358630,0.048730264,1.200000000,-0.015705325
1784881202.183910131,1.510000152,0.119533436,0.049494520,1.200000000,-0.015119200
1784881202.193910122,1.520000152,0.124722743,0.050261132,1.200000000,-0.014531311
1784881202.203910112,1.530000152,0.129926209,0.051030049,1.200000000,-0.013941785
1784881202.213910103,1.540000152,0.135143501,0.051801225,1.200000000,-0.013350754
1784881202.223910093,1.550000152,0.140374298,0.052574612,1.200000000,-0.012758346
1784881202.233910084,1.560000152,0.145618285,0.053350167,1.200000000,-0.012164692
1784881202.243910074,1.570000152,0.150875161,0.054127846,1.200000000,-0.011569920
1784881202.253910065,1.580000152,0.156144633,0.054907606,1.200000000,-0.010974162
1784881202.263910055,1.590000152,0.161426419,0.055689408,1.200000000,-0.010377545
1784881202.273910046,1.600000152,0.166720247,0.056473212,1.200000000,-0.009780201
1784881202.283910036,1.610000152,0.172025853,0.057258981,1.200000000,-0.009182258
1784881202.293910027,1.620000152,0.177342986,0.058046678,1.200000000,-0.008583846
1784881202.303910017,1.630000152,0.182671404,0.058836268,1.200000000,-0.007985096
1784881202.313910007,1.640000152,0.188010872,0.059627720,1.200000000,-0.007386136
1784881202.323909998,1.650000152,0.193361169,0.060420999,1.200000000,-0.006787097
1784881202.333909988,1.660000152,0.198722081,0.061216076,1.200000000,-0.006188108
1784881202.343909979,1.670000152,0.204093406,0.062012923,1.200000000,-0.005589298
1784881202.353909969,1.680000152,0.209474948,0.062811510,1.200000000,-0.004990798
1784881202.363909960,1.690000152,0.214866524,0.063611811,1.200000000,-0.004392737
1784881202.373909950,1.700000152,0.220267960,0.064413803,1.200000000,-0.003795245
1784881202.383909941,1.710000152,0.225679088,0.065217460,1.200000000,-0.003198451
1784881202.393910170,1.720000152,0.231099755,0.066022761,1.200000000,-0.002602485
1784881202.403910160,1.730000152,0.236529811,0.066829685,1.200000000,-0.002007477
1784881202.413910151,1.740000152,0.241969120,0.067638212,1.200000000,-0.001413557
1784881202.423910141,1.750000152,0.247417552,0.068448324,1.200000000,-0.000820853
1784881202.433910131,1.760000152,0.252874988,0.069260003,1.200000000,-0.000229497
1784881202.443910122,1.770000152,0.258341315,0.070073235,1.200000000,0.000360383
1784881202.453910112,1.780000152,0.263816432,0.070888005,1.200000000,0.000948657
1784881202.463910103,1.790000152,0.269300243,0.071704298,1.200000000,0.001535196
1784881202.473910093,1.800000152,0.274792664,0.072522105,1.200000000,0.002119868
1784881202.483910084,1.810000152,0.280293615,0.073341412,1.200000000,0.002702546
1784881202.493910074,1.820000152,0.285803028,0.074162212,1.200000000,0.003283098
1784881202.503910065,1.830000152,0.291320840,0.074984495,1.200000000,0.003861397
1784881202.513910055,1.840000152,0.296846999,0.075808254,1.200000000,0.004437310
1784881202.523910046,1.850000152,0.302381457,0.076633484,1.200000000,0.005010711
1784881202.533910036,1.860000152,0.307924175,0.077460178,1.200000000,0.005581467
1784881202.543910027,1.870000152,0.313475123,0.078288333,1.200000000,0.006149450
1784881202.553910017,1.880000152,0.319034277,0.079117947,1.200000000,0.006714531
1784881202.563910007,1.890000152,0.324601617,0.079949016,1.200000000,0.007276579
1784881202.573909998,1.900000152,0.330177136,0.080781541,1.200000000,0.007835465
1784881202.583909988,1.910000152,0.335760827,0.081615522,1.200000000,0.008391058
1784881202.593909979,1.920000152,0.341352696,0.082450959,1.200000000,0.008943230
1784881202.603909969,1.930000152,0.346952750,0.083287855,1.200000000,0.009491851
1784881202.613909960,1.940000152,0.352561004,0.084126213,1.200000000,0.010036791
1784881202.623909950,1.950000152,0.358177481,0.084966037,1.200000000,0.010577921
1784881202.633909941,1.960000152,0.363802207,0.085807331,1.200000000,0.011115110
1784881202.643910170,1.970000152,0.369435216,0.086650101,1.200000000,0.011648229
1784881202.653910160,1.980000152,0.375076544,0.087494353,1.200000000,0.012177148
1784881202.663910151,1.990000152,0.380726236,0.088340096,1.200000000,0.012701739
1784881202.673910141,2.000000152,0.386384341,0.089187336,1.200000000,0.013221870
1784881202.683910131,2.010000152,0.392050911,0.090036082,1.200000000,0.013737412
1784881202.693910122,2.020000152,0.397726005,0.090886345,1.200000000,0.014248237
1784881202.703910112,2.030000152,0.403409685,0.091738134,1.200000000,0.014754213
1784881202.713910103,2.040000152,0.409102019,0.092591460,1.200000000,0.015255211
1784881202.723910093,2.050000152,0.414803078,0.093446335,1.200000000,0.015751103
1784881202.733910084,2.060000152,0.420512937,0.094302770,1.200000000,0.016241757
1784881202.743910074,2.070000152,0.426231675,0.095160779,1.200000000,0.016727044
1784881202.753910065,2.080000152,0.431959374,0.096020374,1.200000000,0.017206835
1784881202.763910055,2.090000152,0.437696120,0.096881570,1.200000000,0.017681000
1784881202.773910046,2.100000152,0.443442003,0.097744380,1.200000000,0.018149410
1784881202.783910036,2.110000152,0.449197114,0.098608819,1.200000000,0.018611934
1784881202.793910027,2.120000152,0.454961548,0.099474903,1.200000000,0.019068443
1784881202.803910017,2.130000152,0.460735403,0.100342647,1.200000000,0.019518807
1784881202.813910007,2.140000152,0.466518779,0.101212067,1.200000000,0.019962896
1784881202.823909998,2.150000152,0.472311777,0.102083180,1.200000000,0.020400582
1784881202.833909988,2.160000152,0.478114503,0.102956001,1.200000000,0.020831734
1784881202.843909979,2.170000152,0.483927063,0.103830549,1.200000000,0.021256222
1784881202.853909969,2.180000152,0.489749563,0.104706839,1.200000000,0.021673918
1784881202.863909960,2.190000152,0.495582114,0.105584891,1.200000000,0.022084690
1784881202.873909950,2.200000152,0.501424826,0.106464721,1.200000000,0.022488410
1784881202.883909941,2.210000152,0.507277812,0.107346347,1.200000000,0.022884948
1784881202.893910170,2.220000152,0.513141183,0.108229788,1.200000000,0.023274174
1784881202.903910160,2.230000152,0.519015054,0.109115062,1.200000000,0.023655959
1784881202.913910151,2.240000152,0.524899538,0.110002186,1.200000000,0.024030172
1784881202.923910141,2.250000152,0.530794751,0.110891180,1.200000000,0.024396685
1784881202.933910131,2.260000152,0.536700806,0.111782063,1.200000000,0.024755367
1784881202.943910122,2.270000152,0.542617820,0.112674851,1.200000000,0.025106089
1784881202.953910112,2.280000152,0.548545906,0.113569565,1.200000000,0.025448721
1784881202.963910103,2.290000152,0.554485180,0.114466222,1.200000000,0.025783134
1784881202.973910093,2.300000152,0.560435756,0.115364841,1.200000000,0.026109197
1784881202.983910084,2.310000152,0.566397747,0.116265441,1.200000000,0.026426782
1784881202.993910074,2.320000152,0.572371267,0.117168039,1.200000000,0.026735757
1784881203.003910065,2.330000152,0.578356428,0.118072654,1.200000000,0.027035995
1784881203.013910055,2.340000152,0.584353340,0.118979304,1.200000000,0.027327365
1784881203.023910046,2.350000152,0.590362115,0.119888007,1.200000000,0.027609737
1784881203.033910036,2.360000152,0.596382860,0.120798781,1.200000000,0.027882982
1784881203.043910027,2.370000152,0.602415682,0.121711643,1.200000000,0.028146980
1784881203.053910017,2.380000152,0.608460688,0.122626610,1.200000000,0.028401743
1784881203.063910007,2.390000152,0.614517981,0.123543699,1.200000000,0.028647368
1784881203.073909998,2.400000152,0.620587664,0.124462928,1.200000000,0.028883956
1784881203.083909988,2.410000152,0.626669837,0.125384312,1.200000000,0.029111608
1784881203.093909979,2.420000152,0.632764597,0.126307867,1.200000000,0.029330424
1784881203.103909969,2.430000152,0.638872041,0.127233610,1.200000000,0.029540504
1784881203.113909960,2.440000152,0.644992263,0.128161556,1.200000000,0.029741950
1784881203.123909950,2.450000152,0.651125354,0.129091720,1.200000000,0.029934861
1784881203.133909941,2.460000152,0.657271402,0.130024117,1.200000000,0.030119338
1784881203.143910170,2.470000152,0.663430494,0.130958760,1.200000000,0.030295482
1784881203.153910160,2.480000152,0.669602714,0.131895664,1.200000000,0.030463392
1784881203.163910151,2.490000152,0.675788141,0.132834842,1.200000000,0.030623170
1784881203.173910141,2.500000152,0.681986854,0.133776307,1.200000000,0.030774915
1784881203.183910131,2.510000152,0.688198929,0.134720072,1.200000000,0.030918729
1784881203.193910122,2.520000152,0.694424436,0.135666148,1.200000000,0.031054711
1784881203.203910112,2.530000152,0.700663444,0.136614547,1.200000000,0.031182963
1784881203.213910103,2.540000152,0.706916020,0.137565279,1.200000000,0.031303584
1784881203.223910093,2.550000152,0.713182225,0.138518356,1.200000000,0.031416676
1784881203.233910084,2.560000152,0.719462118,0.139473786,1.200000000,0.031522338
1784881203.243910074,2.570000152,0.725755756,0.140431580,1.200000000,0.031620671
1784881203.253910065,2.580000152,0.732063190,0.141391746,1.200000000,0.031711775
1784881203.263910055,2.590000152,0.738384469,0.142354291,1.200000000,0.031795752
1784881203.273910046,2.600000152,0.744719638,0.143319224,1.200000000,0.031872701
1784881203.283910036,2.610000152,0.751068740,0.144286552,1.200000000,0.031942723
1784881203.293910027,2.620000152,0.757431811,0.145256279,1.200000000,0.032005918
1784881203.303910017,2.630000152,0.763808886,0.146228413,1.200000000,0.032062387
1784881203.313910007,2.640000152,0.770199995,0.147202958,1.200000000,0.032112231
1784881203.323909998,2.650000152,0.776605166,0.148179918,1.200000000,0.032155549
1784881203.333909988,2.660000152,0.783024421,0.149159297,1.200000000,0.032192442
1784881203.343909979,2.670000152,0.789457779,0.150141097,1.200000000,0.032223011
1784881203.353909969,2.680000152,0.795905257,0.151125321,1.200000000,0.032247357
1784881203.363909960,2.690000152,0.802366864,0.152111971,1.200000000,0.032265578
1784881203.373909950,2.700000152,0.808842608,0.153101047,1.200000000,0.032277777
1784881203.383909941,2.710000152,0.815332494,0.154092550,1.200000000,0.032284054
1784881203.393910170,2.720000152,0.821836521,0.155086477,1.200000000,0.032284508
1784881203.403910160,2.730000152,0.828354683,0.156082830,1.200000000,0.032279241
1784881203.413910151,2.740000152,0.834886974,0.157081604,1.200000000,0.032268353
1784881203.423910141,2.750000152,0.841433381,0.158082797,1.200000000,0.032251944
1784881203.433910131,2.760000152,0.847993887,0.159086406,1.200000000,0.032230115
1784881203.443910122,2.770000152,0.854568472,0.160092426,1.200000000,0.032202966
1784881203.453910112,2.780000152,0.861157112,0.161100852,1.200000000,0.032170599
1784881203.463910103,2.790000152,0.867759779,0.162111678,1.200000000,0.032133112
1784881203.473910093,2.800000152,0.874376441,0.163124897,1.200000000,0.032090607
1784881203.483910084,2.810000152,0.881007061,0.164140502,1.200000000,0.032043184
1784881203.493910074,2.820000152,0.887651599,0.165158485,1.200000000,0.031990944
1784881203.503910065,2.830000152,0.894310011,0.166178835,1.200000000,0.031933987
1784881203.513910055,2.840000152,0.900982250,0.167201544,1.200000000,0.031872414
1784881203.523910046,2.850000152,0.907668262,0.168226601,1.200000000,0.031806324
1784881203.533910036,2.860000152,0.914367993,0.169253994,1.200000000,0.031735819
1784881203.543910027,2.870000152,0.921081382,0.170283710,1.200000000,0.031660999
1784881203.553910017,2.880000152,0.927808365,0.171315737,1.200000000,0.031581964
1784881203.563910007,2.890000152,0.934548877,0.172350061,1.200000000,0.031498816
1784881203.573909998,2.900000152,0.941302844,0.173386667,1.200000000,0.031411653
1784881203.583909988,2.910000152,0.948070192,0.174425539,1.200000000,0.031320577
1784881203.593909979,2.920000152,0.954850842,0.175466661,1.200000000,0.031225689
1784881203.603909969,2.930000152,0.961644712,0.176510015,1.200000000,0.031127088
1784881203.613909960,2.940000152,0.968451715,0.177555584,1.200000000,0.031024876
1784881203.623909950,2.950000152,0.975271761,0.178603349,1.200000000,0.030919152
1784881203.633909941,2.960000152,0.982104758,0.179653289,1.200000000,0.030810017
1784881203.643910170,2.970000152,0.988950607,0.180705385,1.200000000,0.030697572
1784881203.653910160,2.980000152,0.995809208,0.181759615,1.200000000,0.030581917
1784881203.663910151,2.990000152,1.002680457,0.182815956,1.200000000,0.030463152
1784881203.673910141,3.000000152,1.009564247,0.183874386,1.200000000,0.030341379
1784881203.683910131,3.010000152,1.016460466,0.184934881,1.200000000,0.030216697
1784881203.693910122,3.020000152,1.023369000,0.185997416,1.200000000,0.030089206
1784881203.703910112,3.030000152,1.030289732,0.187061966,1.200000000,0.029959008
1784881203.713910103,3.040000152,1.037222541,0.188128504,1.200000000,0.029826203
1784881203.723910093,3.050000152,1.044167302,0.189197003,1.200000000,0.029690891
1784881203.733910084,3.060000152,1.051123889,0.190267436,1.200000000,0.029553173
1784881203.743910074,3.070000152,1.058092170,0.191339772,1.200000000,0.029413149
1784881203.753910065,3.080000152,1.065072014,0.192413983,1.200000000,0.029270920
1784881203.763910055,3.090000152,1.072063283,0.193490039,1.200000000,0.029126586
1784881203.773910046,3.100000152,1.079065838,0.194567908,1.200000000,0.028980247
1784881203.783910036,3.110000152,1.086079537,0.195647557,1.200000000,0.028832005
1784881203.793910027,3.120000152,1.093104236,0.196728955,1.200000000,0.028681959
1784881203.803910017,3.130000152,1.100139786,0.197812067,1.200000000,0.028530210
1784881203.813910007,3.140000152,1.107186038,0.198896859,1.200000000,0.028376858
1784881203.823909998,3.150000152,1.114242838,0.199983297,1.200000000,0.028222005
1784881203.833909988,3.160000152,1.121310032,0.201071342,1.200000000,0.028065749
1784881203.843909979,3.170000152,1.128387461,0.202160960,1.200000000,0.027908193
1784881203.853909969,3.180000152,1.135474965,0.203252112,1.200000000,0.027749436
1784881203.863909960,3.190000152,1.142572381,0.204344760,1.200000000,0.027589578
1784881203.873909950,3.200000152,1.149679545,0.205438865,1.200000000,0.027428721
1784881203.883909941,3.210000152,1.156796290,0.206534386,1.200000000,0.027266965
1784881203.893910170,3.220000152,1.163922446,0.207631284,1.200000000,0.027104410
1784881203.903910160,3.230000152,1.171057842,0.208729516,1.200000000,0.026941156
1784881203.913910151,3.240000152,1.178202305,0.209829041,1.200000000,0.026777304
1784881203.923910141,3.250000152,1.185355661,0.210929815,1.200000000,0.026612955
1784881203.933910131,3.260000152,1.192517731,0.212031796,1.200000000,0.026448209
1784881203.943910122,3.270000152,1.199688338,0.213134937,1.200000000,0.026283167
1784881203.953910112,3.280000152,1.206867301,0.214239195,1.200000000,0.026117928
1784881203.963910103,3.290000152,1.214054438,0.215344523,1.200000000,0.025952594
1784881203.973910093,3.300000152,1.221249566,0.216450875,1.200000000,0.025787264
1784881203.983910084,3.310000152,1.228452500,0.217558204,1.200000000,0.025622040
1784881203.993910074,3.320000152,1.235663053,0.218666461,1.200000000,0.025457022
1784881204.003910065,3.330000152,1.242881038,0.219775597,1.200000000,0.025292310
1784881204.013910055,3.340000152,1.250106267,0.220885564,1.200000000,0.025128005
1784881204.023910046,3.350000152,1.257338549,0.221996312,1.200000000,0.024964206
1784881204.033910036,3.360000152,1.264577694,0.223107788,1.200000000,0.024801016
1784881204.043910027,3.370000152,1.271823509,0.224219943,1.200000000,0.024638533
1784881204.053910017,3.380000152,1.279075802,0.225332723,1.200000000,0.024476860
1784881204.063910007,3.390000152,1.286334378,0.226446077,1.200000000,0.024316095
1784881204.073909998,3.400000152,1.293599045,0.227559950,1.200000000,0.024156339
1784881204.083909988,3.410000152,1.300869606,0.228674289,1.200000000,0.023997694
1784881204.093909979,3.420000152,1.308145866,0.229789039,1.200000000,0.023840259
1784881204.103909969,3.430000152,1.315427629,0.230904144,1.200000000,0.023684135
1784881204.113909960,3.440000152,1.322714697,0.232019549,1.200000000,0.023529422
1784881204.123909950,3.450000152,1.330006876,0.233135198,1.200000000,0.023376221
1784881204.133909941,3.460000152,1.337303966,0.234251032,1.200000000,0.023224632
1784881204.143910170,3.470000152,1.344605771,0.235366994,1.200000000,0.023074756
1784881204.153910160,3.480000152,1.351912094,0.236483027,1.200000000,0.022926694
1784881204.163910151,3.490000152,1.359222736,0.237599070,1.200000000,0.022780544
1784881204.173910141,3.500000152,1.366537500,0.238715066,1.200000000,0.022636409
1784881204.183910131,3.510000152,1.373856189,0.239830952,1.200000000,0.022494389
1784881204.193910122,3.520000152,1.381178606,0.240946670,1.200000000,0.022354584
1784881204.203910112,3.530000152,1.388504554,0.242062157,1.200000000,0.022217094
1784881204.213910103,3.540000152,1.395833835,0.243177352,1.200000000,0.022082020
1784881204.223910093,3.550000152,1.403166255,0.244292193,1.200000000,0.021949462
1784881204.233910084,3.560000152,1.410501618,0.245406618,1.200000000,0.021819522
1784881204.243910074,3.570000152,1.417839727,0.246520562,1.200000000,0.021692299
1784881204.253910065,3.580000152,1.425180390,0.247633963,1.200000000,0.021567893
1784881204.263910055,3.590000152,1.432523412,0.248746755,1.200000000,0.021446406
1784881204.273910046,3.600000152,1.439868600,0.249858875,1.200000000,0.021327938
1784881204.283910036,3.610000152,1.447215763,0.250970257,1.200000000,0.021212589
1784881204.293910027,3.620000152,1.454564708,0.252080836,1.200000000,0.021100459
1784881204.303910017,3.630000152,1.461915247,0.253190545,1.200000000,0.020991650
1784881204.313910007,3.640000152,1.469267189,0.254299317,1.200000000,0.020886261
1784881204.323909998,3.650000152,1.476620348,0.255407087,1.200000000,0.020784394
1784881204.333909988,3.660000152,1.483974536,0.256513786,1.200000000,0.020686147
1784881204.343909979,3.670000152,1.491329568,0.257619346,1.200000000,0.020591623
1784881204.353909969,3.680000152,1.498685259,0.258723700,1.200000000,0.020500922
1784881204.363909960,3.690000152,1.506041428,0.259826778,1.200000000,0.020414143
1784881204.373909950,3.700000152,1.513397892,0.260928512,1.200000000,0.020331388
1784881204.383909941,3.710000152,1.520754472,0.262028832,1.200000000,0.020252756
1784881204.393910170,3.720000152,1.528110990,0.263127668,1.200000000,0.020178349
1784881204.403910160,3.730000152,1.535467269,0.264224950,1.200000000,0.020108266
1784881204.413910151,3.740000152,1.542823135,0.265320608,1.200000000,0.020042609
1784881204.423910141,3.750000152,1.550178414,0.266414571,1.200000000,0.019981478
1784881204.433910131,3.760000152,1.557532935,0.267506766,1.200000000,0.019924972
1784881204.443910122,3.770000152,1.564886529,0.268597124,1.200000000,0.019873194
1784881204.453910112,3.780000152,1.572239028,0.269685572,1.200000000,0.019826242
1784881204.463910103,3.790000152,1.579590267,0.270772038,1.200000000,0.019784218
1784881204.473910093,3.800000152,1.586940081,0.271856448,1.200000000,0.019747222
1784881204.483910084,3.810000152,1.594288311,0.272938731,1.200000000,0.019715354
1784881204.493910074,3.820000152,1.601634795,0.274018814,1.200000000,0.019688715
1784881204.503910065,3.830000152,1.608979378,0.275096622,1.200000000,0.019667336
1784881204.513910055,3.840000152,1.616321904,0.276172083,1.200000000,0.019651093
1784881204.523910046,3.850000152,1.623662219,0.277245122,1.200000000,0.019639846
1784881204.533910036,3.860000152,1.631000175,0.278315665,1.200000000,0.019633450
1784881204.543910027,3.870000152,1.638335622,0.279383637,1.200000000,0.019631763
1784881204.553910017,3.880000152,1.645668415,0.280448965,1.200000000,0.019634642
1784881204.563910007,3.890000152,1.652998410,0.281511573,1.200000000,0.019641945
1784881204.573909998,3.900000152,1.660325466,0.282571386,1.200000000,0.019653528
1784881204.583909988,3.910000152,1.667649444,0.283628329,1.200000000,0.019669250
1784881204.593909979,3.920000152,1.674970209,0.284682326,1.200000000,0.019688966
1784881204.603909969,3.930000152,1.682287626,0.285733301,1.200000000,0.019712535
1784881204.613909960,3.940000152,1.689601565,0.286781179,1.200000000,0.019739814
1784881204.623909950,3.950000152,1.696911896,0.287825883,1.200000000,0.019770659
1784881204.633909941,3.960000152,1.704218495,0.288867338,1.200000000,0.019804928
1784881204.643910170,3.970000152,1.711521237,0.289905466,1.200000000,0.019842479
1784881204.653910160,3.980000152,1.718820002,0.290940191,1.200000000,0.019883169
1784881204.663910151,3.990000152,1.726114671,0.291971436,1.200000000,0.019926854
1784881204.673910141,4.000000152,1.733405129,0.292999125,1.200000000,0.019973392
1784881204.683910131,4.010000152,1.740691263,0.294023180,1.200000000,0.020022640
1784881204.693910122,4.020000152,1.747972963,0.295043525,1.200000000,0.020074456
1784881204.703910112,4.030000152,1.755250122,0.296060081,1.200000000,0.020128697
1784881204.713910103,4.040000152,1.762522634,0.297072771,1.200000000,0.020185219
1784881204.723910093,4.050000152,1.769790397,0.298081519,1.200000000,0.020243881
1784881204.733910084,4.060000152,1.777053313,0.299086246,1.200000000,0.020304539
1784881204.743910074,4.070000152,1.784311285,0.300086875,1.200000000,0.020367051
1784881204.753910065,4.080000152,1.791564218,0.301083327,1.200000000,0.020431274
1784881204.763910055,4.090000152,1.798812022,0.302075525,1.200000000,0.020497065
1784881204.773910046,4.100000152,1.806054609,0.303063392,1.200000000,0.020564281
1784881204.783910036,4.110000152,1.813291891,0.304046848,1.200000000,0.020632780
1784881204.793910027,4.120000152,1.820523788,0.305025817,1.200000000,0.020702419
1784881204.803910017,4.130000152,1.827750218,0.306000219,1.200000000,0.020773055
1784881204.813910007,4.140000152,1.834971104,0.306969977,1.200000000,0.020844545
1784881204.823909998,4.150000152,1.842186372,0.307935013,1.200000000,0.020916746
1784881204.833909988,4.160000152,1.849395950,0.308895248,1.200000000,0.020989517
1784881204.843909979,4.170000152,1.856599767,0.309850604,1.200000000,0.021062713
1784881204.853909969,4.180000152,1.863797759,0.310801003,1.200000000,0.021136193
1784881204.863909960,4.190000152,1.870989861,0.311746366,1.200000000,0.021209813
1784881204.873909950,4.200000152,1.878176013,0.312686616,1.200000000,0.021283431
1784881204.883909941,4.210000152,1.885356155,0.313621674,1.200000000,0.021356903
1784881204.893910170,4.220000152,1.892530233,0.314551461,1.200000000,0.021430088
1784881204.903910160,4.230000152,1.899698193,0.315475900,1.200000000,0.021502842
1784881204.913910151,4.240000152,1.906859986,0.316394912,1.200000000,0.021575023
1784881204.923910141,4.250000152,1.914015563,0.317308420,1.200000000,0.021646488
1784881204.933910131,4.260000152,1.921164880,0.318216344,1.200000000,0.021717094
1784881204.943910122,4.270000152,1.928307894,0.319118608,1.200000000,0.021786698
1784881204.953910112,4.280000152,1.935444566,0.320015132,1.200000000,0.021855158
1784881204.963910103,4.290000152,1.942574858,0.320905839,1.200000000,0.021922331
1784881204.973910093,4.300000152,1.949698736,0.321790651,1.200000000,0.021988073
1784881204.983910084,4.310000152,1.956816168,0.322669490,1.200000000,0.022052243
1784881204.993910074,4.320000152,1.963927125,0.323542278,1.200000000,0.022114698
1784881205.003910065,4.330000152,1.971031580,0.324408937,1.200000000,0.022175294
1784881205.013910055,4.340000152,1.978129507,0.325269390,1.200000000,0.022233889
1784881205.023910046,4.350000152,1.985220886,0.326123560,1.200000000,0.022290340
1784881205.033910036,4.360000152,1.992305697,0.326971368,1.200000000,0.022344505
1784881205.043910027,4.370000152,1.999383922,0.327812738,1.200000000,0.022396240
1784881205.053910017,4.380000152,2.006455547,0.328647591,1.200000000,0.022445404
1784881205.063910007,4.390000152,2.013520560,0.329475852,1.200000000,0.022491852
1784881205.073909998,4.400000152,2.020578950,0.330297443,1.200000000,0.022535443
1784881205.083909988,4.410000152,2.027630710,0.331112287,1.200000000,0.022576034
1784881205.093909979,4.420000152,2.034675834,0.331920307,1.200000000,0.022613481
1784881205.103909969,4.430000152,2.041714320,0.332721427,1.200000000,0.022647643
1784881205.113909960,4.440000152,2.048746167,0.333515570,1.200000000,0.022678375
1784881205.123909950,4.450000152,2.055771375,0.334302660,1.200000000,0.022705537
1784881205.133909941,4.460000152,2.062789948,0.335082621,1.200000000,0.022728984
1784881205.143910170,4.470000152,2.069801893,0.335855376,1.200000000,0.022748574
1784881205.153910160,4.480000152,2.076807216,0.336620850,1.200000000,0.022764164
1784881205.163910151,4.490000152,2.083805927,0.337378967,1.200000000,0.022775612
1784881205.173910141,4.500000152,2.090798038,0.338129652,1.200000000,0.022782774
1784881205.183910131,4.510000152,2.097783564,0.338872828,1.200000000,0.022785509
1784881205.193910122,4.520000152,2.104762519,0.339608422,1.200000000,0.022783672
1784881205.203910112,4.530000152,2.111734922,0.340336357,1.200000000,0.022777122
1784881205.213910103,4.540000152,2.118700792,0.341056560,1.200000000,0.022765716
1784881205.223910093,4.550000152,2.125660151,0.341768954,1.200000000,0.022749311
1784881205.233910084,4.560000152,2.132613022,0.342473467,1.200000000,0.022727763
1784881205.243910074,4.570000152,2.139559431,0.343170024,1.200000000,0.022700932
1784881205.253910065,4.580000152,2.146499403,0.343858551,1.200000000,0.022668672
1784881205.263910055,4.590000152,2.153432968,0.344538974,1.200000000,0.022630843
1784881205.273910046,4.600000152,2.160360156,0.345211219,1.200000000,0.022587300
1784881205.283910036,4.610000152,2.167280998,0.345875213,1.200000000,0.022537902
1784881205.293910027,4.620000152,2.174195529,0.346530884,1.200000000,0.022482505
1784881205.303910017,4.630000152,2.181103784,0.347178157,1.200000000,0.022420967
1784881205.313910007,4.640000152,2.188005798,0.347816962,1.200000000,0.022353145
1784881205.323909998,4.650000152,2.194901611,0.348447224,1.200000000,0.022278897
1784881205.333909988,4.660000152,2.201791261,0.349068872,1.200000000,0.022198078
1784881205.343909979,4.670000152,2.208674789,0.349681835,1.200000000,0.022110548
1784881205.353909969,4.680000152,2.215552239,0.350286040,1.200000000,0.022016162
1784881205.363909960,4.690000152,2.222423652,0.350881416,1.200000000,0.021914779
1784881205.373909950,4.700000152,2.229289075,0.351467892,1.200000000,0.021806255
1784881205.383909941,4.710000152,2.236148553,0.352045398,1.200000000,0.021690447
1784881205.393910170,4.720000152,2.243002134,0.352613862,1.200000000,0.021567214
1784881205.403910160,4.730000152,2.249849866,0.353173214,1.200000000,0.021436411
1784881205.413910151,4.740000152,2.256691798,0.353723385,1.200000000,0.021297897
1784881205.423910141,4.750000152,2.263527982,0.354264304,1.200000000,0.021151528
1784881205.433910131,4.760000152,2.270358468,0.354795902,1.200000000,0.020997162
1784881205.443910122,4.770000152,2.277183310,0.355318110,1.200000000,0.020834656
1784881205.453910112,4.780000152,2.284002561,0.355830859,1.200000000,0.020663868
1784881205.463910103,4.790000152,2.290816275,0.356334081,1.200000000,0.020484654
1784881205.473910093,4.800000152,2.297624509,0.356827707,1.200000000,0.020296871
1784881205.483910084,4.810000152,2.304427317,0.357311670,1.200000000,0.020100378
1784881205.493910074,4.820000152,2.311224756,0.357785901,1.200000000,0.019895031
1784881205.503910065,4.830000152,2.318016885,0.358250334,1.200000000,0.019680687
1784881205.513910055,4.840000152,2.324803762,0.358704902,1.200000000,0.019457204
1784881205.523910046,4.850000152,2.331585446,0.359149537,1.200000000,0.019224439
1784881205.533910036,4.860000152,2.338361995,0.359584173,1.200000000,0.018982249
1784881205.543910027,4.870000152,2.345133471,0.360008745,1.200000000,0.018730491
1784881205.553910017,4.880000152,2.351899933,0.360423187,1.200000000,0.018469023
1784881205.563910007,4.890000152,2.358661444,0.360827434,1.200000000,0.018197702
1784881205.573909998,4.900000152,2.365418063,0.361221420,1.200000000,0.017916384
1784881205.583909988,4.910000152,2.372169854,0.361605080,1.200000000,0.017624929
1784881205.593909979,4.920000152,2.378916878,0.361978352,1.200000000,0.017323191
1784881205.603909969,4.930000152,2.385659198,0.362341170,1.200000000,0.017011030
1784881205.613909960,4.940000152,2.392396877,0.362693470,1.200000000,0.016688301
1784881205.623909950,4.950000152,2.399129977,0.363035191,1.200000000,0.016354863
1784881205.633909941,4.960000152,2.405858562,0.363366268,1.200000000,0.016010572
1784881205.643910170,4.970000152,2.412582695,0.363686640,1.200000000,0.015655285
1784881205.653910160,4.980000152,2.419302440,0.363996244,1.200000000,0.015288861
1784881205.663910151,4.990000152,2.426017859,0.364295019,1.200000000,0.014911156
1784881205.673910141,5.000000152,2.432729017,0.364582902,1.200000000,0.014522027
1784881205.683910131,5.010000152,2.439435976,0.364859834,1.200000000,0.014121332
1784881205.693910122,5.020000152,2.446138800,0.365125753,1.200000000,0.013708928
1784881205.703910112,5.030000152,2.452837552,0.365380599,1.200000000,0.013284672
1784881205.713910103,5.040000152,2.459532296,0.365624312,1.200000000,0.012848421
1784881205.723910093,5.050000152,2.466223093,0.365856833,1.200000000,0.012400033
1784881205.733910084,5.060000152,2.472910008,0.366078103,1.200000000,0.011939365
1784881205.743910074,5.070000152,2.479593101,0.366288062,1.200000000,0.011466273
1784881205.753910065,5.080000152,2.486272436,0.366486653,1.200000000,0.010980616
1784881205.763910055,5.090000152,2.492948074,0.366673818,1.200000000,0.010482251
1784881205.773910046,5.100000152,2.499620076,0.366849499,1.200000000,0.009971034
1784881205.783910036,5.110000152,2.506288504,0.367013640,1.200000000,0.009446823
1784881205.793910027,5.120000152,2.512953417,0.367166182,1.200000000,0.008909476
1784881205.803910017,5.130000152,2.519614877,0.367307071,1.200000000,0.008358848
1784881205.813910007,5.140000152,2.526272942,0.367436250,1.200000000,0.007794799
1784881205.823909998,5.150000152,2.532927671,0.367553664,1.200000000,0.007217184
1784881205.833909988,5.160000152,2.539579123,0.367659258,1.200000000,0.006625862
1784881205.843909979,5.170000152,2.546227355,0.367752977,1.200000000,0.006020689
1784881205.853909969,5.180000152,2.552872425,0.367834767,1.200000000,0.005401522
1784881205.863909960,5.190000152,2.559514390,0.367904574,1.200000000,0.004768220
1784881205.873909950,5.200000152,2.566153304,0.367962345,1.200000000,0.004120638
1784881205.883909941,5.210000152,2.572789223,0.368008027,1.200000000,0.003458635
1784881205.893910170,5.220000152,2.579422200,0.368041567,1.200000000,0.002782067
1784881205.903910160,5.230000152,2.586052291,0.368062914,1.200000000,0.002090792
1784881205.913910151,5.240000152,2.592679546,0.368072015,1.200000000,0.001384667
1784881205.923910141,5.250000152,2.599304018,0.368068820,1.200000000,0.000663550
1784881205.933910131,5.260000152,2.605925757,0.368053279,1.200000000,-0.000072703
1784881205.943910122,5.270000152,2.612544814,0.368025339,1.200000000,-0.000824235
1784881205.953910112,5.280000152,2.619161237,0.367984953,1.200000000,-0.001591187
1784881205.963910103,5.290000152,2.625775074,0.367932070,1.200000000,-0.002373704
1784881205.973910093,5.300000152,2.632386373,0.367866641,1.200000000,-0.003171927
1784881205.983910084,5.310000152,2.638995180,0.367788619,1.200000000,-0.003985997
1784881205.993910074,5.320000152,2.645601538,0.367697954,1.200000000,-0.004815959
1784881206.003910065,5.330000152,2.652205493,0.367594600,1.200000000,-0.005661720
1784881206.013910055,5.340000152,2.658807088,0.367478509,1.200000000,-0.006523180
1784881206.023910046,5.350000152,2.665406363,0.367349635,1.200000000,-0.007400236
1784881206.033910036,5.360000152,2.672003360,0.367207931,1.200000000,-0.008292785
1784881206.043910027,5.370000152,2.678598118,0.367053351,1.200000000,-0.009200728
1784881206.053910017,5.380000152,2.685190676,0.366885851,1.200000000,-0.010123960
1784881206.063910007,5.390000152,2.691781071,0.366705386,1.200000000,-0.011062382
1784881206.073909998,5.400000152,2.698369338,0.366511911,1.200000000,-0.012015889
1784881206.083909988,5.410000152,2.704955513,0.366305382,1.200000000,-0.012984382
1784881206.093909979,5.420000152,2.711539629,0.366085756,1.200000000,-0.013967757
1784881206.103909969,5.430000152,2.718121719,0.365852990,1.200000000,-0.014965914
1784881206.113909960,5.440000152,2.724701814,0.365607042,1.200000000,-0.015978749
1784881206.123909950,5.450000152,2.731279944,0.365347869,1.200000000,-0.017006162
1784881206.133909941,5.460000152,2.737856137,0.365075431,1.200000000,-0.018048050
1784881206.143910170,5.470000152,2.744430421,0.364789686,1.200000000,-0.019104311
1784881206.153910160,5.480000152,2.751002822,0.364490593,1.200000000,-0.020174843
1784881206.163910151,5.490000152,2.757573366,0.364178113,1.200000000,-0.021259546
1784881206.173910141,5.500000152,2.764142075,0.363852206,1.200000000,-0.022358315
1784881206.183910131,5.510000152,2.770708971,0.363512832,1.200000000,-0.023471051
1784881206.193910122,5.520000152,2.777274077,0.363159955,1.200000000,-0.024597651
1784881206.203910112,5.530000152,2.783837411,0.362793534,1.200000000,-0.025738012
1784881206.213910103,5.540000152,2.790398991,0.362413533,1.200000000,-0.026892034
1784881206.223910093,5.550000152,2.796958836,0.362019915,1.200000000,-0.028059614
1784881206.233910084,5.560000152,2.803516960,0.361612642,1.200000000,-0.029240650
1784881206.243910074,5.570000152,2.810073378,0.361191679,1.200000000,-0.030435040
1784881206.253910065,5.580000152,2.816628103,0.360756991,1.200000000,-0.031642684
1784881206.263910055,5.590000152,2.823181147,0.360308541,1.200000000,-0.032863477
1784881206.273910046,5.600000152,2.829732520,0.359846296,1.200000000,-0.034097320
1784881206.283910036,5.610000152,2.836282231,0.359370221,1.200000000,-0.035344109
1784881206.293910027,5.620000152,2.842830289,0.358880282,1.200000000,-0.036603743
1784881206.303910017,5.630000152,2.849376698,0.358376447,1.200000000,-0.037876121
1784881206.313910007,5.640000152,2.855921465,0.357858683,1.200000000,-0.039161139
1784881206.323909998,5.650000152,2.862464593,0.357326958,1.200000000,-0.040458697
1784881206.333909988,5.660000152,2.869006084,0.356781240,1.200000000,-0.041768692
1784881206.343909979,5.670000152,2.875545941,0.356221497,1.200000000,-0.043091022
1784881206.353909969,5.680000152,2.882084162,0.355647700,1.200000000,-0.044425586
1784881206.363909960,5.690000152,2.888620745,0.355059818,1.200000000,-0.045772282
1784881206.373909950,5.700000152,2.895155689,0.354457822,1.200000000,-0.047131007
1784881206.383909941,5.710000152,2.901688990,0.353841683,1.200000000,-0.048501661
1784881206.393910170,5.720000152,2.908220640,0.353211371,1.200000000,-0.049884140
1784881206.403910160,5.730000152,2.914750635,0.352566859,1.200000000,-0.051278344
1784881206.413910151,5.740000152,2.921278966,0.351908120,1.200000000,-0.052684169
1784881206.423910141,5.750000152,2.927805623,0.351235126,1.200000000,-0.054101515
1784881206.433910131,5.760000152,2.934330597,0.350547851,1.200000000,-0.055530280
1784881206.443910122,5.770000152,2.940853875,0.349846269,1.200000000,-0.056970361
1784881206.453910112,5.780000152,2.947375445,0.349130354,1.200000000,-0.058421656
1784881206.463910103,5.790000152,2.953895291,0.348400081,1.200000000,-0.059884065
1784881206.473910093,5.800000152,2.960413400,0.347655426,1.200000000,-0.061357484
1784881206.483910084,5.810000152,2.966929754,0.346896365,1.200000000,-0.062841812
1784881206.493910074,5.820000152,2.973444334,0.346122875,1.200000000,-0.064336947
1784881206.503910065,5.830000152,2.979957123,0.345334932,1.200000000,-0.065842787
1784881206.513910055,5.840000152,2.986468100,0.344532515,1.200000000,-0.067359231
1784881206.523910046,5.850000152,2.992977243,0.343715600,1.200000000,-0.068886175
1784881206.533910036,5.860000152,2.999484530,0.342884168,1.200000000,-0.070423520
1784881206.543910027,5.870000152,3.005989937,0.342038198,1.200000000,-0.071971161
1784881206.553910017,5.880000152,3.012493439,0.341177668,1.200000000,-0.073528999
1784881206.563910007,5.890000152,3.018995011,0.340302559,1.200000000,-0.075096930
1784881206.573909998,5.900000152,3.025494625,0.339412852,1.200000000,-0.076674853
1784881206.583909988,5.910000152,3.031992253,0.338508528,1.200000000,-0.078262667
1784881206.593909979,5.920000152,3.038487866,0.337589569,1.200000000,-0.079860268
1784881206.603909969,5.930000152,3.044981434,0.336655958,1.200000000,-0.081467555
1784881206.613909960,5.940000152,3.051472925,0.335707677,1.200000000,-0.083084427
1784881206.623909950,5.950000152,3.057962308,0.334744709,1.200000000,-0.084710781
1784881206.633909941,5.960000152,3.064449548,0.333767039,1.200000000,-0.086346516
1784881206.643910170,5.970000152,3.070934612,0.332774650,1.200000000,-0.087991529
1784881206.653910160,5.980000152,3.077417464,0.331767529,1.200000000,-0.089645719
1784881206.663910151,5.990000152,3.083898068,0.330745659,1.200000000,-0.091308984
1784881206.673910141,6.000000152,3.090376388,0.329709028,1.200000000,-0.092981222
1784881206.683910131,6.010000152,3.096852384,0.328657622,1.200000000,-0.094662331
1784881206.693910122,6.020000152,3.103326018,0.327591428,1.200000000,-0.096352209
1784881206.703910112,6.030000152,3.109797251,0.326510433,1.200000000,-0.098050754
1784881206.713910103,6.040000152,3.116266042,0.325414626,1.200000000,-0.099757864
1784881206.723910093,6.050000152,3.122732348,0.324303995,1.200000000,-0.101473438
1784881206.733910084,6.060000152,3.129196129,0.323178530,1.200000000,-0.103197374
1784881206.743910074,6.070000152,3.135657340,0.322038220,1.200000000,-0.104929569
1784881206.753910065,6.080000152,3.142115939,0.320883056,1.200000000,-0.106669922
1784881206.763910055,6.090000152,3.148571879,0.319713027,1.200000000,-0.108418331
1784881206.773910046,6.100000152,3.155025117,0.318528127,1.200000000,-0.110174694
1784881206.783910036,6.110000152,3.161475606,0.317328345,1.200000000,-0.111938909
1784881206.793910027,6.120000152,3.167923299,0.316113675,1.200000000,-0.113710874
1784881206.803910017,6.130000152,3.174368149,0.314884110,1.200000000,-0.115490488
1784881206.813910007,6.140000152,3.180810109,0.313639644,1.200000000,-0.117277647
1784881206.823909998,6.150000152,3.187249128,0.312380269,1.200000000,-0.119072252
1784881206.833909988,6.160000152,3.193685158,0.311105980,1.200000000,-0.120874199
1784881206.843909979,6.170000152,3.200118150,0.309816773,1.200000000,-0.122683386
1784881206.853909969,6.180000152,3.206548052,0.308512644,1.200000000,-0.124499713
1784881206.863909960,6.190000152,3.212974815,0.307193587,1.200000000,-0.126323076
1784881206.873909950,6.200000152,3.219398385,0.305859601,1.200000000,-0.128153375
1784881206.883909941,6.210000152,3.225818713,0.304510681,1.200000000,-0.129990506
1784881206.893910170,6.220000152,3.232235745,0.303146826,1.200000000,-0.131834369
1784881206.903910160,6.230000152,3.238649428,0.301768033,1.200000000,-0.133684862
1784881206.913910151,6.240000152,3.245059710,0.300374303,1.200000000,-0.135541881
1784881206.923910141,6.250000152,3.251466536,0.298965633,1.200000000,-0.137405326
1784881206.933910131,6.260000152,3.257869853,0.297542024,1.200000000,-0.139275095
1784881206.943910122,6.270000152,3.264269606,0.296103476,1.200000000,-0.141151086
1784881206.953910112,6.280000152,3.270665742,0.294649989,1.200000000,-0.143033196
1784881206.963910103,6.290000152,3.277058204,0.293181567,1.200000000,-0.144921325
1784881206.973910093,6.300000152,3.283446938,0.291698209,1.200000000,-0.146815369
1784881206.983910084,6.310000152,3.289831888,0.290199919,1.200000000,-0.148715228
1784881206.993910074,6.320000152,3.296212999,0.288686699,1.200000000,-0.150620799
1784881207.003910065,6.330000152,3.302590215,0.287158554,1.200000000,-0.152531981
1784881207.013910055,6.340000152,3.308963480,0.285615487,1.200000000,-0.154448671
1784881207.023910046,6.350000152,3.315332738,0.284057503,1.200000000,-0.156370767
1784881207.033910036,6.360000152,3.321697932,0.282484606,1.200000000,-0.158298169
1784881207.043910027,6.370000152,3.328059006,0.280896804,1.200000000,-0.160230773
1784881207.053910017,6.380000152,3.334415903,0.279294101,1.200000000,-0.162168478
1784881207.063910007,6.390000152,3.340768568,0.277676504,1.200000000,-0.164111182
1784881207.073909998,6.400000152,3.347116943,0.276044021,1.200000000,-0.166058783
1784881207.083909988,6.410000152,3.353460972,0.274396660,1.200000000,-0.168011179
1784881207.093909979,6.420000152,3.359800599,0.272734428,1.200000000,-0.169968269
1784881207.103909969,6.430000152,3.366135766,0.271057334,1.200000000,-0.171929950
1784881207.113909960,6.440000152,3.372466419,0.269365389,1.200000000,-0.173896121
1784881207.123909950,6.450000152,3.378792500,0.267658601,1.200000000,-0.175866680
1784881207.133909941,6.460000152,3.385113953,0.265936982,1.200000000,-0.177841524
1784881207.143910170,6.470000152,3.391430722,0.264200541,1.200000000,-0.179820552
1784881207.153910160,6.480000152,3.397742751,0.262449291,1.200000000,-0.181803662
1784881207.163910151,6.490000152,3.404049986,0.260683244,1.200000000,-0.183790752
1784881207.173910141,6.500000152,3.410352369,0.258902411,1.200000000,-0.185781721
1784881207.183910131,6.510000152,3.416649847,0.257106807,1.200000000,-0.187776465
1784881207.193910122,6.520000152,3.422942364,0.255296444,1.200000000,-0.189774884
1784881207.203910112,6.530000152,3.429229865,0.253471336,1.200000000,-0.191776876
1784881207.213910103,6.540000152,3.435512296,0.251631500,1.200000000,-0.193782338
1784881207.223910093,6.550000152,3.441789604,0.249776948,1.200000000,-0.195791169
1784881207.233910084,6.560000152,3.448061734,0.247907697,1.200000000,-0.197803266
1784881207.243910074,6.570000152,3.454328633,0.246023764,1.200000000,-0.199818529
1784881207.253910065,6.580000152,3.460590248,0.244125165,1.200000000,-0.201836854
1784881207.263910055,6.590000152,3.466846528,0.242211917,1.200000000,-0.203858141
1784881207.273910046,6.600000152,3.473097419,0.240284038,1.200000000,-0.205882287
1784881207.283910036,6.610000152,3.479342872,0.238341546,1.200000000,-0.207909190
1784881207.293910027,6.620000152,3.485582833,0.236384460,1.200000000,-0.209938749
1784881207.303910017,6.630000152,3.491817254,0.234412799,1.200000000,-0.211970861
1784881207.313910007,6.640000152,3.498046083,0.232426584,1.200000000,-0.214005425
1784881207.323909998,6.650000152,3.504269272,0.230425834,1.200000000,-0.216042339
1784881207.333909988,6.660000152,3.510486772,0.228410570,1.200000000,-0.218081501
1784881207.343909979,6.670000152,3.516698535,0.226380814,1.200000000,-0.220122808
1784881207.353909969,6.680000152,3.522904513,0.224336588,1.200000000,-0.222166160
1784881207.363909960,6.690000152,3.529104659,0.222277914,1.200000000,-0.224211453
1784881207.373909950,6.700000152,3.535298927,0.220204815,1.200000000,-0.226258588
1784881207.383909941,6.710000152,3.541487270,0.218117315,1.200000000,-0.228307460
1784881207.393910170,6.720000152,3.547669646,0.216015437,1.200000000,-0.230357969
1784881207.403910160,6.730000152,3.553846008,0.213899206,1.200000000,-0.232410013
1784881207.413910151,6.740000152,3.560016315,0.211768648,1.200000000,-0.234463489
1784881207.423910141,6.750000152,3.566180522,0.209623787,1.200000000,-0.236518296
1784881207.433910131,6.760000152,3.572338589,0.207464650,1.200000000,-0.238574332
1784881207.443910122,6.770000152,3.578490474,0.205291263,1.200000000,-0.240631495
1784881207.453910112,6.780000152,3.584636137,0.203103653,1.200000000,-0.242689683
1784881207.463910103,6.790000152,3.590775538,0.200901848,1.200000000,-0.244748795
1784881207.473910093,6.800000152,3.596908640,0.198685877,1.200000000,-0.246808727
1784881207.483910084,6.810000152,3.603035404,0.196455767,1.200000000,-0.248869379
1784881207.493910074,6.820000152,3.609155793,0.194211548,1.200000000,-0.250930649
1784881207.503910065,6.830000152,3.615269772,0.191953249,1.200000000,-0.252992435
1784881207.513910055,6.840000152,3.621377305,0.189680901,1.200000000,-0.255054634
1784881207.523910046,6.850000152,3.627478359,0.187394534,1.200000000,-0.257117145
1784881207.533910036,6.860000152,3.633572901,0.185094180,1.200000000,-0.259179866
1784881207.543910027,6.870000152,3.639660898,0.182779870,1.200000000,-0.261242695
1784881207.553910017,6.880000152,3.645742319,0.180451637,1.200000000,-0.263305530
1784881207.563910007,6.890000152,3.651817134,0.178109513,1.200000000,-0.265368269
1784881207.573909998,6.900000152,3.657885315,0.175753531,1.200000000,-0.267430811
1784881207.583909988,6.910000152,3.663946832,0.173383725,1.200000000,-0.269493054
1784881207.593909979,6.920000152,3.670001658,0.171000129,1.200000000,-0.271554895
1784881207.603909969,6.930000152,3.676049769,0.168602779,1.200000000,-0.273616232
1784881207.613909960,6.940000152,3.682091138,0.166191709,1.200000000,-0.275676965
1784881207.623909950,6.950000152,3.688125741,0.163766955,1.200000000,-0.277736990
1784881207.633909941,6.960000152,3.694153557,0.161328553,1.200000000,-0.279796206
1784881207.643910170,6.970000152,3.700174563,0.158876540,1.200000000,-0.281854512
1784881207.653910160,6.980000152,3.706188739,0.156410954,1.200000000,-0.283911806
1784881207.663910151,6.990000152,3.712196064,0.153931832,1.200000000,-0.285968021
1784881207.673910141,7.000000152,3.718196521,0.151439213,1.200000000,-0.288023120
1784881207.683910131,7.010000152,3.724190093,0.148933135,1.200000000,-0.290077069
1784881207.693910122,7.020000152,3.730176763,0.146413637,1.200000000,-0.292129833
1784881207.703910112,7.030000152,3.736156516,0.143880760,1.200000000,-0.294181377
1784881207.713910103,7.040000152,3.742129338,0.141334543,1.200000000,-0.296231666
1784881207.723910093,7.050000152,3.748095217,0.138775028,1.200000000,-0.298280666
1784881207.733910084,7.060000152,3.754054141,0.136202255,1.200000000,-0.300328341
1784881207.743910074,7.070000152,3.760006100,0.133616268,1.200000000,-0.302374656
1784881207.753910065,7.080000152,3.765951084,0.131017106,1.200000000,-0.304419578
1784881207.763910055,7.090000152,3.771889086,0.128404815,1.200000000,-0.306463071
1784881207.773910046,7.100000152,3.777820099,0.125779436,1.200000000,-0.308505100
1784881207.783910036,7.110000152,3.783744116,0.123141014,1.200000000,-0.310545630
1784881207.793910027,7.120000152,3.789661135,0.120489593,1.200000000,-0.312584627
1784881207.803910017,7.130000152,3.795571150,0.117825218,1.200000000,-0.314622056
1784881207.813910007,7.140000152,3.801474161,0.115147934,1.200000000,-0.316657882
1784881207.823909998,7.150000152,3.807370167,0.112457787,1.200000000,-0.318692070
1784881207.833909988,7.160000152,3.813259167,0.109754823,1.200000000,-0.320724585
1784881207.843909979,7.170000152,3.819141164,0.107039089,1.200000000,-0.322755393
1784881207.853909969,7.180000152,3.825016160,0.104310631,1.200000000,-0.324784458
1784881207.863909960,7.190000152,3.830884159,0.101569499,1.200000000,-0.326811746
1784881207.873909950,7.200000152,3.836745166,0.098815740,1.200000000,-0.328837223
1784881207.883909941,7.210000152,3.842599187,0.096049403,1.200000000,-0.330860852
1784881207.893910170,7.220000152,3.848446230,0.093270537,1.200000000,-0.332882600
1784881207.903910160,7.230000152,3.854286304,0.090479191,1.200000000,-0.334902432
1784881207.913910151,7.240000152,3.860119419,0.087675417,1.200000000,-0.336920312
1784881207.923910141,7.250000152,3.865945586,0.084859265,1.200000000,-0.338936207
1784881207.933910131,7.260000152,3.871764817,0.082030785,1.200000000,-0.340950080
1784881207.943910122,7.270000152,3.877577125,0.079190030,1.200000000,-0.342961898
1784881207.953910112,7.280000152,3.883382526,0.076337052,1.200000000,-0.344971625
1784881207.963910103,7.290000152,3.889181035,0.073471904,1.200000000,-0.346979226
1784881207.973910093,7.300000152,3.894972669,0.070594638,1.200000000,-0.348984668
1784881207.983910084,7.310000152,3.900757446,0.067705308,1.200000000,-0.350987915
1784881207.993910074,7.320000152,3.906535387,0.064803969,1.200000000,-0.352988931
1784881208.003910065,7.330000152,3.912306511,0.061890675,1.200000000,-0.354987683
1784881208.013910055,7.340000152,3.918070840,0.058965481,1.200000000,-0.356984136
1784881208.023910046,7.350000152,3.923828396,0.056028443,1.200000000,-0.358978254
1784881208.033910036,7.360000152,3.929579205,0.053079616,1.200000000,-0.360970004
1784881208.043910027,7.370000152,3.935323291,0.050119058,1.200000000,-0.362959349
1784881208.053910017,7.380000152,3.941060681,0.047146825,1.200000000,-0.364946256
1784881208.063910007,7.390000152,3.946791401,0.044162975,1.200000000,-0.366930689
1784881208.073909998,7.400000152,3.952515481,0.041167566,1.200000000,-0.368912613
1784881208.083909988,7.410000152,3.958232949,0.038160656,1.200000000,-0.370891994
1784881208.093909979,7.420000152,3.963943837,0.035142305,1.200000000,-0.372868798
1784881208.103909969,7.430000152,3.969648177,0.032112571,1.200000000,-0.374842988
1784881208.113909960,7.440000152,3.975346001,0.029071515,1.200000000,-0.376814531
1784881208.123909950,7.450000152,3.981037344,0.026019198,1.200000000,-0.378783391
1784881208.133909941,7.460000152,3.986722240,0.022955679,1.200000000,-0.380749534
1784881208.143910170,7.470000152,3.992400726,0.019881020,1.200000000,-0.382712925
1784881208.153910160,7.480000152,3.998072839,0.016795284,1.200000000,-0.384673529
1784881208.163910151,7.490000152,4.003738616,0.013698532,1.200000000,-0.386631311
1784881208.173910141,7.500000152,4.009398098,0.010590828,1.200000000,-0.388586236
1784881208.183910131,7.510000152,4.015051324,0.007472234,1.200000000,-0.390538270
1784881208.193910122,7.520000152,4.020698336,0.004342814,1.200000000,-0.392487378
1784881208.203910112,7.530000152,4.026339175,0.001202633,1.200000000,-0.394433524
1784881208.213910103,7.540000152,4.031973886,-0.001948245,1.200000000,-0.396376675
1784881208.223910093,7.550000152,4.037602512,-0.005109755,1.200000000,-0.398316795
1784881208.233910084,7.560000152,4.043225099,-0.008281831,1.200000000,-0.400253849
1784881208.243910074,7.570000152,4.048841692,-0.011464407,1.200000000,-0.402187803
1784881208.253910065,7.580000152,4.054452338,-0.014657416,1.200000000,-0.404118622
1784881208.263910055,7.590000152,4.060057086,-0.017860791,1.200000000,-0.406046271
1784881208.273910046,7.600000152,4.065655985,-0.021074466,1.200000000,-0.407970715
1784881208.283910036,7.610000152,4.071249083,-0.024298371,1.200000000,-0.409891919
1784881208.293910027,7.620000152,4.076836433,-0.027532439,1.200000000,-0.411809849
1784881208.303910017,7.630000152,4.082418084,-0.030776600,1.200000000,-0.413724469
1784881208.313910007,7.640000152,4.087994090,-0.034030785,1.200000000,-0.415635746
1784881208.323909998,7.650000152,4.093564504,-0.037294925,1.200000000,-0.417543643
1784881208.333909988,7.660000152,4.099129380,-0.040568949,1.200000000,-0.419448127
1784881208.343909979,7.670000152,4.104688772,-0.043852786,1.200000000,-0.421349162
1784881208.353909969,7.680000152,4.110242736,-0.047146365,1.200000000,-0.423246714
1784881208.363909960,7.690000152,4.115791329,-0.050449614,1.200000000,-0.425140747
1784881208.373909950,7.700000152,4.121334608,-0.053762462,1.200000000,-0.427031227
1784881208.383909941,7.710000152,4.126872630,-0.057084835,1.200000000,-0.428918120
1784881208.393910170,7.720000152,4.132405455,-0.060416661,1.200000000,-0.430801389
1784881208.403910160,7.730000152,4.137933142,-0.063757866,1.200000000,-0.432681002
1784881208.413910151,7.740000152,4.143455750,-0.067108375,1.200000000,-0.434556922
1784881208.423910141,7.750000152,4.148973341,-0.070468116,1.200000000,-0.436429114
1784881208.433910131,7.760000152,4.154485976,-0.073837012,1.200000000,-0.438297545
1784881208.443910122,7.770000152,4.159993717,-0.077214988,1.200000000,-0.440162179
1784881208.453910112,7.780000152,4.165496626,-0.080601969,1.200000000,-0.442022981
1784881208.463910103,7.790000152,4.170994768,-0.083997878,1.200000000,-0.443879917
1784881208.473910093,7.800000152,4.176488206,-0.087402639,1.200000000,-0.445732951
1784881208.483910084,7.810000152,4.181977005,-0.090816174,1.200000000,-0.447582050
1784881208.493910074,7.820000152,4.187461229,-0.094238406,1.200000000,-0.449427177
1784881208.503910065,7.830000152,4.192940945,-0.097669257,1.200000000,-0.451268299
1784881208.513910055,7.840000152,4.198416219,-0.101108649,1.200000000,-0.453105380
1784881208.523910046,7.850000152,4.203887117,-0.104556501,1.200000000,-0.454938386
1784881208.533910036,7.860000152,4.209353706,-0.108012735,1.200000000,-0.456767281
1784881208.543910027,7.870000152,4.214816055,-0.111477272,1.200000000,-0.458592032
1784881208.553910017,7.880000152,4.220274232,-0.114950030,1.200000000,-0.460412603
1784881208.563910007,7.890000152,4.225728305,-0.118430930,1.200000000,-0.462228958
1784881208.573909998,7.900000152,4.231178343,-0.121919889,1.200000000,-0.464041065
1784881208.583909988,7.910000152,4.236624416,-0.125416827,1.200000000,-0.465848887
1784881208.593909979,7.920000152,4.242066594,-0.128921661,1.200000000,-0.467652390
1784881208.603909969,7.930000152,4.247504947,-0.132434309,1.200000000,-0.469451539
1784881208.613909960,7.940000152,4.252939545,-0.135954688,1.200000000,-0.471246299
1784881208.623909950,7.950000152,4.258370460,-0.139482714,1.200000000,-0.473036636
1784881208.633909941,7.960000152,4.263797763,-0.143018304,1.200000000,-0.474822514
1784881208.643910170,7.970000152,4.269221525,-0.146561373,1.200000000,-0.476603899
1784881208.653910160,7.980000152,4.274641819,-0.150111838,1.200000000,-0.478380756
1784881208.663910151,7.990000152,4.280058717,-0.153669612,1.200000000,-0.480153050
1784881208.673910141,8.000000152,4.285472290,-0.157234611,1.200000000,-0.481920746
1784881208.683910131,8.010000152,4.290882612,-0.160806747,1.200000000,-0.483683810
1784881208.693910122,8.020000152,4.296289756,-0.164385936,1.200000000,-0.485442206
1784881208.703910112,8.030000152,4.301693794,-0.167972090,1.200000000,-0.487195900
1784881208.713910103,8.040000152,4.307094800,-0.171565122,1.200000000,-0.488944857
1784881208.723910093,8.050000152,4.312492847,-0.175164944,1.200000000,-0.490689043
1784881208.733910084,8.060000152,4.317888009,-0.178771469,1.200000000,-0.492428421
1784881208.743910074,8.070000152,4.323280360,-0.182384607,1.200000000,-0.494162958
1784881208.753910065,8.080000152,4.328669972,-0.186004270,1.200000000,-0.495892619
1784881208.763910055,8.090000152,4.334056921,-0.189630369,1.200000000,-0.497617369
1784881208.773910046,8.100000152,4.339441279,-0.193262813,1.200000000,-0.499337173
1784881208.783910036,8.110000152,4.344823122,-0.196901513,1.200000000,-0.501051996
1784881208.793910027,8.120000152,4.350202522,-0.200546378,1.200000000,-0.502761803
1784881208.803910017,8.130000152,4.355579554,-0.204197317,1.200000000,-0.504466560
1784881208.813910007,8.140000152,4.360954293,-0.207854239,1.200000000,-0.506166232
1784881208.823909998,8.150000152,4.366326810,-0.211517052,1.200000000,-0.507860784
1784881208.833909988,8.160000152,4.371697182,-0.215185663,1.200000000,-0.509550180
1784881208.843909979,8.170000152,4.377065481,-0.218859981,1.200000000,-0.511234387
1784881208.853909969,8.180000152,4.382431782,-0.222539911,1.200000000,-0.512913370
1784881208.863909960,8.190000152,4.387796157,-0.226225361,1.200000000,-0.514587093
1784881208.873909950,8.200000152,4.393158681,-0.229916237,1.200000000,-0.516255522
1784881208.883909941,8.210000152,4.398519427,-0.233612445,1.200000000,-0.517918623
1784881208.893910170,8.220000152,4.403878468,-0.237313889,1.200000000,-0.519576359
1784881208.903910160,8.230000152,4.409235877,-0.241020475,1.200000000,-0.521228697
1784881208.913910151,8.240000152,4.414591727,-0.244732108,1.200000000,-0.522875601
1784881208.923910141,8.250000152,4.419946091,-0.248448692,1.200000000,-0.524517037
1784881208.933910131,8.260000152,4.425299041,-0.252170130,1.200000000,-0.526152970
1784881208.943910122,8.270000152,4.430650649,-0.255896326,1.200000000,-0.527783365
1784881208.953910112,8.280000152,4.436000988,-0.259627182,1.200000000,-0.529408187
1784881208.963910103,8.290000152,4.441350128,-0.263362603,1.200000000,-0.531027401
1784881208.973910093,8.300000152,4.446698142,-0.267102489,1.200000000,-0.532640974
1784881208.983910084,8.310000152,4.452045099,-0.270846743,1.200000000,-0.534248869
1784881208.993910074,8.320000152,4.457391072,-0.274595266,1.200000000,-0.535851052
1784881209.003910065,8.330000152,4.462736129,-0.278347959,1.200000000,-0.537447488
1784881209.013910055,8.340000152,4.468080342,-0.282104723,1.200000000,-0.539038142
1784881209.023910046,8.350000152,4.473423779,-0.285865459,1.200000000,-0.540622980
1784881209.033910036,8.360000152,4.478766510,-0.289630066,1.200000000,-0.542201967
1784881209.043910027,8.370000152,4.484108604,-0.293398443,1.200000000,-0.543775067
1784881209.053910017,8.380000152,4.489450128,-0.297170491,1.200000000,-0.545342247
1784881209.063910007,8.390000152,4.494791151,-0.300946108,1.200000000,-0.546903471
1784881209.073909998,8.400000152,4.500131739,-0.304725192,1.200000000,-0.548458704
1784881209.083909988,8.410000152,4.505471961,-0.308507642,1.200000000,-0.550007912
1784881209.093909979,8.420000152,4.510811881,-0.312293355,1.200000000,-0.551551059
1784881209.103909969,8.430000152,4.516151566,-0.316082229,1.200000000,-0.553088112
1784881209.113909960,8.440000152,4.521491081,-0.319874161,1.200000000,-0.554619034
1784881209.123909950,8.450000152,4.526830492,-0.323669048,1.200000000,-0.556143792
1784881209.133909941,8.460000152,4.532169861,-0.327466785,1.200000000,-0.557662350
1784881209.143910170,8.470000152,4.537509253,-0.331267269,1.200000000,-0.559174674
1784881209.153910160,8.480000152,4.542848730,-0.335070396,1.200000000,-0.560680729
1784881209.163910151,8.490000152,4.548188356,-0.338876060,1.200000000,-0.562180480
1784881209.173910141,8.500000152,4.553528191,-0.342684158,1.200000000,-0.563673891
1784881209.183910131,8.510000152,4.558868296,-0.346494582,1.200000000,-0.565160930
1784881209.193910122,8.520000152,4.564208733,-0.350307228,1.200000000,-0.566641560
1784881209.203910112,8.530000152,4.569549561,-0.354121990,1.200000000,-0.568115746
1784881209.213910103,8.540000152,4.574890838,-0.357938761,1.200000000,-0.569583454
1784881209.223910093,8.550000152,4.580232624,-0.361757434,1.200000000,-0.571044650
1784881209.233910084,8.560000152,4.585574975,-0.365577902,1.200000000,-0.572499297
1784881209.243910074,8.570000152,4.590917949,-0.369400058,1.200000000,-0.573947363
1784881209.253910065,8.580000152,4.596261602,-0.373223794,1.200000000,-0.575388810
1784881209.263910055,8.590000152,4.601605989,-0.377049003,1.200000000,-0.576823606
1784881209.273910046,8.600000152,4.606951165,-0.380875575,1.200000000,-0.578251714
1784881209.283910036,8.610000152,4.612297184,-0.384703401,1.200000000,-0.579673101
1784881209.293910027,8.620000152,4.617644098,-0.388532374,1.200000000,-0.581087730
1784881209.303910017,8.630000152,4.622991960,-0.392362383,1.200000000,-0.582495569
1784881209.313910007,8.640000152,4.628340822,-0.396193320,1.200000000,-0.583896581
1784881209.323909998,8.650000152,4.633690733,-0.400025073,1.200000000,-0.585290732
1784881209.333909988,8.660000152,4.639041744,-0.403857533,1.200000000,-0.586677986
1784881209.343909979,8.670000152,4.644393903,-0.407690589,1.200000000,-0.588058310
1784881209.353909969,8.680000152,4.649747259,-0.411524130,1.200000000,-0.589431669
1784881209.363909960,8.690000152,4.655101858,-0.415358045,1.200000000,-0.590798027
1784881209.373909950,8.700000152,4.660457747,-0.419192223,1.200000000,-0.592157350
1784881209.383909941,8.710000152,4.665814971,-0.423026551,1.200000000,-0.593509602
1784881209.393910170,8.720000152,4.671173575,-0.426860919,1.200000000,-0.594854750
1784881209.403910160,8.730000152,4.676533602,-0.430695212,1.200000000,-0.596192758
1784881209.413910151,8.740000152,4.681895094,-0.434529320,1.200000000,-0.597523591
1784881209.423910141,8.750000152,4.687258094,-0.438363128,1.200000000,-0.598847215
1784881209.433910131,8.760000152,4.692622641,-0.442196524,1.200000000,-0.600163595
1784881209.443910122,8.770000152,4.697988776,-0.446029394,1.200000000,-0.601472696
1784881209.453910112,8.780000152,4.703356538,-0.449861624,1.200000000,-0.602774483
1784881209.463910103,8.790000152,4.708725964,-0.453693100,1.200000000,-0.604068921
1784881209.473910093,8.800000152,4.714097091,-0.457523709,1.200000000,-0.605355976
1784881209.483910084,8.810000152,4.719469956,-0.461353335,1.200000000,-0.606635613
1784881209.493910074,8.820000152,4.724844592,-0.465181864,1.200000000,-0.607907796
1784881209.503910065,8.830000152,4.730221034,-0.469009181,1.200000000,-0.609172491
1784881209.513910055,8.840000152,4.735599314,-0.472835169,1.200000000,-0.610429664
1784881209.523910046,8.850000152,4.740979465,-0.476659715,1.200000000,-0.611679279
1784881209.533910036,8.860000152,4.746361517,-0.480482701,1.200000000,-0.612921302
1784881209.543910027,8.870000152,4.751745501,-0.484304012,1.200000000,-0.614155697
1784881209.553910017,8.880000152,4.757131444,-0.488123531,1.200000000,-0.615382430
1784881209.563910007,8.890000152,4.762519375,-0.491941142,1.200000000,-0.616601467
1784881209.573909998,8.900000152,4.767909321,-0.495756728,1.200000000,-0.617812771
1784881209.583909988,8.910000152,4.773301306,-0.499570172,1.200000000,-0.619016310
1784881209.593909979,8.920000152,4.778695357,-0.503381356,1.200000000,-0.620212046
1784881209.603909969,8.930000152,4.784091496,-0.507190164,1.200000000,-0.621399947
1784881209.613909960,8.940000152,4.789489746,-0.510996477,1.200000000,-0.622579977
1784881209.623909950,8.950000152,4.794890129,-0.514800178,1.200000000,-0.623752100
1784881209.633909941,8.960000152,4.800292664,-0.518601147,1.200000000,-0.624916284
1784881209.643910170,8.970000152,4.805697372,-0.522399268,1.200000000,-0.626072491
1784881209.653910160,8.980000152,4.811104271,-0.526194421,1.200000000,-0.627220689
1784881209.663910151,8.990000152,4.816513379,-0.529986488,1.200000000,-0.628360841
1784881209.673910141,9.000000152,4.821924710,-0.533775348,1.200000000,-0.629492913
1784881209.683910131,9.010000152,4.827338282,-0.537560885,1.200000000,-0.630616871
1784881209.693910122,9.020000152,4.832754107,-0.541342977,1.200000000,-0.631732679
1784881209.703910112,9.030000152,4.838172199,-0.545121505,1.200000000,-0.632840303
1784881209.713910103,9.040000152,4.843592570,-0.548896349,1.200000000,-0.633939707
1784881209.723910093,9.050000152,4.849015232,-0.552667391,1.200000000,-0.635030858
1784881209.733910084,9.060000152,4.854440193,-0.556434508,1.200000000,-0.636113719
1784881209.743910074,9.070000152,4.859867464,-0.560197581,1.200000000,-0.637188257
1784881209.753910065,9.080000152,4.865297051,-0.563956490,1.200000000,-0.638254436
1784881209.763910055,9.090000152,4.870728962,-0.567711114,1.200000000,-0.639312222
1784881209.773910046,9.100000152,4.876163203,-0.571461331,1.200000000,-0.640361580
1784881209.783910036,9.110000152,4.881599779,-0.575207022,1.200000000,-0.641402475
1784881209.793910027,9.120000152,4.887038692,-0.578948064,1.200000000,-0.642434872
1784881209.803910017,9.130000152,4.892479947,-0.582684337,1.200000000,-0.643458737
1784881209.813910007,9.140000152,4.897923545,-0.586415718,1.200000000,-0.644474034
1784881209.823909998,9.150000152,4.903369486,-0.590142087,1.200000000,-0.645480728
1784881209.833909988,9.160000152,4.908817771,-0.593863321,1.200000000,-0.646478784
1784881209.843909979,9.170000152,4.914268398,-0.597579299,1.200000000,-0.647468070
1784881209.853909969,9.180000152,4.919721365,-0.601289899,1.200000000,-0.648448318
1784881209.863909960,9.190000152,4.925176668,-0.604994998,1.200000000,-0.649419246
1784881209.873909950,9.200000152,4.930634305,-0.608694474,1.200000000,-0.650380577
1784881209.883909941,9.210000152,4.936094269,-0.612388204,1.200000000,-0.651332029
1784881209.893910170,9.220000152,4.941556555,-0.616076067,1.200000000,-0.652273323
1784881209.903910160,9.230000152,4.947021156,-0.619757939,1.200000000,-0.653204179
1784881209.913910151,9.240000152,4.952488064,-0.623433698,1.200000000,-0.654124317
1784881209.923910141,9.250000152,4.957957269,-0.627103221,1.200000000,-0.655033457
1784881209.933910131,9.260000152,4.963428764,-0.630766385,1.200000000,-0.655931320
1784881209.943910122,9.270000152,4.968902536,-0.634423067,1.200000000,-0.656817625
1784881209.953910112,9.280000152,4.974378574,-0.638073143,1.200000000,-0.657692094
1784881209.963910103,9.290000152,4.979856867,-0.641716490,1.200000000,-0.658554445
1784881209.973910093,9.300000152,4.985337401,-0.645352986,1.200000000,-0.659404399
1784881209.983910084,9.310000152,4.990820162,-0.648982506,1.200000000,-0.660241676
1784881209.993910074,9.320000152,4.996305136,-0.652604927,1.200000000,-0.661065997
1784881210.003910065,9.330000152,5.001792306,-0.656220126,1.200000000,-0.661877081
1784881210.013910055,9.340000152,5.007281656,-0.659827979,1.200000000,-0.662674648
1784881210.023910046,9.350000152,5.012773170,-0.663428363,1.200000000,-0.663458420
1784881210.033910036,9.360000152,5.018266829,-0.667021153,1.200000000,-0.664228115
1784881210.043910027,9.370000152,5.023762614,-0.670606225,1.200000000,-0.664983455
1784881210.053910017,9.380000152,5.029260507,-0.674183457,1.200000000,-0.665724158
1784881210.063910007,9.390000152,5.034760487,-0.677752724,1.200000000,-0.666449946
1784881210.073909998,9.400000152,5.040262534,-0.681313902,1.200000000,-0.667160539
1784881210.083909988,9.410000152,5.045766625,-0.684866867,1.200000000,-0.667855656
1784881210.093909979,9.420000152,5.051272739,-0.688411495,1.200000000,-0.668535018
1784881210.103909969,9.430000152,5.056780854,-0.691947663,1.200000000,-0.669198345
1784881210.113909960,9.440000152,5.062290945,-0.695475247,1.200000000,-0.669845357
1784881210.123909950,9.450000152,5.067802988,-0.698994121,1.200000000,-0.670475774
1784881210.133909941,9.460000152,5.073316960,-0.702504163,1.200000000,-0.671089316
1784881210.143910170,9.470000152,5.078832835,-0.706005248,1.200000000,-0.671685705
1784881210.153910160,9.480000152,5.084350587,-0.709497252,1.200000000,-0.672264658
1784881210.163910151,9.490000152,5.089870191,-0.712980052,1.200000000,-0.672825898
1784881210.173910141,9.500000152,5.095391618,-0.716453523,1.200000000,-0.673369143
1784881210.183910131,9.510000152,5.100914843,-0.719917541,1.200000000,-0.673894115
1784881210.193910122,9.520000152,5.106439837,-0.723371983,1.200000000,-0.674400533
1784881210.203910112,9.530000152,5.111966573,-0.726816724,1.200000000,-0.674888117
1784881210.213910103,9.540000152,5.117495021,-0.730251640,1.200000000,-0.675356588
1784881210.223910093,9.550000152,5.123025153,-0.733676609,1.200000000,-0.675805665
1784881210.233910084,9.560000152,5.128556940,-0.737091505,1.200000000,-0.676235070
1784881210.243910074,9.570000152,5.134090351,-0.740496206,1.200000000,-0.676644521
1784881210.253910065,9.580000152,5.139625357,-0.743890587,1.200000000,-0.677033739
1784881210.263910055,9.590000152,5.145161926,-0.747274526,1.200000000,-0.677402445
1784881210.273910046,9.600000152,5.150700030,-0.750647897,1.200000000,-0.677750358
1784881210.283910036,9.610000152,5.156239636,-0.754010579,1.200000000,-0.678077199
1784881210.293910027,9.620000152,5.161780713,-0.757362448,1.200000000,-0.678382687
1784881210.303910017,9.630000152,5.167323229,-0.760703379,1.200000000,-0.678666543
1784881210.313910007,9.640000152,5.172867154,-0.764033251,1.200000000,-0.678928487
1784881210.323909998,9.650000152,5.178412455,-0.767351940,1.200000000,-0.679168240
1784881210.333909988,9.660000152,5.183959100,-0.770659322,1.200000000,-0.679385521
1784881210.343909979,9.670000152,5.189507056,-0.773955276,1.200000000,-0.679580050
1784881210.353909969,9.680000152,5.195056292,-0.777239678,1.200000000,-0.679751547
1784881210.363909960,9.690000152,5.200606774,-0.780512406,1.200000000,-0.679899734
1784881210.373909950,9.700000152,5.206158471,-0.783773337,1.200000000,-0.680024329
1784881210.383909941,9.710000152,5.211711349,-0.787022349,1.200000000,-0.680125053
1784881210.393910170,9.720000152,5.217265376,-0.790259320,1.200000000,-0.680201627
1784881210.403910160,9.730000152,5.222820519,-0.793484127,1.200000000,-0.680253770
1784881210.413910151,9.740000152,5.228376746,-0.796696648,1.200000000,-0.680281202
1784881210.423910141,9.750000152,5.233934023,-0.799896762,1.200000000,-0.680283644
1784881210.433910131,9.760000152,5.239492318,-0.803084347,1.200000000,-0.680260815
1784881210.443910122,9.770000152,5.245051599,-0.806259282,1.200000000,-0.680212437
1784881210.453910112,9.780000152,5.250611832,-0.809421445,1.200000000,-0.680138229
1784881210.463910103,9.790000152,5.256172986,-0.812570715,1.200000000,-0.680037910
1784881210.473910093,9.800000152,5.261735029,-0.815706971,1.200000000,-0.679911202
1784881210.483910084,9.810000152,5.267297927,-0.818830094,1.200000000,-0.679757825
1784881210.493910074,9.820000152,5.272861650,-0.821939961,1.200000000,-0.679577498
1784881210.503910065,9.830000152,5.278426165,-0.825036453,1.200000000,-0.679369942
1784881210.513910055,9.840000152,5.283991440,-0.828119450,1.200000000,-0.679134877
1784881210.523910046,9.850000152,5.289557446,-0.831188832,1.200000000,-0.678872023
1784881210.533910036,9.860000152,5.295124150,-0.834244480,1.200000000,-0.678581100
1784881210.543910027,9.870000152,5.300691522,-0.837286273,1.200000000,-0.678261829
1784881210.553910017,9.880000152,5.306259531,-0.840314093,1.200000000,-0.677913929
1784881210.563910007,9.890000152,5.311828147,-0.843327820,1.200000000,-0.677537121
1784881210.573909998,9.900000152,5.317397341,-0.846327338,1.200000000,-0.677131124
1784881210.583909988,9.910000152,5.322967083,-0.849312525,1.200000000,-0.676695660
1784881210.593909979,9.920000152,5.328537343,-0.852283266,1.200000000,-0.676230447
1784881210.603909969,9.930000152,5.334108095,-0.855239442,1.200000000,-0.675735207
1784881210.613909960,9.940000152,5.339679308,-0.858180935,1.200000000,-0.675209659
1784881210.623909950,9.950000152,5.345250956,-0.861107628,1.200000000,-0.674653524
1784881210.633909941,9.960000152,5.350823011,-0.864019405,1.200000000,-0.674066521
1784881210.643910170,9.970000152,5.356395446,-0.866916148,1.200000000,-0.673448372
1784881210.653910160,9.980000152,5.361968235,-0.869797741,1.200000000,-0.672798795
1784881210.663910151,9.990000152,5.367541353,-0.872664069,1.200000000,-0.672117511
1784881210.673910141,10.000000152,5.373114774,-0.875515015,1.200000000,-0.671404241
1784881210.683910131,10.010000152,5.378688473,-0.878350465,1.200000000,-0.670658704
1784881210.693910122,10.020000152,5.384262427,-0.881170303,1.200000000,-0.669880620
1784881210.703910112,10.030000152,5.389836611,-0.883974414,1.200000000,-0.669069710
1784881210.713910103,10.040000152,5.395411004,-0.886762684,1.200000000,-0.668225694
1784881210.723910093,10.050000152,5.400985582,-0.889535000,1.200000000,-0.667348292
1784881210.733910084,10.060000152,5.406560325,-0.892291248,1.200000000,-0.666437225
1784881210.743910074,10.070000152,5.412135211,-0.895031314,1.200000000,-0.665492211
1784881210.753910065,10.080000152,5.417710220,-0.897755087,1.200000000,-0.664512972
1784881210.763910055,10.090000152,5.423285333,-0.900462452,1.200000000,-0.663499227
1784881210.773910046,10.100000152,5.428860531,-0.903153299,1.200000000,-0.662450698
1784881210.783910036,10.110000152,5.434435796,-0.905827516,1.200000000,-0.661367103
1784881210.793910027,10.120000152,5.440011110,-0.908484992,1.200000000,-0.660248163
1784881210.803910017,10.130000152,5.445586458,-0.911125615,1.200000000,-0.659093598
1784881210.813910007,10.140000152,5.451161823,-0.913749277,1.200000000,-0.657903128
1784881210.823909998,10.150000152,5.456737190,-0.916355866,1.200000000,-0.656676474
1784881210.833909988,10.160000152,5.462312546,-0.918945273,1.200000000,-0.655413356
1784881210.843909979,10.170000152,5.467887877,-0.921517390,1.200000000,-0.654113493
1784881210.853909969,10.180000152,5.473463170,-0.924072107,1.200000000,-0.652776606
1784881210.863909960,10.190000152,5.479038415,-0.926609318,1.200000000,-0.651402416
1784881210.873909950,10.200000152,5.484613599,-0.929128914,1.200000000,-0.649990641
1784881210.883909941,10.210000152,5.490188715,-0.931630788,1.200000000,-0.648541003
1784881210.893910170,10.220000152,5.495763752,-0.934114834,1.200000000,-0.647053221
1784881210.903910160,10.230000152,5.501338702,-0.936580946,1.200000000,-0.645527016
1784881210.913910151,10.240000152,5.506913558,-0.939029018,1.200000000,-0.643962107
1784881210.923910141,10.250000152,5.512488315,-0.941458945,1.200000000,-0.642358216
1784881210.933910131,10.260000152,5.518062967,-0.943870623,1.200000000,-0.640715062
1784881210.943910122,10.270000152,5.523637509,-0.946263948,1.200000000,-0.639032364
1784881210.953910112,10.280000152,5.529211938,-0.948638816,1.200000000,-0.637309844
1784881210.963910103,10.290000152,5.534786252,-0.950995124,1.200000000,-0.635547222
1784881210.973910093,10.300000152,5.540360449,-0.953332771,1.200000000,-0.633744217
1784881210.983910084,10.310000152,5.545934529,-0.955651655,1.200000000,-0.631900550
1784881210.993910074,10.320000152,5.551508493,-0.957951674,1.200000000,-0.630015941
1784881211.003910065,10.330000152,5.557082341,-0.960232729,1.200000000,-0.628090110
1784881211.013910055,10.340000152,5.562656077,-0.962494718,1.200000000,-0.626122778
1784881211.023910046,10.350000152,5.568229704,-0.964737543,1.200000000,-0.624113663
1784881211.033910036,10.360000152,5.573803226,-0.966961106,1.200000000,-0.622062487
1784881211.043910027,10.370000152,5.579376649,-0.969165307,1.200000000,-0.619968970
1784881211.053910017,10.380000152,5.584949979,-0.971350050,1.200000000,-0.617832832
1784881211.063910007,10.390000152,5.590523225,-0.973515238,1.200000000,-0.615653792
1784881211.073909998,10.400000152,5.596096395,-0.975660775,1.200000000,-0.613431572
1784881211.083909988,10.410000152,5.601669498,-0.977786565,1.200000000,-0.611165891
1784881211.093909979,10.420000152,5.607242545,-0.979892514,1.200000000,-0.608856469
1784881211.103909969,10.430000152,5.612815548,-0.981978527,1.200000000,-0.606503027
1784881211.113909960,10.440000152,5.618388519,-0.984044511,1.200000000,-0.604105285
1784881211.123909950,10.450000152,5.623961473,-0.986090374,1.200000000,-0.601662962
1784881211.133909941,10.460000152,5.629534424,-0.988116022,1.200000000,-0.599175780
1784881211.143910170,10.470000152,5.635107388,-0.990121366,1.200000000,-0.596643457
1784881211.153910160,10.480000152,5.640680382,-0.992106314,1.200000000,-0.594065715
1784881211.163910151,10.490000152,5.646253423,-0.994070777,1.200000000,-0.591442273
1784881211.173910141,10.500000152,5.651826531,-0.996014666,1.200000000,-0.588772852
1784881211.183910131,10.510000152,5.657399726,-0.997937892,1.200000000,-0.586057247
1784881211.193910122,10.520000152,5.662973028,-0.999840367,1.200000000,-0.583295739
1784881211.203910112,10.530000152,5.668546460,-1.001722006,1.200000000,-0.580488793
1784881211.213910103,10.540000152,5.674120044,-1.003582721,1.200000000,-0.577636877
1784881211.223910093,10.550000152,5.679693804,-1.005422428,1.200000000,-0.574740456
1784881211.233910084,10.560000152,5.685267766,-1.007241043,1.200000000,-0.571799999
1784881211.243910074,10.570000152,5.690841955,-1.009038482,1.200000000,-0.568815972
1784881211.253910065,10.580000152,5.696416398,-1.010814661,1.200000000,-0.565788842
1784881211.263910055,10.590000152,5.701991123,-1.012569500,1.200000000,-0.562719077
1784881211.273910046,10.600000152,5.707566159,-1.014302917,1.200000000,-0.559607142
1784881211.283910036,10.610000152,5.713141536,-1.016014832,1.200000000,-0.556453506
1784881211.293910027,10.620000152,5.718717283,-1.017705165,1.200000000,-0.553258634
1784881211.303910017,10.630000152,5.724293434,-1.019373839,1.200000000,-0.550022995
1784881211.313910007,10.640000152,5.729870020,-1.021020775,1.200000000,-0.546747054
1784881211.323909998,10.650000152,5.735447074,-1.022645897,1.200000000,-0.543431279
1784881211.333909988,10.660000152,5.741024632,-1.024249129,1.200000000,-0.540076137
1784881211.343909979,10.670000152,5.746602728,-1.025830396,1.200000000,-0.536682094
1784881211.353909969,10.680000152,5.752181398,-1.027389625,1.200000000,-0.533249619
1784881211.363909960,10.690000152,5.757760679,-1.028926742,1.200000000,-0.529779177
1784881211.373909950,10.700000152,5.763340609,-1.030441675,1.200000000,-0.526271235
1784881211.383909941,10.710000152,5.768921227,-1.031934353,1.200000000,-0.522726261
1784881211.393910170,10.720000152,5.774502570,-1.033404706,1.200000000,-0.519144722
1784881211.403910160,10.730000152,5.780084681,-1.034852665,1.200000000,-0.515527084
1784881211.413910151,10.740000152,5.785667598,-1.036278161,1.200000000,-0.511873815
1784881211.423910141,10.750000152,5.791251365,-1.037681128,1.200000000,-0.508185381
1784881211.433910131,10.760000152,5.796836022,-1.039061499,1.200000000,-0.504462249
1784881211.443910122,10.770000152,5.802421614,-1.040419210,1.200000000,-0.500704887
1784881211.453910112,10.780000152,5.808008184,-1.041754195,1.200000000,-0.496913760
1784881211.463910103,10.790000152,5.813595775,-1.043066392,1.200000000,-0.493089337
1784881211.473910093,10.800000152,5.819184434,-1.044355740,1.200000000,-0.489232085
1784881211.483910084,10.810000152,5.824774205,-1.045622176,1.200000000,-0.485342469
1784881211.493910074,10.820000152,5.830365135,-1.046865641,1.200000000,-0.481420957
1784881211.503910065,10.830000152,5.835957271,-1.048086076,1.200000000,-0.477468017
1784881211.513910055,10.840000152,5.841550659,-1.049283423,1.200000000,-0.473484114
1784881211.523910046,10.850000152,5.847145348,-1.050457626,1.200000000,-0.469469716
1784881211.533910036,10.860000152,5.852741386,-1.051608629,1.200000000,-0.465425291
1784881211.543910027,10.870000152,5.858338822,-1.052736378,1.200000000,-0.461351304
1784881211.553910017,10.880000152,5.863937705,-1.053840820,1.200000000,-0.457248222
1784881211.563910007,10.890000152,5.869538085,-1.054921901,1.200000000,-0.453116514
1784881211.573909998,10.900000152,5.875140013,-1.055979572,1.200000000,-0.448956645
1784881211.583909988,10.910000152,5.880743538,-1.057013782,1.200000000,-0.444769083
1784881211.593909979,10.920000152,5.886348712,-1.058024482,1.200000000,-0.440554295
1784881211.603909969,10.930000152,5.891955585,-1.059011626,1.200000000,-0.436312747
1784881211.613909960,10.940000152,5.897564211,-1.059975166,1.200000000,-0.432044906
1784881211.623909950,10.950000152,5.903174640,-1.060915057,1.200000000,-0.427751240
1784881211.633909941,10.960000152,5.908786925,-1.061831257,1.200000000,-0.423432216
1784881211.643910170,10.970000152,5.914401118,-1.062723721,1.200000000,-0.419088300
1784881211.653910160,10.980000152,5.920017272,-1.063592408,1.200000000,-0.414719959
1784881211.663910151,10.990000152,5.925635440,-1.064437278,1.200000000,-0.410327661
1784881211.673910141,11.000000152,5.931255674,-1.065258292,1.200000000,-0.405911872
1784881211.683910131,11.010000152,5.936878029,-1.066055412,1.200000000,-0.401473059
1784881211.693910122,11.020000152,5.942502557,-1.066828601,1.200000000,-0.397011689
1784881211.703910112,11.030000152,5.948129312,-1.067577825,1.200000000,-0.392528229
1784881211.713910103,11.040000152,5.953758347,-1.068303049,1.200000000,-0.388023146
1784881211.723910093,11.050000152,5.959389716,-1.069004240,1.200000000,-0.383496908
1784881211.733910084,11.060000152,5.965023472,-1.069681367,1.200000000,-0.378949980
1784881211.743910074,11.070000152,5.970659669,-1.070334400,1.200000000,-0.374382830
1784881211.753910065,11.080000152,5.976298360,-1.070963310,1.200000000,-0.369795926
1784881211.763910055,11.090000152,5.981939599,-1.071568069,1.200000000,-0.365189733
1784881211.773910046,11.100000152,5.987583439,-1.072148652,1.200000000,-0.360564718
1784881211.783910036,11.110000152,5.993229932,-1.072705033,1.200000000,-0.355921350
1784881211.793910027,11.120000152,5.998879133,-1.073237189,1.200000000,-0.351260094
1784881211.803910017,11.130000152,6.004531094,-1.073745098,1.200000000,-0.346581418
1784881211.813910007,11.140000152,6.010185867,-1.074228738,1.200000000,-0.341885789
1784881211.823909998,11.150000152,6.015843505,-1.074688091,1.200000000,-0.337173673
1784881211.833909988,11.160000152,6.021504061,-1.075123138,1.200000000,-0.332445537
1784881211.843909979,11.170000152,6.027167585,-1.075533863,1.200000000,-0.327701850
1784881211.853909969,11.180000152,6.032834129,-1.075920250,1.200000000,-0.322943076
1784881211.863909960,11.190000152,6.038503745,-1.076282285,1.200000000,-0.318169684
1784881211.873909950,11.200000152,6.044176483,-1.076619957,1.200000000,-0.313382140
1784881211.883909941,11.210000152,6.049852394,-1.076933253,1.200000000,-0.308580912
1784881211.893910170,11.220000152,6.055531527,-1.077222163,1.200000000,-0.303766466
1784881211.903910160,11.230000152,6.061213932,-1.077486681,1.200000000,-0.298939269
1784881211.913910151,11.240000152,6.066899659,-1.077726798,1.200000000,-0.294099788
1784881211.923910141,11.250000152,6.072588755,-1.077942510,1.200000000,-0.289248490
1784881211.933910131,11.260000152,6.078281268,-1.078133813,1.200000000,-0.284385843
1784881211.943910122,11.270000152,6.083977246,-1.078300703,1.200000000,-0.279512312
1784881211.953910112,11.280000152,6.089676736,-1.078443180,1.200000000,-0.274628365
1784881211.963910103,11.290000152,6.095379783,-1.078561244,1.200000000,-0.269734470
1784881211.973910093,11.300000152,6.101086434,-1.078654897,1.200000000,-0.264831092
1784881211.983910084,11.310000152,6.106796732,-1.078724142,1.200000000,-0.259918699
1784881211.993910074,11.320000152,6.112510723,-1.078768985,1.200000000,-0.254997758
1784881212.003910065,11.330000152,6.118228449,-1.078789431,1.200000000,-0.250068735
1784881212.013910055,11.340000152,6.123949953,-1.078785488,1.200000000,-0.245132099
1784881212.023910046,11.350000152,6.129675276,-1.078757165,1.200000000,-0.240188315
1784881212.033910036,11.360000152,6.135404461,-1.078704473,1.200000000,-0.235237850
1784881212.043910027,11.370000152,6.141137546,-1.078627424,1.200000000,-0.230281172
1784881212.053910017,11.380000152,6.146874571,-1.078526033,1.200000000,-0.225318748
1784881212.063910007,11.390000152,6.152615575,-1.078400313,1.200000000,-0.220351044
1784881212.073909998,11.400000152,6.158360595,-1.078250283,1.200000000,-0.215378528
1784881212.083909988,11.410000152,6.164109667,-1.078075960,1.200000000,-0.210401666
1784881212.093909979,11.420000152,6.169862828,-1.077877363,1.200000000,-0.205420925
1784881212.103909969,11.430000152,6.175620111,-1.077654515,1.200000000,-0.200436773
1784881212.113909960,11.440000152,6.181381550,-1.077407439,1.200000000,-0.195449676
1784881212.123909950,11.450000152,6.187147178,-1.077136157,1.200000000,-0.190460101
1784881212.133909941,11.460000152,6.192917026,-1.076840697,1.200000000,-0.185468515
1784881212.143910170,11.470000152,6.198691125,-1.076521086,1.200000000,-0.180475386
1784881212.153910160,11.480000152,6.204469502,-1.076177352,1.200000000,-0.175481179
1784881212.163910151,11.490000152,6.210252188,-1.075809527,1.200000000,-0.170486363
1784881212.173910141,11.500000152,6.216039208,-1.075417641,1.200000000,-0.165491403
1784881212.183910131,11.510000152,6.221830588,-1.075001730,1.200000000,-0.160496767
1784881212.193910122,11.520000152,6.227626354,-1.074561828,1.200000000,-0.155502923
1784881212.203910112,11.530000152,6.233426527,-1.074097971,1.200000000,-0.150510336
1784881212.213910103,11.540000152,6.239231130,-1.073610198,1.200000000,-0.145519474
1784881212.223910093,11.550000152,6.245040185,-1.073098548,1.200000000,-0.140530803
1784881212.233910084,11.560000152,6.250853709,-1.072563064,1.200000000,-0.135544792
1784881212.243910074,11.570000152,6.256671723,-1.072003787,1.200000000,-0.130561906
1784881212.253910065,11.580000152,6.262494241,-1.071420762,1.200000000,-0.125582613
1784881212.263910055,11.590000152,6.268321281,-1.070814036,1.200000000,-0.120607379
1784881212.273910046,11.600000152,6.274152855,-1.070183655,1.200000000,-0.115636672
1784881212.283910036,11.610000152,6.279988977,-1.069529669,1.200000000,-0.110670958
1784881212.293910027,11.620000152,6.285829658,-1.068852129,1.200000000,-0.105710705
1784881212.303910017,11.630000152,6.291674908,-1.068151085,1.200000000,-0.100756379
1784881212.313910007,11.640000152,6.297524735,-1.067426593,1.200000000,-0.095808447
1784881212.323909998,11.650000152,6.303379146,-1.066678708,1.200000000,-0.090867377
1784881212.333909988,11.660000152,6.309238147,-1.065907486,1.200000000,-0.085933635
1784881212.343909979,11.670000152,6.315101742,-1.065112985,1.200000000,-0.081007688
1784881212.353909969,11.680000152,6.320969933,-1.064295266,1.200000000,-0.076090004
1784881212.363909960,11.690000152,6.326842721,-1.063454390,1.200000000,-0.071181048
1784881212.373909950,11.700000152,6.332720105,-1.062590420,1.200000000,-0.066281289
1784881212.383909941,11.710000152,6.338602085,-1.061703420,1.200000000,-0.061391192
1784881212.393910170,11.720000152,6.344488654,-1.060793457,1.200000000,-0.056511226
1784881212.403910160,11.730000152,6.350379810,-1.059860598,1.200000000,-0.051641857
1784881212.413910151,11.740000152,6.356275544,-1.058904911,1.200000000,-0.046783551
1784881212.423910141,11.750000152,6.362175848,-1.057926469,1.200000000,-0.041936776
1784881212.433910131,11.760000152,6.368080712,-1.056925342,1.200000000,-0.037101999
1784881212.443910122,11.770000152,6.373990125,-1.055901605,1.200000000,-0.032279687
1784881212.453910112,11.780000152,6.379904073,-1.054855332,1.200000000,-0.027470307
1784881212.463910103,11.790000152,6.385822541,-1.053786600,1.200000000,-0.022674325
1784881212.473910093,11.800000152,6.391745512,-1.052695488,1.200000000,-0.017892209
1784881212.483910084,11.810000152,6.397672968,-1.051582075,1.200000000,-0.013124425
1784881212.493910074,11.820000152,6.403604890,-1.050446442,1.200000000,-0.008371441
1784881212.503910065,11.830000152,6.409541255,-1.049288671,1.200000000,-0.003633724
1784881212.513910055,11.840000152,6.415482040,-1.048108848,1.200000000,0.001088260
1784881212.523910046,11.850000152,6.421427221,-1.046907056,1.200000000,0.005794044
1784881212.533910036,11.860000152,6.427376770,-1.045683384,1.200000000,0.010483161
1784881212.543910027,11.870000152,6.433330659,-1.044437920,1.200000000,0.015155143
1784881212.553910017,11.880000152,6.439288858,-1.043170753,1.200000000,0.019809525
1784881212.563910007,11.890000152,6.445251336,-1.041881975,1.200000000,0.024445975
1784881212.573909998,11.900000152,6.451218058,-1.040571679,1.200000000,0.029064427
1784881212.583909988,11.910000152,6.457188990,-1.039239959,1.200000000,0.033664845
1784881212.593909979,11.920000152,6.463164095,-1.037886910,1.200000000,0.038247191
1784881212.603909969,11.930000152,6.469143334,-1.036512630,1.200000000,0.042811430
1784881212.613909960,11.940000152,6.475126667,-1.035117217,1.200000000,0.047357526
1784881212.623909950,11.950000152,6.481114051,-1.033700770,1.200000000,0.051885441
1784881212.633909941,11.960000152,6.487105444,-1.032263392,1.200000000,0.056395140
1784881212.643910170,11.970000152,6.493100800,-1.030805183,1.200000000,0.060886585
1784881212.653910160,11.980000152,6.499100071,-1.029326249,1.200000000,0.065359742
1784881212.663910151,11.990000152,6.505103209,-1.027826695,1.200000000,0.069814573
1784881212.673910141,12.000000152,6.511110164,-1.026306626,1.200000000,0.074251042
1784881212.683910131,12.010000152,6.517120884,-1.024766151,1.200000000,0.078669113
1784881212.693910122,12.020000152,6.523135314,-1.023205380,1.200000000,0.083068749
1784881212.703910112,12.030000152,6.529153399,-1.021624421,1.200000000,0.087449914
1784881212.713910103,12.040000152,6.535175083,-1.020023388,1.200000000,0.091812572
1784881212.723910093,12.050000152,6.541200306,-1.018402394,1.200000000,0.096156686
1784881212.733910084,12.060000152,6.547229008,-1.016761552,1.200000000,0.100482220
1784881212.743910074,12.070000152,6.553261127,-1.015100978,1.200000000,0.104789138
1784881212.753910065,12.080000152,6.559296600,-1.013420789,1.200000000,0.109077403
1784881212.763910055,12.090000152,6.565335361,-1.011721103,1.200000000,0.113346978
1784881212.773910046,12.100000152,6.571377343,-1.010002039,1.200000000,0.117597829
1784881212.783910036,12.110000152,6.577422479,-1.008263718,1.200000000,0.121829917
1784881212.793910027,12.120000152,6.583470698,-1.006506261,1.200000000,0.126043207
1784881212.803910017,12.130000152,6.589521929,-1.004729791,1.200000000,0.130237663
1784881212.813910007,12.140000152,6.595576098,-1.002934431,1.200000000,0.134413247
1784881212.823909998,12.150000152,6.601633131,-1.001120307,1.200000000,0.138569924
1784881212.833909988,12.160000152,6.607692953,-0.999287546,1.200000000,0.142707658
1784881212.843909979,12.170000152,6.613755484,-0.997436273,1.200000000,0.146826412
1784881212.853909969,12.180000152,6.619820648,-0.995566619,1.200000000,0.150926149
1784881212.863909960,12.190000152,6.625888362,-0.993678711,1.200000000,0.155006834
1784881212.873909950,12.200000152,6.631958545,-0.991772681,1.200000000,0.159068429
1784881212.883909941,12.210000152,6.638031113,-0.989848660,1.200000000,0.163110899
1784881212.893910170,12.220000152,6.644105982,-0.987906780,1.200000000,0.167134208
1784881212.903910160,12.230000152,6.650183066,-0.985947176,1.200000000,0.171138318
1784881212.913910151,12.240000152,6.656262276,-0.983969982,1.200000000,0.175123193
1784881212.923910141,12.250000152,6.662343525,-0.981975333,1.200000000,0.179088798
1784881212.933910131,12.260000152,6.668426721,-0.979963367,1.200000000,0.183035096
1784881212.943910122,12.270000152,6.674511773,-0.977934219,1.200000000,0.186962050
1784881212.953910112,12.280000152,6.680598588,-0.975888030,1.200000000,0.190869624
1784881212.963910103,12.290000152,6.686687072,-0.973824938,1.200000000,0.194757781
1784881212.973910093,12.300000152,6.692777130,-0.971745083,1.200000000,0.198626487
1784881212.983910084,12.310000152,6.698868664,-0.969648607,1.200000000,0.202475703
1784881212.993910074,12.320000152,6.704961578,-0.967535651,1.200000000,0.206305393
1784881213.003910065,12.330000152,6.711055771,-0.965406358,1.200000000,0.210115522
1784881213.013910055,12.340000152,6.717151144,-0.963260873,1.200000000,0.213906053
1784881213.023910046,12.350000152,6.723247595,-0.961099338,1.200000000,0.217676950
1784881213.033910036,12.360000152,6.729345022,-0.958921901,1.200000000,0.221428175
1784881213.043910027,12.370000152,6.735443321,-0.956728705,1.200000000,0.225159694
1784881213.053910017,12.380000152,6.741542387,-0.954519900,1.200000000,0.228871469
1784881213.063910007,12.390000152,6.747642115,-0.952295631,1.200000000,0.232563464
1784881213.073909998,12.400000152,6.753742398,-0.950056047,1.200000000,0.236235643
1784881213.083909988,12.410000152,6.759843128,-0.947801297,1.200000000,0.239887969
1784881213.093909979,12.420000152,6.765944196,-0.945531530,1.200000000,0.243520406
1784881213.103909969,12.430000152,6.772045492,-0.943246897,1.200000000,0.247132919
1784881213.113909960,12.440000152,6.778146907,-0.940947549,1.200000000,0.250725469
1784881213.123909950,12.450000152,6.784248328,-0.938633637,1.200000000,0.254298021
1784881213.133909941,12.460000152,6.790349644,-0.936305313,1.200000000,0.257850539
1784881213.143910170,12.470000152,6.796450740,-0.933962730,1.200000000,0.261382987
1784881213.153910160,12.480000152,6.802551503,-0.931606042,1.200000000,0.264895327
1784881213.163910151,12.490000152,6.808651817,-0.929235401,1.200000000,0.268387523
1784881213.173910141,12.500000152,6.814751568,-0.926850962,1.200000000,0.271859540
1784881213.183910131,12.510000152,6.820850639,-0.924452881,1.200000000,0.275311341
1784881213.193910122,12.520000152,6.826948913,-0.922041312,1.200000000,0.278742889
1784881213.203910112,12.530000152,6.833046271,-0.919616411,1.200000000,0.282154149
1784881213.213910103,12.540000152,6.839142597,-0.917178335,1.200000000,0.285545083
1784881213.223910093,12.550000152,6.845237770,-0.914727239,1.200000000,0.288915655
1784881213.233910084,12.560000152,6.851331670,-0.912263282,1.200000000,0.292265830
1784881213.243910074,12.570000152,6.857424179,-0.909786621,1.200000000,0.295595570
1784881213.253910065,12.580000152,6.863515175,-0.907297412,1.200000000,0.298904840
1784881213.263910055,12.590000152,6.869604536,-0.904795816,1.200000000,0.302193602
1784881213.273910046,12.600000152,6.875692141,-0.902281989,1.200000000,0.305461821
1784881213.283910036,12.610000152,6.881777869,-0.899756092,1.200000000,0.308709461
1784881213.293910027,12.620000152,6.887861595,-0.897218282,1.200000000,0.311936484
1784881213.303910017,12.630000152,6.893943197,-0.894668720,1.200000000,0.315142855
1784881213.313910007,12.640000152,6.900022552,-0.892107564,1.200000000,0.318328537
1784881213.323909998,12.650000152,6.906099537,-0.889534975,1.200000000,0.321493494
1784881213.333909988,12.660000152,6.912174026,-0.886951113,1.200000000,0.324637690
1784881213.343909979,12.670000152,6.918245896,-0.884356139,1.200000000,0.327761087
1784881213.353909969,12.680000152,6.924315022,-0.881750211,1.200000000,0.330863650
1784881213.363909960,12.690000152,6.930381279,-0.879133492,1.200000000,0.333945343
1784881213.373909950,12.700000152,6.936444543,-0.876506141,1.200000000,0.337006129
1784881213.383909941,12.710000152,6.942504688,-0.873868319,1.200000000,0.340045971
1784881213.393910170,12.720000152,6.948561589,-0.871220188,1.200000000,0.343064834
1784881213.403910160,12.730000152,6.954615121,-0.868561908,1.200000000,0.346062680
1784881213.413910151,12.740000152,6.960665158,-0.865893640,1.200000000,0.349039475
1784881213.423910141,12.750000152,6.966711575,-0.863215546,1.200000000,0.351995180
1784881213.433910131,12.760000152,6.972754246,-0.860527785,1.200000000,0.354929761
1784881213.443910122,12.770000152,6.978793046,-0.857830520,1.200000000,0.357843179
1784881213.453910112,12.780000152,6.984827850,-0.855123911,1.200000000,0.360735401
1784881213.463910103,12.790000152,6.990858532,-0.852408119,1.200000000,0.363606388
1784881213.473910093,12.800000152,6.996884967,-0.849683306,1.200000000,0.366456104
1784881213.483910084,12.810000152,7.002907031,-0.846949631,1.200000000,0.369284514
1784881213.493910074,12.820000152,7.008924597,-0.844207255,1.200000000,0.372091580
1784881213.503910065,12.830000152,7.014937542,-0.841456340,1.200000000,0.374877266
1784881213.513910055,12.840000152,7.020945741,-0.838697044,1.200000000,0.377641537
1784881213.523910046,12.850000152,7.026949069,-0.835929530,1.200000000,0.380384356
1784881213.533910036,12.860000152,7.032947404,-0.833153955,1.200000000,0.383105685
1784881213.543910027,12.870000152,7.038940621,-0.830370482,1.200000000,0.385805490
1784881213.553910017,12.880000152,7.044928597,-0.827579268,1.200000000,0.388483733
1784881213.563910007,12.890000152,7.050911210,-0.824780473,1.200000000,0.391140379
1784881213.573909998,12.900000152,7.056888336,-0.821974257,1.200000000,0.393775390
1784881213.583909988,12.910000152,7.062859854,-0.819160778,1.200000000,0.396388731
1784881213.593909979,12.920000152,7.068825643,-0.816340195,1.200000000,0.398980365
1784881213.603909969,12.930000152,7.074785581,-0.813512665,1.200000000,0.401550256
1784881213.613909960,12.940000152,7.080739548,-0.810678347,1.200000000,0.404098367
1784881213.623909950,12.950000152,7.086687424,-0.807837399,1.200000000,0.406624663
1784881213.633909941,12.960000152,7.092629089,-0.804989976,1.200000000,0.409129106
1784881213.643910170,12.970000152,7.098564425,-0.802136237,1.200000000,0.411611661
1784881213.653910160,12.980000152,7.104493313,-0.799276337,1.200000000,0.414072290
1784881213.663910151,12.990000152,7.110415636,-0.796410432,1.200000000,0.416510958
1784881213.673910141,13.000000152,7.116331278,-0.793538677,1.200000000,0.418927629
1784881213.683910131,13.010000152,7.122240121,-0.790661228,1.200000000,0.421322266
1784881213.693910122,13.020000152,7.128142052,-0.787778239,1.200000000,0.423694832
1784881213.703910112,13.030000152,7.134036955,-0.784889864,1.200000000,0.426045291
1784881213.713910103,13.040000152,7.139924716,-0.781996256,1.200000000,0.428373607
1784881213.723910093,13.050000152,7.145805223,-0.779097568,1.200000000,0.430679744
1784881213.733910084,13.060000152,7.151678363,-0.776193954,1.200000000,0.432963665
1784881213.743910074,13.070000152,7.157544026,-0.773285563,1.200000000,0.435225334
1784881213.753910065,13.080000152,7.163402101,-0.770372548,1.200000000,0.437464714
1784881213.763910055,13.090000152,7.169252478,-0.767455060,1.200000000,0.439681769
1784881213.773910046,13.100000152,7.175095049,-0.764533247,1.200000000,0.441876463
1784881213.783910036,13.110000152,7.180929706,-0.761607261,1.200000000,0.444048760
1784881213.793910027,13.120000152,7.186756344,-0.758677248,1.200000000,0.446198622
1784881213.803910017,13.130000152,7.192574857,-0.755743358,1.200000000,0.448326014
1784881213.813910007,13.140000152,7.198385139,-0.752805738,1.200000000,0.450430900
1784881213.823909998,13.150000152,7.204187089,-0.749864533,1.200000000,0.452513242
1784881213.833909988,13.160000152,7.209980604,-0.746919892,1.200000000,0.454573005
1784881213.843909979,13.170000152,7.215765582,-0.743971957,1.200000000,0.456610152
1784881213.853909969,13.180000152,7.221541923,-0.741020875,1.200000000,0.458624647
1784881213.863909960,13.190000152,7.227309529,-0.738066788,1.200000000,0.460616454
1784881213.873909950,13.200000152,7.233068303,-0.735109840,1.200000000,0.462585536
1784881213.883909941,13.210000152,7.238818147,-0.732150172,1.200000000,0.464531856
1784881213.893910170,13.220000152,7.244558966,-0.729187927,1.200000000,0.466455379
1784881213.903910160,13.230000152,7.250290667,-0.726223244,1.200000000,0.468356068
1784881213.913910151,13.240000152,7.256013157,-0.723256264,1.200000000,0.470233887
1784881213.923910141,13.250000152,7.261726343,-0.720287125,1.200000000,0.472088799
1784881213.933910131,13.260000152,7.267430137,-0.717315965,1.200000000,0.473920768
1784881213.943910122,13.270000152,7.273124449,-0.714342922,1.200000000,0.475729758
1784881213.953910112,13.280000152,7.278809192,-0.711368132,1.200000000,0.477515732
1784881213.963910103,13.290000152,7.284484280,-0.708391729,1.200000000,0.479278654
1784881213.973910093,13.300000152,7.290149627,-0.705413849,1.200000000,0.481018488
1784881213.983910084,13.310000152,7.295805150,-0.702434625,1.200000000,0.482735196
1784881213.993910074,13.320000152,7.301450768,-0.699454190,1.200000000,0.484428744
1784881214.003910065,13.330000152,7.307086400,-0.696472676,1.200000000,0.486099094
1784881214.013910055,13.340000152,7.312711967,-0.693490212,1.200000000,0.487746211
1784881214.023910046,13.350000152,7.318327391,-0.690506930,1.200000000,0.489370057
1784881214.033910036,13.360000152,7.323932595,-0.687522958,1.200000000,0.490970596
1784881214.043910027,13.370000152,7.329527506,-0.684538423,1.200000000,0.492547793
1784881214.053910017,13.380000152,7.335112049,-0.681553452,1.200000000,0.494101611
1784881214.063910007,13.390000152,7.340686154,-0.678568173,1.200000000,0.495632012
1784881214.073909998,13.400000152,7.346249749,-0.675582708,1.200000000,0.497138962
1784881214.083909988,13.410000152,7.351802766,-0.672597182,1.200000000,0.498622423
1784881214.093909979,13.420000152,7.357345139,-0.669611718,1.200000000,0.500082360
1784881214.103909969,13.430000152,7.362876800,-0.666626438,1.200000000,0.501518736
1784881214.113909960,13.440000152,7.368397687,-0.663641462,1.200000000,0.502931514
1784881214.123909950,13.450000152,7.373907736,-0.660656910,1.200000000,0.504320658
1784881214.133909941,13.460000152,7.379406886,-0.657672901,1.200000000,0.505686133
1784881214.143910170,13.470000152,7.384895079,-0.654689552,1.200000000,0.507027900
1784881214.153910160,13.480000152,7.390372257,-0.651706979,1.200000000,0.508345925
1784881214.163910151,13.490000152,7.395838362,-0.648725298,1.200000000,0.509640171
1784881214.173910141,13.500000152,7.401293342,-0.645744623,1.200000000,0.510910601
1784881214.183910131,13.510000152,7.406737142,-0.642765068,1.200000000,0.512157179
1784881214.193910122,13.520000152,7.412169711,-0.639786745,1.200000000,0.513379869
1784881214.203910112,13.530000152,7.417590999,-0.636809764,1.200000000,0.514578635
1784881214.213910103,13.540000152,7.423000959,-0.633834235,1.200000000,0.515753439
1784881214.223910093,13.550000152,7.428399544,-0.630860267,1.200000000,0.516904246
1784881214.233910084,13.560000152,7.433786708,-0.627887969,1.200000000,0.518031019
1784881214.243910074,13.570000152,7.439162409,-0.624917445,1.200000000,0.519133722
1784881214.253910065,13.580000152,7.444526605,-0.621948803,1.200000000,0.520212319
1784881214.263910055,13.590000152,7.449879255,-0.618982146,1.200000000,0.521266773
1784881214.273910046,13.600000152,7.455220321,-0.616017577,1.200000000,0.522297047
1784881214.283910036,13.610000152,7.460549767,-0.613055198,1.200000000,0.523303107
1784881214.293910027,13.620000152,7.465867557,-0.610095110,1.200000000,0.524284914
1784881214.303910017,13.630000152,7.471173658,-0.607137413,1.200000000,0.525242433
1784881214.313910007,13.640000152,7.476468037,-0.604182206,1.200000000,0.526175628
1784881214.323909998,13.650000152,7.481750664,-0.601229586,1.200000000,0.527084461
1784881214.333909988,13.660000152,7.487021510,-0.598279649,1.200000000,0.527968898
1784881214.343909979,13.670000152,7.492280549,-0.595332491,1.200000000,0.528828900
1784881214.353909969,13.680000152,7.497527754,-0.592388206,1.200000000,0.529664433
1784881214.363909960,13.690000152,7.502763101,-0.589446886,1.200000000,0.530475459
1784881214.373909950,13.700000152,7.507986568,-0.586508623,1.200000000,0.531261943
1784881214.383909941,13.710000152,7.513198133,-0.583573509,1.200000000,0.532023848
1784881214.393910170,13.720000152,7.518397779,-0.580641631,1.200000000,0.532761137
1784881214.403910160,13.730000152,7.523585485,-0.577713080,1.200000000,0.533473774
1784881214.413910151,13.740000152,7.528761237,-0.574787942,1.200000000,0.534161723
1784881214.423910141,13.750000152,7.533925019,-0.571866304,1.200000000,0.534824948
1784881214.433910131,13.760000152,7.539076819,-0.568948249,1.200000000,0.535463411
1784881214.443910122,13.770000152,7.544216623,-0.566033863,1.200000000,0.536077078
1784881214.453910112,13.780000152,7.549344422,-0.563123228,1.200000000,0.536665911
1784881214.463910103,13.790000152,7.554460206,-0.560216426,1.200000000,0.537229874
1784881214.473910093,13.800000152,7.559563969,-0.557313537,1.200000000,0.537768930
1784881214.483910084,13.810000152,7.564655703,-0.554414641,1.200000000,0.538283044
1784881214.493910074,13.820000152,7.569735405,-0.551519817,1.200000000,0.538772179
1784881214.503910065,13.830000152,7.574803070,-0.548629140,1.200000000,0.539236299
1784881214.513910055,13.840000152,7.579858697,-0.545742689,1.200000000,0.539675367
1784881214.523910046,13.850000152,7.584902285,-0.542860537,1.200000000,0.540089347
1784881214.533910036,13.860000152,7.589933835,-0.539982760,1.200000000,0.540478202
1784881214.543910027,13.870000152,7.594953348,-0.537109430,1.200000000,0.540841897
1784881214.553910017,13.880000152,7.599960828,-0.534240619,1.200000000,0.541180394
1784881214.563910007,13.890000152,7.604956279,-0.531376398,1.200000000,0.541493658
1784881214.573909998,13.900000152,7.609939706,-0.528516838,1.200000000,0.541781652
1784881214.583909988,13.910000152,7.614911117,-0.525662007,1.200000000,0.542044340
1784881214.593909979,13.920000152,7.619870518,-0.522811972,1.200000000,0.542281685
1784881214.603909969,13.930000152,7.624817919,-0.519966803,1.200000000,0.542493651
1784881214.613909960,13.940000152,7.629753331,-0.517126563,1.200000000,0.542680202
1784881214.623909950,13.950000152,7.634676763,-0.514291318,1.200000000,0.542841301
1784881214.633909941,13.960000152,7.639588229,-0.511461133,1.200000000,0.542976912
1784881214.643910170,13.970000152,7.644487740,-0.508636071,1.200000000,0.543086999
1784881214.653910160,13.980000152,7.649375312,-0.505816193,1.200000000,0.543171525
1784881214.663910151,13.990000152,7.654250960,-0.503001561,1.200000000,0.543230454
1784881214.673910141,14.000000152,7.659114698,-0.500192236,1.200000000,0.543263750
1784881214.683910131,14.010000152,7.663966544,-0.497388277,1.200000000,0.543271376
1784881214.693910122,14.020000152,7.668806515,-0.494589743,1.200000000,0.543253295
1784881214.703910112,14.030000152,7.673634629,-0.491796692,1.200000000,0.543209472
1784881214.713910103,14.040000152,7.678450906,-0.489009181,1.200000000,0.543139870
1784881214.723910093,14.050000152,7.683255363,-0.486227265,1.200000000,0.543044453
1784881214.733910084,14.060000152,7.688048023,-0.483451002,1.200000000,0.542923184
1784881214.743910074,14.070000152,7.692828906,-0.480680445,1.200000000,0.542776028
1784881214.753910065,14.080000152,7.697598032,-0.477915648,1.200000000,0.542602947
1784881214.763910055,14.090000152,7.702355423,-0.475156664,1.200000000,0.542403905
1784881214.773910046,14.100000152,7.707101103,-0.472403547,1.200000000,0.542178866
1784881214.783910036,14.110000152,7.711835092,-0.469656347,1.200000000,0.541927794
1784881214.793910027,14.120000152,7.716557415,-0.466915117,1.200000000,0.541650653
1784881214.803910017,14.130000152,7.721268095,-0.464179906,1.200000000,0.541347405
1784881214.813910007,14.140000152,7.725967154,-0.461450765,1.200000000,0.541018014
1784881214.823909998,14.150000152,7.730654616,-0.458727743,1.200000000,0.540662445
1784881214.833909988,14.160000152,7.735330505,-0.456010888,1.200000000,0.540280661
1784881214.843909979,14.170000152,7.739994845,-0.453300250,1.200000000,0.539872625
1784881214.853909969,14.180000152,7.744647660,-0.450595874,1.200000000,0.539438301
1784881214.863909960,14.190000152,7.749288972,-0.447897810,1.200000000,0.538977653
1784881214.873909950,14.200000152,7.753918807,-0.445206103,1.200000000,0.538490644
1784881214.883909941,14.210000152,7.758537186,-0.442520800,1.200000000,0.537977239
1784881214.893910170,14.220000152,7.763144133,-0.439841947,1.200000000,0.537437400
1784881214.903910160,14.230000152,7.767739672,-0.437169589,1.200000000,0.536871091
1784881214.913910151,14.240000152,7.772323823,-0.434503772,1.200000000,0.536278276
1784881214.923910141,14.250000152,7.776896610,-0.431844540,1.200000000,0.535658919
1784881214.933910131,14.260000152,7.781458054,-0.429191938,1.200000000,0.535012983
1784881214.943910122,14.270000152,7.786008175,-0.426546010,1.200000000,0.534340433
1784881214.953910112,14.280000152,7.790546994,-0.423906800,1.200000000,0.533641230
1784881214.963910103,14.290000152,7.795074530,-0.421274353,1.200000000,0.532915340
1784881214.973910093,14.300000152,7.799590802,-0.418648711,1.200000000,0.532162726
1784881214.983910084,14.310000152,7.804095828,-0.416029919,1.200000000,0.531383351
1784881214.993910074,14.320000152,7.808589625,-0.413418020,1.200000000,0.530577179
1784881215.003910065,14.330000152,7.813072207,-0.410813057,1.200000000,0.529744174
1784881215.013910055,14.340000152,7.817543591,-0.408215074,1.200000000,0.528884299
1784881215.023910046,14.350000152,7.822003789,-0.405624114,1.200000000,0.527997518
1784881215.033910036,14.360000152,7.826452813,-0.403040221,1.200000000,0.527083795
1784881215.043910027,14.370000152,7.830890676,-0.400463439,1.200000000,0.526143093
1784881215.053910017,14.380000152,7.835317385,-0.397893810,1.200000000,0.525175377
1784881215.063910007,14.390000152,7.839732948,-0.395331379,1.200000000,0.524180609
1784881215.073909998,14.400000152,7.844137373,-0.392776190,1.200000000,0.523158753
1784881215.083909988,14.410000152,7.848530663,-0.390228287,1.200000000,0.522109773
1784881215.093909979,14.420000152,7.852912821,-0.387687715,1.200000000,0.521033632
1784881215.103909969,14.430000152,7.857283848,-0.385154519,1.200000000,0.519930295
1784881215.113909960,14.440000152,7.861643742,-0.382628744,1.200000000,0.518799724
1784881215.123909950,14.450000152,7.865992502,-0.380110436,1.200000000,0.517641884
1784881215.133909941,14.460000152,7.870330120,-0.377599641,1.200000000,0.516456738
1784881215.143910170,14.470000152,7.874656589,-0.375096406,1.200000000,0.515244250
1784881215.153910160,14.480000152,7.878971900,-0.372600777,1.200000000,0.514004383
1784881215.163910151,14.490000152,7.883276040,-0.370112804,1.200000000,0.512737101
1784881215.173910141,14.500000152,7.887568992,-0.367632533,1.200000000,0.511442368
1784881215.183910131,14.510000152,7.891850741,-0.365160016,1.200000000,0.510120147
1784881215.193910122,14.520000152,7.896121264,-0.362695300,1.200000000,0.508770402
1784881215.203910112,14.530000152,7.900380539,-0.360238438,1.200000000,0.507393097
1784881215.213910103,14.540000152,7.904628538,-0.357789480,1.200000000,0.505988195
1784881215.223910093,14.550000152,7.908865233,-0.355348479,1.200000000,0.504555659
1784881215.233910084,14.560000152,7.913090590,-0.352915489,1.200000000,0.503095455
1784881215.243910074,14.570000152,7.917304572,-0.350490563,1.200000000,0.501607544
1784881215.253910065,14.580000152,7.921507141,-0.348073758,1.200000000,0.500091891
1784881215.263910055,14.590000152,7.925698253,-0.345665129,1.200000000,0.498548460
1784881215.273910046,14.600000152,7.929877861,-0.343264735,1.200000000,0.496977214
1784881215.283910036,14.610000152,7.934045913,-0.340872635,1.200000000,0.495378116
1784881215.293910027,14.620000152,7.938202356,-0.338488887,1.200000000,0.493751131
1784881215.303910017,14.630000152,7.942347130,-0.336113555,1.200000000,0.492096222
1784881215.313910007,14.640000152,7.946480173,-0.333746701,1.200000000,0.490413352
1784881215.323909998,14.650000152,7.950601417,-0.331388388,1.200000000,0.488702486
1784881215.333909988,14.660000152,7.954710790,-0.329038684,1.200000000,0.486963587
1784881215.343909979,14.670000152,7.958808216,-0.326697655,1.200000000,0.485196618
1784881215.353909969,14.680000152,7.962893614,-0.324365370,1.200000000,0.483401544
1784881215.363909960,14.690000152,7.966966898,-0.322041900,1.200000000,0.481578327
1784881215.373909950,14.700000152,7.971027978,-0.319727318,1.200000000,0.479726932
1784881215.383909941,14.710000152,7.975076756,-0.317421697,1.200000000,0.477847322
1784881215.393910170,14.720000152,7.979113132,-0.315125113,1.200000000,0.475939461
1784881215.403910160,14.730000152,7.983137000,-0.312837646,1.200000000,0.474003312
1784881215.413910151,14.740000152,7.987148247,-0.310559373,1.200000000,0.472038840
1784881215.423910141,14.750000152,7.991146755,-0.308290379,1.200000000,0.470046007
1784881215.433910131,14.760000152,7.995132401,-0.306030747,1.200000000,0.468024777
1784881215.443910122,14.770000152,7.999105055,-0.303780563,1.200000000,0.465975115
1784881215.453910112,14.780000152,8.003064582,-0.301539916,1.200000000,0.463896983
1784881215.463910103,14.790000152,8.007010839,-0.299308898,1.200000000,0.461790346
1784881215.473910093,14.800000152,8.010943678,-0.297087601,1.200000000,0.459655166
1784881215.483910084,14.810000152,8.014862945,-0.294876122,1.200000000,0.457491408
1784881215.493910074,14.820000152,8.018768476,-0.292674559,1.200000000,0.455299035
1784881215.503910065,14.830000152,8.022660105,-0.290483013,1.200000000,0.453078011
1784881215.513910055,14.840000152,8.026537655,-0.288301589,1.200000000,0.450828300
1784881215.523910046,14.850000152,8.030400943,-0.286130392,1.200000000,0.448549864
1784881215.533910036,14.860000152,8.034249779,-0.283969532,1.200000000,0.446242669
1784881215.543910027,14.870000152,8.038083966,-0.281819122,1.200000000,0.443906677
1784881215.553910017,14.880000152,8.041903298,-0.279679277,1.200000000,0.441541852
1784881215.563910007,14.890000152,8.045707561,-0.277550116,1.200000000,0.439148157
1784881215.573909998,14.900000152,8.049496535,-0.275431760,1.200000000,0.436725557
1784881215.583909988,14.910000152,8.053269989,-0.273324335,1.200000000,0.434274015
1784881215.593909979,14.920000152,8.057027686,-0.271227968,1.200000000,0.431793495
1784881215.603909969,14.930000152,8.060769380,-0.269142791,1.200000000,0.429283960
1784881215.613909960,14.940000152,8.064494815,-0.267068940,1.200000000,0.426745374
1784881215.623909950,14.950000152,8.068203726,-0.265006553,1.200000000,0.424177700
1784881215.633909941,14.960000152,8.071895841,-0.262955773,1.200000000,0.421580903
1784881215.643910170,14.970000152,8.075570877,-0.260916746,1.200000000,0.418954945
1784881215.653910160,14.980000152,8.079228541,-0.258889621,1.200000000,0.416299791
1784881215.663910151,14.990000152,8.082868533,-0.256874554,1.200000000,0.413615396
1784881215.673910141,15.000000152,8.086490541,-0.254871701,1.200000000,0.410901536
1784881215.683910131,15.010000152,8.090094242,-0.252881225,1.200000000,0.408157825
1784881215.693910122,15.020000152,8.093679306,-0.250903293,1.200000000,0.405383868
1784881215.703910112,15.030000152,8.097245389,-0.248938074,1.200000000,0.402579271
1784881215.713910103,15.040000152,8.100792140,-0.246985744,1.200000000,0.399743639
1784881215.723910093,15.050000152,8.104319194,-0.245046482,1.200000000,0.396876580
1784881215.733910084,15.060000152,8.107826176,-0.243120472,1.200000000,0.393977697
1784881215.743910074,15.070000152,8.111312701,-0.241207903,1.200000000,0.391046599
1784881215.753910065,15.080000152,8.114778372,-0.239308968,1.200000000,0.388082889
1784881215.763910055,15.090000152,8.118222779,-0.237423865,1.200000000,0.385086174
1784881215.773910046,15.100000152,8.121645504,-0.235552796,1.200000000,0.382056060
1784881215.783910036,15.110000152,8.125046114,-0.233695970,1.200000000,0.378992153
1784881215.793910027,15.120000152,8.128424165,-0.231853598,1.200000000,0.375894058
1784881215.803910017,15.130000152,8.131779202,-0.230025900,1.200000000,0.372761382
1784881215.813910007,15.140000152,8.135110758,-0.228213096,1.200000000,0.369593730
1784881215.823909998,15.150000152,8.138418352,-0.226415415,1.200000000,0.366390708
1784881215.833909988,15.160000152,8.141701495,-0.224633089,1.200000000,0.363151922
1784881215.843909979,15.170000152,8.144959682,-0.222866356,1.200000000,0.359876978
1784881215.853909969,15.180000152,8.148192398,-0.221115458,1.200000000,0.356565481
1784881215.863909960,15.190000152,8.151399117,-0.219380642,1.200000000,0.353217038
1784881215.873909950,15.200000152,8.154579300,-0.217662160,1.200000000,0.349831254
1784881215.883909941,15.210000152,8.157732396,-0.215960270,1.200000000,0.346407736
1784881215.893910170,15.220000152,8.160857845,-0.214275233,1.200000000,0.342946088
1784881215.903910160,15.230000152,8.163955074,-0.212607314,1.200000000,0.339445917
1784881215.913910151,15.240000152,8.167023499,-0.210956785,1.200000000,0.335906829
1784881215.923910141,15.250000152,8.170062526,-0.209323921,1.200000000,0.332328429
1784881215.933910131,15.260000152,8.173071551,-0.207708999,1.200000000,0.328710324
1784881215.943910122,15.270000152,8.176049961,-0.206112303,1.200000000,0.325052119
1784881215.953910112,15.280000152,8.178997133,-0.204534120,1.200000000,0.321353419
1784881215.963910103,15.290000152,8.181912434,-0.202974738,1.200000000,0.317613832
1784881215.973910093,15.300000152,8.184795225,-0.201434452,1.200000000,0.313832963
1784881215.983910084,15.310000152,8.187644857,-0.199913556,1.200000000,0.310010417
1784881215.993910074,15.320000152,8.190460677,-0.198412349,1.200000000,0.306145801
1784881216.003910065,15.330000152,8.193242023,-0.196931131,1.200000000,0.302238719
1784881216.013910055,15.340000152,8.195988229,-0.195470205,1.200000000,0.298288779
1784881216.023910046,15.350000152,8.198698624,-0.194029874,1.200000000,0.294295586
1784881216.033910036,15.360000152,8.201372534,-0.192610442,1.200000000,0.290258746
1784881216.043910027,15.370000152,8.204009281,-0.191212215,1.200000000,0.286177864
1784881216.053910017,15.380000152,8.206608188,-0.189835497,1.200000000,0.282052547
1784881216.063910007,15.390000152,8.209168573,-0.188480592,1.200000000,0.277882400
1784881216.073909998,15.400000152,8.211689760,-0.187147803,1.200000000,0.273667030
1784881216.083909988,15.410000152,8.214171071,-0.185837432,1.200000000,0.269406041
1784881216.093909979,15.420000152,8.216611833,-0.184549777,1.200000000,0.265099041
1784881216.103909969,15.430000152,8.219011377,-0.183285133,1.200000000,0.260745634
1784881216.113909960,15.440000152,8.221369042,-0.182043793,1.200000000,0.256345426
1784881216.123909950,15.450000152,8.223684172,-0.180826043,1.200000000,0.251898024
1784881216.133909941,15.460000152,8.225956122,-0.179632164,1.200000000,0.247403033
1784881216.143910170,15.470000152,8.228184259,-0.178462432,1.200000000,0.242860060
1784881216.153910160,15.480000152,8.230367962,-0.177317114,1.200000000,0.238268709
1784881216.163910151,15.490000152,8.232506624,-0.176196472,1.200000000,0.233628587
1784881216.173910141,15.500000152,8.234599657,-0.175100754,1.200000000,0.228939299
1784881216.183910131,15.510000152,8.236646492,-0.174030202,1.200000000,0.224200453
1784881216.193910122,15.520000152,8.238646580,-0.172985046,1.200000000,0.219411991
1784881216.203910112,15.530000152,8.240599395,-0.171965501,1.200000000,0.214576726
1784881216.213910103,15.540000152,8.242504440,-0.170971773,1.200000000,0.209698915
1784881216.223910093,15.550000152,8.244361244,-0.170004049,1.200000000,0.204782824
1784881216.233910084,15.560000152,8.246169367,-0.169062503,1.200000000,0.199832721
1784881216.243910074,15.570000152,8.247928405,-0.168147290,1.200000000,0.194852872
1784881216.253910065,15.580000152,8.249637987,-0.167258548,1.200000000,0.189847545
1784881216.263910055,15.590000152,8.251297784,-0.166396394,1.200000000,0.184821007
1784881216.273910046,15.600000152,8.252907507,-0.165560925,1.200000000,0.179777525
1784881216.283910036,15.610000152,8.254466912,-0.164752215,1.200000000,0.174721366
1784881216.293910027,15.620000152,8.255975800,-0.163970314,1.200000000,0.169656798
1784881216.303910017,15.630000152,8.257434025,-0.163215248,1.200000000,0.164588086
1784881216.313910007,15.640000152,8.258841491,-0.162487018,1.200000000,0.159519499
1784881216.323909998,15.650000152,8.260198157,-0.161785594,1.200000000,0.154455303
1784881216.333909988,15.660000152,8.261504038,-0.161110921,1.200000000,0.149399765
1784881216.343909979,15.670000152,8.262759210,-0.160462914,1.200000000,0.144357153
1784881216.353909969,15.680000152,8.263963810,-0.159841455,1.200000000,0.139331734
1784881216.363909960,15.690000152,8.265118037,-0.159246398,1.200000000,0.134327775
1784881216.373909950,15.700000152,8.266222157,-0.158677563,1.200000000,0.129349542
1784881216.383909941,15.710000152,8.267276502,-0.158134736,1.200000000,0.124401303
1784881216.393910170,15.720000152,8.268281473,-0.157617670,1.200000000,0.119487325
1784881216.403910160,15.730000152,8.269237541,-0.157126083,1.200000000,0.114611876
1784881216.413910151,15.740000152,8.270145247,-0.156659660,1.200000000,0.109779221
1784881216.423910141,15.750000152,8.271005204,-0.156218048,1.200000000,0.104993629
1784881216.433910131,15.760000152,8.271818099,-0.155800860,1.200000000,0.100259367
1784881216.443910122,15.770000152,8.272584690,-0.155407672,1.200000000,0.095580700
1784881216.453910112,15.780000152,8.273305808,-0.155038025,1.200000000,0.090961898
1784881216.463910103,15.790000152,8.273982357,-0.154691426,1.200000000,0.086407225
1784881216.473910093,15.800000152,8.274615312,-0.154367343,1.200000000,0.081920951
1784881216.483910084,15.810000152,8.275205721,-0.154065214,1.200000000,0.077507342
1784881216.493910074,15.820000152,8.275754701,-0.153784438,1.200000000,0.073170664
1784881216.503910065,15.830000152,8.276263437,-0.153524385,1.200000000,0.068915185
1784881216.513910055,15.840000152,8.276733180,-0.153284391,1.200000000,0.064745173
1784881216.523910046,15.850000152,8.277165246,-0.153063759,1.200000000,0.060664893
1784881216.533910036,15.860000152,8.277561011,-0.152861766,1.200000000,0.056678614
1784881216.543910027,15.870000152,8.277921912,-0.152677660,1.200000000,0.052790603
1784881216.553910017,15.880000152,8.278249436,-0.152510660,1.200000000,0.049005125
1784881216.563910007,15.890000152,8.278545124,-0.152359966,1.200000000,0.045326450
1784881216.573909998,15.900000152,8.278810561,-0.152224751,1.200000000,0.041758843
1784881216.583909988,15.910000152,8.279047373,-0.152104174,1.200000000,0.038306571
1784881216.593909979,15.920000152,8.279257222,-0.151997374,1.200000000,0.034973903
1784881216.603909969,15.930000152,8.279441797,-0.151903477,1.200000000,0.031765104
1784881216.613909960,15.940000152,8.279602812,-0.151821602,1.200000000,0.028684442
1784881216.623909950,15.950000152,8.279741994,-0.151750858,1.200000000,0.025736185
1784881216.633909941,15.960000152,8.279861080,-0.151690354,1.200000000,0.022924598
1784881216.643910170,15.970000152,8.279961803,-0.151639201,1.200000000,0.020253950
1784881216.653910160,15.980000152,8.280045890,-0.151596513,1.200000000,0.017728508
1784881216.663910151,15.990000152,8.280115045,-0.151561419,1.200000000,0.015352537
1784881216.673910141,16.000000152,8.280170946,-0.151533063,1.200000000,0.013130306
1784881216.683910131,16.010000152,8.280215228,-0.151510609,1.200000000,0.011066082
1784881216.693910122,16.020000152,8.280249475,-0.151493249,1.200000000,0.009164132
1784881216.703910112,16.030000152,8.280275208,-0.151480210,1.200000000,0.007428722
1784881216.713910103,16.040000152,8.280293869,-0.151470757,1.200000000,0.005864120
1784881216.723910093,16.050000152,8.280306813,-0.151464203,1.200000000,0.004474593
1784881216.733910084,16.060000152,8.280315287,-0.151459914,1.200000000,0.003264409
1784881216.743910074,16.070000152,8.280320420,-0.151457317,1.200000000,0.002237833
1784881216.753910065,16.080000152,8.280323203,-0.151455908,1.200000000,0.001399134
1784881216.763910055,16.090000152,8.280324478,-0.151455264,1.200000000,0.000752578
1784881216.773910046,16.100000152,8.280324915,-0.151455043,1.200000000,0.000302432
1784881216.783910036,16.110000152,8.280324997,-0.151455001,1.200000000,0.000052964
1784881216.791064024,16.117154038,8.280325000,-0.151455000,1.200000000,-0.000000000
