stamp,elapsed,x,y,z,yaw
1784881159.716733217,0.000000154,-0.261959000,-0.006230000,1.200000000,-0.039639000
1784881159.726733208,0.010000154,-0.261958994,-0.006229999,1.200000000,-0.039642980
1784881159.736733198,0.020000154,-0.261958911,-0.006229987,1.200000000,-0.039654758
1784881159.746733189,0.030000154,-0.261958553,-0.006229936,1.200000000,-0.039674090
1784881159.756733179,0.040000154,-0.261957605,-0.006229800,1.200000000,-0.039700734
1784881159.766733170,0.050000154,-0.261955636,-0.006229517,1.200000000,-0.039734445
1784881159.776733160,0.060000154,-0.261952113,-0.006229012,1.200000000,-0.039774981
1784881159.786733150,0.070000154,-0.261946403,-0.006228192,1.200000000,-0.039822099
1784881159.796733141,0.080000154,-0.261937783,-0.006226955,1.200000000,-0.039875556
1784881159.806733131,0.090000154,-0.261925447,-0.006225184,1.200000000,-0.039935107
1784881159.816733122,0.100000154,-0.261908512,-0.006222752,1.200000000,-0.040000510
1784881159.826733112,0.110000154,-0.261886026,-0.006219523,1.200000000,-0.040071521
1784881159.836733103,0.120000154,-0.261856971,-0.006215351,1.200000000,-0.040147898
1784881159.846733093,0.130000154,-0.261820274,-0.006210080,1.200000000,-0.040229397
1784881159.856733084,0.140000154,-0.261774807,-0.006203549,1.200000000,-0.040315775
1784881159.866733074,0.150000154,-0.261719400,-0.006195590,1.200000000,-0.040406788
1784881159.876733065,0.160000154,-0.261652839,-0.006186028,1.200000000,-0.040502194
1784881159.886733055,0.170000154,-0.261573875,-0.006174682,1.200000000,-0.040601748
1784881159.896733046,0.180000154,-0.261481229,-0.006161369,1.200000000,-0.040705209
1784881159.906733036,0.190000154,-0.261373596,-0.006145901,1.200000000,-0.040812332
1784881159.916733027,0.200000154,-0.261249651,-0.006128086,1.200000000,-0.040922874
1784881159.926733017,0.210000154,-0.261108050,-0.006107732,1.200000000,-0.041036593
1784881159.936733246,0.220000154,-0.260947439,-0.006084643,1.200000000,-0.041153244
1784881159.946733236,0.230000154,-0.260766455,-0.006058622,1.200000000,-0.041272585
1784881159.956733227,0.240000154,-0.260563728,-0.006029471,1.200000000,-0.041394372
1784881159.966733217,0.250000154,-0.260337890,-0.005996994,1.200000000,-0.041518362
1784881159.976733208,0.260000154,-0.260087574,-0.005960992,1.200000000,-0.041644312
1784881159.986733198,0.270000154,-0.259811420,-0.005921269,1.200000000,-0.041771979
1784881159.996733189,0.280000154,-0.259508075,-0.005877630,1.200000000,-0.041901119
1784881160.006733179,0.290000154,-0.259176200,-0.005829881,1.200000000,-0.042031489
1784881160.016733170,0.300000154,-0.258814469,-0.005777830,1.200000000,-0.042162846
1784881160.026733160,0.310000154,-0.258421574,-0.005721287,1.200000000,-0.042294947
1784881160.036733150,0.320000154,-0.257996228,-0.005660067,1.200000000,-0.042427547
1784881160.046733141,0.330000154,-0.257537165,-0.005593985,1.200000000,-0.042560405
1784881160.056733131,0.340000154,-0.257043142,-0.005522861,1.200000000,-0.042693277
1784881160.066733122,0.350000154,-0.256512944,-0.005446520,1.200000000,-0.042825920
1784881160.076733112,0.360000154,-0.255945384,-0.005364788,1.200000000,-0.042958090
1784881160.086733103,0.370000154,-0.255339304,-0.005277497,1.200000000,-0.043089544
1784881160.096733093,0.380000154,-0.254693580,-0.005184484,1.200000000,-0.043220039
1784881160.106733084,0.390000154,-0.254007117,-0.005085590,1.200000000,-0.043349331
1784881160.116733074,0.400000154,-0.253278858,-0.004980659,1.200000000,-0.043477178
1784881160.126733065,0.410000154,-0.252507780,-0.004869544,1.200000000,-0.043603336
1784881160.136733055,0.420000154,-0.251692895,-0.004752099,1.200000000,-0.043727562
1784881160.146733046,0.430000154,-0.250833255,-0.004628186,1.200000000,-0.043849612
1784881160.156733036,0.440000154,-0.249927951,-0.004497671,1.200000000,-0.043969244
1784881160.166733027,0.450000154,-0.248976109,-0.004360428,1.200000000,-0.044086214
1784881160.176733017,0.460000154,-0.247976900,-0.004216333,1.200000000,-0.044200279
1784881160.186733246,0.470000154,-0.246929531,-0.004065271,1.200000000,-0.044311196
1784881160.196733236,0.480000154,-0.245833253,-0.003907130,1.200000000,-0.044418721
1784881160.206733227,0.490000154,-0.244687355,-0.003741806,1.200000000,-0.044522611
1784881160.216733217,0.500000154,-0.243491170,-0.003569200,1.200000000,-0.044622623
1784881160.226733208,0.510000154,-0.242244071,-0.003389220,1.200000000,-0.044718514
1784881160.236733198,0.520000154,-0.240945473,-0.003201777,1.200000000,-0.044810040
1784881160.246733189,0.530000154,-0.239594830,-0.003006790,1.200000000,-0.044896958
1784881160.256733179,0.540000154,-0.238191642,-0.002804185,1.200000000,-0.044979025
1784881160.266733170,0.550000154,-0.236735447,-0.002593892,1.200000000,-0.045055998
1784881160.276733160,0.560000154,-0.235225823,-0.002375847,1.200000000,-0.045127633
1784881160.286733150,0.570000154,-0.233662391,-0.002149993,1.200000000,-0.045193688
1784881160.296733141,0.580000154,-0.232044811,-0.001916276,1.200000000,-0.045253918
1784881160.306733131,0.590000154,-0.230372782,-0.001674651,1.200000000,-0.045308081
1784881160.316733122,0.600000154,-0.228646043,-0.001425077,1.200000000,-0.045355934
1784881160.326733112,0.610000154,-0.226864371,-0.001167518,1.200000000,-0.045397232
1784881160.336733103,0.620000154,-0.225027582,-0.000901944,1.200000000,-0.045431734
1784881160.346733093,0.630000154,-0.223135528,-0.000628332,1.200000000,-0.045459195
1784881160.356733084,0.640000154,-0.221188098,-0.000346660,1.200000000,-0.045479373
1784881160.366733074,0.650000154,-0.219185216,-0.000056916,1.200000000,-0.045492024
1784881160.376733065,0.660000154,-0.217126841,0.000240911,1.200000000,-0.045496905
1784881160.386733055,0.670000154,-0.215012969,0.000546825,1.200000000,-0.045493772
1784881160.396733046,0.680000154,-0.212843625,0.000860825,1.200000000,-0.045482383
1784881160.406733036,0.690000154,-0.210618868,0.001182906,1.200000000,-0.045462495
1784881160.416733027,0.700000154,-0.208338789,0.001513059,1.200000000,-0.045433863
1784881160.426733017,0.710000154,-0.206003510,0.001851271,1.200000000,-0.045396245
1784881160.436733246,0.720000154,-0.203613179,0.002197522,1.200000000,-0.045349397
1784881160.446733236,0.730000154,-0.201167978,0.002551790,1.200000000,-0.045293077
1784881160.456733227,0.740000154,-0.198668111,0.002914051,1.200000000,-0.045227040
1784881160.466733217,0.750000154,-0.196113812,0.003284273,1.200000000,-0.045151045
1784881160.476733208,0.760000154,-0.193505339,0.003662422,1.200000000,-0.045064846
1784881160.486733198,0.770000154,-0.190842976,0.004048462,1.200000000,-0.044968202
1784881160.496733189,0.780000154,-0.188127029,0.004442352,1.200000000,-0.044860869
1784881160.506733179,0.790000154,-0.185357828,0.004844048,1.200000000,-0.044742605
1784881160.516733170,0.800000154,-0.182535722,0.005253503,1.200000000,-0.044613270
1784881160.526733160,0.810000154,-0.179661085,0.005670666,1.200000000,-0.044472963
1784881160.536733150,0.820000154,-0.176734307,0.006095486,1.200000000,-0.044321814
1784881160.546733141,0.830000154,-0.173755798,0.006527906,1.200000000,-0.044159951
1784881160.556733131,0.840000154,-0.170725985,0.006967867,1.200000000,-0.043987506
1784881160.566733122,0.850000154,-0.167645315,0.007415310,1.200000000,-0.043804607
1784881160.576733112,0.860000154,-0.164514248,0.007870171,1.200000000,-0.043611384
1784881160.586733103,0.870000154,-0.161333261,0.008332385,1.200000000,-0.043407966
1784881160.596733093,0.880000154,-0.158102844,0.008801884,1.200000000,-0.043194485
1784881160.606733084,0.890000154,-0.154823502,0.009278599,1.200000000,-0.042971068
1784881160.616733074,0.900000154,-0.151495753,0.009762458,1.200000000,-0.042737846
1784881160.626733065,0.910000154,-0.148120125,0.010253389,1.200000000,-0.042494949
1784881160.636733055,0.920000154,-0.144697160,0.010751316,1.200000000,-0.042242506
1784881160.646733046,0.930000154,-0.141227409,0.011256163,1.200000000,-0.041980647
1784881160.656733036,0.940000154,-0.137711433,0.011767852,1.200000000,-0.041709501
1784881160.666733027,0.950000154,-0.134149803,0.012286305,1.200000000,-0.041429198
1784881160.676733017,0.960000154,-0.130543096,0.012811439,1.200000000,-0.041139868
1784881160.686733246,0.970000154,-0.126891900,0.013343175,1.200000000,-0.040841641
1784881160.696733236,0.980000154,-0.123196808,0.013881428,1.200000000,-0.040534646
1784881160.706733227,0.990000154,-0.119458420,0.014426117,1.200000000,-0.040219013
1784881160.716733217,1.000000154,-0.115677340,0.014977155,1.200000000,-0.039894871
1784881160.726733208,1.010000154,-0.111854180,0.015534457,1.200000000,-0.039562351
1784881160.736733198,1.020000154,-0.107989556,0.016097938,1.200000000,-0.039221581
1784881160.746733189,1.030000154,-0.104084085,0.016667511,1.200000000,-0.038872693
1784881160.756733179,1.040000154,-0.100138391,0.017243089,1.200000000,-0.038515814
1784881160.766733170,1.050000154,-0.096153098,0.017824583,1.200000000,-0.038151075
1784881160.776733160,1.060000154,-0.092128835,0.018411906,1.200000000,-0.037778606
1784881160.786733150,1.070000154,-0.088066229,0.019004970,1.200000000,-0.037398536
1784881160.796733141,1.080000154,-0.083965912,0.019603685,1.200000000,-0.037010995
1784881160.806733131,1.090000154,-0.079828514,0.020207964,1.200000000,-0.036616113
1784881160.816733122,1.100000154,-0.075654666,0.020817717,1.200000000,-0.036214019
1784881160.826733112,1.110000154,-0.071444999,0.021432856,1.200000000,-0.035804843
1784881160.836733103,1.120000154,-0.067200142,0.022053292,1.200000000,-0.035388715
1784881160.846733093,1.130000154,-0.062920725,0.022678936,1.200000000,-0.034965764
1784881160.856733084,1.140000154,-0.058607374,0.023309699,1.200000000,-0.034536120
1784881160.866733074,1.150000154,-0.054260715,0.023945494,1.200000000,-0.034099912
1784881160.876733065,1.160000154,-0.049881368,0.024586233,1.200000000,-0.033657271
1784881160.886733055,1.170000154,-0.045469954,0.025231828,1.200000000,-0.033208326
1784881160.896733046,1.180000154,-0.041027088,0.025882192,1.200000000,-0.032753207
1784881160.906733036,1.190000154,-0.036553384,0.026537238,1.200000000,-0.032292043
1784881160.916733027,1.200000154,-0.032049448,0.027196881,1.200000000,-0.031824964
1784881160.926733017,1.210000154,-0.027515885,0.027861034,1.200000000,-0.031352100
1784881160.936733246,1.220000154,-0.022953294,0.028529614,1.200000000,-0.030873580
1784881160.946733236,1.230000154,-0.018362268,0.029202535,1.200000000,-0.030389534
1784881160.956733227,1.240000154,-0.013743396,0.029879714,1.200000000,-0.029900092
1784881160.966733217,1.250000154,-0.009097261,0.030561069,1.200000000,-0.029405384
1784881160.976733208,1.260000154,-0.004424440,0.031246518,1.200000000,-0.028905538
1784881160.986733198,1.270000154,0.000274498,0.031935979,1.200000000,-0.028400686
1784881160.996733189,1.280000154,0.004998987,0.032629373,1.200000000,-0.027890955
1784881161.006733179,1.290000154,0.009748472,0.033326620,1.200000000,-0.027376477
1784881161.016733170,1.300000154,0.014522402,0.034027642,1.200000000,-0.026857381
1784881161.026733160,1.310000154,0.019320233,0.034732363,1.200000000,-0.026333796
1784881161.036733150,1.320000154,0.024141432,0.035440704,1.200000000,-0.025805852
1784881161.046733141,1.330000154,0.028985471,0.036152593,1.200000000,-0.025273679
1784881161.056733131,1.340000154,0.033851830,0.036867954,1.200000000,-0.024737406
1784881161.066733122,1.350000154,0.038739998,0.037586714,1.200000000,-0.024197164
1784881161.076733112,1.360000154,0.043649471,0.038308803,1.200000000,-0.023653081
1784881161.086733103,1.370000154,0.048579756,0.039034149,1.200000000,-0.023105288
1784881161.096733093,1.380000154,0.053530366,0.039762683,1.200000000,-0.022553914
1784881161.106733084,1.390000154,0.058500825,0.040494337,1.200000000,-0.021999089
1784881161.116733074,1.400000154,0.063490663,0.041229044,1.200000000,-0.021440943
1784881161.126733065,1.410000154,0.068499423,0.041966739,1.200000000,-0.020879604
1784881161.136733055,1.420000154,0.073526655,0.042707356,1.200000000,-0.020315204
1784881161.146733046,1.430000154,0.078571917,0.043450835,1.200000000,-0.019747871
1784881161.156733036,1.440000154,0.083634780,0.044197111,1.200000000,-0.019177735
1784881161.166733027,1.450000154,0.088714821,0.044946127,1.200000000,-0.018604927
1784881161.176733017,1.460000154,0.093811628,0.045697821,1.200000000,-0.018029574
1784881161.186733246,1.470000154,0.098924801,0.046452138,1.200000000,-0.017451808
1784881161.196733236,1.480000154,0.104053945,0.047209020,1.200000000,-0.016871758
1784881161.206733227,1.490000154,0.109198679,0.047968413,1.200000000,-0.016289554
1784881161.216733217,1.500000154,0.114358630,0.048730264,1.200000000,-0.015705325
1784881161.226733208,1.510000154,0.119533436,0.049494520,1.200000000,-0.015119200
1784881161.236733198,1.520000154,0.124722743,0.050261132,1.200000000,-0.014531311
1784881161.246733189,1.530000154,0.129926209,0.051030049,1.200000000,-0.013941785
1784881161.256733179,1.540000154,0.135143501,0.051801225,1.200000000,-0.013350754
1784881161.266733170,1.550000154,0.140374298,0.052574612,1.200000000,-0.012758346
1784881161.276733160,1.560000154,0.145618285,0.053350167,1.200000000,-0.012164692
1784881161.286733150,1.570000154,0.150875161,0.054127846,1.200000000,-0.011569920
1784881161.296733141,1.580000154,0.156144633,0.054907606,1.200000000,-0.010974162
1784881161.306733131,1.590000154,0.161426419,0.055689408,1.200000000,-0.010377545
1784881161.316733122,1.600000154,0.166720247,0.056473212,1.200000000,-0.009780201
1784881161.326733112,1.610000154,0.172025853,0.057258981,1.200000000,-0.009182258
1784881161.336733103,1.620000154,0.177342986,0.058046678,1.200000000,-0.008583846
1784881161.346733093,1.630000154,0.182671404,0.058836268,1.200000000,-0.007985096
1784881161.356733084,1.640000154,0.188010872,0.059627720,1.200000000,-0.007386136
1784881161.366733074,1.650000154,0.193361169,0.060420999,1.200000000,-0.006787097
1784881161.376733065,1.660000154,0.198722081,0.061216076,1.200000000,-0.006188108
1784881161.386733055,1.670000154,0.204093406,0.062012923,1.200000000,-0.005589298
1784881161.396733046,1.680000154,0.209474948,0.062811510,1.200000000,-0.004990798
1784881161.406733036,1.690000154,0.214866524,0.063611811,1.200000000,-0.004392737
1784881161.416733027,1.700000154,0.220267960,0.064413803,1.200000000,-0.003795245
1784881161.426733017,1.710000154,0.225679088,0.065217460,1.200000000,-0.003198451
1784881161.436733246,1.720000154,0.231099755,0.066022761,1.200000000,-0.002602485
1784881161.446733236,1.730000154,0.236529811,0.066829685,1.200000000,-0.002007477
1784881161.456733227,1.740000154,0.241969120,0.067638212,1.200000000,-0.001413557
1784881161.466733217,1.750000154,0.247417552,0.068448324,1.200000000,-0.000820853
1784881161.476733208,1.760000154,0.252874988,0.069260003,1.200000000,-0.000229497
1784881161.486733198,1.770000154,0.258341315,0.070073235,1.200000000,0.000360383
1784881161.496733189,1.780000154,0.263816432,0.070888005,1.200000000,0.000948657
1784881161.506733179,1.790000154,0.269300243,0.071704298,1.200000000,0.001535196
1784881161.516733170,1.800000154,0.274792664,0.072522105,1.200000000,0.002119868
1784881161.526733160,1.810000154,0.280293615,0.073341412,1.200000000,0.002702546
1784881161.536733150,1.820000154,0.285803028,0.074162212,1.200000000,0.003283098
1784881161.546733141,1.830000154,0.291320840,0.074984495,1.200000000,0.003861397
1784881161.556733131,1.840000154,0.296846999,0.075808254,1.200000000,0.004437310
1784881161.566733122,1.850000154,0.302381457,0.076633484,1.200000000,0.005010711
1784881161.576733112,1.860000154,0.307924175,0.077460178,1.200000000,0.005581467
1784881161.586733103,1.870000154,0.313475123,0.078288333,1.200000000,0.006149450
1784881161.596733093,1.880000154,0.319034277,0.079117947,1.200000000,0.006714531
1784881161.606733084,1.890000154,0.324601617,0.079949016,1.200000000,0.007276579
1784881161.616733074,1.900000154,0.330177136,0.080781541,1.200000000,0.007835465
1784881161.626733065,1.910000154,0.335760827,0.081615522,1.200000000,0.008391058
1784881161.636733055,1.920000154,0.341352696,0.082450959,1.200000000,0.008943230
1784881161.646733046,1.930000154,0.346952750,0.083287855,1.200000000,0.009491851
1784881161.656733036,1.940000154,0.352561004,0.084126213,1.200000000,0.010036791
1784881161.666733027,1.950000154,0.358177481,0.084966037,1.200000000,0.010577921
1784881161.676733017,1.960000154,0.363802207,0.085807331,1.200000000,0.011115110
1784881161.686733246,1.970000154,0.369435216,0.086650101,1.200000000,0.011648229
1784881161.696733236,1.980000154,0.375076544,0.087494353,1.200000000,0.012177148
1784881161.706733227,1.990000154,0.380726236,0.088340096,1.200000000,0.012701739
1784881161.716733217,2.000000154,0.386384341,0.089187336,1.200000000,0.013221870
1784881161.726733208,2.010000154,0.392050911,0.090036082,1.200000000,0.013737412
1784881161.736733198,2.020000154,0.397726005,0.090886345,1.200000000,0.014248237
1784881161.746733189,2.030000154,0.403409685,0.091738134,1.200000000,0.014754213
1784881161.756733179,2.040000154,0.409102019,0.092591460,1.200000000,0.015255211
1784881161.766733170,2.050000154,0.414803078,0.093446335,1.200000000,0.015751103
1784881161.776733160,2.060000154,0.420512937,0.094302770,1.200000000,0.016241757
1784881161.786733150,2.070000154,0.426231675,0.095160779,1.200000000,0.016727044
1784881161.796733141,2.080000154,0.431959374,0.096020374,1.200000000,0.017206835
1784881161.806733131,2.090000154,0.437696120,0.096881570,1.200000000,0.017681000
1784881161.816733122,2.100000154,0.443442003,0.097744380,1.200000000,0.018149410
1784881161.826733112,2.110000154,0.449197114,0.098608819,1.200000000,0.018611934
1784881161.836733103,2.120000154,0.454961548,0.099474903,1.200000000,0.019068443
1784881161.846733093,2.130000154,0.460735403,0.100342647,1.200000000,0.019518807
1784881161.856733084,2.140000154,0.466518779,0.101212067,1.200000000,0.019962896
1784881161.866733074,2.150000154,0.472311777,0.102083180,1.200000000,0.020400582
1784881161.876733065,2.160000154,0.478114503,0.102956001,1.200000000,0.020831734
1784881161.886733055,2.170000154,0.483927063,0.103830549,1.200000000,0.021256222
1784881161.896733046,2.180000154,0.489749563,0.104706839,1.200000000,0.021673918
1784881161.906733036,2.190000154,0.495582114,0.105584891,1.200000000,0.022084690
1784881161.916733027,2.200000154,0.501424826,0.106464721,1.200000000,0.022488410
1784881161.926733017,2.210000154,0.507277812,0.107346347,1.200000000,0.022884948
1784881161.936733246,2.220000154,0.513141183,0.108229788,1.200000000,0.023274174
1784881161.946733236,2.230000154,0.519015054,0.109115062,1.200000000,0.023655959
1784881161.956733227,2.240000154,0.524899538,0.110002186,1.200000000,0.024030172
1784881161.966733217,2.250000154,0.530794751,0.110891180,1.200000000,0.024396685
1784881161.976733208,2.260000154,0.536700806,0.111782063,1.200000000,0.024755367
1784881161.986733198,2.270000154,0.542617820,0.112674851,1.200000000,0.025106089
1784881161.996733189,2.280000154,0.548545906,0.113569565,1.200000000,0.025448721
1784881162.006733179,2.290000154,0.554485180,0.114466222,1.200000000,0.025783134
1784881162.016733170,2.300000154,0.560435756,0.115364841,1.200000000,0.026109197
1784881162.026733160,2.310000154,0.566397747,0.116265441,1.200000000,0.026426782
1784881162.036733150,2.320000154,0.572371267,0.117168039,1.200000000,0.026735757
1784881162.046733141,2.330000154,0.578356428,0.118072654,1.200000000,0.027035995
1784881162.056733131,2.340000154,0.584353340,0.118979304,1.200000000,0.027327365
1784881162.066733122,2.350000154,0.590362115,0.119888007,1.200000000,0.027609737
1784881162.076733112,2.360000154,0.596382860,0.120798781,1.200000000,0.027882982
1784881162.086733103,2.370000154,0.602415682,0.121711643,1.200000000,0.028146980
1784881162.096733093,2.380000154,0.608460688,0.122626610,1.200000000,0.028401743
1784881162.106733084,2.390000154,0.614517981,0.123543699,1.200000000,0.028647368
1784881162.116733074,2.400000154,0.620587664,0.124462928,1.200000000,0.028883956
1784881162.126733065,2.410000154,0.626669837,0.125384312,1.200000000,0.029111608
1784881162.136733055,2.420000154,0.632764597,0.126307867,1.200000000,0.029330424
1784881162.146733046,2.430000154,0.638872041,0.127233610,1.200000000,0.029540504
1784881162.156733036,2.440000154,0.644992263,0.128161556,1.200000000,0.029741950
1784881162.166733027,2.450000154,0.651125354,0.129091720,1.200000000,0.029934861
1784881162.176733017,2.460000154,0.657271402,0.130024117,1.200000000,0.030119338
1784881162.186733246,2.470000154,0.663430494,0.130958760,1.200000000,0.030295482
1784881162.196733236,2.480000154,0.669602714,0.131895664,1.200000000,0.030463392
1784881162.206733227,2.490000154,0.675788141,0.132834842,1.200000000,0.030623170
1784881162.216733217,2.500000154,0.681986854,0.133776307,1.200000000,0.030774915
1784881162.226733208,2.510000154,0.688198929,0.134720072,1.200000000,0.030918729
1784881162.236733198,2.520000154,0.694424436,0.135666148,1.200000000,0.031054711
1784881162.246733189,2.530000154,0.700663444,0.136614547,1.200000000,0.031182963
1784881162.256733179,2.540000154,0.706916020,0.137565279,1.200000000,0.031303584
1784881162.266733170,2.550000154,0.713182225,0.138518356,1.200000000,0.031416676
1784881162.276733160,2.560000154,0.719462118,0.139473786,1.200000000,0.031522338
1784881162.286733150,2.570000154,0.725755756,0.140431580,1.200000000,0.031620671
1784881162.296733141,2.580000154,0.732063190,0.141391746,1.200000000,0.031711775
1784881162.306733131,2.590000154,0.738384469,0.142354291,1.200000000,0.031795752
1784881162.316733122,2.600000154,0.744719638,0.143319224,1.200000000,0.031872701
1784881162.326733112,2.610000154,0.751068740,0.144286552,1.200000000,0.031942723
1784881162.336733103,2.620000154,0.757431811,0.145256279,1.200000000,0.032005918
1784881162.346733093,2.630000154,0.763808886,0.146228413,1.200000000,0.032062387
1784881162.356733084,2.640000154,0.770199995,0.147202958,1.200000000,0.032112231
1784881162.366733074,2.650000154,0.776605166,0.148179918,1.200000000,0.032155549
1784881162.376733065,2.660000154,0.783024421,0.149159297,1.200000000,0.032192442
1784881162.386733055,2.670000154,0.789457779,0.150141097,1.200000000,0.032223011
1784881162.396733046,2.680000154,0.795905257,0.151125321,1.200000000,0.032247357
1784881162.406733036,2.690000154,0.802366864,0.152111971,1.200000000,0.032265578
1784881162.416733027,2.700000154,0.808842608,0.153101047,1.200000000,0.032277777
1784881162.426733017,2.710000154,0.815332494,0.154092550,1.200000000,0.032284054
1784881162.436733246,2.720000154,0.821836521,0.155086477,1.200000000,0.032284508
1784881162.446733236,2.730000154,0.828354683,0.156082830,1.200000000,0.032279241
1784881162.456733227,2.740000154,0.834886974,0.157081604,1.200000000,0.032268353
1784881162.466733217,2.750000154,0.841433381,0.158082797,1.200000000,0.032251944
1784881162.476733208,2.760000154,0.847993887,0.159086406,1.200000000,0.032230115
1784881162.486733198,2.770000154,0.854568472,0.160092426,1.200000000,0.032202966
1784881162.496733189,2.780000154,0.861157112,0.161100852,1.200000000,0.032170599
1784881162.506733179,2.790000154,0.867759779,0.162111678,1.200000000,0.032133112
1784881162.516733170,2.800000154,0.874376441,0.163124897,1.200000000,0.032090607
1784881162.526733160,2.810000154,0.881007061,0.164140502,1.200000000,0.032043184
1784881162.536733150,2.820000154,0.887651599,0.165158485,1.200000000,0.031990944
1784881162.546733141,2.830000154,0.894310011,0.166178835,1.200000000,0.031933987
1784881162.556733131,2.840000154,0.900982250,0.167201544,1.200000000,0.031872414
1784881162.566733122,2.850000154,0.907668262,0.168226601,1.200000000,0.031806324
1784881162.576733112,2.860000154,0.914367993,0.169253994,1.200000000,0.031735819
1784881162.586733103,2.870000154,0.921081382,0.170283710,1.200000000,0.031660999
1784881162.596733093,2.880000154,0.927808365,0.171315737,1.200000000,0.031581964
1784881162.606733084,2.890000154,0.934548877,0.172350061,1.200000000,0.031498816
1784881162.616733074,2.900000154,0.941302844,0.173386667,1.200000000,0.031411653
1784881162.626733065,2.910000154,0.948070192,0.174425539,1.200000000,0.031320577
1784881162.636733055,2.920000154,0.954850842,0.175466661,1.200000000,0.031225689
1784881162.646733046,2.930000154,0.961644712,0.176510015,1.200000000,0.031127088
1784881162.656733036,2.940000154,0.968451715,0.177555584,1.200000000,0.031024876
1784881162.666733027,2.950000154,0.975271761,0.178603349,1.200000000,0.030919152
1784881162.676733017,2.960000154,0.982104758,0.179653289,1.200000000,0.030810017
1784881162.686733246,2.970000154,0.988950607,0.180705385,1.200000000,0.030697572
1784881162.696733236,2.980000154,0.995809208,0.181759615,1.200000000,0.030581917
1784881162.706733227,2.990000154,1.002680457,0.182815956,1.200000000,0.030463152
1784881162.716733217,3.000000154,1.009564247,0.183874386,1.200000000,0.030341379
1784881162.726733208,3.010000154,1.016460466,0.184934881,1.200000000,0.030216697
1784881162.736733198,3.020000154,1.023369000,0.185997416,1.200000000,0.030089206
1784881162.746733189,3.030000154,1.030289732,0.187061966,1.200000000,0.029959008
1784881162.756733179,3.040000154,1.037222541,0.188128504,1.200000000,0.029826203
1784881162.766733170,3.050000154,1.044167302,0.189197003,1.200000000,0.029690891
1784881162.776733160,3.060000154,1.051123889,0.190267436,1.200000000,0.029553173
1784881162.786733150,3.070000154,1.058092170,0.191339772,1.200000000,0.029413149
1784881162.796733141,3.080000154,1.065072014,0.192413983,1.200000000,0.029270920
1784881162.806733131,3.090000154,1.072063283,0.193490039,1.200000000,0.029126586
1784881162.816733122,3.100000154,1.079065838,0.194567908,1.200000000,0.028980247
1784881162.826733112,3.110000154,1.086079537,0.195647557,1.200000000,0.028832005
1784881162.836733103,3.120000154,1.093104236,0.196728955,1.200000000,0.028681959
1784881162.846733093,3.130000154,1.100139786,0.197812067,1.200000000,0.028530210
1784881162.856733084,3.140000154,1.107186038,0.198896859,1.200000000,0.028376858
1784881162.866733074,3.150000154,1.114242838,0.199983297,1.200000000,0.028222005
1784881162.876733065,3.160000154,1.121310032,0.201071342,1.200000000,0.028065749
1784881162.886733055,3.170000154,1.128387461,0.202160960,1.200000000,0.027908193
1784881162.896733046,3.180000154,1.135474965,0.203252112,1.200000000,0.027749436
1784881162.906733036,3.190000154,1.142572381,0.204344760,1.200000000,0.027589578
1784881162.916733027,3.200000154,1.149679545,0.205438865,1.200000000,0.027428721
1784881162.926733017,3.210000154,1.156796290,0.206534386,1.200000000,0.027266965
1784881162.936733246,3.220000154,1.163922446,0.207631284,1.200000000,0.027104410
1784881162.946733236,3.230000154,1.171057842,0.208729516,1.200000000,0.026941156
1784881162.956733227,3.240000154,1.178202305,0.209829041,1.200000000,0.026777304
1784881162.966733217,3.250000154,1.185355661,0.210929815,1.200000000,0.026612955
1784881162.976733208,3.260000154,1.192517731,0.212031796,1.200000000,0.026448209
1784881162.986733198,3.270000154,1.199688338,0.213134937,1.200000000,0.026283167
1784881162.996733189,3.280000154,1.206867301,0.214239195,1.200000000,0.026117928
1784881163.006733179,3.290000154,1.214054438,0.215344523,1.200000000,0.025952594
1784881163.016733170,3.300000154,1.221249566,0.216450875,1.200000000,0.025787264
1784881163.026733160,3.310000154,1.228452500,0.217558204,1.200000000,0.025622040
1784881163.036733150,3.320000154,1.235663053,0.218666461,1.200000000,0.025457022
1784881163.046733141,3.330000154,1.242881038,0.219775597,1.200000000,0.025292310
1784881163.056733131,3.340000154,1.250106267,0.220885564,1.200000000,0.025128005
1784881163.066733122,3.350000154,1.257338549,0.221996312,1.200000000,0.024964206
1784881163.076733112,3.360000154,1.264577694,0.223107788,1.200000000,0.024801016
1784881163.086733103,3.370000154,1.271823509,0.224219943,1.200000000,0.024638533
1784881163.096733093,3.380000154,1.279075802,0.225332723,1.200000000,0.024476860
1784881163.106733084,3.390000154,1.286334378,0.226446077,1.200000000,0.024316095
1784881163.116733074,3.400000154,1.293599045,0.227559950,1.200000000,0.024156339
1784881163.126733065,3.410000154,1.300869606,0.228674289,1.200000000,0.023997694
1784881163.136733055,3.420000154,1.308145866,0.229789039,1.200000000,0.023840259
1784881163.146733046,3.430000154,1.315427629,0.230904144,1.200000000,0.023684135
1784881163.156733036,3.440000154,1.322714697,0.232019549,1.200000000,0.023529422
1784881163.166733027,3.450000154,1.330006876,0.233135198,1.200000000,0.023376221
1784881163.176733017,3.460000154,1.337303966,0.234251032,1.200000000,0.023224632
1784881163.186733246,3.470000154,1.344605771,0.235366994,1.200000000,0.023074756
1784881163.196733236,3.480000154,1.351912094,0.236483027,1.200000000,0.022926694
1784881163.206733227,3.490000154,1.359222736,0.237599070,1.200000000,0.022780544
1784881163.216733217,3.500000154,1.366537500,0.238715066,1.200000000,0.022636409
1784881163.226733208,3.510000154,1.373856189,0.239830952,1.200000000,0.022494389
1784881163.236733198,3.520000154,1.381178606,0.240946670,1.200000000,0.022354584
1784881163.246733189,3.530000154,1.388504554,0.242062157,1.200000000,0.022217094
1784881163.256733179,3.540000154,1.395833835,0.243177352,1.200000000,0.022082020
1784881163.266733170,3.550000154,1.403166255,0.244292193,1.200000000,0.021949462
1784881163.276733160,3.560000154,1.410501618,0.245406618,1.200000000,0.021819522
1784881163.286733150,3.570000154,1.417839727,0.246520562,1.200000000,0.021692299
1784881163.296733141,3.580000154,1.425180390,0.247633963,1.200000000,0.021567893
1784881163.306733131,3.590000154,1.432523412,0.248746755,1.200000000,0.021446406
1784881163.316733122,3.600000154,1.439868600,0.249858875,1.200000000,0.021327938
1784881163.326733112,3.610000154,1.447215763,0.250970257,1.200000000,0.021212589
1784881163.336733103,3.620000154,1.454564708,0.252080836,1.200000000,0.021100459
1784881163.346733093,3.630000154,1.461915247,0.253190545,1.200000000,0.020991650
1784881163.356733084,3.640000154,1.469267189,0.254299317,1.200000000,0.020886261
1784881163.366733074,3.650000154,1.476620348,0.255407087,1.200000000,0.020784394
1784881163.376733065,3.660000154,1.483974536,0.256513786,1.200000000,0.020686147
1784881163.386733055,3.670000154,1.491329568,0.257619346,1.200000000,0.020591623
1784881163.396733046,3.680000154,1.498685259,0.258723700,1.200000000,0.020500922
1784881163.406733036,3.690000154,1.506041428,0.259826778,1.200000000,0.020414143
1784881163.416733027,3.700000154,1.513397892,0.260928512,1.200000000,0.020331388
1784881163.426733017,3.710000154,1.520754472,0.262028832,1.200000000,0.020252756
1784881163.436733246,3.720000154,1.528110990,0.263127668,1.200000000,0.020178349
1784881163.446733236,3.730000154,1.535467269,0.264224950,1.200000000,0.020108266
1784881163.456733227,3.740000154,1.542823135,0.265320608,1.200000000,0.020042609
1784881163.466733217,3.750000154,1.550178414,0.266414571,1.200000000,0.019981478
1784881163.476733208,3.760000154,1.557532935,0.267506766,1.200000000,0.019924972
1784881163.486733198,3.770000154,1.564886529,0.268597124,1.200000000,0.019873194
1784881163.496733189,3.780000154,1.572239028,0.269685572,1.200000000,0.019826242
1784881163.506733179,3.790000154,1.579590267,0.270772038,1.200000000,0.019784218
1784881163.516733170,3.800000154,1.586940081,0.271856448,1.200000000,0.019747222
1784881163.526733160,3.810000154,1.594288311,0.272938731,1.200000000,0.019715354
1784881163.536733150,3.820000154,1.601634795,0.274018814,1.200000000,0.019688715
1784881163.546733141,3.830000154,1.608979378,0.275096622,1.200000000,0.019667336
1784881163.556733131,3.840000154,1.616321904,0.276172083,1.200000000,0.019651093
1784881163.566733122,3.850000154,1.623662219,0.277245122,1.200000000,0.019639846
1784881163.576733112,3.860000154,1.631000175,0.278315665,1.200000000,0.019633450
1784881163.586733103,3.870000154,1.638335622,0.279383637,1.200000000,0.019631763
1784881163.596733093,3.880000154,1.645668415,0.280448965,1.200000000,0.019634642
1784881163.606733084,3.890000154,1.652998410,0.281511573,1.200000000,0.019641945
1784881163.616733074,3.900000154,1.660325466,0.282571386,1.200000000,0.019653528
1784881163.626733065,3.910000154,1.667649444,0.283628329,1.200000000,0.019669250
1784881163.636733055,3.920000154,1.674970209,0.284682326,1.200000000,0.019688966
1784881163.646733046,3.930000154,1.682287626,0.285733301,1.200000000,0.019712535
1784881163.656733036,3.940000154,1.689601565,0.286781179,1.200000000,0.019739814
1784881163.666733027,3.950000154,1.696911896,0.287825883,1.200000000,0.019770659
1784881163.676733017,3.960000154,1.704218495,0.288867338,1.200000000,0.019804928
1784881163.686733246,3.970000154,1.711521237,0.289905466,1.200000000,0.019842479
1784881163.696733236,3.980000154,1.718820002,0.290940191,1.200000000,0.019883169
1784881163.706733227,3.990000154,1.726114671,0.291971436,1.200000000,0.019926854
1784881163.716733217,4.000000154,1.733405129,0.292999125,1.200000000,0.019973392
1784881163.726733208,4.010000154,1.740691263,0.294023180,1.200000000,0.020022640
1784881163.736733198,4.020000154,1.747972963,0.295043525,1.200000000,0.020074456
1784881163.746733189,4.030000154,1.755250122,0.296060081,1.200000000,0.020128697
1784881163.756733179,4.040000154,1.762522634,0.297072771,1.200000000,0.020185219
1784881163.766733170,4.050000154,1.769790397,0.298081519,1.200000000,0.020243881
1784881163.776733160,4.060000154,1.777053313,0.299086246,1.200000000,0.020304539
1784881163.786733150,4.070000154,1.784311285,0.300086875,1.200000000,0.020367051
1784881163.796733141,4.080000154,1.791564218,0.301083327,1.200000000,0.020431274
1784881163.806733131,4.090000154,1.798812022,0.302075525,1.200000000,0.020497065
1784881163.816733122,4.100000154,1.806054609,0.303063392,1.200000000,0.020564281
1784881163.826733112,4.110000154,1.813291891,0.304046848,1.200000000,0.020632780
1784881163.836733103,4.120000154,1.820523788,0.305025817,1.200000000,0.020702419
1784881163.846733093,4.130000154,1.827750218,0.306000219,1.200000000,0.020773055
1784881163.856733084,4.140000154,1.834971104,0.306969977,1.200000000,0.020844545
1784881163.866733074,4.150000154,1.842186372,0.307935013,1.200000000,0.020916746
1784881163.876733065,4.160000154,1.849395950,0.308895248,1.200000000,0.020989517
1784881163.886733055,4.170000154,1.856599767,0.309850604,1.200000000,0.021062713
1784881163.896733046,4.180000154,1.863797759,0.310801003,1.200000000,0.021136193
1784881163.906733036,4.190000154,1.870989861,0.311746366,1.200000000,0.021209813
1784881163.916733027,4.200000154,1.878176013,0.312686616,1.200000000,0.021283431
1784881163.926733017,4.210000154,1.885356155,0.313621674,1.200000000,0.021356903
1784881163.936733246,4.220000154,1.892530233,0.314551461,1.200000000,0.021430088
1784881163.946733236,4.230000154,1.899698193,0.315475900,1.200000000,0.021502842
1784881163.956733227,4.240000154,1.906859986,0.316394912,1.200000000,0.021575023
1784881163.966733217,4.250000154,1.914015563,0.317308420,1.200000000,0.021646488
1784881163.976733208,4.260000154,1.921164880,0.318216344,1.200000000,0.021717094
1784881163.986733198,4.270000154,1.928307894,0.319118608,1.200000000,0.021786698
1784881163.996733189,4.280000154,1.935444566,0.320015132,1.200000000,0.021855158
1784881164.006733179,4.290000154,1.942574858,0.320905839,1.200000000,0.021922331
1784881164.016733170,4.300000154,1.949698736,0.321790651,1.200000000,0.021988073
1784881164.026733160,4.310000154,1.956816168,0.322669490,1.200000000,0.022052243
1784881164.036733150,4.320000154,1.963927125,0.323542278,1.200000000,0.022114698
1784881164.046733141,4.330000154,1.971031580,0.324408937,1.200000000,0.022175294
1784881164.056733131,4.340000154,1.978129507,0.325269390,1.200000000,0.022233889
1784881164.066733122,4.350000154,1.985220886,0.326123560,1.200000000,0.022290340
1784881164.076733112,4.360000154,1.992305697,0.326971368,1.200000000,0.022344505
1784881164.086733103,4.370000154,1.999383922,0.327812738,1.200000000,0.022396240
1784881164.096733093,4.380000154,2.006455547,0.328647591,1.200000000,0.022445404
1784881164.106733084,4.390000154,2.013520560,0.329475852,1.200000000,0.022491852
1784881164.116733074,4.400000154,2.020578950,0.330297443,1.200000000,0.022535443
1784881164.126733065,4.410000154,2.027630710,0.331112287,1.200000000,0.022576034
1784881164.136733055,4.420000154,2.034675834,0.331920307,1.200000000,0.022613481
1784881164.146733046,4.430000154,2.041714320,0.332721427,1.200000000,0.022647643
1784881164.156733036,4.440000154,2.048746167,0.333515570,1.200000000,0.022678375
1784881164.166733027,4.450000154,2.055771375,0.334302660,1.200000000,0.022705537
1784881164.176733017,4.460000154,2.062789948,0.335082621,1.200000000,0.022728984
1784881164.186733246,4.470000154,2.069801893,0.335855376,1.200000000,0.022748574
1784881164.196733236,4.480000154,2.076807216,0.336620850,1.200000000,0.022764164
1784881164.206733227,4.490000154,2.083805927,0.337378967,1.200000000,0.022775612
1784881164.216733217,4.500000154,2.090798038,0.338129652,1.200000000,0.022782774
1784881164.226733208,4.510000154,2.097783564,0.338872828,1.200000000,0.022785509
1784881164.236733198,4.520000154,2.104762519,0.339608422,1.200000000,0.022783672
1784881164.246733189,4.530000154,2.111734922,0.340336357,1.200000000,0.022777122
1784881164.256733179,4.540000154,2.118700792,0.341056560,1.200000000,0.022765716
1784881164.266733170,4.550000154,2.125660151,0.341768954,1.200000000,0.022749311
1784881164.276733160,4.560000154,2.132613022,0.342473467,1.200000000,0.022727763
1784881164.286733150,4.570000154,2.139559431,0.343170024,1.200000000,0.022700932
1784881164.296733141,4.580000154,2.146499403,0.343858551,1.200000000,0.022668672
1784881164.306733131,4.590000154,2.153432968,0.344538974,1.200000000,0.022630843
1784881164.316733122,4.600000154,2.160360156,0.345211219,1.200000000,0.022587300
1784881164.326733112,4.610000154,2.167280998,0.345875213,1.200000000,0.022537902
1784881164.336733103,4.620000154,2.174195529,0.346530884,1.200000000,0.022482505
1784881164.346733093,4.630000154,2.181103784,0.347178157,1.200000000,0.022420967
1784881164.356733084,4.640000154,2.188005798,0.347816962,1.200000000,0.022353145
1784881164.366733074,4.650000154,2.194901611,0.348447224,1.200000000,0.022278897
1784881164.376733065,4.660000154,2.201791261,0.349068872,1.200000000,0.022198078
1784881164.386733055,4.670000154,2.208674789,0.349681835,1.200000000,0.022110548
1784881164.396733046,4.680000154,2.215552239,0.350286040,1.200000000,0.022016162
1784881164.406733036,4.690000154,2.222423652,0.350881416,1.200000000,0.021914779
1784881164.416733027,4.700000154,2.229289075,0.351467892,1.200000000,0.021806255
1784881164.426733017,4.710000154,2.236148553,0.352045398,1.200000000,0.021690447
1784881164.436733246,4.720000154,2.243002134,0.352613862,1.200000000,0.021567214
1784881164.446733236,4.730000154,2.249849866,0.353173214,1.200000000,0.021436411
1784881164.456733227,4.740000154,2.256691798,0.353723385,1.200000000,0.021297897
1784881164.466733217,4.750000154,2.263527982,0.354264304,1.200000000,0.021151528
1784881164.476733208,4.760000154,2.270358468,0.354795902,1.200000000,0.020997162
1784881164.486733198,4.770000154,2.277183310,0.355318110,1.200000000,0.020834656
1784881164.496733189,4.780000154,2.284002561,0.355830859,1.200000000,0.020663868
1784881164.506733179,4.790000154,2.290816275,0.356334081,1.200000000,0.020484654
1784881164.516733170,4.800000154,2.297624509,0.356827707,1.200000000,0.020296871
1784881164.526733160,4.810000154,2.304427317,0.357311670,1.200000000,0.020100378
1784881164.536733150,4.820000154,2.311224756,0.357785901,1.200000000,0.019895031
1784881164.546733141,4.830000154,2.318016885,0.358250334,1.200000000,0.019680687
1784881164.556733131,4.840000154,2.324803762,0.358704902,1.200000000,0.019457204
1784881164.566733122,4.850000154,2.331585446,0.359149537,1.200000000,0.019224439
1784881164.576733112,4.860000154,2.338361995,0.359584173,1.200000000,0.018982249
1784881164.586733103,4.870000154,2.345133471,0.360008745,1.200000000,0.018730491
1784881164.596733093,4.880000154,2.351899933,0.360423187,1.200000000,0.018469023
1784881164.606733084,4.890000154,2.358661444,0.360827434,1.200000000,0.018197702
1784881164.616733074,4.900000154,2.365418063,0.361221420,1.200000000,0.017916384
1784881164.626733065,4.910000154,2.372169854,0.361605080,1.200000000,0.017624929
1784881164.636733055,4.920000154,2.378916878,0.361978352,1.200000000,0.017323191
1784881164.646733046,4.930000154,2.385659198,0.362341170,1.200000000,0.017011030
1784881164.656733036,4.940000154,2.392396877,0.362693470,1.200000000,0.016688301
1784881164.666733027,4.950000154,2.399129977,0.363035191,1.200000000,0.016354863
1784881164.676733017,4.960000154,2.405858562,0.363366268,1.200000000,0.016010572
1784881164.686733246,4.970000154,2.412582695,0.363686640,1.200000000,0.015655285
1784881164.696733236,4.980000154,2.419302440,0.363996244,1.200000000,0.015288861
1784881164.706733227,4.990000154,2.426017859,0.364295019,1.200000000,0.014911156
1784881164.716733217,5.000000154,2.432729017,0.364582902,1.200000000,0.014522027
1784881164.726733208,5.010000154,2.439435976,0.364859834,1.200000000,0.014121332
1784881164.736733198,5.020000154,2.446138800,0.365125753,1.200000000,0.013708928
1784881164.746733189,5.030000154,2.452837552,0.365380599,1.200000000,0.013284672
1784881164.756733179,5.040000154,2.459532296,0.365624312,1.200000000,0.012848421
1784881164.766733170,5.050000154,2.466223093,0.365856833,1.200000000,0.012400033
1784881164.776733160,5.060000154,2.472910008,0.366078103,1.200000000,0.011939365
1784881164.786733150,5.070000154,2.479593101,0.366288062,1.200000000,0.011466273
1784881164.796733141,5.080000154,2.486272436,0.366486653,1.200000000,0.010980616
1784881164.806733131,5.090000154,2.492948074,0.366673818,1.200000000,0.010482251
1784881164.816733122,5.100000154,2.499620076,0.366849499,1.200000000,0.009971034
1784881164.826733112,5.110000154,2.506288504,0.367013640,1.200000000,0.009446823
1784881164.836733103,5.120000154,2.512953417,0.367166182,1.200000000,0.008909476
1784881164.846733093,5.130000154,2.519614877,0.367307071,1.200000000,0.008358848
1784881164.856733084,5.140000154,2.526272942,0.367436250,1.200000000,0.007794799
1784881164.866733074,5.150000154,2.532927671,0.367553664,1.200000000,0.007217184
1784881164.876733065,5.160000154,2.539579123,0.367659258,1.200000000,0.006625862
1784881164.886733055,5.170000154,2.546227355,0.367752977,1.200000000,0.006020689
1784881164.896733046,5.180000154,2.552872425,0.367834767,1.200000000,0.005401522
1784881164.906733036,5.190000154,2.559514390,0.367904574,1.200000000,0.004768220
1784881164.916733027,5.200000154,2.566153304,0.367962345,1.200000000,0.004120638
1784881164.926733017,5.210000154,2.572789223,0.368008027,1.200000000,0.003458635
1784881164.936733246,5.220000154,2.579422200,0.368041567,1.200000000,0.002782067
1784881164.946733236,5.230000154,2.586052291,0.368062914,1.200000000,0.002090792
1784881164.956733227,5.240000154,2.592679546,0.368072015,1.200000000,0.001384667
1784881164.966733217,5.250000154,2.599304018,0.368068820,1.200000000,0.000663550
1784881164.976733208,5.260000154,2.605925757,0.368053279,1.200000000,-0.000072703
1784881164.986733198,5.270000154,2.612544814,0.368025339,1.200000000,-0.000824235
1784881164.996733189,5.280000154,2.619161237,0.367984953,1.200000000,-0.001591187
1784881165.006733179,5.290000154,2.625775074,0.367932070,1.200000000,-0.002373704
1784881165.016733170,5.300000154,2.632386373,0.367866641,1.200000000,-0.003171927
1784881165.026733160,5.310000154,2.638995180,0.367788619,1.200000000,-0.003985997
1784881165.036733150,5.320000154,2.645601538,0.367697954,1.200000000,-0.004815959
1784881165.046733141,5.330000154,2.652205493,0.367594600,1.200000000,-0.005661720
1784881165.056733131,5.340000154,2.658807088,0.367478509,1.200000000,-0.006523180
1784881165.066733122,5.350000154,2.665406363,0.367349635,1.200000000,-0.007400236
1784881165.076733112,5.360000154,2.672003360,0.367207931,1.200000000,-0.008292785
1784881165.086733103,5.370000154,2.678598118,0.367053351,1.200000000,-0.009200728
1784881165.096733093,5.380000154,2.685190676,0.366885851,1.200000000,-0.010123960
1784881165.106733084,5.390000154,2.691781071,0.366705386,1.200000000,-0.011062382
1784881165.116733074,5.400000154,2.698369338,0.366511911,1.200000000,-0.012015889
1784881165.126733065,5.410000154,2.704955513,0.366305382,1.200000000,-0.012984382
1784881165.136733055,5.420000154,2.711539629,0.366085756,1.200000000,-0.013967757
1784881165.146733046,5.430000154,2.718121719,0.365852990,1.200000000,-0.014965914
1784881165.156733036,5.440000154,2.724701814,0.365607042,1.200000000,-0.015978749
1784881165.166733027,5.450000154,2.731279944,0.365347869,1.200000000,-0.017006162
1784881165.176733017,5.460000154,2.737856137,0.365075431,1.200000000,-0.018048050
1784881165.186733246,5.470000154,2.744430421,0.364789686,1.200000000,-0.019104311
1784881165.196733236,5.480000154,2.751002822,0.364490593,1.200000000,-0.020174843
1784881165.206733227,5.490000154,2.757573366,0.364178113,1.200000000,-0.021259546
1784881165.216733217,5.500000154,2.764142075,0.363852206,1.200000000,-0.022358315
1784881165.226733208,5.510000154,2.770708971,0.363512832,1.200000000,-0.023471051
1784881165.236733198,5.520000154,2.777274077,0.363159955,1.200000000,-0.024597651
1784881165.246733189,5.530000154,2.783837411,0.362793534,1.200000000,-0.025738012
1784881165.256733179,5.540000154,2.790398991,0.362413533,1.200000000,-0.026892034
1784881165.266733170,5.550000154,2.796958836,0.362019915,1.200000000,-0.028059614
1784881165.276733160,5.560000154,2.803516960,0.361612642,1.200000000,-0.029240650
1784881165.286733150,5.570000154,2.810073378,0.361191679,1.200000000,-0.030435040
1784881165.296733141,5.580000154,2.816628103,0.360756991,1.200000000,-0.031642684
1784881165.306733131,5.590000154,2.823181147,0.360308541,1.200000000,-0.032863477
1784881165.316733122,5.600000154,2.829732520,0.359846296,1.200000000,-0.034097320
1784881165.326733112,5.610000154,2.836282231,0.359370221,1.200000000,-0.035344109
1784881165.336733103,5.620000154,2.842830289,0.358880282,1.200000000,-0.036603743
1784881165.346733093,5.630000154,2.849376698,0.358376447,1.200000000,-0.037876121
1784881165.356733084,5.640000154,2.855921465,0.357858683,1.200000000,-0.039161139
1784881165.366733074,5.650000154,2.862464593,0.357326958,1.200000000,-0.040458697
1784881165.376733065,5.660000154,2.869006084,0.356781240,1.200000000,-0.041768692
1784881165.386733055,5.670000154,2.875545941,0.356221497,1.200000000,-0.043091022
1784881165.396733046,5.680000154,2.882084162,0.355647700,1.200000000,-0.044425586
1784881165.406733036,5.690000154,2.888620745,0.355059818,1.200000000,-0.045772282
1784881165.416733027,5.700000154,2.895155689,0.354457822,1.200000000,-0.047131007
1784881165.426733017,5.710000154,2.901688990,0.353841683,1.200000000,-0.048501661
1784881165.436733246,5.720000154,2.908220640,0.353211371,1.200000000,-0.049884140
1784881165.446733236,5.730000154,2.914750635,0.352566859,1.200000000,-0.051278344
1784881165.456733227,5.740000154,2.921278966,0.351908120,1.200000000,-0.052684169
1784881165.466733217,5.750000154,2.927805623,0.351235126,1.200000000,-0.054101515
1784881165.476733208,5.760000154,2.934330597,0.350547851,1.200000000,-0.055530280
1784881165.486733198,5.770000154,2.940853875,0.349846269,1.200000000,-0.056970361
1784881165.496733189,5.780000154,2.947375445,0.349130354,1.200000000,-0.058421656
1784881165.506733179,5.790000154,2.953895291,0.348400081,1.200000000,-0.059884065
1784881165.516733170,5.800000154,2.960413400,0.347655426,1.200000000,-0.061357484
1784881165.526733160,5.810000154,2.966929754,0.346896365,1.200000000,-0.062841812
1784881165.536733150,5.820000154,2.973444334,0.346122875,1.200000000,-0.064336947
1784881165.546733141,5.830000154,2.979957123,0.345334932,1.200000000,-0.065842787
1784881165.556733131,5.840000154,2.986468100,0.344532515,1.200000000,-0.067359231
1784881165.566733122,5.850000154,2.992977243,0.343715600,1.200000000,-0.068886175
1784881165.576733112,5.860000154,2.999484530,0.342884168,1.200000000,-0.070423520
1784881165.586733103,5.870000154,3.005989937,0.342038198,1.200000000,-0.071971161
1784881165.596733093,5.880000154,3.012493439,0.341177668,1.200000000,-0.073528999
1784881165.606733084,5.890000154,3.018995011,0.340302559,1.200000000,-0.075096930
1784881165.616733074,5.900000154,3.025494625,0.339412852,1.200000000,-0.076674853
1784881165.626733065,5.910000154,3.031992253,0.338508528,1.200000000,-0.078262667
1784881165.636733055,5.920000154,3.038487866,0.337589569,1.200000000,-0.079860268
1784881165.646733046,5.930000154,3.044981434,0.336655958,1.200000000,-0.081467555
1784881165.656733036,5.940000154,3.051472925,0.335707677,1.200000000,-0.083084427
1784881165.666733027,5.950000154,3.057962308,0.334744709,1.200000000,-0.084710781
1784881165.676733017,5.960000154,3.064449548,0.333767039,1.200000000,-0.086346516
1784881165.686733246,5.970000154,3.070934612,0.332774650,1.200000000,-0.087991529
1784881165.696733236,5.980000154,3.077417464,0.331767529,1.200000000,-0.089645719
1784881165.706733227,5.990000154,3.083898068,0.330745659,1.200000000,-0.091308984
1784881165.716733217,6.000000154,3.090376388,0.329709028,1.200000000,-0.092981222
1784881165.726733208,6.010000154,3.096852384,0.328657622,1.200000000,-0.094662331
1784881165.736733198,6.020000154,3.103326018,0.327591428,1.200000000,-0.096352209
1784881165.746733189,6.030000154,3.109797251,0.326510433,1.200000000,-0.098050754
1784881165.756733179,6.040000154,3.116266042,0.325414626,1.200000000,-0.099757864
1784881165.766733170,6.050000154,3.122732348,0.324303995,1.200000000,-0.101473438
1784881165.776733160,6.060000154,3.129196129,0.323178530,1.200000000,-0.103197374
1784881165.786733150,6.070000154,3.135657340,0.322038220,1.200000000,-0.104929569
1784881165.796733141,6.080000154,3.142115939,0.320883056,1.200000000,-0.106669922
1784881165.806733131,6.090000154,3.148571879,0.319713027,1.200000000,-0.108418331
1784881165.816733122,6.100000154,3.155025117,0.318528127,1.200000000,-0.110174694
1784881165.826733112,6.110000154,3.161475606,0.317328345,1.200000000,-0.111938909
1784881165.836733103,6.120000154,3.167923299,0.316113675,1.200000000,-0.113710874
1784881165.846733093,6.130000154,3.174368149,0.314884110,1.200000000,-0.115490488
1784881165.856733084,6.140000154,3.180810109,0.313639644,1.200000000,-0.117277647
1784881165.866733074,6.150000154,3.187249128,0.312380269,1.200000000,-0.119072252
1784881165.876733065,6.160000154,3.193685158,0.311105980,1.200000000,-0.120874199
1784881165.886733055,6.170000154,3.200118150,0.309816773,1.200000000,-0.122683386
1784881165.896733046,6.180000154,3.206548052,0.308512644,1.200000000,-0.124499713
1784881165.906733036,6.190000154,3.212974815,0.307193587,1.200000000,-0.126323076
1784881165.916733027,6.200000154,3.219398385,0.305859601,1.200000000,-0.128153375
1784881165.926733017,6.210000154,3.225818713,0.304510681,1.200000000,-0.129990506
1784881165.936733246,6.220000154,3.232235745,0.303146826,1.200000000,-0.131834369
1784881165.946733236,6.230000154,3.238649428,0.301768033,1.200000000,-0.133684862
1784881165.956733227,6.240000154,3.245059710,0.300374303,1.200000000,-0.135541881
1784881165.966733217,6.250000154,3.251466536,0.298965633,1.200000000,-0.137405326
1784881165.976733208,6.260000154,3.257869853,0.297542024,1.200000000,-0.139275095
1784881165.986733198,6.270000154,3.264269606,0.296103476,1.200000000,-0.141151086
1784881165.996733189,6.280000154,3.270665742,0.294649989,1.200000000,-0.143033196
1784881166.006733179,6.290000154,3.277058204,0.293181567,1.200000000,-0.144921325
1784881166.016733170,6.300000154,3.283446938,0.291698209,1.200000000,-0.146815369
1784881166.026733160,6.310000154,3.289831888,0.290199919,1.200000000,-0.148715228
1784881166.036733150,6.320000154,3.296212999,0.288686699,1.200000000,-0.150620799
1784881166.046733141,6.330000154,3.302590215,0.287158554,1.200000000,-0.152531981
1784881166.056733131,6.340000154,3.308963480,0.285615487,1.200000000,-0.154448671
1784881166.066733122,6.350000154,3.315332738,0.284057503,1.200000000,-0.156370767
1784881166.076733112,6.360000154,3.321697932,0.282484606,1.200000000,-0.158298169
1784881166.086733103,6.370000154,3.328059006,0.280896804,1.200000000,-0.160230773
1784881166.096733093,6.380000154,3.334415903,0.279294101,1.200000000,-0.162168478
1784881166.106733084,6.390000154,3.340768568,0.277676504,1.200000000,-0.164111182
1784881166.116733074,6.400000154,3.347116943,0.276044021,1.200000000,-0.166058783
1784881166.126733065,6.410000154,3.353460972,0.274396660,1.200000000,-0.168011179
1784881166.136733055,6.420000154,3.359800599,0.272734428,1.200000000,-0.169968269
1784881166.146733046,6.430000154,3.366135766,0.271057334,1.200000000,-0.171929950
1784881166.156733036,6.440000154,3.372466419,0.269365389,1.200000000,-0.173896121
1784881166.166733027,6.450000154,3.378792500,0.267658601,1.200000000,-0.175866680
1784881166.176733017,6.460000154,3.385113953,0.265936982,1.200000000,-0.177841524
1784881166.186733246,6.470000154,3.391430722,0.264200541,1.200000000,-0.179820552
1784881166.196733236,6.480000154,3.397742751,0.262449291,1.200000000,-0.181803662
1784881166.206733227,6.490000154,3.404049986,0.260683244,1.200000000,-0.183790752
1784881166.216733217,6.500000154,3.410352369,0.258902411,1.200000000,-0.185781721
1784881166.226733208,6.510000154,3.416649847,0.257106807,1.200000000,-0.187776465
1784881166.236733198,6.520000154,3.422942364,0.255296444,1.200000000,-0.189774884
1784881166.246733189,6.530000154,3.429229865,0.253471336,1.200000000,-0.191776876
1784881166.256733179,6.540000154,3.435512296,0.251631500,1.200000000,-0.193782338
1784881166.266733170,6.550000154,3.441789604,0.249776948,1.200000000,-0.195791169
1784881166.276733160,6.560000154,3.448061734,0.247907697,1.200000000,-0.197803266
1784881166.286733150,6.570000154,3.454328633,0.246023764,1.200000000,-0.199818529
1784881166.296733141,6.580000154,3.460590248,0.244125165,1.200000000,-0.201836854
1784881166.306733131,6.590000154,3.466846528,0.242211917,1.200000000,-0.203858141
1784881166.316733122,6.600000154,3.473097419,0.240284038,1.200000000,-0.205882287
1784881166.326733112,6.610000154,3.479342872,0.238341546,1.200000000,-0.207909190
1784881166.336733103,6.620000154,3.485582833,0.236384460,1.200000000,-0.209938749
1784881166.346733093,6.630000154,3.491817254,0.234412799,1.200000000,-0.211970861
1784881166.356733084,6.640000154,3.498046083,0.232426584,1.200000000,-0.214005425
1784881166.366733074,6.650000154,3.504269272,0.230425834,1.200000000,-0.216042339
1784881166.376733065,6.660000154,3.510486772,0.228410570,1.200000000,-0.218081501
1784881166.386733055,6.670000154,3.516698535,0.226380814,1.200000000,-0.220122808
1784881166.396733046,6.680000154,3.522904513,0.224336588,1.200000000,-0.222166160
1784881166.406733036,6.690000154,3.529104659,0.222277914,1.200000000,-0.224211453
1784881166.416733027,6.700000154,3.535298927,0.220204815,1.200000000,-0.226258588
1784881166.426733017,6.710000154,3.541487270,0.218117315,1.200000000,-0.228307460
1784881166.436733246,6.720000154,3.547669646,0.216015437,1.200000000,-0.230357969
1784881166.446733236,6.730000154,3.553846008,0.213899206,1.200000000,-0.232410013
1784881166.456733227,6.740000154,3.560016315,0.211768648,1.200000000,-0.234463489
1784881166.466733217,6.750000154,3.566180522,0.209623787,1.200000000,-0.236518296
1784881166.476733208,6.760000154,3.572338589,0.207464650,1.200000000,-0.238574332
1784881166.486733198,6.770000154,3.578490474,0.205291263,1.200000000,-0.240631495
1784881166.496733189,6.780000154,3.584636137,0.203103653,1.200000000,-0.242689683
1784881166.506733179,6.790000154,3.590775538,0.200901848,1.200000000,-0.244748795
1784881166.516733170,6.800000154,3.596908640,0.198685877,1.200000000,-0.246808727
1784881166.526733160,6.810000154,3.603035404,0.196455767,1.200000000,-0.248869379
1784881166.536733150,6.820000154,3.609155793,0.194211548,1.200000000,-0.250930649
1784881166.546733141,6.830000154,3.615269772,0.191953249,1.200000000,-0.252992435
1784881166.556733131,6.840000154,3.621377305,0.189680901,1.200000000,-0.255054634
1784881166.566733122,6.850000154,3.627478359,0.187394534,1.200000000,-0.257117145
1784881166.576733112,6.860000154,3.633572901,0.185094180,1.200000000,-0.259179866
1784881166.586733103,6.870000154,3.639660898,0.182779870,1.200000000,-0.261242695
1784881166.596733093,6.880000154,3.645742319,0.180451637,1.200000000,-0.263305530
1784881166.606733084,6.890000154,3.651817134,0.178109513,1.200000000,-0.265368269
1784881166.616733074,6.900000154,3.657885315,0.175753531,1.200000000,-0.267430811
1784881166.626733065,6.910000154,3.663946832,0.173383725,1.200000000,-0.269493054
1784881166.636733055,6.920000154,3.670001658,0.171000129,1.200000000,-0.271554895
1784881166.646733046,6.930000154,3.676049769,0.168602779,1.200000000,-0.273616232
1784881166.656733036,6.940000154,3.682091138,0.166191709,1.200000000,-0.275676965
1784881166.666733027,6.950000154,3.688125741,0.163766955,1.200000000,-0.277736990
1784881166.676733017,6.960000154,3.694153557,0.161328553,1.200000000,-0.279796206
1784881166.686733246,6.970000154,3.700174563,0.158876540,1.200000000,-0.281854512
1784881166.696733236,6.980000154,3.706188739,0.156410954,1.200000000,-0.283911806
1784881166.706733227,6.990000154,3.712196064,0.153931832,1.200000000,-0.285968021
1784881166.716733217,7.000000154,3.718196521,0.151439213,1.200000000,-0.288023120
1784881166.726733208,7.010000154,3.724190093,0.148933135,1.200000000,-0.290077069
1784881166.736733198,7.020000154,3.730176763,0.146413637,1.200000000,-0.292129833
1784881166.746733189,7.030000154,3.736156516,0.143880760,1.200000000,-0.294181377
1784881166.756733179,7.040000154,3.742129338,0.141334543,1.200000000,-0.296231666
1784881166.766733170,7.050000154,3.748095217,0.138775028,1.200000000,-0.298280666
1784881166.776733160,7.060000154,3.754054141,0.136202255,1.200000000,-0.300328341
1784881166.786733150,7.070000154,3.760006100,0.133616268,1.200000000,-0.302374656
1784881166.796733141,7.080000154,3.765951084,0.131017106,1.200000000,-0.304419578
1784881166.806733131,7.090000154,3.771889086,0.128404815,1.200000000,-0.306463071
1784881166.816733122,7.100000154,3.777820099,0.125779436,1.200000000,-0.308505100
1784881166.826733112,7.110000154,3.783744116,0.123141014,1.200000000,-0.310545630
1784881166.836733103,7.120000154,3.789661135,0.120489593,1.200000000,-0.312584627
1784881166.846733093,7.130000154,3.795571150,0.117825218,1.200000000,-0.314622056
1784881166.856733084,7.140000154,3.801474161,0.115147934,1.200000000,-0.316657882
1784881166.866733074,7.150000154,3.807370167,0.112457787,1.200000000,-0.318692070
1784881166.876733065,7.160000154,3.813259167,0.109754823,1.200000000,-0.320724585
1784881166.886733055,7.170000154,3.819141164,0.107039089,1.200000000,-0.322755393
1784881166.896733046,7.180000154,3.825016160,0.104310631,1.200000000,-0.324784458
1784881166.906733036,7.190000154,3.830884159,0.101569499,1.200000000,-0.326811746
1784881166.916733027,7.200000154,3.836745166,0.098815740,1.200000000,-0.328837223
1784881166.926733017,7.210000154,3.842599187,0.096049403,1.200000000,-0.330860852
1784881166.936733246,7.220000154,3.848446230,0.093270537,1.200000000,-0.332882600
1784881166.946733236,7.230000154,3.854286304,0.090479191,1.200000000,-0.334902432
1784881166.956733227,7.240000154,3.860119419,0.087675417,1.200000000,-0.336920312
1784881166.966733217,7.250000154,3.865945586,0.084859265,1.200000000,-0.338936207
1784881166.976733208,7.260000154,3.871764817,0.082030785,1.200000000,-0.340950080
1784881166.986733198,7.270000154,3.877577125,0.079190030,1.200000000,-0.342961898
1784881166.996733189,7.280000154,3.883382526,0.076337052,1.200000000,-0.344971625
1784881167.006733179,7.290000154,3.889181035,0.073471904,1.200000000,-0.346979226
1784881167.016733170,7.300000154,3.894972669,0.070594638,1.200000000,-0.348984668
1784881167.026733160,7.310000154,3.900757446,0.067705308,1.200000000,-0.350987915
1784881167.036733150,7.320000154,3.906535387,0.064803969,1.200000000,-0.352988931
1784881167.046733141,7.330000154,3.912306511,0.061890675,1.200000000,-0.354987683
1784881167.056733131,7.340000154,3.918070840,0.058965481,1.200000000,-0.356984136
1784881167.066733122,7.350000154,3.923828396,0.056028443,1.200000000,-0.358978254
1784881167.076733112,7.360000154,3.929579205,0.053079616,1.200000000,-0.360970004
1784881167.086733103,7.370000154,3.935323291,0.050119058,1.200000000,-0.362959349
1784881167.096733093,7.380000154,3.941060681,0.047146825,1.200000000,-0.364946256
1784881167.106733084,7.390000154,3.946791401,0.044162975,1.200000000,-0.366930689
1784881167.116733074,7.400000154,3.952515481,0.041167566,1.200000000,-0.368912613
1784881167.126733065,7.410000154,3.958232949,0.038160656,1.200000000,-0.370891994
1784881167.136733055,7.420000154,3.963943837,0.035142305,1.200000000,-0.372868798
1784881167.146733046,7.430000154,3.969648177,0.032112571,1.200000000,-0.374842988
1784881167.156733036,7.440000154,3.975346001,0.029071515,1.200000000,-0.376814531
1784881167.166733027,7.450000154,3.981037344,0.026019198,1.200000000,-0.378783391
1784881167.176733017,7.460000154,3.986722240,0.022955679,1.200000000,-0.380749534
1784881167.186733246,7.470000154,3.992400726,0.019881020,1.200000000,-0.382712925
1784881167.196733236,7.480000154,3.998072839,0.016795284,1.200000000,-0.384673529
1784881167.206733227,7.490000154,4.003738616,0.013698532,1.200000000,-0.386631311
1784881167.216733217,7.500000154,4.009398098,0.010590828,1.200000000,-0.388586236
1784881167.226733208,7.510000154,4.015051324,0.007472234,1.200000000,-0.390538270
1784881167.236733198,7.520000154,4.020698336,0.004342814,1.200000000,-0.392487378
1784881167.246733189,7.530000154,4.026339175,0.001202633,1.200000000,-0.394433524
1784881167.256733179,7.540000154,4.031973886,-0.001948245,1.200000000,-0.396376675
1784881167.266733170,7.550000154,4.037602512,-0.005109755,1.200000000,-0.398316795
1784881167.276733160,7.560000154,4.043225099,-0.008281831,1.200000000,-0.400253849
1784881167.286733150,7.570000154,4.048841692,-0.011464407,1.200000000,-0.402187803
1784881167.296733141,7.580000154,4.054452338,-0.014657416,1.200000000,-0.404118622
1784881167.306733131,7.590000154,4.060057086,-0.017860791,1.200000000,-0.406046271
1784881167.316733122,7.600000154,4.065655985,-0.021074466,1.200000000,-0.407970715
1784881167.326733112,7.610000154,4.071249083,-0.024298371,1.200000000,-0.409891919
1784881167.336733103,7.620000154,4.076836433,-0.027532439,1.200000000,-0.411809849
1784881167.346733093,7.630000154,4.082418084,-0.030776600,1.200000000,-0.413724469
1784881167.356733084,7.640000154,4.087994090,-0.034030785,1.200000000,-0.415635746
1784881167.366733074,7.650000154,4.093564504,-0.037294925,1.200000000,-0.417543643
1784881167.376733065,7.660000154,4.099129380,-0.040568949,1.200000000,-0.419448127
1784881167.386733055,7.670000154,4.104688772,-0.043852786,1.200000000,-0.421349162
1784881167.396733046,7.680000154,4.110242736,-0.047146365,1.200000000,-0.423246714
1784881167.406733036,7.690000154,4.115791329,-0.050449614,1.200000000,-0.425140747
1784881167.416733027,7.700000154,4.121334608,-0.053762462,1.200000000,-0.427031227
1784881167.426733017,7.710000154,4.126872630,-0.057084835,1.200000000,-0.428918120
1784881167.436733246,7.720000154,4.132405455,-0.060416661,1.200000000,-0.430801389
1784881167.446733236,7.730000154,4.137933142,-0.063757866,1.200000000,-0.432681002
1784881167.456733227,7.740000154,4.143455750,-0.067108375,1.200000000,-0.434556922
1784881167.466733217,7.750000154,4.148973341,-0.070468116,1.200000000,-0.436429114
1784881167.476733208,7.760000154,4.154485976,-0.073837012,1.200000000,-0.438297545
1784881167.486733198,7.770000154,4.159993717,-0.077214988,1.200000000,-0.440162179
1784881167.496733189,7.780000154,4.165496626,-0.080601969,1.200000000,-0.442022981
1784881167.506733179,7.790000154,4.170994768,-0.083997878,1.200000000,-0.443879917
1784881167.516733170,7.800000154,4.176488206,-0.087402639,1.200000000,-0.445732951
1784881167.526733160,7.810000154,4.181977005,-0.090816174,1.200000000,-0.447582050
1784881167.536733150,7.820000154,4.187461229,-0.094238406,1.200000000,-0.449427177
1784881167.546733141,7.830000154,4.192940945,-0.097669257,1.200000000,-0.451268299
1784881167.556733131,7.840000154,4.198416219,-0.101108649,1.200000000,-0.453105380
1784881167.566733122,7.850000154,4.203887117,-0.104556501,1.200000000,-0.454938386
1784881167.576733112,7.860000154,4.209353706,-0.108012735,1.200000000,-0.456767281
1784881167.586733103,7.870000154,4.214816055,-0.111477272,1.200000000,-0.458592032
1784881167.596733093,7.880000154,4.220274232,-0.114950030,1.200000000,-0.460412603
1784881167.606733084,7.890000154,4.225728305,-0.118430930,1.200000000,-0.462228958
1784881167.616733074,7.900000154,4.231178343,-0.121919889,1.200000000,-0.464041065
1784881167.626733065,7.910000154,4.236624416,-0.125416827,1.200000000,-0.465848887
1784881167.636733055,7.920000154,4.242066594,-0.128921661,1.200000000,-0.467652390
1784881167.646733046,7.930000154,4.247504947,-0.132434309,1.200000000,-0.469451539
1784881167.656733036,7.940000154,4.252939545,-0.135954688,1.200000000,-0.471246299
1784881167.666733027,7.950000154,4.258370460,-0.139482714,1.200000000,-0.473036636
1784881167.676733017,7.960000154,4.263797763,-0.143018304,1.200000000,-0.474822514
1784881167.686733246,7.970000154,4.269221525,-0.146561373,1.200000000,-0.476603899
1784881167.696733236,7.980000154,4.274641819,-0.150111838,1.200000000,-0.478380756
1784881167.706733227,7.990000154,4.280058717,-0.153669612,1.200000000,-0.480153050
1784881167.716733217,8.000000154,4.285472290,-0.157234611,1.200000000,-0.481920746
1784881167.726733208,8.010000154,4.290882612,-0.160806747,1.200000000,-0.483683810
1784881167.736733198,8.020000154,4.296289756,-0.164385936,1.200000000,-0.485442206
1784881167.746733189,8.030000154,4.301693794,-0.167972090,1.200000000,-0.487195900
1784881167.756733179,8.040000154,4.307094800,-0.171565122,1.200000000,-0.488944857
1784881167.766733170,8.050000154,4.312492847,-0.175164944,1.200000000,-0.490689043
1784881167.776733160,8.060000154,4.317888009,-0.178771469,1.200000000,-0.492428421
1784881167.786733150,8.070000154,4.323280360,-0.182384607,1.200000000,-0.494162958
1784881167.796733141,8.080000154,4.328669972,-0.186004270,1.200000000,-0.495892619
1784881167.806733131,8.090000154,4.334056921,-0.189630369,1.200000000,-0.497617369
1784881167.816733122,8.100000154,4.339441279,-0.193262813,1.200000000,-0.499337173
1784881167.826733112,8.110000154,4.344823122,-0.196901513,1.200000000,-0.501051996
1784881167.836733103,8.120000154,4.350202522,-0.200546378,1.200000000,-0.502761803
1784881167.846733093,8.130000154,4.355579554,-0.204197317,1.200000000,-0.504466560
1784881167.856733084,8.140000154,4.360954293,-0.207854239,1.200000000,-0.506166232
1784881167.866733074,8.150000154,4.366326810,-0.211517052,1.200000000,-0.507860784
1784881167.876733065,8.160000154,4.371697182,-0.215185663,1.200000000,-0.509550180
1784881167.886733055,8.170000154,4.377065481,-0.218859981,1.200000000,-0.511234387
1784881167.896733046,8.180000154,4.382431782,-0.222539911,1.200000000,-0.512913370
1784881167.906733036,8.190000154,4.387796157,-0.226225361,1.200000000,-0.514587093
1784881167.916733027,8.200000154,4.393158681,-0.229916237,1.200000000,-0.516255522
1784881167.926733017,8.210000154,4.398519427,-0.233612445,1.200000000,-0.517918623
1784881167.936733246,8.220000154,4.403878468,-0.237313889,1.200000000,-0.519576359
1784881167.946733236,8.230000154,4.409235877,-0.241020475,1.200000000,-0.521228697
1784881167.956733227,8.240000154,4.414591727,-0.244732108,1.200000000,-0.522875601
1784881167.966733217,8.250000154,4.419946091,-0.248448692,1.200000000,-0.524517037
1784881167.976733208,8.260000154,4.425299041,-0.252170130,1.200000000,-0.526152970
1784881167.986733198,8.270000154,4.430650649,-0.255896326,1.200000000,-0.527783365
1784881167.996733189,8.280000154,4.436000988,-0.259627182,1.200000000,-0.529408187
1784881168.006733179,8.290000154,4.441350128,-0.263362603,1.200000000,-0.531027401
1784881168.016733170,8.300000154,4.446698142,-0.267102489,1.200000000,-0.532640974
1784881168.026733160,8.310000154,4.452045099,-0.270846743,1.200000000,-0.534248869
1784881168.036733150,8.320000154,4.457391072,-0.274595266,1.200000000,-0.535851052
1784881168.046733141,8.330000154,4.462736129,-0.278347959,1.200000000,-0.537447488
1784881168.056733131,8.340000154,4.468080342,-0.282104723,1.200000000,-0.539038142
1784881168.066733122,8.350000154,4.473423779,-0.285865459,1.200000000,-0.540622980
1784881168.076733112,8.360000154,4.478766510,-0.289630066,1.200000000,-0.542201967
1784881168.086733103,8.370000154,4.484108604,-0.293398443,1.200000000,-0.543775067
1784881168.096733093,8.380000154,4.489450128,-0.297170491,1.200000000,-0.545342247
1784881168.106733084,8.390000154,4.494791151,-0.300946108,1.200000000,-0.546903471
1784881168.116733074,8.400000154,4.500131739,-0.304725192,1.200000000,-0.548458704
1784881168.126733065,8.410000154,4.505471961,-0.308507642,1.200000000,-0.550007912
1784881168.136733055,8.420000154,4.510811881,-0.312293355,1.200000000,-0.551551059
1784881168.146733046,8.430000154,4.516151566,-0.316082229,1.200000000,-0.553088112
1784881168.156733036,8.440000154,4.521491081,-0.319874161,1.200000000,-0.554619034
1784881168.166733027,8.450000154,4.526830492,-0.323669048,1.200000000,-0.556143792
1784881168.176733017,8.460000154,4.532169861,-0.327466785,1.200000000,-0.557662350
1784881168.186733246,8.470000154,4.537509253,-0.331267269,1.200000000,-0.559174674
1784881168.196733236,8.480000154,4.542848730,-0.335070396,1.200000000,-0.560680729
1784881168.206733227,8.490000154,4.548188356,-0.338876060,1.200000000,-0.562180480
1784881168.216733217,8.500000154,4.553528191,-0.342684158,1.200000000,-0.563673891
1784881168.226733208,8.510000154,4.558868296,-0.346494582,1.200000000,-0.565160930
1784881168.236733198,8.520000154,4.564208733,-0.350307228,1.200000000,-0.566641560
1784881168.246733189,8.530000154,4.569549561,-0.354121990,1.200000000,-0.568115746
1784881168.256733179,8.540000154,4.574890838,-0.357938761,1.200000000,-0.569583454
1784881168.266733170,8.550000154,4.580232624,-0.361757434,1.200000000,-0.571044650
1784881168.276733160,8.560000154,4.585574975,-0.365577902,1.200000000,-0.572499297
1784881168.286733150,8.570000154,4.590917949,-0.369400058,1.200000000,-0.573947363
1784881168.296733141,8.580000154,4.596261602,-0.373223794,1.200000000,-0.575388810
1784881168.306733131,8.590000154,4.601605989,-0.377049003,1.200000000,-0.576823606
1784881168.316733122,8.600000154,4.606951165,-0.380875575,1.200000000,-0.578251714
1784881168.326733112,8.610000154,4.612297184,-0.384703401,1.200000000,-0.579673101
1784881168.336733103,8.620000154,4.617644098,-0.388532374,1.200000000,-0.581087730
1784881168.346733093,8.630000154,4.622991960,-0.392362383,1.200000000,-0.582495569
1784881168.356733084,8.640000154,4.628340822,-0.396193320,1.200000000,-0.583896581
1784881168.366733074,8.650000154,4.633690733,-0.400025073,1.200000000,-0.585290732
1784881168.376733065,8.660000154,4.639041744,-0.403857533,1.200000000,-0.586677986
1784881168.386733055,8.670000154,4.644393903,-0.407690589,1.200000000,-0.588058310
1784881168.396733046,8.680000154,4.649747259,-0.411524130,1.200000000,-0.589431669
1784881168.406733036,8.690000154,4.655101858,-0.415358045,1.200000000,-0.590798027
1784881168.416733027,8.700000154,4.660457747,-0.419192223,1.200000000,-0.592157350
1784881168.426733017,8.710000154,4.665814971,-0.423026551,1.200000000,-0.593509602
1784881168.436733246,8.720000154,4.671173575,-0.426860919,1.200000000,-0.594854750
1784881168.446733236,8.730000154,4.676533602,-0.430695212,1.200000000,-0.596192758
1784881168.456733227,8.740000154,4.681895094,-0.434529320,1.200000000,-0.597523591
1784881168.466733217,8.750000154,4.687258094,-0.438363128,1.200000000,-0.598847215
1784881168.476733208,8.760000154,4.692622641,-0.442196524,1.200000000,-0.600163595
1784881168.486733198,8.770000154,4.697988776,-0.446029394,1.200000000,-0.601472696
1784881168.496733189,8.780000154,4.703356538,-0.449861624,1.200000000,-0.602774483
1784881168.506733179,8.790000154,4.708725964,-0.453693100,1.200000000,-0.604068921
1784881168.516733170,8.800000154,4.714097091,-0.457523709,1.200000000,-0.605355976
1784881168.526733160,8.810000154,4.719469956,-0.461353335,1.200000000,-0.606635613
1784881168.536733150,8.820000154,4.724844592,-0.465181864,1.200000000,-0.607907796
1784881168.546733141,8.830000154,4.730221034,-0.469009181,1.200000000,-0.609172491
1784881168.556733131,8.840000154,4.735599314,-0.472835169,1.200000000,-0.610429664
1784881168.566733122,8.850000154,4.740979465,-0.476659715,1.200000000,-0.611679279
1784881168.576733112,8.860000154,4.746361517,-0.480482701,1.200000000,-0.612921302
1784881168.586733103,8.870000154,4.751745501,-0.484304012,1.200000000,-0.614155697
1784881168.596733093,8.880000154,4.757131444,-0.488123531,1.200000000,-0.615382430
1784881168.606733084,8.890000154,4.762519375,-0.491941142,1.200000000,-0.616601467
1784881168.616733074,8.900000154,4.767909321,-0.495756728,1.200000000,-0.617812771
1784881168.626733065,8.910000154,4.773301306,-0.499570172,1.200000000,-0.619016310
1784881168.636733055,8.920000154,4.778695357,-0.503381356,1.200000000,-0.620212046
1784881168.646733046,8.930000154,4.784091496,-0.507190164,1.200000000,-0.621399947
1784881168.656733036,8.940000154,4.789489746,-0.510996477,1.200000000,-0.622579977
1784881168.666733027,8.950000154,4.794890129,-0.514800178,1.200000000,-0.623752100
1784881168.676733017,8.960000154,4.800292664,-0.518601147,1.200000000,-0.624916284
1784881168.686733246,8.970000154,4.805697372,-0.522399268,1.200000000,-0.626072491
1784881168.696733236,8.980000154,4.811104271,-0.526194421,1.200000000,-0.627220689
1784881168.706733227,8.990000154,4.816513379,-0.529986488,1.200000000,-0.628360841
1784881168.716733217,9.000000154,4.821924710,-0.533775348,1.200000000,-0.629492913
1784881168.726733208,9.010000154,4.827338282,-0.537560885,1.200000000,-0.630616871
1784881168.736733198,9.020000154,4.832754107,-0.541342977,1.200000000,-0.631732679
1784881168.746733189,9.030000154,4.838172199,-0.545121505,1.200000000,-0.632840303
1784881168.756733179,9.040000154,4.843592570,-0.548896349,1.200000000,-0.633939707
1784881168.766733170,9.050000154,4.849015232,-0.552667391,1.200000000,-0.635030858
1784881168.776733160,9.060000154,4.854440193,-0.556434508,1.200000000,-0.636113719
1784881168.786733150,9.070000154,4.859867464,-0.560197581,1.200000000,-0.637188257
1784881168.796733141,9.080000154,4.865297051,-0.563956490,1.200000000,-0.638254436
1784881168.806733131,9.090000154,4.870728962,-0.567711114,1.200000000,-0.639312222
1784881168.816733122,9.100000154,4.876163203,-0.571461331,1.200000000,-0.640361580
1784881168.826733112,9.110000154,4.881599779,-0.575207022,1.200000000,-0.641402475
1784881168.836733103,9.120000154,4.887038692,-0.578948064,1.200000000,-0.642434872
1784881168.846733093,9.130000154,4.892479947,-0.582684337,1.200000000,-0.643458737
1784881168.856733084,9.140000154,4.897923545,-0.586415718,1.200000000,-0.644474034
1784881168.866733074,9.150000154,4.903369486,-0.590142087,1.200000000,-0.645480728
1784881168.876733065,9.160000154,4.908817771,-0.593863321,1.200000000,-0.646478784
1784881168.886733055,9.170000154,4.914268398,-0.597579299,1.200000000,-0.647468070
1784881168.896733046,9.180000154,4.919721365,-0.601289899,1.200000000,-0.648448318
1784881168.906733036,9.190000154,4.925176668,-0.604994998,1.200000000,-0.649419246
1784881168.916733027,9.200000154,4.930634305,-0.608694474,1.200000000,-0.650380577
1784881168.926733017,9.210000154,4.936094269,-0.612388204,1.200000000,-0.651332029
1784881168.936733246,9.220000154,4.941556555,-0.616076067,1.200000000,-0.652273323
1784881168.946733236,9.230000154,4.947021156,-0.619757939,1.200000000,-0.653204179
1784881168.956733227,9.240000154,4.952488064,-0.623433698,1.200000000,-0.654124317
1784881168.966733217,9.250000154,4.957957269,-0.627103221,1.200000000,-0.655033457
1784881168.976733208,9.260000154,4.963428764,-0.630766385,1.200000000,-0.655931320
1784881168.986733198,9.270000154,4.968902536,-0.634423067,1.200000000,-0.656817625
1784881168.996733189,9.280000154,4.974378574,-0.638073143,1.200000000,-0.657692094
1784881169.006733179,9.290000154,4.979856867,-0.641716490,1.200000000,-0.658554445
1784881169.016733170,9.300000154,4.985337401,-0.645352986,1.200000000,-0.659404399
1784881169.026733160,9.310000154,4.990820162,-0.648982506,1.200000000,-0.660241676
1784881169.036733150,9.320000154,4.996305136,-0.652604927,1.200000000,-0.661065997
1784881169.046733141,9.330000154,5.001792306,-0.656220126,1.200000000,-0.661877081
1784881169.056733131,9.340000154,5.007281656,-0.659827979,1.200000000,-0.662674648
1784881169.066733122,9.350000154,5.012773170,-0.663428363,1.200000000,-0.663458420
1784881169.076733112,9.360000154,5.018266829,-0.667021153,1.200000000,-0.664228115
1784881169.086733103,9.370000154,5.023762614,-0.670606225,1.200000000,-0.664983455
1784881169.096733093,9.380000154,5.029260507,-0.674183457,1.200000000,-0.665724158
1784881169.106733084,9.390000154,5.034760487,-0.677752724,1.200000000,-0.666449946
1784881169.116733074,9.400000154,5.040262534,-0.681313902,1.200000000,-0.667160539
1784881169.126733065,9.410000154,5.045766625,-0.684866867,1.200000000,-0.667855656
1784881169.136733055,9.420000154,5.051272739,-0.688411495,1.200000000,-0.668535018
1784881169.146733046,9.430000154,5.056780854,-0.691947663,1.200000000,-0.669198345
1784881169.156733036,9.440000154,5.062290945,-0.695475247,1.200000000,-0.669845357
1784881169.166733027,9.450000154,5.067802988,-0.698994121,1.200000000,-0.670475774
1784881169.176733017,9.460000154,5.073316960,-0.702504163,1.200000000,-0.671089316
1784881169.186733246,9.470000154,5.078832835,-0.706005248,1.200000000,-0.671685705
1784881169.196733236,9.480000154,5.084350587,-0.709497252,1.200000000,-0.672264658
1784881169.206733227,9.490000154,5.089870191,-0.712980052,1.200000000,-0.672825898
1784881169.216733217,9.500000154,5.095391618,-0.716453523,1.200000000,-0.673369143
1784881169.226733208,9.510000154,5.100914843,-0.719917541,1.200000000,-0.673894115
1784881169.236733198,9.520000154,5.106439837,-0.723371983,1.200000000,-0.674400533
1784881169.246733189,9.530000154,5.111966573,-0.726816724,1.200000000,-0.674888117
1784881169.256733179,9.540000154,5.117495021,-0.730251640,1.200000000,-0.675356588
1784881169.266733170,9.550000154,5.123025153,-0.733676609,1.200000000,-0.675805665
1784881169.276733160,9.560000154,5.128556940,-0.737091505,1.200000000,-0.676235070
1784881169.286733150,9.570000154,5.134090351,-0.740496206,1.200000000,-0.676644521
1784881169.296733141,9.580000154,5.139625357,-0.743890587,1.200000000,-0.677033739
1784881169.306733131,9.590000154,5.145161926,-0.747274526,1.200000000,-0.677402445
1784881169.316733122,9.600000154,5.150700030,-0.750647897,1.200000000,-0.677750358
1784881169.326733112,9.610000154,5.156239636,-0.754010579,1.200000000,-0.678077199
1784881169.336733103,9.620000154,5.161780713,-0.757362448,1.200000000,-0.678382687
1784881169.346733093,9.630000154,5.167323229,-0.760703379,1.200000000,-0.678666543
1784881169.356733084,9.640000154,5.172867154,-0.764033251,1.200000000,-0.678928487
1784881169.366733074,9.650000154,5.178412455,-0.767351940,1.200000000,-0.679168240
1784881169.376733065,9.660000154,5.183959100,-0.770659322,1.200000000,-0.679385521
1784881169.386733055,9.670000154,5.189507056,-0.773955276,1.200000000,-0.679580050
1784881169.396733046,9.680000154,5.195056292,-0.777239678,1.200000000,-0.679751547
1784881169.406733036,9.690000154,5.200606774,-0.780512406,1.200000000,-0.679899734
1784881169.416733027,9.700000154,5.206158471,-0.783773337,1.200000000,-0.680024329
1784881169.426733017,9.710000154,5.211711349,-0.787022349,1.200000000,-0.680125053
1784881169.436733246,9.720000154,5.217265376,-0.790259320,1.200000000,-0.680201627
1784881169.446733236,9.730000154,5.222820519,-0.793484127,1.200000000,-0.680253770
1784881169.456733227,9.740000154,5.228376746,-0.796696648,1.200000000,-0.680281202
1784881169.466733217,9.750000154,5.233934023,-0.799896762,1.200000000,-0.680283644
1784881169.476733208,9.760000154,5.239492318,-0.803084347,1.200000000,-0.680260815
1784881169.486733198,9.770000154,5.245051599,-0.806259282,1.200000000,-0.680212437
1784881169.496733189,9.780000154,5.250611832,-0.809421445,1.200000000,-0.680138229
1784881169.506733179,9.790000154,5.256172986,-0.812570715,1.200000000,-0.680037910
1784881169.516733170,9.800000154,5.261735029,-0.815706971,1.200000000,-0.679911202
1784881169.526733160,9.810000154,5.267297927,-0.818830094,1.200000000,-0.679757825
1784881169.536733150,9.820000154,5.272861650,-0.821939961,1.200000000,-0.679577498
1784881169.546733141,9.830000154,5.278426165,-0.825036453,1.200000000,-0.679369942
1784881169.556733131,9.840000154,5.283991440,-0.828119450,1.200000000,-0.679134877
1784881169.566733122,9.850000154,5.289557446,-0.831188832,1.200000000,-0.678872023
1784881169.576733112,9.860000154,5.295124150,-0.834244480,1.200000000,-0.678581100
1784881169.586733103,9.870000154,5.300691522,-0.837286273,1.200000000,-0.678261829
1784881169.596733093,9.880000154,5.306259531,-0.840314093,1.200000000,-0.677913929
1784881169.606733084,9.890000154,5.311828147,-0.843327820,1.200000000,-0.677537121
1784881169.616733074,9.900000154,5.317397341,-0.846327338,1.200000000,-0.677131124
1784881169.626733065,9.910000154,5.322967083,-0.849312525,1.200000000,-0.676695660
1784881169.636733055,9.920000154,5.328537343,-0.852283266,1.200000000,-0.676230447
1784881169.646733046,9.930000154,5.334108095,-0.855239442,1.200000000,-0.675735207
1784881169.656733036,9.940000154,5.339679308,-0.858180935,1.200000000,-0.675209659
1784881169.666733027,9.950000154,5.345250956,-0.861107628,1.200000000,-0.674653524
1784881169.676733017,9.960000154,5.350823011,-0.864019405,1.200000000,-0.674066521
1784881169.686733246,9.970000154,5.356395446,-0.866916148,1.200000000,-0.673448372
1784881169.696733236,9.980000154,5.361968235,-0.869797741,1.200000000,-0.672798795
1784881169.706733227,9.990000154,5.367541353,-0.872664069,1.200000000,-0.672117511
1784881169.716733217,10.000000154,5.373114774,-0.875515015,1.200000000,-0.671404241
1784881169.726733208,10.010000154,5.378688473,-0.878350465,1.200000000,-0.670658704
1784881169.736733198,10.020000154,5.384262427,-0.881170303,1.200000000,-0.669880620
1784881169.746733189,10.030000154,5.389836611,-0.883974414,1.200000000,-0.669069710
1784881169.756733179,10.040000154,5.395411004,-0.886762684,1.200000000,-0.668225694
1784881169.766733170,10.050000154,5.400985582,-0.889535000,1.200000000,-0.667348292
1784881169.776733160,10.060000154,5.406560325,-0.892291248,1.200000000,-0.666437225
1784881169.786733150,10.070000154,5.412135211,-0.895031314,1.200000000,-0.665492211
1784881169.796733141,10.080000154,5.417710220,-0.897755087,1.200000000,-0.664512972
1784881169.806733131,10.090000154,5.423285333,-0.900462452,1.200000000,-0.663499227
1784881169.816733122,10.100000154,5.428860531,-0.903153299,1.200000000,-0.662450698
1784881169.826733112,10.110000154,5.434435796,-0.905827516,1.200000000,-0.661367103
1784881169.836733103,10.120000154,5.440011110,-0.908484992,1.200000000,-0.660248163
1784881169.846733093,10.130000154,5.445586458,-0.911125615,1.200000000,-0.659093598
1784881169.856733084,10.140000154,5.451161823,-0.913749277,1.200000000,-0.657903128
1784881169.866733074,10.150000154,5.456737190,-0.916355866,1.200000000,-0.656676474
1784881169.876733065,10.160000154,5.462312546,-0.918945273,1.200000000,-0.655413356
1784881169.886733055,10.170000154,5.467887877,-0.921517390,1.200000000,-0.654113493
1784881169.896733046,10.180000154,5.473463170,-0.924072107,1.200000000,-0.652776606
1784881169.906733036,10.190000154,5.479038415,-0.926609318,1.200000000,-0.651402416
1784881169.916733027,10.200000154,5.484613599,-0.929128914,1.200000000,-0.649990641
1784881169.926733017,10.210000154,5.490188715,-0.931630788,1.200000000,-0.648541003
1784881169.936733246,10.220000154,5.495763752,-0.934114834,1.200000000,-0.647053221
1784881169.946733236,10.230000154,5.501338702,-0.936580946,1.200000000,-0.645527016
1784881169.956733227,10.240000154,5.506913558,-0.939029018,1.200000000,-0.643962107
1784881169.966733217,10.250000154,5.512488315,-0.941458945,1.200000000,-0.642358216
1784881169.976733208,10.260000154,5.518062967,-0.943870623,1.200000000,-0.640715062
1784881169.986733198,10.270000154,5.523637509,-0.946263948,1.200000000,-0.639032364
1784881169.996733189,10.280000154,5.529211938,-0.948638816,1.200000000,-0.637309844
1784881170.006733179,10.290000154,5.534786252,-0.950995124,1.200000000,-0.635547222
1784881170.016733170,10.300000154,5.540360449,-0.953332771,1.200000000,-0.633744217
1784881170.026733160,10.310000154,5.545934529,-0.955651655,1.200000000,-0.631900550
1784881170.036733150,10.320000154,5.551508493,-0.957951674,1.200000000,-0.630015941
1784881170.046733141,10.330000154,5.557082341,-0.960232729,1.200000000,-0.628090110
1784881170.056733131,10.340000154,5.562656077,-0.962494718,1.200000000,-0.626122778
1784881170.066733122,10.350000154,5.568229704,-0.964737543,1.200000000,-0.624113663
1784881170.076733112,10.360000154,5.573803226,-0.966961106,1.200000000,-0.622062487
1784881170.086733103,10.370000154,5.579376649,-0.969165307,1.200000000,-0.619968970
1784881170.096733093,10.380000154,5.584949979,-0.971350050,1.200000000,-0.617832832
1784881170.106733084,10.390000154,5.590523225,-0.973515238,1.200000000,-0.615653792
1784881170.116733074,10.400000154,5.596096395,-0.975660775,1.200000000,-0.613431572
1784881170.126733065,10.410000154,5.601669498,-0.977786565,1.200000000,-0.611165891
1784881170.136733055,10.420000154,5.607242545,-0.979892514,1.200000000,-0.608856469
1784881170.146733046,10.430000154,5.612815548,-0.981978527,1.200000000,-0.606503027
1784881170.156733036,10.440000154,5.618388519,-0.984044511,1.200000000,-0.604105285
1784881170.166733027,10.450000154,5.623961473,-0.986090374,1.200000000,-0.601662962
1784881170.176733017,10.460000154,5.629534424,-0.988116022,1.200000000,-0.599175780
1784881170.186733246,10.470000154,5.635107388,-0.990121366,1.200000000,-0.596643457
1784881170.196733236,10.480000154,5.640680382,-0.992106314,1.200000000,-0.594065715
1784881170.206733227,10.490000154,5.646253423,-0.994070777,1.200000000,-0.591442273
1784881170.216733217,10.500000154,5.651826531,-0.996014666,1.200000000,-0.588772852
1784881170.226733208,10.510000154,5.657399726,-0.997937892,1.200000000,-0.586057247
1784881170.236733198,10.520000154,5.662973028,-0.999840367,1.200000000,-0.583295739
1784881170.246733189,10.530000154,5.668546460,-1.001722006,1.200000000,-0.580488793
1784881170.256733179,10.540000154,5.674120044,-1.003582721,1.200000000,-0.577636877
1784881170.266733170,10.550000154,5.679693804,-1.005422428,1.200000000,-0.574740456
1784881170.276733160,10.560000154,5.685267766,-1.007241043,1.200000000,-0.571799999
1784881170.286733150,10.570000154,5.690841955,-1.009038482,1.200000000,-0.568815972
1784881170.296733141,10.580000154,5.696416398,-1.010814661,1.200000000,-0.565788842
1784881170.306733131,10.590000154,5.701991123,-1.012569500,1.200000000,-0.562719077
1784881170.316733122,10.600000154,5.707566159,-1.014302917,1.200000000,-0.559607142
1784881170.326733112,10.610000154,5.713141536,-1.016014832,1.200000000,-0.556453506
1784881170.336733103,10.620000154,5.718717283,-1.017705165,1.200000000,-0.553258634
1784881170.346733093,10.630000154,5.724293434,-1.019373839,1.200000000,-0.550022995
1784881170.356733084,10.640000154,5.729870020,-1.021020775,1.200000000,-0.546747054
1784881170.366733074,10.650000154,5.735447074,-1.022645897,1.200000000,-0.543431279
1784881170.376733065,10.660000154,5.741024632,-1.024249129,1.200000000,-0.540076137
1784881170.386733055,10.670000154,5.746602728,-1.025830396,1.200000000,-0.536682094
1784881170.396733046,10.680000154,5.752181398,-1.027389625,1.200000000,-0.533249619
1784881170.406733036,10.690000154,5.757760679,-1.028926742,1.200000000,-0.529779177
1784881170.416733027,10.700000154,5.763340609,-1.030441675,1.200000000,-0.526271235
1784881170.426733017,10.710000154,5.768921227,-1.031934353,1.200000000,-0.522726261
1784881170.436733246,10.720000154,5.774502570,-1.033404706,1.200000000,-0.519144722
1784881170.446733236,10.730000154,5.780084681,-1.034852665,1.200000000,-0.515527084
1784881170.456733227,10.740000154,5.785667598,-1.036278161,1.200000000,-0.511873815
1784881170.466733217,10.750000154,5.791251365,-1.037681128,1.200000000,-0.508185381
1784881170.476733208,10.760000154,5.796836022,-1.039061499,1.200000000,-0.504462249
1784881170.486733198,10.770000154,5.802421614,-1.040419210,1.200000000,-0.500704887
1784881170.496733189,10.780000154,5.808008184,-1.041754195,1.200000000,-0.496913760
1784881170.506733179,10.790000154,5.813595775,-1.043066392,1.200000000,-0.493089337
1784881170.516733170,10.800000154,5.819184434,-1.044355740,1.200000000,-0.489232085
1784881170.526733160,10.810000154,5.824774205,-1.045622176,1.200000000,-0.485342469
1784881170.536733150,10.820000154,5.830365135,-1.046865641,1.200000000,-0.481420957
1784881170.546733141,10.830000154,5.835957271,-1.048086076,1.200000000,-0.477468017
1784881170.556733131,10.840000154,5.841550659,-1.049283423,1.200000000,-0.473484114
1784881170.566733122,10.850000154,5.847145348,-1.050457626,1.200000000,-0.469469716
1784881170.576733112,10.860000154,5.852741386,-1.051608629,1.200000000,-0.465425291
1784881170.586733103,10.870000154,5.858338822,-1.052736378,1.200000000,-0.461351304
1784881170.596733093,10.880000154,5.863937705,-1.053840820,1.200000000,-0.457248222
1784881170.606733084,10.890000154,5.869538085,-1.054921901,1.200000000,-0.453116514
1784881170.616733074,10.900000154,5.875140013,-1.055979572,1.200000000,-0.448956645
1784881170.626733065,10.910000154,5.880743538,-1.057013782,1.200000000,-0.444769083
1784881170.636733055,10.920000154,5.886348712,-1.058024482,1.200000000,-0.440554295
1784881170.646733046,10.930000154,5.891955585,-1.059011626,1.200000000,-0.436312747
1784881170.656733036,10.940000154,5.897564211,-1.059975166,1.200000000,-0.432044906
1784881170.666733027,10.950000154,5.903174640,-1.060915057,1.200000000,-0.427751240
1784881170.676733017,10.960000154,5.908786925,-1.061831257,1.200000000,-0.423432216
1784881170.686733246,10.970000154,5.914401118,-1.062723721,1.200000000,-0.419088300
1784881170.696733236,10.980000154,5.920017272,-1.063592408,1.200000000,-0.414719959
1784881170.706733227,10.990000154,5.925635440,-1.064437278,1.200000000,-0.410327661
1784881170.716733217,11.000000154,5.931255674,-1.065258292,1.200000000,-0.405911872
1784881170.726733208,11.010000154,5.936878029,-1.066055412,1.200000000,-0.401473059
1784881170.736733198,11.020000154,5.942502557,-1.066828601,1.200000000,-0.397011689
1784881170.746733189,11.030000154,5.948129312,-1.067577825,1.200000000,-0.392528229
1784881170.756733179,11.040000154,5.953758347,-1.068303049,1.200000000,-0.388023146
1784881170.766733170,11.050000154,5.959389716,-1.069004240,1.200000000,-0.383496908
1784881170.776733160,11.060000154,5.965023472,-1.069681367,1.200000000,-0.378949980
1784881170.786733150,11.070000154,5.970659669,-1.070334400,1.200000000,-0.374382830
1784881170.796733141,11.080000154,5.976298360,-1.070963310,1.200000000,-0.369795926
1784881170.806733131,11.090000154,5.981939599,-1.071568069,1.200000000,-0.365189733
1784881170.816733122,11.100000154,5.987583439,-1.072148652,1.200000000,-0.360564718
1784881170.826733112,11.110000154,5.993229932,-1.072705033,1.200000000,-0.355921350
1784881170.836733103,11.120000154,5.998879133,-1.073237189,1.200000000,-0.351260094
1784881170.846733093,11.130000154,6.004531094,-1.073745098,1.200000000,-0.346581418
1784881170.856733084,11.140000154,6.010185867,-1.074228738,1.200000000,-0.341885789
1784881170.866733074,11.150000154,6.015843505,-1.074688091,1.200000000,-0.337173673
1784881170.876733065,11.160000154,6.021504061,-1.075123138,1.200000000,-0.332445537
1784881170.886733055,11.170000154,6.027167585,-1.075533863,1.200000000,-0.327701850
1784881170.896733046,11.180000154,6.032834129,-1.075920250,1.200000000,-0.322943076
1784881170.906733036,11.190000154,6.038503745,-1.076282285,1.200000000,-0.318169684
1784881170.916733027,11.200000154,6.044176483,-1.076619957,1.200000000,-0.313382140
1784881170.926733017,11.210000154,6.049852394,-1.076933253,1.200000000,-0.308580912
1784881170.936733246,11.220000154,6.055531527,-1.077222163,1.200000000,-0.303766466
1784881170.946733236,11.230000154,6.061213932,-1.077486681,1.200000000,-0.298939269
1784881170.956733227,11.240000154,6.066899659,-1.077726798,1.200000000,-0.294099788
1784881170.966733217,11.250000154,6.072588755,-1.077942510,1.200000000,-0.289248490
1784881170.976733208,11.260000154,6.078281268,-1.078133813,1.200000000,-0.284385843
1784881170.986733198,11.270000154,6.083977246,-1.078300703,1.200000000,-0.279512312
1784881170.996733189,11.280000154,6.089676736,-1.078443180,1.200000000,-0.274628365
1784881171.006733179,11.290000154,6.095379783,-1.078561244,1.200000000,-0.269734470
1784881171.016733170,11.300000154,6.101086434,-1.078654897,1.200000000,-0.264831092
1784881171.026733160,11.310000154,6.106796732,-1.078724142,1.200000000,-0.259918699
1784881171.036733150,11.320000154,6.112510723,-1.078768985,1.200000000,-0.254997758
1784881171.046733141,11.330000154,6.118228449,-1.078789431,1.200000000,-0.250068735
1784881171.056733131,11.340000154,6.123949953,-1.078785488,1.200000000,-0.245132099
1784881171.066733122,11.350000154,6.129675276,-1.078757165,1.200000000,-0.240188315
1784881171.076733112,11.360000154,6.135404461,-1.078704473,1.200000000,-0.235237850
1784881171.086733103,11.370000154,6.141137546,-1.078627424,1.200000000,-0.230281172
1784881171.096733093,11.380000154,6.146874571,-1.078526033,1.200000000,-0.225318748
1784881171.106733084,11.390000154,6.152615575,-1.078400313,1.200000000,-0.220351044
1784881171.116733074,11.400000154,6.158360595,-1.078250283,1.200000000,-0.215378528
1784881171.126733065,11.410000154,6.164109667,-1.078075960,1.200000000,-0.210401666
1784881171.136733055,11.420000154,6.169862828,-1.077877363,1.200000000,-0.205420925
1784881171.146733046,11.430000154,6.175620111,-1.077654515,1.200000000,-0.200436773
1784881171.156733036,11.440000154,6.181381550,-1.077407439,1.200000000,-0.195449676
1784881171.166733027,11.450000154,6.187147178,-1.077136157,1.200000000,-0.190460101
1784881171.176733017,11.460000154,6.192917026,-1.076840697,1.200000000,-0.185468515
1784881171.186733246,11.470000154,6.198691125,-1.076521086,1.200000000,-0.180475386
1784881171.196733236,11.480000154,6.204469502,-1.076177352,1.200000000,-0.175481179
1784881171.206733227,11.490000154,6.210252188,-1.075809527,1.200000000,-0.170486363
1784881171.216733217,11.500000154,6.216039208,-1.075417641,1.200000000,-0.165491403
1784881171.226733208,11.510000154,6.221830588,-1.075001730,1.200000000,-0.160496767
1784881171.236733198,11.520000154,6.227626354,-1.074561828,1.200000000,-0.155502923
1784881171.246733189,11.530000154,6.233426527,-1.074097971,1.200000000,-0.150510336
1784881171.256733179,11.540000154,6.239231130,-1.073610198,1.200000000,-0.145519474
1784881171.266733170,11.550000154,6.245040185,-1.073098548,1.200000000,-0.140530803
1784881171.276733160,11.560000154,6.250853709,-1.072563064,1.200000000,-0.135544792
1784881171.286733150,11.570000154,6.256671723,-1.072003787,1.200000000,-0.130561906
1784881171.296733141,11.580000154,6.262494241,-1.071420762,1.200000000,-0.125582613
1784881171.306733131,11.590000154,6.268321281,-1.070814036,1.200000000,-0.120607379
1784881171.316733122,11.600000154,6.274152855,-1.070183655,1.200000000,-0.115636672
1784881171.326733112,11.610000154,6.279988977,-1.069529669,1.200000000,-0.110670958
1784881171.336733103,11.620000154,6.285829658,-1.068852129,1.200000000,-0.105710705
1784881171.346733093,11.630000154,6.291674908,-1.068151085,1.200000000,-0.100756379
1784881171.356733084,11.640000154,6.297524735,-1.067426593,1.200000000,-0.095808447
1784881171.366733074,11.650000154,6.303379146,-1.066678708,1.200000000,-0.090867377
1784881171.376733065,11.660000154,6.309238147,-1.065907486,1.200000000,-0.085933635
1784881171.386733055,11.670000154,6.315101742,-1.065112985,1.200000000,-0.081007688
1784881171.396733046,11.680000154,6.320969933,-1.064295266,1.200000000,-0.076090004
1784881171.406733036,11.690000154,6.326842721,-1.063454390,1.200000000,-0.071181048
1784881171.416733027,11.700000154,6.332720105,-1.062590420,1.200000000,-0.066281289
1784881171.426733017,11.710000154,6.338602085,-1.061703420,1.200000000,-0.061391192
1784881171.436733246,11.720000154,6.344488654,-1.060793457,1.200000000,-0.056511226
1784881171.446733236,11.730000154,6.350379810,-1.059860598,1.200000000,-0.051641857
1784881171.456733227,11.740000154,6.356275544,-1.058904911,1.200000000,-0.046783551
1784881171.466733217,11.750000154,6.362175848,-1.057926469,1.200000000,-0.041936776
1784881171.476733208,11.760000154,6.368080712,-1.056925342,1.200000000,-0.037101999
1784881171.486733198,11.770000154,6.373990125,-1.055901605,1.200000000,-0.032279687
1784881171.496733189,11.780000154,6.379904073,-1.054855332,1.200000000,-0.027470307
1784881171.506733179,11.790000154,6.385822541,-1.053786600,1.200000000,-0.022674325
1784881171.516733170,11.800000154,6.391745512,-1.052695488,1.200000000,-0.017892209
1784881171.526733160,11.810000154,6.397672968,-1.051582075,1.200000000,-0.013124425
1784881171.536733150,11.820000154,6.403604890,-1.050446442,1.200000000,-0.008371441
1784881171.546733141,11.830000154,6.409541255,-1.049288671,1.200000000,-0.003633724
1784881171.556733131,11.840000154,6.415482040,-1.048108848,1.200000000,0.001088260
1784881171.566733122,11.850000154,6.421427221,-1.046907056,1.200000000,0.005794044
1784881171.576733112,11.860000154,6.427376770,-1.045683384,1.200000000,0.010483161
1784881171.586733103,11.870000154,6.433330659,-1.044437920,1.200000000,0.015155143
1784881171.596733093,11.880000154,6.439288858,-1.043170753,1.200000000,0.019809525
1784881171.606733084,11.890000154,6.445251336,-1.041881975,1.200000000,0.024445975
1784881171.616733074,11.900000154,6.451218058,-1.040571679,1.200000000,0.029064427
1784881171.626733065,11.910000154,6.457188990,-1.039239959,1.200000000,0.033664845
1784881171.636733055,11.920000154,6.463164095,-1.037886910,1.200000000,0.038247191
1784881171.646733046,11.930000154,6.469143334,-1.036512630,1.200000000,0.042811430
1784881171.656733036,11.940000154,6.475126667,-1.035117217,1.200000000,0.047357526
1784881171.666733027,11.950000154,6.481114051,-1.033700770,1.200000000,0.051885441
1784881171.676733017,11.960000154,6.487105444,-1.032263392,1.200000000,0.056395140
1784881171.686733246,11.970000154,6.493100800,-1.030805183,1.200000000,0.060886585
1784881171.696733236,11.980000154,6.499100071,-1.029326249,1.200000000,0.065359742
1784881171.706733227,11.990000154,6.505103209,-1.027826695,1.200000000,0.069814573
1784881171.716733217,12.000000154,6.511110164,-1.026306626,1.200000000,0.074251042
1784881171.726733208,12.010000154,6.517120884,-1.024766151,1.200000000,0.078669113
1784881171.736733198,12.020000154,6.523135314,-1.023205380,1.200000000,0.083068749
1784881171.746733189,12.030000154,6.529153399,-1.021624421,1.200000000,0.087449914
1784881171.756733179,12.040000154,6.535175083,-1.020023388,1.200000000,0.091812572
1784881171.766733170,12.050000154,6.541200306,-1.018402394,1.200000000,0.096156686
1784881171.776733160,12.060000154,6.547229008,-1.016761552,1.200000000,0.100482220
1784881171.786733150,12.070000154,6.553261127,-1.015100978,1.200000000,0.104789138
1784881171.796733141,12.080000154,6.559296600,-1.013420789,1.200000000,0.109077403
1784881171.806733131,12.090000154,6.565335361,-1.011721103,1.200000000,0.113346978
1784881171.816733122,12.100000154,6.571377343,-1.010002039,1.200000000,0.117597829
1784881171.826733112,12.110000154,6.577422479,-1.008263718,1.200000000,0.121829917
1784881171.836733103,12.120000154,6.583470698,-1.006506261,1.200000000,0.126043207
1784881171.846733093,12.130000154,6.589521929,-1.004729791,1.200000000,0.130237663
1784881171.856733084,12.140000154,6.595576098,-1.002934431,1.200000000,0.134413247
1784881171.866733074,12.150000154,6.601633131,-1.001120307,1.200000000,0.138569924
1784881171.876733065,12.160000154,6.607692953,-0.999287546,1.200000000,0.142707658
1784881171.886733055,12.170000154,6.613755484,-0.997436273,1.200000000,0.146826412
1784881171.896733046,12.180000154,6.619820648,-0.995566619,1.200000000,0.150926149
1784881171.906733036,12.190000154,6.625888362,-0.993678711,1.200000000,0.155006834
1784881171.916733027,12.200000154,6.631958545,-0.991772681,1.200000000,0.159068429
1784881171.926733017,12.210000154,6.638031113,-0.989848660,1.200000000,0.163110899
1784881171.936733246,12.220000154,6.644105982,-0.987906780,1.200000000,0.167134208
1784881171.946733236,12.230000154,6.650183066,-0.985947176,1.200000000,0.171138318
1784881171.956733227,12.240000154,6.656262276,-0.983969982,1.200000000,0.175123193
1784881171.966733217,12.250000154,6.662343525,-0.981975333,1.200000000,0.179088798
1784881171.976733208,12.260000154,6.668426721,-0.979963367,1.200000000,0.183035096
1784881171.986733198,12.270000154,6.674511773,-0.977934219,1.200000000,0.186962050
1784881171.996733189,12.280000154,6.680598588,-0.975888030,1.200000000,0.190869624
1784881172.006733179,12.290000154,6.686687072,-0.973824938,1.200000000,0.194757781
1784881172.016733170,12.300000154,6.692777130,-0.971745083,1.200000000,0.198626487
1784881172.026733160,12.310000154,6.698868664,-0.969648607,1.200000000,0.202475703
1784881172.036733150,12.320000154,6.704961578,-0.967535651,1.200000000,0.206305393
1784881172.046733141,12.330000154,6.711055771,-0.965406358,1.200000000,0.210115522
1784881172.056733131,12.340000154,6.717151144,-0.963260873,1.200000000,0.213906053
1784881172.066733122,12.350000154,6.723247595,-0.961099338,1.200000000,0.217676950
1784881172.076733112,12.360000154,6.729345022,-0.958921901,1.200000000,0.221428175
1784881172.086733103,12.370000154,6.735443321,-0.956728705,1.200000000,0.225159694
1784881172.096733093,12.380000154,6.741542387,-0.954519900,1.200000000,0.228871469
1784881172.106733084,12.390000154,6.747642115,-0.952295631,1.200000000,0.232563464
1784881172.116733074,12.400000154,6.753742398,-0.950056047,1.200000000,0.236235643
1784881172.126733065,12.410000154,6.759843128,-0.947801297,1.200000000,0.239887969
1784881172.136733055,12.420000154,6.765944196,-0.945531530,1.200000000,0.243520406
1784881172.146733046,12.430000154,6.772045492,-0.943246897,1.200000000,0.247132919
1784881172.156733036,12.440000154,6.778146907,-0.940947549,1.200000000,0.250725469
1784881172.166733027,12.450000154,6.784248328,-0.938633637,1.200000000,0.254298021
1784881172.176733017,12.460000154,6.790349644,-0.936305313,1.200000000,0.257850539
1784881172.186733246,12.470000154,6.796450740,-0.933962730,1.200000000,0.261382987
1784881172.196733236,12.480000154,6.802551503,-0.931606042,1.200000000,0.264895327
1784881172.206733227,12.490000154,6.808651817,-0.929235401,1.200000000,0.268387523
1784881172.216733217,12.500000154,6.814751568,-0.926850962,1.200000000,0.271859540
1784881172.226733208,12.510000154,6.820850639,-0.924452881,1.200000000,0.275311341
1784881172.236733198,12.520000154,6.826948913,-0.922041312,1.200000000,0.278742889
1784881172.246733189,12.530000154,6.833046271,-0.919616411,1.200000000,0.282154149
1784881172.256733179,12.540000154,6.839142597,-0.917178335,1.200000000,0.285545083
1784881172.266733170,12.550000154,6.845237770,-0.914727239,1.200000000,0.288915655
1784881172.276733160,12.560000154,6.851331670,-0.912263282,1.200000000,0.292265830
1784881172.286733150,12.570000154,6.857424179,-0.909786621,1.200000000,0.295595570
1784881172.296733141,12.580000154,6.863515175,-0.907297412,1.200000000,0.298904840
1784881172.306733131,12.590000154,6.869604536,-0.904795816,1.200000000,0.302193602
1784881172.316733122,12.600000154,6.875692141,-0.902281989,1.200000000,0.305461821
1784881172.326733112,12.610000154,6.881777869,-0.899756092,1.200000000,0.308709461
1784881172.336733103,12.620000154,6.887861595,-0.897218282,1.200000000,0.311936484
1784881172.346733093,12.630000154,6.893943197,-0.894668720,1.200000000,0.315142855
1784881172.356733084,12.640000154,6.900022552,-0.892107564,1.200000000,0.318328537
1784881172.366733074,12.650000154,6.906099537,-0.889534975,1.200000000,0.321493494
1784881172.376733065,12.660000154,6.912174026,-0.886951113,1.200000000,0.324637690
1784881172.386733055,12.670000154,6.918245896,-0.884356139,1.200000000,0.327761087
1784881172.396733046,12.680000154,6.924315022,-0.881750211,1.200000000,0.330863650
1784881172.406733036,12.690000154,6.930381279,-0.879133492,1.200000000,0.333945343
1784881172.416733027,12.700000154,6.936444543,-0.876506141,1.200000000,0.337006129
1784881172.426733017,12.710000154,6.942504688,-0.873868319,1.200000000,0.340045971
1784881172.436733246,12.720000154,6.948561589,-0.871220188,1.200000000,0.343064834
1784881172.446733236,12.730000154,6.954615121,-0.868561908,1.200000000,0.346062680
1784881172.456733227,12.740000154,6.960665158,-0.865893640,1.200000000,0.349039475
1784881172.466733217,12.750000154,6.966711575,-0.863215546,1.200000000,0.351995180
1784881172.476733208,12.760000154,6.972754246,-0.860527785,1.200000000,0.354929761
1784881172.486733198,12.770000154,6.978793046,-0.857830520,1.200000000,0.357843179
1784881172.496733189,12.780000154,6.984827850,-0.855123911,1.200000000,0.360735401
1784881172.506733179,12.790000154,6.990858532,-0.852408119,1.200000000,0.363606388
1784881172.516733170,12.800000154,6.996884967,-0.849683306,1.200000000,0.366456104
1784881172.526733160,12.810000154,7.002907031,-0.846949631,1.200000000,0.369284514
1784881172.536733150,12.820000154,7.008924597,-0.844207255,1.200000000,0.372091580
1784881172.546733141,12.830000154,7.014937542,-0.841456340,1.200000000,0.374877266
1784881172.556733131,12.840000154,7.020945741,-0.838697044,1.200000000,0.377641537
1784881172.566733122,12.850000154,7.026949069,-0.835929530,1.200000000,0.380384356
1784881172.576733112,12.860000154,7.032947404,-0.833153955,1.200000000,0.383105685
1784881172.586733103,12.870000154,7.038940621,-0.830370482,1.200000000,0.385805490
1784881172.596733093,12.880000154,7.044928597,-0.827579268,1.200000000,0.388483733
1784881172.606733084,12.890000154,7.050911210,-0.824780473,1.200000000,0.391140379
1784881172.616733074,12.900000154,7.056888336,-0.821974257,1.200000000,0.393775390
1784881172.626733065,12.910000154,7.062859854,-0.819160778,1.200000000,0.396388731
1784881172.636733055,12.920000154,7.068825643,-0.816340195,1.200000000,0.398980365
1784881172.646733046,12.930000154,7.074785581,-0.813512665,1.200000000,0.401550256
1784881172.656733036,12.940000154,7.080739548,-0.810678347,1.200000000,0.404098367
1784881172.666733027,12.950000154,7.086687424,-0.807837399,1.200000000,0.406624663
1784881172.676733017,12.960000154,7.092629089,-0.804989976,1.200000000,0.409129106
1784881172.686733246,12.970000154,7.098564425,-0.802136237,1.200000000,0.411611661
1784881172.696733236,12.980000154,7.104493313,-0.799276337,1.200000000,0.414072290
1784881172.706733227,12.990000154,7.110415636,-0.796410432,1.200000000,0.416510958
1784881172.716733217,13.000000154,7.116331278,-0.793538677,1.200000000,0.418927629
1784881172.726733208,13.010000154,7.122240121,-0.790661228,1.200000000,0.421322266
1784881172.736733198,13.020000154,7.128142052,-0.787778239,1.200000000,0.423694832
1784881172.746733189,13.030000154,7.134036955,-0.784889864,1.200000000,0.426045291
1784881172.756733179,13.040000154,7.139924716,-0.781996256,1.200000000,0.428373607
1784881172.766733170,13.050000154,7.145805223,-0.779097568,1.200000000,0.430679744
1784881172.776733160,13.060000154,7.151678363,-0.776193954,1.200000000,0.432963665
1784881172.786733150,13.070000154,7.157544026,-0.773285563,1.200000000,0.435225334
1784881172.796733141,13.080000154,7.163402101,-0.770372548,1.200000000,0.437464714
1784881172.806733131,13.090000154,7.169252478,-0.767455060,1.200000000,0.439681769
1784881172.816733122,13.100000154,7.175095049,-0.764533247,1.200000000,0.441876463
1784881172.826733112,13.110000154,7.180929706,-0.761607261,1.200000000,0.444048760
1784881172.836733103,13.120000154,7.186756344,-0.758677248,1.200000000,0.446198622
1784881172.846733093,13.130000154,7.192574857,-0.755743358,1.200000000,0.448326014
1784881172.856733084,13.140000154,7.198385139,-0.752805738,1.200000000,0.450430900
1784881172.866733074,13.150000154,7.204187089,-0.749864533,1.200000000,0.452513242
1784881172.876733065,13.160000154,7.209980604,-0.746919892,1.200000000,0.454573005
1784881172.886733055,13.170000154,7.215765582,-0.743971957,1.200000000,0.456610152
1784881172.896733046,13.180000154,7.221541923,-0.741020875,1.200000000,0.458624647
1784881172.906733036,13.190000154,7.227309529,-0.738066788,1.200000000,0.460616454
1784881172.916733027,13.200000154,7.233068303,-0.735109840,1.200000000,0.462585536
1784881172.926733017,13.210000154,7.238818147,-0.732150172,1.200000000,0.464531856
1784881172.936733246,13.220000154,7.244558966,-0.729187927,1.200000000,0.466455379
1784881172.946733236,13.230000154,7.250290667,-0.726223244,1.200000000,0.468356068
1784881172.956733227,13.240000154,7.256013157,-0.723256264,1.200000000,0.470233887
1784881172.966733217,13.250000154,7.261726343,-0.720287125,1.200000000,0.472088799
1784881172.976733208,13.260000154,7.267430137,-0.717315965,1.200000000,0.473920768
1784881172.986733198,13.270000154,7.273124449,-0.714342922,1.200000000,0.475729758
1784881172.996733189,13.280000154,7.278809192,-0.711368132,1.200000000,0.477515732
1784881173.006733179,13.290000154,7.284484280,-0.708391729,1.200000000,0.479278654
1784881173.016733170,13.300000154,7.290149627,-0.705413849,1.200000000,0.481018488
1784881173.026733160,13.310000154,7.295805150,-0.702434625,1.200000000,0.482735196
1784881173.036733150,13.320000154,7.301450768,-0.699454190,1.200000000,0.484428744
1784881173.046733141,13.330000154,7.307086400,-0.696472676,1.200000000,0.486099094
1784881173.056733131,13.340000154,7.312711967,-0.693490212,1.200000000,0.487746211
1784881173.066733122,13.350000154,7.318327391,-0.690506930,1.200000000,0.489370057
1784881173.076733112,13.360000154,7.323932595,-0.687522958,1.200000000,0.490970596
1784881173.086733103,13.370000154,7.329527506,-0.684538423,1.200000000,0.492547793
1784881173.096733093,13.380000154,7.335112049,-0.681553452,1.200000000,0.494101611
1784881173.106733084,13.390000154,7.340686154,-0.678568173,1.200000000,0.495632012
1784881173.116733074,13.400000154,7.346249749,-0.675582708,1.200000000,0.497138962
1784881173.126733065,13.410000154,7.351802766,-0.672597182,1.200000000,0.498622423
1784881173.136733055,13.420000154,7.357345139,-0.669611718,1.200000000,0.500082360
1784881173.146733046,13.430000154,7.362876800,-0.666626438,1.200000000,0.501518736
1784881173.156733036,13.440000154,7.368397687,-0.663641462,1.200000000,0.502931514
1784881173.166733027,13.450000154,7.373907736,-0.660656910,1.200000000,0.504320658
1784881173.176733017,13.460000154,7.379406886,-0.657672901,1.200000000,0.505686133
1784881173.186733246,13.470000154,7.384895079,-0.654689552,1.200000000,0.507027900
1784881173.196733236,13.480000154,7.390372257,-0.651706979,1.200000000,0.508345925
1784881173.206733227,13.490000154,7.395838362,-0.648725298,1.200000000,0.509640171
1784881173.216733217,13.500000154,7.401293342,-0.645744623,1.200000000,0.510910601
1784881173.226733208,13.510000154,7.406737142,-0.642765068,1.200000000,0.512157179
1784881173.236733198,13.520000154,7.412169711,-0.639786745,1.200000000,0.513379869
1784881173.246733189,13.530000154,7.417590999,-0.636809764,1.200000000,0.514578635
1784881173.256733179,13.540000154,7.423000959,-0.633834235,1.200000000,0.515753439
1784881173.266733170,13.550000154,7.428399544,-0.630860267,1.200000000,0.516904246
1784881173.276733160,13.560000154,7.433786708,-0.627887969,1.200000000,0.518031019
1784881173.286733150,13.570000154,7.439162409,-0.624917445,1.200000000,0.519133722
1784881173.296733141,13.580000154,7.444526605,-0.621948803,1.200000000,0.520212319
1784881173.306733131,13.590000154,7.449879255,-0.618982146,1.200000000,0.521266773
1784881173.316733122,13.600000154,7.455220321,-0.616017577,1.200000000,0.522297047
1784881173.326733112,13.610000154,7.460549767,-0.613055198,1.200000000,0.523303107
1784881173.336733103,13.620000154,7.465867557,-0.610095110,1.200000000,0.524284914
1784881173.346733093,13.630000154,7.471173658,-0.607137413,1.200000000,0.525242433
1784881173.356733084,13.640000154,7.476468037,-0.604182206,1.200000000,0.526175628
1784881173.366733074,13.650000154,7.481750664,-0.601229586,1.200000000,0.527084461
1784881173.376733065,13.660000154,7.487021510,-0.598279649,1.200000000,0.527968898
1784881173.386733055,13.670000154,7.492280549,-0.595332491,1.200000000,0.528828900
1784881173.396733046,13.680000154,7.497527754,-0.592388206,1.200000000,0.529664433
1784881173.406733036,13.690000154,7.502763101,-0.589446886,1.200000000,0.530475459
1784881173.416733027,13.700000154,7.507986568,-0.586508623,1.200000000,0.531261943
1784881173.426733017,13.710000154,7.513198133,-0.583573509,1.200000000,0.532023848
1784881173.436733246,13.720000154,7.518397779,-0.580641631,1.200000000,0.532761137
1784881173.446733236,13.730000154,7.523585485,-0.577713080,1.200000000,0.533473774
1784881173.456733227,13.740000154,7.528761237,-0.574787942,1.200000000,0.534161723
1784881173.466733217,13.750000154,7.533925019,-0.571866304,1.200000000,0.534824948
1784881173.476733208,13.760000154,7.539076819,-0.568948249,1.200000000,0.535463411
1784881173.486733198,13.770000154,7.544216623,-0.566033863,1.200000000,0.536077078
1784881173.496733189,13.780000154,7.549344422,-0.563123228,1.200000000,0.536665911
1784881173.506733179,13.790000154,7.554460206,-0.560216426,1.200000000,0.537229874
1784881173.516733170,13.800000154,7.559563969,-0.557313537,1.200000000,0.537768930
1784881173.526733160,13.810000154,7.564655703,-0.554414641,1.200000000,0.538283044
1784881173.536733150,13.820000154,7.569735405,-0.551519817,1.200000000,0.538772179
1784881173.546733141,13.830000154,7.574803070,-0.548629140,1.200000000,0.539236299
1784881173.556733131,13.840000154,7.579858697,-0.545742689,1.200000000,0.539675367
1784881173.566733122,13.850000154,7.584902285,-0.542860537,1.200000000,0.540089347
1784881173.576733112,13.860000154,7.589933835,-0.539982760,1.200000000,0.540478202
1784881173.586733103,13.870000154,7.594953348,-0.537109430,1.200000000,0.540841897
1784881173.596733093,13.880000154,7.599960828,-0.534240619,1.200000000,0.541180394
1784881173.606733084,13.890000154,7.604956279,-0.531376398,1.200000000,0.541493658
1784881173.616733074,13.900000154,7.609939706,-0.528516838,1.200000000,0.541781652
1784881173.626733065,13.910000154,7.614911117,-0.525662007,1.200000000,0.542044340
1784881173.636733055,13.920000154,7.619870518,-0.522811972,1.200000000,0.542281685
1784881173.646733046,13.930000154,7.624817919,-0.519966803,1.200000000,0.542493651
1784881173.656733036,13.940000154,7.629753331,-0.517126563,1.200000000,0.542680202
1784881173.666733027,13.950000154,7.634676763,-0.514291318,1.200000000,0.542841301
1784881173.676733017,13.960000154,7.639588229,-0.511461133,1.200000000,0.542976912
1784881173.686733246,13.970000154,7.644487740,-0.508636071,1.200000000,0.543086999
1784881173.696733236,13.980000154,7.649375312,-0.505816193,1.200000000,0.543171525
1784881173.706733227,13.990000154,7.654250960,-0.503001561,1.200000000,0.543230454
1784881173.716733217,14.000000154,7.659114698,-0.500192236,1.200000000,0.543263750
1784881173.726733208,14.010000154,7.663966544,-0.497388277,1.200000000,0.543271376
1784881173.736733198,14.020000154,7.668806515,-0.494589743,1.200000000,0.543253295
1784881173.746733189,14.030000154,7.673634629,-0.491796692,1.200000000,0.543209472
1784881173.756733179,14.040000154,7.678450906,-0.489009181,1.200000000,0.543139870
1784881173.766733170,14.050000154,7.683255363,-0.486227265,1.200000000,0.543044453
1784881173.776733160,14.060000154,7.688048023,-0.483451002,1.200000000,0.542923184
1784881173.786733150,14.070000154,7.692828906,-0.480680445,1.200000000,0.542776028
1784881173.796733141,14.080000154,7.697598032,-0.477915648,1.200000000,0.542602947
1784881173.806733131,14.090000154,7.702355423,-0.475156664,1.200000000,0.542403905
1784881173.816733122,14.100000154,7.707101103,-0.472403547,1.200000000,0.542178866
1784881173.826733112,14.110000154,7.711835092,-0.469656347,1.200000000,0.541927794
1784881173.836733103,14.120000154,7.716557415,-0.466915117,1.200000000,0.541650653
1784881173.846733093,14.130000154,7.721268095,-0.464179906,1.200000000,0.541347405
1784881173.856733084,14.140000154,7.725967154,-0.461450765,1.200000000,0.541018014
1784881173.866733074,14.150000154,7.730654616,-0.458727743,1.200000000,0.540662445
1784881173.876733065,14.160000154,7.735330505,-0.456010888,1.200000000,0.540280661
1784881173.886733055,14.170000154,7.739994845,-0.453300250,1.200000000,0.539872625
1784881173.896733046,14.180000154,7.744647660,-0.450595874,1.200000000,0.539438301
1784881173.906733036,14.190000154,7.749288972,-0.447897810,1.200000000,0.538977653
1784881173.916733027,14.200000154,7.753918807,-0.445206103,1.200000000,0.538490644
1784881173.926733017,14.210000154,7.758537186,-0.442520800,1.200000000,0.537977239
1784881173.936733246,14.220000154,7.763144133,-0.439841947,1.200000000,0.537437400
1784881173.946733236,14.230000154,7.767739672,-0.437169589,1.200000000,0.536871091
1784881173.956733227,14.240000154,7.772323823,-0.434503772,1.200000000,0.536278276
1784881173.966733217,14.250000154,7.776896610,-0.431844540,1.200000000,0.535658919
1784881173.976733208,14.260000154,7.781458054,-0.429191938,1.200000000,0.535012983
1784881173.986733198,14.270000154,7.786008175,-0.426546010,1.200000000,0.534340433
1784881173.996733189,14.280000154,7.790546994,-0.423906800,1.200000000,0.533641230
1784881174.006733179,14.290000154,7.795074530,-0.421274353,1.200000000,0.532915340
1784881174.016733170,14.300000154,7.799590802,-0.418648711,1.200000000,0.532162726
1784881174.026733160,14.310000154,7.804095828,-0.416029919,1.200000000,0.531383351
1784881174.036733150,14.320000154,7.808589625,-0.413418020,1.200000000,0.530577179
1784881174.046733141,14.330000154,7.813072207,-0.410813057,1.200000000,0.529744174
1784881174.056733131,14.340000154,7.817543591,-0.408215074,1.200000000,0.528884299
1784881174.066733122,14.350000154,7.822003789,-0.405624114,1.200000000,0.527997518
1784881174.076733112,14.360000154,7.826452813,-0.403040221,1.200000000,0.527083795
1784881174.086733103,14.370000154,7.830890676,-0.400463439,1.200000000,0.526143093
1784881174.096733093,14.380000154,7.835317385,-0.397893810,1.200000000,0.525175377
1784881174.106733084,14.390000154,7.839732948,-0.395331379,1.200000000,0.524180609
1784881174.116733074,14.400000154,7.844137373,-0.392776190,1.200000000,0.523158753
1784881174.126733065,14.410000154,7.848530663,-0.390228287,1.200000000,0.522109773
1784881174.136733055,14.420000154,7.852912821,-0.387687715,1.200000000,0.521033632
1784881174.146733046,14.430000154,7.857283848,-0.385154519,1.200000000,0.519930295
1784881174.156733036,14.440000154,7.861643742,-0.382628744,1.200000000,0.518799724
1784881174.166733027,14.450000154,7.865992502,-0.380110436,1.200000000,0.517641884
1784881174.176733017,14.460000154,7.870330120,-0.377599641,1.200000000,0.516456738
1784881174.186733246,14.470000154,7.874656589,-0.375096406,1.200000000,0.515244250
1784881174.196733236,14.480000154,7.878971900,-0.372600777,1.200000000,0.514004383
1784881174.206733227,14.490000154,7.883276040,-0.370112804,1.200000000,0.512737101
1784881174.216733217,14.500000154,7.887568992,-0.367632533,1.200000000,0.511442368
1784881174.226733208,14.510000154,7.891850741,-0.365160016,1.200000000,0.510120147
1784881174.236733198,14.520000154,7.896121264,-0.362695300,1.200000000,0.508770402
1784881174.246733189,14.530000154,7.900380539,-0.360238438,1.200000000,0.507393097
1784881174.256733179,14.540000154,7.904628538,-0.357789480,1.200000000,0.505988195
1784881174.266733170,14.550000154,7.908865233,-0.355348479,1.200000000,0.504555659
1784881174.276733160,14.560000154,7.913090590,-0.352915489,1.200000000,0.503095455
1784881174.286733150,14.570000154,7.917304572,-0.350490563,1.200000000,0.501607544
1784881174.296733141,14.580000154,7.921507141,-0.348073758,1.200000000,0.500091891
1784881174.306733131,14.590000154,7.925698253,-0.345665129,1.200000000,0.498548460
1784881174.316733122,14.600000154,7.929877861,-0.343264735,1.200000000,0.496977214
1784881174.326733112,14.610000154,7.934045913,-0.340872635,1.200000000,0.495378116
1784881174.336733103,14.620000154,7.938202356,-0.338488887,1.200000000,0.493751131
1784881174.346733093,14.630000154,7.942347130,-0.336113555,1.200000000,0.492096222
1784881174.356733084,14.640000154,7.946480173,-0.333746701,1.200000000,0.490413352
1784881174.366733074,14.650000154,7.950601417,-0.331388388,1.200000000,0.488702486
1784881174.376733065,14.660000154,7.954710790,-0.329038684,1.200000000,0.486963587
1784881174.386733055,14.670000154,7.958808216,-0.326697655,1.200000000,0.485196618
1784881174.396733046,14.680000154,7.962893614,-0.324365370,1.200000000,0.483401544
1784881174.406733036,14.690000154,7.966966898,-0.322041900,1.200000000,0.481578327
1784881174.416733027,14.700000154,7.971027978,-0.319727318,1.200000000,0.479726932
1784881174.426733017,14.710000154,7.975076756,-0.317421697,1.200000000,0.477847322
1784881174.436733246,14.720000154,7.979113132,-0.315125113,1.200000000,0.475939461
1784881174.446733236,14.730000154,7.983137000,-0.312837646,1.200000000,0.474003312
1784881174.456733227,14.740000154,7.987148247,-0.310559373,1.200000000,0.472038840
1784881174.466733217,14.750000154,7.991146755,-0.308290379,1.200000000,0.470046007
1784881174.476733208,14.760000154,7.995132401,-0.306030747,1.200000000,0.468024777
1784881174.486733198,14.770000154,7.999105055,-0.303780563,1.200000000,0.465975115
1784881174.496733189,14.780000154,8.003064582,-0.301539916,1.200000000,0.463896983
1784881174.506733179,14.790000154,8.007010839,-0.299308898,1.200000000,0.461790346
1784881174.516733170,14.800000154,8.010943678,-0.297087601,1.200000000,0.459655166
1784881174.526733160,14.810000154,8.014862945,-0.294876122,1.200000000,0.457491408
1784881174.536733150,14.820000154,8.018768476,-0.292674559,1.200000000,0.455299035
1784881174.546733141,14.830000154,8.022660105,-0.290483013,1.200000000,0.453078011
1784881174.556733131,14.840000154,8.026537655,-0.288301589,1.200000000,0.450828300
1784881174.566733122,14.850000154,8.030400943,-0.286130392,1.200000000,0.448549864
1784881174.576733112,14.860000154,8.034249779,-0.283969532,1.200000000,0.446242669
1784881174.586733103,14.870000154,8.038083966,-0.281819122,1.200000000,0.443906677
1784881174.596733093,14.880000154,8.041903298,-0.279679277,1.200000000,0.441541852
1784881174.606733084,14.890000154,8.045707561,-0.277550116,1.200000000,0.439148157
1784881174.616733074,14.900000154,8.049496535,-0.275431760,1.200000000,0.436725557
1784881174.626733065,14.910000154,8.053269989,-0.273324335,1.200000000,0.434274015
1784881174.636733055,14.920000154,8.057027686,-0.271227968,1.200000000,0.431793495
1784881174.646733046,14.930000154,8.060769380,-0.269142791,1.200000000,0.429283960
1784881174.656733036,14.940000154,8.064494815,-0.267068940,1.200000000,0.426745374
1784881174.666733027,14.950000154,8.068203726,-0.265006553,1.200000000,0.424177700
1784881174.676733017,14.960000154,8.071895841,-0.262955773,1.200000000,0.421580903
1784881174.686733246,14.970000154,8.075570877,-0.260916746,1.200000000,0.418954945
1784881174.696733236,14.980000154,8.079228541,-0.258889621,1.200000000,0.416299791
1784881174.706733227,14.990000154,8.082868533,-0.256874554,1.200000000,0.413615396
1784881174.716733217,15.000000154,8.086490541,-0.254871701,1.200000000,0.410901536
1784881174.726733208,15.010000154,8.090094242,-0.252881225,1.200000000,0.408157825
1784881174.736733198,15.020000154,8.093679306,-0.250903293,1.200000000,0.405383868
1784881174.746733189,15.030000154,8.097245389,-0.248938074,1.200000000,0.402579271
1784881174.756733179,15.040000154,8.100792140,-0.246985744,1.200000000,0.399743639
1784881174.766733170,15.050000154,8.104319194,-0.245046482,1.200000000,0.396876580
1784881174.776733160,15.060000154,8.107826176,-0.243120472,1.200000000,0.393977697
1784881174.786733150,15.070000154,8.111312701,-0.241207903,1.200000000,0.391046599
1784881174.796733141,15.080000154,8.114778372,-0.239308968,1.200000000,0.388082889
1784881174.806733131,15.090000154,8.118222779,-0.237423865,1.200000000,0.385086174
1784881174.816733122,15.100000154,8.121645504,-0.235552796,1.200000000,0.382056060
1784881174.826733112,15.110000154,8.125046114,-0.233695970,1.200000000,0.378992153
1784881174.836733103,15.120000154,8.128424165,-0.231853598,1.200000000,0.375894058
1784881174.846733093,15.130000154,8.131779202,-0.230025900,1.200000000,0.372761382
1784881174.856733084,15.140000154,8.135110758,-0.228213096,1.200000000,0.369593730
1784881174.866733074,15.150000154,8.138418352,-0.226415415,1.200000000,0.366390708
1784881174.876733065,15.160000154,8.141701495,-0.224633089,1.200000000,0.363151922
1784881174.886733055,15.170000154,8.144959682,-0.222866356,1.200000000,0.359876978
1784881174.896733046,15.180000154,8.148192398,-0.221115458,1.200000000,0.356565481
1784881174.906733036,15.190000154,8.151399117,-0.219380642,1.200000000,0.353217038
1784881174.916733027,15.200000154,8.154579300,-0.217662160,1.200000000,0.349831254
1784881174.926733017,15.210000154,8.157732396,-0.215960270,1.200000000,0.346407736
1784881174.936733246,15.220000154,8.160857845,-0.214275233,1.200000000,0.342946088
1784881174.946733236,15.230000154,8.163955074,-0.212607314,1.200000000,0.339445917
1784881174.956733227,15.240000154,8.167023499,-0.210956785,1.200000000,0.335906829
1784881174.966733217,15.250000154,8.170062526,-0.209323921,1.200000000,0.332328429
1784881174.976733208,15.260000154,8.173071551,-0.207708999,1.200000000,0.328710324
1784881174.986733198,15.270000154,8.176049961,-0.206112303,1.200000000,0.325052119
1784881174.996733189,15.280000154,8.178997133,-0.204534120,1.200000000,0.321353419
1784881175.006733179,15.290000154,8.181912434,-0.202974738,1.200000000,0.317613832
1784881175.016733170,15.300000154,8.184795225,-0.201434452,1.200000000,0.313832963
1784881175.026733160,15.310000154,8.187644857,-0.199913556,1.200000000,0.310010417
1784881175.036733150,15.320000154,8.190460677,-0.198412349,1.200000000,0.306145801
1784881175.046733141,15.330000154,8.193242023,-0.196931131,1.200000000,0.302238719
1784881175.056733131,15.340000154,8.195988229,-0.195470205,1.200000000,0.298288779
1784881175.066733122,15.350000154,8.198698624,-0.194029874,1.200000000,0.294295586
1784881175.076733112,15.360000154,8.201372534,-0.192610442,1.200000000,0.290258746
1784881175.086733103,15.370000154,8.204009281,-0.191212215,1.200000000,0.286177864
1784881175.096733093,15.380000154,8.206608188,-0.189835497,1.200000000,0.282052547
1784881175.106733084,15.390000154,8.209168573,-0.188480592,1.200000000,0.277882400
1784881175.116733074,15.400000154,8.211689760,-0.187147803,1.200000000,0.273667030
1784881175.126733065,15.410000154,8.214171071,-0.185837432,1.200000000,0.269406041
1784881175.136733055,15.420000154,8.216611833,-0.184549777,1.200000000,0.265099041
1784881175.146733046,15.430000154,8.219011377,-0.183285133,1.200000000,0.260745634
1784881175.156733036,15.440000154,8.221369042,-0.182043793,1.200000000,0.256345426
1784881175.166733027,15.450000154,8.223684172,-0.180826043,1.200000000,0.251898024
1784881175.176733017,15.460000154,8.225956122,-0.179632164,1.200000000,0.247403033
1784881175.186733246,15.470000154,8.228184259,-0.178462432,1.200000000,0.242860060
1784881175.196733236,15.480000154,8.230367962,-0.177317114,1.200000000,0.238268709
1784881175.206733227,15.490000154,8.232506624,-0.176196472,1.200000000,0.233628587
1784881175.216733217,15.500000154,8.234599657,-0.175100754,1.200000000,0.228939299
1784881175.226733208,15.510000154,8.236646492,-0.174030202,1.200000000,0.224200453
1784881175.236733198,15.520000154,8.238646580,-0.172985046,1.200000000,0.219411991
1784881175.246733189,15.530000154,8.240599395,-0.171965501,1.200000000,0.214576726
1784881175.256733179,15.540000154,8.242504440,-0.170971773,1.200000000,0.209698915
1784881175.266733170,15.550000154,8.244361244,-0.170004049,1.200000000,0.204782824
1784881175.276733160,15.560000154,8.246169367,-0.169062503,1.200000000,0.199832721
1784881175.286733150,15.570000154,8.247928405,-0.168147290,1.200000000,0.194852872
1784881175.296733141,15.580000154,8.249637987,-0.167258548,1.200000000,0.189847545
1784881175.306733131,15.590000154,8.251297784,-0.166396394,1.200000000,0.184821007
1784881175.316733122,15.600000154,8.252907507,-0.165560925,1.200000000,0.179777525
1784881175.326733112,15.610000154,8.254466912,-0.164752215,1.200000000,0.174721366
1784881175.336733103,15.620000154,8.255975800,-0.163970314,1.200000000,0.169656798
1784881175.346733093,15.630000154,8.257434025,-0.163215248,1.200000000,0.164588086
1784881175.356733084,15.640000154,8.258841491,-0.162487018,1.200000000,0.159519499
1784881175.366733074,15.650000154,8.260198157,-0.161785594,1.200000000,0.154455303
1784881175.376733065,15.660000154,8.261504038,-0.161110921,1.200000000,0.149399765
1784881175.386733055,15.670000154,8.262759210,-0.160462914,1.200000000,0.144357153
1784881175.396733046,15.680000154,8.263963810,-0.159841455,1.200000000,0.139331734
1784881175.406733036,15.690000154,8.265118037,-0.159246398,1.200000000,0.134327775
1784881175.416733027,15.700000154,8.266222157,-0.158677563,1.200000000,0.129349542
1784881175.426733017,15.710000154,8.267276502,-0.158134736,1.200000000,0.124401303
1784881175.436733246,15.720000154,8.268281473,-0.157617670,1.200000000,0.119487325
1784881175.446733236,15.730000154,8.269237541,-0.157126083,1.200000000,0.114611876
1784881175.456733227,15.740000154,8.270145247,-0.156659660,1.200000000,0.109779221
1784881175.466733217,15.750000154,8.271005204,-0.156218048,1.200000000,0.104993629
1784881175.476733208,15.760000154,8.271818099,-0.155800860,1.200000000,0.100259367
1784881175.486733198,15.770000154,8.272584690,-0.155407672,1.200000000,0.095580700
1784881175.496733189,15.780000154,8.273305808,-0.155038025,1.200000000,0.090961898
1784881175.506733179,15.790000154,8.273982357,-0.154691426,1.200000000,0.086407225
1784881175.516733170,15.800000154,8.274615312,-0.154367343,1.200000000,0.081920951
1784881175.526733160,15.810000154,8.275205721,-0.154065214,1.200000000,0.077507342
1784881175.536733150,15.820000154,8.275754701,-0.153784438,1.200000000,0.073170664
1784881175.546733141,15.830000154,8.276263437,-0.153524385,1.200000000,0.068915185
1784881175.556733131,15.840000154,8.276733180,-0.153284391,1.200000000,0.064745173
1784881175.566733122,15.850000154,8.277165246,-0.153063759,1.200000000,0.060664893
1784881175.576733112,15.860000154,8.277561011,-0.152861766,1.200000000,0.056678614
1784881175.586733103,15.870000154,8.277921912,-0.152677660,1.200000000,0.052790603
1784881175.596733093,15.880000154,8.278249436,-0.152510660,1.200000000,0.049005125
1784881175.606733084,15.890000154,8.278545124,-0.152359966,1.200000000,0.045326450
1784881175.616733074,15.900000154,8.278810561,-0.152224751,1.200000000,0.041758843
1784881175.626733065,15.910000154,8.279047373,-0.152104174,1.200000000,0.038306571
1784881175.636733055,15.920000154,8.279257222,-0.151997374,1.200000000,0.034973903
1784881175.646733046,15.930000154,8.279441797,-0.151903477,1.200000000,0.031765104
1784881175.656733036,15.940000154,8.279602812,-0.151821602,1.200000000,0.028684442
1784881175.666733027,15.950000154,8.279741994,-0.151750858,1.200000000,0.025736185
1784881175.676733017,15.960000154,8.279861080,-0.151690354,1.200000000,0.022924598
1784881175.686733246,15.970000154,8.279961803,-0.151639201,1.200000000,0.020253950
1784881175.696733236,15.980000154,8.280045890,-0.151596513,1.200000000,0.017728508
1784881175.706733227,15.990000154,8.280115045,-0.151561419,1.200000000,0.015352537
1784881175.716733217,16.000000154,8.280170946,-0.151533063,1.200000000,0.013130306
1784881175.726733208,16.010000154,8.280215228,-0.151510609,1.200000000,0.011066082
1784881175.736733198,16.020000154,8.280249475,-0.151493249,1.200000000,0.009164132
1784881175.746733189,16.030000154,8.280275208,-0.151480210,1.200000000,0.007428722
1784881175.756733179,16.040000154,8.280293869,-0.151470757,1.200000000,0.005864120
1784881175.766733170,16.050000154,8.280306813,-0.151464203,1.200000000,0.004474593
1784881175.776733160,16.060000154,8.280315287,-0.151459914,1.200000000,0.003264409
1784881175.786733150,16.070000154,8.280320420,-0.151457317,1.200000000,0.002237833
1784881175.796733141,16.080000154,8.280323203,-0.151455908,1.200000000,0.001399134
1784881175.806733131,16.090000154,8.280324478,-0.151455264,1.200000000,0.000752578
1784881175.816733122,16.100000154,8.280324915,-0.151455043,1.200000000,0.000302432
1784881175.826733112,16.110000154,8.280324997,-0.151455001,1.200000000,0.000052964
1784881175.833887100,16.117154040,8.280325000,-0.151455000,1.200000000,-0.000000000
