stamp,elapsed,x,y,z,yaw
1784881196.716031075,0.000000141,-0.261959000,-0.006230000,1.200000000,-0.039639000
1784881196.726031065,0.010000141,-0.261958995,-0.006229999,1.200000000,-0.039642903
1784881196.736031055,0.020000141,-0.261958915,-0.006229989,1.200000000,-0.039654454
1784881196.746031046,0.030000141,-0.261958574,-0.006229946,1.200000000,-0.039673419
1784881196.756031036,0.040000141,-0.261957669,-0.006229831,1.200000000,-0.039699562
1784881196.766031027,0.050000141,-0.261955791,-0.006229593,1.200000000,-0.039732649
1784881196.776031017,0.060000141,-0.261952428,-0.006229166,1.200000000,-0.039772445
1784881196.786031008,0.070000141,-0.261946977,-0.006228473,1.200000000,-0.039818715
1784881196.796030998,0.080000141,-0.261938746,-0.006227427,1.200000000,-0.039871224
1784881196.806030989,0.090000141,-0.261926965,-0.006225929,1.200000000,-0.039929736
1784881196.816030979,0.100000141,-0.261910788,-0.006223871,1.200000000,-0.039994018
1784881196.826030970,0.110000141,-0.261889304,-0.006221137,1.200000000,-0.040063833
1784881196.836030960,0.120000141,-0.261861539,-0.006217603,1.200000000,-0.040138947
1784881196.846030951,0.130000141,-0.261826463,-0.006213136,1.200000000,-0.040219126
1784881196.856030941,0.140000141,-0.261782997,-0.006207598,1.200000000,-0.040304133
1784881196.866030931,0.150000141,-0.261730015,-0.006200844,1.200000000,-0.040393735
1784881196.876030922,0.160000141,-0.261666355,-0.006192726,1.200000000,-0.040487696
1784881196.886030912,0.170000141,-0.261590816,-0.006183090,1.200000000,-0.040585781
1784881196.896030903,0.180000141,-0.261502169,-0.006171775,1.200000000,-0.040687755
1784881196.906030893,0.190000141,-0.261399160,-0.006158622,1.200000000,-0.040793384
1784881196.916030884,0.200000141,-0.261280513,-0.006143465,1.200000000,-0.040902432
1784881196.926030874,0.210000141,-0.261144936,-0.006126137,1.200000000,-0.041014664
1784881196.936030865,0.220000141,-0.260991123,-0.006106470,1.200000000,-0.041129846
1784881196.946031094,0.230000141,-0.260817760,-0.006084292,1.200000000,-0.041247742
1784881196.956031084,0.240000141,-0.260623525,-0.006059432,1.200000000,-0.041368118
1784881196.966031075,0.250000141,-0.260407099,-0.006031718,1.200000000,-0.041490738
1784881196.976031065,0.260000141,-0.260167159,-0.006000978,1.200000000,-0.041615368
1784881196.986031055,0.270000141,-0.259902391,-0.005967041,1.200000000,-0.041741773
1784881196.996031046,0.280000141,-0.259611485,-0.005929734,1.200000000,-0.041869717
1784881197.006031036,0.290000141,-0.259293144,-0.005888888,1.200000000,-0.041998966
1784881197.016031027,0.300000141,-0.258946083,-0.005844334,1.200000000,-0.042129285
1784881197.026031017,0.310000141,-0.258569032,-0.005795904,1.200000000,-0.042260438
1784881197.036031008,0.320000141,-0.258160740,-0.005743434,1.200000000,-0.042392191
1784881197.046030998,0.330000141,-0.257719975,-0.005686761,1.200000000,-0.042524310
1784881197.056030989,0.340000141,-0.257245529,-0.005625723,1.200000000,-0.042656558
1784881197.066030979,0.350000141,-0.256736216,-0.005560164,1.200000000,-0.042788701
1784881197.076030970,0.360000141,-0.256190878,-0.005489929,1.200000000,-0.042920504
1784881197.086030960,0.370000141,-0.255608383,-0.005414865,1.200000000,-0.043051733
1784881197.096030951,0.380000141,-0.254987631,-0.005334826,1.200000000,-0.043182151
1784881197.106030941,0.390000141,-0.254327549,-0.005249666,1.200000000,-0.043311525
1784881197.116030931,0.400000141,-0.253627099,-0.005159246,1.200000000,-0.043439618
1784881197.126030922,0.410000141,-0.252885275,-0.005063427,1.200000000,-0.043566197
1784881197.136030912,0.420000141,-0.252101105,-0.004962078,1.200000000,-0.043691026
1784881197.146030903,0.430000141,-0.251273652,-0.004855070,1.200000000,-0.043813871
1784881197.156030893,0.440000141,-0.250402016,-0.004742279,1.200000000,-0.043934496
1784881197.166030884,0.450000141,-0.249485334,-0.004623586,1.200000000,-0.044052666
1784881197.176030874,0.460000141,-0.248522779,-0.004498874,1.200000000,-0.044168147
1784881197.186030865,0.470000141,-0.247513564,-0.004368033,1.200000000,-0.044280703
1784881197.196031094,0.480000141,-0.246456937,-0.004230957,1.200000000,-0.044390100
1784881197.206031084,0.490000141,-0.245352189,-0.004087545,1.200000000,-0.044496102
1784881197.216031075,0.500000141,-0.244198647,-0.003937700,1.200000000,-0.044598475
1784881197.226031065,0.510000141,-0.242995678,-0.003781330,1.200000000,-0.044696984
1784881197.236031055,0.520000141,-0.241742690,-0.003618348,1.200000000,-0.044791393
1784881197.246031046,0.530000141,-0.240439127,-0.003448673,1.200000000,-0.044881468
1784881197.256031036,0.540000141,-0.239084475,-0.003272225,1.200000000,-0.044966974
1784881197.266031027,0.550000141,-0.237678257,-0.003088933,1.200000000,-0.045047675
1784881197.276031017,0.560000141,-0.236220037,-0.002898729,1.200000000,-0.045123338
1784881197.286031008,0.570000141,-0.234709417,-0.002701549,1.200000000,-0.045193726
1784881197.296030998,0.580000141,-0.233146035,-0.002497335,1.200000000,-0.045258605
1784881197.306030989,0.590000141,-0.231529570,-0.002286033,1.200000000,-0.045317741
1784881197.316030979,0.600000141,-0.229859737,-0.002067594,1.200000000,-0.045370897
1784881197.326030970,0.610000141,-0.228136287,-0.001841974,1.200000000,-0.045417839
1784881197.336030960,0.620000141,-0.226359008,-0.001609131,1.200000000,-0.045458333
1784881197.346030951,0.630000141,-0.224527725,-0.001369030,1.200000000,-0.045492142
1784881197.356030941,0.640000141,-0.222642297,-0.001121641,1.200000000,-0.045519033
1784881197.366030931,0.650000141,-0.220702616,-0.000866935,1.200000000,-0.045538770
1784881197.376030922,0.660000141,-0.218708609,-0.000604890,1.200000000,-0.045551119
1784881197.386030912,0.670000141,-0.216660236,-0.000335488,1.200000000,-0.045555844
1784881197.396030903,0.680000141,-0.214557488,-0.000058712,1.200000000,-0.045552710
1784881197.406030893,0.690000141,-0.212400389,0.000225446,1.200000000,-0.045541482
1784881197.416030884,0.700000141,-0.210188991,0.000516995,1.200000000,-0.045521926
1784881197.426030874,0.710000141,-0.207923377,0.000815938,1.200000000,-0.045493807
1784881197.436030865,0.720000141,-0.205603659,0.001122273,1.200000000,-0.045456889
1784881197.446031094,0.730000141,-0.203229973,0.001435998,1.200000000,-0.045410937
1784881197.456031084,0.740000141,-0.200802488,0.001757106,1.200000000,-0.045355717
1784881197.466031075,0.750000141,-0.198321392,0.002085584,1.200000000,-0.045290994
1784881197.476031065,0.760000141,-0.195786903,0.002421421,1.200000000,-0.045216533
1784881197.486031055,0.770000141,-0.193199261,0.002764598,1.200000000,-0.045132098
1784881197.496031046,0.780000141,-0.190558729,0.003115096,1.200000000,-0.045037455
1784881197.506031036,0.790000141,-0.187865591,0.003472893,1.200000000,-0.044932369
1784881197.516031027,0.800000141,-0.185120154,0.003837962,1.200000000,-0.044816605
1784881197.526031017,0.810000141,-0.182322744,0.004210276,1.200000000,-0.044690026
1784881197.536031008,0.820000141,-0.179473707,0.004589804,1.200000000,-0.044552725
1784881197.546030998,0.830000141,-0.176573407,0.004976512,1.200000000,-0.044404824
1784881197.556030989,0.840000141,-0.173622225,0.005370366,1.200000000,-0.044246449
1784881197.566030979,0.850000141,-0.170620560,0.005771328,1.200000000,-0.044077724
1784881197.576030970,0.860000141,-0.167568826,0.006179357,1.200000000,-0.043898774
1784881197.586030960,0.870000141,-0.164467453,0.006594412,1.200000000,-0.043709722
1784881197.596030951,0.880000141,-0.161316883,0.007016449,1.200000000,-0.043510694
1784881197.606030941,0.890000141,-0.158117574,0.007445423,1.200000000,-0.043301814
1784881197.616030931,0.900000141,-0.154869996,0.007881285,1.200000000,-0.043083206
1784881197.626030922,0.910000141,-0.151574630,0.008323987,1.200000000,-0.042854995
1784881197.636030912,0.920000141,-0.148231968,0.008773478,1.200000000,-0.042617305
1784881197.646030903,0.930000141,-0.144842516,0.009229705,1.200000000,-0.042370260
1784881197.656030893,0.940000141,-0.141406784,0.009692615,1.200000000,-0.042113985
1784881197.666030884,0.950000141,-0.137925297,0.010162153,1.200000000,-0.041848605
1784881197.676030874,0.960000141,-0.134398583,0.010638263,1.200000000,-0.041574244
1784881197.686030865,0.970000141,-0.130827182,0.011120887,1.200000000,-0.041291025
1784881197.696031094,0.980000141,-0.127211640,0.011609966,1.200000000,-0.040999075
1784881197.706031084,0.990000141,-0.123552508,0.012105441,1.200000000,-0.040698516
1784881197.716031075,1.000000141,-0.119850344,0.012607252,1.200000000,-0.040389474
1784881197.726031065,1.010000141,-0.116105711,0.013115337,1.200000000,-0.040072073
1784881197.736031055,1.020000141,-0.112319177,0.013629633,1.200000000,-0.039746438
1784881197.746031046,1.030000141,-0.108491314,0.014150078,1.200000000,-0.039412692
1784881197.756031036,1.040000141,-0.104622697,0.014676608,1.200000000,-0.039070960
1784881197.766031027,1.050000141,-0.100713906,0.015209159,1.200000000,-0.038721367
1784881197.776031017,1.060000141,-0.096765520,0.015747666,1.200000000,-0.038364038
1784881197.786031008,1.070000141,-0.092778123,0.016292063,1.200000000,-0.037999095
1784881197.796030998,1.080000141,-0.088752299,0.016842285,1.200000000,-0.037626665
1784881197.806030989,1.090000141,-0.084688634,0.017398267,1.200000000,-0.037246871
1784881197.816030979,1.100000141,-0.080587713,0.017959940,1.200000000,-0.036859838
1784881197.826030970,1.110000141,-0.076450122,0.018527239,1.200000000,-0.036465690
1784881197.836030960,1.120000141,-0.072276447,0.019100098,1.200000000,-0.036064552
1784881197.846030951,1.130000141,-0.068067272,0.019678448,1.200000000,-0.035656548
1784881197.856030941,1.140000141,-0.063823181,0.020262223,1.200000000,-0.035241803
1784881197.866030931,1.150000141,-0.059544755,0.020851356,1.200000000,-0.034820440
1784881197.876030922,1.160000141,-0.055232573,0.021445780,1.200000000,-0.034392585
1784881197.886030912,1.170000141,-0.050887213,0.022045428,1.200000000,-0.033958362
1784881197.896030903,1.180000141,-0.046509249,0.022650232,1.200000000,-0.033517895
1784881197.906030893,1.190000141,-0.042099252,0.023260127,1.200000000,-0.033071308
1784881197.916030884,1.200000141,-0.037657788,0.023875046,1.200000000,-0.032618727
1784881197.926030874,1.210000141,-0.033185423,0.024494922,1.200000000,-0.032160275
1784881197.936030865,1.220000141,-0.028682714,0.025119689,1.200000000,-0.031696077
1784881197.946031094,1.230000141,-0.024150217,0.025749282,1.200000000,-0.031226258
1784881197.956031084,1.240000141,-0.019588482,0.026383635,1.200000000,-0.030750941
1784881197.966031075,1.250000141,-0.014998052,0.027022684,1.200000000,-0.030270252
1784881197.976031065,1.260000141,-0.010379469,0.027666364,1.200000000,-0.029784314
1784881197.986031055,1.270000141,-0.005733264,0.028314611,1.200000000,-0.029293253
1784881197.996031046,1.280000141,-0.001059966,0.028967362,1.200000000,-0.028797192
1784881198.006031036,1.290000141,0.003639904,0.029624553,1.200000000,-0.028296256
1784881198.016031027,1.300000141,0.008365830,0.030286122,1.200000000,-0.027790569
1784881198.026031017,1.310000141,0.013117305,0.030952008,1.200000000,-0.027280256
1784881198.036031008,1.320000141,0.017893827,0.031622150,1.200000000,-0.026765442
1784881198.046030998,1.330000141,0.022694901,0.032296486,1.200000000,-0.026246250
1784881198.056030989,1.340000141,0.027520041,0.032974957,1.200000000,-0.025722805
1784881198.066030979,1.350000141,0.032368766,0.033657503,1.200000000,-0.025195232
1784881198.076030970,1.360000141,0.037240606,0.034344068,1.200000000,-0.024663654
1784881198.086030960,1.370000141,0.042135095,0.035034592,1.200000000,-0.024128198
1784881198.096030951,1.380000141,0.047051778,0.035729020,1.200000000,-0.023588985
1784881198.106030941,1.390000141,0.051990205,0.036427295,1.200000000,-0.023046143
1784881198.116030931,1.400000141,0.056949939,0.037129361,1.200000000,-0.022499794
1784881198.126030922,1.410000141,0.061930547,0.037835165,1.200000000,-0.021950063
1784881198.136030912,1.420000141,0.066931605,0.038544654,1.200000000,-0.021397074
1784881198.146030903,1.430000141,0.071952701,0.039257773,1.200000000,-0.020840953
1784881198.156030893,1.440000141,0.076993428,0.039974472,1.200000000,-0.020281822
1784881198.166030884,1.450000141,0.082053389,0.040694700,1.200000000,-0.019719808
1784881198.176030874,1.460000141,0.087132196,0.041418407,1.200000000,-0.019155034
1784881198.186030865,1.470000141,0.092229472,0.042145544,1.200000000,-0.018587625
1784881198.196031094,1.480000141,0.097344845,0.042876062,1.200000000,-0.018017705
1784881198.206031084,1.490000141,0.102477954,0.043609916,1.200000000,-0.017445398
1784881198.216031075,1.500000141,0.107628450,0.044347058,1.200000000,-0.016870829
1784881198.226031065,1.510000141,0.112795988,0.045087443,1.200000000,-0.016294123
1784881198.236031055,1.520000141,0.117980235,0.045831027,1.200000000,-0.015715403
1784881198.246031046,1.530000141,0.123180869,0.046577768,1.200000000,-0.015134795
1784881198.256031036,1.540000141,0.128397573,0.047327623,1.200000000,-0.014552423
1784881198.266031027,1.550000141,0.133630043,0.048080550,1.200000000,-0.013968410
1784881198.276031017,1.560000141,0.138877983,0.048836510,1.200000000,-0.013382882
1784881198.286031008,1.570000141,0.144141106,0.049595463,1.200000000,-0.012795963
1784881198.296030998,1.580000141,0.149419135,0.050357371,1.200000000,-0.012207778
1784881198.306030989,1.590000141,0.154711801,0.051122197,1.200000000,-0.011618450
1784881198.316030979,1.600000141,0.160018845,0.051889905,1.200000000,-0.011028105
1784881198.326030970,1.610000141,0.165340019,0.052660459,1.200000000,-0.010436866
1784881198.336030960,1.620000141,0.170675081,0.053433827,1.200000000,-0.009844858
1784881198.346030951,1.630000141,0.176023800,0.054209973,1.200000000,-0.009252206
1784881198.356030941,1.640000141,0.181385955,0.054988867,1.200000000,-0.008659034
1784881198.366030931,1.650000141,0.186761332,0.055770478,1.200000000,-0.008065467
1784881198.376030922,1.660000141,0.192149727,0.056554774,1.200000000,-0.007471628
1784881198.386030912,1.670000141,0.197550945,0.057341728,1.200000000,-0.006877642
1784881198.396030903,1.680000141,0.202964800,0.058131311,1.200000000,-0.006283634
1784881198.406030893,1.690000141,0.208391114,0.058923496,1.200000000,-0.005689728
1784881198.416030884,1.700000141,0.213829720,0.059718258,1.200000000,-0.005096049
1784881198.426030874,1.710000141,0.219280456,0.060515569,1.200000000,-0.004502721
1784881198.436030865,1.720000141,0.224743172,0.061315408,1.200000000,-0.003909868
1784881198.446031094,1.730000141,0.230217725,0.062117751,1.200000000,-0.003317615
1784881198.456031084,1.740000141,0.235703980,0.062922574,1.200000000,-0.002726086
1784881198.466031075,1.750000141,0.241201810,0.063729859,1.200000000,-0.002135406
1784881198.476031065,1.760000141,0.246711098,0.064539582,1.200000000,-0.001545699
1784881198.486031055,1.770000141,0.252231733,0.065351727,1.200000000,-0.000957090
1784881198.496031046,1.780000141,0.257763613,0.066166273,1.200000000,-0.000369702
1784881198.506031036,1.790000141,0.263306644,0.066983205,1.200000000,0.000216339
1784881198.516031027,1.800000141,0.268860739,0.067802504,1.200000000,0.000800909
1784881198.526031017,1.810000141,0.274425819,0.068624155,1.200000000,0.001383884
1784881198.536031008,1.820000141,0.280001812,0.069448143,1.200000000,0.001965139
1784881198.546030998,1.830000141,0.285588653,0.070274455,1.200000000,0.002544550
1784881198.556030989,1.840000141,0.291186286,0.071103077,1.200000000,0.003121993
1784881198.566030979,1.850000141,0.296794661,0.071933997,1.200000000,0.003697342
1784881198.576030970,1.860000141,0.302413732,0.072767203,1.200000000,0.004270474
1784881198.586030960,1.870000141,0.308043464,0.073602684,1.200000000,0.004841265
1784881198.596030951,1.880000141,0.313683827,0.074440432,1.200000000,0.005409589
1784881198.606030941,1.890000141,0.319334797,0.075280436,1.200000000,0.005975322
1784881198.616030931,1.900000141,0.324996356,0.076122688,1.200000000,0.006538340
1784881198.626030922,1.910000141,0.330668493,0.076967181,1.200000000,0.007098519
1784881198.636030912,1.920000141,0.336351202,0.077813907,1.200000000,0.007655734
1784881198.646030903,1.930000141,0.342044484,0.078662861,1.200000000,0.008209860
1784881198.656030893,1.940000141,0.347748344,0.079514036,1.200000000,0.008760774
1784881198.666030884,1.950000141,0.353462793,0.080367429,1.200000000,0.009308350
1784881198.676030874,1.960000141,0.359187848,0.081223035,1.200000000,0.009852464
1784881198.686030865,1.970000141,0.364923531,0.082080851,1.200000000,0.010392993
1784881198.696031094,1.980000141,0.370669868,0.082940873,1.200000000,0.010929810
1784881198.706031084,1.990000141,0.376426890,0.083803099,1.200000000,0.011462793
1784881198.716031075,2.000000141,0.382194633,0.084667528,1.200000000,0.011991817
1784881198.726031065,2.010000141,0.387973137,0.085534159,1.200000000,0.012516756
1784881198.736031055,2.020000141,0.393762447,0.086402990,1.200000000,0.013037488
1784881198.746031046,2.030000141,0.399562611,0.087274022,1.200000000,0.013553886
1784881198.756031036,2.040000141,0.405373680,0.088147255,1.200000000,0.014065828
1784881198.766031027,2.050000141,0.411195712,0.089022691,1.200000000,0.014573188
1784881198.776031017,2.060000141,0.417028766,0.089900330,1.200000000,0.015075841
1784881198.786031008,2.070000141,0.422872903,0.090780175,1.200000000,0.015573665
1784881198.796030998,2.080000141,0.428728190,0.091662227,1.200000000,0.016066534
1784881198.806030989,2.090000141,0.434594696,0.092546490,1.200000000,0.016554323
1784881198.816030979,2.100000141,0.440472492,0.093432966,1.200000000,0.017036909
1784881198.826030970,2.110000141,0.446361653,0.094321659,1.200000000,0.017514166
1784881198.836030960,2.120000141,0.452262254,0.095212574,1.200000000,0.017985971
1784881198.846030951,2.130000141,0.458174374,0.096105713,1.200000000,0.018452199
1784881198.856030941,2.140000141,0.464098095,0.097001081,1.200000000,0.018912726
1784881198.866030931,2.150000141,0.470033498,0.097898684,1.200000000,0.019367427
1784881198.876030922,2.160000141,0.475980668,0.098798525,1.200000000,0.019816177
1784881198.886030912,2.170000141,0.481939692,0.099700611,1.200000000,0.020258853
1784881198.896030903,2.180000141,0.487910655,0.100604947,1.200000000,0.020695330
1784881198.906030893,2.190000141,0.493893646,0.101511539,1.200000000,0.021125483
1784881198.916030884,2.200000141,0.499888754,0.102420392,1.200000000,0.021549188
1784881198.926030874,2.210000141,0.505896070,0.103331512,1.200000000,0.021966321
1784881198.936030865,2.220000141,0.511915684,0.104244906,1.200000000,0.022376757
1784881198.946031094,2.230000141,0.517947687,0.105160580,1.200000000,0.022780371
1784881198.956031084,2.240000141,0.523992171,0.106078540,1.200000000,0.023177040
1784881198.966031075,2.250000141,0.530049227,0.106998793,1.200000000,0.023566639
1784881198.976031065,2.260000141,0.536118946,0.107921346,1.200000000,0.023949043
1784881198.986031055,2.270000141,0.542201421,0.108846205,1.200000000,0.024324128
1784881198.996031046,2.280000141,0.548296742,0.109773377,1.200000000,0.024691770
1784881199.006031036,2.290000141,0.554405000,0.110702868,1.200000000,0.025051844
1784881199.016031027,2.300000141,0.560526284,0.111634685,1.200000000,0.025404226
1784881199.026031017,2.310000141,0.566660684,0.112568835,1.200000000,0.025748791
1784881199.036031008,2.320000141,0.572808287,0.113505324,1.200000000,0.026085414
1784881199.046030998,2.330000141,0.578969181,0.114444159,1.200000000,0.026413973
1784881199.056030989,2.340000141,0.585143452,0.115385347,1.200000000,0.026734341
1784881199.066030979,2.350000141,0.591331184,0.116328893,1.200000000,0.027046395
1784881199.076030970,2.360000141,0.597532459,0.117274804,1.200000000,0.027350010
1784881199.086030960,2.370000141,0.603747360,0.118223086,1.200000000,0.027645070
1784881199.096030951,2.380000141,0.609975966,0.119173745,1.200000000,0.027931577
1784881199.106030941,2.390000141,0.616218354,0.120126787,1.200000000,0.028209616
1784881199.116030931,2.400000141,0.622474600,0.121082217,1.200000000,0.028479275
1784881199.126030922,2.410000141,0.628744778,0.122040041,1.200000000,0.028740641
1784881199.136030912,2.420000141,0.635028959,0.123000263,1.200000000,0.028993801
1784881199.146030903,2.430000141,0.641327212,0.123962890,1.200000000,0.029238844
1784881199.156030893,2.440000141,0.647639604,0.124927925,1.200000000,0.029475855
1784881199.166030884,2.450000141,0.653966199,0.125895374,1.200000000,0.029704924
1784881199.176030874,2.460000141,0.660307058,0.126865239,1.200000000,0.029926137
1784881199.186030865,2.470000141,0.666662240,0.127837526,1.200000000,0.030139581
1784881199.196031094,2.480000141,0.673031802,0.128812237,1.200000000,0.030345345
1784881199.206031084,2.490000141,0.679415795,0.129789377,1.200000000,0.030543515
1784881199.216031075,2.500000141,0.685814271,0.130768947,1.200000000,0.030734179
1784881199.226031065,2.510000141,0.692227276,0.131750951,1.200000000,0.030917424
1784881199.236031055,2.520000141,0.698654855,0.132735391,1.200000000,0.031093339
1784881199.246031046,2.530000141,0.705097048,0.133722269,1.200000000,0.031262009
1784881199.256031036,2.540000141,0.711553893,0.134711587,1.200000000,0.031423524
1784881199.266031027,2.550000141,0.718025423,0.135703344,1.200000000,0.031577969
1784881199.276031017,2.560000141,0.724511671,0.136697543,1.200000000,0.031725433
1784881199.286031008,2.570000141,0.731012663,0.137694184,1.200000000,0.031866003
1784881199.296030998,2.580000141,0.737528424,0.138693266,1.200000000,0.031999767
1784881199.306030989,2.590000141,0.744058973,0.139694789,1.200000000,0.032126811
1784881199.316030979,2.600000141,0.750604328,0.140698752,1.200000000,0.032247224
1784881199.326030970,2.610000141,0.757164502,0.141705154,1.200000000,0.032361093
1784881199.336030960,2.620000141,0.763739505,0.142713993,1.200000000,0.032468505
1784881199.346030951,2.630000141,0.770329342,0.143725266,1.200000000,0.032569547
1784881199.356030941,2.640000141,0.776934016,0.144738972,1.200000000,0.032664308
1784881199.366030931,2.650000141,0.783553525,0.145755105,1.200000000,0.032752873
1784881199.376030922,2.660000141,0.790187864,0.146773663,1.200000000,0.032835332
1784881199.386030912,2.670000141,0.796837023,0.147794642,1.200000000,0.032911772
1784881199.396030903,2.680000141,0.803500991,0.148818037,1.200000000,0.032982279
1784881199.406030893,2.690000141,0.810179749,0.149843841,1.200000000,0.033046941
1784881199.416030884,2.700000141,0.816873277,0.150872051,1.200000000,0.033105846
1784881199.426030874,2.710000141,0.823581550,0.151902658,1.200000000,0.033159081
1784881199.436030865,2.720000141,0.830304540,0.152935657,1.200000000,0.033206734
1784881199.446031094,2.730000141,0.837042215,0.153971040,1.200000000,0.033248892
1784881199.456031084,2.740000141,0.843794537,0.155008799,1.200000000,0.033285642
1784881199.466031075,2.750000141,0.850561468,0.156048925,1.200000000,0.033317072
1784881199.476031065,2.760000141,0.857342962,0.157091409,1.200000000,0.033343269
1784881199.486031055,2.770000141,0.864138972,0.158136242,1.200000000,0.033364321
1784881199.496031046,2.780000141,0.870949445,0.159183413,1.200000000,0.033380315
1784881199.506031036,2.790000141,0.877774325,0.160232911,1.200000000,0.033391339
1784881199.516031027,2.800000141,0.884613554,0.161284726,1.200000000,0.033397479
1784881199.526031017,2.810000141,0.891467066,0.162338845,1.200000000,0.033398824
1784881199.536031008,2.820000141,0.898334795,0.163395255,1.200000000,0.033395461
1784881199.546030998,2.830000141,0.905216668,0.164453944,1.200000000,0.033387478
1784881199.556030989,2.840000141,0.912112611,0.165514897,1.200000000,0.033374961
1784881199.566030979,2.850000141,0.919022545,0.166578100,1.200000000,0.033357998
1784881199.576030970,2.860000141,0.925946386,0.167643539,1.200000000,0.033336677
1784881199.586030960,2.870000141,0.932884048,0.168711197,1.200000000,0.033311085
1784881199.596030951,2.880000141,0.939835440,0.169781058,1.200000000,0.033281310
1784881199.606030941,2.890000141,0.946800468,0.170853105,1.200000000,0.033247438
1784881199.616030931,2.900000141,0.953779035,0.171927322,1.200000000,0.033209558
1784881199.626030922,2.910000141,0.960771039,0.173003689,1.200000000,0.033167757
1784881199.636030912,2.920000141,0.967776374,0.174082188,1.200000000,0.033122122
1784881199.646030903,2.930000141,0.974794932,0.175162800,1.200000000,0.033072740
1784881199.656030893,2.940000141,0.981826600,0.176245505,1.200000000,0.033019700
1784881199.666030884,2.950000141,0.988871263,0.177330282,1.200000000,0.032963088
1784881199.676030874,2.960000141,0.995928801,0.178417110,1.200000000,0.032902992
1784881199.686030865,2.970000141,1.002999093,0.179505966,1.200000000,0.032839500
1784881199.696031094,2.980000141,1.010082010,0.180596830,1.200000000,0.032772698
1784881199.706031084,2.990000141,1.017177425,0.181689676,1.200000000,0.032702675
1784881199.716031075,3.000000141,1.024285204,0.182784482,1.200000000,0.032629517
1784881199.726031065,3.010000141,1.031405212,0.183881223,1.200000000,0.032553313
1784881199.736031055,3.020000141,1.038537309,0.184979874,1.200000000,0.032474149
1784881199.746031046,3.030000141,1.045681353,0.186080409,1.200000000,0.032392113
1784881199.756031036,3.040000141,1.052837198,0.187182802,1.200000000,0.032307293
1784881199.766031027,3.050000141,1.060004696,0.188287026,1.200000000,0.032219776
1784881199.776031017,3.060000141,1.067183697,0.189393054,1.200000000,0.032129648
1784881199.786031008,3.070000141,1.074374044,0.190500856,1.200000000,0.032036999
1784881199.796030998,3.080000141,1.081575582,0.191610404,1.200000000,0.031941915
1784881199.806030989,3.090000141,1.088788150,0.192721669,1.200000000,0.031844483
1784881199.816030979,3.100000141,1.096011586,0.193834620,1.200000000,0.031744792
1784881199.826030970,3.110000141,1.103245724,0.194949226,1.200000000,0.031642928
1784881199.836030960,3.120000141,1.110490396,0.196065457,1.200000000,0.031538979
1784881199.846030951,3.130000141,1.117745433,0.197183279,1.200000000,0.031433032
1784881199.856030941,3.140000141,1.125010660,0.198302661,1.200000000,0.031325175
1784881199.866030931,3.150000141,1.132285902,0.199423568,1.200000000,0.031215496
1784881199.876030922,3.160000141,1.139570982,0.200545967,1.200000000,0.031104081
1784881199.886030912,3.170000141,1.146865720,0.201669823,1.200000000,0.030991018
1784881199.896030903,3.180000141,1.154169933,0.202795101,1.200000000,0.030876394
1784881199.906030893,3.190000141,1.161483438,0.203921765,1.200000000,0.030760298
1784881199.916030884,3.200000141,1.168806048,0.205049779,1.200000000,0.030642816
1784881199.926030874,3.210000141,1.176137573,0.206179105,1.200000000,0.030524036
1784881199.936030865,3.220000141,1.183477826,0.207309706,1.200000000,0.030404045
1784881199.946031094,3.230000141,1.190826612,0.208441543,1.200000000,0.030282931
1784881199.956031084,3.240000141,1.198183738,0.209574578,1.200000000,0.030160781
1784881199.966031075,3.250000141,1.205549009,0.210708770,1.200000000,0.030037683
1784881199.976031065,3.260000141,1.212922227,0.211844080,1.200000000,0.029913723
1784881199.986031055,3.270000141,1.220303194,0.212980467,1.200000000,0.029788990
1784881199.996031046,3.280000141,1.227691709,0.214117890,1.200000000,0.029663571
1784881200.006031036,3.290000141,1.235087571,0.215256306,1.200000000,0.029537554
1784881200.016031027,3.300000141,1.242490577,0.216395673,1.200000000,0.029411025
1784881200.026031017,3.310000141,1.249900523,0.217535948,1.200000000,0.029284072
1784881200.036031008,3.320000141,1.257317203,0.218677087,1.200000000,0.029156783
1784881200.046030998,3.330000141,1.264740412,0.219819046,1.200000000,0.029029245
1784881200.056030989,3.340000141,1.272169941,0.220961780,1.200000000,0.028901545
1784881200.066030979,3.350000141,1.279605583,0.222105244,1.200000000,0.028773772
1784881200.076030970,3.360000141,1.287047128,0.223249390,1.200000000,0.028646011
1784881200.086030960,3.370000141,1.294494367,0.224394174,1.200000000,0.028518352
1784881200.096030951,3.380000141,1.301947089,0.225539548,1.200000000,0.028390881
1784881200.106030941,3.390000141,1.309405083,0.226685463,1.200000000,0.028263685
1784881200.116030931,3.400000141,1.316868137,0.227831872,1.200000000,0.028136853
1784881200.126030922,3.410000141,1.324336039,0.228978727,1.200000000,0.028010471
1784881200.136030912,3.420000141,1.331808576,0.230125976,1.200000000,0.027884627
1784881200.146030903,3.430000141,1.339285537,0.231273572,1.200000000,0.027759408
1784881200.156030893,3.440000141,1.346766707,0.232421462,1.200000000,0.027634902
1784881200.166030884,3.450000141,1.354251874,0.233569597,1.200000000,0.027511197
1784881200.176030874,3.460000141,1.361740825,0.234717925,1.200000000,0.027388379
1784881200.186030865,3.470000141,1.369233346,0.235866394,1.200000000,0.027266537
1784881200.196031094,3.480000141,1.376729225,0.237014950,1.200000000,0.027145757
1784881200.206031084,3.490000141,1.384228248,0.238163543,1.200000000,0.027026127
1784881200.216031075,3.500000141,1.391730203,0.239312116,1.200000000,0.026907734
1784881200.226031065,3.510000141,1.399234878,0.240460618,1.200000000,0.026790667
1784881200.236031055,3.520000141,1.406742062,0.241608993,1.200000000,0.026675011
1784881200.246031046,3.530000141,1.414251542,0.242757186,1.200000000,0.026560856
1784881200.256031036,3.540000141,1.421763107,0.243905141,1.200000000,0.026448287
1784881200.266031027,3.550000141,1.429276549,0.245052804,1.200000000,0.026337394
1784881200.276031017,3.560000141,1.436791657,0.246200116,1.200000000,0.026228262
1784881200.286031008,3.570000141,1.444308223,0.247347022,1.200000000,0.026120980
1784881200.296030998,3.580000141,1.451826039,0.248493464,1.200000000,0.026015634
1784881200.306030989,3.590000141,1.459344898,0.249639385,1.200000000,0.025912314
1784881200.316030979,3.600000141,1.466864595,0.250784725,1.200000000,0.025811104
1784881200.326030970,3.610000141,1.474384924,0.251929426,1.200000000,0.025712095
1784881200.336030960,3.620000141,1.481905682,0.253073429,1.200000000,0.025615371
1784881200.346030951,3.630000141,1.489426667,0.254216674,1.200000000,0.025521022
1784881200.356030941,3.640000141,1.496947678,0.255359102,1.200000000,0.025429135
1784881200.366030931,3.650000141,1.504468514,0.256500652,1.200000000,0.025339796
1784881200.376030922,3.660000141,1.511988978,0.257641263,1.200000000,0.025253094
1784881200.386030912,3.670000141,1.519508872,0.258780873,1.200000000,0.025169115
1784881200.396030903,3.680000141,1.527028001,0.259919422,1.200000000,0.025087948
1784881200.406030893,3.690000141,1.534546172,0.261056846,1.200000000,0.025009680
1784881200.416030884,3.700000141,1.542063192,0.262193084,1.200000000,0.024934398
1784881200.426030874,3.710000141,1.549578871,0.263328072,1.200000000,0.024862189
1784881200.436030865,3.720000141,1.557093021,0.264461748,1.200000000,0.024793141
1784881200.446031094,3.730000141,1.564605454,0.265594048,1.200000000,0.024727342
1784881200.456031084,3.740000141,1.572115986,0.266724907,1.200000000,0.024664879
1784881200.466031075,3.750000141,1.579624434,0.267854262,1.200000000,0.024605839
1784881200.476031065,3.760000141,1.587130617,0.268982047,1.200000000,0.024550310
1784881200.486031055,3.770000141,1.594634356,0.270108198,1.200000000,0.024498378
1784881200.496031046,3.780000141,1.602135475,0.271232648,1.200000000,0.024450133
1784881200.506031036,3.790000141,1.609633799,0.272355334,1.200000000,0.024405661
1784881200.516031027,3.800000141,1.617129155,0.273476187,1.200000000,0.024365049
1784881200.526031017,3.810000141,1.624621374,0.274595142,1.200000000,0.024328351
1784881200.536031008,3.820000141,1.632110287,0.275712132,1.200000000,0.024295482
1784881200.546030998,3.830000141,1.639595730,0.276827090,1.200000000,0.024266316
1784881200.556030989,3.840000141,1.647077538,0.277939948,1.200000000,0.024240730
1784881200.566030979,3.850000141,1.654555552,0.279050639,1.200000000,0.024218599
1784881200.576030970,3.860000141,1.662029613,0.280159095,1.200000000,0.024199799
1784881200.586030960,3.870000141,1.669499564,0.281265247,1.200000000,0.024184207
1784881200.596030951,3.880000141,1.676965254,0.282369027,1.200000000,0.024171697
1784881200.606030941,3.890000141,1.684426531,0.283470366,1.200000000,0.024162147
1784881200.616030931,3.900000141,1.691883248,0.284569195,1.200000000,0.024155431
1784881200.626030922,3.910000141,1.699335258,0.285665444,1.200000000,0.024151426
1784881200.636030912,3.920000141,1.706782418,0.286759043,1.200000000,0.024150007
1784881200.646030903,3.930000141,1.714224590,0.287849923,1.200000000,0.024151051
1784881200.656030893,3.940000141,1.721661634,0.288938014,1.200000000,0.024154433
1784881200.666030884,3.950000141,1.729093416,0.290023244,1.200000000,0.024160029
1784881200.676030874,3.960000141,1.736519805,0.291105543,1.200000000,0.024167715
1784881200.686030865,3.970000141,1.743940671,0.292184840,1.200000000,0.024177367
1784881200.696031094,3.980000141,1.751355887,0.293261064,1.200000000,0.024188861
1784881200.706031084,3.990000141,1.758765330,0.294334143,1.200000000,0.024202072
1784881200.716031075,4.000000141,1.766168878,0.295404005,1.200000000,0.024216877
1784881200.726031065,4.010000141,1.773566414,0.296470579,1.200000000,0.024233151
1784881200.736031055,4.020000141,1.780957823,0.297533793,1.200000000,0.024250770
1784881200.746031046,4.030000141,1.788342992,0.298593574,1.200000000,0.024269610
1784881200.756031036,4.040000141,1.795721811,0.299649849,1.200000000,0.024289548
1784881200.766031027,4.050000141,1.803094174,0.300702547,1.200000000,0.024310458
1784881200.776031017,4.060000141,1.810459977,0.301751593,1.200000000,0.024332217
1784881200.786031008,4.070000141,1.817819119,0.302796914,1.200000000,0.024354700
1784881200.796030998,4.080000141,1.825171502,0.303838438,1.200000000,0.024377784
1784881200.806030989,4.090000141,1.832517032,0.304876091,1.200000000,0.024401344
1784881200.816030979,4.100000141,1.839855615,0.305909799,1.200000000,0.024425257
1784881200.826030970,4.110000141,1.847187162,0.306939488,1.200000000,0.024449397
1784881200.836030960,4.120000141,1.854511588,0.307965084,1.200000000,0.024473642
1784881200.846030951,4.130000141,1.861828808,0.308986513,1.200000000,0.024497866
1784881200.856030941,4.140000141,1.869138742,0.310003701,1.200000000,0.024521946
1784881200.866030931,4.150000141,1.876441313,0.311016572,1.200000000,0.024545757
1784881200.876030922,4.160000141,1.883736445,0.312025053,1.200000000,0.024569176
1784881200.886030912,4.170000141,1.891024066,0.313029069,1.200000000,0.024592078
1784881200.896030903,4.180000141,1.898304108,0.314028544,1.200000000,0.024614339
1784881200.906030893,4.190000141,1.905576504,0.315023403,1.200000000,0.024635836
1784881200.916030884,4.200000141,1.912841191,0.316013572,1.200000000,0.024656443
1784881200.926030874,4.210000141,1.920098109,0.316998975,1.200000000,0.024676037
1784881200.936030865,4.220000141,1.927347199,0.317979537,1.200000000,0.024694494
1784881200.946031094,4.230000141,1.934588407,0.318955181,1.200000000,0.024711689
1784881200.956031084,4.240000141,1.941821682,0.319925833,1.200000000,0.024727498
1784881200.966031075,4.250000141,1.949046973,0.320891416,1.200000000,0.024741798
1784881200.976031065,4.260000141,1.956264235,0.321851855,1.200000000,0.024754464
1784881200.986031055,4.270000141,1.963473424,0.322807074,1.200000000,0.024765372
1784881200.996031046,4.280000141,1.970674499,0.323756996,1.200000000,0.024774398
1784881201.006031036,4.290000141,1.977867423,0.324701546,1.200000000,0.024781417
1784881201.016031027,4.300000141,1.985052159,0.325640647,1.200000000,0.024786307
1784881201.026031017,4.310000141,1.992228675,0.326574223,1.200000000,0.024788941
1784881201.036031008,4.320000141,1.999396941,0.327502197,1.200000000,0.024789197
1784881201.046030998,4.330000141,2.006556930,0.328424494,1.200000000,0.024786951
1784881201.056030989,4.340000141,2.013708617,0.329341036,1.200000000,0.024782077
1784881201.066030979,4.350000141,2.020851980,0.330251748,1.200000000,0.024774452
1784881201.076030970,4.360000141,2.027987000,0.331156552,1.200000000,0.024763953
1784881201.086030960,4.370000141,2.035113660,0.332055372,1.200000000,0.024750453
1784881201.096030951,4.380000141,2.042231945,0.332948131,1.200000000,0.024733831
1784881201.106030941,4.390000141,2.049341844,0.333834752,1.200000000,0.024713961
1784881201.116030931,4.400000141,2.056443347,0.334715159,1.200000000,0.024690719
1784881201.126030922,4.410000141,2.063536448,0.335589275,1.200000000,0.024663982
1784881201.136030912,4.420000141,2.070621143,0.336457024,1.200000000,0.024633624
1784881201.146030903,4.430000141,2.077697428,0.337318327,1.200000000,0.024599523
1784881201.156030893,4.440000141,2.084765305,0.338173109,1.200000000,0.024561553
1784881201.166030884,4.450000141,2.091824776,0.339021292,1.200000000,0.024519591
1784881201.176030874,4.460000141,2.098875847,0.339862800,1.200000000,0.024473513
1784881201.186030865,4.470000141,2.105918525,0.340697556,1.200000000,0.024423194
1784881201.196031094,4.480000141,2.112952820,0.341525483,1.200000000,0.024368510
1784881201.206031084,4.490000141,2.119978742,0.342346503,1.200000000,0.024309338
1784881201.216031075,4.500000141,2.126996308,0.343160541,1.200000000,0.024245552
1784881201.226031065,4.510000141,2.134005532,0.343967520,1.200000000,0.024177030
1784881201.236031055,4.520000141,2.141006433,0.344767362,1.200000000,0.024103646
1784881201.246031046,4.530000141,2.147999031,0.345559991,1.200000000,0.024025277
1784881201.256031036,4.540000141,2.154983350,0.346345330,1.200000000,0.023941798
1784881201.266031027,4.550000141,2.161959413,0.347123302,1.200000000,0.023853086
1784881201.276031017,4.560000141,2.168927247,0.347893831,1.200000000,0.023759016
1784881201.286031008,4.570000141,2.175886881,0.348656840,1.200000000,0.023659464
1784881201.296030998,4.580000141,2.182838345,0.349412252,1.200000000,0.023554307
1784881201.306030989,4.590000141,2.189781671,0.350159991,1.200000000,0.023443419
1784881201.316030979,4.600000141,2.196716894,0.350899981,1.200000000,0.023326677
1784881201.326030970,4.610000141,2.203644048,0.351632144,1.200000000,0.023203956
1784881201.336030960,4.620000141,2.210563173,0.352356406,1.200000000,0.023075133
1784881201.346030951,4.630000141,2.217474307,0.353072688,1.200000000,0.022940084
1784881201.356030941,4.640000141,2.224377491,0.353780916,1.200000000,0.022798684
1784881201.366030931,4.650000141,2.231272769,0.354481013,1.200000000,0.022650808
1784881201.376030922,4.660000141,2.238160184,0.355172903,1.200000000,0.022496334
1784881201.386030912,4.670000141,2.245039783,0.355856509,1.200000000,0.022335137
1784881201.396030903,4.680000141,2.251911612,0.356531757,1.200000000,0.022167092
1784881201.406030893,4.690000141,2.258775721,0.357198570,1.200000000,0.021992076
1784881201.416030884,4.700000141,2.265632161,0.357856873,1.200000000,0.021809965
1784881201.426030874,4.710000141,2.272480982,0.358506590,1.200000000,0.021620633
1784881201.436030865,4.720000141,2.279322238,0.359147646,1.200000000,0.021423958
1784881201.446031094,4.730000141,2.286155983,0.359779964,1.200000000,0.021219816
1784881201.456031084,4.740000141,2.292982274,0.360403471,1.200000000,0.021008081
1784881201.466031075,4.750000141,2.299801167,0.361018091,1.200000000,0.020788630
1784881201.476031065,4.760000141,2.306612720,0.361623748,1.200000000,0.020561338
1784881201.486031055,4.770000141,2.313416993,0.362220369,1.200000000,0.020326082
1784881201.496031046,4.780000141,2.320214046,0.362807878,1.200000000,0.020082738
1784881201.506031036,4.790000141,2.327003940,0.363386201,1.200000000,0.019831181
1784881201.516031027,4.800000141,2.333786739,0.363955263,1.200000000,0.019571287
1784881201.526031017,4.810000141,2.340562505,0.364514990,1.200000000,0.019302932
1784881201.536031008,4.820000141,2.347331303,0.365065308,1.200000000,0.019025992
1784881201.546030998,4.830000141,2.354093198,0.365606143,1.200000000,0.018740343
1784881201.556030989,4.840000141,2.360848257,0.366137420,1.200000000,0.018445861
1784881201.566030979,4.850000141,2.367596547,0.366659067,1.200000000,0.018142421
1784881201.576030970,4.860000141,2.374338135,0.367171010,1.200000000,0.017829900
1784881201.586030960,4.870000141,2.381073090,0.367673176,1.200000000,0.017508172
1784881201.596030951,4.880000141,2.387801481,0.368165491,1.200000000,0.017177115
1784881201.606030941,4.890000141,2.394523378,0.368647882,1.200000000,0.016836604
1784881201.616030931,4.900000141,2.401238851,0.369120277,1.200000000,0.016486515
1784881201.626030922,4.910000141,2.407947973,0.369582603,1.200000000,0.016126724
1784881201.636030912,4.920000141,2.414650813,0.370034787,1.200000000,0.015757107
1784881201.646030903,4.930000141,2.421347444,0.370476758,1.200000000,0.015377538
1784881201.656030893,4.940000141,2.428037939,0.370908444,1.200000000,0.014987896
1784881201.666030884,4.950000141,2.434722370,0.371329771,1.200000000,0.014588054
1784881201.676030874,4.960000141,2.441400811,0.371740670,1.200000000,0.014177890
1784881201.686030865,4.970000141,2.448073335,0.372141069,1.200000000,0.013757279
1784881201.696031094,4.980000141,2.454740017,0.372530896,1.200000000,0.013326096
1784881201.706031084,4.990000141,2.461400929,0.372910080,1.200000000,0.012884218
1784881201.716031075,5.000000141,2.468056146,0.373278552,1.200000000,0.012431521
1784881201.726031065,5.010000141,2.474705743,0.373636240,1.200000000,0.011967881
1784881201.736031055,5.020000141,2.481349795,0.373983073,1.200000000,0.011493172
1784881201.746031046,5.030000141,2.487988375,0.374318983,1.200000000,0.011007272
1784881201.756031036,5.040000141,2.494621558,0.374643900,1.200000000,0.010510056
1784881201.766031027,5.050000141,2.501249420,0.374957753,1.200000000,0.010001401
1784881201.776031017,5.060000141,2.507872034,0.375260473,1.200000000,0.009481180
1784881201.786031008,5.070000141,2.514489474,0.375551993,1.200000000,0.008949272
1784881201.796030998,5.080000141,2.521101817,0.375832242,1.200000000,0.008405551
1784881201.806030989,5.090000141,2.527709134,0.376101152,1.200000000,0.007849894
1784881201.816030979,5.100000141,2.534311502,0.376358656,1.200000000,0.007282176
1784881201.826030970,5.110000141,2.540908993,0.376604685,1.200000000,0.006702273
1784881201.836030960,5.120000141,2.547501680,0.376839172,1.200000000,0.006110061
1784881201.846030951,5.130000141,2.554089638,0.377062048,1.200000000,0.005505417
1784881201.856030941,5.140000141,2.560672939,0.377273248,1.200000000,0.004888215
1784881201.866030931,5.150000141,2.567251655,0.377472704,1.200000000,0.004258331
1784881201.876030922,5.160000141,2.573825860,0.377660350,1.200000000,0.003615643
1784881201.886030912,5.170000141,2.580395623,0.377836120,1.200000000,0.002960024
1784881201.896030903,5.180000141,2.586961017,0.377999947,1.200000000,0.002291352
1784881201.906030893,5.190000141,2.593522113,0.378151766,1.200000000,0.001609503
1784881201.916030884,5.200000141,2.600078980,0.378291512,1.200000000,0.000914351
1784881201.926030874,5.210000141,2.606631688,0.378419120,1.200000000,0.000205773
1784881201.936030865,5.220000141,2.613180307,0.378534525,1.200000000,-0.000516355
1784881201.946031094,5.230000141,2.619724904,0.378637663,1.200000000,-0.001252157
1784881201.956031084,5.240000141,2.626265547,0.378728470,1.200000000,-0.002001758
1784881201.966031075,5.250000141,2.632802304,0.378806882,1.200000000,-0.002765282
1784881201.976031065,5.260000141,2.639335241,0.378872836,1.200000000,-0.003542852
1784881201.986031055,5.270000141,2.645864424,0.378926269,1.200000000,-0.004334593
1784881201.996031046,5.280000141,2.652389917,0.378967118,1.200000000,-0.005140629
1784881202.006031036,5.290000141,2.658911785,0.378995321,1.200000000,-0.005961076
1784881202.016031027,5.300000141,2.665430090,0.379010816,1.200000000,-0.006795938
1784881202.026031017,5.310000141,2.671944896,0.379013541,1.200000000,-0.007645138
1784881202.036031008,5.320000141,2.678456263,0.379003435,1.200000000,-0.008508595
1784881202.046030998,5.330000141,2.684964254,0.378980438,1.200000000,-0.009386230
1784881202.056030989,5.340000141,2.691468927,0.378944489,1.200000000,-0.010277963
1784881202.066030979,5.350000141,2.697970341,0.378895527,1.200000000,-0.011183714
1784881202.076030970,5.360000141,2.704468555,0.378833494,1.200000000,-0.012103404
1784881202.086030960,5.370000141,2.710963625,0.378758328,1.200000000,-0.013036952
1784881202.096030951,5.380000141,2.717455608,0.378669973,1.200000000,-0.013984279
1784881202.106030941,5.390000141,2.723944558,0.378568369,1.200000000,-0.014945305
1784881202.116030931,5.400000141,2.730430529,0.378453458,1.200000000,-0.015919951
1784881202.126030922,5.410000141,2.736913576,0.378325182,1.200000000,-0.016908135
1784881202.136030912,5.420000141,2.743393748,0.378183483,1.200000000,-0.017909780
1784881202.146030903,5.430000141,2.749871098,0.378028306,1.200000000,-0.018924804
1784881202.156030893,5.440000141,2.756345675,0.377859593,1.200000000,-0.019953129
1784881202.166030884,5.450000141,2.762817529,0.377677288,1.200000000,-0.020994673
1784881202.176030874,5.460000141,2.769286705,0.377481335,1.200000000,-0.022049359
1784881202.186030865,5.470000141,2.775753252,0.377271680,1.200000000,-0.023117105
1784881202.196031094,5.480000141,2.782217214,0.377048267,1.200000000,-0.024197832
1784881202.206031084,5.490000141,2.788678636,0.376811042,1.200000000,-0.025291460
1784881202.216031075,5.500000141,2.795137560,0.376559951,1.200000000,-0.026397910
1784881202.226031065,5.510000141,2.801594030,0.376294940,1.200000000,-0.027517101
1784881202.236031055,5.520000141,2.808048085,0.376015957,1.200000000,-0.028648954
1784881202.246031046,5.530000141,2.814499765,0.375722948,1.200000000,-0.029793389
1784881202.256031036,5.540000141,2.820949108,0.375415862,1.200000000,-0.030950326
1784881202.266031027,5.550000141,2.827396153,0.375094647,1.200000000,-0.032119686
1784881202.276031017,5.560000141,2.833840934,0.374759251,1.200000000,-0.033301388
1784881202.286031008,5.570000141,2.840283487,0.374409624,1.200000000,-0.034495354
1784881202.296030998,5.580000141,2.846723846,0.374045716,1.200000000,-0.035701502
1784881202.306030989,5.590000141,2.853162042,0.373667476,1.200000000,-0.036919754
1784881202.316030979,5.600000141,2.859598108,0.373274856,1.200000000,-0.038150029
1784881202.326030970,5.610000141,2.866032072,0.372867806,1.200000000,-0.039392248
1784881202.336030960,5.620000141,2.872463965,0.372446278,1.200000000,-0.040646331
1784881202.346030951,5.630000141,2.878893813,0.372010224,1.200000000,-0.041912198
1784881202.356030941,5.640000141,2.885321643,0.371559597,1.200000000,-0.043189769
1784881202.366030931,5.650000141,2.891747479,0.371094350,1.200000000,-0.044478965
1784881202.376030922,5.660000141,2.898171347,0.370614437,1.200000000,-0.045779706
1784881202.386030912,5.670000141,2.904593268,0.370119811,1.200000000,-0.047091912
1784881202.396030903,5.680000141,2.911013264,0.369610428,1.200000000,-0.048415503
1784881202.406030893,5.690000141,2.917431355,0.369086242,1.200000000,-0.049750400
1784881202.416030884,5.700000141,2.923847560,0.368547210,1.200000000,-0.051096522
1784881202.426030874,5.710000141,2.930261897,0.367993287,1.200000000,-0.052453790
1784881202.436030865,5.720000141,2.936674382,0.367424430,1.200000000,-0.053822124
1784881202.446031094,5.730000141,2.943085032,0.366840597,1.200000000,-0.055201444
1784881202.456031084,5.740000141,2.949493859,0.366241745,1.200000000,-0.056591671
1784881202.466031075,5.750000141,2.955900877,0.365627833,1.200000000,-0.057992725
1784881202.476031065,5.760000141,2.962306098,0.364998820,1.200000000,-0.059404526
1784881202.486031055,5.770000141,2.968709531,0.364354665,1.200000000,-0.060826993
1784881202.496031046,5.780000141,2.975111188,0.363695328,1.200000000,-0.062260048
1784881202.506031036,5.790000141,2.981511074,0.363020769,1.200000000,-0.063703611
1784881202.516031027,5.800000141,2.987909198,0.362330951,1.200000000,-0.065157602
1784881202.526031017,5.810000141,2.994305565,0.361625834,1.200000000,-0.066621940
1784881202.536031008,5.820000141,3.000700180,0.360905381,1.200000000,-0.068096547
1784881202.546030998,5.830000141,3.007093047,0.360169555,1.200000000,-0.069581342
1784881202.556030989,5.840000141,3.013484167,0.359418319,1.200000000,-0.071076246
1784881202.566030979,5.850000141,3.019873541,0.358651638,1.200000000,-0.072581178
1784881202.576030970,5.860000141,3.026261170,0.357869475,1.200000000,-0.074096060
1784881202.586030960,5.870000141,3.032647053,0.357071796,1.200000000,-0.075620811
1784881202.596030951,5.880000141,3.039031187,0.356258568,1.200000000,-0.077155351
1784881202.606030941,5.890000141,3.045413569,0.355429755,1.200000000,-0.078699601
1784881202.616030931,5.900000141,3.051794194,0.354585326,1.200000000,-0.080253481
1784881202.626030922,5.910000141,3.058173058,0.353725248,1.200000000,-0.081816912
1784881202.636030912,5.920000141,3.064550152,0.352849489,1.200000000,-0.083389812
1784881202.646030903,5.930000141,3.070925471,0.351958018,1.200000000,-0.084972103
1784881202.656030893,5.940000141,3.077299004,0.351050805,1.200000000,-0.086563705
1784881202.666030884,5.950000141,3.083670742,0.350127819,1.200000000,-0.088164538
1784881202.676030874,5.960000141,3.090040675,0.349189031,1.200000000,-0.089774522
1784881202.686030865,5.970000141,3.096408790,0.348234412,1.200000000,-0.091393578
1784881202.696031094,5.980000141,3.102775075,0.347263935,1.200000000,-0.093021625
1784881202.706031084,5.990000141,3.109139516,0.346277572,1.200000000,-0.094658584
1784881202.716031075,6.000000141,3.115502098,0.345275296,1.200000000,-0.096304375
1784881202.726031065,6.010000141,3.121862805,0.344257082,1.200000000,-0.097958918
1784881202.736031055,6.020000141,3.128221620,0.343222903,1.200000000,-0.099622134
1784881202.746031046,6.030000141,3.134578527,0.342172734,1.200000000,-0.101293942
1784881202.756031036,6.040000141,3.140933506,0.341106553,1.200000000,-0.102974264
1784881202.766031027,6.050000141,3.147286538,0.340024334,1.200000000,-0.104663018
1784881202.776031017,6.060000141,3.153637602,0.338926056,1.200000000,-0.106360126
1784881202.786031008,6.070000141,3.159986678,0.337811695,1.200000000,-0.108065507
1784881202.796030998,6.080000141,3.166333743,0.336681231,1.200000000,-0.109779082
1784881202.806030989,6.090000141,3.172678774,0.335534643,1.200000000,-0.111500772
1784881202.816030979,6.100000141,3.179021748,0.334371909,1.200000000,-0.113230495
1784881202.826030970,6.110000141,3.185362639,0.333193012,1.200000000,-0.114968173
1784881202.836030960,6.120000141,3.191701423,0.331997931,1.200000000,-0.116713725
1784881202.846030951,6.130000141,3.198038074,0.330786650,1.200000000,-0.118467072
1784881202.856030941,6.140000141,3.204372564,0.329559149,1.200000000,-0.120228134
1784881202.866030931,6.150000141,3.210704867,0.328315413,1.200000000,-0.121996832
1784881202.876030922,6.160000141,3.217034952,0.327055425,1.200000000,-0.123773084
1784881202.886030912,6.170000141,3.223362793,0.325779170,1.200000000,-0.125556813
1784881202.896030903,6.180000141,3.229688358,0.324486634,1.200000000,-0.127347938
1784881202.906030893,6.190000141,3.236011617,0.323177801,1.200000000,-0.129146378
1784881202.916030884,6.200000141,3.242332539,0.321852660,1.200000000,-0.130952055
1784881202.926030874,6.210000141,3.248651093,0.320511196,1.200000000,-0.132764888
1784881202.936030865,6.220000141,3.254967247,0.319153399,1.200000000,-0.134584799
1784881202.946031094,6.230000141,3.261280966,0.317779257,1.200000000,-0.136411706
1784881202.956031084,6.240000141,3.267592218,0.316388760,1.200000000,-0.138245530
1784881202.966031075,6.250000141,3.273900969,0.314981897,1.200000000,-0.140086192
1784881202.976031065,6.260000141,3.280207184,0.313558660,1.200000000,-0.141933611
1784881202.986031055,6.270000141,3.286510828,0.312119041,1.200000000,-0.143787708
1784881202.996031046,6.280000141,3.292811865,0.310663031,1.200000000,-0.145648403
1784881203.006031036,6.290000141,3.299110259,0.309190624,1.200000000,-0.147515617
1784881203.016031027,6.300000141,3.305405974,0.307701814,1.200000000,-0.149389268
1784881203.026031017,6.310000141,3.311698973,0.306196595,1.200000000,-0.151269279
1784881203.036031008,6.320000141,3.317989218,0.304674963,1.200000000,-0.153155568
1784881203.046030998,6.330000141,3.324276671,0.303136914,1.200000000,-0.155048057
1784881203.056030989,6.340000141,3.330561294,0.301582444,1.200000000,-0.156946664
1784881203.066030979,6.350000141,3.336843049,0.300011551,1.200000000,-0.158851312
1784881203.076030970,6.360000141,3.343121896,0.298424233,1.200000000,-0.160761919
1784881203.086030960,6.370000141,3.349397797,0.296820490,1.200000000,-0.162678406
1784881203.096030951,6.380000141,3.355670711,0.295200320,1.200000000,-0.164600693
1784881203.106030941,6.390000141,3.361940599,0.293563725,1.200000000,-0.166528700
1784881203.116030931,6.400000141,3.368207421,0.291910705,1.200000000,-0.168462348
1784881203.126030922,6.410000141,3.374471137,0.290241263,1.200000000,-0.170401557
1784881203.136030912,6.420000141,3.380731705,0.288555402,1.200000000,-0.172346247
1784881203.146030903,6.430000141,3.386989086,0.286853125,1.200000000,-0.174296338
1784881203.156030893,6.440000141,3.393243237,0.285134436,1.200000000,-0.176251751
1784881203.166030884,6.450000141,3.399494119,0.283399340,1.200000000,-0.178212405
1784881203.176030874,6.460000141,3.405741689,0.281647843,1.200000000,-0.180178221
1784881203.186030865,6.470000141,3.411985907,0.279879952,1.200000000,-0.182149119
1784881203.196031094,6.480000141,3.418226730,0.278095673,1.200000000,-0.184125020
1784881203.206031084,6.490000141,3.424464117,0.276295016,1.200000000,-0.186105843
1784881203.216031075,6.500000141,3.430698027,0.274477988,1.200000000,-0.188091508
1784881203.226031065,6.510000141,3.436928418,0.272644600,1.200000000,-0.190081937
1784881203.236031055,6.520000141,3.443155248,0.270794862,1.200000000,-0.192077049
1784881203.246031046,6.530000141,3.449378475,0.268928785,1.200000000,-0.194076764
1784881203.256031036,6.540000141,3.455598058,0.267046381,1.200000000,-0.196081002
1784881203.266031027,6.550000141,3.461813955,0.265147662,1.200000000,-0.198089685
1784881203.276031017,6.560000141,3.468026125,0.263232643,1.200000000,-0.200102731
1784881203.286031008,6.570000141,3.474234525,0.261301337,1.200000000,-0.202120062
1784881203.296030998,6.580000141,3.480439114,0.259353759,1.200000000,-0.204141597
1784881203.306030989,6.590000141,3.486639852,0.257389926,1.200000000,-0.206167257
1784881203.316030979,6.600000141,3.492836696,0.255409854,1.200000000,-0.208196961
1784881203.326030970,6.610000141,3.499029606,0.253413560,1.200000000,-0.210230631
1784881203.336030960,6.620000141,3.505218541,0.251401062,1.200000000,-0.212268186
1784881203.346030951,6.630000141,3.511403460,0.249372380,1.200000000,-0.214309546
1784881203.356030941,6.640000141,3.517584323,0.247327533,1.200000000,-0.216354632
1784881203.366030931,6.650000141,3.523761089,0.245266542,1.200000000,-0.218403365
1784881203.376030922,6.660000141,3.529933718,0.243189428,1.200000000,-0.220455663
1784881203.386030912,6.670000141,3.536102171,0.241096213,1.200000000,-0.222511447
1784881203.396030903,6.680000141,3.542266407,0.238986920,1.200000000,-0.224570638
1784881203.406030893,6.690000141,3.548426389,0.236861572,1.200000000,-0.226633156
1784881203.416030884,6.700000141,3.554582077,0.234720195,1.200000000,-0.228698921
1784881203.426030874,6.710000141,3.560733431,0.232562812,1.200000000,-0.230767853
1784881203.436030865,6.720000141,3.566880416,0.230389452,1.200000000,-0.232839872
1784881203.446031094,6.730000141,3.573022991,0.228200139,1.200000000,-0.234914899
1784881203.456031084,6.740000141,3.579161120,0.225994902,1.200000000,-0.236992854
1784881203.466031075,6.750000141,3.585294766,0.223773770,1.200000000,-0.239073657
1784881203.476031065,6.760000141,3.591423893,0.221536771,1.200000000,-0.241157228
1784881203.486031055,6.770000141,3.597548463,0.219283935,1.200000000,-0.243243488
1784881203.496031046,6.780000141,3.603668441,0.217015293,1.200000000,-0.245332357
1784881203.506031036,6.790000141,3.609783793,0.214730877,1.200000000,-0.247423754
1784881203.516031027,6.800000141,3.615894482,0.212430719,1.200000000,-0.249517600
1784881203.526031017,6.810000141,3.622000475,0.210114853,1.200000000,-0.251613816
1784881203.536031008,6.820000141,3.628101738,0.207783311,1.200000000,-0.253712321
1784881203.546030998,6.830000141,3.634198237,0.205436129,1.200000000,-0.255813036
1784881203.556030989,6.840000141,3.640289941,0.203073342,1.200000000,-0.257915881
1784881203.566030979,6.850000141,3.646376815,0.200694987,1.200000000,-0.260020776
1784881203.576030970,6.860000141,3.652458830,0.198301101,1.200000000,-0.262127642
1784881203.586030960,6.870000141,3.658535954,0.195891721,1.200000000,-0.264236398
1784881203.596030951,6.880000141,3.664608156,0.193466887,1.200000000,-0.266346965
1784881203.606030941,6.890000141,3.670675406,0.191026636,1.200000000,-0.268459263
1784881203.616030931,6.900000141,3.676737676,0.188571011,1.200000000,-0.270573213
1784881203.626030922,6.910000141,3.682794936,0.186100051,1.200000000,-0.272688733
1784881203.636030912,6.920000141,3.688847159,0.183613799,1.200000000,-0.274805746
1784881203.646030903,6.930000141,3.694894317,0.181112297,1.200000000,-0.276924170
1784881203.656030893,6.940000141,3.700936383,0.178595589,1.200000000,-0.279043927
1784881203.666030884,6.950000141,3.706973332,0.176063718,1.200000000,-0.281164936
1784881203.676030874,6.960000141,3.713005138,0.173516729,1.200000000,-0.283287129
1784881203.686030865,6.970000141,3.719031777,0.170954668,1.200000000,-0.285410444
1784881203.696031094,6.980000141,3.725053224,0.168377582,1.200000000,-0.287534823
1784881203.706031084,6.990000141,3.731069456,0.165785518,1.200000000,-0.289660204
1784881203.716031075,7.000000141,3.737080452,0.163178523,1.200000000,-0.291786527
1784881203.726031065,7.010000141,3.743086188,0.160556647,1.200000000,-0.293913733
1784881203.736031055,7.020000141,3.749086644,0.157919938,1.200000000,-0.296041761
1784881203.746031046,7.030000141,3.755081800,0.155268448,1.200000000,-0.298170551
1784881203.756031036,7.040000141,3.761071637,0.152602227,1.200000000,-0.300300043
1784881203.766031027,7.050000141,3.767056134,0.149921327,1.200000000,-0.302430176
1784881203.776031017,7.060000141,3.773035275,0.147225801,1.200000000,-0.304560891
1784881203.786031008,7.070000141,3.779009042,0.144515701,1.200000000,-0.306692127
1784881203.796030998,7.080000141,3.784977418,0.141791083,1.200000000,-0.308823824
1784881203.806030989,7.090000141,3.790940389,0.139052000,1.200000000,-0.310955922
1784881203.816030979,7.100000141,3.796897938,0.136298509,1.200000000,-0.313088362
1784881203.826030970,7.110000141,3.802850052,0.133530666,1.200000000,-0.315221081
1784881203.836030960,7.120000141,3.808796718,0.130748527,1.200000000,-0.317354022
1784881203.846030951,7.130000141,3.814737923,0.127952151,1.200000000,-0.319487122
1784881203.856030941,7.140000141,3.820673656,0.125141596,1.200000000,-0.321620323
1784881203.866030931,7.150000141,3.826603904,0.122316922,1.200000000,-0.323753564
1784881203.876030922,7.160000141,3.832528659,0.119478189,1.200000000,-0.325886784
1784881203.886030912,7.170000141,3.838447912,0.116625456,1.200000000,-0.328019925
1784881203.896030903,7.180000141,3.844361653,0.113758787,1.200000000,-0.330152924
1784881203.906030893,7.190000141,3.850269875,0.110878242,1.200000000,-0.332285723
1784881203.916030884,7.200000141,3.856172571,0.107983886,1.200000000,-0.334418262
1784881203.926030874,7.210000141,3.862069735,0.105075781,1.200000000,-0.336550479
1784881203.936030865,7.220000141,3.867961363,0.102153992,1.200000000,-0.338682315
1784881203.946031094,7.230000141,3.873847450,0.099218585,1.200000000,-0.340813710
1784881203.956031084,7.240000141,3.879727992,0.096269624,1.200000000,-0.342944604
1784881203.966031075,7.250000141,3.885602986,0.093307177,1.200000000,-0.345074935
1784881203.976031065,7.260000141,3.891472432,0.090331311,1.200000000,-0.347204645
1784881203.986031055,7.270000141,3.897336327,0.087342094,1.200000000,-0.349333673
1784881203.996031046,7.280000141,3.903194672,0.084339594,1.200000000,-0.351461959
1784881204.006031036,7.290000141,3.909047468,0.081323880,1.200000000,-0.353589443
1784881204.016031027,7.300000141,3.914894715,0.078295024,1.200000000,-0.355716064
1784881204.026031017,7.310000141,3.920736417,0.075253095,1.200000000,-0.357841763
1784881204.036031008,7.320000141,3.926572576,0.072198165,1.200000000,-0.359966479
1784881204.046030998,7.330000141,3.932403196,0.069130306,1.200000000,-0.362090151
1784881204.056030989,7.340000141,3.938228283,0.066049591,1.200000000,-0.364212721
1784881204.066030979,7.350000141,3.944047841,0.062956093,1.200000000,-0.366334128
1784881204.076030970,7.360000141,3.949861878,0.059849886,1.200000000,-0.368454311
1784881204.086030960,7.370000141,3.955670400,0.056731046,1.200000000,-0.370573210
1784881204.096030951,7.380000141,3.961473415,0.053599647,1.200000000,-0.372690766
1784881204.106030941,7.390000141,3.967270933,0.050455766,1.200000000,-0.374806918
1784881204.116030931,7.400000141,3.973062963,0.047299480,1.200000000,-0.376921605
1784881204.126030922,7.410000141,3.978849516,0.044130866,1.200000000,-0.379034769
1784881204.136030912,7.420000141,3.984630603,0.040950001,1.200000000,-0.381146348
1784881204.146030903,7.430000141,3.990406235,0.037756966,1.200000000,-0.383256282
1784881204.156030893,7.440000141,3.996176427,0.034551838,1.200000000,-0.385364512
1784881204.166030884,7.450000141,4.001941191,0.031334699,1.200000000,-0.387470977
1784881204.176030874,7.460000141,4.007700543,0.028105629,1.200000000,-0.389575616
1784881204.186030865,7.470000141,4.013454496,0.024864708,1.200000000,-0.391678371
1784881204.196031094,7.480000141,4.019203068,0.021612020,1.200000000,-0.393779180
1784881204.206031084,7.490000141,4.024946275,0.018347646,1.200000000,-0.395877983
1784881204.216031075,7.500000141,4.030684135,0.015071669,1.200000000,-0.397974721
1784881204.226031065,7.510000141,4.036416666,0.011784174,1.200000000,-0.400069333
1784881204.236031055,7.520000141,4.042143886,0.008485245,1.200000000,-0.402161759
1784881204.246031046,7.530000141,4.047865817,0.005174966,1.200000000,-0.404251939
1784881204.256031036,7.540000141,4.053582477,0.001853423,1.200000000,-0.406339812
1784881204.266031027,7.550000141,4.059293890,-0.001479297,1.200000000,-0.408425319
1784881204.276031017,7.560000141,4.065000076,-0.004823109,1.200000000,-0.410508399
1784881204.286031008,7.570000141,4.070701058,-0.008177924,1.200000000,-0.412588992
1784881204.296030998,7.580000141,4.076396860,-0.011543654,1.200000000,-0.414667038
1784881204.306030989,7.590000141,4.082087506,-0.014920213,1.200000000,-0.416742477
1784881204.316030979,7.600000141,4.087773020,-0.018307509,1.200000000,-0.418815249
1784881204.326030970,7.610000141,4.093453429,-0.021705454,1.200000000,-0.420885293
1784881204.336030960,7.620000141,4.099128758,-0.025113958,1.200000000,-0.422952549
1784881204.346030951,7.630000141,4.104799035,-0.028532929,1.200000000,-0.425016957
1784881204.356030941,7.640000141,4.110464286,-0.031962277,1.200000000,-0.427078458
1784881204.366030931,7.650000141,4.116124540,-0.035401910,1.200000000,-0.429136990
1784881204.376030922,7.660000141,4.121779826,-0.038851735,1.200000000,-0.431192494
1784881204.386030912,7.670000141,4.127430174,-0.042311659,1.200000000,-0.433244910
1784881204.396030903,7.680000141,4.133075612,-0.045781590,1.200000000,-0.435294177
1784881204.406030893,7.690000141,4.138716174,-0.049261432,1.200000000,-0.437340234
1784881204.416030884,7.700000141,4.144351888,-0.052751092,1.200000000,-0.439383023
1784881204.426030874,7.710000141,4.149982789,-0.056250475,1.200000000,-0.441422483
1784881204.436030865,7.720000141,4.155608907,-0.059759484,1.200000000,-0.443458554
1784881204.446031094,7.730000141,4.161230276,-0.063278025,1.200000000,-0.445491175
1784881204.456031084,7.740000141,4.166846931,-0.066806000,1.200000000,-0.447520286
1784881204.466031075,7.750000141,4.172458905,-0.070343312,1.200000000,-0.449545828
1784881204.476031065,7.760000141,4.178066233,-0.073889865,1.200000000,-0.451567739
1784881204.486031055,7.770000141,4.183668950,-0.077445559,1.200000000,-0.453585961
1784881204.496031046,7.780000141,4.189267093,-0.081010297,1.200000000,-0.455600432
1784881204.506031036,7.790000141,4.194860697,-0.084583980,1.200000000,-0.457611092
1784881204.516031027,7.800000141,4.200449801,-0.088166507,1.200000000,-0.459617882
1784881204.526031017,7.810000141,4.206034441,-0.091757780,1.200000000,-0.461620742
1784881204.536031008,7.820000141,4.211614655,-0.095357698,1.200000000,-0.463619610
1784881204.546030998,7.830000141,4.217190482,-0.098966159,1.200000000,-0.465614427
1784881204.556030989,7.840000141,4.222761961,-0.102583064,1.200000000,-0.467605133
1784881204.566030979,7.850000141,4.228329131,-0.106208309,1.200000000,-0.469591667
1784881204.576030970,7.860000141,4.233892032,-0.109841793,1.200000000,-0.471573970
1784881204.586030960,7.870000141,4.239450704,-0.113483414,1.200000000,-0.473551981
1784881204.596030951,7.880000141,4.245005188,-0.117133067,1.200000000,-0.475525640
1784881204.606030941,7.890000141,4.250555526,-0.120790651,1.200000000,-0.477494887
1784881204.616030931,7.900000141,4.256101759,-0.124456061,1.200000000,-0.479459662
1784881204.626030922,7.910000141,4.261643928,-0.128129192,1.200000000,-0.481419904
1784881204.636030912,7.920000141,4.267182076,-0.131809940,1.200000000,-0.483375554
1784881204.646030903,7.930000141,4.272716247,-0.135498200,1.200000000,-0.485326550
1784881204.656030893,7.940000141,4.278246482,-0.139193867,1.200000000,-0.487272834
1784881204.666030884,7.950000141,4.283772826,-0.142896834,1.200000000,-0.489214345
1784881204.676030874,7.960000141,4.289295322,-0.146606996,1.200000000,-0.491151023
1784881204.686030865,7.970000141,4.294814014,-0.150324245,1.200000000,-0.493082807
1784881204.696031094,7.980000141,4.300328947,-0.154048474,1.200000000,-0.495009638
1784881204.706031084,7.990000141,4.305840166,-0.157779577,1.200000000,-0.496931455
1784881204.716031075,8.000000141,4.311347716,-0.161517445,1.200000000,-0.498848198
1784881204.726031065,8.010000141,4.316851641,-0.165261971,1.200000000,-0.500759807
1784881204.736031055,8.020000141,4.322351988,-0.169013046,1.200000000,-0.502666221
1784881204.746031046,8.030000141,4.327848802,-0.172770560,1.200000000,-0.504567382
1784881204.756031036,8.040000141,4.333342130,-0.176534406,1.200000000,-0.506463227
1784881204.766031027,8.050000141,4.338832017,-0.180304472,1.200000000,-0.508353698
1784881204.776031017,8.060000141,4.344318511,-0.184080650,1.200000000,-0.510238734
1784881204.786031008,8.070000141,4.349801658,-0.187862830,1.200000000,-0.512118275
1784881204.796030998,8.080000141,4.355281506,-0.191650900,1.200000000,-0.513992261
1784881204.806030989,8.090000141,4.360758100,-0.195444751,1.200000000,-0.515860632
1784881204.816030979,8.100000141,4.366231490,-0.199244270,1.200000000,-0.517723327
1784881204.826030970,8.110000141,4.371701721,-0.203049347,1.200000000,-0.519580286
1784881204.836030960,8.120000141,4.377168843,-0.206859870,1.200000000,-0.521431449
1784881204.846030951,8.130000141,4.382632902,-0.210675726,1.200000000,-0.523276757
1784881204.856030941,8.140000141,4.388093946,-0.214496804,1.200000000,-0.525116148
1784881204.866030931,8.150000141,4.393552024,-0.218322991,1.200000000,-0.526949563
1784881204.876030922,8.160000141,4.399007184,-0.222154174,1.200000000,-0.528776941
1784881204.886030912,8.170000141,4.404459474,-0.225990239,1.200000000,-0.530598222
1784881204.896030903,8.180000141,4.409908942,-0.229831074,1.200000000,-0.532413347
1784881204.906030893,8.190000141,4.415355637,-0.233676565,1.200000000,-0.534222255
1784881204.916030884,8.200000141,4.420799607,-0.237526597,1.200000000,-0.536024885
1784881204.926030874,8.210000141,4.426240900,-0.241381058,1.200000000,-0.537821178
1784881204.936030865,8.220000141,4.431679566,-0.245239831,1.200000000,-0.539611074
1784881204.946031094,8.230000141,4.437115652,-0.249102803,1.200000000,-0.541394512
1784881204.956031084,8.240000141,4.442549207,-0.252969858,1.200000000,-0.543171432
1784881204.966031075,8.250000141,4.447980279,-0.256840883,1.200000000,-0.544941774
1784881204.976031065,8.260000141,4.453408918,-0.260715760,1.200000000,-0.546705478
1784881204.986031055,8.270000141,4.458835172,-0.264594375,1.200000000,-0.548462484
1784881204.996031046,8.280000141,4.464259088,-0.268476611,1.200000000,-0.550212731
1784881205.006031036,8.290000141,4.469680716,-0.272362353,1.200000000,-0.551956160
1784881205.016031027,8.300000141,4.475100104,-0.276251485,1.200000000,-0.553692710
1784881205.026031017,8.310000141,4.480517300,-0.280143890,1.200000000,-0.555422320
1784881205.036031008,8.320000141,4.485932352,-0.284039452,1.200000000,-0.557144932
1784881205.046030998,8.330000141,4.491345308,-0.287938053,1.200000000,-0.558860484
1784881205.056030989,8.340000141,4.496756217,-0.291839578,1.200000000,-0.560568917
1784881205.066030979,8.350000141,4.502165126,-0.295743908,1.200000000,-0.562270170
1784881205.076030970,8.360000141,4.507572082,-0.299650926,1.200000000,-0.563964184
1784881205.086030960,8.370000141,4.512977133,-0.303560515,1.200000000,-0.565650897
1784881205.096030951,8.380000141,4.518380328,-0.307472557,1.200000000,-0.567330250
1784881205.106030941,8.390000141,4.523781712,-0.311386935,1.200000000,-0.569002183
1784881205.116030931,8.400000141,4.529181333,-0.315303531,1.200000000,-0.570666636
1784881205.126030922,8.410000141,4.534579238,-0.319222225,1.200000000,-0.572323548
1784881205.136030912,8.420000141,4.539975473,-0.323142901,1.200000000,-0.573972859
1784881205.146030903,8.430000141,4.545370086,-0.327065440,1.200000000,-0.575614509
1784881205.156030893,8.440000141,4.550763122,-0.330989723,1.200000000,-0.577248439
1784881205.166030884,8.450000141,4.556154626,-0.334915632,1.200000000,-0.578874586
1784881205.176030874,8.460000141,4.561544646,-0.338843047,1.200000000,-0.580492893
1784881205.186030865,8.470000141,4.566933227,-0.342771851,1.200000000,-0.582103298
1784881205.196031094,8.480000141,4.572320413,-0.346701923,1.200000000,-0.583705741
1784881205.206031084,8.490000141,4.577706250,-0.350633146,1.200000000,-0.585300162
1784881205.216031075,8.500000141,4.583090782,-0.354565400,1.200000000,-0.586886501
1784881205.226031065,8.510000141,4.588474055,-0.358498565,1.200000000,-0.588464698
1784881205.236031055,8.520000141,4.593856111,-0.362432522,1.200000000,-0.590034692
1784881205.246031046,8.530000141,4.599236995,-0.366367152,1.200000000,-0.591596424
1784881205.256031036,8.540000141,4.604616750,-0.370302335,1.200000000,-0.593149833
1784881205.266031027,8.550000141,4.609995419,-0.374237951,1.200000000,-0.594694859
1784881205.276031017,8.560000141,4.615373046,-0.378173881,1.200000000,-0.596231442
1784881205.286031008,8.570000141,4.620749672,-0.382110006,1.200000000,-0.597759522
1784881205.296030998,8.580000141,4.626125341,-0.386046205,1.200000000,-0.599279039
1784881205.306030989,8.590000141,4.631500092,-0.389982358,1.200000000,-0.600789932
1784881205.316030979,8.600000141,4.636873968,-0.393918346,1.200000000,-0.602292141
1784881205.326030970,8.610000141,4.642247011,-0.397854048,1.200000000,-0.603785606
1784881205.336030960,8.620000141,4.647619259,-0.401789345,1.200000000,-0.605270267
1784881205.346030951,8.630000141,4.652990754,-0.405724116,1.200000000,-0.606746064
1784881205.356030941,8.640000141,4.658361535,-0.409658241,1.200000000,-0.608212937
1784881205.366030931,8.650000141,4.663731642,-0.413591601,1.200000000,-0.609670825
1784881205.376030922,8.660000141,4.669101114,-0.417524075,1.200000000,-0.611119669
1784881205.386030912,8.670000141,4.674469989,-0.421455542,1.200000000,-0.612559407
1784881205.396030903,8.680000141,4.679838305,-0.425385884,1.200000000,-0.613989981
1784881205.406030893,8.690000141,4.685206099,-0.429314978,1.200000000,-0.615411329
1784881205.416030884,8.700000141,4.690573410,-0.433242706,1.200000000,-0.616823392
1784881205.426030874,8.710000141,4.695940273,-0.437168948,1.200000000,-0.618226109
1784881205.436030865,8.720000141,4.701306725,-0.441093582,1.200000000,-0.619619421
1784881205.446031094,8.730000141,4.706672802,-0.445016488,1.200000000,-0.621003267
1784881205.456031084,8.740000141,4.712038538,-0.448937547,1.200000000,-0.622377587
1784881205.466031075,8.750000141,4.717403970,-0.452856638,1.200000000,-0.623742320
1784881205.476031065,8.760000141,4.722769130,-0.456773641,1.200000000,-0.625097408
1784881205.486031055,8.770000141,4.728134053,-0.460688436,1.200000000,-0.626442789
1784881205.496031046,8.780000141,4.733498772,-0.464600903,1.200000000,-0.627778403
1784881205.506031036,8.790000141,4.738863320,-0.468510921,1.200000000,-0.629104190
1784881205.516031027,8.800000141,4.744227729,-0.472418371,1.200000000,-0.630420090
1784881205.526031017,8.810000141,4.749592031,-0.476323132,1.200000000,-0.631726044
1784881205.536031008,8.820000141,4.754956257,-0.480225085,1.200000000,-0.633021989
1784881205.546030998,8.830000141,4.760320438,-0.484124109,1.200000000,-0.634307868
1784881205.556030989,8.840000141,4.765684604,-0.488020085,1.200000000,-0.635583619
1784881205.566030979,8.850000141,4.771048785,-0.491912893,1.200000000,-0.636849181
1784881205.576030970,8.860000141,4.776413009,-0.495802412,1.200000000,-0.638104496
1784881205.586030960,8.870000141,4.781777306,-0.499688524,1.200000000,-0.639349503
1784881205.596030951,8.880000141,4.787141703,-0.503571108,1.200000000,-0.640584142
1784881205.606030941,8.890000141,4.792506228,-0.507450044,1.200000000,-0.641808352
1784881205.616030931,8.900000141,4.797870908,-0.511325214,1.200000000,-0.643022073
1784881205.626030922,8.910000141,4.803235768,-0.515196498,1.200000000,-0.644225246
1784881205.636030912,8.920000141,4.808600836,-0.519063776,1.200000000,-0.645417809
1784881205.646030903,8.930000141,4.813966135,-0.522926929,1.200000000,-0.646599704
1784881205.656030893,8.940000141,4.819331692,-0.526785838,1.200000000,-0.647770869
1784881205.666030884,8.950000141,4.824697529,-0.530640383,1.200000000,-0.648931245
1784881205.676030874,8.960000141,4.830063670,-0.534490445,1.200000000,-0.650080771
1784881205.686030865,8.970000141,4.835430139,-0.538335906,1.200000000,-0.651219387
1784881205.696031094,8.980000141,4.840796958,-0.542176647,1.200000000,-0.652347033
1784881205.706031084,8.990000141,4.846164148,-0.546012548,1.200000000,-0.653463650
1784881205.716031075,9.000000141,4.851531731,-0.549843490,1.200000000,-0.654569176
1784881205.726031065,9.010000141,4.856899728,-0.553669357,1.200000000,-0.655663551
1784881205.736031055,9.020000141,4.862268159,-0.557490027,1.200000000,-0.656746716
1784881205.746031046,9.030000141,4.867637043,-0.561305385,1.200000000,-0.657818611
1784881205.756031036,9.040000141,4.873006399,-0.565115310,1.200000000,-0.658879174
1784881205.766031027,9.050000141,4.878376246,-0.568919685,1.200000000,-0.659928346
1784881205.776031017,9.060000141,4.883746602,-0.572718391,1.200000000,-0.660966067
1784881205.786031008,9.070000141,4.889117484,-0.576511312,1.200000000,-0.661992277
1784881205.796030998,9.080000141,4.894488909,-0.580298328,1.200000000,-0.663006915
1784881205.806030989,9.090000141,4.899860893,-0.584079323,1.200000000,-0.664009921
1784881205.816030979,9.100000141,4.905233451,-0.587854178,1.200000000,-0.665001235
1784881205.826030970,9.110000141,4.910606599,-0.591622775,1.200000000,-0.665980798
1784881205.836030960,9.120000141,4.915980352,-0.595384999,1.200000000,-0.666948548
1784881205.846030951,9.130000141,4.921354723,-0.599140731,1.200000000,-0.667904415
1784881205.856030941,9.140000141,4.926729726,-0.602889855,1.200000000,-0.668848223
1784881205.866030931,9.150000141,4.932105373,-0.606632252,1.200000000,-0.669779735
1784881205.876030922,9.160000141,4.937481678,-0.610367807,1.200000000,-0.670698711
1784881205.886030912,9.170000141,4.942858652,-0.614096403,1.200000000,-0.671604912
1784881205.896030903,9.180000141,4.948236306,-0.617817924,1.200000000,-0.672498100
1784881205.906030893,9.190000141,4.953614652,-0.621532251,1.200000000,-0.673378036
1784881205.916030884,9.200000141,4.958993699,-0.625239271,1.200000000,-0.674244480
1784881205.926030874,9.210000141,4.964373458,-0.628938866,1.200000000,-0.675097195
1784881205.936030865,9.220000141,4.969753938,-0.632630920,1.200000000,-0.675935941
1784881205.946031094,9.230000141,4.975135147,-0.636315317,1.200000000,-0.676760480
1784881205.956031084,9.240000141,4.980517094,-0.639991942,1.200000000,-0.677570573
1784881205.966031075,9.250000141,4.985899787,-0.643660680,1.200000000,-0.678365980
1784881205.976031065,9.260000141,4.991283234,-0.647321414,1.200000000,-0.679146463
1784881205.986031055,9.270000141,4.996667441,-0.650974030,1.200000000,-0.679911784
1784881205.996031046,9.280000141,5.002052415,-0.654618411,1.200000000,-0.680661703
1784881206.006031036,9.290000141,5.007438161,-0.658254445,1.200000000,-0.681395982
1784881206.016031027,9.300000141,5.012824687,-0.661882015,1.200000000,-0.682114381
1784881206.026031017,9.310000141,5.018211995,-0.665501006,1.200000000,-0.682816663
1784881206.036031008,9.320000141,5.023600093,-0.669111305,1.200000000,-0.683502587
1784881206.046030998,9.330000141,5.028988983,-0.672712797,1.200000000,-0.684171916
1784881206.056030989,9.340000141,5.034378670,-0.676305368,1.200000000,-0.684824411
1784881206.066030979,9.350000141,5.039769158,-0.679888903,1.200000000,-0.685459832
1784881206.076030970,9.360000141,5.045160449,-0.683463290,1.200000000,-0.686077941
1784881206.086030960,9.370000141,5.050552546,-0.687028413,1.200000000,-0.686678499
1784881206.096030951,9.380000141,5.055945452,-0.690584160,1.200000000,-0.687261267
1784881206.106030941,9.390000141,5.061339170,-0.694130417,1.200000000,-0.687826007
1784881206.116030931,9.400000141,5.066733700,-0.697667071,1.200000000,-0.688372479
1784881206.126030922,9.410000141,5.072129044,-0.701194009,1.200000000,-0.688900445
1784881206.136030912,9.420000141,5.077525204,-0.704711118,1.200000000,-0.689409666
1784881206.146030903,9.430000141,5.082922180,-0.708218285,1.200000000,-0.689899903
1784881206.156030893,9.440000141,5.088319972,-0.711715397,1.200000000,-0.690370917
1784881206.166030884,9.450000141,5.093718581,-0.715202342,1.200000000,-0.690822470
1784881206.176030874,9.460000141,5.099118008,-0.718679009,1.200000000,-0.691254323
1784881206.186030865,9.470000141,5.104518250,-0.722145283,1.200000000,-0.691666236
1784881206.196031094,9.480000141,5.109919309,-0.725601055,1.200000000,-0.692057971
1784881206.206031084,9.490000141,5.115321183,-0.729046212,1.200000000,-0.692429290
1784881206.216031075,9.500000141,5.120723871,-0.732480641,1.200000000,-0.692779953
1784881206.226031065,9.510000141,5.126127371,-0.735904233,1.200000000,-0.693109721
1784881206.236031055,9.520000141,5.131531684,-0.739316876,1.200000000,-0.693418357
1784881206.246031046,9.530000141,5.136936806,-0.742718458,1.200000000,-0.693705620
1784881206.256031036,9.540000141,5.142342736,-0.746108869,1.200000000,-0.693971272
1784881206.266031027,9.550000141,5.147749472,-0.749487997,1.200000000,-0.694215074
1784881206.276031017,9.560000141,5.153157012,-0.752855733,1.200000000,-0.694436788
1784881206.286031008,9.570000141,5.158565353,-0.756211966,1.200000000,-0.694636175
1784881206.296030998,9.580000141,5.163974494,-0.759556586,1.200000000,-0.694812995
1784881206.306030989,9.590000141,5.169384431,-0.762889482,1.200000000,-0.694967011
1784881206.316030979,9.600000141,5.174795163,-0.766210544,1.200000000,-0.695097982
1784881206.326030970,9.610000141,5.180206685,-0.769519664,1.200000000,-0.695205671
1784881206.336030960,9.620000141,5.185618996,-0.772816731,1.200000000,-0.695289839
1784881206.346030951,9.630000141,5.191032093,-0.776101636,1.200000000,-0.695350246
1784881206.356030941,9.640000141,5.196445972,-0.779374270,1.200000000,-0.695386654
1784881206.366030931,9.650000141,5.201860632,-0.782634524,1.200000000,-0.695398824
1784881206.376030922,9.660000141,5.207276067,-0.785882289,1.200000000,-0.695386517
1784881206.386030912,9.670000141,5.212692277,-0.789117456,1.200000000,-0.695349495
1784881206.396030903,9.680000141,5.218109257,-0.792339917,1.200000000,-0.695287518
1784881206.406030893,9.690000141,5.223527005,-0.795549564,1.200000000,-0.695200348
1784881206.416030884,9.700000141,5.228945518,-0.798746288,1.200000000,-0.695087747
1784881206.426030874,9.710000141,5.234364793,-0.801929982,1.200000000,-0.694949474
1784881206.436030865,9.720000141,5.239784826,-0.805100538,1.200000000,-0.694785291
1784881206.446031094,9.730000141,5.245205616,-0.808257848,1.200000000,-0.694594960
1784881206.456031084,9.740000141,5.250627160,-0.811401804,1.200000000,-0.694378242
1784881206.466031075,9.750000141,5.256049454,-0.814532301,1.200000000,-0.694134898
1784881206.476031065,9.760000141,5.261472496,-0.817649230,1.200000000,-0.693864689
1784881206.486031055,9.770000141,5.266896284,-0.820752485,1.200000000,-0.693567375
1784881206.496031046,9.780000141,5.272320816,-0.823841959,1.200000000,-0.693242720
1784881206.506031036,9.790000141,5.277746088,-0.826917547,1.200000000,-0.692890483
1784881206.516031027,9.800000141,5.283172101,-0.829979141,1.200000000,-0.692510425
1784881206.526031017,9.810000141,5.288598851,-0.833026635,1.200000000,-0.692102309
1784881206.536031008,9.820000141,5.294026336,-0.836059925,1.200000000,-0.691665894
1784881206.546030998,9.830000141,5.299454556,-0.839078904,1.200000000,-0.691200943
1784881206.556030989,9.840000141,5.304883509,-0.842083466,1.200000000,-0.690707217
1784881206.566030979,9.850000141,5.310313194,-0.845073507,1.200000000,-0.690184476
1784881206.576030970,9.860000141,5.315743610,-0.848048922,1.200000000,-0.689632482
1784881206.586030960,9.870000141,5.321174757,-0.851009605,1.200000000,-0.689050996
1784881206.596030951,9.880000141,5.326606634,-0.853955453,1.200000000,-0.688439779
1784881206.606030941,9.890000141,5.332039242,-0.856886360,1.200000000,-0.687798592
1784881206.616030931,9.900000141,5.337472580,-0.859802223,1.200000000,-0.687127198
1784881206.626030922,9.910000141,5.342906648,-0.862702937,1.200000000,-0.686425355
1784881206.636030912,9.920000141,5.348341448,-0.865588399,1.200000000,-0.685692827
1784881206.646030903,9.930000141,5.353776981,-0.868458506,1.200000000,-0.684929374
1784881206.656030893,9.940000141,5.359213249,-0.871313153,1.200000000,-0.684134757
1784881206.666030884,9.950000141,5.364650252,-0.874152239,1.200000000,-0.683308737
1784881206.676030874,9.960000141,5.370087993,-0.876975660,1.200000000,-0.682451077
1784881206.686030865,9.970000141,5.375526474,-0.879783313,1.200000000,-0.681561536
1784881206.696031094,9.980000141,5.380965699,-0.882575096,1.200000000,-0.680639876
1784881206.706031084,9.990000141,5.386405670,-0.885350907,1.200000000,-0.679685858
1784881206.716031075,10.000000141,5.391846391,-0.888110644,1.200000000,-0.678699243
1784881206.726031065,10.010000141,5.397287866,-0.890854206,1.200000000,-0.677679793
1784881206.736031055,10.020000141,5.402730099,-0.893581490,1.200000000,-0.676627269
1784881206.746031046,10.030000141,5.408173095,-0.896292396,1.200000000,-0.675541431
1784881206.756031036,10.040000141,5.413616859,-0.898986823,1.200000000,-0.674422042
1784881206.766031027,10.050000141,5.419061397,-0.901664670,1.200000000,-0.673268862
1784881206.776031017,10.060000141,5.424506714,-0.904325837,1.200000000,-0.672081652
1784881206.786031008,10.070000141,5.429952818,-0.906970223,1.200000000,-0.670860174
1784881206.796030998,10.080000141,5.435399716,-0.909597729,1.200000000,-0.669604189
1784881206.806030989,10.090000141,5.440847414,-0.912208255,1.200000000,-0.668313458
1784881206.816030979,10.100000141,5.446295920,-0.914801702,1.200000000,-0.666987741
1784881206.826030970,10.110000141,5.451745244,-0.917377970,1.200000000,-0.665626801
1784881206.836030960,10.120000141,5.457195393,-0.919936961,1.200000000,-0.664230399
1784881206.846030951,10.130000141,5.462646377,-0.922478576,1.200000000,-0.662798295
1784881206.856030941,10.140000141,5.468098207,-0.925002718,1.200000000,-0.661330252
1784881206.866030931,10.150000141,5.473550891,-0.927509287,1.200000000,-0.659826029
1784881206.876030922,10.160000141,5.479004442,-0.929998187,1.200000000,-0.658285388
1784881206.886030912,10.170000141,5.484458871,-0.932469321,1.200000000,-0.656708091
1784881206.896030903,10.180000141,5.489914189,-0.934922590,1.200000000,-0.655093898
1784881206.906030893,10.190000141,5.495370410,-0.937357900,1.200000000,-0.653442571
1784881206.916030884,10.200000141,5.500827545,-0.939775152,1.200000000,-0.651753872
1784881206.926030874,10.210000141,5.506285609,-0.942174252,1.200000000,-0.650027560
1784881206.936030865,10.220000141,5.511744615,-0.944555102,1.200000000,-0.648263397
1784881206.946031094,10.230000141,5.517204579,-0.946917609,1.200000000,-0.646461145
1784881206.956031084,10.240000141,5.522665516,-0.949261677,1.200000000,-0.644620565
1784881206.966031075,10.250000141,5.528127440,-0.951587212,1.200000000,-0.642741417
1784881206.976031065,10.260000141,5.533590369,-0.953894118,1.200000000,-0.640823464
1784881206.986031055,10.270000141,5.539054320,-0.956182302,1.200000000,-0.638866465
1784881206.996031046,10.280000141,5.544519309,-0.958451671,1.200000000,-0.636870183
1784881207.006031036,10.290000141,5.549985356,-0.960702131,1.200000000,-0.634834379
1784881207.016031027,10.300000141,5.555452477,-0.962933589,1.200000000,-0.632758813
1784881207.026031017,10.310000141,5.560920694,-0.965145953,1.200000000,-0.630643247
1784881207.036031008,10.320000141,5.566390025,-0.967339131,1.200000000,-0.628487443
1784881207.046030998,10.330000141,5.571860490,-0.969513030,1.200000000,-0.626291160
1784881207.056030989,10.340000141,5.577332111,-0.971667561,1.200000000,-0.624054161
1784881207.066030979,10.350000141,5.582804909,-0.973802632,1.200000000,-0.621776207
1784881207.076030970,10.360000141,5.588278906,-0.975918152,1.200000000,-0.619457058
1784881207.086030960,10.370000141,5.593754125,-0.978014032,1.200000000,-0.617096477
1784881207.096030951,10.380000141,5.599230589,-0.980090181,1.200000000,-0.614694223
1784881207.106030941,10.390000141,5.604708321,-0.982146512,1.200000000,-0.612250059
1784881207.116030931,10.400000141,5.610187347,-0.984182934,1.200000000,-0.609763746
1784881207.126030922,10.410000141,5.615667690,-0.986199361,1.200000000,-0.607235044
1784881207.136030912,10.420000141,5.621149376,-0.988195704,1.200000000,-0.604663715
1784881207.146030903,10.430000141,5.626632432,-0.990171876,1.200000000,-0.602049520
1784881207.156030893,10.440000141,5.632116884,-0.992127790,1.200000000,-0.599392220
1784881207.166030884,10.450000141,5.637602759,-0.994063360,1.200000000,-0.596691577
1784881207.176030874,10.460000141,5.643090084,-0.995978501,1.200000000,-0.593947352
1784881207.186030865,10.470000141,5.648578888,-0.997873126,1.200000000,-0.591159434
1784881207.196031094,10.480000141,5.654069201,-0.999747152,1.200000000,-0.588328176
1784881207.206031084,10.490000141,5.659561050,-1.001600494,1.200000000,-0.585454036
1784881207.216031075,10.500000141,5.665054465,-1.003433068,1.200000000,-0.582537467
1784881207.226031065,10.510000141,5.670549478,-1.005244792,1.200000000,-0.579578928
1784881207.236031055,10.520000141,5.676046119,-1.007035583,1.200000000,-0.576578873
1784881207.246031046,10.530000141,5.681544419,-1.008805358,1.200000000,-0.573537758
1784881207.256031036,10.540000141,5.687044411,-1.010554038,1.200000000,-0.570456041
1784881207.266031027,10.550000141,5.692546126,-1.012281540,1.200000000,-0.567334176
1784881207.276031017,10.560000141,5.698049597,-1.013987785,1.200000000,-0.564172620
1784881207.286031008,10.570000141,5.703554857,-1.015672693,1.200000000,-0.560971830
1784881207.296030998,10.580000141,5.709061941,-1.017336186,1.200000000,-0.557732260
1784881207.306030989,10.590000141,5.714570882,-1.018978185,1.200000000,-0.554454367
1784881207.316030979,10.600000141,5.720081715,-1.020598612,1.200000000,-0.551138607
1784881207.326030970,10.610000141,5.725594476,-1.022197392,1.200000000,-0.547785437
1784881207.336030960,10.620000141,5.731109198,-1.023774446,1.200000000,-0.544395312
1784881207.346030951,10.630000141,5.736625919,-1.025329701,1.200000000,-0.540968688
1784881207.356030941,10.640000141,5.742144675,-1.026863081,1.200000000,-0.537506021
1784881207.366030931,10.650000141,5.747665502,-1.028374511,1.200000000,-0.534007768
1784881207.376030922,10.660000141,5.753188437,-1.029863919,1.200000000,-0.530474385
1784881207.386030912,10.670000141,5.758713517,-1.031331233,1.200000000,-0.526906326
1784881207.396030903,10.680000141,5.764240780,-1.032776379,1.200000000,-0.523304050
1784881207.406030893,10.690000141,5.769770264,-1.034199287,1.200000000,-0.519668011
1784881207.416030884,10.700000141,5.775302008,-1.035599887,1.200000000,-0.515998666
1784881207.426030874,10.710000141,5.780836049,-1.036978108,1.200000000,-0.512296470
1784881207.436030865,10.720000141,5.786372428,-1.038333883,1.200000000,-0.508561881
1784881207.446031094,10.730000141,5.791911182,-1.039667143,1.200000000,-0.504795353
1784881207.456031084,10.740000141,5.797452351,-1.040977821,1.200000000,-0.500997343
1784881207.466031075,10.750000141,5.802995975,-1.042265851,1.200000000,-0.497168307
1784881207.476031065,10.760000141,5.808542094,-1.043531168,1.200000000,-0.493308701
1784881207.486031055,10.770000141,5.814090747,-1.044773706,1.200000000,-0.489418982
1784881207.496031046,10.780000141,5.819641975,-1.045993403,1.200000000,-0.485499604
1784881207.506031036,10.790000141,5.825195818,-1.047190195,1.200000000,-0.481551025
1784881207.516031027,10.800000141,5.830752317,-1.048364021,1.200000000,-0.477573700
1784881207.526031017,10.810000141,5.836311513,-1.049514819,1.200000000,-0.473568085
1784881207.536031008,10.820000141,5.841873445,-1.050642530,1.200000000,-0.469534637
1784881207.546030998,10.830000141,5.847438155,-1.051747095,1.200000000,-0.465473811
1784881207.556030989,10.840000141,5.853005684,-1.052828455,1.200000000,-0.461386063
1784881207.566030979,10.850000141,5.858576073,-1.053886554,1.200000000,-0.457271851
1784881207.576030970,10.860000141,5.864149362,-1.054921335,1.200000000,-0.453131628
1784881207.586030960,10.870000141,5.869725594,-1.055932743,1.200000000,-0.448965853
1784881207.596030951,10.880000141,5.875304808,-1.056920724,1.200000000,-0.444774980
1784881207.606030941,10.890000141,5.880887047,-1.057885226,1.200000000,-0.440559466
1784881207.616030931,10.900000141,5.886472351,-1.058826195,1.200000000,-0.436319767
1784881207.626030922,10.910000141,5.892060760,-1.059743581,1.200000000,-0.432056338
1784881207.636030912,10.920000141,5.897652317,-1.060637334,1.200000000,-0.427769637
1784881207.646030903,10.930000141,5.903247061,-1.061507406,1.200000000,-0.423460119
1784881207.656030893,10.940000141,5.908845033,-1.062353748,1.200000000,-0.419128240
1784881207.666030884,10.950000141,5.914446275,-1.063176314,1.200000000,-0.414774456
1784881207.676030874,10.960000141,5.920050826,-1.063975058,1.200000000,-0.410399223
1784881207.686030865,10.970000141,5.925658727,-1.064749937,1.200000000,-0.406002997
1784881207.696031094,10.980000141,5.931270017,-1.065500907,1.200000000,-0.401586235
1784881207.706031084,10.990000141,5.936884737,-1.066227925,1.200000000,-0.397149392
1784881207.716031075,11.000000141,5.942502926,-1.066930952,1.200000000,-0.392692924
1784881207.726031065,11.010000141,5.948124624,-1.067609947,1.200000000,-0.388217288
1784881207.736031055,11.020000141,5.953749870,-1.068264872,1.200000000,-0.383722939
1784881207.746031046,11.030000141,5.959378702,-1.068895690,1.200000000,-0.379210335
1784881207.756031036,11.040000141,5.965011159,-1.069502365,1.200000000,-0.374679929
1784881207.766031027,11.050000141,5.970647279,-1.070084862,1.200000000,-0.370132180
1784881207.776031017,11.060000141,5.976287101,-1.070643147,1.200000000,-0.365567542
1784881207.786031008,11.070000141,5.981930661,-1.071177189,1.200000000,-0.360986472
1784881207.796030998,11.080000141,5.987577997,-1.071686956,1.200000000,-0.356389426
1784881207.806030989,11.090000141,5.993229145,-1.072172419,1.200000000,-0.351776859
1784881207.816030979,11.100000141,5.998884141,-1.072633549,1.200000000,-0.347149229
1784881207.826030970,11.110000141,6.004543022,-1.073070320,1.200000000,-0.342506991
1784881207.836030960,11.120000141,6.010205823,-1.073482706,1.200000000,-0.337850601
1784881207.846030951,11.130000141,6.015872578,-1.073870682,1.200000000,-0.333180515
1784881207.856030941,11.140000141,6.021543322,-1.074234225,1.200000000,-0.328497190
1784881207.866030931,11.150000141,6.027218089,-1.074573315,1.200000000,-0.323801080
1784881207.876030922,11.160000141,6.032896911,-1.074887930,1.200000000,-0.319092643
1784881207.886030912,11.170000141,6.038579822,-1.075178053,1.200000000,-0.314372334
1784881207.896030903,11.180000141,6.044266853,-1.075443664,1.200000000,-0.309640610
1784881207.906030893,11.190000141,6.049958036,-1.075684750,1.200000000,-0.304897927
1784881207.916030884,11.200000141,6.055653402,-1.075901294,1.200000000,-0.300144740
1784881207.926030874,11.210000141,6.061352981,-1.076093284,1.200000000,-0.295381505
1784881207.936030865,11.220000141,6.067056802,-1.076260708,1.200000000,-0.290608679
1784881207.946031094,11.230000141,6.072764894,-1.076403557,1.200000000,-0.285826718
1784881207.956031084,11.240000141,6.078477286,-1.076521821,1.200000000,-0.281036078
1784881207.966031075,11.250000141,6.084194004,-1.076615492,1.200000000,-0.276237215
1784881207.976031065,11.260000141,6.089915075,-1.076684567,1.200000000,-0.271430584
1784881207.986031055,11.270000141,6.095640524,-1.076729039,1.200000000,-0.266616643
1784881207.996031046,11.280000141,6.101370378,-1.076748907,1.200000000,-0.261795846
1784881208.006031036,11.290000141,6.107104660,-1.076744169,1.200000000,-0.256968651
1784881208.016031027,11.300000141,6.112843394,-1.076714825,1.200000000,-0.252135512
1784881208.026031017,11.310000141,6.118586601,-1.076660879,1.200000000,-0.247296887
1784881208.036031008,11.320000141,6.124334304,-1.076582332,1.200000000,-0.242453231
1784881208.046030998,11.330000141,6.130086523,-1.076479190,1.200000000,-0.237605001
1784881208.056030989,11.340000141,6.135843279,-1.076351460,1.200000000,-0.232752652
1784881208.066030979,11.350000141,6.141604590,-1.076199150,1.200000000,-0.227896640
1784881208.076030970,11.360000141,6.147370474,-1.076022269,1.200000000,-0.223037422
1784881208.086030960,11.370000141,6.153140948,-1.075820829,1.200000000,-0.218175453
1784881208.096030951,11.380000141,6.158916029,-1.075594844,1.200000000,-0.213311190
1784881208.106030941,11.390000141,6.164695731,-1.075344327,1.200000000,-0.208445089
1784881208.116030931,11.400000141,6.170480068,-1.075069295,1.200000000,-0.203577605
1784881208.126030922,11.410000141,6.176269054,-1.074769766,1.200000000,-0.198709195
1784881208.136030912,11.420000141,6.182062700,-1.074445759,1.200000000,-0.193840315
1784881208.146030903,11.430000141,6.187861018,-1.074097295,1.200000000,-0.188971421
1784881208.156030893,11.440000141,6.193664016,-1.073724398,1.200000000,-0.184102969
1784881208.166030884,11.450000141,6.199471705,-1.073327092,1.200000000,-0.179235414
1784881208.176030874,11.460000141,6.205284091,-1.072905403,1.200000000,-0.174369214
1784881208.186030865,11.470000141,6.211101182,-1.072459359,1.200000000,-0.169504824
1784881208.196031094,11.480000141,6.216922982,-1.071988989,1.200000000,-0.164642700
1784881208.206031084,11.490000141,6.222749495,-1.071494324,1.200000000,-0.159783298
1784881208.216031075,11.500000141,6.228580726,-1.070975399,1.200000000,-0.154927075
1784881208.226031065,11.510000141,6.234416675,-1.070432246,1.200000000,-0.150074486
1784881208.236031055,11.520000141,6.240257344,-1.069864903,1.200000000,-0.145225987
1784881208.246031046,11.530000141,6.246102731,-1.069273407,1.200000000,-0.140382035
1784881208.256031036,11.540000141,6.251952835,-1.068657798,1.200000000,-0.135543085
1784881208.266031027,11.550000141,6.257807654,-1.068018119,1.200000000,-0.130709594
1784881208.276031017,11.560000141,6.263667182,-1.067354411,1.200000000,-0.125882018
1784881208.286031008,11.570000141,6.269531415,-1.066666719,1.200000000,-0.121060812
1784881208.296030998,11.580000141,6.275400345,-1.065955091,1.200000000,-0.116246433
1784881208.306030989,11.590000141,6.281273965,-1.065219575,1.200000000,-0.111439337
1784881208.316030979,11.600000141,6.287152266,-1.064460221,1.200000000,-0.106639980
1784881208.326030970,11.610000141,6.293035236,-1.063677080,1.200000000,-0.101848817
1784881208.336030960,11.620000141,6.298922863,-1.062870207,1.200000000,-0.097066306
1784881208.346030951,11.630000141,6.304815135,-1.062039656,1.200000000,-0.092292901
1784881208.356030941,11.640000141,6.310712037,-1.061185485,1.200000000,-0.087529060
1784881208.366030931,11.650000141,6.316613552,-1.060307752,1.200000000,-0.082775238
1784881208.376030922,11.660000141,6.322519664,-1.059406518,1.200000000,-0.078031891
1784881208.386030912,11.670000141,6.328430354,-1.058481845,1.200000000,-0.073299475
1784881208.396030903,11.680000141,6.334345601,-1.057533797,1.200000000,-0.068578447
1784881208.406030893,11.690000141,6.340265385,-1.056562440,1.200000000,-0.063869262
1784881208.416030884,11.700000141,6.346189683,-1.055567842,1.200000000,-0.059172376
1784881208.426030874,11.710000141,6.352118470,-1.054550071,1.200000000,-0.054488246
1784881208.436030865,11.720000141,6.358051720,-1.053509199,1.200000000,-0.049817328
1784881208.446031094,11.730000141,6.363989408,-1.052445299,1.200000000,-0.045160077
1784881208.456031084,11.740000141,6.369931504,-1.051358444,1.200000000,-0.040516950
1784881208.466031075,11.750000141,6.375877978,-1.050248711,1.200000000,-0.035888402
1784881208.476031065,11.760000141,6.381828800,-1.049116178,1.200000000,-0.031274890
1784881208.486031055,11.770000141,6.387783937,-1.047960924,1.200000000,-0.026676870
1784881208.496031046,11.780000141,6.393743355,-1.046783031,1.200000000,-0.022094798
1784881208.506031036,11.790000141,6.399707018,-1.045582583,1.200000000,-0.017529130
1784881208.516031027,11.800000141,6.405674889,-1.044359663,1.200000000,-0.012980322
1784881208.526031017,11.810000141,6.411646931,-1.043114358,1.200000000,-0.008448830
1784881208.536031008,11.820000141,6.417623103,-1.041846756,1.200000000,-0.003935111
1784881208.546030998,11.830000141,6.423603364,-1.040556948,1.200000000,0.000560381
1784881208.556030989,11.840000141,6.429587672,-1.039245024,1.200000000,0.005037220
1784881208.566030979,11.850000141,6.435575982,-1.037911079,1.200000000,0.009495251
1784881208.576030970,11.860000141,6.441568250,-1.036555207,1.200000000,0.013934456
1784881208.586030960,11.870000141,6.447564428,-1.035177504,1.200000000,0.018354820
1784881208.596030951,11.880000141,6.453564468,-1.033778069,1.200000000,0.022756325
1784881208.606030941,11.890000141,6.459568321,-1.032357003,1.200000000,0.027138956
1784881208.616030931,11.900000141,6.465575935,-1.030914405,1.200000000,0.031502697
1784881208.626030922,11.910000141,6.471587257,-1.029450380,1.200000000,0.035847530
1784881208.636030912,11.920000141,6.477602235,-1.027965032,1.200000000,0.040173439
1784881208.646030903,11.930000141,6.483620812,-1.026458469,1.200000000,0.044480409
1784881208.656030893,11.940000141,6.489642932,-1.024930797,1.200000000,0.048768422
1784881208.666030884,11.950000141,6.495668536,-1.023382127,1.200000000,0.053037463
1784881208.676030874,11.960000141,6.501697566,-1.021812569,1.200000000,0.057287515
1784881208.686030865,11.970000141,6.507729961,-1.020222237,1.200000000,0.061518561
1784881208.696031094,11.980000141,6.513765657,-1.018611244,1.200000000,0.065730586
1784881208.706031084,11.990000141,6.519804593,-1.016979708,1.200000000,0.069923573
1784881208.716031075,12.000000141,6.525846702,-1.015327744,1.200000000,0.074097505
1784881208.726031065,12.010000141,6.531891918,-1.013655473,1.200000000,0.078252367
1784881208.736031055,12.020000141,6.537940175,-1.011963014,1.200000000,0.082388141
1784881208.746031046,12.030000141,6.543991403,-1.010250490,1.200000000,0.086504812
1784881208.756031036,12.040000141,6.550045532,-1.008518024,1.200000000,0.090602364
1784881208.766031027,12.050000141,6.556102490,-1.006765741,1.200000000,0.094680779
1784881208.776031017,12.060000141,6.562162205,-1.004993766,1.200000000,0.098740041
1784881208.786031008,12.070000141,6.568224603,-1.003202229,1.200000000,0.102780134
1784881208.796030998,12.080000141,6.574289608,-1.001391258,1.200000000,0.106801043
1784881208.806030989,12.090000141,6.580357144,-0.999560984,1.200000000,0.110802749
1784881208.816030979,12.100000141,6.586427132,-0.997711538,1.200000000,0.114785238
1784881208.826030970,12.110000141,6.592499495,-0.995843055,1.200000000,0.118748492
1784881208.836030960,12.120000141,6.598574152,-0.993955668,1.200000000,0.122692496
1784881208.846030951,12.130000141,6.604651021,-0.992049515,1.200000000,0.126617233
1784881208.856030941,12.140000141,6.610730020,-0.990124731,1.200000000,0.130522686
1784881208.866030931,12.150000141,6.616811066,-0.988181457,1.200000000,0.134408839
1784881208.876030922,12.160000141,6.622894072,-0.986219832,1.200000000,0.138275677
1784881208.886030912,12.170000141,6.628978954,-0.984239997,1.200000000,0.142123181
1784881208.896030903,12.180000141,6.635065624,-0.982242095,1.200000000,0.145951337
1784881208.906030893,12.190000141,6.641153995,-0.980226270,1.200000000,0.149760128
1784881208.916030884,12.200000141,6.647243975,-0.978192666,1.200000000,0.153549538
1784881208.926030874,12.210000141,6.653335477,-0.976141429,1.200000000,0.157319549
1784881208.936030865,12.220000141,6.659428407,-0.974072708,1.200000000,0.161070146
1784881208.946031094,12.230000141,6.665522673,-0.971986650,1.200000000,0.164801312
1784881208.956031084,12.240000141,6.671618183,-0.969883405,1.200000000,0.168513032
1784881208.966031075,12.250000141,6.677714842,-0.967763124,1.200000000,0.172205288
1784881208.976031065,12.260000141,6.683812553,-0.965625959,1.200000000,0.175878065
1784881208.986031055,12.270000141,6.689911222,-0.963472062,1.200000000,0.179531345
1784881208.996031046,12.280000141,6.696010751,-0.961301588,1.200000000,0.183165113
1784881209.006031036,12.290000141,6.702111040,-0.959114691,1.200000000,0.186779352
1784881209.016031027,12.300000141,6.708211993,-0.956911528,1.200000000,0.190374046
1784881209.026031017,12.310000141,6.714313508,-0.954692255,1.200000000,0.193949179
1784881209.036031008,12.320000141,6.720415484,-0.952457031,1.200000000,0.197504734
1784881209.046030998,12.330000141,6.726517821,-0.950206014,1.200000000,0.201040694
1784881209.056030989,12.340000141,6.732620415,-0.947939365,1.200000000,0.204557044
1784881209.066030979,12.350000141,6.738723163,-0.945657244,1.200000000,0.208053767
1784881209.076030970,12.360000141,6.744825962,-0.943359813,1.200000000,0.211530847
1784881209.086030960,12.370000141,6.750928706,-0.941047234,1.200000000,0.214988267
1784881209.096030951,12.380000141,6.757031291,-0.938719670,1.200000000,0.218426012
1784881209.106030941,12.390000141,6.763133610,-0.936377287,1.200000000,0.221844063
1784881209.116030931,12.400000141,6.769235555,-0.934020248,1.200000000,0.225242407
1784881209.126030922,12.410000141,6.775337021,-0.931648719,1.200000000,0.228621025
1784881209.136030912,12.420000141,6.781437897,-0.929262868,1.200000000,0.231979901
1784881209.146030903,12.430000141,6.787538077,-0.926862861,1.200000000,0.235319020
1784881209.156030893,12.440000141,6.793637450,-0.924448866,1.200000000,0.238638365
1784881209.166030884,12.450000141,6.799735906,-0.922021052,1.200000000,0.241937920
1784881209.176030874,12.460000141,6.805833336,-0.919579588,1.200000000,0.245217667
1784881209.186030865,12.470000141,6.811929627,-0.917124644,1.200000000,0.248477591
1784881209.196031094,12.480000141,6.818024670,-0.914656390,1.200000000,0.251717676
1784881209.206031084,12.490000141,6.824118350,-0.912174997,1.200000000,0.254937905
1784881209.216031075,12.500000141,6.830210558,-0.909680637,1.200000000,0.258138261
1784881209.226031065,12.510000141,6.836301178,-0.907173483,1.200000000,0.261318729
1784881209.236031055,12.520000141,6.842390099,-0.904653707,1.200000000,0.264479292
1784881209.246031046,12.530000141,6.848477207,-0.902121481,1.200000000,0.267619934
1784881209.256031036,12.540000141,6.854562387,-0.899576980,1.200000000,0.270740637
1784881209.266031027,12.550000141,6.860645526,-0.897020378,1.200000000,0.273841387
1784881209.276031017,12.560000141,6.866726509,-0.894451850,1.200000000,0.276922167
1784881209.286031008,12.570000141,6.872805221,-0.891871569,1.200000000,0.279982959
1784881209.296030998,12.580000141,6.878881548,-0.889279711,1.200000000,0.283023749
1784881209.306030989,12.590000141,6.884955373,-0.886676453,1.200000000,0.286044518
1784881209.316030979,12.600000141,6.891026581,-0.884061969,1.200000000,0.289045253
1784881209.326030970,12.610000141,6.897095057,-0.881436436,1.200000000,0.292025934
1784881209.336030960,12.620000141,6.903160684,-0.878800030,1.200000000,0.294986548
1784881209.346030951,12.630000141,6.909223347,-0.876152928,1.200000000,0.297927076
1784881209.356030941,12.640000141,6.915282930,-0.873495308,1.200000000,0.300847503
1784881209.366030931,12.650000141,6.921339317,-0.870827345,1.200000000,0.303747813
1784881209.376030922,12.660000141,6.927392390,-0.868149217,1.200000000,0.306627988
1784881209.386030912,12.670000141,6.933442035,-0.865461103,1.200000000,0.309488013
1784881209.396030903,12.680000141,6.939488135,-0.862763178,1.200000000,0.312327872
1784881209.406030893,12.690000141,6.945530573,-0.860055621,1.200000000,0.315147547
1784881209.416030884,12.700000141,6.951569234,-0.857338609,1.200000000,0.317947023
1784881209.426030874,12.710000141,6.957604001,-0.854612321,1.200000000,0.320726283
1784881209.436030865,12.720000141,6.963634758,-0.851876933,1.200000000,0.323485311
1784881209.446031094,12.730000141,6.969661390,-0.849132623,1.200000000,0.326224091
1784881209.456031084,12.740000141,6.975683780,-0.846379570,1.200000000,0.328942606
1784881209.466031075,12.750000141,6.981701814,-0.843617951,1.200000000,0.331640839
1784881209.476031065,12.760000141,6.987715375,-0.840847943,1.200000000,0.334318775
1784881209.486031055,12.770000141,6.993724349,-0.838069723,1.200000000,0.336976397
1784881209.496031046,12.780000141,6.999728621,-0.835283470,1.200000000,0.339613688
1784881209.506031036,12.790000141,7.005728076,-0.832489359,1.200000000,0.342230633
1784881209.516031027,12.800000141,7.011722600,-0.829687569,1.200000000,0.344827216
1784881209.526031017,12.810000141,7.017712079,-0.826878276,1.200000000,0.347403418
1784881209.536031008,12.820000141,7.023696398,-0.824061655,1.200000000,0.349959225
1784881209.546030998,12.830000141,7.029675445,-0.821237884,1.200000000,0.352494620
1784881209.556030989,12.840000141,7.035649108,-0.818407139,1.200000000,0.355009586
1784881209.566030979,12.850000141,7.041617272,-0.815569595,1.200000000,0.357504108
1784881209.576030970,12.860000141,7.047579827,-0.812725427,1.200000000,0.359978169
1784881209.586030960,12.870000141,7.053536661,-0.809874811,1.200000000,0.362431752
1784881209.596030951,12.880000141,7.059487662,-0.807017920,1.200000000,0.364864841
1784881209.606030941,12.890000141,7.065432720,-0.804154930,1.200000000,0.367277420
1784881209.616030931,12.900000141,7.071371725,-0.801286014,1.200000000,0.369669472
1784881209.626030922,12.910000141,7.077304568,-0.798411345,1.200000000,0.372040982
1784881209.636030912,12.920000141,7.083231138,-0.795531096,1.200000000,0.374391932
1784881209.646030903,12.930000141,7.089151329,-0.792645439,1.200000000,0.376722306
1784881209.656030893,12.940000141,7.095065033,-0.789754547,1.200000000,0.379032089
1784881209.666030884,12.950000141,7.100972141,-0.786858590,1.200000000,0.381321263
1784881209.676030874,12.960000141,7.106872549,-0.783957739,1.200000000,0.383589812
1784881209.686030865,12.970000141,7.112766150,-0.781052165,1.200000000,0.385837721
1784881209.696031094,12.980000141,7.118652839,-0.778142036,1.200000000,0.388064971
1784881209.706031084,12.990000141,7.124532512,-0.775227522,1.200000000,0.390271549
1784881209.716031075,13.000000141,7.130405066,-0.772308791,1.200000000,0.392457435
1784881209.726031065,13.010000141,7.136270397,-0.769386011,1.200000000,0.394622616
1784881209.736031055,13.020000141,7.142128405,-0.766459347,1.200000000,0.396767073
1784881209.746031046,13.030000141,7.147978987,-0.763528967,1.200000000,0.398890792
1784881209.756031036,13.040000141,7.153822043,-0.760595035,1.200000000,0.400993755
1784881209.766031027,13.050000141,7.159657474,-0.757657717,1.200000000,0.403075945
1784881209.776031017,13.060000141,7.165485182,-0.754717175,1.200000000,0.405137348
1784881209.786031008,13.070000141,7.171305069,-0.751773573,1.200000000,0.407177946
1784881209.796030998,13.080000141,7.177117038,-0.748827074,1.200000000,0.409197723
1784881209.806030989,13.090000141,7.182920993,-0.745877838,1.200000000,0.411196662
1784881209.816030979,13.100000141,7.188716840,-0.742926025,1.200000000,0.413174748
1784881209.826030970,13.110000141,7.194504484,-0.739971796,1.200000000,0.415131964
1784881209.836030960,13.120000141,7.200283834,-0.737015309,1.200000000,0.417068293
1784881209.846030951,13.130000141,7.206054796,-0.734056721,1.200000000,0.418983720
1784881209.856030941,13.140000141,7.211817280,-0.731096189,1.200000000,0.420878227
1784881209.866030931,13.150000141,7.217571197,-0.728133870,1.200000000,0.422751799
1784881209.876030922,13.160000141,7.223316457,-0.725169916,1.200000000,0.424604419
1784881209.886030912,13.170000141,7.229052973,-0.722204484,1.200000000,0.426436070
1784881209.896030903,13.180000141,7.234780658,-0.719237724,1.200000000,0.428246737
1784881209.906030893,13.190000141,7.240499428,-0.716269789,1.200000000,0.430036404
1784881209.916030884,13.200000141,7.246209197,-0.713300829,1.200000000,0.431805052
1784881209.926030874,13.210000141,7.251909882,-0.710330994,1.200000000,0.433552668
1784881209.936030865,13.220000141,7.257601402,-0.707360432,1.200000000,0.435279233
1784881209.946031094,13.230000141,7.263283676,-0.704389290,1.200000000,0.436984732
1784881209.956031084,13.240000141,7.268956623,-0.701417714,1.200000000,0.438669148
1784881209.966031075,13.250000141,7.274620166,-0.698445850,1.200000000,0.440332465
1784881209.976031065,13.260000141,7.280274227,-0.695473841,1.200000000,0.441974666
1784881209.986031055,13.270000141,7.285918730,-0.692501829,1.200000000,0.443595736
1784881209.996031046,13.280000141,7.291553600,-0.689529957,1.200000000,0.445195658
1784881210.006031036,13.290000141,7.297178764,-0.686558363,1.200000000,0.446774415
1784881210.016031027,13.300000141,7.302794149,-0.683587187,1.200000000,0.448331991
1784881210.026031017,13.310000141,7.308399684,-0.680616567,1.200000000,0.449868370
1784881210.036031008,13.320000141,7.313995300,-0.677646639,1.200000000,0.451383536
1784881210.046030998,13.330000141,7.319580928,-0.674677538,1.200000000,0.452877471
1784881210.056030989,13.340000141,7.325156500,-0.671709398,1.200000000,0.454350160
1784881210.066030979,13.350000141,7.330721952,-0.668742351,1.200000000,0.455801587
1784881210.076030970,13.360000141,7.336277218,-0.665776529,1.200000000,0.457231734
1784881210.086030960,13.370000141,7.341822235,-0.662812061,1.200000000,0.458640586
1784881210.096030951,13.380000141,7.347356941,-0.659849075,1.200000000,0.460028127
1784881210.106030941,13.390000141,7.352881276,-0.656887700,1.200000000,0.461394339
1784881210.116030931,13.400000141,7.358395180,-0.653928059,1.200000000,0.462739207
1784881210.126030922,13.410000141,7.363898596,-0.650970279,1.200000000,0.464062714
1784881210.136030912,13.420000141,7.369391467,-0.648014481,1.200000000,0.465364844
1784881210.146030903,13.430000141,7.374873737,-0.645060787,1.200000000,0.466645580
1784881210.156030893,13.440000141,7.380345354,-0.642109318,1.200000000,0.467904906
1784881210.166030884,13.450000141,7.385806264,-0.639160191,1.200000000,0.469142807
1784881210.176030874,13.460000141,7.391256417,-0.636213525,1.200000000,0.470359264
1784881210.186030865,13.470000141,7.396695762,-0.633269435,1.200000000,0.471554263
1784881210.196031094,13.480000141,7.402124252,-0.630328034,1.200000000,0.472727786
1784881210.206031084,13.490000141,7.407541840,-0.627389437,1.200000000,0.473879818
1784881210.216031075,13.500000141,7.412948479,-0.624453754,1.200000000,0.475010341
1784881210.226031065,13.510000141,7.418344127,-0.621521095,1.200000000,0.476119341
1784881210.236031055,13.520000141,7.423728739,-0.618591568,1.200000000,0.477206799
1784881210.246031046,13.530000141,7.429102275,-0.615665281,1.200000000,0.478272701
1784881210.256031036,13.540000141,7.434464695,-0.612742338,1.200000000,0.479317029
1784881210.266031027,13.550000141,7.439815960,-0.609822844,1.200000000,0.480339767
1784881210.276031017,13.560000141,7.445156033,-0.606906901,1.200000000,0.481340899
1784881210.286031008,13.570000141,7.450484877,-0.603994609,1.200000000,0.482320408
1784881210.296030998,13.580000141,7.455802459,-0.601086069,1.200000000,0.483278279
1784881210.306030989,13.590000141,7.461108745,-0.598181376,1.200000000,0.484214494
1784881210.316030979,13.600000141,7.466403703,-0.595280629,1.200000000,0.485129038
1784881210.326030970,13.610000141,7.471687304,-0.592383921,1.200000000,0.486021894
1784881210.336030960,13.620000141,7.476959517,-0.589491345,1.200000000,0.486893045
1784881210.346030951,13.630000141,7.482220315,-0.586602993,1.200000000,0.487742476
1784881210.356030941,13.640000141,7.487469671,-0.583718956,1.200000000,0.488570170
1784881210.366030931,13.650000141,7.492707561,-0.580839320,1.200000000,0.489376110
1784881210.376030922,13.660000141,7.497933961,-0.577964174,1.200000000,0.490160281
1784881210.386030912,13.670000141,7.503148848,-0.575093603,1.200000000,0.490922666
1784881210.396030903,13.680000141,7.508352201,-0.572227690,1.200000000,0.491663248
1784881210.406030893,13.690000141,7.513544001,-0.569366518,1.200000000,0.492382011
1784881210.416030884,13.700000141,7.518724227,-0.566510167,1.200000000,0.493078939
1784881210.426030874,13.710000141,7.523892864,-0.563658716,1.200000000,0.493754016
1784881210.436030865,13.720000141,7.529049895,-0.560812243,1.200000000,0.494407224
1784881210.446031094,13.730000141,7.534195305,-0.557970825,1.200000000,0.495038549
1784881210.456031084,13.740000141,7.539329080,-0.555134535,1.200000000,0.495647973
1784881210.466031075,13.750000141,7.544451208,-0.552303447,1.200000000,0.496235479
1784881210.476031065,13.760000141,7.549561678,-0.549477631,1.200000000,0.496801053
1784881210.486031055,13.770000141,7.554660479,-0.546657158,1.200000000,0.497344677
1784881210.496031046,13.780000141,7.559747603,-0.543842096,1.200000000,0.497866335
1784881210.506031036,13.790000141,7.564823041,-0.541032513,1.200000000,0.498366010
1784881210.516031027,13.800000141,7.569886788,-0.538228472,1.200000000,0.498843687
1784881210.526031017,13.810000141,7.574938837,-0.535430039,1.200000000,0.499299348
1784881210.536031008,13.820000141,7.579979183,-0.532637275,1.200000000,0.499732978
1784881210.546030998,13.830000141,7.585007824,-0.529850241,1.200000000,0.500144561
1784881210.556030989,13.840000141,7.590024757,-0.527068997,1.200000000,0.500534079
1784881210.566030979,13.850000141,7.595029979,-0.524293601,1.200000000,0.500901516
1784881210.576030970,13.860000141,7.600023492,-0.521524108,1.200000000,0.501246857
1784881210.586030960,13.870000141,7.605005295,-0.518760574,1.200000000,0.501570085
1784881210.596030951,13.880000141,7.609975389,-0.516003053,1.200000000,0.501871182
1784881210.606030941,13.890000141,7.614933778,-0.513251596,1.200000000,0.502150134
1784881210.616030931,13.900000141,7.619880463,-0.510506254,1.200000000,0.502406924
1784881210.626030922,13.910000141,7.624815450,-0.507767077,1.200000000,0.502641535
1784881210.636030912,13.920000141,7.629738742,-0.505034111,1.200000000,0.502853951
1784881210.646030903,13.930000141,7.634650346,-0.502307405,1.200000000,0.503044155
1784881210.656030893,13.940000141,7.639550267,-0.499587002,1.200000000,0.503212132
1784881210.666030884,13.950000141,7.644438514,-0.496872948,1.200000000,0.503357864
1784881210.676030874,13.960000141,7.649315093,-0.494165283,1.200000000,0.503481336
1784881210.686030865,13.970000141,7.654180013,-0.491464050,1.200000000,0.503582532
1784881210.696031094,13.980000141,7.659033284,-0.488769287,1.200000000,0.503661434
1784881210.706031084,13.990000141,7.663874914,-0.486081035,1.200000000,0.503718026
1784881210.716031075,14.000000141,7.668704914,-0.483399330,1.200000000,0.503752293
1784881210.726031065,14.010000141,7.673523295,-0.480724207,1.200000000,0.503764217
1784881210.736031055,14.020000141,7.678330067,-0.478055703,1.200000000,0.503753783
1784881210.746031046,14.030000141,7.683125243,-0.475393851,1.200000000,0.503720974
1784881210.756031036,14.040000141,7.687908835,-0.472738682,1.200000000,0.503665773
1784881210.766031027,14.050000141,7.692680854,-0.470090229,1.200000000,0.503588165
1784881210.776031017,14.060000141,7.697441313,-0.467448522,1.200000000,0.503488133
1784881210.786031008,14.070000141,7.702190226,-0.464813589,1.200000000,0.503365660
1784881210.796030998,14.080000141,7.706927605,-0.462185459,1.200000000,0.503220731
1784881210.806030989,14.090000141,7.711653464,-0.459564159,1.200000000,0.503053328
1784881210.816030979,14.100000141,7.716367816,-0.456949715,1.200000000,0.502863436
1784881210.826030970,14.110000141,7.721070674,-0.454342150,1.200000000,0.502651038
1784881210.836030960,14.120000141,7.725762053,-0.451741491,1.200000000,0.502416118
1784881210.846030951,14.130000141,7.730441966,-0.449147759,1.200000000,0.502158660
1784881210.856030941,14.140000141,7.735110426,-0.446560976,1.200000000,0.501878646
1784881210.866030931,14.150000141,7.739767446,-0.443981163,1.200000000,0.501576061
1784881210.876030922,14.160000141,7.744413041,-0.441408342,1.200000000,0.501250889
1784881210.886030912,14.170000141,7.749047222,-0.438842531,1.200000000,0.500903113
1784881210.896030903,14.180000141,7.753670003,-0.436283749,1.200000000,0.500532716
1784881210.906030893,14.190000141,7.758281395,-0.433732013,1.200000000,0.500139683
1784881210.916030884,14.200000141,7.762881411,-0.431187342,1.200000000,0.499723996
1784881210.926030874,14.210000141,7.767470063,-0.428649751,1.200000000,0.499285640
1784881210.936030865,14.220000141,7.772047360,-0.426119257,1.200000000,0.498824599
1784881210.946031094,14.230000141,7.776613315,-0.423595873,1.200000000,0.498340855
1784881210.956031084,14.240000141,7.781167936,-0.421079616,1.200000000,0.497834393
1784881210.966031075,14.250000141,7.785711233,-0.418570499,1.200000000,0.497305196
1784881210.976031065,14.260000141,7.790243214,-0.416068534,1.200000000,0.496753248
1784881210.986031055,14.270000141,7.794763886,-0.413573737,1.200000000,0.496178532
1784881210.996031046,14.280000141,7.799273257,-0.411086118,1.200000000,0.495581032
1784881211.006031036,14.290000141,7.803771331,-0.408605690,1.200000000,0.494960732
1784881211.016031027,14.300000141,7.808258115,-0.406132466,1.200000000,0.494317616
1784881211.026031017,14.310000141,7.812733611,-0.403666455,1.200000000,0.493651666
1784881211.036031008,14.320000141,7.817197821,-0.401207670,1.200000000,0.492962867
1784881211.046030998,14.330000141,7.821650748,-0.398756122,1.200000000,0.492251203
1784881211.056030989,14.340000141,7.826092391,-0.396311820,1.200000000,0.491516656
1784881211.066030979,14.350000141,7.830522748,-0.393874777,1.200000000,0.490759211
1784881211.076030970,14.360000141,7.834941817,-0.391445002,1.200000000,0.489978851
1784881211.086030960,14.370000141,7.839349593,-0.389022506,1.200000000,0.489175560
1784881211.096030951,14.380000141,7.843746071,-0.386607299,1.200000000,0.488349322
1784881211.106030941,14.390000141,7.848131242,-0.384199392,1.200000000,0.487500120
1784881211.116030931,14.400000141,7.852505097,-0.381798796,1.200000000,0.486627937
1784881211.126030922,14.410000141,7.856867625,-0.379405521,1.200000000,0.485732758
1784881211.136030912,14.420000141,7.861218812,-0.377019579,1.200000000,0.484814566
1784881211.146030903,14.430000141,7.865558644,-0.374640980,1.200000000,0.483873345
1784881211.156030893,14.440000141,7.869887103,-0.372269736,1.200000000,0.482909078
1784881211.166030884,14.450000141,7.874204170,-0.369905859,1.200000000,0.481921749
1784881211.176030874,14.460000141,7.878509823,-0.367549361,1.200000000,0.480911342
1784881211.186030865,14.470000141,7.882804038,-0.365200255,1.200000000,0.479877840
1784881211.196031094,14.480000141,7.887086787,-0.362858555,1.200000000,0.478821227
1784881211.206031084,14.490000141,7.891358043,-0.360524274,1.200000000,0.477741487
1784881211.216031075,14.500000141,7.895617774,-0.358197426,1.200000000,0.476638603
1784881211.226031065,14.510000141,7.899865945,-0.355878028,1.200000000,0.475512559
1784881211.236031055,14.520000141,7.904102519,-0.353566095,1.200000000,0.474363338
1784881211.246031046,14.530000141,7.908327455,-0.351261643,1.200000000,0.473190924
1784881211.256031036,14.540000141,7.912540712,-0.348964691,1.200000000,0.471995302
1784881211.266031027,14.550000141,7.916742241,-0.346675258,1.200000000,0.470776453
1784881211.276031017,14.560000141,7.920931995,-0.344393362,1.200000000,0.469534363
1784881211.286031008,14.570000141,7.925109921,-0.342119025,1.200000000,0.468269014
1784881211.296030998,14.580000141,7.929275961,-0.339852268,1.200000000,0.466980391
1784881211.306030989,14.590000141,7.933430057,-0.337593115,1.200000000,0.465668477
1784881211.316030979,14.600000141,7.937572146,-0.335341590,1.200000000,0.464333256
1784881211.326030970,14.610000141,7.941702159,-0.333097719,1.200000000,0.462974710
1784881211.336030960,14.620000141,7.945820028,-0.330861529,1.200000000,0.461592825
1784881211.346030951,14.630000141,7.949925676,-0.328633049,1.200000000,0.460187583
1784881211.356030941,14.640000141,7.954019025,-0.326412309,1.200000000,0.458758969
1784881211.366030931,14.650000141,7.958099992,-0.324199340,1.200000000,0.457306965
1784881211.376030922,14.660000141,7.962168491,-0.321994177,1.200000000,0.455831556
1784881211.386030912,14.670000141,7.966224428,-0.319796854,1.200000000,0.454332725
1784881211.396030903,14.680000141,7.970267708,-0.317607409,1.200000000,0.452810456
1784881211.406030893,14.690000141,7.974298231,-0.315425882,1.200000000,0.451264732
1784881211.416030884,14.700000141,7.978315891,-0.313252313,1.200000000,0.449695538
1784881211.426030874,14.710000141,7.982320577,-0.311086745,1.200000000,0.448102856
1784881211.436030865,14.720000141,7.986312174,-0.308929225,1.200000000,0.446486670
1784881211.446031094,14.730000141,7.990290562,-0.306779799,1.200000000,0.444846965
1784881211.456031084,14.740000141,7.994255615,-0.304638518,1.200000000,0.443183723
1784881211.466031075,14.750000141,7.998207202,-0.302505435,1.200000000,0.441496928
1784881211.476031065,14.760000141,8.002145187,-0.300380604,1.200000000,0.439786564
1784881211.486031055,14.770000141,8.006069427,-0.298264083,1.200000000,0.438052615
1784881211.496031046,14.780000141,8.009979774,-0.296155933,1.200000000,0.436295064
1784881211.506031036,14.790000141,8.013876075,-0.294056216,1.200000000,0.434513895
1784881211.516031027,14.800000141,8.017758170,-0.291964998,1.200000000,0.432709092
1784881211.526031017,14.810000141,8.021625892,-0.289882348,1.200000000,0.430880637
1784881211.536031008,14.820000141,8.025479071,-0.287808339,1.200000000,0.429028516
1784881211.546030998,14.830000141,8.029317526,-0.285743044,1.200000000,0.427152710
1784881211.556030989,14.840000141,8.033141073,-0.283686543,1.200000000,0.425253205
1784881211.566030979,14.850000141,8.036949520,-0.281638917,1.200000000,0.423329984
1784881211.576030970,14.860000141,8.040742669,-0.279600251,1.200000000,0.421383030
1784881211.586030960,14.870000141,8.044520312,-0.277570633,1.200000000,0.419412327
1784881211.596030951,14.880000141,8.048282238,-0.275550156,1.200000000,0.417417858
1784881211.606030941,14.890000141,8.052028227,-0.273538915,1.200000000,0.415399608
1784881211.616030931,14.900000141,8.055758050,-0.271537011,1.200000000,0.413357560
1784881211.626030922,14.910000141,8.059471472,-0.269544546,1.200000000,0.411291697
1784881211.636030912,14.920000141,8.063168251,-0.267561628,1.200000000,0.409202004
1784881211.646030903,14.930000141,8.066848136,-0.265588369,1.200000000,0.407088463
1784881211.656030893,14.940000141,8.070510868,-0.263624885,1.200000000,0.404951059
1784881211.666030884,14.950000141,8.074156179,-0.261671296,1.200000000,0.402789775
1784881211.676030874,14.960000141,8.077783794,-0.259727726,1.200000000,0.400604595
1784881211.686030865,14.970000141,8.081393430,-0.257794306,1.200000000,0.398395374
1784881211.696031094,14.980000141,8.084984794,-0.255871168,1.200000000,0.396161500
1784881211.706031084,14.990000141,8.088557584,-0.253958451,1.200000000,0.393902255
1784881211.716031075,15.000000141,8.092111489,-0.252056299,1.200000000,0.391616921
1784881211.726031065,15.010000141,8.095646190,-0.250164860,1.200000000,0.389304780
1784881211.736031055,15.020000141,8.099161358,-0.248284288,1.200000000,0.386965114
1784881211.746031046,15.030000141,8.102656655,-0.246414741,1.200000000,0.384597204
1784881211.756031036,15.040000141,8.106131732,-0.244556383,1.200000000,0.382200334
1784881211.766031027,15.050000141,8.109586232,-0.242709385,1.200000000,0.379773784
1784881211.776031017,15.060000141,8.113019786,-0.240873920,1.200000000,0.377316837
1784881211.786031008,15.070000141,8.116432017,-0.239050169,1.200000000,0.374828774
1784881211.796030998,15.080000141,8.119822537,-0.237238318,1.200000000,0.372308878
1784881211.806030989,15.090000141,8.123190948,-0.235438560,1.200000000,0.369756430
1784881211.816030979,15.100000141,8.126536841,-0.233651091,1.200000000,0.367170713
1784881211.826030970,15.110000141,8.129859797,-0.231876116,1.200000000,0.364551008
1784881211.836030960,15.120000141,8.133159388,-0.230113843,1.200000000,0.361896597
1784881211.846030951,15.130000141,8.136435174,-0.228364488,1.200000000,0.359206763
1784881211.856030941,15.140000141,8.139686705,-0.226628272,1.200000000,0.356480786
1784881211.866030931,15.150000141,8.142913520,-0.224905422,1.200000000,0.353717950
1784881211.876030922,15.160000141,8.146115149,-0.223196172,1.200000000,0.350917536
1784881211.886030912,15.170000141,8.149291110,-0.221500760,1.200000000,0.348078826
1784881211.896030903,15.180000141,8.152440914,-0.219819432,1.200000000,0.345201102
1784881211.906030893,15.190000141,8.155564058,-0.218152437,1.200000000,0.342283645
1784881211.916030884,15.200000141,8.158660032,-0.216500034,1.200000000,0.339325739
1784881211.926030874,15.210000141,8.161728315,-0.214862483,1.200000000,0.336326664
1784881211.936030865,15.220000141,8.164768377,-0.213240052,1.200000000,0.333285703
1784881211.946031094,15.230000141,8.167779680,-0.211633015,1.200000000,0.330202137
1784881211.956031084,15.240000141,8.170761675,-0.210041650,1.200000000,0.327075250
1784881211.966031075,15.250000141,8.173713806,-0.208466241,1.200000000,0.323904321
1784881211.976031065,15.260000141,8.176635510,-0.206907076,1.200000000,0.320688634
1784881211.986031055,15.270000141,8.179526212,-0.205364448,1.200000000,0.317427471
1784881211.996031046,15.280000141,8.182385336,-0.203838655,1.200000000,0.314120113
1784881212.006031036,15.290000141,8.185212294,-0.202329999,1.200000000,0.310765842
1784881212.016031027,15.300000141,8.188006496,-0.200838785,1.200000000,0.307363941
1784881212.026031017,15.310000141,8.190767343,-0.199365322,1.200000000,0.303913690
1784881212.036031008,15.320000141,8.193494234,-0.197909924,1.200000000,0.300414373
1784881212.046030998,15.330000141,8.196186563,-0.196472905,1.200000000,0.296865271
1784881212.056030989,15.340000141,8.198843720,-0.195054582,1.200000000,0.293265665
1784881212.066030979,15.350000141,8.201465094,-0.193655277,1.200000000,0.289614839
1784881212.076030970,15.360000141,8.204050072,-0.192275309,1.200000000,0.285912074
1784881212.086030960,15.370000141,8.206598039,-0.190915001,1.200000000,0.282156651
1784881212.096030951,15.380000141,8.209108382,-0.189574676,1.200000000,0.278347853
1784881212.106030941,15.390000141,8.211580490,-0.188254657,1.200000000,0.274484962
1784881212.116030931,15.400000141,8.214013753,-0.186955264,1.200000000,0.270567260
1784881212.126030922,15.410000141,8.216407566,-0.185676819,1.200000000,0.266594028
1784881212.136030912,15.420000141,8.218761328,-0.184419640,1.200000000,0.262564548
1784881212.146030903,15.430000141,8.221074445,-0.183184042,1.200000000,0.258478103
1784881212.156030893,15.440000141,8.223346332,-0.181970338,1.200000000,0.254333975
1784881212.166030884,15.450000141,8.225576411,-0.180778836,1.200000000,0.250131445
1784881212.176030874,15.460000141,8.227764116,-0.179609838,1.200000000,0.245869795
1784881212.186030865,15.470000141,8.229908895,-0.178463641,1.200000000,0.241548307
1784881212.196031094,15.480000141,8.232010208,-0.177340534,1.200000000,0.237166264
1784881212.206031084,15.490000141,8.234067531,-0.176240799,1.200000000,0.232722946
1784881212.216031075,15.500000141,8.236080359,-0.175164710,1.200000000,0.228218223
1784881212.226031065,15.510000141,8.238048206,-0.174112528,1.200000000,0.223655161
1784881212.236031055,15.520000141,8.239970607,-0.173084506,1.200000000,0.219037917
1784881212.246031046,15.530000141,8.241847124,-0.172080882,1.200000000,0.214370649
1784881212.256031036,15.540000141,8.243677341,-0.171101884,1.200000000,0.209657512
1784881212.266031027,15.550000141,8.245460872,-0.170147722,1.200000000,0.204902663
1784881212.276031017,15.560000141,8.247197362,-0.169218592,1.200000000,0.200110261
1784881212.286031008,15.570000141,8.248886487,-0.168314673,1.200000000,0.195284461
1784881212.296030998,15.580000141,8.250527959,-0.167436124,1.200000000,0.190429421
1784881212.306030989,15.590000141,8.252121528,-0.166583087,1.200000000,0.185549297
1784881212.316030979,15.600000141,8.253666980,-0.165755682,1.200000000,0.180648247
1784881212.326030970,15.610000141,8.255164148,-0.164954006,1.200000000,0.175730427
1784881212.336030960,15.620000141,8.256612903,-0.164178134,1.200000000,0.170799994
1784881212.346030951,15.630000141,8.258013165,-0.163428116,1.200000000,0.165861106
1784881212.356030941,15.640000141,8.259364903,-0.162703978,1.200000000,0.160917918
1784881212.366030931,15.650000141,8.260668134,-0.162005718,1.200000000,0.155974589
1784881212.376030922,15.660000141,8.261922927,-0.161333305,1.200000000,0.151035275
1784881212.386030912,15.670000141,8.263129405,-0.160686683,1.200000000,0.146104133
1784881212.396030903,15.680000141,8.264287747,-0.160065763,1.200000000,0.141185320
1784881212.406030893,15.690000141,8.265398189,-0.159470427,1.200000000,0.136282993
1784881212.416030884,15.700000141,8.266461024,-0.158900526,1.200000000,0.131401308
1784881212.426030874,15.710000141,8.267476606,-0.158355877,1.200000000,0.126544423
1784881212.436030865,15.720000141,8.268445349,-0.157836267,1.200000000,0.121716495
1784881212.446031094,15.730000141,8.269367729,-0.157341448,1.200000000,0.116921680
1784881212.456031084,15.740000141,8.270244286,-0.156871139,1.200000000,0.112164136
1784881212.466031075,15.750000141,8.271075621,-0.156425025,1.200000000,0.107448020
1784881212.476031065,15.760000141,8.271862399,-0.156002757,1.200000000,0.102777487
1784881212.486031055,15.770000141,8.272605349,-0.155603951,1.200000000,0.098156696
1784881212.496031046,15.780000141,8.273305264,-0.155228188,1.200000000,0.093589804
1784881212.506031036,15.790000141,8.273963000,-0.154875017,1.200000000,0.089080966
1784881212.516031027,15.800000141,8.274579474,-0.154543951,1.200000000,0.084634341
1784881212.526031017,15.810000141,8.275155668,-0.154234471,1.200000000,0.080254084
1784881212.536031008,15.820000141,8.275692622,-0.153946025,1.200000000,0.075944354
1784881212.546030998,15.830000141,8.276191436,-0.153678028,1.200000000,0.071709307
1784881212.556030989,15.840000141,8.276653267,-0.153429864,1.200000000,0.067553099
1784881212.566030979,15.850000141,8.277079329,-0.153200887,1.200000000,0.063479888
1784881212.576030970,15.860000141,8.277470888,-0.152990423,1.200000000,0.059493831
1784881212.586030960,15.870000141,8.277829260,-0.152797770,1.200000000,0.055599085
1784881212.596030951,15.880000141,8.278155809,-0.152622199,1.200000000,0.051799806
1784881212.606030941,15.890000141,8.278451942,-0.152462960,1.200000000,0.048100152
1784881212.616030931,15.900000141,8.278719106,-0.152319277,1.200000000,0.044504279
1784881212.626030922,15.910000141,8.278958786,-0.152190358,1.200000000,0.041016345
1784881212.636030912,15.920000141,8.279172494,-0.152075393,1.200000000,0.037640506
1784881212.646030903,15.930000141,8.279361773,-0.151973557,1.200000000,0.034380919
1784881212.656030893,15.940000141,8.279528182,-0.151884013,1.200000000,0.031241741
1784881212.666030884,15.950000141,8.279673298,-0.151805916,1.200000000,0.028227130
1784881212.676030874,15.960000141,8.279798704,-0.151738417,1.200000000,0.025341241
1784881212.686030865,15.970000141,8.279905987,-0.151680666,1.200000000,0.022588233
1784881212.696031094,15.980000141,8.279996727,-0.151631814,1.200000000,0.019972262
1784881212.706031084,15.990000141,8.280072491,-0.151591019,1.200000000,0.017497484
1784881212.716031075,16.000000141,8.280134823,-0.151557452,1.200000000,0.015168057
1784881212.726031065,16.010000141,8.280185237,-0.151530300,1.200000000,0.012988138
1784881212.736031055,16.020000141,8.280225209,-0.151508770,1.200000000,0.010961884
1784881212.746031046,16.030000141,8.280256162,-0.151492095,1.200000000,0.009093451
1784881212.756031036,16.040000141,8.280279461,-0.151479542,1.200000000,0.007386997
1784881212.766031027,16.050000141,8.280296401,-0.151470414,1.200000000,0.005846678
1784881212.776031017,16.060000141,8.280308190,-0.151464061,1.200000000,0.004476652
1784881212.786031008,16.070000141,8.280315946,-0.151459881,1.200000000,0.003281075
1784881212.796030998,16.080000141,8.280320677,-0.151457330,1.200000000,0.002264104
1784881212.806030989,16.090000141,8.280323271,-0.151455932,1.200000000,0.001429896
1784881212.816030979,16.100000141,8.280324481,-0.151455280,1.200000000,0.000782609
1784881212.826030970,16.110000141,8.280324909,-0.151455049,1.200000000,0.000326399
1784881212.836030960,16.120000141,8.280324996,-0.151455002,1.200000000,0.000065422
1784881212.844086647,16.128055914,8.280325000,-0.151455000,1.200000000,-0.000000000
