stamp,elapsed,x,y,z,yaw
1784881111.267094612,0.000000138,-0.261959000,-0.006230000,1.200000000,-0.039639000
1784881111.277094603,0.010000138,-0.261958995,-0.006229999,1.200000000,-0.039641929
1784881111.287094593,0.020000138,-0.261958925,-0.006229991,1.200000000,-0.039650604
1784881111.297094584,0.030000138,-0.261958625,-0.006229955,1.200000000,-0.039664856
1784881111.307094574,0.040000138,-0.261957827,-0.006229859,1.200000000,-0.039684517
1784881111.317094564,0.050000138,-0.261956170,-0.006229660,1.200000000,-0.039709419
1784881111.327094555,0.060000138,-0.261953201,-0.006229304,1.200000000,-0.039739394
1784881111.337094545,0.070000138,-0.261948383,-0.006228726,1.200000000,-0.039774272
1784881111.347094536,0.080000138,-0.261941102,-0.006227852,1.200000000,-0.039813887
1784881111.357094526,0.090000138,-0.261930670,-0.006226599,1.200000000,-0.039858070
1784881111.367094517,0.100000138,-0.261916333,-0.006224877,1.200000000,-0.039906652
1784881111.377094507,0.110000138,-0.261897273,-0.006222587,1.200000000,-0.039959464
1784881111.387094498,0.120000138,-0.261872617,-0.006219624,1.200000000,-0.040016340
1784881111.397094488,0.130000138,-0.261841439,-0.006215877,1.200000000,-0.040077110
1784881111.407094479,0.140000138,-0.261802766,-0.006211229,1.200000000,-0.040141606
1784881111.417094469,0.150000138,-0.261755581,-0.006205555,1.200000000,-0.040209660
1784881111.427094460,0.160000138,-0.261698830,-0.006198730,1.200000000,-0.040281104
1784881111.437094450,0.170000138,-0.261631424,-0.006190622,1.200000000,-0.040355769
1784881111.447094440,0.180000138,-0.261552243,-0.006181096,1.200000000,-0.040433487
1784881111.457094431,0.190000138,-0.261460143,-0.006170012,1.200000000,-0.040514090
1784881111.467094421,0.200000138,-0.261353955,-0.006157231,1.200000000,-0.040597409
1784881111.477094412,0.210000138,-0.261232494,-0.006142607,1.200000000,-0.040683276
1784881111.487094402,0.220000138,-0.261094558,-0.006125996,1.200000000,-0.040771523
1784881111.497094393,0.230000138,-0.260938933,-0.006107251,1.200000000,-0.040861982
1784881111.507094622,0.240000138,-0.260764397,-0.006086223,1.200000000,-0.040954484
1784881111.517094612,0.250000138,-0.260569723,-0.006062763,1.200000000,-0.041048860
1784881111.527094603,0.260000138,-0.260353681,-0.006036721,1.200000000,-0.041144943
1784881111.537094593,0.270000138,-0.260115040,-0.006007949,1.200000000,-0.041242565
1784881111.547094584,0.280000138,-0.259852574,-0.005976296,1.200000000,-0.041341557
1784881111.557094574,0.290000138,-0.259565060,-0.005941613,1.200000000,-0.041441750
1784881111.567094564,0.300000138,-0.259251286,-0.005903753,1.200000000,-0.041542977
1784881111.577094555,0.310000138,-0.258910048,-0.005862569,1.200000000,-0.041645069
1784881111.587094545,0.320000138,-0.258540156,-0.005817915,1.200000000,-0.041747858
1784881111.597094536,0.330000138,-0.258140433,-0.005769647,1.200000000,-0.041851175
1784881111.607094526,0.340000138,-0.257709720,-0.005717622,1.200000000,-0.041954853
1784881111.617094517,0.350000138,-0.257246875,-0.005661702,1.200000000,-0.042058723
1784881111.627094507,0.360000138,-0.256750777,-0.005601747,1.200000000,-0.042162616
1784881111.637094498,0.370000138,-0.256220327,-0.005537624,1.200000000,-0.042266364
1784881111.647094488,0.380000138,-0.255654449,-0.005469198,1.200000000,-0.042369800
1784881111.657094479,0.390000138,-0.255052091,-0.005396341,1.200000000,-0.042472755
1784881111.667094469,0.400000138,-0.254412229,-0.005318926,1.200000000,-0.042575060
1784881111.677094460,0.410000138,-0.253733865,-0.005236829,1.200000000,-0.042676547
1784881111.687094450,0.420000138,-0.253016028,-0.005149929,1.200000000,-0.042777048
1784881111.697094440,0.430000138,-0.252257780,-0.005058110,1.200000000,-0.042876395
1784881111.707094431,0.440000138,-0.251458210,-0.004961258,1.200000000,-0.042974419
1784881111.717094421,0.450000138,-0.250616440,-0.004859263,1.200000000,-0.043070952
1784881111.727094412,0.460000138,-0.249731623,-0.004752020,1.200000000,-0.043165826
1784881111.737094402,0.470000138,-0.248802947,-0.004639427,1.200000000,-0.043258872
1784881111.747094393,0.480000138,-0.247829631,-0.004521384,1.200000000,-0.043349922
1784881111.757094622,0.490000138,-0.246810929,-0.004397798,1.200000000,-0.043438808
1784881111.767094612,0.500000138,-0.245746127,-0.004268578,1.200000000,-0.043525362
1784881111.777094603,0.510000138,-0.244634550,-0.004133637,1.200000000,-0.043609415
1784881111.787094593,0.520000138,-0.243475554,-0.003992895,1.200000000,-0.043690799
1784881111.797094584,0.530000138,-0.242268532,-0.003846272,1.200000000,-0.043769345
1784881111.807094574,0.540000138,-0.241012911,-0.003693695,1.200000000,-0.043844886
1784881111.817094564,0.550000138,-0.239708156,-0.003535093,1.200000000,-0.043917253
1784881111.827094555,0.560000138,-0.238353764,-0.003370402,1.200000000,-0.043986278
1784881111.837094545,0.570000138,-0.236949270,-0.003199560,1.200000000,-0.044051792
1784881111.847094536,0.580000138,-0.235494244,-0.003022509,1.200000000,-0.044113627
1784881111.857094526,0.590000138,-0.233988289,-0.002839196,1.200000000,-0.044171615
1784881111.867094517,0.600000138,-0.232431045,-0.002649574,1.200000000,-0.044225588
1784881111.877094507,0.610000138,-0.230822186,-0.002453595,1.200000000,-0.044275377
1784881111.887094498,0.620000138,-0.229161421,-0.002251221,1.200000000,-0.044320814
1784881111.897094488,0.630000138,-0.227448491,-0.002042413,1.200000000,-0.044361731
1784881111.907094479,0.640000138,-0.225683173,-0.001827140,1.200000000,-0.044397959
1784881111.917094469,0.650000138,-0.223865276,-0.001605371,1.200000000,-0.044429330
1784881111.927094460,0.660000138,-0.221994641,-0.001377083,1.200000000,-0.044455676
1784881111.937094450,0.670000138,-0.220071143,-0.001142254,1.200000000,-0.044476828
1784881111.947094440,0.680000138,-0.218094685,-0.000900867,1.200000000,-0.044492619
1784881111.957094431,0.690000138,-0.216065206,-0.000652907,1.200000000,-0.044502880
1784881111.967094421,0.700000138,-0.213982670,-0.000398365,1.200000000,-0.044507442
1784881111.977094412,0.710000138,-0.211847074,-0.000137234,1.200000000,-0.044506137
1784881111.987094402,0.720000138,-0.209658443,0.000130488,1.200000000,-0.044498798
1784881111.997094393,0.730000138,-0.207416831,0.000404803,1.200000000,-0.044485255
1784881112.007094622,0.740000138,-0.205122318,0.000685706,1.200000000,-0.044465341
1784881112.017094612,0.750000138,-0.202775012,0.000973190,1.200000000,-0.044438887
1784881112.027094603,0.760000138,-0.200375046,0.001267246,1.200000000,-0.044405725
1784881112.037094593,0.770000138,-0.197922579,0.001567860,1.200000000,-0.044365686
1784881112.047094584,0.780000138,-0.195417793,0.001875017,1.200000000,-0.044318603
1784881112.057094574,0.790000138,-0.192860897,0.002188698,1.200000000,-0.044264306
1784881112.067094564,0.800000138,-0.190252119,0.002508882,1.200000000,-0.044202629
1784881112.077094555,0.810000138,-0.187591710,0.002835544,1.200000000,-0.044133401
1784881112.087094545,0.820000138,-0.184879944,0.003168658,1.200000000,-0.044056456
1784881112.097094536,0.830000138,-0.182117112,0.003508194,1.200000000,-0.043971624
1784881112.107094526,0.840000138,-0.179303527,0.003854121,1.200000000,-0.043878738
1784881112.117094517,0.850000138,-0.176439519,0.004206405,1.200000000,-0.043777629
1784881112.127094507,0.860000138,-0.173525439,0.004565011,1.200000000,-0.043668129
1784881112.137094498,0.870000138,-0.170561650,0.004929899,1.200000000,-0.043550070
1784881112.147094488,0.880000138,-0.167548535,0.005301031,1.200000000,-0.043423322
1784881112.157094479,0.890000138,-0.164486491,0.005678363,1.200000000,-0.043287936
1784881112.167094469,0.900000138,-0.161375931,0.006061852,1.200000000,-0.043144015
1784881112.177094460,0.910000138,-0.158217279,0.006451453,1.200000000,-0.042991664
1784881112.187094450,0.920000138,-0.155010975,0.006847118,1.200000000,-0.042830984
1784881112.197094440,0.930000138,-0.151757470,0.007248799,1.200000000,-0.042662081
1784881112.207094431,0.940000138,-0.148457227,0.007656445,1.200000000,-0.042485057
1784881112.217094421,0.950000138,-0.145110721,0.008070005,1.200000000,-0.042300016
1784881112.227094412,0.960000138,-0.141718434,0.008489426,1.200000000,-0.042107061
1784881112.237094402,0.970000138,-0.138280862,0.008914654,1.200000000,-0.041906295
1784881112.247094393,0.980000138,-0.134798507,0.009345632,1.200000000,-0.041697823
1784881112.257094622,0.990000138,-0.131271881,0.009782306,1.200000000,-0.041481746
1784881112.267094612,1.000000138,-0.127701502,0.010224618,1.200000000,-0.041258170
1784881112.277094603,1.010000138,-0.124087897,0.010672508,1.200000000,-0.041027197
1784881112.287094593,1.020000138,-0.120431598,0.011125919,1.200000000,-0.040788931
1784881112.297094584,1.030000138,-0.116733143,0.011584790,1.200000000,-0.040543474
1784881112.307094574,1.040000138,-0.112993078,0.012049060,1.200000000,-0.040290931
1784881112.317094564,1.050000138,-0.109211949,0.012518668,1.200000000,-0.040031405
1784881112.327094555,1.060000138,-0.105390311,0.012993552,1.200000000,-0.039765000
1784881112.337094545,1.070000138,-0.101528718,0.013473649,1.200000000,-0.039491818
1784881112.347094536,1.080000138,-0.097627733,0.013958897,1.200000000,-0.039211964
1784881112.357094526,1.090000138,-0.093687916,0.014449232,1.200000000,-0.038925540
1784881112.367094517,1.100000138,-0.089709832,0.014944590,1.200000000,-0.038632650
1784881112.377094507,1.110000138,-0.085694047,0.015444908,1.200000000,-0.038333398
1784881112.387094498,1.120000138,-0.081641130,0.015950121,1.200000000,-0.038027887
1784881112.397094488,1.130000138,-0.077551648,0.016460164,1.200000000,-0.037716220
1784881112.407094479,1.140000138,-0.073426169,0.016974974,1.200000000,-0.037398500
1784881112.417094469,1.150000138,-0.069265263,0.017494484,1.200000000,-0.037074832
1784881112.427094460,1.160000138,-0.065069497,0.018018631,1.200000000,-0.036745319
1784881112.437094450,1.170000138,-0.060839438,0.018547351,1.200000000,-0.036410064
1784881112.447094440,1.180000138,-0.056575652,0.019080578,1.200000000,-0.036069170
1784881112.457094431,1.190000138,-0.052278703,0.019618247,1.200000000,-0.035722741
1784881112.467094421,1.200000138,-0.047949152,0.020160295,1.200000000,-0.035370880
1784881112.477094412,1.210000138,-0.043587559,0.020706658,1.200000000,-0.035013691
1784881112.487094402,1.220000138,-0.039194480,0.021257271,1.200000000,-0.034651278
1784881112.497094393,1.230000138,-0.034770470,0.021812072,1.200000000,-0.034283743
1784881112.507094622,1.240000138,-0.030316076,0.022370996,1.200000000,-0.033911189
1784881112.517094612,1.250000138,-0.025831847,0.022933981,1.200000000,-0.033533722
1784881112.527094603,1.260000138,-0.021318323,0.023500965,1.200000000,-0.033151443
1784881112.537094593,1.270000138,-0.016776043,0.024071886,1.200000000,-0.032764457
1784881112.547094584,1.280000138,-0.012205539,0.024646681,1.200000000,-0.032372866
1784881112.557094574,1.290000138,-0.007607340,0.025225290,1.200000000,-0.031976774
1784881112.567094564,1.300000138,-0.002981967,0.025807653,1.200000000,-0.031576285
1784881112.577094555,1.310000138,0.001670061,0.026393710,1.200000000,-0.031171502
1784881112.587094545,1.320000138,0.006348234,0.026983401,1.200000000,-0.030762528
1784881112.597094536,1.330000138,0.011052046,0.027576667,1.200000000,-0.030349468
1784881112.607094526,1.340000138,0.015780997,0.028173452,1.200000000,-0.029932423
1784881112.617094517,1.350000138,0.020534595,0.028773697,1.200000000,-0.029511498
1784881112.627094507,1.360000138,0.025312352,0.029377346,1.200000000,-0.029086797
1784881112.637094498,1.370000138,0.030113791,0.029984343,1.200000000,-0.028658421
1784881112.647094488,1.380000138,0.034938437,0.030594634,1.200000000,-0.028226476
1784881112.657094479,1.390000138,0.039785827,0.031208163,1.200000000,-0.027791064
1784881112.667094469,1.400000138,0.044655501,0.031824879,1.200000000,-0.027352290
1784881112.677094460,1.410000138,0.049547009,0.032444727,1.200000000,-0.026910255
1784881112.687094450,1.420000138,0.054459908,0.033067657,1.200000000,-0.026465064
1784881112.697094440,1.430000138,0.059393764,0.033693617,1.200000000,-0.026016820
1784881112.707094431,1.440000138,0.064348148,0.034322558,1.200000000,-0.025565626
1784881112.717094421,1.450000138,0.069322643,0.034954431,1.200000000,-0.025111587
1784881112.727094412,1.460000138,0.074316836,0.035589187,1.200000000,-0.024654805
1784881112.737094402,1.470000138,0.079330325,0.036226780,1.200000000,-0.024195383
1784881112.747094393,1.480000138,0.084362716,0.036867163,1.200000000,-0.023733426
1784881112.757094622,1.490000138,0.089413623,0.037510291,1.200000000,-0.023269037
1784881112.767094612,1.500000138,0.094482668,0.038156120,1.200000000,-0.022802318
1784881112.777094603,1.510000138,0.099569483,0.038804606,1.200000000,-0.022333374
1784881112.787094593,1.520000138,0.104673708,0.039455709,1.200000000,-0.021862308
1784881112.797094584,1.530000138,0.109794991,0.040109385,1.200000000,-0.021389224
1784881112.807094574,1.540000138,0.114932991,0.040765596,1.200000000,-0.020914224
1784881112.817094564,1.550000138,0.120087372,0.041424302,1.200000000,-0.020437412
1784881112.827094555,1.560000138,0.125257811,0.042085465,1.200000000,-0.019958892
1784881112.837094545,1.570000138,0.130443991,0.042749048,1.200000000,-0.019478767
1784881112.847094536,1.580000138,0.135645606,0.043415014,1.200000000,-0.018997140
1784881112.857094526,1.590000138,0.140862357,0.044083330,1.200000000,-0.018514116
1784881112.867094517,1.600000138,0.146093956,0.044753961,1.200000000,-0.018029796
1784881112.877094507,1.610000138,0.151340123,0.045426875,1.200000000,-0.017544286
1784881112.887094498,1.620000138,0.156600586,0.046102039,1.200000000,-0.017057687
1784881112.897094488,1.630000138,0.161875083,0.046779423,1.200000000,-0.016570104
1784881112.907094479,1.640000138,0.167163361,0.047458997,1.200000000,-0.016081640
1784881112.917094469,1.650000138,0.172465176,0.048140734,1.200000000,-0.015592399
1784881112.927094460,1.660000138,0.177780292,0.048824605,1.200000000,-0.015102483
1784881112.937094450,1.670000138,0.183108483,0.049510584,1.200000000,-0.014611997
1784881112.947094440,1.680000138,0.188449531,0.050198646,1.200000000,-0.014121043
1784881112.957094431,1.690000138,0.193803228,0.050888767,1.200000000,-0.013629726
1784881112.967094421,1.700000138,0.199169372,0.051580922,1.200000000,-0.013138148
1784881112.977094412,1.710000138,0.204547772,0.052275091,1.200000000,-0.012646413
1784881112.987094402,1.720000138,0.209938246,0.052971253,1.200000000,-0.012154625
1784881112.997094393,1.730000138,0.215340619,0.053669386,1.200000000,-0.011662886
1784881113.007094622,1.740000138,0.220754725,0.054369473,1.200000000,-0.011171301
1784881113.017094612,1.750000138,0.226180407,0.055071494,1.200000000,-0.010679972
1784881113.027094603,1.760000138,0.231617515,0.055775434,1.200000000,-0.010189003
1784881113.037094593,1.770000138,0.237065908,0.056481276,1.200000000,-0.009698498
1784881113.047094584,1.780000138,0.242525453,0.057189006,1.200000000,-0.009208560
1784881113.057094574,1.790000138,0.247996026,0.057898609,1.200000000,-0.008719293
1784881113.067094564,1.800000138,0.253477510,0.058610073,1.200000000,-0.008230799
1784881113.077094555,1.810000138,0.258969796,0.059323385,1.200000000,-0.007743182
1784881113.087094545,1.820000138,0.264472782,0.060038535,1.200000000,-0.007256546
1784881113.097094536,1.830000138,0.269986375,0.060755513,1.200000000,-0.006770994
1784881113.107094526,1.840000138,0.275510488,0.061474310,1.200000000,-0.006286630
1784881113.117094517,1.850000138,0.281045043,0.062194917,1.200000000,-0.005803557
1784881113.127094507,1.860000138,0.286589969,0.062917327,1.200000000,-0.005321877
1784881113.137094498,1.870000138,0.292145200,0.063641535,1.200000000,-0.004841696
1784881113.147094488,1.880000138,0.297710680,0.064367534,1.200000000,-0.004363116
1784881113.157094479,1.890000138,0.303286358,0.065095321,1.200000000,-0.003886241
1784881113.167094469,1.900000138,0.308872191,0.065824892,1.200000000,-0.003411173
1784881113.177094460,1.910000138,0.314468141,0.066556243,1.200000000,-0.002938017
1784881113.187094450,1.920000138,0.320074177,0.067289373,1.200000000,-0.002466876
1784881113.197094440,1.930000138,0.325690276,0.068024282,1.200000000,-0.001997854
1784881113.207094431,1.940000138,0.331316419,0.068760968,1.200000000,-0.001531053
1784881113.217094421,1.950000138,0.336952593,0.069499432,1.200000000,-0.001066577
1784881113.227094412,1.960000138,0.342598794,0.070239676,1.200000000,-0.000604530
1784881113.237094402,1.970000138,0.348255020,0.070981701,1.200000000,-0.000145015
1784881113.247094393,1.980000138,0.353921276,0.071725511,1.200000000,0.000311865
1784881113.257094622,1.990000138,0.359597573,0.072471109,1.200000000,0.000766006
1784881113.267094612,2.000000138,0.365283926,0.073218499,1.200000000,0.001217304
1784881113.277094603,2.010000138,0.370980356,0.073967687,1.200000000,0.001665657
1784881113.287094593,2.020000138,0.376686889,0.074718677,1.200000000,0.002110960
1784881113.297094584,2.030000138,0.382403556,0.075471476,1.200000000,0.002553111
1784881113.307094574,2.040000138,0.388130391,0.076226091,1.200000000,0.002992006
1784881113.317094564,2.050000138,0.393867434,0.076982530,1.200000000,0.003427542
1784881113.327094555,2.060000138,0.399614728,0.077740801,1.200000000,0.003859614
1784881113.337094545,2.070000138,0.405372322,0.078500912,1.200000000,0.004288121
1784881113.347094536,2.080000138,0.411140267,0.079262873,1.200000000,0.004712957
1784881113.357094526,2.090000138,0.416918618,0.080026694,1.200000000,0.005134021
1784881113.367094517,2.100000138,0.422707435,0.080792384,1.200000000,0.005551208
1784881113.377094507,2.110000138,0.428506780,0.081559956,1.200000000,0.005964415
1784881113.387094498,2.120000138,0.434316719,0.082329419,1.200000000,0.006373539
1784881113.397094488,2.130000138,0.440137320,0.083100787,1.200000000,0.006778475
1784881113.407094479,2.140000138,0.445968655,0.083874071,1.200000000,0.007179122
1784881113.417094469,2.150000138,0.451810799,0.084649284,1.200000000,0.007575375
1784881113.427094460,2.160000138,0.457663828,0.085426439,1.200000000,0.007967131
1784881113.437094450,2.170000138,0.463527821,0.086205549,1.200000000,0.008354286
1784881113.447094440,2.180000138,0.469402860,0.086986629,1.200000000,0.008736737
1784881113.457094431,2.190000138,0.475289028,0.087769692,1.200000000,0.009114381
1784881113.467094421,2.200000138,0.481186410,0.088554753,1.200000000,0.009487114
1784881113.477094412,2.210000138,0.487095094,0.089341827,1.200000000,0.009854833
1784881113.487094402,2.220000138,0.493015167,0.090130929,1.200000000,0.010217434
1784881113.497094393,2.230000138,0.498946719,0.090922074,1.200000000,0.010574814
1784881113.507094622,2.240000138,0.504889841,0.091715278,1.200000000,0.010926870
1784881113.517094612,2.250000138,0.510844626,0.092510556,1.200000000,0.011273497
1784881113.527094603,2.260000138,0.516811164,0.093307925,1.200000000,0.011614594
1784881113.537094593,2.270000138,0.522789551,0.094107400,1.200000000,0.011950055
1784881113.547094584,2.280000138,0.528779880,0.094908999,1.200000000,0.012279779
1784881113.557094574,2.290000138,0.534782244,0.095712737,1.200000000,0.012603660
1784881113.567094564,2.300000138,0.540796738,0.096518630,1.200000000,0.012921597
1784881113.577094555,2.310000138,0.546823457,0.097326697,1.200000000,0.013233485
1784881113.587094545,2.320000138,0.552862494,0.098136952,1.200000000,0.013539222
1784881113.597094536,2.330000138,0.558913944,0.098949414,1.200000000,0.013838702
1784881113.607094526,2.340000138,0.564977899,0.099764099,1.200000000,0.014131825
1784881113.617094517,2.350000138,0.571054453,0.100581023,1.200000000,0.014418485
1784881113.627094507,2.360000138,0.577143697,0.101400204,1.200000000,0.014698579
1784881113.637094498,2.370000138,0.583245724,0.102221659,1.200000000,0.014972005
1784881113.647094488,2.380000138,0.589360621,0.103045403,1.200000000,0.015238658
1784881113.657094479,2.390000138,0.595488480,0.103871455,1.200000000,0.015498435
1784881113.667094469,2.400000138,0.601629387,0.104699830,1.200000000,0.015751232
1784881113.677094460,2.410000138,0.607783428,0.105530545,1.200000000,0.015996947
1784881113.687094450,2.420000138,0.613950687,0.106363616,1.200000000,0.016235476
1784881113.697094440,2.430000138,0.620131249,0.107199060,1.200000000,0.016466716
1784881113.707094431,2.440000138,0.626325193,0.108036893,1.200000000,0.016690562
1784881113.717094421,2.450000138,0.632532598,0.108877130,1.200000000,0.016906912
1784881113.727094412,2.460000138,0.638753542,0.109719788,1.200000000,0.017115698
1784881113.737094402,2.470000138,0.644988100,0.110564882,1.200000000,0.017316982
1784881113.747094393,2.480000138,0.651236343,0.111412428,1.200000000,0.017510855
1784881113.757094622,2.490000138,0.657498342,0.112262439,1.200000000,0.017697408
1784881113.767094612,2.500000138,0.663774164,0.113114932,1.200000000,0.017876732
1784881113.777094603,2.510000138,0.670063875,0.113969921,1.200000000,0.018048919
1784881113.787094593,2.520000138,0.676367536,0.114827420,1.200000000,0.018214059
1784881113.797094584,2.530000138,0.682685207,0.115687443,1.200000000,0.018372243
1784881113.807094574,2.540000138,0.689016944,0.116550004,1.200000000,0.018523563
1784881113.817094564,2.550000138,0.695362801,0.117415116,1.200000000,0.018668109
1784881113.827094555,2.560000138,0.701722830,0.118282792,1.200000000,0.018805974
1784881113.837094545,2.570000138,0.708097076,0.119153045,1.200000000,0.018937247
1784881113.847094536,2.580000138,0.714485585,0.120025887,1.200000000,0.019062019
1784881113.857094526,2.590000138,0.720888397,0.120901330,1.200000000,0.019180383
1784881113.867094517,2.600000138,0.727305551,0.121779385,1.200000000,0.019292429
1784881113.877094507,2.610000138,0.733737080,0.122660064,1.200000000,0.019398248
1784881113.887094498,2.620000138,0.740183015,0.123543377,1.200000000,0.019497931
1784881113.897094488,2.630000138,0.746643384,0.124429334,1.200000000,0.019591569
1784881113.907094479,2.640000138,0.753118211,0.125317945,1.200000000,0.019679254
1784881113.917094469,2.650000138,0.759607516,0.126209220,1.200000000,0.019761076
1784881113.927094460,2.660000138,0.766111314,0.127103168,1.200000000,0.019837126
1784881113.937094450,2.670000138,0.772629620,0.127999796,1.200000000,0.019907497
1784881113.947094440,2.680000138,0.779162443,0.128899112,1.200000000,0.019972278
1784881113.957094431,2.690000138,0.785709787,0.129801125,1.200000000,0.020031560
1784881113.967094421,2.700000138,0.792271654,0.130705841,1.200000000,0.020085436
1784881113.977094412,2.710000138,0.798848043,0.131613265,1.200000000,0.020133995
1784881113.987094402,2.720000138,0.805438946,0.132523405,1.200000000,0.020177329
1784881113.997094393,2.730000138,0.812044355,0.133436266,1.200000000,0.020215530
1784881114.007094622,2.740000138,0.818664254,0.134351851,1.200000000,0.020248687
1784881114.017094612,2.750000138,0.825298627,0.135270166,1.200000000,0.020276893
1784881114.027094603,2.760000138,0.831947452,0.136191214,1.200000000,0.020300238
1784881114.037094593,2.770000138,0.838610702,0.137114998,1.200000000,0.020318814
1784881114.047094584,2.780000138,0.845288348,0.138041520,1.200000000,0.020332711
1784881114.057094574,2.790000138,0.851980357,0.138970783,1.200000000,0.020342020
1784881114.067094564,2.800000138,0.858686690,0.139902787,1.200000000,0.020346834
1784881114.077094555,2.810000138,0.865407307,0.140837533,1.200000000,0.020347242
1784881114.087094545,2.820000138,0.872142160,0.141775022,1.200000000,0.020343335
1784881114.097094536,2.830000138,0.878891202,0.142715253,1.200000000,0.020335206
1784881114.107094526,2.840000138,0.885654378,0.143658224,1.200000000,0.020322945
1784881114.117094517,2.850000138,0.892431631,0.144603934,1.200000000,0.020306642
1784881114.127094507,2.860000138,0.899222899,0.145552381,1.200000000,0.020286390
1784881114.137094498,2.870000138,0.906028117,0.146503560,1.200000000,0.020262279
1784881114.147094488,2.880000138,0.912847215,0.147457470,1.200000000,0.020234401
1784881114.157094479,2.890000138,0.919680120,0.148414104,1.200000000,0.020202845
1784881114.167094469,2.900000138,0.926526755,0.149373459,1.200000000,0.020167705
1784881114.177094460,2.910000138,0.933387038,0.150335527,1.200000000,0.020129069
1784881114.187094450,2.920000138,0.940260885,0.151300304,1.200000000,0.020087031
1784881114.197094440,2.930000138,0.947148207,0.152267782,1.200000000,0.020041680
1784881114.207094431,2.940000138,0.954048911,0.153237952,1.200000000,0.019993108
1784881114.217094421,2.950000138,0.960962901,0.154210808,1.200000000,0.019941406
1784881114.227094412,2.960000138,0.967890076,0.155186339,1.200000000,0.019886664
1784881114.237094402,2.970000138,0.974830333,0.156164536,1.200000000,0.019828975
1784881114.247094393,2.980000138,0.981783564,0.157145388,1.200000000,0.019768429
1784881114.257094622,2.990000138,0.988749658,0.158128884,1.200000000,0.019705117
1784881114.267094612,3.000000138,0.995728500,0.159115012,1.200000000,0.019639130
1784881114.277094603,3.010000138,1.002719971,0.160103760,1.200000000,0.019570560
1784881114.287094593,3.020000138,1.009723951,0.161095114,1.200000000,0.019499497
1784881114.297094584,3.030000138,1.016740313,0.162089060,1.200000000,0.019426033
1784881114.307094574,3.040000138,1.023768928,0.163085584,1.200000000,0.019350258
1784881114.317094564,3.050000138,1.030809665,0.164084669,1.200000000,0.019272264
1784881114.327094555,3.060000138,1.037862388,0.165086301,1.200000000,0.019192142
1784881114.337094545,3.070000138,1.044926958,0.166090462,1.200000000,0.019109983
1784881114.347094536,3.080000138,1.052003232,0.167097134,1.200000000,0.019025877
1784881114.357094526,3.090000138,1.059091066,0.168106299,1.200000000,0.018939917
1784881114.367094517,3.100000138,1.066190312,0.169117938,1.200000000,0.018852192
1784881114.377094507,3.110000138,1.073300817,0.170132031,1.200000000,0.018762795
1784881114.387094498,3.120000138,1.080422428,0.171148559,1.200000000,0.018671816
1784881114.397094488,3.130000138,1.087554986,0.172167499,1.200000000,0.018579347
1784881114.407094479,3.140000138,1.094698332,0.173188829,1.200000000,0.018485477
1784881114.417094469,3.150000138,1.101852302,0.174212527,1.200000000,0.018390300
1784881114.427094460,3.160000138,1.109016730,0.175238571,1.200000000,0.018293905
1784881114.437094450,3.170000138,1.116191449,0.176266934,1.200000000,0.018196383
1784881114.447094440,3.180000138,1.123376285,0.177297594,1.200000000,0.018097827
1784881114.457094431,3.190000138,1.130571067,0.178330523,1.200000000,0.017998326
1784881114.467094421,3.200000138,1.137775616,0.179365696,1.200000000,0.017897972
1784881114.477094412,3.210000138,1.144989755,0.180403086,1.200000000,0.017796856
1784881114.487094402,3.220000138,1.152213302,0.181442666,1.200000000,0.017695069
1784881114.497094393,3.230000138,1.159446073,0.182484406,1.200000000,0.017592702
1784881114.507094622,3.240000138,1.166687884,0.183528277,1.200000000,0.017489847
1784881114.517094612,3.250000138,1.173938545,0.184574250,1.200000000,0.017386594
1784881114.527094603,3.260000138,1.181197868,0.185622295,1.200000000,0.017283034
1784881114.537094593,3.270000138,1.188465659,0.186672378,1.200000000,0.017179259
1784881114.547094584,3.280000138,1.195741725,0.187724470,1.200000000,0.017075359
1784881114.557094574,3.290000138,1.203025871,0.188778537,1.200000000,0.016971426
1784881114.567094564,3.300000138,1.210317898,0.189834545,1.200000000,0.016867551
1784881114.577094555,3.310000138,1.217617608,0.190892460,1.200000000,0.016763824
1784881114.587094545,3.320000138,1.224924798,0.191952248,1.200000000,0.016660338
1784881114.597094536,3.330000138,1.232239268,0.193013873,1.200000000,0.016557182
1784881114.607094526,3.340000138,1.239560813,0.194077298,1.200000000,0.016454449
1784881114.617094517,3.350000138,1.246889227,0.195142488,1.200000000,0.016352228
1784881114.627094507,3.360000138,1.254224303,0.196209403,1.200000000,0.016250612
1784881114.637094498,3.370000138,1.261565835,0.197278006,1.200000000,0.016149691
1784881114.647094488,3.380000138,1.268913611,0.198348257,1.200000000,0.016049556
1784881114.657094479,3.390000138,1.276267424,0.199420118,1.200000000,0.015950299
1784881114.667094469,3.400000138,1.283627060,0.200493546,1.200000000,0.015852011
1784881114.677094460,3.410000138,1.290992308,0.201568503,1.200000000,0.015754782
1784881114.687094450,3.420000138,1.298362955,0.202644945,1.200000000,0.015658704
1784881114.697094440,3.430000138,1.305738788,0.203722830,1.200000000,0.015563867
1784881114.707094431,3.440000138,1.313119591,0.204802115,1.200000000,0.015470364
1784881114.717094421,3.450000138,1.320505149,0.205882756,1.200000000,0.015378284
1784881114.727094412,3.460000138,1.327895248,0.206964710,1.200000000,0.015287720
1784881114.737094402,3.470000138,1.335289670,0.208047930,1.200000000,0.015198761
1784881114.747094393,3.480000138,1.342688200,0.209132371,1.200000000,0.015111500
1784881114.757094622,3.490000138,1.350090621,0.210217987,1.200000000,0.015026027
1784881114.767094612,3.500000138,1.357496716,0.211304730,1.200000000,0.014942433
1784881114.777094603,3.510000138,1.364906267,0.212392553,1.200000000,0.014860810
1784881114.787094593,3.520000138,1.372319059,0.213481408,1.200000000,0.014781248
1784881114.797094584,3.530000138,1.379734873,0.214571246,1.200000000,0.014703839
1784881114.807094574,3.540000138,1.387153494,0.215662017,1.200000000,0.014628674
1784881114.817094564,3.550000138,1.394574704,0.216753670,1.200000000,0.014555843
1784881114.827094555,3.560000138,1.401998286,0.217846156,1.200000000,0.014485439
1784881114.837094545,3.570000138,1.409424026,0.218939422,1.200000000,0.014417551
1784881114.847094536,3.580000138,1.416851706,0.220033418,1.200000000,0.014352271
1784881114.857094526,3.590000138,1.424281113,0.221128089,1.200000000,0.014289690
1784881114.867094517,3.600000138,1.431712031,0.222223383,1.200000000,0.014229900
1784881114.877094507,3.610000138,1.439144247,0.223319246,1.200000000,0.014172990
1784881114.887094498,3.620000138,1.446577547,0.224415624,1.200000000,0.014119054
1784881114.897094488,3.630000138,1.454011720,0.225512461,1.200000000,0.014068180
1784881114.907094479,3.640000138,1.461446553,0.226609703,1.200000000,0.014020461
1784881114.917094469,3.650000138,1.468881837,0.227707292,1.200000000,0.013975988
1784881114.927094460,3.660000138,1.476317361,0.228805173,1.200000000,0.013934851
1784881114.937094450,3.670000138,1.483752919,0.229903288,1.200000000,0.013897142
1784881114.947094440,3.680000138,1.491188301,0.231001579,1.200000000,0.013862952
1784881114.957094431,3.690000138,1.498623303,0.232099988,1.200000000,0.013832371
1784881114.967094421,3.700000138,1.506057721,0.233198457,1.200000000,0.013805492
1784881114.977094412,3.710000138,1.513491350,0.234296925,1.200000000,0.013782405
1784881114.987094402,3.720000138,1.520923989,0.235395332,1.200000000,0.013763201
1784881114.997094393,3.730000138,1.528355439,0.236493619,1.200000000,0.013747971
1784881115.007094622,3.740000138,1.535785500,0.237591724,1.200000000,0.013736806
1784881115.017094612,3.750000138,1.543213975,0.238689586,1.200000000,0.013729798
1784881115.027094603,3.760000138,1.550640670,0.239787143,1.200000000,0.013727037
1784881115.037094593,3.770000138,1.558065391,0.240884332,1.200000000,0.013728615
1784881115.047094584,3.780000138,1.565487946,0.241981091,1.200000000,0.013734623
1784881115.057094574,3.790000138,1.572908145,0.243077355,1.200000000,0.013745151
1784881115.067094564,3.800000138,1.580325802,0.244173061,1.200000000,0.013760291
1784881115.077094555,3.810000138,1.587740730,0.245268145,1.200000000,0.013780134
1784881115.087094545,3.820000138,1.595152746,0.246362541,1.200000000,0.013804771
1784881115.097094536,3.830000138,1.602561667,0.247456185,1.200000000,0.013834293
1784881115.107094526,3.840000138,1.609967316,0.248549010,1.200000000,0.013868791
1784881115.117094517,3.850000138,1.617369515,0.249640950,1.200000000,0.013908357
1784881115.127094507,3.860000138,1.624768088,0.250731938,1.200000000,0.013953080
1784881115.137094498,3.870000138,1.632162865,0.251821908,1.200000000,0.014003053
1784881115.147094488,3.880000138,1.639553674,0.252910792,1.200000000,0.014058367
1784881115.157094479,3.890000138,1.646940347,0.253998522,1.200000000,0.014119088
1784881115.167094469,3.900000138,1.654322721,0.255085029,1.200000000,0.014185125
1784881115.177094460,3.910000138,1.661700632,0.256170244,1.200000000,0.014256324
1784881115.187094450,3.920000138,1.669073920,0.257254099,1.200000000,0.014332531
1784881115.197094440,3.930000138,1.676442427,0.258336524,1.200000000,0.014413591
1784881115.207094431,3.940000138,1.683805999,0.259417448,1.200000000,0.014499351
1784881115.217094421,3.950000138,1.691164484,0.260496802,1.200000000,0.014589655
1784881115.227094412,3.960000138,1.698517731,0.261574514,1.200000000,0.014684349
1784881115.237094402,3.970000138,1.705865594,0.262650514,1.200000000,0.014783279
1784881115.247094393,3.980000138,1.713207930,0.263724730,1.200000000,0.014886290
1784881115.257094622,3.990000138,1.720544596,0.264797090,1.200000000,0.014993229
1784881115.267094612,4.000000138,1.727875455,0.265867522,1.200000000,0.015103940
1784881115.277094603,4.010000138,1.735200370,0.266935953,1.200000000,0.015218269
1784881115.287094593,4.020000138,1.742519209,0.268002311,1.200000000,0.015336063
1784881115.297094584,4.030000138,1.749831843,0.269066522,1.200000000,0.015457165
1784881115.307094574,4.040000138,1.757138143,0.270128513,1.200000000,0.015581423
1784881115.317094564,4.050000138,1.764437987,0.271188209,1.200000000,0.015708682
1784881115.327094555,4.060000138,1.771731253,0.272245537,1.200000000,0.015838787
1784881115.337094545,4.070000138,1.779017822,0.273300423,1.200000000,0.015971585
1784881115.347094536,4.080000138,1.786297581,0.274352791,1.200000000,0.016106919
1784881115.357094526,4.090000138,1.793570415,0.275402566,1.200000000,0.016244637
1784881115.367094517,4.100000138,1.800836217,0.276449673,1.200000000,0.016384584
1784881115.377094507,4.110000138,1.808094881,0.277494036,1.200000000,0.016526606
1784881115.387094498,4.120000138,1.815346302,0.278535580,1.200000000,0.016670547
1784881115.397094488,4.130000138,1.822590381,0.279574227,1.200000000,0.016816254
1784881115.407094479,4.140000138,1.829827021,0.280609903,1.200000000,0.016963573
1784881115.417094469,4.150000138,1.837056128,0.281642530,1.200000000,0.017112348
1784881115.427094460,4.160000138,1.844277610,0.282672030,1.200000000,0.017262426
1784881115.437094450,4.170000138,1.851491380,0.283698328,1.200000000,0.017413652
1784881115.447094440,4.180000138,1.858697352,0.284721345,1.200000000,0.017565872
1784881115.457094431,4.190000138,1.865895446,0.285741004,1.200000000,0.017718931
1784881115.467094421,4.200000138,1.873085582,0.286757227,1.200000000,0.017872675
1784881115.477094412,4.210000138,1.880267683,0.287769936,1.200000000,0.018026950
1784881115.487094402,4.220000138,1.887441678,0.288779052,1.200000000,0.018181601
1784881115.497094393,4.230000138,1.894607497,0.289784498,1.200000000,0.018336474
1784881115.507094622,4.240000138,1.901765073,0.290786194,1.200000000,0.018491415
1784881115.517094612,4.250000138,1.908914342,0.291784061,1.200000000,0.018646269
1784881115.527094603,4.260000138,1.916055244,0.292778021,1.200000000,0.018800881
1784881115.537094593,4.270000138,1.923187720,0.293767994,1.200000000,0.018955098
1784881115.547094584,4.280000138,1.930311717,0.294753901,1.200000000,0.019108764
1784881115.557094574,4.290000138,1.937427183,0.295735662,1.200000000,0.019261727
1784881115.567094564,4.300000138,1.944534068,0.296713198,1.200000000,0.019413830
1784881115.577094555,4.310000138,1.951632327,0.297686428,1.200000000,0.019564920
1784881115.587094545,4.320000138,1.958721918,0.298655273,1.200000000,0.019714843
1784881115.597094536,4.330000138,1.965802800,0.299619653,1.200000000,0.019863444
1784881115.607094526,4.340000138,1.972874936,0.300579486,1.200000000,0.020010568
1784881115.617094517,4.350000138,1.979938292,0.301534694,1.200000000,0.020156062
1784881115.627094507,4.360000138,1.986992837,0.302485195,1.200000000,0.020299770
1784881115.637094498,4.370000138,1.994038543,0.303430908,1.200000000,0.020441539
1784881115.647094488,4.380000138,2.001075384,0.304371753,1.200000000,0.020581215
1784881115.657094479,4.390000138,2.008103336,0.305307650,1.200000000,0.020718641
1784881115.667094469,4.400000138,2.015122382,0.306238516,1.200000000,0.020853666
1784881115.677094460,4.410000138,2.022132502,0.307164272,1.200000000,0.020986133
1784881115.687094450,4.420000138,2.029133682,0.308084835,1.200000000,0.021115889
1784881115.697094440,4.430000138,2.036125912,0.309000126,1.200000000,0.021242779
1784881115.707094431,4.440000138,2.043109181,0.309910062,1.200000000,0.021366649
1784881115.717094421,4.450000138,2.050083483,0.310814562,1.200000000,0.021487344
1784881115.727094412,4.460000138,2.057048815,0.311713546,1.200000000,0.021604711
1784881115.737094402,4.470000138,2.064005176,0.312606931,1.200000000,0.021718594
1784881115.747094393,4.480000138,2.070952566,0.313494636,1.200000000,0.021828839
1784881115.757094622,4.490000138,2.077890991,0.314376580,1.200000000,0.021935293
1784881115.767094612,4.500000138,2.084820455,0.315252681,1.200000000,0.022037800
1784881115.777094603,4.510000138,2.091740969,0.316122858,1.200000000,0.022136206
1784881115.787094593,4.520000138,2.098652544,0.316987029,1.200000000,0.022230356
1784881115.797094584,4.530000138,2.105555193,0.317845112,1.200000000,0.022320098
1784881115.807094574,4.540000138,2.112448933,0.318697027,1.200000000,0.022405275
1784881115.817094564,4.550000138,2.119333783,0.319542691,1.200000000,0.022485734
1784881115.827094555,4.560000138,2.126209763,0.320382023,1.200000000,0.022561320
1784881115.837094545,4.570000138,2.133076896,0.321214942,1.200000000,0.022631879
1784881115.847094536,4.580000138,2.139935209,0.322041366,1.200000000,0.022697256
1784881115.857094526,4.590000138,2.146784729,0.322861213,1.200000000,0.022757297
1784881115.867094517,4.600000138,2.153625485,0.323674402,1.200000000,0.022811849
1784881115.877094507,4.610000138,2.160457510,0.324480852,1.200000000,0.022860755
1784881115.887094498,4.620000138,2.167280837,0.325280482,1.200000000,0.022903863
1784881115.897094488,4.630000138,2.174095504,0.326073210,1.200000000,0.022941017
1784881115.907094479,4.640000138,2.180901548,0.326858954,1.200000000,0.022972063
1784881115.917094469,4.650000138,2.187699009,0.327637634,1.200000000,0.022996847
1784881115.927094460,4.660000138,2.194487930,0.328409169,1.200000000,0.023015214
1784881115.937094450,4.670000138,2.201268355,0.329173478,1.200000000,0.023027010
1784881115.947094440,4.680000138,2.208040329,0.329930479,1.200000000,0.023032081
1784881115.957094431,4.690000138,2.214803901,0.330680092,1.200000000,0.023030273
1784881115.967094421,4.700000138,2.221559120,0.331422236,1.200000000,0.023021430
1784881115.977094412,4.710000138,2.228306036,0.332156831,1.200000000,0.023005399
1784881115.987094402,4.720000138,2.235044705,0.332883796,1.200000000,0.022982024
1784881115.997094393,4.730000138,2.241775179,0.333603050,1.200000000,0.022951153
1784881116.007094622,4.740000138,2.248497515,0.334314514,1.200000000,0.022912630
1784881116.017094612,4.750000138,2.255211771,0.335018106,1.200000000,0.022866301
1784881116.027094603,4.760000138,2.261918007,0.335713748,1.200000000,0.022812011
1784881116.037094593,4.770000138,2.268616284,0.336401358,1.200000000,0.022749607
1784881116.047094584,4.780000138,2.275306663,0.337080858,1.200000000,0.022678933
1784881116.057094574,4.790000138,2.281989209,0.337752168,1.200000000,0.022599836
1784881116.067094564,4.800000138,2.288663986,0.338415208,1.200000000,0.022512161
1784881116.077094555,4.810000138,2.295331062,0.339069899,1.200000000,0.022415753
1784881116.087094545,4.820000138,2.301990503,0.339716162,1.200000000,0.022310459
1784881116.097094536,4.830000138,2.308642380,0.340353917,1.200000000,0.022196124
1784881116.107094526,4.840000138,2.315286761,0.340983087,1.200000000,0.022072593
1784881116.117094517,4.850000138,2.321923718,0.341603593,1.200000000,0.021939713
1784881116.127094507,4.860000138,2.328553324,0.342215355,1.200000000,0.021797328
1784881116.137094498,4.870000138,2.335175652,0.342818296,1.200000000,0.021645284
1784881116.147094488,4.880000138,2.341790777,0.343412339,1.200000000,0.021483428
1784881116.157094479,4.890000138,2.348398773,0.343997404,1.200000000,0.021311604
1784881116.167094469,4.900000138,2.354999717,0.344573415,1.200000000,0.021129658
1784881116.177094460,4.910000138,2.361593687,0.345140294,1.200000000,0.020937437
1784881116.187094450,4.920000138,2.368180759,0.345697964,1.200000000,0.020734784
1784881116.197094440,4.930000138,2.374761014,0.346246348,1.200000000,0.020521547
1784881116.207094431,4.940000138,2.381334530,0.346785369,1.200000000,0.020297570
1784881116.217094421,4.950000138,2.387901389,0.347314952,1.200000000,0.020062700
1784881116.227094412,4.960000138,2.394461669,0.347835019,1.200000000,0.019816782
1784881116.237094402,4.970000138,2.401015454,0.348345494,1.200000000,0.019559661
1784881116.247094393,4.980000138,2.407562825,0.348846303,1.200000000,0.019291183
1784881116.257094622,4.990000138,2.414103864,0.349337369,1.200000000,0.019011194
1784881116.267094612,5.000000138,2.420638655,0.349818618,1.200000000,0.018719540
1784881116.277094603,5.010000138,2.427167281,0.350289975,1.200000000,0.018416065
1784881116.287094593,5.020000138,2.433689826,0.350751364,1.200000000,0.018100616
1784881116.297094584,5.030000138,2.440206374,0.351202712,1.200000000,0.017773039
1784881116.307094574,5.040000138,2.446717009,0.351643945,1.200000000,0.017433178
1784881116.317094564,5.050000138,2.453221816,0.352074988,1.200000000,0.017080880
1784881116.327094555,5.060000138,2.459720881,0.352495768,1.200000000,0.016715990
1784881116.337094545,5.070000138,2.466214287,0.352906213,1.200000000,0.016338353
1784881116.347094536,5.080000138,2.472702120,0.353306249,1.200000000,0.015947816
1784881116.357094526,5.090000138,2.479184466,0.353695804,1.200000000,0.015544224
1784881116.367094517,5.100000138,2.485661410,0.354074806,1.200000000,0.015127422
1784881116.377094507,5.110000138,2.492133037,0.354443182,1.200000000,0.014697257
1784881116.387094498,5.120000138,2.498599432,0.354800861,1.200000000,0.014253573
1784881116.397094488,5.130000138,2.505060681,0.355147772,1.200000000,0.013796217
1784881116.407094479,5.140000138,2.511516868,0.355483844,1.200000000,0.013325034
1784881116.417094469,5.150000138,2.517968079,0.355809007,1.200000000,0.012839869
1784881116.427094460,5.160000138,2.524414398,0.356123190,1.200000000,0.012340569
1784881116.437094450,5.170000138,2.530855909,0.356426323,1.200000000,0.011826979
1784881116.447094440,5.180000138,2.537292698,0.356718337,1.200000000,0.011298944
1784881116.457094431,5.190000138,2.543724846,0.356999163,1.200000000,0.010756310
1784881116.467094421,5.200000138,2.550152439,0.357268732,1.200000000,0.010198923
1784881116.477094412,5.210000138,2.556575558,0.357526975,1.200000000,0.009626628
1784881116.487094402,5.220000138,2.562994288,0.357773825,1.200000000,0.009039271
1784881116.497094393,5.230000138,2.569408709,0.358009214,1.200000000,0.008436698
1784881116.507094622,5.240000138,2.575818904,0.358233075,1.200000000,0.007818754
1784881116.517094612,5.250000138,2.582224953,0.358445340,1.200000000,0.007185285
1784881116.527094603,5.260000138,2.588626938,0.358645944,1.200000000,0.006536137
1784881116.537094593,5.270000138,2.595024937,0.358834820,1.200000000,0.005871154
1784881116.547094584,5.280000138,2.601419032,0.359011903,1.200000000,0.005190183
1784881116.557094574,5.290000138,2.607809299,0.359177128,1.200000000,0.004493069
1784881116.567094564,5.300000138,2.614195817,0.359330428,1.200000000,0.003779659
1784881116.577094555,5.310000138,2.620578664,0.359471741,1.200000000,0.003049796
1784881116.587094545,5.320000138,2.626957915,0.359601002,1.200000000,0.002303328
1784881116.597094536,5.330000138,2.633333647,0.359718148,1.200000000,0.001540100
1784881116.607094526,5.340000138,2.639705933,0.359823115,1.200000000,0.000759957
1784881116.617094517,5.350000138,2.646074849,0.359915841,1.200000000,-0.000037255
1784881116.627094507,5.360000138,2.652440467,0.359996263,1.200000000,-0.000851690
1784881116.637094498,5.370000138,2.658802859,0.360064320,1.200000000,-0.001683503
1784881116.647094488,5.380000138,2.665162097,0.360119949,1.200000000,-0.002532840
1784881116.657094479,5.390000138,2.671518250,0.360163091,1.200000000,-0.003399701
1784881116.667094469,5.400000138,2.677871388,0.360193685,1.200000000,-0.004283955
1784881116.677094460,5.410000138,2.684221580,0.360211671,1.200000000,-0.005185471
1784881116.687094450,5.420000138,2.690568892,0.360216988,1.200000000,-0.006104115
1784881116.697094440,5.430000138,2.696913391,0.360209579,1.200000000,-0.007039755
1784881116.707094431,5.440000138,2.703255142,0.360189384,1.200000000,-0.007992258
1784881116.717094421,5.450000138,2.709594208,0.360156345,1.200000000,-0.008961490
1784881116.727094412,5.460000138,2.715930654,0.360110405,1.200000000,-0.009947318
1784881116.737094402,5.470000138,2.722264540,0.360051506,1.200000000,-0.010949611
1784881116.747094393,5.480000138,2.728595927,0.359979591,1.200000000,-0.011968234
1784881116.757094622,5.490000138,2.734924875,0.359894605,1.200000000,-0.013003055
1784881116.767094612,5.500000138,2.741251443,0.359796492,1.200000000,-0.014053941
1784881116.777094603,5.510000138,2.747575686,0.359685196,1.200000000,-0.015120759
1784881116.787094593,5.520000138,2.753897661,0.359560662,1.200000000,-0.016203375
1784881116.797094584,5.530000138,2.760217423,0.359422837,1.200000000,-0.017301658
1784881116.807094574,5.540000138,2.766535024,0.359271666,1.200000000,-0.018415474
1784881116.817094564,5.550000138,2.772850519,0.359107097,1.200000000,-0.019544690
1784881116.827094555,5.560000138,2.779163956,0.358929076,1.200000000,-0.020689174
1784881116.837094545,5.570000138,2.785475386,0.358737552,1.200000000,-0.021848791
1784881116.847094536,5.580000138,2.791784857,0.358532472,1.200000000,-0.023023410
1784881116.857094526,5.590000138,2.798092416,0.358313786,1.200000000,-0.024212897
1784881116.867094517,5.600000138,2.804398109,0.358081443,1.200000000,-0.025417120
1784881116.877094507,5.610000138,2.810701980,0.357835393,1.200000000,-0.026635945
1784881116.887094498,5.620000138,2.817004072,0.357575585,1.200000000,-0.027869239
1784881116.897094488,5.630000138,2.823304428,0.357301972,1.200000000,-0.029116870
1784881116.907094479,5.640000138,2.829603088,0.357014504,1.200000000,-0.030378705
1784881116.917094469,5.650000138,2.835900090,0.356713134,1.200000000,-0.031654611
1784881116.927094460,5.660000138,2.842195473,0.356397814,1.200000000,-0.032944454
1784881116.937094450,5.670000138,2.848489272,0.356068497,1.200000000,-0.034248102
1784881116.947094440,5.680000138,2.854781524,0.355725137,1.200000000,-0.035565421
1784881116.957094431,5.690000138,2.861072261,0.355367689,1.200000000,-0.036896280
1784881116.967094421,5.700000138,2.867361517,0.354996105,1.200000000,-0.038240545
1784881116.977094412,5.710000138,2.873649321,0.354610344,1.200000000,-0.039598082
1784881116.987094402,5.720000138,2.879935705,0.354210359,1.200000000,-0.040968760
1784881116.997094393,5.730000138,2.886220695,0.353796107,1.200000000,-0.042352444
1784881117.007094622,5.740000138,2.892504319,0.353367546,1.200000000,-0.043749003
1784881117.017094612,5.750000138,2.898786603,0.352924633,1.200000000,-0.045158303
1784881117.027094603,5.760000138,2.905067570,0.352467326,1.200000000,-0.046580212
1784881117.037094593,5.770000138,2.911347244,0.351995584,1.200000000,-0.048014595
1784881117.047094584,5.780000138,2.917625646,0.351509366,1.200000000,-0.049461321
1784881117.057094574,5.790000138,2.923902796,0.351008631,1.200000000,-0.050920257
1784881117.067094564,5.800000138,2.930178712,0.350493342,1.200000000,-0.052391269
1784881117.077094555,5.810000138,2.936453414,0.349963457,1.200000000,-0.053874224
1784881117.087094545,5.820000138,2.942726915,0.349418940,1.200000000,-0.055368990
1784881117.097094536,5.830000138,2.948999232,0.348859752,1.200000000,-0.056875434
1784881117.107094526,5.840000138,2.955270377,0.348285855,1.200000000,-0.058393422
1784881117.117094517,5.850000138,2.961540363,0.347697214,1.200000000,-0.059922822
1784881117.127094507,5.860000138,2.967809201,0.347093793,1.200000000,-0.061463501
1784881117.137094498,5.870000138,2.974076900,0.346475555,1.200000000,-0.063015325
1784881117.147094488,5.880000138,2.980343467,0.345842466,1.200000000,-0.064578163
1784881117.157094479,5.890000138,2.986608911,0.345194492,1.200000000,-0.066151880
1784881117.167094469,5.900000138,2.992873236,0.344531598,1.200000000,-0.067736345
1784881117.177094460,5.910000138,2.999136447,0.343853753,1.200000000,-0.069331423
1784881117.187094450,5.920000138,3.005398548,0.343160924,1.200000000,-0.070936983
1784881117.197094440,5.930000138,3.011659538,0.342453078,1.200000000,-0.072552891
1784881117.207094431,5.940000138,3.017919420,0.341730185,1.200000000,-0.074179014
1784881117.217094421,5.950000138,3.024178193,0.340992213,1.200000000,-0.075815219
1784881117.227094412,5.960000138,3.030435854,0.340239134,1.200000000,-0.077461374
1784881117.237094402,5.970000138,3.036692401,0.339470917,1.200000000,-0.079117345
1784881117.247094393,5.980000138,3.042947828,0.338687534,1.200000000,-0.080782999
1784881117.257094622,5.990000138,3.049202131,0.337888956,1.200000000,-0.082458204
1784881117.267094612,6.000000138,3.055455303,0.337075157,1.200000000,-0.084142826
1784881117.277094603,6.010000138,3.061707335,0.336246109,1.200000000,-0.085836733
1784881117.287094593,6.020000138,3.067958219,0.335401785,1.200000000,-0.087539792
1784881117.297094584,6.030000138,3.074207945,0.334542161,1.200000000,-0.089251869
1784881117.307094574,6.040000138,3.080456500,0.333667211,1.200000000,-0.090972832
1784881117.317094564,6.050000138,3.086703874,0.332776911,1.200000000,-0.092702548
1784881117.327094555,6.060000138,3.092950051,0.331871236,1.200000000,-0.094440884
1784881117.337094545,6.070000138,3.099195018,0.330950165,1.200000000,-0.096187706
1784881117.347094536,6.080000138,3.105438759,0.330013674,1.200000000,-0.097942883
1784881117.357094526,6.090000138,3.111681256,0.329061742,1.200000000,-0.099706280
1784881117.367094517,6.100000138,3.117922493,0.328094346,1.200000000,-0.101477766
1784881117.377094507,6.110000138,3.124162451,0.327111467,1.200000000,-0.103257207
1784881117.387094498,6.120000138,3.130401109,0.326113085,1.200000000,-0.105044470
1784881117.397094488,6.130000138,3.136638446,0.325099181,1.200000000,-0.106839422
1784881117.407094479,6.140000138,3.142874442,0.324069734,1.200000000,-0.108641930
1784881117.417094469,6.150000138,3.149109073,0.323024729,1.200000000,-0.110451862
1784881117.427094460,6.160000138,3.155342315,0.321964147,1.200000000,-0.112269084
1784881117.437094450,6.170000138,3.161574144,0.320887971,1.200000000,-0.114093464
1784881117.447094440,6.180000138,3.167804535,0.319796185,1.200000000,-0.115924868
1784881117.457094431,6.190000138,3.174033461,0.318688774,1.200000000,-0.117763163
1784881117.467094421,6.200000138,3.180260895,0.317565723,1.200000000,-0.119608217
1784881117.477094412,6.210000138,3.186486809,0.316427018,1.200000000,-0.121459897
1784881117.487094402,6.220000138,3.192711173,0.315272645,1.200000000,-0.123318069
1784881117.497094393,6.230000138,3.198933959,0.314102592,1.200000000,-0.125182602
1784881117.507094622,6.240000138,3.205155136,0.312916846,1.200000000,-0.127053361
1784881117.517094612,6.250000138,3.211374672,0.311715395,1.200000000,-0.128930214
1784881117.527094603,6.260000138,3.217592535,0.310498229,1.200000000,-0.130813027
1784881117.537094593,6.270000138,3.223808694,0.309265338,1.200000000,-0.132701669
1784881117.547094584,6.280000138,3.230023113,0.308016711,1.200000000,-0.134596006
1784881117.557094574,6.290000138,3.236235760,0.306752341,1.200000000,-0.136495905
1784881117.567094564,6.300000138,3.242446600,0.305472217,1.200000000,-0.138401233
1784881117.577094555,6.310000138,3.248655596,0.304176334,1.200000000,-0.140311857
1784881117.587094545,6.320000138,3.254862714,0.302864684,1.200000000,-0.142227644
1784881117.597094536,6.330000138,3.261067916,0.301537260,1.200000000,-0.144148462
1784881117.607094526,6.340000138,3.267271165,0.300194057,1.200000000,-0.146074177
1784881117.617094517,6.350000138,3.273472423,0.298835070,1.200000000,-0.148004656
1784881117.627094507,6.360000138,3.279671653,0.297460295,1.200000000,-0.149939767
1784881117.637094498,6.370000138,3.285868815,0.296069727,1.200000000,-0.151879376
1784881117.647094488,6.380000138,3.292063869,0.294663364,1.200000000,-0.153823351
1784881117.657094479,6.390000138,3.298256777,0.293241204,1.200000000,-0.155771559
1784881117.667094469,6.400000138,3.304447498,0.291803244,1.200000000,-0.157723866
1784881117.677094460,6.410000138,3.310635991,0.290349484,1.200000000,-0.159680140
1784881117.687094450,6.420000138,3.316822215,0.288879924,1.200000000,-0.161640247
1784881117.697094440,6.430000138,3.323006128,0.287394563,1.200000000,-0.163604055
1784881117.707094431,6.440000138,3.329187690,0.285893402,1.200000000,-0.165571432
1784881117.717094421,6.450000138,3.335366857,0.284376444,1.200000000,-0.167542243
1784881117.727094412,6.460000138,3.341543587,0.282843690,1.200000000,-0.169516356
1784881117.737094402,6.470000138,3.347717838,0.281295143,1.200000000,-0.171493638
1784881117.747094393,6.480000138,3.353889565,0.279730808,1.200000000,-0.173473956
1784881117.757094622,6.490000138,3.360058727,0.278150687,1.200000000,-0.175457178
1784881117.767094612,6.500000138,3.366225280,0.276554787,1.200000000,-0.177443169
1784881117.777094603,6.510000138,3.372389178,0.274943112,1.200000000,-0.179431798
1784881117.787094593,6.520000138,3.378550380,0.273315669,1.200000000,-0.181422931
1784881117.797094584,6.530000138,3.384708840,0.271672465,1.200000000,-0.183416435
1784881117.807094574,6.540000138,3.390864515,0.270013508,1.200000000,-0.185412178
1784881117.817094564,6.550000138,3.397017360,0.268338805,1.200000000,-0.187410027
1784881117.827094555,6.560000138,3.403167330,0.266648366,1.200000000,-0.189409847
1784881117.837094545,6.570000138,3.409314381,0.264942200,1.200000000,-0.191411508
1784881117.847094536,6.580000138,3.415458469,0.263220317,1.200000000,-0.193414874
1784881117.857094526,6.590000138,3.421599548,0.261482729,1.200000000,-0.195419815
1784881117.867094517,6.600000138,3.427737575,0.259729446,1.200000000,-0.197426196
1784881117.877094507,6.610000138,3.433872504,0.257960482,1.200000000,-0.199433885
1784881117.887094498,6.620000138,3.440004291,0.256175849,1.200000000,-0.201442749
1784881117.897094488,6.630000138,3.446132892,0.254375560,1.200000000,-0.203452655
1784881117.907094479,6.640000138,3.452258262,0.252559630,1.200000000,-0.205463470
1784881117.917094469,6.650000138,3.458380356,0.250728074,1.200000000,-0.207475060
1784881117.927094460,6.660000138,3.464499131,0.248880907,1.200000000,-0.209487294
1784881117.937094450,6.670000138,3.470614542,0.247018146,1.200000000,-0.211500038
1784881117.947094440,6.680000138,3.476726545,0.245139807,1.200000000,-0.213513159
1784881117.957094431,6.690000138,3.482835097,0.243245907,1.200000000,-0.215526524
1784881117.967094421,6.700000138,3.488940155,0.241336466,1.200000000,-0.217540000
1784881117.977094412,6.710000138,3.495041674,0.239411502,1.200000000,-0.219553455
1784881117.987094402,6.720000138,3.501139611,0.237471034,1.200000000,-0.221566755
1784881117.997094393,6.730000138,3.507233925,0.235515083,1.200000000,-0.223579767
1784881118.007094622,6.740000138,3.513324572,0.233543669,1.200000000,-0.225592359
1784881118.017094612,6.750000138,3.519411509,0.231556814,1.200000000,-0.227604397
1784881118.027094603,6.760000138,3.525494697,0.229554540,1.200000000,-0.229615749
1784881118.037094593,6.770000138,3.531574091,0.227536871,1.200000000,-0.231626282
1784881118.047094584,6.780000138,3.537649653,0.225503829,1.200000000,-0.233635862
1784881118.057094574,6.790000138,3.543721340,0.223455438,1.200000000,-0.235644357
1784881118.067094564,6.800000138,3.549789112,0.221391723,1.200000000,-0.237651633
1784881118.077094555,6.810000138,3.555852929,0.219312711,1.200000000,-0.239657559
1784881118.087094545,6.820000138,3.561912752,0.217218426,1.200000000,-0.241662000
1784881118.097094536,6.830000138,3.567968542,0.215108896,1.200000000,-0.243664825
1784881118.107094526,6.840000138,3.574020259,0.212984148,1.200000000,-0.245665899
1784881118.117094517,6.850000138,3.580067866,0.210844210,1.200000000,-0.247665090
1784881118.127094507,6.860000138,3.586111326,0.208689111,1.200000000,-0.249662266
1784881118.137094498,6.870000138,3.592150601,0.206518880,1.200000000,-0.251657292
1784881118.147094488,6.880000138,3.598185654,0.204333548,1.200000000,-0.253650037
1784881118.157094479,6.890000138,3.604216449,0.202133144,1.200000000,-0.255640367
1784881118.167094469,6.900000138,3.610242952,0.199917700,1.200000000,-0.257628150
1784881118.177094460,6.910000138,3.616265127,0.197687249,1.200000000,-0.259613251
1784881118.187094450,6.920000138,3.622282940,0.195441822,1.200000000,-0.261595539
1784881118.197094440,6.930000138,3.628296357,0.193181453,1.200000000,-0.263574881
1784881118.207094431,6.940000138,3.634305346,0.190906176,1.200000000,-0.265551143
1784881118.217094421,6.950000138,3.640309873,0.188616026,1.200000000,-0.267524193
1784881118.227094412,6.960000138,3.646309909,0.186311037,1.200000000,-0.269493897
1784881118.237094402,6.970000138,3.652305420,0.183991245,1.200000000,-0.271460123
1784881118.247094393,6.980000138,3.658296378,0.181656688,1.200000000,-0.273422738
1784881118.257094622,6.990000138,3.664282753,0.179307401,1.200000000,-0.275381608
1784881118.267094612,7.000000138,3.670264515,0.176943423,1.200000000,-0.277336602
1784881118.277094603,7.010000138,3.676241637,0.174564792,1.200000000,-0.279287585
1784881118.287094593,7.020000138,3.682214090,0.172171548,1.200000000,-0.281234425
1784881118.297094584,7.030000138,3.688181850,0.169763729,1.200000000,-0.283176989
1784881118.307094574,7.040000138,3.694144889,0.167341376,1.200000000,-0.285115144
1784881118.317094564,7.050000138,3.700103183,0.164904530,1.200000000,-0.287048774
1784881118.327094555,7.060000138,3.706056707,0.162453233,1.200000000,-0.288977856
1784881118.337094545,7.070000138,3.712005438,0.159987526,1.200000000,-0.290902395
1784881118.347094536,7.080000138,3.717949353,0.157507453,1.200000000,-0.292822400
1784881118.357094526,7.090000138,3.723888430,0.155013057,1.200000000,-0.294737876
1784881118.367094517,7.100000138,3.729822648,0.152504382,1.200000000,-0.296648832
1784881118.377094507,7.110000138,3.735751988,0.149981472,1.200000000,-0.298555274
1784881118.387094498,7.120000138,3.741676428,0.147444374,1.200000000,-0.300457209
1784881118.397094488,7.130000138,3.747595952,0.144893133,1.200000000,-0.302354644
1784881118.407094479,7.140000138,3.753510541,0.142327795,1.200000000,-0.304247587
1784881118.417094469,7.150000138,3.759420178,0.139748407,1.200000000,-0.306136043
1784881118.427094460,7.160000138,3.765324848,0.137155019,1.200000000,-0.308020021
1784881118.437094450,7.170000138,3.771224535,0.134547677,1.200000000,-0.309899527
1784881118.447094440,7.180000138,3.777119226,0.131926430,1.200000000,-0.311774569
1784881118.457094431,7.190000138,3.783008906,0.129291330,1.200000000,-0.313645152
1784881118.467094421,7.200000138,3.788893563,0.126642425,1.200000000,-0.315511285
1784881118.477094412,7.210000138,3.794773187,0.123979767,1.200000000,-0.317372974
1784881118.487094402,7.220000138,3.800647766,0.121303407,1.200000000,-0.319230227
1784881118.497094393,7.230000138,3.806517290,0.118613397,1.200000000,-0.321083049
1784881118.507094622,7.240000138,3.812381750,0.115909789,1.200000000,-0.322931449
1784881118.517094612,7.250000138,3.818241140,0.113192638,1.200000000,-0.324775434
1784881118.527094603,7.260000138,3.824095451,0.110461997,1.200000000,-0.326615010
1784881118.537094593,7.270000138,3.829944677,0.107717920,1.200000000,-0.328450184
1784881118.547094584,7.280000138,3.835788814,0.104960463,1.200000000,-0.330280964
1784881118.557094574,7.290000138,3.841627857,0.102189681,1.200000000,-0.332107356
1784881118.567094564,7.300000138,3.847461802,0.099405631,1.200000000,-0.333929367
1784881118.577094555,7.310000138,3.853290647,0.096608369,1.200000000,-0.335747005
1784881118.587094545,7.320000138,3.859114391,0.093797952,1.200000000,-0.337560276
1784881118.597094536,7.330000138,3.864933033,0.090974440,1.200000000,-0.339369188
1784881118.607094526,7.340000138,3.870746574,0.088137890,1.200000000,-0.341173747
1784881118.617094517,7.350000138,3.876555013,0.085288362,1.200000000,-0.342973961
1784881118.627094507,7.360000138,3.882358355,0.082425915,1.200000000,-0.344769837
1784881118.637094498,7.370000138,3.888156600,0.079550611,1.200000000,-0.346561380
1784881118.647094488,7.380000138,3.893949755,0.076662509,1.200000000,-0.348348600
1784881118.657094479,7.390000138,3.899737822,0.073761671,1.200000000,-0.350131502
1784881118.667094469,7.400000138,3.905520809,0.070848160,1.200000000,-0.351910093
1784881118.677094460,7.410000138,3.911298722,0.067922039,1.200000000,-0.353684382
1784881118.687094450,7.420000138,3.917071567,0.064983370,1.200000000,-0.355454373
1784881118.697094440,7.430000138,3.922839355,0.062032217,1.200000000,-0.357220076
1784881118.707094431,7.440000138,3.928602094,0.059068645,1.200000000,-0.358981496
1784881118.717094421,7.450000138,3.934359794,0.056092719,1.200000000,-0.360738640
1784881118.727094412,7.460000138,3.940112466,0.053104504,1.200000000,-0.362491517
1784881118.737094402,7.470000138,3.945860124,0.050104067,1.200000000,-0.364240132
1784881118.747094393,7.480000138,3.951602778,0.047091474,1.200000000,-0.365984493
1784881118.757094622,7.490000138,3.957340444,0.044066792,1.200000000,-0.367724606
1784881118.767094612,7.500000138,3.963073136,0.041030089,1.200000000,-0.369460479
1784881118.777094603,7.510000138,3.968800869,0.037981433,1.200000000,-0.371192119
1784881118.787094593,7.520000138,3.974523660,0.034920894,1.200000000,-0.372919533
1784881118.797094584,7.530000138,3.980241526,0.031848541,1.200000000,-0.374642728
1784881118.807094574,7.540000138,3.985954484,0.028764443,1.200000000,-0.376361710
1784881118.817094564,7.550000138,3.991662555,0.025668672,1.200000000,-0.378076487
1784881118.827094555,7.560000138,3.997365758,0.022561298,1.200000000,-0.379787066
1784881118.837094545,7.570000138,4.003064113,0.019442394,1.200000000,-0.381493454
1784881118.847094536,7.580000138,4.008757641,0.016312030,1.200000000,-0.383195657
1784881118.857094526,7.590000138,4.014446366,0.013170280,1.200000000,-0.384893684
1784881118.867094517,7.600000138,4.020130309,0.010017218,1.200000000,-0.386587540
1784881118.877094507,7.610000138,4.025809496,0.006852916,1.200000000,-0.388277234
1784881118.887094498,7.620000138,4.031483949,0.003677449,1.200000000,-0.389962771
1784881118.897094488,7.630000138,4.037153696,0.000490893,1.200000000,-0.391644159
1784881118.907094479,7.640000138,4.042818761,-0.002706679,1.200000000,-0.393321405
1784881118.917094469,7.650000138,4.048479172,-0.005915189,1.200000000,-0.394994516
1784881118.927094460,7.660000138,4.054134957,-0.009134561,1.200000000,-0.396663499
1784881118.937094450,7.670000138,4.059786144,-0.012364719,1.200000000,-0.398328361
1784881118.947094440,7.680000138,4.065432762,-0.015605585,1.200000000,-0.399989109
1784881118.957094431,7.690000138,4.071074841,-0.018857081,1.200000000,-0.401645750
1784881118.967094421,7.700000138,4.076712411,-0.022119129,1.200000000,-0.403298291
1784881118.977094412,7.710000138,4.082345505,-0.025391650,1.200000000,-0.404946739
1784881118.987094402,7.720000138,4.087974155,-0.028674564,1.200000000,-0.406591102
1784881118.997094393,7.730000138,4.093598391,-0.031967791,1.200000000,-0.408231385
1784881119.007094622,7.740000138,4.099218250,-0.035271250,1.200000000,-0.409867596
1784881119.017094612,7.750000138,4.104833763,-0.038584862,1.200000000,-0.411499743
1784881119.027094603,7.760000138,4.110444967,-0.041908544,1.200000000,-0.413127831
1784881119.037094593,7.770000138,4.116051896,-0.045242214,1.200000000,-0.414751869
1784881119.047094584,7.780000138,4.121654587,-0.048585790,1.200000000,-0.416371863
1784881119.057094574,7.790000138,4.127253076,-0.051939190,1.200000000,-0.417987820
1784881119.067094564,7.800000138,4.132847401,-0.055302328,1.200000000,-0.419599747
1784881119.077094555,7.810000138,4.138437599,-0.058675123,1.200000000,-0.421207652
1784881119.087094545,7.820000138,4.144023709,-0.062057489,1.200000000,-0.422811541
1784881119.097094536,7.830000138,4.149605770,-0.065449341,1.200000000,-0.424411421
1784881119.107094526,7.840000138,4.155183821,-0.068850594,1.200000000,-0.426007299
1784881119.117094517,7.850000138,4.160757904,-0.072261162,1.200000000,-0.427599182
1784881119.127094507,7.860000138,4.166328057,-0.075680959,1.200000000,-0.429187078
1784881119.137094498,7.870000138,4.171894324,-0.079109898,1.200000000,-0.430770993
1784881119.147094488,7.880000138,4.177456745,-0.082547892,1.200000000,-0.432350935
1784881119.157094479,7.890000138,4.183015362,-0.085994854,1.200000000,-0.433926909
1784881119.167094469,7.900000138,4.188570220,-0.089450694,1.200000000,-0.435498924
1784881119.177094460,7.910000138,4.194121360,-0.092915325,1.200000000,-0.437066987
1784881119.187094450,7.920000138,4.199668827,-0.096388658,1.200000000,-0.438631103
1784881119.197094440,7.930000138,4.205212665,-0.099870602,1.200000000,-0.440191282
1784881119.207094431,7.940000138,4.210752919,-0.103361068,1.200000000,-0.441747528
1784881119.217094421,7.950000138,4.216289633,-0.106859966,1.200000000,-0.443299850
1784881119.227094412,7.960000138,4.221822853,-0.110367204,1.200000000,-0.444848255
1784881119.237094402,7.970000138,4.227352625,-0.113882692,1.200000000,-0.446392748
1784881119.247094393,7.980000138,4.232878996,-0.117406338,1.200000000,-0.447933339
1784881119.257094622,7.990000138,4.238402011,-0.120938048,1.200000000,-0.449470033
1784881119.267094612,8.000000138,4.243921719,-0.124477732,1.200000000,-0.451002837
1784881119.277094603,8.010000138,4.249438166,-0.128025296,1.200000000,-0.452531759
1784881119.287094593,8.020000138,4.254951400,-0.131580646,1.200000000,-0.454056805
1784881119.297094584,8.030000138,4.260461470,-0.135143689,1.200000000,-0.455577983
1784881119.307094574,8.040000138,4.265968423,-0.138714330,1.200000000,-0.457095299
1784881119.317094564,8.050000138,4.271472309,-0.142292474,1.200000000,-0.458608761
1784881119.327094555,8.060000138,4.276973176,-0.145878027,1.200000000,-0.460118376
1784881119.337094545,8.070000138,4.282471073,-0.149470892,1.200000000,-0.461624150
1784881119.347094536,8.080000138,4.287966050,-0.153070975,1.200000000,-0.463126091
1784881119.357094526,8.090000138,4.293458158,-0.156678178,1.200000000,-0.464624205
1784881119.367094517,8.100000138,4.298947444,-0.160292405,1.200000000,-0.466118500
1784881119.377094507,8.110000138,4.304433961,-0.163913558,1.200000000,-0.467608983
1784881119.387094498,8.120000138,4.309917758,-0.167541541,1.200000000,-0.469095661
1784881119.397094488,8.130000138,4.315398885,-0.171176254,1.200000000,-0.470578540
1784881119.407094479,8.140000138,4.320877395,-0.174817601,1.200000000,-0.472057628
1784881119.417094469,8.150000138,4.326353336,-0.178465481,1.200000000,-0.473532931
1784881119.427094460,8.160000138,4.331826761,-0.182119796,1.200000000,-0.475004457
1784881119.437094450,8.170000138,4.337297720,-0.185780447,1.200000000,-0.476472213
1784881119.447094440,8.180000138,4.342766266,-0.189447333,1.200000000,-0.477936206
1784881119.457094431,8.190000138,4.348232448,-0.193120355,1.200000000,-0.479396443
1784881119.467094421,8.200000138,4.353696319,-0.196799411,1.200000000,-0.480852930
1784881119.477094412,8.210000138,4.359157931,-0.200484401,1.200000000,-0.482305675
1784881119.487094402,8.220000138,4.364617334,-0.204175223,1.200000000,-0.483754685
1784881119.497094393,8.230000138,4.370074580,-0.207871775,1.200000000,-0.485199967
1784881119.507094622,8.240000138,4.375529722,-0.211573956,1.200000000,-0.486641528
1784881119.517094612,8.250000138,4.380982810,-0.215281663,1.200000000,-0.488079375
1784881119.527094603,8.260000138,4.386433897,-0.218994794,1.200000000,-0.489513514
1784881119.537094593,8.270000138,4.391883034,-0.222713244,1.200000000,-0.490943954
1784881119.547094584,8.280000138,4.397330273,-0.226436911,1.200000000,-0.492370700
1784881119.557094574,8.290000138,4.402775665,-0.230165690,1.200000000,-0.493793760
1784881119.567094564,8.300000138,4.408219262,-0.233899478,1.200000000,-0.495213141
1784881119.577094555,8.310000138,4.413661115,-0.237638170,1.200000000,-0.496628851
1784881119.587094545,8.320000138,4.419101276,-0.241381661,1.200000000,-0.498040895
1784881119.597094536,8.330000138,4.424539797,-0.245129846,1.200000000,-0.499449281
1784881119.607094526,8.340000138,4.429976727,-0.248882619,1.200000000,-0.500854016
1784881119.617094517,8.350000138,4.435412119,-0.252639875,1.200000000,-0.502255107
1784881119.627094507,8.360000138,4.440846023,-0.256401507,1.200000000,-0.503652562
1784881119.637094498,8.370000138,4.446278490,-0.260167409,1.200000000,-0.505046386
1784881119.647094488,8.380000138,4.451709571,-0.263937474,1.200000000,-0.506436587
1784881119.657094479,8.390000138,4.457139316,-0.267711594,1.200000000,-0.507823173
1784881119.667094469,8.400000138,4.462567776,-0.271489664,1.200000000,-0.509206149
1784881119.677094460,8.410000138,4.467994999,-0.275271573,1.200000000,-0.510585524
1784881119.687094450,8.420000138,4.473421037,-0.279057216,1.200000000,-0.511961304
1784881119.697094440,8.430000138,4.478845939,-0.282846483,1.200000000,-0.513333496
1784881119.707094431,8.440000138,4.484269754,-0.286639265,1.200000000,-0.514702107
1784881119.717094421,8.450000138,4.489692532,-0.290435454,1.200000000,-0.516067144
1784881119.727094412,8.460000138,4.495114320,-0.294234941,1.200000000,-0.517428615
1784881119.737094402,8.470000138,4.500535168,-0.298037615,1.200000000,-0.518786526
1784881119.747094393,8.480000138,4.505955124,-0.301843368,1.200000000,-0.520140884
1784881119.757094622,8.490000138,4.511374236,-0.305652089,1.200000000,-0.521491696
1784881119.767094612,8.500000138,4.516792551,-0.309463667,1.200000000,-0.522838969
1784881119.777094603,8.510000138,4.522210117,-0.313277992,1.200000000,-0.524182711
1784881119.787094593,8.520000138,4.527626981,-0.317094954,1.200000000,-0.525522928
1784881119.797094584,8.530000138,4.533043189,-0.320914440,1.200000000,-0.526859627
1784881119.807094574,8.540000138,4.538458787,-0.324736340,1.200000000,-0.528192816
1784881119.817094564,8.550000138,4.543873822,-0.328560542,1.200000000,-0.529522501
1784881119.827094555,8.560000138,4.549288339,-0.332386933,1.200000000,-0.530848689
1784881119.837094545,8.570000138,4.554702382,-0.336215403,1.200000000,-0.532171388
1784881119.847094536,8.580000138,4.560115997,-0.340045837,1.200000000,-0.533490604
1784881119.857094526,8.590000138,4.565529228,-0.343878124,1.200000000,-0.534806344
1784881119.867094517,8.600000138,4.570942117,-0.347712150,1.200000000,-0.536118616
1784881119.877094507,8.610000138,4.576354710,-0.351547803,1.200000000,-0.537427427
1784881119.887094498,8.620000138,4.581767048,-0.355384968,1.200000000,-0.538732782
1784881119.897094488,8.630000138,4.587179175,-0.359223533,1.200000000,-0.540034691
1784881119.907094479,8.640000138,4.592591131,-0.363063383,1.200000000,-0.541333158
1784881119.917094469,8.650000138,4.598002958,-0.366904404,1.200000000,-0.542628192
1784881119.927094460,8.660000138,4.603414698,-0.370746482,1.200000000,-0.543919800
1784881119.937094450,8.670000138,4.608826390,-0.374589502,1.200000000,-0.545207988
1784881119.947094440,8.680000138,4.614238075,-0.378433349,1.200000000,-0.546492764
1784881119.957094431,8.690000138,4.619649791,-0.382277909,1.200000000,-0.547774134
1784881119.967094421,8.700000138,4.625061579,-0.386123066,1.200000000,-0.549052106
1784881119.977094412,8.710000138,4.630473475,-0.389968705,1.200000000,-0.550326686
1784881119.987094402,8.720000138,4.635885518,-0.393814711,1.200000000,-0.551597882
1784881119.997094393,8.730000138,4.641297745,-0.397660966,1.200000000,-0.552865701
1784881120.007094622,8.740000138,4.646710192,-0.401507356,1.200000000,-0.554130149
1784881120.017094612,8.750000138,4.652122896,-0.405353764,1.200000000,-0.555391234
1784881120.027094603,8.760000138,4.657535892,-0.409200074,1.200000000,-0.556648962
1784881120.037094593,8.770000138,4.662949214,-0.413046169,1.200000000,-0.557903341
1784881120.047094584,8.780000138,4.668362897,-0.416891932,1.200000000,-0.559154378
1784881120.057094574,8.790000138,4.673776974,-0.420737247,1.200000000,-0.560402080
1784881120.067094564,8.800000138,4.679191479,-0.424581996,1.200000000,-0.561646453
1784881120.077094555,8.810000138,4.684606443,-0.428426062,1.200000000,-0.562887505
1784881120.087094545,8.820000138,4.690021899,-0.432269327,1.200000000,-0.564125242
1784881120.097094536,8.830000138,4.695437878,-0.436111675,1.200000000,-0.565359673
1784881120.107094526,8.840000138,4.700854409,-0.439952986,1.200000000,-0.566590803
1784881120.117094517,8.850000138,4.706271523,-0.443793144,1.200000000,-0.567818640
1784881120.127094507,8.860000138,4.711689249,-0.447632030,1.200000000,-0.569043191
1784881120.137094498,8.870000138,4.717107614,-0.451469525,1.200000000,-0.570264463
1784881120.147094488,8.880000138,4.722526648,-0.455305512,1.200000000,-0.571482462
1784881120.157094479,8.890000138,4.727946377,-0.459139872,1.200000000,-0.572697196
1784881120.167094469,8.900000138,4.733366827,-0.462972486,1.200000000,-0.573908673
1784881120.177094460,8.910000138,4.738788025,-0.466803235,1.200000000,-0.575116898
1784881120.187094450,8.920000138,4.744209995,-0.470632001,1.200000000,-0.576321879
1784881120.197094440,8.930000138,4.749632761,-0.474458664,1.200000000,-0.577523623
1784881120.207094431,8.940000138,4.755056347,-0.478283105,1.200000000,-0.578722136
1784881120.217094421,8.950000138,4.760480777,-0.482105204,1.200000000,-0.579917427
1784881120.227094412,8.960000138,4.765906072,-0.485924843,1.200000000,-0.581109502
1784881120.237094402,8.970000138,4.771332254,-0.489741901,1.200000000,-0.582298368
1784881120.247094393,8.980000138,4.776759344,-0.493556260,1.200000000,-0.583484031
1784881120.257094622,8.990000138,4.782187362,-0.497367799,1.200000000,-0.584666500
1784881120.267094612,9.000000138,4.787616327,-0.501176398,1.200000000,-0.585845781
1784881120.277094603,9.010000138,4.793046258,-0.504981937,1.200000000,-0.587021880
1784881120.287094593,9.020000138,4.798477173,-0.508784296,1.200000000,-0.588194806
1784881120.297094584,9.030000138,4.803909089,-0.512583355,1.200000000,-0.589364565
1784881120.307094574,9.040000138,4.809342024,-0.516378994,1.200000000,-0.590531164
1784881120.317094564,9.050000138,4.814775991,-0.520171093,1.200000000,-0.591694610
1784881120.327094555,9.060000138,4.820211008,-0.523959530,1.200000000,-0.592854910
1784881120.337094545,9.070000138,4.825647088,-0.527744185,1.200000000,-0.594012071
1784881120.347094536,9.080000138,4.831084245,-0.531524938,1.200000000,-0.595166101
1784881120.357094526,9.090000138,4.836522491,-0.535301668,1.200000000,-0.596317005
1784881120.367094517,9.100000138,4.841961840,-0.539074255,1.200000000,-0.597464792
1784881120.377094507,9.110000138,4.847402303,-0.542842576,1.200000000,-0.598609468
1784881120.387094498,9.120000138,4.852843890,-0.546606512,1.200000000,-0.599751040
1784881120.397094488,9.130000138,4.858286611,-0.550365942,1.200000000,-0.600889515
1784881120.407094479,9.140000138,4.863730477,-0.554120744,1.200000000,-0.602024901
1784881120.417094469,9.150000138,4.869175495,-0.557870797,1.200000000,-0.603157203
1784881120.427094460,9.160000138,4.874621675,-0.561615981,1.200000000,-0.604286430
1784881120.437094450,9.170000138,4.880069022,-0.565356174,1.200000000,-0.605412589
1784881120.447094440,9.180000138,4.885517544,-0.569091255,1.200000000,-0.606535685
1784881120.457094431,9.190000138,4.890967247,-0.572821103,1.200000000,-0.607655727
1784881120.467094421,9.200000138,4.896418136,-0.576545596,1.200000000,-0.608772722
1784881120.477094412,9.210000138,4.901870216,-0.580264614,1.200000000,-0.609886675
1784881120.487094402,9.220000138,4.907323490,-0.583978034,1.200000000,-0.610997544
1784881120.497094393,9.230000138,4.912777962,-0.587685735,1.200000000,-0.612105027
1784881120.507094622,9.240000138,4.918233635,-0.591387597,1.200000000,-0.613208746
1784881120.517094612,9.250000138,4.923690510,-0.595083498,1.200000000,-0.614308319
1784881120.527094603,9.260000138,4.929148589,-0.598773315,1.200000000,-0.615403367
1784881120.537094593,9.270000138,4.934607873,-0.602456929,1.200000000,-0.616493510
1784881120.547094584,9.280000138,4.940068361,-0.606134217,1.200000000,-0.617578367
1784881120.557094574,9.290000138,4.945530053,-0.609805058,1.200000000,-0.618657559
1784881120.567094564,9.300000138,4.950992948,-0.613469331,1.200000000,-0.619730706
1784881120.577094555,9.310000138,4.956457044,-0.617126914,1.200000000,-0.620797427
1784881120.587094545,9.320000138,4.961922338,-0.620777686,1.200000000,-0.621857342
1784881120.597094536,9.330000138,4.967388829,-0.624421525,1.200000000,-0.622910072
1784881120.607094526,9.340000138,4.972856512,-0.628058310,1.200000000,-0.623955236
1784881120.617094517,9.350000138,4.978325383,-0.631687920,1.200000000,-0.624992455
1784881120.627094507,9.360000138,4.983795438,-0.635310233,1.200000000,-0.626021347
1784881120.637094498,9.370000138,4.989266671,-0.638925128,1.200000000,-0.627041534
1784881120.647094488,9.380000138,4.994739078,-0.642532484,1.200000000,-0.628052635
1784881120.657094479,9.390000138,5.000212651,-0.646132179,1.200000000,-0.629054270
1784881120.667094469,9.400000138,5.005687383,-0.649724092,1.200000000,-0.630046059
1784881120.677094460,9.410000138,5.011163269,-0.653308102,1.200000000,-0.631027622
1784881120.687094450,9.420000138,5.016640300,-0.656884089,1.200000000,-0.631998578
1784881120.697094440,9.430000138,5.022118468,-0.660451930,1.200000000,-0.632958549
1784881120.707094431,9.440000138,5.027597764,-0.664011504,1.200000000,-0.633907153
1784881120.717094421,9.450000138,5.033078180,-0.667562692,1.200000000,-0.634844011
1784881120.727094412,9.460000138,5.038559706,-0.671105372,1.200000000,-0.635768742
1784881120.737094402,9.470000138,5.044042332,-0.674639422,1.200000000,-0.636680968
1784881120.747094393,9.480000138,5.049526048,-0.678164723,1.200000000,-0.637580306
1784881120.757094622,9.490000138,5.055010843,-0.681681153,1.200000000,-0.638466378
1784881120.767094612,9.500000138,5.060496706,-0.685188592,1.200000000,-0.639338804
1784881120.777094603,9.510000138,5.065983626,-0.688686920,1.200000000,-0.640197203
1784881120.787094593,9.520000138,5.071471591,-0.692176015,1.200000000,-0.641041195
1784881120.797094584,9.530000138,5.076960590,-0.695655757,1.200000000,-0.641870401
1784881120.807094574,9.540000138,5.082450609,-0.699126027,1.200000000,-0.642684440
1784881120.817094564,9.550000138,5.087941636,-0.702586703,1.200000000,-0.643482931
1784881120.827094555,9.560000138,5.093433658,-0.706037666,1.200000000,-0.644265496
1784881120.837094545,9.570000138,5.098926663,-0.709478796,1.200000000,-0.645031754
1784881120.847094536,9.580000138,5.104420635,-0.712909973,1.200000000,-0.645781325
1784881120.857094526,9.590000138,5.109915563,-0.716331077,1.200000000,-0.646513829
1784881120.867094517,9.600000138,5.115411432,-0.719741987,1.200000000,-0.647228886
1784881120.877094507,9.610000138,5.120908227,-0.723142586,1.200000000,-0.647926116
1784881120.887094498,9.620000138,5.126405936,-0.726532753,1.200000000,-0.648605138
1784881120.897094488,9.630000138,5.131904542,-0.729912368,1.200000000,-0.649265573
1784881120.907094479,9.640000138,5.137404032,-0.733281314,1.200000000,-0.649907041
1784881120.917094469,9.650000138,5.142904390,-0.736639469,1.200000000,-0.650529161
1784881120.927094460,9.660000138,5.148405603,-0.739986717,1.200000000,-0.651131554
1784881120.937094450,9.670000138,5.153907654,-0.743322937,1.200000000,-0.651713839
1784881120.947094440,9.680000138,5.159410529,-0.746648012,1.200000000,-0.652275637
1784881120.957094431,9.690000138,5.164914213,-0.749961822,1.200000000,-0.652816567
1784881120.967094421,9.700000138,5.170418690,-0.753264249,1.200000000,-0.653336249
1784881120.977094412,9.710000138,5.175923946,-0.756555176,1.200000000,-0.653834304
1784881120.987094402,9.720000138,5.181429965,-0.759834484,1.200000000,-0.654310350
1784881120.997094393,9.730000138,5.186936731,-0.763102055,1.200000000,-0.654764009
1784881121.007094622,9.740000138,5.192444230,-0.766357771,1.200000000,-0.655194900
1784881121.017094612,9.750000138,5.197952447,-0.769601515,1.200000000,-0.655602644
1784881121.027094603,9.760000138,5.203461365,-0.772833171,1.200000000,-0.655986859
1784881121.037094593,9.770000138,5.208970971,-0.776052619,1.200000000,-0.656347166
1784881121.047094584,9.780000138,5.214481249,-0.779259744,1.200000000,-0.656683184
1784881121.057094574,9.790000138,5.219992183,-0.782454429,1.200000000,-0.656994535
1784881121.067094564,9.800000138,5.225503761,-0.785636557,1.200000000,-0.657280837
1784881121.077094555,9.810000138,5.231015965,-0.788806012,1.200000000,-0.657541711
1784881121.087094545,9.820000138,5.236528783,-0.791962677,1.200000000,-0.657776777
1784881121.097094536,9.830000138,5.242042200,-0.795106437,1.200000000,-0.657985655
1784881121.107094526,9.840000138,5.247556201,-0.798237176,1.200000000,-0.658167963
1784881121.117094517,9.850000138,5.253070773,-0.801354779,1.200000000,-0.658323324
1784881121.127094507,9.860000138,5.258585901,-0.804459129,1.200000000,-0.658451355
1784881121.137094498,9.870000138,5.264101573,-0.807550113,1.200000000,-0.658551678
1784881121.147094488,9.880000138,5.269617775,-0.810627614,1.200000000,-0.658623913
1784881121.157094479,9.890000138,5.275134494,-0.813691519,1.200000000,-0.658667678
1784881121.167094469,9.900000138,5.280651716,-0.816741714,1.200000000,-0.658682595
1784881121.177094460,9.910000138,5.286169431,-0.819778083,1.200000000,-0.658668283
1784881121.187094450,9.920000138,5.291687625,-0.822800514,1.200000000,-0.658624362
1784881121.197094440,9.930000138,5.297206287,-0.825808892,1.200000000,-0.658550452
1784881121.207094431,9.940000138,5.302725406,-0.828803105,1.200000000,-0.658446173
1784881121.217094421,9.950000138,5.308244969,-0.831783039,1.200000000,-0.658311145
1784881121.227094412,9.960000138,5.313764968,-0.834748582,1.200000000,-0.658144988
1784881121.237094402,9.970000138,5.319285390,-0.837699620,1.200000000,-0.657947322
1784881121.247094393,9.980000138,5.324806226,-0.840636043,1.200000000,-0.657717766
1784881121.257094622,9.990000138,5.330327468,-0.843557737,1.200000000,-0.657455941
1784881121.267094612,10.000000138,5.335849104,-0.846464592,1.200000000,-0.657161467
1784881121.277094603,10.010000138,5.341371128,-0.849356496,1.200000000,-0.656833963
1784881121.287094593,10.020000138,5.346893531,-0.852233337,1.200000000,-0.656473050
1784881121.297094584,10.030000138,5.352416305,-0.855095006,1.200000000,-0.656078347
1784881121.307094574,10.040000138,5.357939443,-0.857941392,1.200000000,-0.655649475
1784881121.317094564,10.050000138,5.363462938,-0.860772384,1.200000000,-0.655186053
1784881121.327094555,10.060000138,5.368986784,-0.863587874,1.200000000,-0.654687702
1784881121.337094545,10.070000138,5.374510976,-0.866387751,1.200000000,-0.654154040
1784881121.347094536,10.080000138,5.380035509,-0.869171907,1.200000000,-0.653584689
1784881121.357094526,10.090000138,5.385560377,-0.871940233,1.200000000,-0.652979268
1784881121.367094517,10.100000138,5.391085578,-0.874692620,1.200000000,-0.652337397
1784881121.377094507,10.110000138,5.396611107,-0.877428961,1.200000000,-0.651658696
1784881121.387094498,10.120000138,5.402136962,-0.880149148,1.200000000,-0.650942785
1784881121.397094488,10.130000138,5.407663142,-0.882853074,1.200000000,-0.650189284
1784881121.407094479,10.140000138,5.413189643,-0.885540631,1.200000000,-0.649397813
1784881121.417094469,10.150000138,5.418716466,-0.888211714,1.200000000,-0.648567991
1784881121.427094460,10.160000138,5.424243610,-0.890866216,1.200000000,-0.647699440
1784881121.437094450,10.170000138,5.429771076,-0.893504031,1.200000000,-0.646791778
1784881121.447094440,10.180000138,5.435298865,-0.896125055,1.200000000,-0.645844625
1784881121.457094431,10.190000138,5.440826978,-0.898729182,1.200000000,-0.644857602
1784881121.467094421,10.200000138,5.446355418,-0.901316308,1.200000000,-0.643830329
1784881121.477094412,10.210000138,5.451884189,-0.903886329,1.200000000,-0.642762425
1784881121.487094402,10.220000138,5.457413293,-0.906439141,1.200000000,-0.641653511
1784881121.497094393,10.230000138,5.462942736,-0.908974640,1.200000000,-0.640503206
1784881121.507094622,10.240000138,5.468472524,-0.911492725,1.200000000,-0.639311130
1784881121.517094612,10.250000138,5.474002661,-0.913993293,1.200000000,-0.638076904
1784881121.527094603,10.260000138,5.479533155,-0.916476242,1.200000000,-0.636800147
1784881121.537094593,10.270000138,5.485064013,-0.918941470,1.200000000,-0.635480478
1784881121.547094584,10.280000138,5.490595245,-0.921388877,1.200000000,-0.634117519
1784881121.557094574,10.290000138,5.496126858,-0.923818363,1.200000000,-0.632710889
1784881121.567094564,10.300000138,5.501658862,-0.926229826,1.200000000,-0.631260208
1784881121.577094555,10.310000138,5.507191269,-0.928623169,1.200000000,-0.629765096
1784881121.587094545,10.320000138,5.512724089,-0.930998291,1.200000000,-0.628225173
1784881121.597094536,10.330000138,5.518257335,-0.933355095,1.200000000,-0.626640058
1784881121.607094526,10.340000138,5.523791020,-0.935693482,1.200000000,-0.625009372
1784881121.617094517,10.350000138,5.529325157,-0.938013356,1.200000000,-0.623332735
1784881121.627094507,10.360000138,5.534859762,-0.940314618,1.200000000,-0.621609767
1784881121.637094498,10.370000138,5.540394848,-0.942597173,1.200000000,-0.619840087
1784881121.647094488,10.380000138,5.545930434,-0.944860925,1.200000000,-0.618023315
1784881121.657094479,10.390000138,5.551466535,-0.947105779,1.200000000,-0.616159072
1784881121.667094469,10.400000138,5.557003169,-0.949331639,1.200000000,-0.614246978
1784881121.677094460,10.410000138,5.562540355,-0.951538412,1.200000000,-0.612286652
1784881121.687094450,10.420000138,5.568078113,-0.953726005,1.200000000,-0.610277714
1784881121.697094440,10.430000138,5.573616462,-0.955894324,1.200000000,-0.608219784
1784881121.707094431,10.440000138,5.579155424,-0.958043276,1.200000000,-0.606112483
1784881121.717094421,10.450000138,5.584695021,-0.960172770,1.200000000,-0.603955430
1784881121.727094412,10.460000138,5.590235275,-0.962282716,1.200000000,-0.601748244
1784881121.737094402,10.470000138,5.595776209,-0.964373021,1.200000000,-0.599490547
1784881121.747094393,10.480000138,5.601317849,-0.966443597,1.200000000,-0.597181958
1784881121.757094622,10.490000138,5.606860219,-0.968494353,1.200000000,-0.594822096
1784881121.767094612,10.500000138,5.612403345,-0.970525202,1.200000000,-0.592410583
1784881121.777094603,10.510000138,5.617947254,-0.972536055,1.200000000,-0.589947037
1784881121.787094593,10.520000138,5.623491973,-0.974526825,1.200000000,-0.587431079
1784881121.797094584,10.530000138,5.629037530,-0.976497425,1.200000000,-0.584862329
1784881121.807094574,10.540000138,5.634583956,-0.978447769,1.200000000,-0.582240406
1784881121.817094564,10.550000138,5.640131279,-0.980377771,1.200000000,-0.579565034
1784881121.827094555,10.560000138,5.645679530,-0.982287348,1.200000000,-0.576836585
1784881121.837094545,10.570000138,5.651228741,-0.984176415,1.200000000,-0.574055689
1784881121.847094536,10.580000138,5.656778944,-0.986044889,1.200000000,-0.571222975
1784881121.857094526,10.590000138,5.662330172,-0.987892687,1.200000000,-0.568339072
1784881121.867094517,10.600000138,5.667882458,-0.989719727,1.200000000,-0.565404609
1784881121.877094507,10.610000138,5.673435837,-0.991525930,1.200000000,-0.562420216
1784881121.887094498,10.620000138,5.678990345,-0.993311213,1.200000000,-0.559386522
1784881121.897094488,10.630000138,5.684546016,-0.995075498,1.200000000,-0.556304156
1784881121.907094479,10.640000138,5.690102888,-0.996818706,1.200000000,-0.553173747
1784881121.917094469,10.650000138,5.695660998,-0.998540759,1.200000000,-0.549995925
1784881121.927094460,10.660000138,5.701220383,-1.000241580,1.200000000,-0.546771320
1784881121.937094450,10.670000138,5.706781083,-1.001921093,1.200000000,-0.543500559
1784881121.947094440,10.680000138,5.712343137,-1.003579221,1.200000000,-0.540184273
1784881121.957094431,10.690000138,5.717906584,-1.005215890,1.200000000,-0.536823091
1784881121.967094421,10.700000138,5.723471465,-1.006831026,1.200000000,-0.533417642
1784881121.977094412,10.710000138,5.729037822,-1.008424556,1.200000000,-0.529968556
1784881121.987094402,10.720000138,5.734605696,-1.009996408,1.200000000,-0.526476461
1784881121.997094393,10.730000138,5.740175129,-1.011546510,1.200000000,-0.522941987
1784881122.007094622,10.740000138,5.745746164,-1.013074793,1.200000000,-0.519365763
1784881122.017094612,10.750000138,5.751318846,-1.014581185,1.200000000,-0.515748418
1784881122.027094603,10.760000138,5.756893217,-1.016065619,1.200000000,-0.512090583
1784881122.037094593,10.770000138,5.762469323,-1.017528026,1.200000000,-0.508392885
1784881122.047094584,10.780000138,5.768047208,-1.018968341,1.200000000,-0.504655955
1784881122.057094574,10.790000138,5.773626918,-1.020386495,1.200000000,-0.500880421
1784881122.067094564,10.800000138,5.779208499,-1.021782426,1.200000000,-0.497066913
1784881122.077094555,10.810000138,5.784791997,-1.023156068,1.200000000,-0.493216060
1784881122.087094545,10.820000138,5.790377460,-1.024507358,1.200000000,-0.489328491
1784881122.097094536,10.830000138,5.795964935,-1.025836234,1.200000000,-0.485404836
1784881122.107094526,10.840000138,5.801554468,-1.027142635,1.200000000,-0.481445724
1784881122.117094517,10.850000138,5.807146109,-1.028426500,1.200000000,-0.477451784
1784881122.127094507,10.860000138,5.812739906,-1.029687771,1.200000000,-0.473423646
1784881122.137094498,10.870000138,5.818335907,-1.030926388,1.200000000,-0.469361938
1784881122.147094488,10.880000138,5.823934162,-1.032142296,1.200000000,-0.465267290
1784881122.157094479,10.890000138,5.829534720,-1.033335436,1.200000000,-0.461140332
1784881122.167094469,10.900000138,5.835137630,-1.034505755,1.200000000,-0.456981692
1784881122.177094460,10.910000138,5.840742943,-1.035653198,1.200000000,-0.452791999
1784881122.187094450,10.920000138,5.846350709,-1.036777712,1.200000000,-0.448571884
1784881122.197094440,10.930000138,5.851960977,-1.037879245,1.200000000,-0.444321976
1784881122.207094431,10.940000138,5.857573798,-1.038957745,1.200000000,-0.440042902
1784881122.217094421,10.950000138,5.863189224,-1.040013164,1.200000000,-0.435735294
1784881122.227094412,10.960000138,5.868807304,-1.041045452,1.200000000,-0.431399780
1784881122.237094402,10.970000138,5.874428090,-1.042054562,1.200000000,-0.427036989
1784881122.247094393,10.980000138,5.880051632,-1.043040447,1.200000000,-0.422647551
1784881122.257094622,10.990000138,5.885677983,-1.044003061,1.200000000,-0.418232095
1784881122.267094612,11.000000138,5.891307192,-1.044942361,1.200000000,-0.413791250
1784881122.277094603,11.010000138,5.896939311,-1.045858303,1.200000000,-0.409325646
1784881122.287094593,11.020000138,5.902574391,-1.046750845,1.200000000,-0.404835911
1784881122.297094584,11.030000138,5.908212483,-1.047619946,1.200000000,-0.400322676
1784881122.307094574,11.040000138,5.913853639,-1.048465567,1.200000000,-0.395786569
1784881122.317094564,11.050000138,5.919497909,-1.049287670,1.200000000,-0.391228219
1784881122.327094555,11.060000138,5.925145344,-1.050086216,1.200000000,-0.386648256
1784881122.337094545,11.070000138,5.930795994,-1.050861170,1.200000000,-0.382047310
1784881122.347094536,11.080000138,5.936449912,-1.051612497,1.200000000,-0.377426009
1784881122.357094526,11.090000138,5.942107146,-1.052340163,1.200000000,-0.372784982
1784881122.367094517,11.100000138,5.947767747,-1.053044136,1.200000000,-0.368124860
1784881122.377094507,11.110000138,5.953431765,-1.053724385,1.200000000,-0.363446270
1784881122.387094498,11.120000138,5.959099250,-1.054380880,1.200000000,-0.358749844
1784881122.397094488,11.130000138,5.964770252,-1.055013592,1.200000000,-0.354036209
1784881122.407094479,11.140000138,5.970444819,-1.055622494,1.200000000,-0.349305995
1784881122.417094469,11.150000138,5.976123000,-1.056207560,1.200000000,-0.344559831
1784881122.427094460,11.160000138,5.981804845,-1.056768764,1.200000000,-0.339798347
1784881122.437094450,11.170000138,5.987490400,-1.057306084,1.200000000,-0.335022172
1784881122.447094440,11.180000138,5.993179714,-1.057819497,1.200000000,-0.330231934
1784881122.457094431,11.190000138,5.998872835,-1.058308983,1.200000000,-0.325428265
1784881122.467094421,11.200000138,6.004569808,-1.058774521,1.200000000,-0.320611792
1784881122.477094412,11.210000138,6.010270681,-1.059216093,1.200000000,-0.315783145
1784881122.487094402,11.220000138,6.015975499,-1.059633683,1.200000000,-0.310942953
1784881122.497094393,11.230000138,6.021684307,-1.060027275,1.200000000,-0.306091845
1784881122.507094622,11.240000138,6.027397152,-1.060396855,1.200000000,-0.301230451
1784881122.517094612,11.250000138,6.033114075,-1.060742409,1.200000000,-0.296359401
1784881122.527094603,11.260000138,6.038835122,-1.061063927,1.200000000,-0.291479322
1784881122.537094593,11.270000138,6.044560336,-1.061361399,1.200000000,-0.286590846
1784881122.547094584,11.280000138,6.050289758,-1.061634814,1.200000000,-0.281694600
1784881122.557094574,11.290000138,6.056023430,-1.061884167,1.200000000,-0.276791214
1784881122.567094564,11.300000138,6.061761394,-1.062109452,1.200000000,-0.271881317
1784881122.577094555,11.310000138,6.067503689,-1.062310663,1.200000000,-0.266965539
1784881122.587094545,11.320000138,6.073250355,-1.062487797,1.200000000,-0.262044509
1784881122.597094536,11.330000138,6.079001431,-1.062640854,1.200000000,-0.257118857
1784881122.607094526,11.340000138,6.084756955,-1.062769833,1.200000000,-0.252189210
1784881122.617094517,11.350000138,6.090516963,-1.062874734,1.200000000,-0.247256200
1784881122.627094507,11.360000138,6.096281493,-1.062955561,1.200000000,-0.242320454
1784881122.637094498,11.370000138,6.102050579,-1.063012317,1.200000000,-0.237382603
1784881122.647094488,11.380000138,6.107824256,-1.063045008,1.200000000,-0.232443275
1784881122.657094479,11.390000138,6.113602557,-1.063053642,1.200000000,-0.227503100
1784881122.667094469,11.400000138,6.119385516,-1.063038226,1.200000000,-0.222562708
1784881122.677094460,11.410000138,6.125173163,-1.062998770,1.200000000,-0.217622726
1784881122.687094450,11.420000138,6.130965530,-1.062935286,1.200000000,-0.212683785
1784881122.697094440,11.430000138,6.136762645,-1.062847787,1.200000000,-0.207746515
1784881122.707094431,11.440000138,6.142564539,-1.062736286,1.200000000,-0.202811543
1784881122.717094421,11.450000138,6.148371237,-1.062600801,1.200000000,-0.197879500
1784881122.727094412,11.460000138,6.154182767,-1.062441347,1.200000000,-0.192951014
1784881122.737094402,11.470000138,6.159999155,-1.062257944,1.200000000,-0.188026716
1784881122.747094393,11.480000138,6.165820424,-1.062050613,1.200000000,-0.183107233
1784881122.757094622,11.490000138,6.171646597,-1.061819374,1.200000000,-0.178193196
1784881122.767094612,11.500000138,6.177477697,-1.061564252,1.200000000,-0.173285235
1784881122.777094603,11.510000138,6.183313744,-1.061285272,1.200000000,-0.168383977
1784881122.787094593,11.520000138,6.189154758,-1.060982459,1.200000000,-0.163490052
1784881122.797094584,11.530000138,6.195000756,-1.060655841,1.200000000,-0.158604090
1784881122.807094574,11.540000138,6.200851758,-1.060305449,1.200000000,-0.153726720
1784881122.817094564,11.550000138,6.206707777,-1.059931312,1.200000000,-0.148858571
1784881122.827094555,11.560000138,6.212568829,-1.059533464,1.200000000,-0.144000273
1784881122.837094545,11.570000138,6.218434926,-1.059111938,1.200000000,-0.139152454
1784881122.847094536,11.580000138,6.224306082,-1.058666770,1.200000000,-0.134315744
1784881122.857094526,11.590000138,6.230182306,-1.058197997,1.200000000,-0.129490773
1784881122.867094517,11.600000138,6.236063607,-1.057705658,1.200000000,-0.124678169
1784881122.877094507,11.610000138,6.241949994,-1.057189792,1.200000000,-0.119878562
1784881122.887094498,11.620000138,6.247841473,-1.056650443,1.200000000,-0.115092581
1784881122.897094488,11.630000138,6.253738049,-1.056087652,1.200000000,-0.110320855
1784881122.907094479,11.640000138,6.259639725,-1.055501464,1.200000000,-0.105564014
1784881122.917094469,11.650000138,6.265546505,-1.054891927,1.200000000,-0.100822686
1784881122.927094460,11.660000138,6.271458388,-1.054259087,1.200000000,-0.096097502
1784881122.937094450,11.670000138,6.277375374,-1.053602994,1.200000000,-0.091389091
1784881122.947094440,11.680000138,6.283297460,-1.052923700,1.200000000,-0.086698080
1784881122.957094431,11.690000138,6.289224643,-1.052221256,1.200000000,-0.082025101
1784881122.967094421,11.700000138,6.295156918,-1.051495718,1.200000000,-0.077370782
1784881122.977094412,11.710000138,6.301094279,-1.050747139,1.200000000,-0.072735753
1784881122.987094402,11.720000138,6.307036715,-1.049975578,1.200000000,-0.068120643
1784881122.997094393,11.730000138,6.312984219,-1.049181093,1.200000000,-0.063526080
1784881123.007094622,11.740000138,6.318936778,-1.048363745,1.200000000,-0.058952695
1784881123.017094612,11.750000138,6.324894380,-1.047523594,1.200000000,-0.054401116
1784881123.027094603,11.760000138,6.330857010,-1.046660706,1.200000000,-0.049871973
1784881123.037094593,11.770000138,6.336824652,-1.045775143,1.200000000,-0.045365896
1784881123.047094584,11.780000138,6.342797288,-1.044866973,1.200000000,-0.040883512
1784881123.057094574,11.790000138,6.348774899,-1.043936263,1.200000000,-0.036425453
1784881123.067094564,11.800000138,6.354757464,-1.042983084,1.200000000,-0.031992346
1784881123.077094555,11.810000138,6.360744960,-1.042007505,1.200000000,-0.027584822
1784881123.087094545,11.820000138,6.366737364,-1.041009599,1.200000000,-0.023203509
1784881123.097094536,11.830000138,6.372734649,-1.039989441,1.200000000,-0.018849037
1784881123.107094526,11.840000138,6.378736787,-1.038947105,1.200000000,-0.014522035
1784881123.117094517,11.850000138,6.384743751,-1.037882668,1.200000000,-0.010223132
1784881123.127094507,11.860000138,6.390755509,-1.036796210,1.200000000,-0.005952957
1784881123.137094498,11.870000138,6.396772028,-1.035687809,1.200000000,-0.001712141
1784881123.147094488,11.880000138,6.402793274,-1.034557548,1.200000000,0.002498688
1784881123.157094479,11.890000138,6.408819213,-1.033405509,1.200000000,0.006678901
1784881123.167094469,11.900000138,6.414849805,-1.032231777,1.200000000,0.010827868
1784881123.177094460,11.910000138,6.420885013,-1.031036437,1.200000000,0.014944961
1784881123.187094450,11.920000138,6.426924795,-1.029819576,1.200000000,0.019029597
1784881123.197094440,11.930000138,6.432969110,-1.028581284,1.200000000,0.023081651
1784881123.207094431,11.940000138,6.439017912,-1.027321651,1.200000000,0.027101242
1784881123.217094421,11.950000138,6.445071156,-1.026040768,1.200000000,0.031088493
1784881123.227094412,11.960000138,6.451128795,-1.024738728,1.200000000,0.035043528
1784881123.237094402,11.970000138,6.457190780,-1.023415626,1.200000000,0.038966470
1784881123.247094393,11.980000138,6.463257060,-1.022071558,1.200000000,0.042857442
1784881123.257094622,11.990000138,6.469327583,-1.020706620,1.200000000,0.046716566
1784881123.267094612,12.000000138,6.475402294,-1.019320912,1.200000000,0.050543967
1784881123.277094603,12.010000138,6.481481138,-1.017914534,1.200000000,0.054339767
1784881123.287094593,12.020000138,6.487564057,-1.016487587,1.200000000,0.058104089
1784881123.297094584,12.030000138,6.493650993,-1.015040173,1.200000000,0.061837056
1784881123.307094574,12.040000138,6.499741885,-1.013572397,1.200000000,0.065538792
1784881123.317094564,12.050000138,6.505836672,-1.012084365,1.200000000,0.069209419
1784881123.327094555,12.060000138,6.511935288,-1.010576183,1.200000000,0.072849061
1784881123.337094545,12.070000138,6.518037669,-1.009047958,1.200000000,0.076457840
1784881123.347094536,12.080000138,6.524143747,-1.007499802,1.200000000,0.080035880
1784881123.357094526,12.090000138,6.530253455,-1.005931824,1.200000000,0.083583304
1784881123.367094517,12.100000138,6.536366722,-1.004344136,1.200000000,0.087100235
1784881123.377094507,12.110000138,6.542483477,-1.002736852,1.200000000,0.090586796
1784881123.387094498,12.120000138,6.548603645,-1.001110085,1.200000000,0.094043111
1784881123.397094488,12.130000138,6.554727153,-0.999463953,1.200000000,0.097469301
1784881123.407094479,12.140000138,6.560853924,-0.997798571,1.200000000,0.100865491
1784881123.417094469,12.150000138,6.566983881,-0.996114058,1.200000000,0.104231803
1784881123.427094460,12.160000138,6.573116944,-0.994410533,1.200000000,0.107568361
1784881123.437094450,12.170000138,6.579253032,-0.992688117,1.200000000,0.110875287
1784881123.447094440,12.180000138,6.585392064,-0.990946932,1.200000000,0.114152705
1784881123.457094431,12.190000138,6.591533955,-0.989187100,1.200000000,0.117400738
1784881123.467094421,12.200000138,6.597678621,-0.987408745,1.200000000,0.120619509
1784881123.477094412,12.210000138,6.603825974,-0.985611993,1.200000000,0.123809140
1784881123.487094402,12.220000138,6.609975928,-0.983796969,1.200000000,0.126969756
1784881123.497094393,12.230000138,6.616128393,-0.981963802,1.200000000,0.130101479
1784881123.507094622,12.240000138,6.622283278,-0.980112619,1.200000000,0.133204432
1784881123.517094612,12.250000138,6.628440491,-0.978243551,1.200000000,0.136278739
1784881123.527094603,12.260000138,6.634599939,-0.976356727,1.200000000,0.139324522
1784881123.537094593,12.270000138,6.640761528,-0.974452279,1.200000000,0.142341904
1784881123.547094584,12.280000138,6.646925161,-0.972530340,1.200000000,0.145331009
1784881123.557094574,12.290000138,6.653090741,-0.970591043,1.200000000,0.148291960
1784881123.567094564,12.300000138,6.659258171,-0.968634524,1.200000000,0.151224880
1784881123.577094555,12.310000138,6.665427349,-0.966660916,1.200000000,0.154129891
1784881123.587094545,12.320000138,6.671598177,-0.964670358,1.200000000,0.157007118
1784881123.597094536,12.330000138,6.677770550,-0.962662986,1.200000000,0.159856683
1784881123.607094526,12.340000138,6.683944367,-0.960638939,1.200000000,0.162678708
1784881123.617094517,12.350000138,6.690119523,-0.958598355,1.200000000,0.165473319
1784881123.627094507,12.360000138,6.696295912,-0.956541375,1.200000000,0.168240636
1784881123.637094498,12.370000138,6.702473429,-0.954468141,1.200000000,0.170980784
1784881123.647094488,12.380000138,6.708651964,-0.952378793,1.200000000,0.173693886
1784881123.657094479,12.390000138,6.714831411,-0.950273474,1.200000000,0.176380064
1784881123.667094469,12.400000138,6.721011659,-0.948152328,1.200000000,0.179039442
1784881123.677094460,12.410000138,6.727192597,-0.946015499,1.200000000,0.181672142
1784881123.687094450,12.420000138,6.733374114,-0.943863132,1.200000000,0.184278289
1784881123.697094440,12.430000138,6.739556097,-0.941695373,1.200000000,0.186858005
1784881123.707094431,12.440000138,6.745738432,-0.939512368,1.200000000,0.189411413
1784881123.717094421,12.450000138,6.751921006,-0.937314264,1.200000000,0.191938636
1784881123.727094412,12.460000138,6.758103703,-0.935101209,1.200000000,0.194439797
1784881123.737094402,12.470000138,6.764286407,-0.932873352,1.200000000,0.196915020
1784881123.747094393,12.480000138,6.770469000,-0.930630842,1.200000000,0.199364427
1784881123.757094622,12.490000138,6.776651366,-0.928373828,1.200000000,0.201788142
1784881123.767094612,12.500000138,6.782833385,-0.926102462,1.200000000,0.204186288
1784881123.777094603,12.510000138,6.789014939,-0.923816894,1.200000000,0.206558987
1784881123.787094593,12.520000138,6.795195907,-0.921517275,1.200000000,0.208906363
1784881123.797094584,12.530000138,6.801376168,-0.919203758,1.200000000,0.211228539
1784881123.807094574,12.540000138,6.807555602,-0.916876496,1.200000000,0.213525638
1784881123.817094564,12.550000138,6.813734085,-0.914535642,1.200000000,0.215797784
1784881123.827094555,12.560000138,6.819911497,-0.912181349,1.200000000,0.218045098
1784881123.837094545,12.570000138,6.826087713,-0.909813773,1.200000000,0.220267705
1784881123.847094536,12.580000138,6.832262610,-0.907433066,1.200000000,0.222465727
1784881123.857094526,12.590000138,6.838436063,-0.905039385,1.200000000,0.224639288
1784881123.867094517,12.600000138,6.844607949,-0.902632885,1.200000000,0.226788511
1784881123.877094507,12.610000138,6.850778140,-0.900213721,1.200000000,0.228913518
1784881123.887094498,12.620000138,6.856946513,-0.897782051,1.200000000,0.231014433
1784881123.897094488,12.630000138,6.863112941,-0.895338031,1.200000000,0.233091379
1784881123.907094479,12.640000138,6.869277297,-0.892881817,1.200000000,0.235144478
1784881123.917094469,12.650000138,6.875439455,-0.890413567,1.200000000,0.237173855
1784881123.927094460,12.660000138,6.881599288,-0.887933439,1.200000000,0.239179632
1784881123.937094450,12.670000138,6.887756667,-0.885441590,1.200000000,0.241161932
1784881123.947094440,12.680000138,6.893911467,-0.882938178,1.200000000,0.243120879
1784881123.957094431,12.690000138,6.900063557,-0.880423363,1.200000000,0.245056595
1784881123.967094421,12.700000138,6.906212812,-0.877897301,1.200000000,0.246969204
1784881123.977094412,12.710000138,6.912359102,-0.875360153,1.200000000,0.248858828
1784881123.987094402,12.720000138,6.918502298,-0.872812077,1.200000000,0.250725591
1784881123.997094393,12.730000138,6.924642273,-0.870253232,1.200000000,0.252569616
1784881124.007094622,12.740000138,6.930778897,-0.867683777,1.200000000,0.254391025
1784881124.017094612,12.750000138,6.936912043,-0.865103871,1.200000000,0.256189943
1784881124.027094603,12.760000138,6.943041580,-0.862513674,1.200000000,0.257966492
1784881124.037094593,12.770000138,6.949167381,-0.859913346,1.200000000,0.259720795
1784881124.047094584,12.780000138,6.955289317,-0.857303045,1.200000000,0.261452975
1784881124.057094574,12.790000138,6.961407259,-0.854682932,1.200000000,0.263163156
1784881124.067094564,12.800000138,6.967521079,-0.852053166,1.200000000,0.264851460
1784881124.077094555,12.810000138,6.973630648,-0.849413906,1.200000000,0.266518011
1784881124.087094545,12.820000138,6.979735838,-0.846765312,1.200000000,0.268162931
1784881124.097094536,12.830000138,6.985836521,-0.844107544,1.200000000,0.269786344
1784881124.107094526,12.840000138,6.991932568,-0.841440760,1.200000000,0.271388373
1784881124.117094517,12.850000138,6.998023853,-0.838765120,1.200000000,0.272969141
1784881124.127094507,12.860000138,7.004110248,-0.836080783,1.200000000,0.274528771
1784881124.137094498,12.870000138,7.010191625,-0.833387909,1.200000000,0.276067386
1784881124.147094488,12.880000138,7.016267858,-0.830686656,1.200000000,0.277585109
1784881124.157094479,12.890000138,7.022338821,-0.827977182,1.200000000,0.279082063
1784881124.167094469,12.900000138,7.028404388,-0.825259647,1.200000000,0.280558372
1784881124.177094460,12.910000138,7.034464432,-0.822534208,1.200000000,0.282014159
1784881124.187094450,12.920000138,7.040518829,-0.819801024,1.200000000,0.283449546
1784881124.197094440,12.930000138,7.046567453,-0.817060252,1.200000000,0.284864656
1784881124.207094431,12.940000138,7.052610182,-0.814312051,1.200000000,0.286259614
1784881124.217094421,12.950000138,7.058646890,-0.811556577,1.200000000,0.287634541
1784881124.227094412,12.960000138,7.064677455,-0.808793987,1.200000000,0.288989561
1784881124.237094402,12.970000138,7.070701754,-0.806024438,1.200000000,0.290324798
1784881124.247094393,12.980000138,7.076719665,-0.803248086,1.200000000,0.291640373
1784881124.257094622,12.990000138,7.082731067,-0.800465087,1.200000000,0.292936411
1784881124.267094612,13.000000138,7.088735839,-0.797675596,1.200000000,0.294213034
1784881124.277094603,13.010000138,7.094733860,-0.794879769,1.200000000,0.295470365
1784881124.287094593,13.020000138,7.100725013,-0.792077761,1.200000000,0.296708528
1784881124.297094584,13.030000138,7.106709178,-0.789269725,1.200000000,0.297927646
1784881124.307094574,13.040000138,7.112686237,-0.786455816,1.200000000,0.299127841
1784881124.317094564,13.050000138,7.118656073,-0.783636186,1.200000000,0.300309237
1784881124.327094555,13.060000138,7.124618571,-0.780810989,1.200000000,0.301471957
1784881124.337094545,13.070000138,7.130573614,-0.777980377,1.200000000,0.302616124
1784881124.347094536,13.080000138,7.136521088,-0.775144501,1.200000000,0.303741861
1784881124.357094526,13.090000138,7.142460881,-0.772303514,1.200000000,0.304849291
1784881124.367094517,13.100000138,7.148392878,-0.769457564,1.200000000,0.305938538
1784881124.377094507,13.110000138,7.154316969,-0.766606804,1.200000000,0.307009723
1784881124.387094498,13.120000138,7.160233042,-0.763751381,1.200000000,0.308062972
1784881124.397094488,13.130000138,7.166140988,-0.760891446,1.200000000,0.309098406
1784881124.407094479,13.140000138,7.172040698,-0.758027145,1.200000000,0.310116148
1784881124.417094469,13.150000138,7.177932064,-0.755158628,1.200000000,0.311116322
1784881124.427094460,13.160000138,7.183814980,-0.752286040,1.200000000,0.312099051
1784881124.437094450,13.170000138,7.189689341,-0.749409528,1.200000000,0.313064458
1784881124.447094440,13.180000138,7.195555041,-0.746529238,1.200000000,0.314012666
1784881124.457094431,13.190000138,7.201411977,-0.743645313,1.200000000,0.314943798
1784881124.467094421,13.200000138,7.207260047,-0.740757900,1.200000000,0.315857977
1784881124.477094412,13.210000138,7.213099151,-0.737867140,1.200000000,0.316755326
1784881124.487094402,13.220000138,7.218929188,-0.734973176,1.200000000,0.317635969
1784881124.497094393,13.230000138,7.224750060,-0.732076150,1.200000000,0.318500028
1784881124.507094622,13.240000138,7.230561669,-0.729176203,1.200000000,0.319347627
1784881124.517094612,13.250000138,7.236363920,-0.726273476,1.200000000,0.320178889
1784881124.527094603,13.260000138,7.242156716,-0.723368108,1.200000000,0.320993936
1784881124.537094593,13.270000138,7.247939966,-0.720460237,1.200000000,0.321792892
1784881124.547094584,13.280000138,7.253713577,-0.717550000,1.200000000,0.322575880
1784881124.557094574,13.290000138,7.259477457,-0.714637536,1.200000000,0.323343023
1784881124.567094564,13.300000138,7.265231517,-0.711722980,1.200000000,0.324094444
1784881124.577094555,13.310000138,7.270975670,-0.708806466,1.200000000,0.324830267
1784881124.587094545,13.320000138,7.276709827,-0.705888130,1.200000000,0.325550613
1784881124.597094536,13.330000138,7.282433904,-0.702968104,1.200000000,0.326255608
1784881124.607094526,13.340000138,7.288147817,-0.700046521,1.200000000,0.326945372
1784881124.617094517,13.350000138,7.293851483,-0.697123512,1.200000000,0.327620030
1784881124.627094507,13.360000138,7.299544821,-0.694199208,1.200000000,0.328279705
1784881124.637094498,13.370000138,7.305227751,-0.691273738,1.200000000,0.328924520
1784881124.647094488,13.380000138,7.310900195,-0.688347230,1.200000000,0.329554597
1784881124.657094479,13.390000138,7.316562077,-0.685419813,1.200000000,0.330170061
1784881124.667094469,13.400000138,7.322213320,-0.682491613,1.200000000,0.330771033
1784881124.677094460,13.410000138,7.327853852,-0.679562756,1.200000000,0.331357638
1784881124.687094450,13.420000138,7.333483600,-0.676633365,1.200000000,0.331929998
1784881124.697094440,13.430000138,7.339102493,-0.673703565,1.200000000,0.332488236
1784881124.707094431,13.440000138,7.344710463,-0.670773478,1.200000000,0.333032476
1784881124.717094421,13.450000138,7.350307440,-0.667843225,1.200000000,0.333562840
1784881124.727094412,13.460000138,7.355893361,-0.664912927,1.200000000,0.334079452
1784881124.737094402,13.470000138,7.361468160,-0.661982704,1.200000000,0.334582434
1784881124.747094393,13.480000138,7.367031773,-0.659052673,1.200000000,0.335071910
1784881124.757094622,13.490000138,7.372584141,-0.656122952,1.200000000,0.335548003
1784881124.767094612,13.500000138,7.378125203,-0.653193656,1.200000000,0.336010837
1784881124.777094603,13.510000138,7.383654900,-0.650264902,1.200000000,0.336460533
1784881124.787094593,13.520000138,7.389173177,-0.647336802,1.200000000,0.336897215
1784881124.797094584,13.530000138,7.394679979,-0.644409470,1.200000000,0.337321007
1784881124.807094574,13.540000138,7.400175252,-0.641483018,1.200000000,0.337732031
1784881124.817094564,13.550000138,7.405658944,-0.638557555,1.200000000,0.338130410
1784881124.827094555,13.560000138,7.411131006,-0.635633192,1.200000000,0.338516268
1784881124.837094545,13.570000138,7.416591389,-0.632710037,1.200000000,0.338889728
1784881124.847094536,13.580000138,7.422040046,-0.629788197,1.200000000,0.339250912
1784881124.857094526,13.590000138,7.427476932,-0.626867778,1.200000000,0.339599944
1784881124.867094517,13.600000138,7.432902004,-0.623948885,1.200000000,0.339936947
1784881124.877094507,13.610000138,7.438315218,-0.621031622,1.200000000,0.340262045
1784881124.887094498,13.620000138,7.443716536,-0.618116092,1.200000000,0.340575359
1784881124.897094488,13.630000138,7.449105919,-0.615202395,1.200000000,0.340877013
1784881124.907094479,13.640000138,7.454483329,-0.612290634,1.200000000,0.341167131
1784881124.917094469,13.650000138,7.459848730,-0.609380906,1.200000000,0.341445835
1784881124.927094460,13.660000138,7.465202090,-0.606473310,1.200000000,0.341713248
1784881124.937094450,13.670000138,7.470543375,-0.603567942,1.200000000,0.341969494
1784881124.947094440,13.680000138,7.475872556,-0.600664899,1.200000000,0.342214696
1784881124.957094431,13.690000138,7.481189602,-0.597764275,1.200000000,0.342448977
1784881124.967094421,13.700000138,7.486494488,-0.594866163,1.200000000,0.342672459
1784881124.977094412,13.710000138,7.491787185,-0.591970656,1.200000000,0.342885266
1784881124.987094402,13.720000138,7.497067672,-0.589077845,1.200000000,0.343087521
1784881124.997094393,13.730000138,7.502335924,-0.586187819,1.200000000,0.343279348
1784881125.007094622,13.740000138,7.507591920,-0.583300668,1.200000000,0.343460868
1784881125.017094612,13.750000138,7.512835641,-0.580416480,1.200000000,0.343632206
1784881125.027094603,13.760000138,7.518067069,-0.577535340,1.200000000,0.343793485
1784881125.037094593,13.770000138,7.523286187,-0.574657334,1.200000000,0.343944827
1784881125.047094584,13.780000138,7.528492979,-0.571782546,1.200000000,0.344086355
1784881125.057094574,13.790000138,7.533687434,-0.568911059,1.200000000,0.344218193
1784881125.067094564,13.800000138,7.538869537,-0.566042956,1.200000000,0.344340464
1784881125.077094555,13.810000138,7.544039279,-0.563178317,1.200000000,0.344453291
1784881125.087094545,13.820000138,7.549196650,-0.560317221,1.200000000,0.344556796
1784881125.097094536,13.830000138,7.554341643,-0.557459748,1.200000000,0.344651104
1784881125.107094526,13.840000138,7.559474250,-0.554605974,1.200000000,0.344736337
1784881125.117094517,13.850000138,7.564594468,-0.551755976,1.200000000,0.344812618
1784881125.127094507,13.860000138,7.569702292,-0.548909830,1.200000000,0.344880071
1784881125.137094498,13.870000138,7.574797720,-0.546067608,1.200000000,0.344938817
1784881125.147094488,13.880000138,7.579880752,-0.543229385,1.200000000,0.344988982
1784881125.157094479,13.890000138,7.584951386,-0.540395233,1.200000000,0.345030687
1784881125.167094469,13.900000138,7.590009626,-0.537565222,1.200000000,0.345064056
1784881125.177094460,13.910000138,7.595055473,-0.534739421,1.200000000,0.345089211
1784881125.187094450,13.920000138,7.600088932,-0.531917901,1.200000000,0.345106277
1784881125.197094440,13.930000138,7.605110007,-0.529100728,1.200000000,0.345115375
1784881125.207094431,13.940000138,7.610118707,-0.526287969,1.200000000,0.345116629
1784881125.217094421,13.950000138,7.615115037,-0.523479691,1.200000000,0.345110163
1784881125.227094412,13.960000138,7.620099006,-0.520675957,1.200000000,0.345096099
1784881125.237094402,13.970000138,7.625070625,-0.517876832,1.200000000,0.345074560
1784881125.247094393,13.980000138,7.630029904,-0.515082377,1.200000000,0.345045670
1784881125.257094622,13.990000138,7.634976854,-0.512292656,1.200000000,0.345009551
1784881125.267094612,14.000000138,7.639911489,-0.509507728,1.200000000,0.344966327
1784881125.277094603,14.010000138,7.644833822,-0.506727655,1.200000000,0.344916121
1784881125.287094593,14.020000138,7.649743868,-0.503952493,1.200000000,0.344859055
1784881125.297094584,14.030000138,7.654641642,-0.501182303,1.200000000,0.344795253
1784881125.307094574,14.040000138,7.659527160,-0.498417140,1.200000000,0.344724839
1784881125.317094564,14.050000138,7.664400440,-0.495657061,1.200000000,0.344647934
1784881125.327094555,14.060000138,7.669261499,-0.492902122,1.200000000,0.344564663
1784881125.337094545,14.070000138,7.674110356,-0.490152377,1.200000000,0.344475148
1784881125.347094536,14.080000138,7.678947029,-0.487407880,1.200000000,0.344379512
1784881125.357094526,14.090000138,7.683771540,-0.484668684,1.200000000,0.344277879
1784881125.367094517,14.100000138,7.688583907,-0.481934841,1.200000000,0.344170371
1784881125.377094507,14.110000138,7.693384153,-0.479206403,1.200000000,0.344057112
1784881125.387094498,14.120000138,7.698172297,-0.476483420,1.200000000,0.343938225
1784881125.397094488,14.130000138,7.702948363,-0.473765943,1.200000000,0.343813832
1784881125.407094479,14.140000138,7.707712372,-0.471054020,1.200000000,0.343684058
1784881125.417094469,14.150000138,7.712464347,-0.468347701,1.200000000,0.343549024
1784881125.427094460,14.160000138,7.717204311,-0.465647033,1.200000000,0.343408855
1784881125.437094450,14.170000138,7.721932286,-0.462952064,1.200000000,0.343263673
1784881125.447094440,14.180000138,7.726648296,-0.460262841,1.200000000,0.343113601
1784881125.457094431,14.190000138,7.731352364,-0.457579409,1.200000000,0.342958763
1784881125.467094421,14.200000138,7.736044513,-0.454901814,1.200000000,0.342799281
1784881125.477094412,14.210000138,7.740724767,-0.452230102,1.200000000,0.342635279
1784881125.487094402,14.220000138,7.745393149,-0.449564317,1.200000000,0.342466879
1784881125.497094393,14.230000138,7.750049683,-0.446904504,1.200000000,0.342294205
1784881125.507094622,14.240000138,7.754694390,-0.444250706,1.200000000,0.342117380
1784881125.517094612,14.250000138,7.759327295,-0.441602966,1.200000000,0.341936527
1784881125.527094603,14.260000138,7.763948419,-0.438961328,1.200000000,0.341751769
1784881125.537094593,14.270000138,7.768557785,-0.436325833,1.200000000,0.341563229
1784881125.547094584,14.280000138,7.773155414,-0.433696525,1.200000000,0.341371031
1784881125.557094574,14.290000138,7.777741327,-0.431073446,1.200000000,0.341175297
1784881125.567094564,14.300000138,7.782315546,-0.428456636,1.200000000,0.340976150
1784881125.577094555,14.310000138,7.786878089,-0.425846138,1.200000000,0.340773713
1784881125.587094545,14.320000138,7.791428976,-0.423241993,1.200000000,0.340568111
1784881125.597094536,14.330000138,7.795968226,-0.420644243,1.200000000,0.340359465
1784881125.607094526,14.340000138,7.800495855,-0.418052927,1.200000000,0.340147898
1784881125.617094517,14.350000138,7.805011882,-0.415468088,1.200000000,0.339933535
1784881125.627094507,14.360000138,7.809516320,-0.412889766,1.200000000,0.339716498
1784881125.637094498,14.370000138,7.814009185,-0.410318002,1.200000000,0.339496910
1784881125.647094488,14.380000138,7.818490490,-0.407752837,1.200000000,0.339274894
1784881125.657094479,14.390000138,7.822960248,-0.405194313,1.200000000,0.339050573
1784881125.667094469,14.400000138,7.827418468,-0.402642470,1.200000000,0.338824070
1784881125.677094460,14.410000138,7.831865160,-0.400097349,1.200000000,0.338595509
1784881125.687094450,14.420000138,7.836300332,-0.397558993,1.200000000,0.338365013
1784881125.697094440,14.430000138,7.840723990,-0.395027443,1.200000000,0.338132704
1784881125.707094431,14.440000138,7.845136138,-0.392502740,1.200000000,0.337898706
1784881125.717094421,14.450000138,7.849536780,-0.389984927,1.200000000,0.337663142
1784881125.727094412,14.460000138,7.853925916,-0.387474048,1.200000000,0.337426134
1784881125.737094402,14.470000138,7.858303546,-0.384970144,1.200000000,0.337187807
1784881125.747094393,14.480000138,7.862669665,-0.382473259,1.200000000,0.336948283
1784881125.757094622,14.490000138,7.867024269,-0.379983438,1.200000000,0.336707685
1784881125.767094612,14.500000138,7.871367351,-0.377500725,1.200000000,0.336466136
1784881125.777094603,14.510000138,7.875698899,-0.375025165,1.200000000,0.336223759
1784881125.787094593,14.520000138,7.880018903,-0.372556804,1.200000000,0.335980679
1784881125.797094584,14.530000138,7.884327348,-0.370095688,1.200000000,0.335737016
1784881125.807094574,14.540000138,7.888624215,-0.367641865,1.200000000,0.335492896
1784881125.817094564,14.550000138,7.892909484,-0.365195382,1.200000000,0.335248440
1784881125.827094555,14.560000138,7.897183134,-0.362756288,1.200000000,0.335003771
1784881125.837094545,14.570000138,7.901445137,-0.360324633,1.200000000,0.334759014
1784881125.847094536,14.580000138,7.905695464,-0.357900468,1.200000000,0.334514291
1784881125.857094526,14.590000138,7.909934084,-0.355483844,1.200000000,0.334269725
1784881125.867094517,14.600000138,7.914160960,-0.353074813,1.200000000,0.334025439
1784881125.877094507,14.610000138,7.918376055,-0.350673430,1.200000000,0.333781557
1784881125.887094498,14.620000138,7.922579324,-0.348279750,1.200000000,0.333538201
1784881125.897094488,14.630000138,7.926770723,-0.345893828,1.200000000,0.333295494
1784881125.907094479,14.640000138,7.930950201,-0.343515723,1.200000000,0.333053560
1784881125.917094469,14.650000138,7.935117705,-0.341145492,1.200000000,0.332812522
1784881125.927094460,14.660000138,7.939273177,-0.338783196,1.200000000,0.332572502
1784881125.937094450,14.670000138,7.943416555,-0.336428897,1.200000000,0.332333625
1784881125.947094440,14.680000138,7.947547774,-0.334082657,1.200000000,0.332096012
1784881125.957094431,14.690000138,7.951666762,-0.331744541,1.200000000,0.331859787
1784881125.967094421,14.700000138,7.955773445,-0.329414616,1.200000000,0.331625074
1784881125.977094412,14.710000138,7.959867744,-0.327092949,1.200000000,0.331391995
1784881125.987094402,14.720000138,7.963949573,-0.324779611,1.200000000,0.331160673
1784881125.997094393,14.730000138,7.968018845,-0.322474672,1.200000000,0.330931231
1784881126.007094622,14.740000138,7.972075465,-0.320178207,1.200000000,0.330703793
1784881126.017094612,14.750000138,7.976119333,-0.317890290,1.200000000,0.330478482
1784881126.027094603,14.760000138,7.980150345,-0.315611000,1.200000000,0.330255420
1784881126.037094593,14.770000138,7.984168391,-0.313340415,1.200000000,0.330034731
1784881126.047094584,14.780000138,7.988173356,-0.311078617,1.200000000,0.329816538
1784881126.057094574,14.790000138,7.992165118,-0.308825691,1.200000000,0.329600965
1784881126.067094564,14.800000138,7.996143550,-0.306581723,1.200000000,0.329388133
1784881126.077094555,14.810000138,8.000108519,-0.304346800,1.200000000,0.329178166
1784881126.087094545,14.820000138,8.004059885,-0.302121015,1.200000000,0.328971187
1784881126.097094536,14.830000138,8.007997504,-0.299904461,1.200000000,0.328767320
1784881126.107094526,14.840000138,8.011921222,-0.297697233,1.200000000,0.328566688
1784881126.117094517,14.850000138,8.015830882,-0.295499432,1.200000000,0.328369413
1784881126.127094507,14.860000138,8.019726318,-0.293311158,1.200000000,0.328175618
1784881126.137094498,14.870000138,8.023607358,-0.291132515,1.200000000,0.327985427
1784881126.147094488,14.880000138,8.027473822,-0.288963612,1.200000000,0.327798963
1784881126.157094479,14.890000138,8.031325524,-0.286804559,1.200000000,0.327616349
1784881126.167094469,14.900000138,8.035162270,-0.284655468,1.200000000,0.327437708
1784881126.177094460,14.910000138,8.038983859,-0.282516457,1.200000000,0.327263164
1784881126.187094450,14.920000138,8.042790081,-0.280387645,1.200000000,0.327092838
1784881126.197094440,14.930000138,8.046580718,-0.278269155,1.200000000,0.326926854
1784881126.207094431,14.940000138,8.050355547,-0.276161114,1.200000000,0.326765336
1784881126.217094421,14.950000138,8.054114333,-0.274063652,1.200000000,0.326608407
1784881126.227094412,14.960000138,8.057856835,-0.271976901,1.200000000,0.326456189
1784881126.237094402,14.970000138,8.061582803,-0.269901000,1.200000000,0.326308595
1784881126.247094393,14.980000138,8.065291977,-0.267836088,1.200000000,0.326163906
1784881126.257094622,14.990000138,8.068984089,-0.265782312,1.200000000,0.326019637
1784881126.267094612,15.000000138,8.072658863,-0.263739819,1.200000000,0.325873298
1784881126.277094603,15.010000138,8.076316011,-0.261708761,1.200000000,0.325722399
1784881126.287094593,15.020000138,8.079955239,-0.259689297,1.200000000,0.325564452
1784881126.297094584,15.030000138,8.083576240,-0.257681586,1.200000000,0.325396967
1784881126.307094574,15.040000138,8.087178699,-0.255685793,1.200000000,0.325217455
1784881126.317094564,15.050000138,8.090762292,-0.253702089,1.200000000,0.325023426
1784881126.327094555,15.060000138,8.094326682,-0.251730646,1.200000000,0.324812392
1784881126.337094545,15.070000138,8.097871524,-0.249771644,1.200000000,0.324581862
1784881126.347094536,15.080000138,8.101396463,-0.247825265,1.200000000,0.324329347
1784881126.357094526,15.090000138,8.104901131,-0.245891697,1.200000000,0.324052358
1784881126.367094517,15.100000138,8.108385153,-0.243971131,1.200000000,0.323748406
1784881126.377094507,15.110000138,8.111848139,-0.242063766,1.200000000,0.323415002
1784881126.387094498,15.120000138,8.115289691,-0.240169802,1.200000000,0.323049655
1784881126.397094488,15.130000138,8.118709400,-0.238289446,1.200000000,0.322649877
1784881126.407094479,15.140000138,8.122106846,-0.236422909,1.200000000,0.322213178
1784881126.417094469,15.150000138,8.125481597,-0.234570407,1.200000000,0.321737069
1784881126.427094460,15.160000138,8.128833211,-0.232732161,1.200000000,0.321219061
1784881126.437094450,15.170000138,8.132161235,-0.230908398,1.200000000,0.320656664
1784881126.447094440,15.180000138,8.135465205,-0.229099346,1.200000000,0.320047389
1784881126.457094431,15.190000138,8.138744647,-0.227305242,1.200000000,0.319388746
1784881126.467094421,15.200000138,8.141999075,-0.225526324,1.200000000,0.318678247
1784881126.477094412,15.210000138,8.145227993,-0.223762839,1.200000000,0.317913401
1784881126.487094402,15.220000138,8.148430895,-0.222015035,1.200000000,0.317091720
1784881126.497094393,15.230000138,8.151607265,-0.220283164,1.200000000,0.316210714
1784881126.507094622,15.240000138,8.154756576,-0.218567486,1.200000000,0.315267894
1784881126.517094612,15.250000138,8.157878291,-0.216868262,1.200000000,0.314260771
1784881126.527094603,15.260000138,8.160971867,-0.215185759,1.200000000,0.313186854
1784881126.537094593,15.270000138,8.164036746,-0.213520245,1.200000000,0.312043655
1784881126.547094584,15.280000138,8.167072368,-0.211871996,1.200000000,0.310828685
1784881126.557094574,15.290000138,8.170078158,-0.210241288,1.200000000,0.309539454
1784881126.567094564,15.300000138,8.173053539,-0.208628401,1.200000000,0.308173472
1784881126.577094555,15.310000138,8.175997924,-0.207033620,1.200000000,0.306728251
1784881126.587094545,15.320000138,8.178910718,-0.205457230,1.200000000,0.305201301
1784881126.597094536,15.330000138,8.181791321,-0.203899521,1.200000000,0.303590132
1784881126.607094526,15.340000138,8.184639128,-0.202360782,1.200000000,0.301892256
1784881126.617094517,15.350000138,8.187453529,-0.200841308,1.200000000,0.300105183
1784881126.627094507,15.360000138,8.190233908,-0.199341392,1.200000000,0.298226423
1784881126.637094498,15.370000138,8.192979648,-0.197861329,1.200000000,0.296253488
1784881126.647094488,15.380000138,8.195690128,-0.196401415,1.200000000,0.294183888
1784881126.657094479,15.390000138,8.198364724,-0.194961947,1.200000000,0.292015133
1784881126.667094469,15.400000138,8.201002815,-0.193543220,1.200000000,0.289744735
1784881126.677094460,15.410000138,8.203603776,-0.192145530,1.200000000,0.287370203
1784881126.687094450,15.420000138,8.206166986,-0.190769169,1.200000000,0.284889049
1784881126.697094440,15.430000138,8.208691825,-0.189414431,1.200000000,0.282298783
1784881126.707094431,15.440000138,8.211177678,-0.188081604,1.200000000,0.279596916
1784881126.717094421,15.450000138,8.213623934,-0.186770976,1.200000000,0.276780959
1784881126.727094412,15.460000138,8.216029987,-0.185482828,1.200000000,0.273848421
1784881126.737094402,15.470000138,8.218395239,-0.184217439,1.200000000,0.270796815
1784881126.747094393,15.480000138,8.220719103,-0.182975083,1.200000000,0.267623650
1784881126.757094622,15.490000138,8.223001000,-0.181756027,1.200000000,0.264326437
1784881126.767094612,15.500000138,8.225240364,-0.180560531,1.200000000,0.260902690
1784881126.777094603,15.510000138,8.227436641,-0.179388850,1.200000000,0.257351826
1784881126.787094593,15.520000138,8.229589295,-0.178241227,1.200000000,0.253678232
1784881126.797094584,15.530000138,8.231697805,-0.177117898,1.200000000,0.249887101
1784881126.807094574,15.540000138,8.233761670,-0.176019090,1.200000000,0.245983625
1784881126.817094564,15.550000138,8.235780409,-0.174945017,1.200000000,0.241972995
1784881126.827094555,15.560000138,8.237753564,-0.173895881,1.200000000,0.237860405
1784881126.837094545,15.570000138,8.239680703,-0.172871871,1.200000000,0.233651046
1784881126.847094536,15.580000138,8.241561420,-0.171873163,1.200000000,0.229350110
1784881126.857094526,15.590000138,8.243395335,-0.170899918,1.200000000,0.224962789
1784881126.867094517,15.600000138,8.245182104,-0.169952279,1.200000000,0.220494276
1784881126.877094507,15.610000138,8.246921412,-0.169030374,1.200000000,0.215949762
1784881126.887094498,15.620000138,8.248612980,-0.168134311,1.200000000,0.211334440
1784881126.897094488,15.630000138,8.250256566,-0.167264182,1.200000000,0.206653501
1784881126.907094479,15.640000138,8.251851966,-0.166420054,1.200000000,0.201912138
1784881126.917094469,15.650000138,8.253399018,-0.165601979,1.200000000,0.197115543
1784881126.927094460,15.660000138,8.254897602,-0.164809981,1.200000000,0.192268908
1784881126.937094450,15.670000138,8.256347643,-0.164044066,1.200000000,0.187377425
1784881126.947094440,15.680000138,8.257749110,-0.163304214,1.200000000,0.182446286
1784881126.957094431,15.690000138,8.259102023,-0.162590381,1.200000000,0.177480683
1784881126.967094421,15.700000138,8.260406450,-0.161902496,1.200000000,0.172485809
1784881126.977094412,15.710000138,8.261662509,-0.161240464,1.200000000,0.167466855
1784881126.987094402,15.720000138,8.262870372,-0.160604163,1.200000000,0.162429013
1784881126.997094393,15.730000138,8.264030264,-0.159993442,1.200000000,0.157377476
1784881127.007094622,15.740000138,8.265142466,-0.159408123,1.200000000,0.152317436
1784881127.017094612,15.750000138,8.266207313,-0.158848001,1.200000000,0.147254084
1784881127.027094603,15.760000138,8.267225199,-0.158312839,1.200000000,0.142192614
1784881127.037094593,15.770000138,8.268196573,-0.157802373,1.200000000,0.137138216
1784881127.047094584,15.780000138,8.269121945,-0.157316308,1.200000000,0.132096084
1784881127.057094574,15.790000138,8.270001881,-0.156854320,1.200000000,0.127071408
1784881127.067094564,15.800000138,8.270837008,-0.156416056,1.200000000,0.122069382
1784881127.077094555,15.810000138,8.271628012,-0.156001131,1.200000000,0.117095197
1784881127.087094545,15.820000138,8.272375636,-0.155609131,1.200000000,0.112154046
1784881127.097094536,15.830000138,8.273080683,-0.155239614,1.200000000,0.107251120
1784881127.107094526,15.840000138,8.273744013,-0.154892106,1.200000000,0.102391612
1784881127.117094517,15.850000138,8.274366546,-0.154566107,1.200000000,0.097580713
1784881127.127094507,15.860000138,8.274949254,-0.154261086,1.200000000,0.092823617
1784881127.137094498,15.870000138,8.275493167,-0.153976485,1.200000000,0.088125514
1784881127.147094488,15.880000138,8.275999368,-0.153711721,1.200000000,0.083491597
1784881127.157094479,15.890000138,8.276468993,-0.153466182,1.200000000,0.078927058
1784881127.167094469,15.900000138,8.276903224,-0.153239234,1.200000000,0.074437090
1784881127.177094460,15.910000138,8.277303296,-0.153030217,1.200000000,0.070026883
1784881127.187094450,15.920000138,8.277670484,-0.152838450,1.200000000,0.065701631
1784881127.197094440,15.930000138,8.278006110,-0.152663229,1.200000000,0.061466526
1784881127.207094431,15.940000138,8.278311530,-0.152503834,1.200000000,0.057326759
1784881127.217094421,15.950000138,8.278588140,-0.152359524,1.200000000,0.053287523
1784881127.227094412,15.960000138,8.278837365,-0.152229546,1.200000000,0.049354009
1784881127.237094402,15.970000138,8.279060659,-0.152113130,1.200000000,0.045531410
1784881127.247094393,15.980000138,8.279259498,-0.152009497,1.200000000,0.041824918
1784881127.257094622,15.990000138,8.279435379,-0.151917860,1.200000000,0.038239726
1784881127.267094612,16.000000138,8.279589809,-0.151837424,1.200000000,0.034781024
1784881127.277094603,16.010000138,8.279724304,-0.151767393,1.200000000,0.031454005
1784881127.287094593,16.020000138,8.279840383,-0.151706970,1.200000000,0.028263862
1784881127.297094584,16.030000138,8.279939559,-0.151655360,1.200000000,0.025215786
1784881127.307094574,16.040000138,8.280023334,-0.151611778,1.200000000,0.022314970
1784881127.317094564,16.050000138,8.280093193,-0.151575446,1.200000000,0.019566605
1784881127.327094555,16.060000138,8.280150593,-0.151545602,1.200000000,0.016975884
1784881127.337094545,16.070000138,8.280196960,-0.151521501,1.200000000,0.014547999
1784881127.347094536,16.080000138,8.280233674,-0.151502423,1.200000000,0.012288142
1784881127.357094526,16.090000138,8.280262068,-0.151487672,1.200000000,0.010201504
1784881127.367094517,16.100000138,8.280283414,-0.151476586,1.200000000,0.008293279
1784881127.377094507,16.110000138,8.280298912,-0.151468539,1.200000000,0.006568657
1784881127.387094498,16.120000138,8.280309684,-0.151462947,1.200000000,0.005032832
1784881127.397094488,16.130000138,8.280316761,-0.151459274,1.200000000,0.003690995
1784881127.407094479,16.140000138,8.280321072,-0.151457037,1.200000000,0.002548339
1784881127.417094469,16.150000138,8.280323432,-0.151455813,1.200000000,0.001610055
1784881127.427094460,16.160000138,8.280324530,-0.151455244,1.200000000,0.000881336
1784881127.437094450,16.170000138,8.280324918,-0.151455042,1.200000000,0.000367373
1784881127.447094440,16.180000138,8.280324997,-0.151455002,1.200000000,0.000073359
1784881127.455117941,16.188023449,8.280325000,-0.151455000,1.200000000,-0.000000000
