stamp,elapsed,x,y,z,yaw
1784881075.473757267,0.000000194,-0.261959000,-0.006230000,1.200000000,-0.039639000
1784881075.483757257,0.010000194,-0.261958994,-0.006229999,1.200000000,-0.039643388
1784881075.493757248,0.020000194,-0.261958909,-0.006229986,1.200000000,-0.039656368
1784881075.503757238,0.030000194,-0.261958547,-0.006229929,1.200000000,-0.039677660
1784881075.513757229,0.040000194,-0.261957588,-0.006229778,1.200000000,-0.039706986
1784881075.523757219,0.050000194,-0.261955598,-0.006229465,1.200000000,-0.039744068
1784881075.533757210,0.060000194,-0.261952038,-0.006228906,1.200000000,-0.039788626
1784881075.543757200,0.070000194,-0.261946270,-0.006228000,1.200000000,-0.039840383
1784881075.553757191,0.080000194,-0.261937567,-0.006226632,1.200000000,-0.039899059
1784881075.563757181,0.090000194,-0.261925118,-0.006224677,1.200000000,-0.039964376
1784881075.573757172,0.100000194,-0.261908036,-0.006221994,1.200000000,-0.040036056
1784881075.583757162,0.110000194,-0.261885365,-0.006218435,1.200000000,-0.040113819
1784881075.593757153,0.120000194,-0.261856085,-0.006213839,1.200000000,-0.040197388
1784881075.603757143,0.130000194,-0.261819122,-0.006208037,1.200000000,-0.040286483
1784881075.613757133,0.140000194,-0.261773348,-0.006200855,1.200000000,-0.040380827
1784881075.623757124,0.150000194,-0.261717592,-0.006192107,1.200000000,-0.040480140
1784881075.633757114,0.160000194,-0.261650644,-0.006181606,1.200000000,-0.040584143
1784881075.643757105,0.170000194,-0.261571259,-0.006169157,1.200000000,-0.040692559
1784881075.653757334,0.180000194,-0.261478164,-0.006154561,1.200000000,-0.040805109
1784881075.663757324,0.190000194,-0.261370061,-0.006137615,1.200000000,-0.040921514
1784881075.673757315,0.200000194,-0.261245634,-0.006118115,1.200000000,-0.041041496
1784881075.683757305,0.210000194,-0.261103551,-0.006095852,1.200000000,-0.041164775
1784881075.693757296,0.220000194,-0.260942470,-0.006070619,1.200000000,-0.041291074
1784881075.703757286,0.230000194,-0.260761043,-0.006042204,1.200000000,-0.041420113
1784881075.713757277,0.240000194,-0.260557917,-0.006010398,1.200000000,-0.041551615
1784881075.723757267,0.250000194,-0.260331742,-0.005974992,1.200000000,-0.041685300
1784881075.733757257,0.260000194,-0.260081173,-0.005935776,1.200000000,-0.041820890
1784881075.743757248,0.270000194,-0.259804871,-0.005892544,1.200000000,-0.041958107
1784881075.753757238,0.280000194,-0.259501508,-0.005845088,1.200000000,-0.042096671
1784881075.763757229,0.290000194,-0.259169770,-0.005793208,1.200000000,-0.042236305
1784881075.773757219,0.300000194,-0.258808359,-0.005736700,1.200000000,-0.042376729
1784881075.783757210,0.310000194,-0.258415998,-0.005675370,1.200000000,-0.042517665
1784881075.793757200,0.320000194,-0.257991430,-0.005609022,1.200000000,-0.042658835
1784881075.803757191,0.330000194,-0.257533419,-0.005537468,1.200000000,-0.042799959
1784881075.813757181,0.340000194,-0.257040760,-0.005460521,1.200000000,-0.042940760
1784881075.823757172,0.350000194,-0.256512272,-0.005378001,1.200000000,-0.043080958
1784881075.833757162,0.360000194,-0.255946804,-0.005289731,1.200000000,-0.043220276
1784881075.843757153,0.370000194,-0.255343237,-0.005195541,1.200000000,-0.043358434
1784881075.853757143,0.380000194,-0.254700484,-0.005095264,1.200000000,-0.043495153
1784881075.863757133,0.390000194,-0.254017491,-0.004988741,1.200000000,-0.043630157
1784881075.873757124,0.400000194,-0.253293241,-0.004875817,1.200000000,-0.043763164
1784881075.883757114,0.410000194,-0.252526753,-0.004756343,1.200000000,-0.043893898
1784881075.893757105,0.420000194,-0.251717081,-0.004630177,1.200000000,-0.044022080
1784881075.903757334,0.430000194,-0.250863319,-0.004497182,1.200000000,-0.044147430
1784881075.913757324,0.440000194,-0.249964600,-0.004357228,1.200000000,-0.044269671
1784881075.923757315,0.450000194,-0.249020095,-0.004210191,1.200000000,-0.044388523
1784881075.933757305,0.460000194,-0.248029016,-0.004055954,1.200000000,-0.044503709
1784881075.943757296,0.470000194,-0.246990614,-0.003894407,1.200000000,-0.044614949
1784881075.953757286,0.480000194,-0.245904181,-0.003725444,1.200000000,-0.044721966
1784881075.963757277,0.490000194,-0.244769050,-0.003548968,1.200000000,-0.044824479
1784881075.973757267,0.500000194,-0.243584596,-0.003364887,1.200000000,-0.044922212
1784881075.983757257,0.510000194,-0.242350232,-0.003173118,1.200000000,-0.045014884
1784881075.993757248,0.520000194,-0.241065415,-0.002973582,1.200000000,-0.045102218
1784881076.003757238,0.530000194,-0.239729639,-0.002766208,1.200000000,-0.045183936
1784881076.013757229,0.540000194,-0.238342440,-0.002550930,1.200000000,-0.045259757
1784881076.023757219,0.550000194,-0.236903396,-0.002327689,1.200000000,-0.045329405
1784881076.033757210,0.560000194,-0.235412121,-0.002096435,1.200000000,-0.045392600
1784881076.043757200,0.570000194,-0.233868272,-0.001857120,1.200000000,-0.045449063
1784881076.053757191,0.580000194,-0.232271540,-0.001609704,1.200000000,-0.045498516
1784881076.063757181,0.590000194,-0.230621659,-0.001354155,1.200000000,-0.045540681
1784881076.073757172,0.600000194,-0.228918396,-0.001090445,1.200000000,-0.045575279
1784881076.083757162,0.610000194,-0.227161559,-0.000818551,1.200000000,-0.045602031
1784881076.093757153,0.620000194,-0.225350988,-0.000538457,1.200000000,-0.045620659
1784881076.103757143,0.630000194,-0.223486562,-0.000250154,1.200000000,-0.045630884
1784881076.113757133,0.640000194,-0.221568191,0.000046364,1.200000000,-0.045632428
1784881076.123757124,0.650000194,-0.219595822,0.000351096,1.200000000,-0.045625011
1784881076.133757114,0.660000194,-0.217569432,0.000664037,1.200000000,-0.045608356
1784881076.143757105,0.670000194,-0.215489031,0.000985175,1.200000000,-0.045582184
1784881076.153757334,0.680000194,-0.213354661,0.001314495,1.200000000,-0.045546215
1784881076.163757324,0.690000194,-0.211166392,0.001651976,1.200000000,-0.045500172
1784881076.173757315,0.700000194,-0.208924325,0.001997593,1.200000000,-0.045443777
1784881076.183757305,0.710000194,-0.206628588,0.002351317,1.200000000,-0.045376749
1784881076.193757296,0.720000194,-0.204279336,0.002713114,1.200000000,-0.045298812
1784881076.203757286,0.730000194,-0.201876751,0.003082945,1.200000000,-0.045209685
1784881076.213757277,0.740000194,-0.199421041,0.003460768,1.200000000,-0.045109092
1784881076.223757267,0.750000194,-0.196912435,0.003846538,1.200000000,-0.044996756
1784881076.233757257,0.760000194,-0.194351189,0.004240204,1.200000000,-0.044872568
1784881076.243757248,0.770000194,-0.191737580,0.004641714,1.200000000,-0.044736645
1784881076.253757238,0.780000194,-0.189071906,0.005051011,1.200000000,-0.044589121
1784881076.263757229,0.790000194,-0.186354486,0.005468036,1.200000000,-0.044430131
1784881076.273757219,0.800000194,-0.183585658,0.005892724,1.200000000,-0.044259808
1784881076.283757210,0.810000194,-0.180765782,0.006325011,1.200000000,-0.044078286
1784881076.293757200,0.820000194,-0.177895232,0.006764828,1.200000000,-0.043885699
1784881076.303757191,0.830000194,-0.174974400,0.007212102,1.200000000,-0.043682182
1784881076.313757181,0.840000194,-0.172003697,0.007666762,1.200000000,-0.043467868
1784881076.323757172,0.850000194,-0.168983547,0.008128729,1.200000000,-0.043242891
1784881076.333757162,0.860000194,-0.165914388,0.008597926,1.200000000,-0.043007385
1784881076.343757153,0.870000194,-0.162796675,0.009074272,1.200000000,-0.042761484
1784881076.353757143,0.880000194,-0.159630875,0.009557684,1.200000000,-0.042505323
1784881076.363757133,0.890000194,-0.156417465,0.010048077,1.200000000,-0.042239034
1784881076.373757124,0.900000194,-0.153156938,0.010545364,1.200000000,-0.041962753
1784881076.383757114,0.910000194,-0.149849794,0.011049458,1.200000000,-0.041676612
1784881076.393757105,0.920000194,-0.146496546,0.011560269,1.200000000,-0.041380747
1784881076.403757334,0.930000194,-0.143097717,0.012077705,1.200000000,-0.041075291
1784881076.413757324,0.940000194,-0.139653836,0.012601675,1.200000000,-0.040760377
1784881076.423757315,0.950000194,-0.136165444,0.013132083,1.200000000,-0.040436141
1784881076.433757305,0.960000194,-0.132633086,0.013668836,1.200000000,-0.040102716
1784881076.443757296,0.970000194,-0.129057317,0.014211837,1.200000000,-0.039760236
1784881076.453757286,0.980000194,-0.125438698,0.014760989,1.200000000,-0.039408834
1784881076.463757277,0.990000194,-0.121777794,0.015316195,1.200000000,-0.039048646
1784881076.473757267,1.000000194,-0.118075177,0.015877356,1.200000000,-0.038679804
1784881076.483757257,1.010000194,-0.114331424,0.016444374,1.200000000,-0.038302444
1784881076.493757248,1.020000194,-0.110547116,0.017017147,1.200000000,-0.037916698
1784881076.503757238,1.030000194,-0.106722835,0.017595578,1.200000000,-0.037522701
1784881076.513757229,1.040000194,-0.102859170,0.018179564,1.200000000,-0.037120587
1784881076.523757219,1.050000194,-0.098956709,0.018769005,1.200000000,-0.036710490
1784881076.533757210,1.060000194,-0.095016046,0.019363801,1.200000000,-0.036292543
1784881076.543757200,1.070000194,-0.091037773,0.019963849,1.200000000,-0.035866882
1784881076.553757191,1.080000194,-0.087022485,0.020569050,1.200000000,-0.035433639
1784881076.563757181,1.090000194,-0.082970777,0.021179301,1.200000000,-0.034992949
1784881076.573757172,1.100000194,-0.078883244,0.021794503,1.200000000,-0.034544946
1784881076.583757162,1.110000194,-0.074760482,0.022414553,1.200000000,-0.034089763
1784881076.593757153,1.120000194,-0.070603084,0.023039351,1.200000000,-0.033627535
1784881076.603757143,1.130000194,-0.066411645,0.023668798,1.200000000,-0.033158396
1784881076.613757133,1.140000194,-0.062186756,0.024302792,1.200000000,-0.032682480
1784881076.623757124,1.150000194,-0.057929007,0.024941236,1.200000000,-0.032199920
1784881076.633757114,1.160000194,-0.053638985,0.025584029,1.200000000,-0.031710851
1784881076.643757105,1.170000194,-0.049317277,0.026231074,1.200000000,-0.031215406
1784881076.653757334,1.180000194,-0.044964463,0.026882272,1.200000000,-0.030713721
1784881076.663757324,1.190000194,-0.040581123,0.027537527,1.200000000,-0.030205927
1784881076.673757315,1.200000194,-0.036167831,0.028196742,1.200000000,-0.029692161
1784881076.683757305,1.210000194,-0.031725159,0.028859822,1.200000000,-0.029172554
1784881076.693757296,1.220000194,-0.027253674,0.029526672,1.200000000,-0.028647243
1784881076.703757286,1.230000194,-0.022753938,0.030197198,1.200000000,-0.028116360
1784881076.713757277,1.240000194,-0.018226508,0.030871307,1.200000000,-0.027580039
1784881076.723757267,1.250000194,-0.013671937,0.031548908,1.200000000,-0.027038415
1784881076.733757257,1.260000194,-0.009090770,0.032229909,1.200000000,-0.026491622
1784881076.743757248,1.270000194,-0.004483550,0.032914222,1.200000000,-0.025939793
1784881076.753757238,1.280000194,0.000149188,0.033601756,1.200000000,-0.025383062
1784881076.763757229,1.290000194,0.004806917,0.034292426,1.200000000,-0.024821564
1784881076.773757219,1.300000194,0.009489112,0.034986143,1.200000000,-0.024255432
1784881076.783757210,1.310000194,0.014195258,0.035682825,1.200000000,-0.023684801
1784881076.793757200,1.320000194,0.018924847,0.036382385,1.200000000,-0.023109804
1784881076.803757191,1.330000194,0.023677375,0.037084743,1.200000000,-0.022530575
1784881076.813757181,1.340000194,0.028452347,0.037789816,1.200000000,-0.021947249
1784881076.823757172,1.350000194,0.033249277,0.038497526,1.200000000,-0.021359959
1784881076.833757162,1.360000194,0.038067684,0.039207793,1.200000000,-0.020768839
1784881076.843757153,1.370000194,0.042907096,0.039920540,1.200000000,-0.020174024
1784881076.853757143,1.380000194,0.047767049,0.040635693,1.200000000,-0.019575646
1784881076.863757133,1.390000194,0.052647085,0.041353176,1.200000000,-0.018973842
1784881076.873757124,1.400000194,0.057546757,0.042072917,1.200000000,-0.018368743
1784881076.883757114,1.410000194,0.062465624,0.042794846,1.200000000,-0.017760485
1784881076.893757105,1.420000194,0.067403255,0.043518891,1.200000000,-0.017149201
1784881076.903757334,1.430000194,0.072359227,0.044244986,1.200000000,-0.016535025
1784881076.913757324,1.440000194,0.077333125,0.044973064,1.200000000,-0.015918091
1784881076.923757315,1.450000194,0.082324543,0.045703060,1.200000000,-0.015298533
1784881076.933757305,1.460000194,0.087333083,0.046434910,1.200000000,-0.014676486
1784881076.943757296,1.470000194,0.092358358,0.047168553,1.200000000,-0.014052083
1784881076.953757286,1.480000194,0.097399988,0.047903928,1.200000000,-0.013425457
1784881076.963757277,1.490000194,0.102457602,0.048640977,1.200000000,-0.012796744
1784881076.973757267,1.500000194,0.107530839,0.049379643,1.200000000,-0.012166077
1784881076.983757257,1.510000194,0.112619347,0.050119872,1.200000000,-0.011533590
1784881076.993757248,1.520000194,0.117722781,0.050861608,1.200000000,-0.010899417
1784881077.003757238,1.530000194,0.122840808,0.051604801,1.200000000,-0.010263693
1784881077.013757229,1.540000194,0.127973102,0.052349400,1.200000000,-0.009626550
1784881077.023757219,1.550000194,0.133119348,0.053095356,1.200000000,-0.008988123
1784881077.033757210,1.560000194,0.138279238,0.053842623,1.200000000,-0.008348546
1784881077.043757200,1.570000194,0.143452476,0.054591154,1.200000000,-0.007707953
1784881077.053757191,1.580000194,0.148638772,0.055340907,1.200000000,-0.007066478
1784881077.063757181,1.590000194,0.153837847,0.056091840,1.200000000,-0.006424255
1784881077.073757172,1.600000194,0.159049431,0.056843911,1.200000000,-0.005781418
1784881077.083757162,1.610000194,0.164273263,0.057597083,1.200000000,-0.005138101
1784881077.093757153,1.620000194,0.169509091,0.058351318,1.200000000,-0.004494437
1784881077.103757143,1.630000194,0.174756672,0.059106581,1.200000000,-0.003850562
1784881077.113757133,1.640000194,0.180015772,0.059862839,1.200000000,-0.003206608
1784881077.123757124,1.650000194,0.185286167,0.060620058,1.200000000,-0.002562710
1784881077.133757114,1.660000194,0.190567639,0.061378209,1.200000000,-0.001919002
1784881077.143757105,1.670000194,0.195859982,0.062137262,1.200000000,-0.001275618
1784881077.153757334,1.680000194,0.201162997,0.062897191,1.200000000,-0.000632692
1784881077.163757324,1.690000194,0.206476496,0.063657969,1.200000000,0.000009643
1784881077.173757315,1.700000194,0.211800296,0.064419573,1.200000000,0.000651252
1784881077.183757305,1.710000194,0.217134225,0.065181980,1.200000000,0.001292001
1784881077.193757296,1.720000194,0.222478120,0.065945169,1.200000000,0.001931757
1784881077.203757286,1.730000194,0.227831825,0.066709120,1.200000000,0.002570385
1784881077.213757277,1.740000194,0.233195192,0.067473816,1.200000000,0.003207751
1784881077.223757267,1.750000194,0.238568083,0.068239239,1.200000000,0.003843721
1784881077.233757257,1.760000194,0.243950368,0.069005376,1.200000000,0.004478162
1784881077.243757248,1.770000194,0.249341922,0.069772213,1.200000000,0.005110939
1784881077.253757238,1.780000194,0.254742631,0.070539737,1.200000000,0.005741919
1784881077.263757229,1.790000194,0.260152388,0.071307938,1.200000000,0.006370967
1784881077.273757219,1.800000194,0.265571094,0.072076807,1.200000000,0.006997949
1784881077.283757210,1.810000194,0.270998656,0.072846337,1.200000000,0.007622732
1784881077.293757200,1.820000194,0.276434991,0.073616520,1.200000000,0.008245181
1784881077.303757191,1.830000194,0.281880020,0.074387351,1.200000000,0.008865163
1784881077.313757181,1.840000194,0.287333676,0.075158828,1.200000000,0.009482543
1784881077.323757172,1.850000194,0.292795893,0.075930947,1.200000000,0.010097188
1784881077.333757162,1.860000194,0.298266617,0.076703708,1.200000000,0.010708963
1784881077.343757153,1.870000194,0.303745798,0.077477111,1.200000000,0.011317735
1784881077.353757143,1.880000194,0.309233394,0.078251156,1.200000000,0.011923370
1784881077.363757133,1.890000194,0.314729369,0.079025848,1.200000000,0.012525732
1784881077.373757124,1.900000194,0.320233693,0.079801189,1.200000000,0.013124690
1784881077.383757114,1.910000194,0.325746343,0.080577184,1.200000000,0.013720108
1784881077.393757105,1.920000194,0.331267301,0.081353840,1.200000000,0.014311853
1784881077.403757334,1.930000194,0.336796556,0.082131164,1.200000000,0.014899790
1784881077.413757324,1.940000194,0.342334101,0.082909165,1.200000000,0.015483786
1784881077.423757315,1.950000194,0.347879938,0.083687851,1.200000000,0.016063707
1784881077.433757305,1.960000194,0.353434071,0.084467233,1.200000000,0.016639419
1784881077.443757296,1.970000194,0.358996511,0.085247322,1.200000000,0.017210787
1784881077.453757286,1.980000194,0.364567273,0.086028132,1.200000000,0.017777678
1784881077.463757277,1.990000194,0.370146378,0.086809675,1.200000000,0.018339957
1784881077.473757267,2.000000194,0.375733851,0.087591965,1.200000000,0.018897491
1784881077.483757257,2.010000194,0.381329723,0.088375019,1.200000000,0.019450147
1784881077.493757248,2.020000194,0.386934027,0.089158851,1.200000000,0.019997789
1784881077.503757238,2.030000194,0.392546803,0.089943479,1.200000000,0.020540283
1784881077.513757229,2.040000194,0.398168094,0.090728921,1.200000000,0.021077497
1784881077.523757219,2.050000194,0.403797946,0.091515195,1.200000000,0.021609295
1784881077.533757210,2.060000194,0.409436409,0.092302320,1.200000000,0.022135544
1784881077.543757200,2.070000194,0.415083539,0.093090316,1.200000000,0.022656111
1784881077.553757191,2.080000194,0.420739392,0.093879204,1.200000000,0.023170860
1784881077.563757181,2.090000194,0.426404031,0.094669006,1.200000000,0.023679657
1784881077.573757172,2.100000194,0.432077517,0.095459742,1.200000000,0.024182370
1784881077.583757162,2.110000194,0.437759920,0.096251436,1.200000000,0.024678864
1784881077.593757153,2.120000194,0.443451308,0.097044112,1.200000000,0.025169005
1784881077.603757143,2.130000194,0.449151753,0.097837791,1.200000000,0.025652659
1784881077.613757133,2.140000194,0.454861331,0.098632500,1.200000000,0.026129691
1784881077.623757124,2.150000194,0.460580119,0.099428261,1.200000000,0.026599969
1784881077.633757114,2.160000194,0.466308195,0.100225102,1.200000000,0.027063358
1784881077.643757105,2.170000194,0.472045641,0.101023046,1.200000000,0.027519723
1784881077.653757334,2.180000194,0.477792539,0.101822120,1.200000000,0.027968932
1784881077.663757324,2.190000194,0.483548974,0.102622351,1.200000000,0.028410850
1784881077.673757315,2.200000194,0.489315032,0.103423764,1.200000000,0.028845343
1784881077.683757305,2.210000194,0.495090800,0.104226387,1.200000000,0.029272277
1784881077.693757296,2.220000194,0.500876366,0.105030248,1.200000000,0.029691518
1784881077.703757286,2.230000194,0.506671820,0.105835373,1.200000000,0.030102933
1784881077.713757277,2.240000194,0.512477250,0.106641790,1.200000000,0.030506386
1784881077.723757267,2.250000194,0.518292749,0.107449527,1.200000000,0.030901745
1784881077.733757257,2.260000194,0.524118408,0.108258613,1.200000000,0.031288875
1784881077.743757248,2.270000194,0.529954317,0.109069075,1.200000000,0.031667642
1784881077.753757238,2.280000194,0.535800568,0.109880941,1.200000000,0.032037912
1784881077.763757229,2.290000194,0.541657254,0.110694241,1.200000000,0.032399552
1784881077.773757219,2.300000194,0.547524467,0.111509002,1.200000000,0.032752427
1784881077.783757210,2.310000194,0.553402296,0.112325253,1.200000000,0.033096403
1784881077.793757200,2.320000194,0.559290835,0.113143022,1.200000000,0.033431346
1784881077.803757191,2.330000194,0.565190173,0.113962338,1.200000000,0.033757123
1784881077.813757181,2.340000194,0.571100400,0.114783230,1.200000000,0.034073599
1784881077.823757172,2.350000194,0.577021606,0.115605725,1.200000000,0.034380642
1784881077.833757162,2.360000194,0.582953880,0.116429852,1.200000000,0.034678205
1784881077.843757153,2.370000194,0.588897307,0.117255638,1.200000000,0.034966368
1784881077.853757143,2.380000194,0.594851976,0.118083113,1.200000000,0.035245222
1784881077.863757133,2.390000194,0.600817970,0.118912303,1.200000000,0.035514858
1784881077.873757124,2.400000194,0.606795375,0.119743236,1.200000000,0.035775365
1784881077.883757114,2.410000194,0.612784271,0.120575940,1.200000000,0.036026834
1784881077.893757105,2.420000194,0.618784739,0.121410441,1.200000000,0.036269357
1784881077.903757334,2.430000194,0.624796860,0.122246768,1.200000000,0.036503022
1784881077.913757324,2.440000194,0.630820709,0.123084945,1.200000000,0.036727922
1784881077.923757315,2.450000194,0.636856363,0.123925000,1.200000000,0.036944146
1784881077.933757305,2.460000194,0.642903896,0.124766959,1.200000000,0.037151785
1784881077.943757296,2.470000194,0.648963378,0.125610847,1.200000000,0.037350930
1784881077.953757286,2.480000194,0.655034879,0.126456690,1.200000000,0.037541671
1784881077.963757277,2.490000194,0.661118467,0.127304512,1.200000000,0.037724098
1784881077.973757267,2.500000194,0.667214206,0.128154338,1.200000000,0.037898303
1784881077.983757257,2.510000194,0.673322159,0.129006193,1.200000000,0.038064375
1784881077.993757248,2.520000194,0.679442387,0.129860100,1.200000000,0.038222405
1784881078.003757238,2.530000194,0.685574947,0.130716082,1.200000000,0.038372484
1784881078.013757229,2.540000194,0.691719894,0.131574162,1.200000000,0.038514702
1784881078.023757219,2.550000194,0.697877281,0.132434362,1.200000000,0.038649150
1784881078.033757210,2.560000194,0.704047159,0.133296705,1.200000000,0.038775918
1784881078.043757200,2.570000194,0.710229574,0.134161212,1.200000000,0.038895097
1784881078.053757191,2.580000194,0.716424570,0.135027904,1.200000000,0.039006778
1784881078.063757181,2.590000194,0.722632191,0.135896800,1.200000000,0.039111050
1784881078.073757172,2.600000194,0.728852473,0.136767921,1.200000000,0.039208005
1784881078.083757162,2.610000194,0.735085453,0.137641286,1.200000000,0.039297732
1784881078.093757153,2.620000194,0.741331165,0.138516914,1.200000000,0.039380323
1784881078.103757143,2.630000194,0.747589637,0.139394823,1.200000000,0.039455868
1784881078.113757133,2.640000194,0.753860897,0.140275029,1.200000000,0.039524458
1784881078.123757124,2.650000194,0.760144968,0.141157551,1.200000000,0.039586182
1784881078.133757114,2.660000194,0.766441872,0.142042404,1.200000000,0.039641132
1784881078.143757105,2.670000194,0.772751625,0.142929604,1.200000000,0.039689398
1784881078.153757334,2.680000194,0.779074242,0.143819166,1.200000000,0.039731071
1784881078.163757324,2.690000194,0.785409734,0.144711104,1.200000000,0.039766241
1784881078.173757315,2.700000194,0.791758109,0.145605432,1.200000000,0.039794999
1784881078.183757305,2.710000194,0.798119371,0.146502164,1.200000000,0.039817435
1784881078.193757296,2.720000194,0.804493523,0.147401310,1.200000000,0.039833639
1784881078.203757286,2.730000194,0.810880562,0.148302883,1.200000000,0.039843703
1784881078.213757277,2.740000194,0.817280482,0.149206894,1.200000000,0.039847717
1784881078.223757267,2.750000194,0.823693277,0.150113354,1.200000000,0.039845771
1784881078.233757257,2.760000194,0.830118933,0.151022271,1.200000000,0.039837955
1784881078.243757248,2.770000194,0.836557436,0.151933654,1.200000000,0.039824361
1784881078.253757238,2.780000194,0.843008767,0.152847512,1.200000000,0.039805080
1784881078.263757229,2.790000194,0.849472905,0.153763851,1.200000000,0.039780200
1784881078.273757219,2.800000194,0.855949825,0.154682680,1.200000000,0.039749813
1784881078.283757210,2.810000194,0.862439498,0.155604002,1.200000000,0.039714010
1784881078.293757200,2.820000194,0.868941892,0.156527824,1.200000000,0.039672881
1784881078.303757191,2.830000194,0.875456973,0.157454150,1.200000000,0.039626517
1784881078.313757181,2.840000194,0.881984703,0.158382983,1.200000000,0.039575007
1784881078.323757172,2.850000194,0.888525040,0.159314327,1.200000000,0.039518444
1784881078.333757162,2.860000194,0.895077938,0.160248182,1.200000000,0.039456916
1784881078.343757153,2.870000194,0.901643350,0.161184552,1.200000000,0.039390515
1784881078.353757143,2.880000194,0.908221225,0.162123435,1.200000000,0.039319331
1784881078.363757133,2.890000194,0.914811508,0.163064833,1.200000000,0.039243455
1784881078.373757124,2.900000194,0.921414142,0.164008743,1.200000000,0.039162977
1784881078.383757114,2.910000194,0.928029064,0.164955164,1.200000000,0.039077988
1784881078.393757105,2.920000194,0.934656211,0.165904093,1.200000000,0.038988578
1784881078.403757334,2.930000194,0.941295516,0.166855527,1.200000000,0.038894838
1784881078.413757324,2.940000194,0.947946908,0.167809461,1.200000000,0.038796859
1784881078.423757315,2.950000194,0.954610314,0.168765891,1.200000000,0.038694730
1784881078.433757305,2.960000194,0.961285657,0.169724811,1.200000000,0.038588543
1784881078.443757296,2.970000194,0.967972858,0.170686214,1.200000000,0.038478387
1784881078.453757286,2.980000194,0.974671833,0.171650092,1.200000000,0.038364355
1784881078.463757277,2.990000194,0.981382498,0.172616437,1.200000000,0.038246535
1784881078.473757267,3.000000194,0.988104764,0.173585241,1.200000000,0.038125018
1784881078.483757257,3.010000194,0.994838539,0.174556493,1.200000000,0.037999896
1784881078.493757248,3.020000194,1.001583728,0.175530183,1.200000000,0.037871258
1784881078.503757238,3.030000194,1.008340236,0.176506300,1.200000000,0.037739196
1784881078.513757229,3.040000194,1.015107962,0.177484830,1.200000000,0.037603799
1784881078.523757219,3.050000194,1.021886803,0.178465761,1.200000000,0.037465158
1784881078.533757210,3.060000194,1.028676655,0.179449079,1.200000000,0.037323364
1784881078.543757200,3.070000194,1.035477408,0.180434769,1.200000000,0.037178507
1784881078.553757191,3.080000194,1.042288953,0.181422816,1.200000000,0.037030678
1784881078.563757181,3.090000194,1.049111177,0.182413203,1.200000000,0.036879967
1784881078.573757172,3.100000194,1.055943963,0.183405914,1.200000000,0.036726465
1784881078.583757162,3.110000194,1.062787194,0.184400930,1.200000000,0.036570262
1784881078.593757153,3.120000194,1.069640749,0.185398233,1.200000000,0.036411450
1784881078.603757143,3.130000194,1.076504505,0.186397804,1.200000000,0.036250117
1784881078.613757133,3.140000194,1.083378337,0.187399621,1.200000000,0.036086356
1784881078.623757124,3.150000194,1.090262118,0.188403664,1.200000000,0.035920256
1784881078.633757114,3.160000194,1.097155717,0.189409911,1.200000000,0.035751908
1784881078.643757105,3.170000194,1.104059004,0.190418340,1.200000000,0.035581402
1784881078.653757334,3.180000194,1.110971844,0.191428927,1.200000000,0.035408830
1784881078.663757324,3.190000194,1.117894102,0.192441647,1.200000000,0.035234281
1784881078.673757315,3.200000194,1.124825638,0.193456476,1.200000000,0.035057846
1784881078.683757305,3.210000194,1.131766314,0.194473388,1.200000000,0.034879616
1784881078.693757296,3.220000194,1.138715988,0.195492357,1.200000000,0.034699681
1784881078.703757286,3.230000194,1.145674517,0.196513355,1.200000000,0.034518131
1784881078.713757277,3.240000194,1.152641754,0.197536355,1.200000000,0.034335058
1784881078.723757267,3.250000194,1.159617553,0.198561326,1.200000000,0.034150552
1784881078.733757257,3.260000194,1.166601766,0.199588241,1.200000000,0.033964703
1784881078.743757248,3.270000194,1.173594242,0.200617068,1.200000000,0.033777601
1784881078.753757238,3.280000194,1.180594830,0.201647777,1.200000000,0.033589338
1784881078.763757229,3.290000194,1.187603376,0.202680336,1.200000000,0.033400004
1784881078.773757219,3.300000194,1.194619727,0.203714712,1.200000000,0.033209689
1784881078.783757210,3.310000194,1.201643726,0.204750872,1.200000000,0.033018485
1784881078.793757200,3.320000194,1.208675216,0.205788783,1.200000000,0.032826480
1784881078.803757191,3.330000194,1.215714039,0.206828409,1.200000000,0.032633767
1784881078.813757181,3.340000194,1.222760036,0.207869715,1.200000000,0.032440435
1784881078.823757172,3.350000194,1.229813047,0.208912665,1.200000000,0.032246575
1784881078.833757162,3.360000194,1.236872910,0.209957223,1.200000000,0.032052277
1784881078.843757153,3.370000194,1.243939462,0.211003351,1.200000000,0.031857633
1784881078.853757143,3.380000194,1.251012541,0.212051010,1.200000000,0.031662732
1784881078.863757133,3.390000194,1.258091983,0.213100163,1.200000000,0.031467666
1784881078.873757124,3.400000194,1.265177623,0.214150769,1.200000000,0.031272524
1784881078.883757114,3.410000194,1.272269295,0.215202788,1.200000000,0.031077397
1784881078.893757105,3.420000194,1.279366834,0.216256180,1.200000000,0.030882376
1784881078.903757334,3.430000194,1.286470073,0.217310903,1.200000000,0.030687551
1784881078.913757324,3.440000194,1.293578845,0.218366914,1.200000000,0.030493013
1784881078.923757315,3.450000194,1.300692984,0.219424172,1.200000000,0.030298853
1784881078.933757305,3.460000194,1.307812320,0.220482633,1.200000000,0.030105160
1784881078.943757296,3.470000194,1.314936687,0.221542252,1.200000000,0.029912025
1784881078.953757286,3.480000194,1.322065915,0.222602985,1.200000000,0.029719540
1784881078.963757277,3.490000194,1.329199838,0.223664787,1.200000000,0.029527794
1784881078.973757267,3.500000194,1.336338286,0.224727612,1.200000000,0.029336877
1784881078.983757257,3.510000194,1.343481090,0.225791413,1.200000000,0.029146882
1784881078.993757248,3.520000194,1.350628084,0.226856143,1.200000000,0.028957897
1784881079.003757238,3.530000194,1.357779098,0.227921756,1.200000000,0.028770014
1784881079.013757229,3.540000194,1.364933965,0.228988201,1.200000000,0.028583323
1784881079.023757219,3.550000194,1.372092516,0.230055431,1.200000000,0.028397914
1784881079.033757210,3.560000194,1.379254584,0.231123396,1.200000000,0.028213879
1784881079.043757200,3.570000194,1.386420003,0.232192047,1.200000000,0.028031307
1784881079.053757191,3.580000194,1.393588604,0.233261332,1.200000000,0.027850289
1784881079.063757181,3.590000194,1.400760224,0.234331201,1.200000000,0.027670916
1784881079.073757172,3.600000194,1.407934694,0.235401602,1.200000000,0.027493279
1784881079.083757162,3.610000194,1.415111852,0.236472482,1.200000000,0.027317467
1784881079.093757153,3.620000194,1.422291531,0.237543791,1.200000000,0.027143571
1784881079.103757143,3.630000194,1.429473570,0.238615473,1.200000000,0.026971682
1784881079.113757133,3.640000194,1.436657804,0.239687476,1.200000000,0.026801891
1784881079.123757124,3.650000194,1.443844073,0.240759745,1.200000000,0.026634287
1784881079.133757114,3.660000194,1.451032214,0.241832226,1.200000000,0.026468962
1784881079.143757105,3.670000194,1.458222068,0.242904863,1.200000000,0.026306006
1784881079.153757334,3.680000194,1.465413476,0.243977602,1.200000000,0.026145509
1784881079.163757324,3.690000194,1.472606280,0.245050385,1.200000000,0.025987562
1784881079.173757315,3.700000194,1.479800323,0.246123156,1.200000000,0.025832256
1784881079.183757305,3.710000194,1.486995449,0.247195859,1.200000000,0.025679680
1784881079.193757296,3.720000194,1.494191505,0.248268435,1.200000000,0.025529927
1784881079.203757286,3.730000194,1.501388336,0.249340827,1.200000000,0.025383085
1784881079.213757277,3.740000194,1.508585791,0.250412977,1.200000000,0.025239246
1784881079.223757267,3.750000194,1.515783719,0.251484825,1.200000000,0.025098500
1784881079.233757257,3.760000194,1.522981972,0.252556313,1.200000000,0.024960938
1784881079.243757248,3.770000194,1.530180403,0.253627380,1.200000000,0.024826650
1784881079.253757238,3.780000194,1.537378864,0.254697968,1.200000000,0.024695727
1784881079.263757229,3.790000194,1.544577212,0.255768015,1.200000000,0.024568259
1784881079.273757219,3.800000194,1.551775303,0.256837460,1.200000000,0.024444337
1784881079.283757210,3.810000194,1.558972998,0.257906243,1.200000000,0.024324052
1784881079.293757200,3.820000194,1.566170155,0.258974301,1.200000000,0.024207493
1784881079.303757191,3.830000194,1.573366638,0.260041573,1.200000000,0.024094751
1784881079.313757181,3.840000194,1.580562310,0.261107997,1.200000000,0.023985916
1784881079.323757172,3.850000194,1.587757038,0.262173509,1.200000000,0.023881004
1784881079.333757162,3.860000194,1.594950689,0.263238047,1.200000000,0.023779913
1784881079.343757153,3.870000194,1.602143132,0.264301547,1.200000000,0.023682534
1784881079.353757143,3.880000194,1.609334239,0.265363946,1.200000000,0.023588756
1784881079.363757133,3.890000194,1.616523884,0.266425179,1.200000000,0.023498469
1784881079.373757124,3.900000194,1.623711942,0.267485181,1.200000000,0.023411562
1784881079.383757114,3.910000194,1.630898289,0.268543890,1.200000000,0.023327925
1784881079.393757105,3.920000194,1.638082807,0.269601238,1.200000000,0.023247447
1784881079.403757334,3.930000194,1.645265375,0.270657161,1.200000000,0.023170019
1784881079.413757324,3.940000194,1.652445878,0.271711593,1.200000000,0.023095530
1784881079.423757315,3.950000194,1.659624201,0.272764468,1.200000000,0.023023870
1784881079.433757305,3.960000194,1.666800232,0.273815720,1.200000000,0.022954927
1784881079.443757296,3.970000194,1.673973860,0.274865282,1.200000000,0.022888592
1784881079.453757286,3.980000194,1.681144979,0.275913088,1.200000000,0.022824754
1784881079.463757277,3.990000194,1.688313481,0.276959070,1.200000000,0.022763304
1784881079.473757267,4.000000194,1.695479264,0.278003160,1.200000000,0.022704130
1784881079.483757257,4.010000194,1.702642226,0.279045292,1.200000000,0.022647122
1784881079.493757248,4.020000194,1.709802268,0.280085397,1.200000000,0.022592170
1784881079.503757238,4.030000194,1.716959292,0.281123407,1.200000000,0.022539163
1784881079.513757229,4.040000194,1.724113205,0.282159253,1.200000000,0.022487991
1784881079.523757219,4.050000194,1.731263914,0.283192867,1.200000000,0.022438544
1784881079.533757210,4.060000194,1.738411328,0.284224180,1.200000000,0.022390711
1784881079.543757200,4.070000194,1.745555360,0.285253123,1.200000000,0.022344383
1784881079.553757191,4.080000194,1.752695924,0.286279626,1.200000000,0.022299447
1784881079.563757181,4.090000194,1.759832936,0.287303619,1.200000000,0.022255795
1784881079.573757172,4.100000194,1.766966317,0.288325034,1.200000000,0.022213315
1784881079.583757162,4.110000194,1.774095986,0.289343798,1.200000000,0.022171898
1784881079.593757153,4.120000194,1.781221869,0.290359843,1.200000000,0.022131433
1784881079.603757143,4.130000194,1.788343889,0.291373098,1.200000000,0.022091809
1784881079.613757133,4.140000194,1.795461976,0.292383492,1.200000000,0.022052917
1784881079.623757124,4.150000194,1.802576060,0.293390954,1.200000000,0.022014645
1784881079.633757114,4.160000194,1.809686074,0.294395413,1.200000000,0.021976884
1784881079.643757105,4.170000194,1.816791953,0.295396798,1.200000000,0.021939523
1784881079.653757334,4.180000194,1.823893634,0.296395036,1.200000000,0.021902452
1784881079.663757324,4.190000194,1.830991057,0.297390058,1.200000000,0.021865560
1784881079.673757315,4.200000194,1.838084164,0.298381789,1.200000000,0.021828736
1784881079.683757305,4.210000194,1.845172899,0.299370160,1.200000000,0.021791872
1784881079.693757296,4.220000194,1.852257209,0.300355096,1.200000000,0.021754855
1784881079.703757286,4.230000194,1.859337042,0.301336527,1.200000000,0.021717576
1784881079.713757277,4.240000194,1.866412349,0.302314378,1.200000000,0.021679925
1784881079.723757267,4.250000194,1.873483084,0.303288579,1.200000000,0.021641791
1784881079.733757257,4.260000194,1.880549201,0.304259055,1.200000000,0.021603063
1784881079.743757248,4.270000194,1.887610660,0.305225734,1.200000000,0.021563631
1784881079.753757238,4.280000194,1.894667419,0.306188542,1.200000000,0.021523385
1784881079.763757229,4.290000194,1.901719441,0.307147406,1.200000000,0.021482215
1784881079.773757219,4.300000194,1.908766690,0.308102254,1.200000000,0.021440010
1784881079.783757210,4.310000194,1.915809133,0.309053010,1.200000000,0.021396660
1784881079.793757200,4.320000194,1.922846738,0.309999602,1.200000000,0.021352054
1784881079.803757191,4.330000194,1.929879476,0.310941955,1.200000000,0.021306081
1784881079.813757181,4.340000194,1.936907320,0.311879996,1.200000000,0.021258633
1784881079.823757172,4.350000194,1.943930245,0.312813651,1.200000000,0.021209597
1784881079.833757162,4.360000194,1.950948227,0.313742844,1.200000000,0.021158865
1784881079.843757153,4.370000194,1.957961247,0.314667503,1.200000000,0.021106325
1784881079.853757143,4.380000194,1.964969285,0.315587551,1.200000000,0.021051866
1784881079.863757133,4.390000194,1.971972325,0.316502916,1.200000000,0.020995380
1784881079.873757124,4.400000194,1.978970351,0.317413522,1.200000000,0.020936754
1784881079.883757114,4.410000194,1.985963351,0.318319294,1.200000000,0.020875880
1784881079.893757105,4.420000194,1.992951315,0.319220157,1.200000000,0.020812646
1784881079.903757334,4.430000194,1.999934232,0.320116037,1.200000000,0.020746942
1784881079.913757324,4.440000194,2.006912097,0.321006858,1.200000000,0.020678658
1784881079.923757315,4.450000194,2.013884904,0.321892546,1.200000000,0.020607684
1784881079.933757305,4.460000194,2.020852649,0.322773024,1.200000000,0.020533908
1784881079.943757296,4.470000194,2.027815332,0.323648218,1.200000000,0.020457221
1784881079.953757286,4.480000194,2.034772953,0.324518053,1.200000000,0.020377512
1784881079.963757277,4.490000194,2.041725515,0.325382452,1.200000000,0.020294671
1784881079.973757267,4.500000194,2.048673020,0.326241340,1.200000000,0.020208587
1784881079.983757257,4.510000194,2.055615475,0.327094642,1.200000000,0.020119150
1784881079.993757248,4.520000194,2.062552887,0.327942281,1.200000000,0.020026250
1784881080.003757238,4.530000194,2.069485265,0.328784183,1.200000000,0.019929777
1784881080.013757229,4.540000194,2.076412621,0.329620270,1.200000000,0.019829619
1784881080.023757219,4.550000194,2.083334965,0.330450469,1.200000000,0.019725667
1784881080.033757210,4.560000194,2.090252313,0.331274701,1.200000000,0.019617810
1784881080.043757200,4.570000194,2.097164680,0.332092892,1.200000000,0.019505937
1784881080.053757191,4.580000194,2.104072082,0.332904965,1.200000000,0.019389939
1784881080.063757181,4.590000194,2.110974538,0.333710844,1.200000000,0.019269706
1784881080.073757172,4.600000194,2.117872069,0.334510454,1.200000000,0.019145125
1784881080.083757162,4.610000194,2.124764696,0.335303717,1.200000000,0.019016088
1784881080.093757153,4.620000194,2.131652440,0.336090558,1.200000000,0.018882484
1784881080.103757143,4.630000194,2.138535328,0.336870901,1.200000000,0.018744202
1784881080.113757133,4.640000194,2.145413383,0.337644668,1.200000000,0.018601133
1784881080.123757124,4.650000194,2.152286634,0.338411785,1.200000000,0.018453165
1784881080.133757114,4.660000194,2.159155107,0.339172174,1.200000000,0.018300188
1784881080.143757105,4.670000194,2.166018833,0.339925759,1.200000000,0.018142092
1784881080.153757334,4.680000194,2.172877842,0.340672463,1.200000000,0.017978767
1784881080.163757324,4.690000194,2.179732165,0.341412211,1.200000000,0.017810102
1784881080.173757315,4.700000194,2.186581835,0.342144926,1.200000000,0.017635987
1784881080.183757305,4.710000194,2.193426887,0.342870532,1.200000000,0.017456311
1784881080.193757296,4.720000194,2.200267355,0.343588951,1.200000000,0.017270964
1784881080.203757286,4.730000194,2.207103276,0.344300108,1.200000000,0.017079836
1784881080.213757277,4.740000194,2.213934685,0.345003926,1.200000000,0.016882817
1784881080.223757267,4.750000194,2.220761622,0.345700329,1.200000000,0.016679795
1784881080.233757257,4.760000194,2.227584125,0.346389240,1.200000000,0.016470660
1784881080.243757248,4.770000194,2.234402234,0.347070583,1.200000000,0.016255303
1784881080.253757238,4.780000194,2.241215990,0.347744281,1.200000000,0.016033612
1784881080.263757229,4.790000194,2.248025433,0.348410258,1.200000000,0.015805478
1784881080.273757219,4.800000194,2.254830607,0.349068437,1.200000000,0.015570790
1784881080.283757210,4.810000194,2.261631554,0.349718743,1.200000000,0.015329437
1784881080.293757200,4.820000194,2.268428318,0.350361098,1.200000000,0.015081310
1784881080.303757191,4.830000194,2.275220943,0.350995427,1.200000000,0.014826297
1784881080.313757181,4.840000194,2.282009474,0.351621653,1.200000000,0.014564289
1784881080.323757172,4.850000194,2.288793957,0.352239700,1.200000000,0.014295175
1784881080.333757162,4.860000194,2.295574438,0.352849491,1.200000000,0.014018844
1784881080.343757153,4.870000194,2.302350964,0.353450951,1.200000000,0.013735187
1784881080.353757143,4.880000194,2.309123582,0.354044002,1.200000000,0.013444093
1784881080.363757133,4.890000194,2.315892339,0.354628570,1.200000000,0.013145451
1784881080.373757124,4.900000194,2.322657284,0.355204577,1.200000000,0.012839151
1784881080.383757114,4.910000194,2.329418464,0.355771948,1.200000000,0.012525084
1784881080.393757105,4.920000194,2.336175929,0.356330608,1.200000000,0.012203137
1784881080.403757334,4.930000194,2.342929729,0.356880479,1.200000000,0.011873202
1784881080.413757324,4.940000194,2.349679911,0.357421485,1.200000000,0.011535167
1784881080.423757315,4.950000194,2.356426527,0.357953553,1.200000000,0.011188922
1784881080.433757305,4.960000194,2.363169625,0.358476604,1.200000000,0.010834357
1784881080.443757296,4.970000194,2.369909256,0.358990564,1.200000000,0.010471362
1784881080.453757286,4.980000194,2.376645469,0.359495357,1.200000000,0.010099826
1784881080.463757277,4.990000194,2.383378316,0.359990908,1.200000000,0.009719638
1784881080.473757267,5.000000194,2.390107846,0.360477140,1.200000000,0.009330689
1784881080.483757257,5.010000194,2.396834111,0.360953979,1.200000000,0.008932868
1784881080.493757248,5.020000194,2.403557159,0.361421350,1.200000000,0.008526064
1784881080.503757238,5.030000194,2.410277041,0.361879176,1.200000000,0.008110168
1784881080.513757229,5.040000194,2.416993809,0.362327384,1.200000000,0.007685068
1784881080.523757219,5.050000194,2.423707511,0.362765897,1.200000000,0.007250655
1784881080.533757210,5.060000194,2.430418198,0.363194641,1.200000000,0.006806818
1784881080.543757200,5.070000194,2.437125920,0.363613541,1.200000000,0.006353446
1784881080.553757191,5.080000194,2.443830726,0.364022522,1.200000000,0.005890430
1784881080.563757181,5.090000194,2.450532666,0.364421510,1.200000000,0.005417658
1784881080.573757172,5.100000194,2.457231789,0.364810430,1.200000000,0.004935021
1784881080.583757162,5.110000194,2.463928144,0.365189207,1.200000000,0.004442408
1784881080.593757153,5.120000194,2.470621780,0.365557768,1.200000000,0.003939709
1784881080.603757143,5.130000194,2.477312743,0.365916039,1.200000000,0.003426813
1784881080.613757133,5.140000194,2.484001083,0.366263944,1.200000000,0.002903611
1784881080.623757124,5.150000194,2.490686847,0.366601410,1.200000000,0.002369990
1784881080.633757114,5.160000194,2.497370082,0.366928364,1.200000000,0.001825842
1784881080.643757105,5.170000194,2.504050834,0.367244732,1.200000000,0.001271056
1784881080.653757334,5.180000194,2.510729148,0.367550440,1.200000000,0.000705521
1784881080.663757324,5.190000194,2.517405072,0.367845415,1.200000000,0.000129128
1784881080.673757315,5.200000194,2.524078649,0.368129583,1.200000000,-0.000458235
1784881080.683757305,5.210000194,2.530749923,0.368402873,1.200000000,-0.001056678
1784881080.693757296,5.220000194,2.537418939,0.368665210,1.200000000,-0.001666311
1784881080.703757286,5.230000194,2.544085740,0.368916521,1.200000000,-0.002287244
1784881080.713757277,5.240000194,2.550750367,0.369156736,1.200000000,-0.002919588
1784881080.723757267,5.250000194,2.557412863,0.369385780,1.200000000,-0.003563454
1784881080.733757257,5.260000194,2.564073268,0.369603582,1.200000000,-0.004218951
1784881080.743757248,5.270000194,2.570731623,0.369810070,1.200000000,-0.004886190
1784881080.753757238,5.280000194,2.577387968,0.370005172,1.200000000,-0.005565281
1784881080.763757229,5.290000194,2.584042340,0.370188815,1.200000000,-0.006256335
1784881080.773757219,5.300000194,2.590694779,0.370360930,1.200000000,-0.006959462
1784881080.783757210,5.310000194,2.597345320,0.370521444,1.200000000,-0.007674773
1784881080.793757200,5.320000194,2.603994001,0.370670286,1.200000000,-0.008402378
1784881080.803757191,5.330000194,2.610640856,0.370807386,1.200000000,-0.009142387
1784881080.813757181,5.340000194,2.617285921,0.370932673,1.200000000,-0.009894910
1784881080.823757172,5.350000194,2.623929228,0.371046075,1.200000000,-0.010660010
1784881080.833757162,5.360000194,2.630570811,0.371147524,1.200000000,-0.011437638
1784881080.843757153,5.370000194,2.637210702,0.371236950,1.200000000,-0.012227728
1784881080.853757143,5.380000194,2.643848930,0.371314281,1.200000000,-0.013030218
1784881080.863757133,5.390000194,2.650485526,0.371379449,1.200000000,-0.013845043
1784881080.873757124,5.400000194,2.657120519,0.371432385,1.200000000,-0.014672139
1784881080.883757114,5.410000194,2.663753936,0.371473019,1.200000000,-0.015511442
1784881080.893757105,5.420000194,2.670385805,0.371501283,1.200000000,-0.016362887
1784881080.903757334,5.430000194,2.677016151,0.371517109,1.200000000,-0.017226410
1784881080.913757324,5.440000194,2.683645000,0.371520427,1.200000000,-0.018101948
1784881080.923757315,5.450000194,2.690272374,0.371511170,1.200000000,-0.018989436
1784881080.933757305,5.460000194,2.696898297,0.371489270,1.200000000,-0.019888810
1784881080.943757296,5.470000194,2.703522790,0.371454660,1.200000000,-0.020800006
1784881080.953757286,5.480000194,2.710145873,0.371407272,1.200000000,-0.021722959
1784881080.963757277,5.490000194,2.716767567,0.371347041,1.200000000,-0.022657606
1784881080.973757267,5.500000194,2.723387890,0.371273898,1.200000000,-0.023603882
1784881080.983757257,5.510000194,2.730006859,0.371187778,1.200000000,-0.024561723
1784881080.993757248,5.520000194,2.736624489,0.371088615,1.200000000,-0.025531065
1784881081.003757238,5.530000194,2.743240797,0.370976344,1.200000000,-0.026511844
1784881081.013757229,5.540000194,2.749855796,0.370850898,1.200000000,-0.027503996
1784881081.023757219,5.550000194,2.756469499,0.370712214,1.200000000,-0.028507456
1784881081.033757210,5.560000194,2.763081918,0.370560225,1.200000000,-0.029522160
1784881081.043757200,5.570000194,2.769693063,0.370394869,1.200000000,-0.030548045
1784881081.053757191,5.580000194,2.776302943,0.370216080,1.200000000,-0.031585046
1784881081.063757181,5.590000194,2.782911568,0.370023796,1.200000000,-0.032633099
1784881081.073757172,5.600000194,2.789518944,0.369817953,1.200000000,-0.033692139
1784881081.083757162,5.610000194,2.796125077,0.369598488,1.200000000,-0.034762103
1784881081.093757153,5.620000194,2.802729972,0.369365339,1.200000000,-0.035842926
1784881081.103757143,5.630000194,2.809333633,0.369118443,1.200000000,-0.036934545
1784881081.113757133,5.640000194,2.815936062,0.368857739,1.200000000,-0.038036894
1784881081.123757124,5.650000194,2.822537262,0.368583165,1.200000000,-0.039149911
1784881081.133757114,5.660000194,2.829137232,0.368294661,1.200000000,-0.040273530
1784881081.143757105,5.670000194,2.835735971,0.367992164,1.200000000,-0.041407688
1784881081.153757334,5.680000194,2.842333478,0.367675617,1.200000000,-0.042552321
1784881081.163757324,5.690000194,2.848929749,0.367344958,1.200000000,-0.043707364
1784881081.173757315,5.700000194,2.855524781,0.367000128,1.200000000,-0.044872752
1784881081.183757305,5.710000194,2.862118567,0.366641069,1.200000000,-0.046048423
1784881081.193757296,5.720000194,2.868711102,0.366267721,1.200000000,-0.047234312
1784881081.203757286,5.730000194,2.875302378,0.365880028,1.200000000,-0.048430354
1784881081.213757277,5.740000194,2.881892387,0.365477930,1.200000000,-0.049636486
1784881081.223757267,5.750000194,2.888481117,0.365061371,1.200000000,-0.050852643
1784881081.233757257,5.760000194,2.895068560,0.364630295,1.200000000,-0.052078762
1784881081.243757248,5.770000194,2.901654702,0.364184645,1.200000000,-0.053314777
1784881081.253757238,5.780000194,2.908239531,0.363724364,1.200000000,-0.054560625
1784881081.263757229,5.790000194,2.914823033,0.363249399,1.200000000,-0.055816242
1784881081.273757219,5.800000194,2.921405191,0.362759694,1.200000000,-0.057081564
1784881081.283757210,5.810000194,2.927985991,0.362255194,1.200000000,-0.058356526
1784881081.293757200,5.820000194,2.934565415,0.361735847,1.200000000,-0.059641064
1784881081.303757191,5.830000194,2.941143444,0.361201598,1.200000000,-0.060935114
1784881081.313757181,5.840000194,2.947720060,0.360652395,1.200000000,-0.062238612
1784881081.323757172,5.850000194,2.954295241,0.360088185,1.200000000,-0.063551494
1784881081.333757162,5.860000194,2.960868966,0.359508917,1.200000000,-0.064873696
1784881081.343757153,5.870000194,2.967441213,0.358914540,1.200000000,-0.066205153
1784881081.353757143,5.880000194,2.974011959,0.358305002,1.200000000,-0.067545801
1784881081.363757133,5.890000194,2.980581178,0.357680254,1.200000000,-0.068895576
1784881081.373757124,5.900000194,2.987148847,0.357040246,1.200000000,-0.070254414
1784881081.383757114,5.910000194,2.993714937,0.356384928,1.200000000,-0.071622252
1784881081.393757105,5.920000194,3.000279423,0.355714254,1.200000000,-0.072999023
1784881081.403757334,5.930000194,3.006842276,0.355028173,1.200000000,-0.074384666
1784881081.413757324,5.940000194,3.013403467,0.354326640,1.200000000,-0.075779114
1784881081.423757315,5.950000194,3.019962966,0.353609608,1.200000000,-0.077182305
1784881081.433757305,5.960000194,3.026520741,0.352877029,1.200000000,-0.078594174
1784881081.443757296,5.970000194,3.033076762,0.352128860,1.200000000,-0.080014656
1784881081.453757286,5.980000194,3.039630996,0.351365054,1.200000000,-0.081443689
1784881081.463757277,5.990000194,3.046183408,0.350585567,1.200000000,-0.082881206
1784881081.473757267,6.000000194,3.052733966,0.349790356,1.200000000,-0.084327146
1784881081.483757257,6.010000194,3.059282633,0.348979377,1.200000000,-0.085781442
1784881081.493757248,6.020000194,3.065829374,0.348152589,1.200000000,-0.087244032
1784881081.503757238,6.030000194,3.072374152,0.347309948,1.200000000,-0.088714850
1784881081.513757229,6.040000194,3.078916930,0.346451415,1.200000000,-0.090193833
1784881081.523757219,6.050000194,3.085457670,0.345576948,1.200000000,-0.091680917
1784881081.533757210,6.060000194,3.091996331,0.344686507,1.200000000,-0.093176037
1784881081.543757200,6.070000194,3.098532876,0.343780053,1.200000000,-0.094679130
1784881081.553757191,6.080000194,3.105067263,0.342857548,1.200000000,-0.096190130
1784881081.563757181,6.090000194,3.111599451,0.341918954,1.200000000,-0.097708975
1784881081.573757172,6.100000194,3.118129400,0.340964233,1.200000000,-0.099235599
1784881081.583757162,6.110000194,3.124657065,0.339993350,1.200000000,-0.100769939
1784881081.593757153,6.120000194,3.131182405,0.339006267,1.200000000,-0.102311931
1784881081.603757143,6.130000194,3.137705376,0.338002950,1.200000000,-0.103861509
1784881081.613757133,6.140000194,3.144225933,0.336983365,1.200000000,-0.105418611
1784881081.623757124,6.150000194,3.150744032,0.335947477,1.200000000,-0.106983172
1784881081.633757114,6.160000194,3.157259628,0.334895255,1.200000000,-0.108555128
1784881081.643757105,6.170000194,3.163772674,0.333826665,1.200000000,-0.110134414
1784881081.653757334,6.180000194,3.170283124,0.332741675,1.200000000,-0.111720967
1784881081.663757324,6.190000194,3.176790932,0.331640256,1.200000000,-0.113314723
1784881081.673757315,6.200000194,3.183296050,0.330522377,1.200000000,-0.114915616
1784881081.683757305,6.210000194,3.189798430,0.329388009,1.200000000,-0.116523584
1784881081.693757296,6.220000194,3.196298024,0.328237123,1.200000000,-0.118138562
1784881081.703757286,6.230000194,3.202794784,0.327069691,1.200000000,-0.119760485
1784881081.713757277,6.240000194,3.209288659,0.325885687,1.200000000,-0.121389290
1784881081.723757267,6.250000194,3.215779602,0.324685083,1.200000000,-0.123024912
1784881081.733757257,6.260000194,3.222267562,0.323467855,1.200000000,-0.124667287
1784881081.743757248,6.270000194,3.228752488,0.322233978,1.200000000,-0.126316352
1784881081.753757238,6.280000194,3.235234331,0.320983428,1.200000000,-0.127972041
1784881081.763757229,6.290000194,3.241713040,0.319716181,1.200000000,-0.129634292
1784881081.773757219,6.300000194,3.248188563,0.318432216,1.200000000,-0.131303039
1784881081.783757210,6.310000194,3.254660850,0.317131511,1.200000000,-0.132978218
1784881081.793757200,6.320000194,3.261129849,0.315814045,1.200000000,-0.134659766
1784881081.803757191,6.330000194,3.267595508,0.314479798,1.200000000,-0.136347618
1784881081.813757181,6.340000194,3.274057775,0.313128752,1.200000000,-0.138041710
1784881081.823757172,6.350000194,3.280516599,0.311760888,1.200000000,-0.139741977
1784881081.833757162,6.360000194,3.286971926,0.310376188,1.200000000,-0.141448357
1784881081.843757153,6.370000194,3.293423705,0.308974636,1.200000000,-0.143160784
1784881081.853757143,6.380000194,3.299871883,0.307556217,1.200000000,-0.144879194
1784881081.863757133,6.390000194,3.306316408,0.306120915,1.200000000,-0.146603523
1784881081.873757124,6.400000194,3.312757227,0.304668716,1.200000000,-0.148333708
1784881081.883757114,6.410000194,3.319194286,0.303199608,1.200000000,-0.150069683
1784881081.893757105,6.420000194,3.325627535,0.301713577,1.200000000,-0.151811385
1784881081.903757334,6.430000194,3.332056919,0.300210613,1.200000000,-0.153558750
1784881081.913757324,6.440000194,3.338482386,0.298690705,1.200000000,-0.155311713
1784881081.923757315,6.450000194,3.344903884,0.297153844,1.200000000,-0.157070210
1784881081.933757305,6.460000194,3.351321359,0.295600019,1.200000000,-0.158834178
1784881081.943757296,6.470000194,3.357734760,0.294029225,1.200000000,-0.160603551
1784881081.953757286,6.480000194,3.364144034,0.292441452,1.200000000,-0.162378266
1784881081.963757277,6.490000194,3.370549128,0.290836696,1.200000000,-0.164158259
1784881081.973757267,6.500000194,3.376949992,0.289214952,1.200000000,-0.165943465
1784881081.983757257,6.510000194,3.383346571,0.287576214,1.200000000,-0.167733820
1784881081.993757248,6.520000194,3.389738816,0.285920479,1.200000000,-0.169529261
1784881082.003757238,6.530000194,3.396126673,0.284247746,1.200000000,-0.171329723
1784881082.013757229,6.540000194,3.402510093,0.282558012,1.200000000,-0.173135141
1784881082.023757219,6.550000194,3.408889023,0.280851276,1.200000000,-0.174945452
1784881082.033757210,6.560000194,3.415263413,0.279127540,1.200000000,-0.176760592
1784881082.043757200,6.570000194,3.421633212,0.277386803,1.200000000,-0.178580496
1784881082.053757191,6.580000194,3.427998371,0.275629069,1.200000000,-0.180405100
1784881082.063757181,6.590000194,3.434358838,0.273854340,1.200000000,-0.182234340
1784881082.073757172,6.600000194,3.440714565,0.272062620,1.200000000,-0.184068152
1784881082.083757162,6.610000194,3.447065503,0.270253915,1.200000000,-0.185906472
1784881082.093757153,6.620000194,3.453411601,0.268428230,1.200000000,-0.187749235
1784881082.103757143,6.630000194,3.459752813,0.266585572,1.200000000,-0.189596377
1784881082.113757133,6.640000194,3.466089090,0.264725948,1.200000000,-0.191447835
1784881082.123757124,6.650000194,3.472420385,0.262849368,1.200000000,-0.193303544
1784881082.133757114,6.660000194,3.478746650,0.260955842,1.200000000,-0.195163440
1784881082.143757105,6.670000194,3.485067839,0.259045379,1.200000000,-0.197027459
1784881082.153757334,6.680000194,3.491383906,0.257117991,1.200000000,-0.198895536
1784881082.163757324,6.690000194,3.497694805,0.255173692,1.200000000,-0.200767608
1784881082.173757315,6.700000194,3.504000491,0.253212495,1.200000000,-0.202643610
1784881082.183757305,6.710000194,3.510300919,0.251234414,1.200000000,-0.204523478
1784881082.193757296,6.720000194,3.516596046,0.249239464,1.200000000,-0.206407148
1784881082.203757286,6.730000194,3.522885829,0.247227663,1.200000000,-0.208294556
1784881082.213757277,6.740000194,3.529170224,0.245199027,1.200000000,-0.210185637
1784881082.223757267,6.750000194,3.535449190,0.243153576,1.200000000,-0.212080328
1784881082.233757257,6.760000194,3.541722685,0.241091328,1.200000000,-0.213978565
1784881082.243757248,6.770000194,3.547990669,0.239012305,1.200000000,-0.215880282
1784881082.253757238,6.780000194,3.554253100,0.236916527,1.200000000,-0.217785417
1784881082.263757229,6.790000194,3.560509941,0.234804016,1.200000000,-0.219693904
1784881082.273757219,6.800000194,3.566761151,0.232674797,1.200000000,-0.221605680
1784881082.283757210,6.810000194,3.573006694,0.230528894,1.200000000,-0.223520681
1784881082.293757200,6.820000194,3.579246531,0.228366332,1.200000000,-0.225438842
1784881082.303757191,6.830000194,3.585480627,0.226187137,1.200000000,-0.227360099
1784881082.313757181,6.840000194,3.591708945,0.223991337,1.200000000,-0.229284389
1784881082.323757172,6.850000194,3.597931451,0.221778960,1.200000000,-0.231211646
1784881082.333757162,6.860000194,3.604148110,0.219550036,1.200000000,-0.233141807
1784881082.343757153,6.870000194,3.610358890,0.217304594,1.200000000,-0.235074807
1784881082.353757143,6.880000194,3.616563757,0.215042667,1.200000000,-0.237010583
1784881082.363757133,6.890000194,3.622762680,0.212764287,1.200000000,-0.238949071
1784881082.373757124,6.900000194,3.628955628,0.210469486,1.200000000,-0.240890205
1784881082.383757114,6.910000194,3.635142572,0.208158300,1.200000000,-0.242833922
1784881082.393757105,6.920000194,3.641323481,0.205830764,1.200000000,-0.244780158
1784881082.403757334,6.930000194,3.647498329,0.203486913,1.200000000,-0.246728849
1784881082.413757324,6.940000194,3.653667087,0.201126787,1.200000000,-0.248679931
1784881082.423757315,6.950000194,3.659829729,0.198750422,1.200000000,-0.250633338
1784881082.433757305,6.960000194,3.665986230,0.196357858,1.200000000,-0.252589008
1784881082.443757296,6.970000194,3.672136565,0.193949136,1.200000000,-0.254546876
1784881082.453757286,6.980000194,3.678280710,0.191524297,1.200000000,-0.256506877
1784881082.463757277,6.990000194,3.684418644,0.189083384,1.200000000,-0.258468948
1784881082.473757267,7.000000194,3.690550343,0.186626439,1.200000000,-0.260433025
1784881082.483757257,7.010000194,3.696675788,0.184153507,1.200000000,-0.262399043
1784881082.493757248,7.020000194,3.702794959,0.181664634,1.200000000,-0.264366939
1784881082.503757238,7.030000194,3.708907837,0.179159866,1.200000000,-0.266336655
1784881082.513757229,7.040000194,3.715014404,0.176639250,1.200000000,-0.268308135
1784881082.523757219,7.050000194,3.721114644,0.174102834,1.200000000,-0.270281325
1784881082.533757210,7.060000194,3.727208540,0.171550669,1.200000000,-0.272256172
1784881082.543757200,7.070000194,3.733296078,0.168982803,1.200000000,-0.274232621
1784881082.553757191,7.080000194,3.739377244,0.166399289,1.200000000,-0.276210617
1784881082.563757181,7.090000194,3.745452026,0.163800179,1.200000000,-0.278190105
1784881082.573757172,7.100000194,3.751520411,0.161185527,1.200000000,-0.280171032
1784881082.583757162,7.110000194,3.757582390,0.158555385,1.200000000,-0.282153344
1784881082.593757153,7.120000194,3.763637952,0.155909810,1.200000000,-0.284136984
1784881082.603757143,7.130000194,3.769687089,0.153248858,1.200000000,-0.286121900
1784881082.613757133,7.140000194,3.775729793,0.150572586,1.200000000,-0.288108037
1784881082.623757124,7.150000194,3.781766058,0.147881053,1.200000000,-0.290095340
1784881082.633757114,7.160000194,3.787795879,0.145174316,1.200000000,-0.292083755
1784881082.643757105,7.170000194,3.793819251,0.142452437,1.200000000,-0.294073228
1784881082.653757334,7.180000194,3.799836170,0.139715476,1.200000000,-0.296063703
1784881082.663757324,7.190000194,3.805846635,0.136963496,1.200000000,-0.298055128
1784881082.673757315,7.200000194,3.811850644,0.134196559,1.200000000,-0.300047446
1784881082.683757305,7.210000194,3.817848197,0.131414730,1.200000000,-0.302040605
1784881082.693757296,7.220000194,3.823839295,0.128618073,1.200000000,-0.304034548
1784881082.703757286,7.230000194,3.829823939,0.125806653,1.200000000,-0.306029223
1784881082.713757277,7.240000194,3.835802134,0.122980538,1.200000000,-0.308024575
1784881082.723757267,7.250000194,3.841773882,0.120139796,1.200000000,-0.310020549
1784881082.733757257,7.260000194,3.847739189,0.117284495,1.200000000,-0.312017090
1784881082.743757248,7.270000194,3.853698062,0.114414704,1.200000000,-0.314014145
1784881082.753757238,7.280000194,3.859650507,0.111530494,1.200000000,-0.316011659
1784881082.763757229,7.290000194,3.865596532,0.108631936,1.200000000,-0.318009577
1784881082.773757219,7.300000194,3.871536147,0.105719103,1.200000000,-0.320007845
1784881082.783757210,7.310000194,3.877469363,0.102792068,1.200000000,-0.322006409
1784881082.793757200,7.320000194,3.883396190,0.099850904,1.200000000,-0.324005215
1784881082.803757191,7.330000194,3.889316641,0.096895688,1.200000000,-0.326004207
1784881082.813757181,7.340000194,3.895230729,0.093926494,1.200000000,-0.328003331
1784881082.823757172,7.350000194,3.901138470,0.090943400,1.200000000,-0.330002534
1784881082.833757162,7.360000194,3.907039877,0.087946482,1.200000000,-0.332001760
1784881082.843757153,7.370000194,3.912934969,0.084935821,1.200000000,-0.334000956
1784881082.853757143,7.380000194,3.918823762,0.081911494,1.200000000,-0.336000066
1784881082.863757133,7.390000194,3.924706276,0.078873583,1.200000000,-0.337999036
1784881082.873757124,7.400000194,3.930582528,0.075822169,1.200000000,-0.339997813
1784881082.883757114,7.410000194,3.936452541,0.072757333,1.200000000,-0.341996341
1784881082.893757105,7.420000194,3.942316336,0.069679158,1.200000000,-0.343994566
1784881082.903757334,7.430000194,3.948173935,0.066587728,1.200000000,-0.345992433
1784881082.913757324,7.440000194,3.954025361,0.063483128,1.200000000,-0.347989889
1784881082.923757315,7.450000194,3.959870639,0.060365443,1.200000000,-0.349986879
1784881082.933757305,7.460000194,3.965709796,0.057234759,1.200000000,-0.351983348
1784881082.943757296,7.470000194,3.971542856,0.054091163,1.200000000,-0.353979243
1784881082.953757286,7.480000194,3.977369847,0.050934743,1.200000000,-0.355974507
1784881082.963757277,7.490000194,3.983190798,0.047765588,1.200000000,-0.357969088
1784881082.973757267,7.500000194,3.989005737,0.044583786,1.200000000,-0.359962931
1784881082.983757257,7.510000194,3.994814696,0.041389429,1.200000000,-0.361955981
1784881082.993757248,7.520000194,4.000617705,0.038182607,1.200000000,-0.363948184
1784881083.003757238,7.530000194,4.006414795,0.034963412,1.200000000,-0.365939486
1784881083.013757229,7.540000194,4.012206000,0.031731937,1.200000000,-0.367929832
1784881083.023757219,7.550000194,4.017991354,0.028488275,1.200000000,-0.369919167
1784881083.033757210,7.560000194,4.023770891,0.025232520,1.200000000,-0.371907438
1784881083.043757200,7.570000194,4.029544646,0.021964766,1.200000000,-0.373894589
1784881083.053757191,7.580000194,4.035312657,0.018685111,1.200000000,-0.375880567
1784881083.063757181,7.590000194,4.041074960,0.015393649,1.200000000,-0.377865317
1784881083.073757172,7.600000194,4.046831592,0.012090478,1.200000000,-0.379848784
1784881083.083757162,7.610000194,4.052582594,0.008775696,1.200000000,-0.381830915
1784881083.093757153,7.620000194,4.058328005,0.005449402,1.200000000,-0.383811654
1784881083.103757143,7.630000194,4.064067865,0.002111694,1.200000000,-0.385790948
1784881083.113757133,7.640000194,4.069802215,-0.001237328,1.200000000,-0.387768741
1784881083.123757124,7.650000194,4.075531097,-0.004597562,1.200000000,-0.389744981
1784881083.133757114,7.660000194,4.081254555,-0.007968908,1.200000000,-0.391719611
1784881083.143757105,7.670000194,4.086972632,-0.011351263,1.200000000,-0.393692578
1784881083.153757334,7.680000194,4.092685372,-0.014744525,1.200000000,-0.395663827
1784881083.163757324,7.690000194,4.098392821,-0.018148591,1.200000000,-0.397633304
1784881083.173757315,7.700000194,4.104095023,-0.021563355,1.200000000,-0.399600954
1784881083.183757305,7.710000194,4.109792026,-0.024988715,1.200000000,-0.401566723
1784881083.193757296,7.720000194,4.115483876,-0.028424564,1.200000000,-0.403530557
1784881083.203757286,7.730000194,4.121170622,-0.031870796,1.200000000,-0.405492402
1784881083.213757277,7.740000194,4.126852312,-0.035327306,1.200000000,-0.407452201
1784881083.223757267,7.750000194,4.132528996,-0.038793985,1.200000000,-0.409409903
1784881083.233757257,7.760000194,4.138200722,-0.042270726,1.200000000,-0.411365451
1784881083.243757248,7.770000194,4.143867542,-0.045757420,1.200000000,-0.413318791
1784881083.253757238,7.780000194,4.149529506,-0.049253959,1.200000000,-0.415269870
1784881083.263757229,7.790000194,4.155186667,-0.052760232,1.200000000,-0.417218633
1784881083.273757219,7.800000194,4.160839076,-0.056276130,1.200000000,-0.419165024
1784881083.283757210,7.810000194,4.166486786,-0.059801542,1.200000000,-0.421108991
1784881083.293757200,7.820000194,4.172129851,-0.063336357,1.200000000,-0.423050478
1784881083.303757191,7.830000194,4.177768325,-0.066880462,1.200000000,-0.424989430
1784881083.313757181,7.840000194,4.183402261,-0.070433746,1.200000000,-0.426925795
1784881083.323757172,7.850000194,4.189031716,-0.073996095,1.200000000,-0.428859516
1784881083.333757162,7.860000194,4.194656744,-0.077567396,1.200000000,-0.430790541
1784881083.343757153,7.870000194,4.200277401,-0.081147535,1.200000000,-0.432718813
1784881083.353757143,7.880000194,4.205893745,-0.084736397,1.200000000,-0.434644280
1784881083.363757133,7.890000194,4.211505831,-0.088333867,1.200000000,-0.436566886
1784881083.373757124,7.900000194,4.217113717,-0.091939831,1.200000000,-0.438486577
1784881083.383757114,7.910000194,4.222717462,-0.095554171,1.200000000,-0.440403299
1784881083.393757105,7.920000194,4.228317122,-0.099176771,1.200000000,-0.442316997
1784881083.403757334,7.930000194,4.233912756,-0.102807515,1.200000000,-0.444227617
1784881083.413757324,7.940000194,4.239504425,-0.106446284,1.200000000,-0.446135104
1784881083.423757315,7.950000194,4.245092186,-0.110092962,1.200000000,-0.448039405
1784881083.433757305,7.960000194,4.250676099,-0.113747429,1.200000000,-0.449940463
1784881083.443757296,7.970000194,4.256256225,-0.117409567,1.200000000,-0.451838227
1784881083.453757286,7.980000194,4.261832623,-0.121079257,1.200000000,-0.453732639
1784881083.463757277,7.990000194,4.267405355,-0.124756380,1.200000000,-0.455623647
1784881083.473757267,8.000000194,4.272974482,-0.128440814,1.200000000,-0.457511196
1784881083.483757257,8.010000194,4.278540063,-0.132132441,1.200000000,-0.459395232
1784881083.493757248,8.020000194,4.284102161,-0.135831138,1.200000000,-0.461275699
1784881083.503757238,8.030000194,4.289660838,-0.139536785,1.200000000,-0.463152545
1784881083.513757229,8.040000194,4.295216155,-0.143249261,1.200000000,-0.465025713
1784881083.523757219,8.050000194,4.300768174,-0.146968443,1.200000000,-0.466895150
1784881083.533757210,8.060000194,4.306316959,-0.150694208,1.200000000,-0.468760802
1784881083.543757200,8.070000194,4.311862570,-0.154426436,1.200000000,-0.470622614
1784881083.553757191,8.080000194,4.317405071,-0.158165002,1.200000000,-0.472480531
1784881083.563757181,8.090000194,4.322944524,-0.161909782,1.200000000,-0.474334499
1784881083.573757172,8.100000194,4.328480993,-0.165660655,1.200000000,-0.476184464
1784881083.583757162,8.110000194,4.334014540,-0.169417495,1.200000000,-0.478030372
1784881083.593757153,8.120000194,4.339545228,-0.173180179,1.200000000,-0.479872167
1784881083.603757143,8.130000194,4.345073121,-0.176948581,1.200000000,-0.481709796
1784881083.613757133,8.140000194,4.350598282,-0.180722577,1.200000000,-0.483543204
1784881083.623757124,8.150000194,4.356120774,-0.184502043,1.200000000,-0.485372336
1784881083.633757114,8.160000194,4.361640660,-0.188286851,1.200000000,-0.487197139
1784881083.643757105,8.170000194,4.367158004,-0.192076878,1.200000000,-0.489017558
1784881083.653757334,8.180000194,4.372672869,-0.195871997,1.200000000,-0.490833538
1784881083.663757324,8.190000194,4.378185318,-0.199672082,1.200000000,-0.492645025
1784881083.673757315,8.200000194,4.383695414,-0.203477006,1.200000000,-0.494451964
1784881083.683757305,8.210000194,4.389203221,-0.207286644,1.200000000,-0.496254302
1784881083.693757296,8.220000194,4.394708803,-0.211100867,1.200000000,-0.498051983
1784881083.703757286,8.230000194,4.400212221,-0.214919550,1.200000000,-0.499844954
1784881083.713757277,8.240000194,4.405713539,-0.218742565,1.200000000,-0.501633159
1784881083.723757267,8.250000194,4.411212819,-0.222569784,1.200000000,-0.503416546
1784881083.733757257,8.260000194,4.416710125,-0.226401081,1.200000000,-0.505195058
1784881083.743757248,8.270000194,4.422205519,-0.230236327,1.200000000,-0.506968642
1784881083.753757238,8.280000194,4.427699064,-0.234075394,1.200000000,-0.508737243
1784881083.763757229,8.290000194,4.433190821,-0.237918154,1.200000000,-0.510500806
1784881083.773757219,8.300000194,4.438680853,-0.241764480,1.200000000,-0.512259279
1784881083.783757210,8.310000194,4.444169222,-0.245614242,1.200000000,-0.514012605
1784881083.793757200,8.320000194,4.449655989,-0.249467313,1.200000000,-0.515760731
1784881083.803757191,8.330000194,4.455141216,-0.253323563,1.200000000,-0.517503602
1784881083.813757181,8.340000194,4.460624963,-0.257182865,1.200000000,-0.519241163
1784881083.823757172,8.350000194,4.466107292,-0.261045088,1.200000000,-0.520973361
1784881083.833757162,8.360000194,4.471588263,-0.264910104,1.200000000,-0.522700141
1784881083.843757153,8.370000194,4.477067937,-0.268777785,1.200000000,-0.524421448
1784881083.853757143,8.380000194,4.482546373,-0.272648001,1.200000000,-0.526137229
1784881083.863757133,8.390000194,4.488023631,-0.276520623,1.200000000,-0.527847428
1784881083.873757124,8.400000194,4.493499771,-0.280395521,1.200000000,-0.529551991
1784881083.883757114,8.410000194,4.498974851,-0.284272567,1.200000000,-0.531250864
1784881083.893757105,8.420000194,4.504448930,-0.288151631,1.200000000,-0.532943992
1784881083.903757334,8.430000194,4.509922067,-0.292032584,1.200000000,-0.534631322
1784881083.913757324,8.440000194,4.515394318,-0.295915296,1.200000000,-0.536312798
1784881083.923757315,8.450000194,4.520865742,-0.299799638,1.200000000,-0.537988366
1784881083.933757305,8.460000194,4.526336396,-0.303685481,1.200000000,-0.539657972
1784881083.943757296,8.470000194,4.531806335,-0.307572695,1.200000000,-0.541321561
1784881083.953757286,8.480000194,4.537275617,-0.311461150,1.200000000,-0.542979079
1784881083.963757277,8.490000194,4.542744296,-0.315350718,1.200000000,-0.544630471
1784881083.973757267,8.500000194,4.548212428,-0.319241268,1.200000000,-0.546275684
1784881083.983757257,8.510000194,4.553680067,-0.323132672,1.200000000,-0.547914662
1784881083.993757248,8.520000194,4.559147269,-0.327024800,1.200000000,-0.549547351
1784881084.003757238,8.530000194,4.564614085,-0.330917522,1.200000000,-0.551173698
1784881084.013757229,8.540000194,4.570080570,-0.334810711,1.200000000,-0.552793646
1784881084.023757219,8.550000194,4.575546775,-0.338704235,1.200000000,-0.554407143
1784881084.033757210,8.560000194,4.581012754,-0.342597967,1.200000000,-0.556014133
1784881084.043757200,8.570000194,4.586478557,-0.346491777,1.200000000,-0.557614562
1784881084.053757191,8.580000194,4.591944235,-0.350385536,1.200000000,-0.559208376
1784881084.063757181,8.590000194,4.597409838,-0.354279115,1.200000000,-0.560795520
1784881084.073757172,8.600000194,4.602875417,-0.358172385,1.200000000,-0.562375940
1784881084.083757162,8.610000194,4.608341020,-0.362065219,1.200000000,-0.563949582
1784881084.093757153,8.620000194,4.613806695,-0.365957486,1.200000000,-0.565516391
1784881084.103757143,8.630000194,4.619272491,-0.369849059,1.200000000,-0.567076312
1784881084.113757133,8.640000194,4.624738455,-0.373739809,1.200000000,-0.568629291
1784881084.123757124,8.650000194,4.630204632,-0.377629608,1.200000000,-0.570175275
1784881084.133757114,8.660000194,4.635671070,-0.381518328,1.200000000,-0.571714207
1784881084.143757105,8.670000194,4.641137812,-0.385405840,1.200000000,-0.573246035
1784881084.153757334,8.680000194,4.646604904,-0.389292018,1.200000000,-0.574770703
1784881084.163757324,8.690000194,4.652072390,-0.393176733,1.200000000,-0.576288157
1784881084.173757315,8.700000194,4.657540311,-0.397059858,1.200000000,-0.577798343
1784881084.183757305,8.710000194,4.663008712,-0.400941266,1.200000000,-0.579301207
1784881084.193757296,8.720000194,4.668477632,-0.404820829,1.200000000,-0.580796693
1784881084.203757286,8.730000194,4.673947114,-0.408698420,1.200000000,-0.582284747
1784881084.213757277,8.740000194,4.679417197,-0.412573913,1.200000000,-0.583765316
1784881084.223757267,8.750000194,4.684887921,-0.416447181,1.200000000,-0.585238344
1784881084.233757257,8.760000194,4.690359324,-0.420318097,1.200000000,-0.586703778
1784881084.243757248,8.770000194,4.695831445,-0.424186536,1.200000000,-0.588161562
1784881084.253757238,8.780000194,4.701304320,-0.428052372,1.200000000,-0.589611643
1784881084.263757229,8.790000194,4.706777986,-0.431915478,1.200000000,-0.591053966
1784881084.273757219,8.800000194,4.712252478,-0.435775729,1.200000000,-0.592488476
1784881084.283757210,8.810000194,4.717727831,-0.439633000,1.200000000,-0.593915119
1784881084.293757200,8.820000194,4.723204079,-0.443487166,1.200000000,-0.595333841
1784881084.303757191,8.830000194,4.728681255,-0.447338101,1.200000000,-0.596744588
1784881084.313757181,8.840000194,4.734159392,-0.451185682,1.200000000,-0.598147304
1784881084.323757172,8.850000194,4.739638521,-0.455029784,1.200000000,-0.599541935
1784881084.333757162,8.860000194,4.745118672,-0.458870283,1.200000000,-0.600928428
1784881084.343757153,8.870000194,4.750599876,-0.462707054,1.200000000,-0.602306727
1784881084.353757143,8.880000194,4.756082162,-0.466539976,1.200000000,-0.603676779
1784881084.363757133,8.890000194,4.761565558,-0.470368923,1.200000000,-0.605038528
1784881084.373757124,8.900000194,4.767050090,-0.474193773,1.200000000,-0.606391921
1784881084.383757114,8.910000194,4.772535787,-0.478014404,1.200000000,-0.607736902
1784881084.393757105,8.920000194,4.778022673,-0.481830693,1.200000000,-0.609073419
1784881084.403757334,8.930000194,4.783510773,-0.485642517,1.200000000,-0.610401415
1784881084.413757324,8.940000194,4.789000112,-0.489449756,1.200000000,-0.611720837
1784881084.423757315,8.950000194,4.794490712,-0.493252286,1.200000000,-0.613031630
1784881084.433757305,8.960000194,4.799982595,-0.497049988,1.200000000,-0.614333740
1784881084.443757296,8.970000194,4.805475784,-0.500842740,1.200000000,-0.615627113
1784881084.453757286,8.980000194,4.810970298,-0.504630421,1.200000000,-0.616911693
1784881084.463757277,8.990000194,4.816466158,-0.508412911,1.200000000,-0.618187428
1784881084.473757267,9.000000194,4.821963382,-0.512190091,1.200000000,-0.619454261
1784881084.483757257,9.010000194,4.827461988,-0.515961839,1.200000000,-0.620712139
1784881084.493757248,9.020000194,4.832961994,-0.519728038,1.200000000,-0.621961008
1784881084.503757238,9.030000194,4.838463415,-0.523488568,1.200000000,-0.623200812
1784881084.513757229,9.040000194,4.843966267,-0.527243309,1.200000000,-0.624431498
1784881084.523757219,9.050000194,4.849470565,-0.530992145,1.200000000,-0.625653012
1784881084.533757210,9.060000194,4.854976321,-0.534734956,1.200000000,-0.626865297
1784881084.543757200,9.070000194,4.860483550,-0.538471625,1.200000000,-0.628068302
1784881084.553757191,9.080000194,4.865992263,-0.542202035,1.200000000,-0.629261970
1784881084.563757181,9.090000194,4.871502471,-0.545926069,1.200000000,-0.630446247
1784881084.573757172,9.100000194,4.877014184,-0.549643609,1.200000000,-0.631621080
1784881084.583757162,9.110000194,4.882527413,-0.553354540,1.200000000,-0.632786413
1784881084.593757153,9.120000194,4.888042164,-0.557058746,1.200000000,-0.633942192
1784881084.603757143,9.130000194,4.893558447,-0.560756111,1.200000000,-0.635088363
1784881084.613757133,9.140000194,4.899076268,-0.564446519,1.200000000,-0.636224871
1784881084.623757124,9.150000194,4.904595634,-0.568129857,1.200000000,-0.637351663
1784881084.633757114,9.160000194,4.910116549,-0.571806009,1.200000000,-0.638468683
1784881084.643757105,9.170000194,4.915639018,-0.575474860,1.200000000,-0.639575877
1784881084.653757334,9.180000194,4.921163045,-0.579136299,1.200000000,-0.640673171
1784881084.663757324,9.190000194,4.926688632,-0.582790210,1.200000000,-0.641760350
1784881084.673757315,9.200000194,4.932215782,-0.586436480,1.200000000,-0.642837137
1784881084.683757305,9.210000194,4.937744496,-0.590074998,1.200000000,-0.643903255
1784881084.693757296,9.220000194,4.943274774,-0.593705651,1.200000000,-0.644958428
1784881084.703757286,9.230000194,4.948806616,-0.597328326,1.200000000,-0.646002379
1784881084.713757277,9.240000194,4.954340022,-0.600942912,1.200000000,-0.647034831
1784881084.723757267,9.250000194,4.959874989,-0.604549298,1.200000000,-0.648055508
1784881084.733757257,9.260000194,4.965411515,-0.608147373,1.200000000,-0.649064131
1784881084.743757248,9.270000194,4.970949597,-0.611737027,1.200000000,-0.650060426
1784881084.753757238,9.280000194,4.976489230,-0.615318148,1.200000000,-0.651044114
1784881084.763757229,9.290000194,4.982030410,-0.618890629,1.200000000,-0.652014919
1784881084.773757219,9.300000194,4.987573132,-0.622454358,1.200000000,-0.652972564
1784881084.783757210,9.310000194,4.993117390,-0.626009228,1.200000000,-0.653916773
1784881084.793757200,9.320000194,4.998663176,-0.629555129,1.200000000,-0.654847268
1784881084.803757191,9.330000194,5.004210484,-0.633091953,1.200000000,-0.655763773
1784881084.813757181,9.340000194,5.009759305,-0.636619592,1.200000000,-0.656666011
1784881084.823757172,9.350000194,5.015309630,-0.640137939,1.200000000,-0.657553706
1784881084.833757162,9.360000194,5.020861451,-0.643646886,1.200000000,-0.658426579
1784881084.843757153,9.370000194,5.026414758,-0.647146327,1.200000000,-0.659284355
1784881084.853757143,9.380000194,5.031969539,-0.650636156,1.200000000,-0.660126757
1784881084.863757133,9.390000194,5.037525784,-0.654116265,1.200000000,-0.660953508
1784881084.873757124,9.400000194,5.043083481,-0.657586550,1.200000000,-0.661764331
1784881084.883757114,9.410000194,5.048642618,-0.661046905,1.200000000,-0.662558949
1784881084.893757105,9.420000194,5.054203181,-0.664497224,1.200000000,-0.663337086
1784881084.903757334,9.430000194,5.059765159,-0.667937405,1.200000000,-0.664098465
1784881084.913757324,9.440000194,5.065328536,-0.671367341,1.200000000,-0.664842808
1784881084.923757315,9.450000194,5.070893299,-0.674786929,1.200000000,-0.665569840
1784881084.933757305,9.460000194,5.076459432,-0.678196066,1.200000000,-0.666279283
1784881084.943757296,9.470000194,5.082026921,-0.681594649,1.200000000,-0.666970861
1784881084.953757286,9.480000194,5.087595750,-0.684982573,1.200000000,-0.667644296
1784881084.963757277,9.490000194,5.093165902,-0.688359738,1.200000000,-0.668299312
1784881084.973757267,9.500000194,5.098737362,-0.691726041,1.200000000,-0.668935632
1784881084.983757257,9.510000194,5.104310111,-0.695081379,1.200000000,-0.669552979
1784881084.993757248,9.520000194,5.109884133,-0.698425652,1.200000000,-0.670151077
1784881085.003757238,9.530000194,5.115459410,-0.701758759,1.200000000,-0.670729649
1784881085.013757229,9.540000194,5.121035924,-0.705080598,1.200000000,-0.671288417
1784881085.023757219,9.550000194,5.126613656,-0.708391069,1.200000000,-0.671827105
1784881085.033757210,9.560000194,5.132192588,-0.711690072,1.200000000,-0.672345437
1784881085.043757200,9.570000194,5.137772701,-0.714977508,1.200000000,-0.672843135
1784881085.053757191,9.580000194,5.143353975,-0.718253276,1.200000000,-0.673319923
1784881085.063757181,9.590000194,5.148936391,-0.721517278,1.200000000,-0.673775524
1784881085.073757172,9.600000194,5.154519929,-0.724769415,1.200000000,-0.674209660
1784881085.083757162,9.610000194,5.160104570,-0.728009589,1.200000000,-0.674622056
1784881085.093757153,9.620000194,5.165690292,-0.731237700,1.200000000,-0.675012434
1784881085.103757143,9.630000194,5.171277075,-0.734453653,1.200000000,-0.675380518
1784881085.113757133,9.640000194,5.176864900,-0.737657348,1.200000000,-0.675726031
1784881085.123757124,9.650000194,5.182453745,-0.740848689,1.200000000,-0.676048696
1784881085.133757114,9.660000194,5.188043589,-0.744027579,1.200000000,-0.676348235
1784881085.143757105,9.670000194,5.193634411,-0.747193922,1.200000000,-0.676624374
1784881085.153757334,9.680000194,5.199226190,-0.750347621,1.200000000,-0.676876833
1784881085.163757324,9.690000194,5.204818906,-0.753488580,1.200000000,-0.677105338
1784881085.173757315,9.700000194,5.210412536,-0.756616704,1.200000000,-0.677309611
1784881085.183757305,9.710000194,5.216007060,-0.759731897,1.200000000,-0.677489374
1784881085.193757296,9.720000194,5.221602456,-0.762834065,1.200000000,-0.677644352
1784881085.203757286,9.730000194,5.227198704,-0.765923113,1.200000000,-0.677774268
1784881085.213757277,9.740000194,5.232795781,-0.768998945,1.200000000,-0.677878844
1784881085.223757267,9.750000194,5.238393666,-0.772061469,1.200000000,-0.677957805
1784881085.233757257,9.760000194,5.243992339,-0.775110591,1.200000000,-0.678010872
1784881085.243757248,9.770000194,5.249591778,-0.778146216,1.200000000,-0.678037770
1784881085.253757238,9.780000194,5.255191963,-0.781168252,1.200000000,-0.678038221
1784881085.263757229,9.790000194,5.260792872,-0.784176605,1.200000000,-0.678011949
1784881085.273757219,9.800000194,5.266394484,-0.787171183,1.200000000,-0.677958677
1784881085.283757210,9.810000194,5.271996779,-0.790151894,1.200000000,-0.677878128
1784881085.293757200,9.820000194,5.277599737,-0.793118646,1.200000000,-0.677770025
1784881085.303757191,9.830000194,5.283203337,-0.796071346,1.200000000,-0.677634092
1784881085.313757181,9.840000194,5.288807559,-0.799009903,1.200000000,-0.677470052
1784881085.323757172,9.850000194,5.294412384,-0.801934227,1.200000000,-0.677277627
1784881085.333757162,9.860000194,5.300017791,-0.804844225,1.200000000,-0.677056542
1784881085.343757153,9.870000194,5.305623761,-0.807739807,1.200000000,-0.676806518
1784881085.353757143,9.880000194,5.311230276,-0.810620883,1.200000000,-0.676527280
1784881085.363757133,9.890000194,5.316837316,-0.813487363,1.200000000,-0.676218551
1784881085.373757124,9.900000194,5.322444863,-0.816339156,1.200000000,-0.675880054
1784881085.383757114,9.910000194,5.328052898,-0.819176173,1.200000000,-0.675511512
1784881085.393757105,9.920000194,5.333661405,-0.821998325,1.200000000,-0.675112648
1784881085.403757334,9.930000194,5.339270365,-0.824805522,1.200000000,-0.674683185
1784881085.413757324,9.940000194,5.344879762,-0.827597676,1.200000000,-0.674222847
1784881085.423757315,9.950000194,5.350489578,-0.830374698,1.200000000,-0.673731357
1784881085.433757305,9.960000194,5.356099798,-0.833136499,1.200000000,-0.673208438
1784881085.443757296,9.970000194,5.361710406,-0.835882992,1.200000000,-0.672653813
1784881085.453757286,9.980000194,5.367321385,-0.838614089,1.200000000,-0.672067205
1784881085.463757277,9.990000194,5.372932722,-0.841329702,1.200000000,-0.671448338
1784881085.473757267,10.000000194,5.378544402,-0.844029744,1.200000000,-0.670796935
1784881085.483757257,10.010000194,5.384156411,-0.846714127,1.200000000,-0.670112719
1784881085.493757248,10.020000194,5.389768736,-0.849382766,1.200000000,-0.669395413
1784881085.503757238,10.030000194,5.395381363,-0.852035572,1.200000000,-0.668644740
1784881085.513757229,10.040000194,5.400994280,-0.854672461,1.200000000,-0.667860424
1784881085.523757219,10.050000194,5.406607475,-0.857293346,1.200000000,-0.667042188
1784881085.533757210,10.060000194,5.412220938,-0.859898141,1.200000000,-0.666189755
1784881085.543757200,10.070000194,5.417834657,-0.862486761,1.200000000,-0.665302848
1784881085.553757191,10.080000194,5.423448623,-0.865059120,1.200000000,-0.664381190
1784881085.563757181,10.090000194,5.429062825,-0.867615133,1.200000000,-0.663424504
1784881085.573757172,10.100000194,5.434677255,-0.870154716,1.200000000,-0.662432515
1784881085.583757162,10.110000194,5.440291906,-0.872677784,1.200000000,-0.661404944
1784881085.593757153,10.120000194,5.445906768,-0.875184252,1.200000000,-0.660341516
1784881085.603757143,10.130000194,5.451521836,-0.877674037,1.200000000,-0.659241953
1784881085.613757133,10.140000194,5.457137103,-0.880147055,1.200000000,-0.658105978
1784881085.623757124,10.150000194,5.462752564,-0.882603222,1.200000000,-0.656933315
1784881085.633757114,10.160000194,5.468368214,-0.885042455,1.200000000,-0.655723687
1784881085.643757105,10.170000194,5.473984049,-0.887464670,1.200000000,-0.654476817
1784881085.653757334,10.180000194,5.479600065,-0.889869786,1.200000000,-0.653192428
1784881085.663757324,10.190000194,5.485216260,-0.892257720,1.200000000,-0.651870244
1784881085.673757315,10.200000194,5.490832632,-0.894628389,1.200000000,-0.650509987
1784881085.683757305,10.210000194,5.496449179,-0.896981711,1.200000000,-0.649111382
1784881085.693757296,10.220000194,5.502065902,-0.899317605,1.200000000,-0.647674150
1784881085.703757286,10.230000194,5.507682800,-0.901635989,1.200000000,-0.646198016
1784881085.713757277,10.240000194,5.513299875,-0.903936782,1.200000000,-0.644682702
1784881085.723757267,10.250000194,5.518917130,-0.906219903,1.200000000,-0.643127932
1784881085.733757257,10.260000194,5.524534565,-0.908485272,1.200000000,-0.641533428
1784881085.743757248,10.270000194,5.530152186,-0.910732807,1.200000000,-0.639898915
1784881085.753757238,10.280000194,5.535769996,-0.912962430,1.200000000,-0.638224115
1784881085.763757229,10.290000194,5.541388001,-0.915174059,1.200000000,-0.636508751
1784881085.773757219,10.300000194,5.547006207,-0.917367616,1.200000000,-0.634752547
1784881085.783757210,10.310000194,5.552624620,-0.919543021,1.200000000,-0.632955226
1784881085.793757200,10.320000194,5.558243249,-0.921700196,1.200000000,-0.631116510
1784881085.803757191,10.330000194,5.563862101,-0.923839061,1.200000000,-0.629236124
1784881085.813757181,10.340000194,5.569481186,-0.925959538,1.200000000,-0.627313790
1784881085.823757172,10.350000194,5.575100514,-0.928061549,1.200000000,-0.625349232
1784881085.833757162,10.360000194,5.580720097,-0.930145017,1.200000000,-0.623342173
1784881085.843757153,10.370000194,5.586339947,-0.932209864,1.200000000,-0.621292336
1784881085.853757143,10.380000194,5.591960075,-0.934256012,1.200000000,-0.619199443
1784881085.863757133,10.390000194,5.597580496,-0.936283386,1.200000000,-0.617063220
1784881085.873757124,10.400000194,5.603201224,-0.938291907,1.200000000,-0.614883387
1784881085.883757114,10.410000194,5.608822275,-0.940281501,1.200000000,-0.612659670
1784881085.893757105,10.420000194,5.614443664,-0.942252091,1.200000000,-0.610391790
1784881085.903757334,10.430000194,5.620065410,-0.944203603,1.200000000,-0.608079472
1784881085.913757324,10.440000194,5.625687529,-0.946135959,1.200000000,-0.605722438
1784881085.923757315,10.450000194,5.631310041,-0.948049087,1.200000000,-0.603320411
1784881085.933757305,10.460000194,5.636932965,-0.949942911,1.200000000,-0.600873115
1784881085.943757296,10.470000194,5.642556322,-0.951817358,1.200000000,-0.598380273
1784881085.953757286,10.480000194,5.648180133,-0.953672353,1.200000000,-0.595841609
1784881085.963757277,10.490000194,5.653804421,-0.955507823,1.200000000,-0.593256844
1784881085.973757267,10.500000194,5.659429208,-0.957323696,1.200000000,-0.590625703
1784881085.983757257,10.510000194,5.665054518,-0.959119899,1.200000000,-0.587947928
1784881085.993757248,10.520000194,5.670680376,-0.960896359,1.200000000,-0.585223637
1784881086.003757238,10.530000194,5.676306809,-0.962653005,1.200000000,-0.582453286
1784881086.013757229,10.540000194,5.681933841,-0.964389765,1.200000000,-0.579637343
1784881086.023757219,10.550000194,5.687561500,-0.966106569,1.200000000,-0.576776276
1784881086.033757210,10.560000194,5.693189815,-0.967803346,1.200000000,-0.573870552
1784881086.043757200,10.570000194,5.698818814,-0.969480026,1.200000000,-0.570920640
1784881086.053757191,10.580000194,5.704448526,-0.971136540,1.200000000,-0.567927008
1784881086.063757181,10.590000194,5.710078983,-0.972772818,1.200000000,-0.564890124
1784881086.073757172,10.600000194,5.715710215,-0.974388791,1.200000000,-0.561810455
1784881086.083757162,10.610000194,5.721342254,-0.975984392,1.200000000,-0.558688470
1784881086.093757153,10.620000194,5.726975132,-0.977559553,1.200000000,-0.555524637
1784881086.103757143,10.630000194,5.732608884,-0.979114206,1.200000000,-0.552319424
1784881086.113757133,10.640000194,5.738243543,-0.980648285,1.200000000,-0.549073298
1784881086.123757124,10.650000194,5.743879143,-0.982161724,1.200000000,-0.545786729
1784881086.133757114,10.660000194,5.749515722,-0.983654457,1.200000000,-0.542460183
1784881086.143757105,10.670000194,5.755153314,-0.985126419,1.200000000,-0.539094128
1784881086.153757334,10.680000194,5.760791956,-0.986577545,1.200000000,-0.535689034
1784881086.163757324,10.690000194,5.766431687,-0.988007771,1.200000000,-0.532245367
1784881086.173757315,10.700000194,5.772072544,-0.989417034,1.200000000,-0.528763596
1784881086.183757305,10.710000194,5.777714565,-0.990805272,1.200000000,-0.525244189
1784881086.193757296,10.720000194,5.783357791,-0.992172421,1.200000000,-0.521687613
1784881086.203757286,10.730000194,5.789002262,-0.993518420,1.200000000,-0.518094337
1784881086.213757277,10.740000194,5.794648017,-0.994843209,1.200000000,-0.514464829
1784881086.223757267,10.750000194,5.800295098,-0.996146726,1.200000000,-0.510799556
1784881086.233757257,10.760000194,5.805943546,-0.997428912,1.200000000,-0.507098987
1784881086.243757248,10.770000194,5.811593404,-0.998689708,1.200000000,-0.503363590
1784881086.253757238,10.780000194,5.817244714,-0.999929056,1.200000000,-0.499593833
1784881086.263757229,10.790000194,5.822897520,-1.001146897,1.200000000,-0.495790183
1784881086.273757219,10.800000194,5.828551865,-1.002343175,1.200000000,-0.491953109
1784881086.283757210,10.810000194,5.834207792,-1.003517834,1.200000000,-0.488083079
1784881086.293757200,10.820000194,5.839865347,-1.004670816,1.200000000,-0.484180560
1784881086.303757191,10.830000194,5.845524574,-1.005802069,1.200000000,-0.480246021
1784881086.313757181,10.840000194,5.851185518,-1.006911537,1.200000000,-0.476279929
1784881086.323757172,10.850000194,5.856848226,-1.007999167,1.200000000,-0.472282754
1784881086.333757162,10.860000194,5.862512742,-1.009064907,1.200000000,-0.468254962
1784881086.343757153,10.870000194,5.868179113,-1.010108705,1.200000000,-0.464197021
1784881086.353757143,10.880000194,5.873847386,-1.011130509,1.200000000,-0.460109400
1784881086.363757133,10.890000194,5.879517607,-1.012130269,1.200000000,-0.455992567
1784881086.373757124,10.900000194,5.885189824,-1.013107936,1.200000000,-0.451846990
1784881086.383757114,10.910000194,5.890864084,-1.014063461,1.200000000,-0.447673136
1784881086.393757105,10.920000194,5.896540433,-1.014996797,1.200000000,-0.443471474
1784881086.403757334,10.930000194,5.902218920,-1.015907896,1.200000000,-0.439242471
1784881086.413757324,10.940000194,5.907899593,-1.016796713,1.200000000,-0.434986596
1784881086.423757315,10.950000194,5.913582500,-1.017663202,1.200000000,-0.430704316
1784881086.433757305,10.960000194,5.919267688,-1.018507319,1.200000000,-0.426396101
1784881086.443757296,10.970000194,5.924955205,-1.019329021,1.200000000,-0.422062416
1784881086.453757286,10.980000194,5.930645100,-1.020128265,1.200000000,-0.417703732
1784881086.463757277,10.990000194,5.936337422,-1.020905010,1.200000000,-0.413320515
1784881086.473757267,11.000000194,5.942032218,-1.021659216,1.200000000,-0.408913233
1784881086.483757257,11.010000194,5.947729536,-1.022390842,1.200000000,-0.404482356
1784881086.493757248,11.020000194,5.953429424,-1.023099851,1.200000000,-0.400028349
1784881086.503757238,11.030000194,5.959131932,-1.023786204,1.200000000,-0.395551683
1784881086.513757229,11.040000194,5.964837106,-1.024449866,1.200000000,-0.391052823
1784881086.523757219,11.050000194,5.970544995,-1.025090800,1.200000000,-0.386532240
1784881086.533757210,11.060000194,5.976255647,-1.025708972,1.200000000,-0.381990400
1784881086.543757200,11.070000194,5.981969108,-1.026304349,1.200000000,-0.377427771
1784881086.553757191,11.080000194,5.987685427,-1.026876899,1.200000000,-0.372844822
1784881086.563757181,11.090000194,5.993404651,-1.027426589,1.200000000,-0.368242021
1784881086.573757172,11.100000194,5.999126827,-1.027953389,1.200000000,-0.363619835
1784881086.583757162,11.110000194,6.004852000,-1.028457272,1.200000000,-0.358978733
1784881086.593757153,11.120000194,6.010580219,-1.028938208,1.200000000,-0.354319182
1784881086.603757143,11.130000194,6.016311528,-1.029396171,1.200000000,-0.349641651
1784881086.613757133,11.140000194,6.022045974,-1.029831134,1.200000000,-0.344946607
1784881086.623757124,11.150000194,6.027783601,-1.030243074,1.200000000,-0.340234519
1784881086.633757114,11.160000194,6.033524456,-1.030631967,1.200000000,-0.335505854
1784881086.643757105,11.170000194,6.039268582,-1.030997791,1.200000000,-0.330761081
1784881086.653757334,11.180000194,6.045016023,-1.031340524,1.200000000,-0.326000668
1784881086.663757324,11.190000194,6.050766824,-1.031660147,1.200000000,-0.321225081
1784881086.673757315,11.200000194,6.056521027,-1.031956641,1.200000000,-0.316434791
1784881086.683757305,11.210000194,6.062278675,-1.032229989,1.200000000,-0.311630264
1784881086.693757296,11.220000194,6.068039810,-1.032480175,1.200000000,-0.306811968
1784881086.703757286,11.230000194,6.073804473,-1.032707183,1.200000000,-0.301980372
1784881086.713757277,11.240000194,6.079572706,-1.032911000,1.200000000,-0.297135943
1784881086.723757267,11.250000194,6.085344548,-1.033091614,1.200000000,-0.292279150
1784881086.733757257,11.260000194,6.091120039,-1.033249014,1.200000000,-0.287410460
1784881086.743757248,11.270000194,6.096899219,-1.033383189,1.200000000,-0.282530341
1784881086.753757238,11.280000194,6.102682124,-1.033494132,1.200000000,-0.277639262
1784881086.763757229,11.290000194,6.108468794,-1.033581835,1.200000000,-0.272737691
1784881086.773757219,11.300000194,6.114259264,-1.033646293,1.200000000,-0.267826095
1784881086.783757210,11.310000194,6.120053570,-1.033687501,1.200000000,-0.262904942
1784881086.793757200,11.320000194,6.125851748,-1.033705456,1.200000000,-0.257974701
1784881086.803757191,11.330000194,6.131653833,-1.033700156,1.200000000,-0.253035840
1784881086.813757181,11.340000194,6.137459856,-1.033671601,1.200000000,-0.248088825
1784881086.823757172,11.350000194,6.143269852,-1.033619792,1.200000000,-0.243134127
1784881086.833757162,11.360000194,6.149083852,-1.033544732,1.200000000,-0.238172211
1784881086.843757153,11.370000194,6.154901886,-1.033446424,1.200000000,-0.233203547
1784881086.853757143,11.380000194,6.160723985,-1.033324873,1.200000000,-0.228228603
1784881086.863757133,11.390000194,6.166550177,-1.033180087,1.200000000,-0.223247845
1784881086.873757124,11.400000194,6.172380491,-1.033012074,1.200000000,-0.218261744
1784881086.883757114,11.410000194,6.178214953,-1.032820842,1.200000000,-0.213270765
1784881086.893757105,11.420000194,6.184053588,-1.032606404,1.200000000,-0.208275378
1784881086.903757334,11.430000194,6.189896423,-1.032368772,1.200000000,-0.203276051
1784881086.913757324,11.440000194,6.195743480,-1.032107959,1.200000000,-0.198273250
1784881086.923757315,11.450000194,6.201594782,-1.031823982,1.200000000,-0.193267445
1784881086.933757305,11.460000194,6.207450351,-1.031516857,1.200000000,-0.188259104
1784881086.943757296,11.470000194,6.213310207,-1.031186603,1.200000000,-0.183248694
1784881086.953757286,11.480000194,6.219174369,-1.030833239,1.200000000,-0.178236683
1784881086.963757277,11.490000194,6.225042856,-1.030456788,1.200000000,-0.173223540
1784881086.973757267,11.500000194,6.230915683,-1.030057272,1.200000000,-0.168209732
1784881086.983757257,11.510000194,6.236792867,-1.029634717,1.200000000,-0.163195727
1784881086.993757248,11.520000194,6.242674422,-1.029189147,1.200000000,-0.158181994
1784881087.003757238,11.530000194,6.248560361,-1.028720591,1.200000000,-0.153169000
1784881087.013757229,11.540000194,6.254450696,-1.028229079,1.200000000,-0.148157213
1784881087.023757219,11.550000194,6.260345438,-1.027714640,1.200000000,-0.143147102
1784881087.033757210,11.560000194,6.266244594,-1.027177307,1.200000000,-0.138139134
1784881087.043757200,11.570000194,6.272148175,-1.026617114,1.200000000,-0.133133777
1784881087.053757191,11.580000194,6.278056185,-1.026034097,1.200000000,-0.128131499
1784881087.063757181,11.590000194,6.283968630,-1.025428292,1.200000000,-0.123132769
1784881087.073757172,11.600000194,6.289885514,-1.024799739,1.200000000,-0.118138055
1784881087.083757162,11.610000194,6.295806839,-1.024148477,1.200000000,-0.113147823
1784881087.093757153,11.620000194,6.301732606,-1.023474548,1.200000000,-0.108162543
1784881087.103757143,11.630000194,6.307662815,-1.022777996,1.200000000,-0.103182682
1784881087.113757133,11.640000194,6.313597464,-1.022058866,1.200000000,-0.098208709
1784881087.123757124,11.650000194,6.319536549,-1.021317205,1.200000000,-0.093241090
1784881087.133757114,11.660000194,6.325480065,-1.020553060,1.200000000,-0.088280295
1784881087.143757105,11.670000194,6.331428007,-1.019766481,1.200000000,-0.083326791
1784881087.153757334,11.680000194,6.337380366,-1.018957520,1.200000000,-0.078381047
1784881087.163757324,11.690000194,6.343337133,-1.018126231,1.200000000,-0.073443530
1784881087.173757315,11.700000194,6.349298298,-1.017272667,1.200000000,-0.068514708
1784881087.183757305,11.710000194,6.355263847,-1.016396885,1.200000000,-0.063595049
1784881087.193757296,11.720000194,6.361233768,-1.015498943,1.200000000,-0.058685022
1784881087.203757286,11.730000194,6.367208044,-1.014578900,1.200000000,-0.053785093
1784881087.213757277,11.740000194,6.373186658,-1.013636818,1.200000000,-0.048895732
1784881087.223757267,11.750000194,6.379169593,-1.012672759,1.200000000,-0.044017407
1784881087.233757257,11.760000194,6.385156827,-1.011686788,1.200000000,-0.039150584
1784881087.243757248,11.770000194,6.391148340,-1.010678970,1.200000000,-0.034295733
1784881087.253757238,11.780000194,6.397144108,-1.009649374,1.200000000,-0.029453321
1784881087.263757229,11.790000194,6.403144106,-1.008598068,1.200000000,-0.024623816
1784881087.273757219,11.800000194,6.409148307,-1.007525123,1.200000000,-0.019807686
1784881087.283757210,11.810000194,6.415156684,-1.006430611,1.200000000,-0.015005400
1784881087.293757200,11.820000194,6.421169207,-1.005314608,1.200000000,-0.010217425
1784881087.303757191,11.830000194,6.427185844,-1.004177187,1.200000000,-0.005444229
1784881087.313757181,11.840000194,6.433206563,-1.003018427,1.200000000,-0.000686204
1784881087.323757172,11.850000194,6.439231330,-1.001838406,1.200000000,0.004056528
1784881087.333757162,11.860000194,6.445260107,-1.000637205,1.200000000,0.008783904
1784881087.343757153,11.870000194,6.451292858,-0.999414905,1.200000000,0.013495861
1784881087.353757143,11.880000194,6.457329544,-0.998171590,1.200000000,0.018192335
1784881087.363757133,11.890000194,6.463370122,-0.996907345,1.200000000,0.022873264
1784881087.373757124,11.900000194,6.469414551,-0.995622257,1.200000000,0.027538585
1784881087.383757114,11.910000194,6.475462786,-0.994316414,1.200000000,0.032188234
1784881087.393757105,11.920000194,6.481514783,-0.992989906,1.200000000,0.036822149
1784881087.403757334,11.930000194,6.487570492,-0.991642823,1.200000000,0.041440267
1784881087.413757324,11.940000194,6.493629866,-0.990275259,1.200000000,0.046042524
1784881087.423757315,11.950000194,6.499692854,-0.988887309,1.200000000,0.050628857
1784881087.433757305,11.960000194,6.505759404,-0.987479067,1.200000000,0.055199204
1784881087.443757296,11.970000194,6.511829462,-0.986050632,1.200000000,0.059753502
1784881087.453757286,11.980000194,6.517902972,-0.984602102,1.200000000,0.064291686
1784881087.463757277,11.990000194,6.523979879,-0.983133577,1.200000000,0.068813696
1784881087.473757267,12.000000194,6.530060123,-0.981645160,1.200000000,0.073319466
1784881087.483757257,12.010000194,6.536143645,-0.980136954,1.200000000,0.077808934
1784881087.493757248,12.020000194,6.542230383,-0.978609062,1.200000000,0.082282038
1784881087.503757238,12.030000194,6.548320274,-0.977061593,1.200000000,0.086738714
1784881087.513757229,12.040000194,6.554413253,-0.975494652,1.200000000,0.091178899
1784881087.523757219,12.050000194,6.560509256,-0.973908349,1.200000000,0.095602531
1784881087.533757210,12.060000194,6.566608213,-0.972302795,1.200000000,0.100009545
1784881087.543757200,12.070000194,6.572710056,-0.970678101,1.200000000,0.104399879
1784881087.553757191,12.080000194,6.578814714,-0.969034381,1.200000000,0.108773471
1784881087.563757181,12.090000194,6.584922116,-0.967371749,1.200000000,0.113130256
1784881087.573757172,12.100000194,6.591032188,-0.965690321,1.200000000,0.117470172
1784881087.583757162,12.110000194,6.597144856,-0.963990214,1.200000000,0.121793156
1784881087.593757153,12.120000194,6.603260042,-0.962271546,1.200000000,0.126099145
1784881087.603757143,12.130000194,6.609377669,-0.960534439,1.200000000,0.130388076
1784881087.613757133,12.140000194,6.615497658,-0.958779013,1.200000000,0.134659886
1784881087.623757124,12.150000194,6.621619929,-0.957005389,1.200000000,0.138914511
1784881087.633757114,12.160000194,6.627744400,-0.955213693,1.200000000,0.143151889
1784881087.643757105,12.170000194,6.633870987,-0.953404049,1.200000000,0.147371957
1784881087.653757334,12.180000194,6.639999607,-0.951576583,1.200000000,0.151574651
1784881087.663757324,12.190000194,6.646130173,-0.949731423,1.200000000,0.155759909
1784881087.673757315,12.200000194,6.652262598,-0.947868698,1.200000000,0.159927667
1784881087.683757305,12.210000194,6.658396794,-0.945988536,1.200000000,0.164077863
1784881087.693757296,12.220000194,6.664532672,-0.944091070,1.200000000,0.168210434
1784881087.703757286,12.230000194,6.670670139,-0.942176430,1.200000000,0.172325316
1784881087.713757277,12.240000194,6.676809106,-0.940244752,1.200000000,0.176422446
1784881087.723757267,12.250000194,6.682949477,-0.938296168,1.200000000,0.180501761
1784881087.733757257,12.260000194,6.689091159,-0.936330815,1.200000000,0.184563199
1784881087.743757248,12.270000194,6.695234055,-0.934348829,1.200000000,0.188606697
1784881087.753757238,12.280000194,6.701378070,-0.932350347,1.200000000,0.192632190
1784881087.763757229,12.290000194,6.707523106,-0.930335509,1.200000000,0.196639617
1784881087.773757219,12.300000194,6.713669063,-0.928304453,1.200000000,0.200628914
1784881087.783757210,12.310000194,6.719815841,-0.926257322,1.200000000,0.204600018
1784881087.793757200,12.320000194,6.725963339,-0.924194255,1.200000000,0.208552866
1784881087.803757191,12.330000194,6.732111456,-0.922115397,1.200000000,0.212487395
1784881087.813757181,12.340000194,6.738260088,-0.920020890,1.200000000,0.216403543
1784881087.823757172,12.350000194,6.744409131,-0.917910880,1.200000000,0.220301245
1784881087.833757162,12.360000194,6.750558480,-0.915785511,1.200000000,0.224180439
1784881087.843757153,12.370000194,6.756708028,-0.913644930,1.200000000,0.228041062
1784881087.853757143,12.380000194,6.762857670,-0.911489285,1.200000000,0.231883051
1784881087.863757133,12.390000194,6.769007297,-0.909318722,1.200000000,0.235706343
1784881087.873757124,12.400000194,6.775156801,-0.907133392,1.200000000,0.239510875
1784881087.883757114,12.410000194,6.781306072,-0.904933443,1.200000000,0.243296584
1784881087.893757105,12.420000194,6.787454999,-0.902719027,1.200000000,0.247063406
1784881087.903757334,12.430000194,6.793603473,-0.900490294,1.200000000,0.250811279
1784881087.913757324,12.440000194,6.799751380,-0.898247396,1.200000000,0.254540139
1784881087.923757315,12.450000194,6.805898609,-0.895990487,1.200000000,0.258249924
1784881087.933757305,12.460000194,6.812045046,-0.893719720,1.200000000,0.261940571
1784881087.943757296,12.470000194,6.818190576,-0.891435248,1.200000000,0.265612017
1784881087.953757286,12.480000194,6.824335087,-0.889137226,1.200000000,0.269264198
1784881087.963757277,12.490000194,6.830478461,-0.886825810,1.200000000,0.272897051
1784881087.973757267,12.500000194,6.836620583,-0.884501156,1.200000000,0.276510514
1784881087.983757257,12.510000194,6.842761338,-0.882163421,1.200000000,0.280104523
1784881087.993757248,12.520000194,6.848900607,-0.879812761,1.200000000,0.283679015
1784881088.003757238,12.530000194,6.855038273,-0.877449334,1.200000000,0.287233928
1784881088.013757229,12.540000194,6.861174218,-0.875073299,1.200000000,0.290769199
1784881088.023757219,12.550000194,6.867308325,-0.872684814,1.200000000,0.294284763
1784881088.033757210,12.560000194,6.873440472,-0.870284039,1.200000000,0.297780559
1784881088.043757200,12.570000194,6.879570543,-0.867871132,1.200000000,0.301256523
1784881088.053757191,12.580000194,6.885698415,-0.865446256,1.200000000,0.304712592
1784881088.063757181,12.590000194,6.891823971,-0.863009569,1.200000000,0.308148703
1784881088.073757172,12.600000194,6.897947088,-0.860561233,1.200000000,0.311564793
1784881088.083757162,12.610000194,6.904067646,-0.858101409,1.200000000,0.314960799
1784881088.093757153,12.620000194,6.910185525,-0.855630259,1.200000000,0.318336658
1784881088.103757143,12.630000194,6.916300602,-0.853147945,1.200000000,0.321692307
1784881088.113757133,12.640000194,6.922412757,-0.850654628,1.200000000,0.325027684
1784881088.123757124,12.650000194,6.928521867,-0.848150473,1.200000000,0.328342724
1784881088.133757114,12.660000194,6.934627812,-0.845635641,1.200000000,0.331637364
1784881088.143757105,12.670000194,6.940730468,-0.843110295,1.200000000,0.334911543
1784881088.153757334,12.680000194,6.946829713,-0.840574599,1.200000000,0.338165196
1784881088.163757324,12.690000194,6.952925426,-0.838028717,1.200000000,0.341398262
1784881088.173757315,12.700000194,6.959017484,-0.835472811,1.200000000,0.344610675
1784881088.183757305,12.710000194,6.965105765,-0.832907047,1.200000000,0.347802375
1784881088.193757296,12.720000194,6.971190147,-0.830331586,1.200000000,0.350973297
1784881088.203757286,12.730000194,6.977270507,-0.827746594,1.200000000,0.354123379
1784881088.213757277,12.740000194,6.983346723,-0.825152235,1.200000000,0.357252557
1784881088.223757267,12.750000194,6.989418673,-0.822548672,1.200000000,0.360360769
1784881088.233757257,12.760000194,6.995486235,-0.819936070,1.200000000,0.363447951
1784881088.243757248,12.770000194,7.001549288,-0.817314594,1.200000000,0.366514041
1784881088.253757238,12.780000194,7.007607709,-0.814684406,1.200000000,0.369558975
1784881088.263757229,12.790000194,7.013661377,-0.812045671,1.200000000,0.372582691
1784881088.273757219,12.800000194,7.019710171,-0.809398554,1.200000000,0.375585125
1784881088.283757210,12.810000194,7.025753969,-0.806743217,1.200000000,0.378566214
1784881088.293757200,12.820000194,7.031792652,-0.804079826,1.200000000,0.381525895
1784881088.303757191,12.830000194,7.037826099,-0.801408543,1.200000000,0.384464106
1784881088.313757181,12.840000194,7.043854189,-0.798729532,1.200000000,0.387380782
1784881088.323757172,12.850000194,7.049876803,-0.796042957,1.200000000,0.390275862
1784881088.333757162,12.860000194,7.055893821,-0.793348980,1.200000000,0.393149282
1784881088.343757153,12.870000194,7.061905126,-0.790647765,1.200000000,0.396000980
1784881088.353757143,12.880000194,7.067910598,-0.787939474,1.200000000,0.398830891
1784881088.363757133,12.890000194,7.073910119,-0.785224270,1.200000000,0.401638953
1784881088.373757124,12.900000194,7.079903572,-0.782502315,1.200000000,0.404425103
1784881088.383757114,12.910000194,7.085890840,-0.779773771,1.200000000,0.407189278
1784881088.393757105,12.920000194,7.091871807,-0.777038798,1.200000000,0.409931415
1784881088.403757334,12.930000194,7.097846356,-0.774297560,1.200000000,0.412651451
1784881088.413757324,12.940000194,7.103814373,-0.771550215,1.200000000,0.415349322
1784881088.423757315,12.950000194,7.109775743,-0.768796925,1.200000000,0.418024967
1784881088.433757305,12.960000194,7.115730352,-0.766037849,1.200000000,0.420678321
1784881088.443757296,12.970000194,7.121678087,-0.763273148,1.200000000,0.423309322
1784881088.453757286,12.980000194,7.127618836,-0.760502979,1.200000000,0.425917906
1784881088.463757277,12.990000194,7.133552486,-0.757727502,1.200000000,0.428504011
1784881088.473757267,13.000000194,7.139478926,-0.754946875,1.200000000,0.431067574
1784881088.483757257,13.010000194,7.145398047,-0.752161256,1.200000000,0.433608531
1784881088.493757248,13.020000194,7.151309739,-0.749370801,1.200000000,0.436126820
1784881088.503757238,13.030000194,7.157213893,-0.746575666,1.200000000,0.438622377
1784881088.513757229,13.040000194,7.163110401,-0.743776008,1.200000000,0.441095140
1784881088.523757219,13.050000194,7.168999157,-0.740971983,1.200000000,0.443545045
1784881088.533757210,13.060000194,7.174880054,-0.738163743,1.200000000,0.445972029
1784881088.543757200,13.070000194,7.180752988,-0.735351445,1.200000000,0.448376030
1784881088.553757191,13.080000194,7.186617854,-0.732535240,1.200000000,0.450756984
1784881088.563757181,13.090000194,7.192474550,-0.729715282,1.200000000,0.453114829
1784881088.573757172,13.100000194,7.198322973,-0.726891723,1.200000000,0.455449500
1784881088.583757162,13.110000194,7.204163021,-0.724064713,1.200000000,0.457760936
1784881088.593757153,13.120000194,7.209994596,-0.721234404,1.200000000,0.460049073
1784881088.603757143,13.130000194,7.215817597,-0.718400945,1.200000000,0.462313848
1784881088.613757133,13.140000194,7.221631926,-0.715564485,1.200000000,0.464555198
1784881088.623757124,13.150000194,7.227437488,-0.712725172,1.200000000,0.466773060
1784881088.633757114,13.160000194,7.233234185,-0.709883153,1.200000000,0.468967371
1784881088.643757105,13.170000194,7.239021924,-0.707038576,1.200000000,0.471138068
1784881088.653757334,13.180000194,7.244800611,-0.704191585,1.200000000,0.473285088
1784881088.663757324,13.190000194,7.250570153,-0.701342326,1.200000000,0.475408368
1784881088.673757315,13.200000194,7.256330460,-0.698490942,1.200000000,0.477507845
1784881088.683757305,13.210000194,7.262081441,-0.695637577,1.200000000,0.479583455
1784881088.693757296,13.220000194,7.267823007,-0.692782373,1.200000000,0.481635137
1784881088.703757286,13.230000194,7.273555072,-0.689925470,1.200000000,0.483662826
1784881088.713757277,13.240000194,7.279277549,-0.687067010,1.200000000,0.485666459
1784881088.723757267,13.250000194,7.284990353,-0.684207131,1.200000000,0.487645975
1784881088.733757257,13.260000194,7.290693400,-0.681345972,1.200000000,0.489601309
1784881088.743757248,13.270000194,7.296386608,-0.678483669,1.200000000,0.491532398
1784881088.753757238,13.280000194,7.302069896,-0.675620360,1.200000000,0.493439181
1784881088.763757229,13.290000194,7.307743184,-0.672756179,1.200000000,0.495321592
1784881088.773757219,13.300000194,7.313406394,-0.669891261,1.200000000,0.497179571
1784881088.783757210,13.310000194,7.319059449,-0.667025739,1.200000000,0.499013052
1784881088.793757200,13.320000194,7.324702273,-0.664159745,1.200000000,0.500821974
1784881088.803757191,13.330000194,7.330334792,-0.661293411,1.200000000,0.502606274
1784881088.813757181,13.340000194,7.335956933,-0.658426865,1.200000000,0.504365887
1784881088.823757172,13.350000194,7.341568625,-0.655560237,1.200000000,0.506100752
1784881088.833757162,13.360000194,7.347169797,-0.652693655,1.200000000,0.507810806
1784881088.843757153,13.370000194,7.352760381,-0.649827245,1.200000000,0.509495984
1784881088.853757143,13.380000194,7.358340311,-0.646961132,1.200000000,0.511156225
1784881088.863757133,13.390000194,7.363909519,-0.644095442,1.200000000,0.512791465
1784881088.873757124,13.400000194,7.369467943,-0.641230296,1.200000000,0.514401641
1784881088.883757114,13.410000194,7.375015518,-0.638365818,1.200000000,0.515986690
1784881088.893757105,13.420000194,7.380552184,-0.635502127,1.200000000,0.517546549
1784881088.903757334,13.430000194,7.386077882,-0.632639344,1.200000000,0.519081155
1784881088.913757324,13.440000194,7.391592552,-0.629777586,1.200000000,0.520590445
1784881088.923757315,13.450000194,7.397096137,-0.626916972,1.200000000,0.522074356
1784881088.933757305,13.460000194,7.402588583,-0.624057616,1.200000000,0.523532825
1784881088.943757296,13.470000194,7.408069836,-0.621199634,1.200000000,0.524965788
1784881088.953757286,13.480000194,7.413539842,-0.618343138,1.200000000,0.526373184
1784881088.963757277,13.490000194,7.418998552,-0.615488242,1.200000000,0.527754948
1784881088.973757267,13.500000194,7.424445915,-0.612635056,1.200000000,0.529111018
1784881088.983757257,13.510000194,7.429881885,-0.609783690,1.200000000,0.530441331
1784881088.993757248,13.520000194,7.435306414,-0.606934252,1.200000000,0.531745823
1784881089.003757238,13.530000194,7.440719459,-0.604086849,1.200000000,0.533024432
1784881089.013757229,13.540000194,7.446120974,-0.601241588,1.200000000,0.534277095
1784881089.023757219,13.550000194,7.451510920,-0.598398572,1.200000000,0.535503748
1784881089.033757210,13.560000194,7.456889255,-0.595557905,1.200000000,0.536704329
1784881089.043757200,13.570000194,7.462255941,-0.592719689,1.200000000,0.537878774
1784881089.053757191,13.580000194,7.467610939,-0.589884025,1.200000000,0.539027020
1784881089.063757181,13.590000194,7.472954216,-0.587051012,1.200000000,0.540149005
1784881089.073757172,13.600000194,7.478285736,-0.584220748,1.200000000,0.541244666
1784881089.083757162,13.610000194,7.483605466,-0.581393330,1.200000000,0.542313938
1784881089.093757153,13.620000194,7.488913376,-0.578568853,1.200000000,0.543356760
1784881089.103757143,13.630000194,7.494209434,-0.575747411,1.200000000,0.544373069
1784881089.113757133,13.640000194,7.499493614,-0.572929097,1.200000000,0.545362800
1784881089.123757124,13.650000194,7.504765888,-0.570114003,1.200000000,0.546325892
1784881089.133757114,13.660000194,7.510026230,-0.567302219,1.200000000,0.547262281
1784881089.143757105,13.670000194,7.515274617,-0.564493833,1.200000000,0.548171903
1784881089.153757334,13.680000194,7.520511026,-0.561688933,1.200000000,0.549054697
1784881089.163757324,13.690000194,7.525735435,-0.558887605,1.200000000,0.549910599
1784881089.173757315,13.700000194,7.530947826,-0.556089934,1.200000000,0.550739547
1784881089.183757305,13.710000194,7.536148179,-0.553296004,1.200000000,0.551541475
1784881089.193757296,13.720000194,7.541336478,-0.550505897,1.200000000,0.552316323
1784881089.203757286,13.730000194,7.546512707,-0.547719694,1.200000000,0.553064027
1784881089.213757277,13.740000194,7.551676851,-0.544937474,1.200000000,0.553784524
1784881089.223757267,13.750000194,7.556828899,-0.542159315,1.200000000,0.554477750
1784881089.233757257,13.760000194,7.561968838,-0.539385295,1.200000000,0.555143644
1784881089.243757248,13.770000194,7.567096658,-0.536615490,1.200000000,0.555782140
1784881089.253757238,13.780000194,7.572212349,-0.533849973,1.200000000,0.556393178
1784881089.263757229,13.790000194,7.577315905,-0.531088818,1.200000000,0.556976694
1784881089.273757219,13.800000194,7.582407318,-0.528332097,1.200000000,0.557532623
1784881089.283757210,13.810000194,7.587486584,-0.525579880,1.200000000,0.558060905
1784881089.293757200,13.820000194,7.592553698,-0.522832237,1.200000000,0.558561475
1784881089.303757191,13.830000194,7.597608656,-0.520089236,1.200000000,0.559034271
1784881089.313757181,13.840000194,7.602651459,-0.517350943,1.200000000,0.559479229
1784881089.323757172,13.850000194,7.607682103,-0.514617424,1.200000000,0.559896286
1784881089.333757162,13.860000194,7.612700591,-0.511888743,1.200000000,0.560285380
1784881089.343757153,13.870000194,7.617706924,-0.509164964,1.200000000,0.560646448
1784881089.353757143,13.880000194,7.622701104,-0.506446149,1.200000000,0.560979425
1784881089.363757133,13.890000194,7.627683134,-0.503732357,1.200000000,0.561284250
1784881089.373757124,13.900000194,7.632653019,-0.501023650,1.200000000,0.561560860
1784881089.383757114,13.910000194,7.637610765,-0.498320084,1.200000000,0.561809190
1784881089.393757105,13.920000194,7.642556378,-0.495621717,1.200000000,0.562029179
1784881089.403757334,13.930000194,7.647489865,-0.492928606,1.200000000,0.562220762
1784881089.413757324,13.940000194,7.652411235,-0.490240806,1.200000000,0.562383878
1784881089.423757315,13.950000194,7.657320496,-0.487558369,1.200000000,0.562518463
1784881089.433757305,13.960000194,7.662217657,-0.484881349,1.200000000,0.562624454
1784881089.443757296,13.970000194,7.667102731,-0.482209797,1.200000000,0.562701788
1784881089.453757286,13.980000194,7.671975726,-0.479543765,1.200000000,0.562750402
1784881089.463757277,13.990000194,7.676836656,-0.476883301,1.200000000,0.562770233
1784881089.473757267,14.000000194,7.681685533,-0.474228453,1.200000000,0.562761218
1784881089.483757257,14.010000194,7.686522370,-0.471579271,1.200000000,0.562723293
1784881089.493757248,14.020000194,7.691347180,-0.468935799,1.200000000,0.562656397
1784881089.503757238,14.030000194,7.696159977,-0.466298084,1.200000000,0.562560465
1784881089.513757229,14.040000194,7.700960777,-0.463666170,1.200000000,0.562435435
1784881089.523757219,14.050000194,7.705749593,-0.461040100,1.200000000,0.562281244
1784881089.533757210,14.060000194,7.710526442,-0.458419918,1.200000000,0.562097828
1784881089.543757200,14.070000194,7.715291338,-0.455805665,1.200000000,0.561885125
1784881089.553757191,14.080000194,7.720044298,-0.453197382,1.200000000,0.561643071
1784881089.563757181,14.090000194,7.724785337,-0.450595110,1.200000000,0.561371605
1784881089.573757172,14.100000194,7.729514472,-0.447998887,1.200000000,0.561070661
1784881089.583757162,14.110000194,7.734231720,-0.445408753,1.200000000,0.560740178
1784881089.593757153,14.120000194,7.738937096,-0.442824744,1.200000000,0.560380093
1784881089.603757143,14.130000194,7.743630616,-0.440246898,1.200000000,0.559990342
1784881089.613757133,14.140000194,7.748312298,-0.437675252,1.200000000,0.559570862
1784881089.623757124,14.150000194,7.752982158,-0.435109841,1.200000000,0.559121591
1784881089.633757114,14.160000194,7.757640211,-0.432550699,1.200000000,0.558642465
1784881089.643757105,14.170000194,7.762286473,-0.429997863,1.200000000,0.558133421
1784881089.653757334,14.180000194,7.766920960,-0.427451364,1.200000000,0.557594396
1784881089.663757324,14.190000194,7.771543688,-0.424911237,1.200000000,0.557025328
1784881089.673757315,14.200000194,7.776154669,-0.422377514,1.200000000,0.556426152
1784881089.683757305,14.210000194,7.780753920,-0.419850227,1.200000000,0.555796807
1784881089.693757296,14.220000194,7.785341454,-0.417329409,1.200000000,0.555137229
1784881089.703757286,14.230000194,7.789917283,-0.414815090,1.200000000,0.554447355
1784881089.713757277,14.240000194,7.794481420,-0.412307301,1.200000000,0.553727122
1784881089.723757267,14.250000194,7.799033878,-0.409806073,1.200000000,0.552976467
1784881089.733757257,14.260000194,7.803574666,-0.407311437,1.200000000,0.552195327
1784881089.743757248,14.270000194,7.808103794,-0.404823422,1.200000000,0.551383639
1784881089.753757238,14.280000194,7.812621272,-0.402342058,1.200000000,0.550541339
1784881089.763757229,14.290000194,7.817127108,-0.399867375,1.200000000,0.549668366
1784881089.773757219,14.300000194,7.821621308,-0.397399402,1.200000000,0.548764655
1784881089.783757210,14.310000194,7.826103879,-0.394938168,1.200000000,0.547830144
1784881089.793757200,14.320000194,7.830574823,-0.392483702,1.200000000,0.546864769
1784881089.803757191,14.330000194,7.835034145,-0.390036034,1.200000000,0.545868469
1784881089.813757181,14.340000194,7.839481846,-0.387595193,1.200000000,0.544841179
1784881089.823757172,14.350000194,7.843917926,-0.385161207,1.200000000,0.543782836
1784881089.833757162,14.360000194,7.848342383,-0.382734107,1.200000000,0.542693378
1784881089.843757153,14.370000194,7.852755214,-0.380313921,1.200000000,0.541572742
1784881089.853757143,14.380000194,7.857156415,-0.377900679,1.200000000,0.540420864
1784881089.863757133,14.390000194,7.861545978,-0.375494411,1.200000000,0.539237681
1784881089.873757124,14.400000194,7.865923894,-0.373095147,1.200000000,0.538023131
1784881089.883757114,14.410000194,7.870290153,-0.370702917,1.200000000,0.536777151
1784881089.893757105,14.420000194,7.874644741,-0.368317753,1.200000000,0.535499676
1784881089.903757334,14.430000194,7.878987644,-0.365939684,1.200000000,0.534190645
1784881089.913757324,14.440000194,7.883318844,-0.363568744,1.200000000,0.532849994
1784881089.923757315,14.450000194,7.887638320,-0.361204965,1.200000000,0.531477661
1784881089.933757305,14.460000194,7.891946051,-0.358848378,1.200000000,0.530073581
1784881089.943757296,14.470000194,7.896242011,-0.356499017,1.200000000,0.528637693
1784881089.953757286,14.480000194,7.900526173,-0.354156918,1.200000000,0.527169933
1784881089.963757277,14.490000194,7.904798506,-0.351822113,1.200000000,0.525670238
1784881089.973757267,14.500000194,7.909058976,-0.349494640,1.200000000,0.524138545
1784881089.983757257,14.510000194,7.913307547,-0.347174534,1.200000000,0.522574791
1784881089.993757248,14.520000194,7.917544178,-0.344861833,1.200000000,0.520978912
1784881090.003757238,14.530000194,7.921768828,-0.342556575,1.200000000,0.519350847
1784881090.013757229,14.540000194,7.925981450,-0.340258800,1.200000000,0.517690532
1784881090.023757219,14.550000194,7.930181994,-0.337968549,1.200000000,0.515997904
1784881090.033757210,14.560000194,7.934370407,-0.335685862,1.200000000,0.514272899
1784881090.043757200,14.570000194,7.938546632,-0.333410783,1.200000000,0.512515455
1784881090.053757191,14.580000194,7.942710608,-0.331143356,1.200000000,0.510725509
1784881090.063757181,14.590000194,7.946862270,-0.328883626,1.200000000,0.508902998
1784881090.073757172,14.600000194,7.951001549,-0.326631641,1.200000000,0.507047858
1784881090.083757162,14.610000194,7.955128373,-0.324387449,1.200000000,0.505160027
1784881090.093757153,14.620000194,7.959242665,-0.322151099,1.200000000,0.503239441
1784881090.103757143,14.630000194,7.963344342,-0.319922644,1.200000000,0.501286038
1784881090.113757133,14.640000194,7.967433319,-0.317702136,1.200000000,0.499299755
1784881090.123757124,14.650000194,7.971509504,-0.315489631,1.200000000,0.497280528
1784881090.133757114,14.660000194,7.975572803,-0.313285185,1.200000000,0.495228294
1784881090.143757105,14.670000194,7.979623115,-0.311088857,1.200000000,0.493142991
1784881090.153757334,14.680000194,7.983660334,-0.308900708,1.200000000,0.491024556
1784881090.163757324,14.690000194,7.987684349,-0.306720801,1.200000000,0.488872924
1784881090.173757315,14.700000194,7.991695046,-0.304549199,1.200000000,0.486688034
1784881090.183757305,14.710000194,7.995692301,-0.302385971,1.200000000,0.484469822
1784881090.193757296,14.720000194,7.999675988,-0.300231186,1.200000000,0.482218226
1784881090.203757286,14.730000194,8.003645974,-0.298084915,1.200000000,0.479933181
1784881090.213757277,14.740000194,8.007602121,-0.295947233,1.200000000,0.477614626
1784881090.223757267,14.750000194,8.011544284,-0.293818215,1.200000000,0.475262497
1784881090.233757257,14.760000194,8.015472311,-0.291697942,1.200000000,0.472876731
1784881090.243757248,14.770000194,8.019386047,-0.289586495,1.200000000,0.470457265
1784881090.253757238,14.780000194,8.023285328,-0.287483958,1.200000000,0.468004036
1784881090.263757229,14.790000194,8.027169982,-0.285390420,1.200000000,0.465516980
1784881090.273757219,14.800000194,8.031039834,-0.283305970,1.200000000,0.462996036
1784881090.283757210,14.810000194,8.034894700,-0.281230702,1.200000000,0.460441140
1784881090.293757200,14.820000194,8.038734388,-0.279164712,1.200000000,0.457852229
1784881090.303757191,14.830000194,8.042558701,-0.277108100,1.200000000,0.455229239
1784881090.313757181,14.840000194,8.046367433,-0.275060969,1.200000000,0.452572108
1784881090.323757172,14.850000194,8.050160371,-0.273023426,1.200000000,0.449880773
1784881090.333757162,14.860000194,8.053937294,-0.270995579,1.200000000,0.447155171
1784881090.343757153,14.870000194,8.057697975,-0.268977543,1.200000000,0.444395238
1784881090.353757143,14.880000194,8.061442176,-0.266969434,1.200000000,0.441600912
1784881090.363757133,14.890000194,8.065169653,-0.264971373,1.200000000,0.438772129
1784881090.373757124,14.900000194,8.068880152,-0.262983484,1.200000000,0.435908827
1784881090.383757114,14.910000194,8.072573412,-0.261005897,1.200000000,0.433010943
1784881090.393757105,14.920000194,8.076249163,-0.259038743,1.200000000,0.430078413
1784881090.403757334,14.930000194,8.079907126,-0.257082159,1.200000000,0.427111174
1784881090.413757324,14.940000194,8.083547011,-0.255136285,1.200000000,0.424109164
1784881090.423757315,14.950000194,8.087168522,-0.253201268,1.200000000,0.421072319
1784881090.433757305,14.960000194,8.090771352,-0.251277256,1.200000000,0.418000577
1784881090.443757296,14.970000194,8.094355184,-0.249364404,1.200000000,0.414893874
1784881090.453757286,14.980000194,8.097919692,-0.247462871,1.200000000,0.411752147
1784881090.463757277,14.990000194,8.101464540,-0.245572820,1.200000000,0.408575339
1784881090.473757267,15.000000194,8.104989381,-0.243694418,1.200000000,0.405363433
1784881090.483757257,15.010000194,8.108493859,-0.241827841,1.200000000,0.402116435
1784881090.493757248,15.020000194,8.111977606,-0.239973266,1.200000000,0.398834348
1784881090.503757238,15.030000194,8.115440245,-0.238130876,1.200000000,0.395517177
1784881090.513757229,15.040000194,8.118881387,-0.236300861,1.200000000,0.392164926
1784881090.523757219,15.050000194,8.122300631,-0.234483414,1.200000000,0.388777600
1784881090.533757210,15.060000194,8.125697567,-0.232678736,1.200000000,0.385355203
1784881090.543757200,15.070000194,8.129071772,-0.230887031,1.200000000,0.381897740
1784881090.553757191,15.080000194,8.132422812,-0.229108511,1.200000000,0.378405215
1784881090.563757181,15.090000194,8.135750241,-0.227343392,1.200000000,0.374877632
1784881090.573757172,15.100000194,8.139053602,-0.225591896,1.200000000,0.371314997
1784881090.583757162,15.110000194,8.142332426,-0.223854253,1.200000000,0.367717312
1784881090.593757153,15.120000194,8.145586231,-0.222130695,1.200000000,0.364084583
1784881090.603757143,15.130000194,8.148814525,-0.220421463,1.200000000,0.360416815
1784881090.613757133,15.140000194,8.152016801,-0.218726804,1.200000000,0.356714011
1784881090.623757124,15.150000194,8.155192544,-0.217046968,1.200000000,0.352976176
1784881090.633757114,15.160000194,8.158341224,-0.215382214,1.200000000,0.349203314
1784881090.643757105,15.170000194,8.161462300,-0.213732806,1.200000000,0.345395430
1784881090.653757334,15.180000194,8.164555221,-0.212099013,1.200000000,0.341552529
1784881090.663757324,15.190000194,8.167619423,-0.210481110,1.200000000,0.337674614
1784881090.673757315,15.200000194,8.170654330,-0.208879379,1.200000000,0.333761690
1784881090.683757305,15.210000194,8.173659357,-0.207294105,1.200000000,0.329813762
1784881090.693757296,15.220000194,8.176633907,-0.205725582,1.200000000,0.325830834
1784881090.703757286,15.230000194,8.179577373,-0.204174105,1.200000000,0.321812910
1784881090.713757277,15.240000194,8.182489138,-0.202639977,1.200000000,0.317759994
1784881090.723757267,15.250000194,8.185368575,-0.201123504,1.200000000,0.313672093
1784881090.733757257,15.260000194,8.188215049,-0.199625000,1.200000000,0.309549208
1784881090.743757248,15.270000194,8.191027915,-0.198144778,1.200000000,0.305391346
1784881090.753757238,15.280000194,8.193806523,-0.196683158,1.200000000,0.301198510
1784881090.763757229,15.290000194,8.196550213,-0.195240465,1.200000000,0.296970705
1784881090.773757219,15.300000194,8.199258321,-0.193817024,1.200000000,0.292707936
1784881090.783757210,15.310000194,8.201930175,-0.192413165,1.200000000,0.288410206
1784881090.793757200,15.320000194,8.204565101,-0.191029219,1.200000000,0.284077520
1784881090.803757191,15.330000194,8.207162419,-0.189665519,1.200000000,0.279709883
1784881090.813757181,15.340000194,8.209721448,-0.188322402,1.200000000,0.275307299
1784881090.823757172,15.350000194,8.212241505,-0.187000201,1.200000000,0.270869773
1784881090.833757162,15.360000194,8.214721908,-0.185699253,1.200000000,0.266397308
1784881090.843757153,15.370000194,8.217161973,-0.184419894,1.200000000,0.261889909
1784881090.853757143,15.380000194,8.219561022,-0.183162456,1.200000000,0.257347582
1784881090.863757133,15.390000194,8.221918377,-0.181927273,1.200000000,0.252770329
1784881090.873757124,15.400000194,8.224233370,-0.180714673,1.200000000,0.248158156
1784881090.883757114,15.410000194,8.226505335,-0.179524982,1.200000000,0.243511067
1784881090.893757105,15.420000194,8.228733619,-0.178358522,1.200000000,0.238829066
1784881090.903757334,15.430000194,8.230917577,-0.177215608,1.200000000,0.234112158
1784881090.913757324,15.440000194,8.233056578,-0.176096551,1.200000000,0.229360347
1784881090.923757315,15.450000194,8.235150004,-0.175001651,1.200000000,0.224573638
1784881090.933757305,15.460000194,8.237197254,-0.173931204,1.200000000,0.219752035
1784881090.943757296,15.470000194,8.239197748,-0.172885492,1.200000000,0.214895543
1784881090.953757286,15.480000194,8.241150925,-0.171864789,1.200000000,0.210004165
1784881090.963757277,15.490000194,8.243056248,-0.170869357,1.200000000,0.205077907
1784881090.973757267,15.500000194,8.244913206,-0.169899442,1.200000000,0.200116844
1784881090.983757257,15.510000194,8.246721318,-0.168955278,1.200000000,0.195123061
1784881090.993757248,15.520000194,8.248480134,-0.168037082,1.200000000,0.190100891
1784881091.003757238,15.530000194,8.250189239,-0.167145051,1.200000000,0.185054780
1784881091.013757229,15.540000194,8.251848254,-0.166279367,1.200000000,0.179989178
1784881091.023757219,15.550000194,8.253456843,-0.165440187,1.200000000,0.174908532
1784881091.033757210,15.560000194,8.255014712,-0.164627649,1.200000000,0.169817292
1784881091.043757200,15.570000194,8.256521614,-0.163841864,1.200000000,0.164719906
1784881091.053757191,15.580000194,8.257977353,-0.163082921,1.200000000,0.159620823
1784881091.063757181,15.590000194,8.259381785,-0.162350877,1.200000000,0.154524490
1784881091.073757172,15.600000194,8.260734822,-0.161645765,1.200000000,0.149435356
1784881091.083757162,15.610000194,8.262036436,-0.160967585,1.200000000,0.144357870
1784881091.093757153,15.620000194,8.263286659,-0.160316305,1.200000000,0.139296480
1784881091.103757143,15.630000194,8.264485588,-0.159691863,1.200000000,0.134255635
1784881091.113757133,15.640000194,8.265633390,-0.159094158,1.200000000,0.129239783
1784881091.123757124,15.650000194,8.266730298,-0.158523057,1.200000000,0.124253372
1784881091.133757114,15.660000194,8.267776618,-0.157978388,1.200000000,0.119300851
1784881091.143757105,15.670000194,8.268772732,-0.157459941,1.200000000,0.114386669
1784881091.153757334,15.680000194,8.269719094,-0.156967469,1.200000000,0.109515274
1784881091.163757324,15.690000194,8.270616238,-0.156500683,1.200000000,0.104691114
1784881091.173757315,15.700000194,8.271464778,-0.156059255,1.200000000,0.099918638
1784881091.183757305,15.710000194,8.272265404,-0.155642815,1.200000000,0.095202294
1784881091.193757296,15.720000194,8.273018889,-0.155250952,1.200000000,0.090546531
1784881091.203757286,15.730000194,8.273726086,-0.154883214,1.200000000,0.085955798
1784881091.213757277,15.740000194,8.274387930,-0.154539107,1.200000000,0.081434542
1784881091.223757267,15.750000194,8.275005435,-0.154218097,1.200000000,0.076987212
1784881091.233757257,15.760000194,8.275579695,-0.153919606,1.200000000,0.072618257
1784881091.243757248,15.770000194,8.276111883,-0.153643019,1.200000000,0.068332125
1784881091.253757238,15.780000194,8.276603248,-0.153387680,1.200000000,0.064133264
1784881091.263757229,15.790000194,8.277055114,-0.153152895,1.200000000,0.060026123
1784881091.273757219,15.800000194,8.277468878,-0.152937932,1.200000000,0.056015151
1784881091.283757210,15.810000194,8.277846005,-0.152742026,1.200000000,0.052104796
1784881091.293757200,15.820000194,8.278188024,-0.152564376,1.200000000,0.048299506
1784881091.303757191,15.830000194,8.278496528,-0.152404152,1.200000000,0.044603730
1784881091.313757181,15.840000194,8.278773164,-0.152260494,1.200000000,0.041021916
1784881091.323757172,15.850000194,8.279019631,-0.152132517,1.200000000,0.037558513
1784881091.333757162,15.860000194,8.279237670,-0.152019311,1.200000000,0.034217970
1784881091.343757153,15.870000194,8.279429063,-0.151919949,1.200000000,0.031004734
1784881091.353757143,15.880000194,8.279595622,-0.151833488,1.200000000,0.027923254
1784881091.363757133,15.890000194,8.279739180,-0.151758974,1.200000000,0.024977979
1784881091.373757124,15.900000194,8.279861586,-0.151695444,1.200000000,0.022173356
1784881091.383757114,15.910000194,8.279964690,-0.151641937,1.200000000,0.019513836
1784881091.393757105,15.920000194,8.280050339,-0.151597491,1.200000000,0.017003865
1784881091.403757334,15.930000194,8.280120362,-0.151561158,1.200000000,0.014647893
1784881091.413757324,15.940000194,8.280176557,-0.151532002,1.200000000,0.012450368
1784881091.423757315,15.950000194,8.280220682,-0.151509110,1.200000000,0.010415738
1784881091.433757305,15.960000194,8.280254440,-0.151491597,1.200000000,0.008548452
1784881091.443757296,15.970000194,8.280279463,-0.151478617,1.200000000,0.006852958
1784881091.453757286,15.980000194,8.280297298,-0.151469367,1.200000000,0.005333705
1784881091.463757277,15.990000194,8.280309391,-0.151463095,1.200000000,0.003995141
1784881091.473757267,16.000000194,8.280317068,-0.151459113,1.200000000,0.002841715
1784881091.483757257,16.010000194,8.280321521,-0.151456804,1.200000000,0.001877875
1784881091.493757248,16.020000194,8.280323783,-0.151455631,1.200000000,0.001108070
1784881091.503757238,16.030000194,8.280324713,-0.151455149,1.200000000,0.000536747
1784881091.513757229,16.040000194,8.280324972,-0.151455015,1.200000000,0.000168357
1784881091.523757219,16.050000194,8.280325000,-0.151455000,1.200000000,0.000007346
1784881091.526386023,16.052628937,8.280325000,-0.151455000,1.200000000,0.000000000
