stamp,elapsed,x,y,z,yaw
1784881953.583582401,0.000000128,-0.261959000,-0.006230000,1.200000000,-0.039639000
1784881953.593582392,0.010000128,-0.261958995,-0.006229999,1.200000000,-0.039642597
1784881953.603582382,0.020000128,-0.261958918,-0.006229989,1.200000000,-0.039653244
1784881953.613582373,0.030000128,-0.261958591,-0.006229943,1.200000000,-0.039670727
1784881953.623582363,0.040000128,-0.261957722,-0.006229823,1.200000000,-0.039694829
1784881953.633582354,0.050000128,-0.261955919,-0.006229574,1.200000000,-0.039725335
1784881953.643582344,0.060000128,-0.261952691,-0.006229128,1.200000000,-0.039762030
1784881953.653582335,0.070000128,-0.261947456,-0.006228404,1.200000000,-0.039804698
1784881953.663582325,0.080000128,-0.261939550,-0.006227310,1.200000000,-0.039853125
1784881953.673582315,0.090000128,-0.261928232,-0.006225744,1.200000000,-0.039907094
1784881953.683582306,0.100000128,-0.261912688,-0.006223592,1.200000000,-0.039966390
1784881953.693582296,0.110000128,-0.261892041,-0.006220733,1.200000000,-0.040030797
1784881953.703582287,0.120000128,-0.261865352,-0.006217036,1.200000000,-0.040100101
1784881953.713582277,0.130000128,-0.261831629,-0.006212363,1.200000000,-0.040174086
1784881953.723582268,0.140000128,-0.261789831,-0.006206569,1.200000000,-0.040252536
1784881953.733582258,0.150000128,-0.261738873,-0.006199503,1.200000000,-0.040335237
1784881953.743582249,0.160000128,-0.261677632,-0.006191008,1.200000000,-0.040421972
1784881953.753582239,0.170000128,-0.261604950,-0.006180922,1.200000000,-0.040512526
1784881953.763582230,0.180000128,-0.261519638,-0.006169081,1.200000000,-0.040606684
1784881953.773582220,0.190000128,-0.261420486,-0.006155313,1.200000000,-0.040704230
1784881953.783582211,0.200000128,-0.261306258,-0.006139446,1.200000000,-0.040804950
1784881953.793582201,0.210000128,-0.261175703,-0.006121304,1.200000000,-0.040908627
1784881953.803582191,0.220000128,-0.261027559,-0.006100711,1.200000000,-0.041015046
1784881953.813582182,0.230000128,-0.260860551,-0.006077487,1.200000000,-0.041123992
1784881953.823582172,0.240000128,-0.260673399,-0.006051453,1.200000000,-0.041235249
1784881953.833582401,0.250000128,-0.260464823,-0.006022427,1.200000000,-0.041348603
1784881953.843582392,0.260000128,-0.260233539,-0.005990229,1.200000000,-0.041463836
1784881953.853582382,0.270000128,-0.259978269,-0.005954678,1.200000000,-0.041580735
1784881953.863582373,0.280000128,-0.259697743,-0.005915594,1.200000000,-0.041699084
1784881953.873582363,0.290000128,-0.259390697,-0.005872799,1.200000000,-0.041818666
1784881953.883582354,0.300000128,-0.259055881,-0.005826115,1.200000000,-0.041939268
1784881953.893582344,0.310000128,-0.258692058,-0.005775366,1.200000000,-0.042060673
1784881953.903582335,0.320000128,-0.258298009,-0.005720379,1.200000000,-0.042182667
1784881953.913582325,0.330000128,-0.257872532,-0.005660981,1.200000000,-0.042305032
1784881953.923582315,0.340000128,-0.257414447,-0.005597005,1.200000000,-0.042427555
1784881953.933582306,0.350000128,-0.256922596,-0.005528285,1.200000000,-0.042550020
1784881953.943582296,0.360000128,-0.256395846,-0.005454657,1.200000000,-0.042672211
1784881953.953582287,0.370000128,-0.255833088,-0.005375963,1.200000000,-0.042793914
1784881953.963582277,0.380000128,-0.255233244,-0.005292046,1.200000000,-0.042914911
1784881953.973582268,0.390000128,-0.254595263,-0.005202755,1.200000000,-0.043034989
1784881953.983582258,0.400000128,-0.253918124,-0.005107942,1.200000000,-0.043153932
1784881953.993582249,0.410000128,-0.253200839,-0.005007463,1.200000000,-0.043271524
1784881954.003582239,0.420000128,-0.252442450,-0.004901178,1.200000000,-0.043387550
1784881954.013582230,0.430000128,-0.251642035,-0.004788953,1.200000000,-0.043501794
1784881954.023582220,0.440000128,-0.250798706,-0.004670657,1.200000000,-0.043614042
1784881954.033582211,0.450000128,-0.249911609,-0.004546163,1.200000000,-0.043724077
1784881954.043582201,0.460000128,-0.248979926,-0.004415351,1.200000000,-0.043831685
1784881954.053582191,0.470000128,-0.248002876,-0.004278105,1.200000000,-0.043936649
1784881954.063582182,0.480000128,-0.246979715,-0.004134313,1.200000000,-0.044038755
1784881954.073582172,0.490000128,-0.245909736,-0.003983869,1.200000000,-0.044137787
1784881954.083582401,0.500000128,-0.244792268,-0.003826672,1.200000000,-0.044233529
1784881954.093582392,0.510000128,-0.243626679,-0.003662625,1.200000000,-0.044325767
1784881954.103582382,0.520000128,-0.242412376,-0.003491637,1.200000000,-0.044414284
1784881954.113582373,0.530000128,-0.241148802,-0.003313623,1.200000000,-0.044498866
1784881954.123582363,0.540000128,-0.239835438,-0.003128501,1.200000000,-0.044579297
1784881954.133582354,0.550000128,-0.238471804,-0.002936196,1.200000000,-0.044655361
1784881954.143582344,0.560000128,-0.237057457,-0.002736637,1.200000000,-0.044726843
1784881954.153582335,0.570000128,-0.235591990,-0.002529758,1.200000000,-0.044793528
1784881954.163582325,0.580000128,-0.234075036,-0.002315499,1.200000000,-0.044855201
1784881954.173582315,0.590000128,-0.232506262,-0.002093805,1.200000000,-0.044911645
1784881954.183582306,0.600000128,-0.230885374,-0.001864625,1.200000000,-0.044962646
1784881954.193582296,0.610000128,-0.229212111,-0.001627913,1.200000000,-0.045007988
1784881954.203582287,0.620000128,-0.227486249,-0.001383629,1.200000000,-0.045047456
1784881954.213582277,0.630000128,-0.225707599,-0.001131736,1.200000000,-0.045080834
1784881954.223582268,0.640000128,-0.223876006,-0.000872204,1.200000000,-0.045107906
1784881954.233582258,0.650000128,-0.221991348,-0.000605006,1.200000000,-0.045128459
1784881954.243582249,0.660000128,-0.220053537,-0.000330119,1.200000000,-0.045142275
1784881954.253582239,0.670000128,-0.218062516,-0.000047527,1.200000000,-0.045149140
1784881954.263582230,0.680000128,-0.216018261,0.000242784,1.200000000,-0.045148837
1784881954.273582220,0.690000128,-0.213920778,0.000540823,1.200000000,-0.045141153
1784881954.283582211,0.700000128,-0.211770101,0.000846594,1.200000000,-0.045125871
1784881954.293582201,0.710000128,-0.209566297,0.001160098,1.200000000,-0.045102776
1784881954.303582191,0.720000128,-0.207309457,0.001481333,1.200000000,-0.045071653
1784881954.313582182,0.730000128,-0.204999703,0.001810289,1.200000000,-0.045032286
1784881954.323582172,0.740000128,-0.202637181,0.002146958,1.200000000,-0.044984459
1784881954.333582401,0.750000128,-0.200222063,0.002491323,1.200000000,-0.044927958
1784881954.343582392,0.760000128,-0.197754548,0.002843368,1.200000000,-0.044862566
1784881954.353582382,0.770000128,-0.195234856,0.003203070,1.200000000,-0.044788070
1784881954.363582373,0.780000128,-0.192663231,0.003570405,1.200000000,-0.044704252
1784881954.373582363,0.790000128,-0.190039938,0.003945344,1.200000000,-0.044610898
1784881954.383582354,0.800000128,-0.187365266,0.004327857,1.200000000,-0.044507792
1784881954.393582344,0.810000128,-0.184639521,0.004717910,1.200000000,-0.044394718
1784881954.403582335,0.820000128,-0.181863030,0.005115467,1.200000000,-0.044271491
1784881954.413582325,0.830000128,-0.179036138,0.005520486,1.200000000,-0.044138134
1784881954.423582315,0.840000128,-0.176159208,0.005932927,1.200000000,-0.043994766
1784881954.433582306,0.850000128,-0.173232619,0.006352745,1.200000000,-0.043841508
1784881954.443582296,0.860000128,-0.170256766,0.006779893,1.200000000,-0.043678479
1784881954.453582287,0.870000128,-0.167232062,0.007214321,1.200000000,-0.043505799
1784881954.463582277,0.880000128,-0.164158929,0.007655979,1.200000000,-0.043323588
1784881954.473582268,0.890000128,-0.161037808,0.008104811,1.200000000,-0.043131966
1784881954.483582258,0.900000128,-0.157869149,0.008560764,1.200000000,-0.042931054
1784881954.493582249,0.910000128,-0.154653416,0.009023780,1.200000000,-0.042720969
1784881954.503582239,0.920000128,-0.151391084,0.009493799,1.200000000,-0.042501834
1784881954.513582230,0.930000128,-0.148082638,0.009970761,1.200000000,-0.042273768
1784881954.523582220,0.940000128,-0.144728575,0.010454603,1.200000000,-0.042036889
1784881954.533582211,0.950000128,-0.141329398,0.010945260,1.200000000,-0.041791320
1784881954.543582201,0.960000128,-0.137885621,0.011442669,1.200000000,-0.041537178
1784881954.553582191,0.970000128,-0.134397766,0.011946761,1.200000000,-0.041274585
1784881954.563582182,0.980000128,-0.130866361,0.012457469,1.200000000,-0.041003660
1784881954.573582172,0.990000128,-0.127291941,0.012974724,1.200000000,-0.040724523
1784881954.583582401,1.000000128,-0.123675049,0.013498456,1.200000000,-0.040437294
1784881954.593582392,1.010000128,-0.120016230,0.014028592,1.200000000,-0.040142093
1784881954.603582382,1.020000128,-0.116316037,0.014565061,1.200000000,-0.039839039
1784881954.613582373,1.030000128,-0.112575027,0.015107790,1.200000000,-0.039528254
1784881954.623582363,1.040000128,-0.108793758,0.015656705,1.200000000,-0.039209856
1784881954.633582354,1.050000128,-0.104972795,0.016211731,1.200000000,-0.038883965
1784881954.643582344,1.060000128,-0.101112704,0.016772794,1.200000000,-0.038550701
1784881954.653582335,1.070000128,-0.097214052,0.017339817,1.200000000,-0.038210185
1784881954.663582325,1.080000128,-0.093277409,0.017912724,1.200000000,-0.037862536
1784881954.673582315,1.090000128,-0.089303347,0.018491438,1.200000000,-0.037507874
1784881954.683582306,1.100000128,-0.085292438,0.019075882,1.200000000,-0.037146320
1784881954.693582296,1.110000128,-0.081245254,0.019665980,1.200000000,-0.036777992
1784881954.703582287,1.120000128,-0.077162367,0.020261652,1.200000000,-0.036403010
1784881954.713582277,1.130000128,-0.073044348,0.020862822,1.200000000,-0.036021496
1784881954.723582268,1.140000128,-0.068891769,0.021469411,1.200000000,-0.035633568
1784881954.733582258,1.150000128,-0.064705197,0.022081342,1.200000000,-0.035239347
1784881954.743582249,1.160000128,-0.060485201,0.022698536,1.200000000,-0.034838952
1784881954.753582239,1.170000128,-0.056232345,0.023320915,1.200000000,-0.034432503
1784881954.763582230,1.180000128,-0.051947192,0.023948402,1.200000000,-0.034020120
1784881954.773582220,1.190000128,-0.047630302,0.024580918,1.200000000,-0.033601924
1784881954.783582211,1.200000128,-0.043282231,0.025218386,1.200000000,-0.033178034
1784881954.793582201,1.210000128,-0.038903531,0.025860729,1.200000000,-0.032748569
1784881954.803582191,1.220000128,-0.034494752,0.026507869,1.200000000,-0.032313650
1784881954.813582182,1.230000128,-0.030056437,0.027159731,1.200000000,-0.031873397
1784881954.823582172,1.240000128,-0.025589127,0.027816237,1.200000000,-0.031427930
1784881954.833582401,1.250000128,-0.021093357,0.028477311,1.200000000,-0.030977368
1784881954.843582392,1.260000128,-0.016569657,0.029142878,1.200000000,-0.030521832
1784881954.853582382,1.270000128,-0.012018551,0.029812863,1.200000000,-0.030061441
1784881954.863582373,1.280000128,-0.007440559,0.030487192,1.200000000,-0.029596315
1784881954.873582363,1.290000128,-0.002836192,0.031165791,1.200000000,-0.029126575
1784881954.883582354,1.300000128,0.001794042,0.031848586,1.200000000,-0.028652339
1784881954.893582344,1.310000128,0.006449642,0.032535505,1.200000000,-0.028173729
1784881954.903582335,1.320000128,0.011130115,0.033226475,1.200000000,-0.027690863
1784881954.913582325,1.330000128,0.015834974,0.033921426,1.200000000,-0.027203862
1784881954.923582315,1.340000128,0.020563739,0.034620287,1.200000000,-0.026712845
1784881954.933582306,1.350000128,0.025315937,0.035322989,1.200000000,-0.026217934
1784881954.943582296,1.360000128,0.030091103,0.036029462,1.200000000,-0.025719246
1784881954.953582287,1.370000128,0.034888779,0.036739638,1.200000000,-0.025216903
1784881954.963582277,1.380000128,0.039708514,0.037453450,1.200000000,-0.024711025
1784881954.973582268,1.390000128,0.044549867,0.038170831,1.200000000,-0.024201730
1784881954.983582258,1.400000128,0.049412403,0.038891717,1.200000000,-0.023689140
1784881954.993582249,1.410000128,0.054295696,0.039616042,1.200000000,-0.023173374
1784881955.003582239,1.420000128,0.059199328,0.040343743,1.200000000,-0.022654551
1784881955.013582230,1.430000128,0.064122890,0.041074757,1.200000000,-0.022132792
1784881955.023582220,1.440000128,0.069065981,0.041809022,1.200000000,-0.021608217
1784881955.033582211,1.450000128,0.074028208,0.042546479,1.200000000,-0.021080946
1784881955.043582201,1.460000128,0.079009187,0.043287066,1.200000000,-0.020551098
1784881955.053582191,1.470000128,0.084008543,0.044030726,1.200000000,-0.020018793
1784881955.063582182,1.480000128,0.089025911,0.044777401,1.200000000,-0.019484152
1784881955.073582172,1.490000128,0.094060932,0.045527034,1.200000000,-0.018947294
1784881955.083582401,1.500000128,0.099113259,0.046279569,1.200000000,-0.018408339
1784881955.093582392,1.510000128,0.104182552,0.047034954,1.200000000,-0.017867407
1784881955.103582382,1.520000128,0.109268481,0.047793133,1.200000000,-0.017324618
1784881955.113582373,1.530000128,0.114370724,0.048554055,1.200000000,-0.016780092
1784881955.123582363,1.540000128,0.119488970,0.049317670,1.200000000,-0.016233949
1784881955.133582354,1.550000128,0.124622915,0.050083926,1.200000000,-0.015686308
1784881955.143582344,1.560000128,0.129772265,0.050852776,1.200000000,-0.015137290
1784881955.153582335,1.570000128,0.134936735,0.051624171,1.200000000,-0.014587014
1784881955.163582325,1.580000128,0.140116050,0.052398065,1.200000000,-0.014035601
1784881955.173582315,1.590000128,0.145309944,0.053174413,1.200000000,-0.013483169
1784881955.183582306,1.600000128,0.150518159,0.053953170,1.200000000,-0.012929840
1784881955.193582296,1.610000128,0.155740446,0.054734293,1.200000000,-0.012375733
1784881955.203582287,1.620000128,0.160976566,0.055517741,1.200000000,-0.011820968
1784881955.213582277,1.630000128,0.166226290,0.056303473,1.200000000,-0.011265665
1784881955.223582268,1.640000128,0.171489395,0.057091448,1.200000000,-0.010709944
1784881955.233582258,1.650000128,0.176765670,0.057881629,1.200000000,-0.010153924
1784881955.243582249,1.660000128,0.182054911,0.058673978,1.200000000,-0.009597726
1784881955.253582239,1.670000128,0.187356924,0.059468460,1.200000000,-0.009041469
1784881955.263582230,1.680000128,0.192671522,0.060265038,1.200000000,-0.008485274
1784881955.273582220,1.690000128,0.197998530,0.061063680,1.200000000,-0.007929260
1784881955.283582211,1.700000128,0.203337777,0.061864352,1.200000000,-0.007373547
1784881955.293582201,1.710000128,0.208689105,0.062667024,1.200000000,-0.006818255
1784881955.303582191,1.720000128,0.214052363,0.063471664,1.200000000,-0.006263504
1784881955.313582182,1.730000128,0.219427406,0.064278243,1.200000000,-0.005709414
1784881955.323582172,1.740000128,0.224814101,0.065086733,1.200000000,-0.005156105
1784881955.333582401,1.750000128,0.230212320,0.065897107,1.200000000,-0.004603697
1784881955.343582392,1.760000128,0.235621946,0.066709339,1.200000000,-0.004052309
1784881955.353582382,1.770000128,0.241042868,0.067523404,1.200000000,-0.003502062
1784881955.363582373,1.780000128,0.246474984,0.068339278,1.200000000,-0.002953075
1784881955.373582363,1.790000128,0.251918198,0.069156939,1.200000000,-0.002405468
1784881955.383582354,1.800000128,0.257372423,0.069976365,1.200000000,-0.001859362
1784881955.393582344,1.810000128,0.262837580,0.070797535,1.200000000,-0.001314876
1784881955.403582335,1.820000128,0.268313597,0.071620429,1.200000000,-0.000772129
1784881955.413582325,1.830000128,0.273800409,0.072445030,1.200000000,-0.000231243
1784881955.423582315,1.840000128,0.279297957,0.073271319,1.200000000,0.000307663
1784881955.433582306,1.850000128,0.284806191,0.074099280,1.200000000,0.000844470
1784881955.443582296,1.860000128,0.290325067,0.074928898,1.200000000,0.001379057
1784881955.453582287,1.870000128,0.295854547,0.075760158,1.200000000,0.001911305
1784881955.463582277,1.880000128,0.301394602,0.076593045,1.200000000,0.002441093
1784881955.473582268,1.890000128,0.306945205,0.077427549,1.200000000,0.002968302
1784881955.483582258,1.900000128,0.312506341,0.078263656,1.200000000,0.003492811
1784881955.493582249,1.910000128,0.318077995,0.079101356,1.200000000,0.004014501
1784881955.503582239,1.920000128,0.323660163,0.079940640,1.200000000,0.004533253
1784881955.513582230,1.930000128,0.329252845,0.080781497,1.200000000,0.005048945
1784881955.523582220,1.940000128,0.334856045,0.081623920,1.200000000,0.005561458
1784881955.533582211,1.950000128,0.340469775,0.082467902,1.200000000,0.006070673
1784881955.543582201,1.960000128,0.346094050,0.083313436,1.200000000,0.006576469
1784881955.553582191,1.970000128,0.351728893,0.084160516,1.200000000,0.007078727
1784881955.563582182,1.980000128,0.357374329,0.085009137,1.200000000,0.007577326
1784881955.573582172,1.990000128,0.363030389,0.085859296,1.200000000,0.008072146
1784881955.583582401,2.000000128,0.368697109,0.086710988,1.200000000,0.008563069
1784881955.593582392,2.010000128,0.374374530,0.087564212,1.200000000,0.009049973
1784881955.603582382,2.020000128,0.380062695,0.088418965,1.200000000,0.009532739
1784881955.613582373,2.030000128,0.385761654,0.089275245,1.200000000,0.010011247
1784881955.623582363,2.040000128,0.391471458,0.090133053,1.200000000,0.010485377
1784881955.633582354,2.050000128,0.397192164,0.090992389,1.200000000,0.010955009
1784881955.643582344,2.060000128,0.402923832,0.091853253,1.200000000,0.011420024
1784881955.653582335,2.070000128,0.408666524,0.092715646,1.200000000,0.011880301
1784881955.663582325,2.080000128,0.414420307,0.093579570,1.200000000,0.012335720
1784881955.673582315,2.090000128,0.420185251,0.094445029,1.200000000,0.012786162
1784881955.683582306,2.100000128,0.425961428,0.095312024,1.200000000,0.013231507
1784881955.693582296,2.110000128,0.431748912,0.096180560,1.200000000,0.013671635
1784881955.703582287,2.120000128,0.437547781,0.097050641,1.200000000,0.014106425
1784881955.713582277,2.130000128,0.443358115,0.097922270,1.200000000,0.014535759
1784881955.723582268,2.140000128,0.449179996,0.098795454,1.200000000,0.014959515
1784881955.733582258,2.150000128,0.455013507,0.099670198,1.200000000,0.015377575
1784881955.743582249,2.160000128,0.460858734,0.100546507,1.200000000,0.015789818
1784881955.753582239,2.170000128,0.466715764,0.101424387,1.200000000,0.016196124
1784881955.763582230,2.180000128,0.472584686,0.102303847,1.200000000,0.016596374
1784881955.773582220,2.190000128,0.478465590,0.103184892,1.200000000,0.016990447
1784881955.783582211,2.200000128,0.484358566,0.104067530,1.200000000,0.017378224
1784881955.793582201,2.210000128,0.490263707,0.104951768,1.200000000,0.017759584
1784881955.803582191,2.220000128,0.496181106,0.105837615,1.200000000,0.018134409
1784881955.813582182,2.230000128,0.502110855,0.106725079,1.200000000,0.018502577
1784881955.823582172,2.240000128,0.508053048,0.107614168,1.200000000,0.018863970
1784881955.833582401,2.250000128,0.514007778,0.108504892,1.200000000,0.019218466
1784881955.843582392,2.260000128,0.519975141,0.109397258,1.200000000,0.019565947
1784881955.853582382,2.270000128,0.525955229,0.110291277,1.200000000,0.019906292
1784881955.863582373,2.280000128,0.531948137,0.111186957,1.200000000,0.020239382
1784881955.873582363,2.290000128,0.537953957,0.112084308,1.200000000,0.020565096
1784881955.883582354,2.300000128,0.543972781,0.112983339,1.200000000,0.020883315
1784881955.893582344,2.310000128,0.550004703,0.113884061,1.200000000,0.021193918
1784881955.903582335,2.320000128,0.556049813,0.114786483,1.200000000,0.021496786
1784881955.913582325,2.330000128,0.562108200,0.115690614,1.200000000,0.021791799
1784881955.923582315,2.340000128,0.568179955,0.116596465,1.200000000,0.022078837
1784881955.933582306,2.350000128,0.574265164,0.117504045,1.200000000,0.022357781
1784881955.943582296,2.360000128,0.580363913,0.118413365,1.200000000,0.022628509
1784881955.953582287,2.370000128,0.586476288,0.119324434,1.200000000,0.022890903
1784881955.963582277,2.380000128,0.592602370,0.120237262,1.200000000,0.023144842
1784881955.973582268,2.390000128,0.598742242,0.121151859,1.200000000,0.023390206
1784881955.983582258,2.400000128,0.604895983,0.122068234,1.200000000,0.023626888
1784881955.993582249,2.410000128,0.611063668,0.122986398,1.200000000,0.023854905
1784881956.003582239,2.420000128,0.617245374,0.123906360,1.200000000,0.024074352
1784881956.013582230,2.430000128,0.623441173,0.124828129,1.200000000,0.024285323
1784881956.023582220,2.440000128,0.629651135,0.125751714,1.200000000,0.024487914
1784881956.033582211,2.450000128,0.635875328,0.126677125,1.200000000,0.024682219
1784881956.043582201,2.460000128,0.642113816,0.127604371,1.200000000,0.024868336
1784881956.053582191,2.470000128,0.648366663,0.128533459,1.200000000,0.025046357
1784881956.063582182,2.480000128,0.654633928,0.129464400,1.200000000,0.025216380
1784881956.073582172,2.490000128,0.660915668,0.130397201,1.200000000,0.025378498
1784881956.083582401,2.500000128,0.667211936,0.131331870,1.200000000,0.025532808
1784881956.093582392,2.510000128,0.673522783,0.132268416,1.200000000,0.025679404
1784881956.103582382,2.520000128,0.679848257,0.133206845,1.200000000,0.025818382
1784881956.113582373,2.530000128,0.686188402,0.134147165,1.200000000,0.025949837
1784881956.123582363,2.540000128,0.692543260,0.135089383,1.200000000,0.026073865
1784881956.133582354,2.550000128,0.698912868,0.136033506,1.200000000,0.026190560
1784881956.143582344,2.560000128,0.705297261,0.136979540,1.200000000,0.026300017
1784881956.153582335,2.570000128,0.711696469,0.137927492,1.200000000,0.026402333
1784881956.163582325,2.580000128,0.718110520,0.138877366,1.200000000,0.026497601
1784881956.173582315,2.590000128,0.724539439,0.139829169,1.200000000,0.026585918
1784881956.183582306,2.600000128,0.730983244,0.140782905,1.200000000,0.026667379
1784881956.193582296,2.610000128,0.737441954,0.141738579,1.200000000,0.026742079
1784881956.203582287,2.620000128,0.743915581,0.142696195,1.200000000,0.026810113
1784881956.213582277,2.630000128,0.750404134,0.143655757,1.200000000,0.026871576
1784881956.223582268,2.640000128,0.756907618,0.144617269,1.200000000,0.026926564
1784881956.233582258,2.650000128,0.763426035,0.145580733,1.200000000,0.026975172
1784881956.243582249,2.660000128,0.769959384,0.146546152,1.200000000,0.027017496
1784881956.253582239,2.670000128,0.776507657,0.147513528,1.200000000,0.027053629
1784881956.263582230,2.680000128,0.783070845,0.148482863,1.200000000,0.027083668
1784881956.273582220,2.690000128,0.789648934,0.149454158,1.200000000,0.027107708
1784881956.283582211,2.700000128,0.796241906,0.150427413,1.200000000,0.027125845
1784881956.293582201,2.710000128,0.802849739,0.151402630,1.200000000,0.027138172
1784881956.303582191,2.720000128,0.809472408,0.152379807,1.200000000,0.027144786
1784881956.313582182,2.730000128,0.816109882,0.153358945,1.200000000,0.027145782
1784881956.323582172,2.740000128,0.822762129,0.154340040,1.200000000,0.027141256
1784881956.333582401,2.750000128,0.829429109,0.155323093,1.200000000,0.027131301
1784881956.343582392,2.760000128,0.836110782,0.156308101,1.200000000,0.027116014
1784881956.353582382,2.770000128,0.842807102,0.157295061,1.200000000,0.027095490
1784881956.363582373,2.780000128,0.849518020,0.158283969,1.200000000,0.027069824
1784881956.373582363,2.790000128,0.856243480,0.159274821,1.200000000,0.027039111
1784881956.383582354,2.800000128,0.862983427,0.160267614,1.200000000,0.027003447
1784881956.393582344,2.810000128,0.869737798,0.161262343,1.200000000,0.026962927
1784881956.403582335,2.820000128,0.876506528,0.162259001,1.200000000,0.026917645
1784881956.413582325,2.830000128,0.883289546,0.163257582,1.200000000,0.026867698
1784881956.423582315,2.840000128,0.890086781,0.164258081,1.200000000,0.026813181
1784881956.433582306,2.850000128,0.896898154,0.165260489,1.200000000,0.026754188
1784881956.443582296,2.860000128,0.903723585,0.166264798,1.200000000,0.026690815
1784881956.453582287,2.870000128,0.910562987,0.167271001,1.200000000,0.026623158
1784881956.463582277,2.880000128,0.917416274,0.168279089,1.200000000,0.026551311
1784881956.473582268,2.890000128,0.924283351,0.169289051,1.200000000,0.026475370
1784881956.483582258,2.900000128,0.931164122,0.170300877,1.200000000,0.026395430
1784881956.493582249,2.910000128,0.938058488,0.171314557,1.200000000,0.026311586
1784881956.503582239,2.920000128,0.944966343,0.172330079,1.200000000,0.026223933
1784881956.513582230,2.930000128,0.951887582,0.173347432,1.200000000,0.026132567
1784881956.523582220,2.940000128,0.958822092,0.174366601,1.200000000,0.026037583
1784881956.533582211,2.950000128,0.965769759,0.175387575,1.200000000,0.025939077
1784881956.543582201,2.960000128,0.972730465,0.176410339,1.200000000,0.025837142
1784881956.553582191,2.970000128,0.979704088,0.177434878,1.200000000,0.025731876
1784881956.563582182,2.980000128,0.986690502,0.178461178,1.200000000,0.025623372
1784881956.573582172,2.990000128,0.993689580,0.179489222,1.200000000,0.025511727
1784881956.583582401,3.000000128,1.000701188,0.180518994,1.200000000,0.025397035
1784881956.593582392,3.010000128,1.007725192,0.181550478,1.200000000,0.025279391
1784881956.603582382,3.020000128,1.014761453,0.182583655,1.200000000,0.025158892
1784881956.613582373,3.030000128,1.021809830,0.183618506,1.200000000,0.025035631
1784881956.623582363,3.040000128,1.028870177,0.184655014,1.200000000,0.024909705
1784881956.633582354,3.050000128,1.035942346,0.185693158,1.200000000,0.024781209
1784881956.643582344,3.060000128,1.043026188,0.186732918,1.200000000,0.024650238
1784881956.653582335,3.070000128,1.050121546,0.187774273,1.200000000,0.024516886
1784881956.663582325,3.080000128,1.057228266,0.188817201,1.200000000,0.024381250
1784881956.673582315,3.090000128,1.064346186,0.189861681,1.200000000,0.024243425
1784881956.683582306,3.100000128,1.071475145,0.190907689,1.200000000,0.024103505
1784881956.693582296,3.110000128,1.078614976,0.191955202,1.200000000,0.023961587
1784881956.703582287,3.120000128,1.085765514,0.193004196,1.200000000,0.023817765
1784881956.713582277,3.130000128,1.092926586,0.194054645,1.200000000,0.023672134
1784881956.723582268,3.140000128,1.100098019,0.195106525,1.200000000,0.023524790
1784881956.733582258,3.150000128,1.107279640,0.196159810,1.200000000,0.023375828
1784881956.743582249,3.160000128,1.114471268,0.197214471,1.200000000,0.023225344
1784881956.753582239,3.170000128,1.121672726,0.198270483,1.200000000,0.023073432
1784881956.763582230,3.180000128,1.128883829,0.199327817,1.200000000,0.022920188
1784881956.773582220,3.190000128,1.136104394,0.200386445,1.200000000,0.022765707
1784881956.783582211,3.200000128,1.143334234,0.201446337,1.200000000,0.022610084
1784881956.793582201,3.210000128,1.150573161,0.202507462,1.200000000,0.022453415
1784881956.803582191,3.220000128,1.157820983,0.203569792,1.200000000,0.022295794
1784881956.813582182,3.230000128,1.165077509,0.204633294,1.200000000,0.022137318
1784881956.823582172,3.240000128,1.172342544,0.205697936,1.200000000,0.021978080
1784881956.833582401,3.250000128,1.179615892,0.206763686,1.200000000,0.021818177
1784881956.843582392,3.260000128,1.186897356,0.207830511,1.200000000,0.021657704
1784881956.853582382,3.270000128,1.194186737,0.208898376,1.200000000,0.021496756
1784881956.863582373,3.280000128,1.201483835,0.209967249,1.200000000,0.021335428
1784881956.873582363,3.290000128,1.208788446,0.211037093,1.200000000,0.021173816
1784881956.883582354,3.300000128,1.216100369,0.212107873,1.200000000,0.021012014
1784881956.893582344,3.310000128,1.223419399,0.213179553,1.200000000,0.020850118
1784881956.903582335,3.320000128,1.230745329,0.214252095,1.200000000,0.020688224
1784881956.913582325,3.330000128,1.238077954,0.215325463,1.200000000,0.020526425
1784881956.923582315,3.340000128,1.245417065,0.216399618,1.200000000,0.020364819
1784881956.933582306,3.350000128,1.252762455,0.217474522,1.200000000,0.020203499
1784881956.943582296,3.360000128,1.260113913,0.218550135,1.200000000,0.020042562
1784881956.953582287,3.370000128,1.267471230,0.219626417,1.200000000,0.019882101
1784881956.963582277,3.380000128,1.274834195,0.220703327,1.200000000,0.019722214
1784881956.973582268,3.390000128,1.282202597,0.221780826,1.200000000,0.019562994
1784881956.983582258,3.400000128,1.289576223,0.222858870,1.200000000,0.019404538
1784881956.993582249,3.410000128,1.296954861,0.223937418,1.200000000,0.019246940
1784881957.003582239,3.420000128,1.304338299,0.225016426,1.200000000,0.019090295
1784881957.013582230,3.430000128,1.311726325,0.226095852,1.200000000,0.018934700
1784881957.023582220,3.440000128,1.319118724,0.227175651,1.200000000,0.018780248
1784881957.033582211,3.450000128,1.326515285,0.228255779,1.200000000,0.018627036
1784881957.043582201,3.460000128,1.333915793,0.229336191,1.200000000,0.018475158
1784881957.053582191,3.470000128,1.341320036,0.230416840,1.200000000,0.018324711
1784881957.063582182,3.480000128,1.348727802,0.231497680,1.200000000,0.018175788
1784881957.073582172,3.490000128,1.356138877,0.232578665,1.200000000,0.018028485
1784881957.083582401,3.500000128,1.363553050,0.233659747,1.200000000,0.017882899
1784881957.093582392,3.510000128,1.370970108,0.234740879,1.200000000,0.017739122
1784881957.103582382,3.520000128,1.378389840,0.235822011,1.200000000,0.017597252
1784881957.113582373,3.530000128,1.385812036,0.236903095,1.200000000,0.017457384
1784881957.123582363,3.540000128,1.393236485,0.237984082,1.200000000,0.017319611
1784881957.133582354,3.550000128,1.400662978,0.239064920,1.200000000,0.017184031
1784881957.143582344,3.560000128,1.408091306,0.240145560,1.200000000,0.017050738
1784881957.153582335,3.570000128,1.415521262,0.241225950,1.200000000,0.016919826
1784881957.163582325,3.580000128,1.422952639,0.242306039,1.200000000,0.016791393
1784881957.173582315,3.590000128,1.430385231,0.243385775,1.200000000,0.016665532
1784881957.183582306,3.600000128,1.437818833,0.244465104,1.200000000,0.016542339
1784881957.193582296,3.610000128,1.445253243,0.245543975,1.200000000,0.016421909
1784881957.203582287,3.620000128,1.452688257,0.246622332,1.200000000,0.016304338
1784881957.213582277,3.630000128,1.460123675,0.247700123,1.200000000,0.016189720
1784881957.223582268,3.640000128,1.467559298,0.248777292,1.200000000,0.016078151
1784881957.233582258,3.650000128,1.474994926,0.249853785,1.200000000,0.015969727
1784881957.243582249,3.660000128,1.482430365,0.250929545,1.200000000,0.015864542
1784881957.253582239,3.670000128,1.489865419,0.252004517,1.200000000,0.015762692
1784881957.263582230,3.680000128,1.497299895,0.253078645,1.200000000,0.015664271
1784881957.273582220,3.690000128,1.504733600,0.254151871,1.200000000,0.015569376
1784881957.283582211,3.700000128,1.512166347,0.255224138,1.200000000,0.015478101
1784881957.293582201,3.710000128,1.519597946,0.256295388,1.200000000,0.015390542
1784881957.303582191,3.720000128,1.527028212,0.257365564,1.200000000,0.015306794
1784881957.313582182,3.730000128,1.534456961,0.258434605,1.200000000,0.015226952
1784881957.323582172,3.740000128,1.541884011,0.259502454,1.200000000,0.015151111
1784881957.333582401,3.750000128,1.549309183,0.260569050,1.200000000,0.015079367
1784881957.343582392,3.760000128,1.556732298,0.261634334,1.200000000,0.015011814
1784881957.353582382,3.770000128,1.564153181,0.262698246,1.200000000,0.014948549
1784881957.363582373,3.780000128,1.571571660,0.263760723,1.200000000,0.014889666
1784881957.373582363,3.790000128,1.578987563,0.264821706,1.200000000,0.014835261
1784881957.383582354,3.800000128,1.586400721,0.265881133,1.200000000,0.014785429
1784881957.393582344,3.810000128,1.593810970,0.266938942,1.200000000,0.014740265
1784881957.403582335,3.820000128,1.601218145,0.267995070,1.200000000,0.014699864
1784881957.413582325,3.830000128,1.608622085,0.269049455,1.200000000,0.014664321
1784881957.423582315,3.840000128,1.616022632,0.270102034,1.200000000,0.014633724
1784881957.433582306,3.850000128,1.623419629,0.271152743,1.200000000,0.014608033
1784881957.443582296,3.860000128,1.630812925,0.272201518,1.200000000,0.014587119
1784881957.453582287,3.870000128,1.638202367,0.273248295,1.200000000,0.014570849
1784881957.463582277,3.880000128,1.645587809,0.274293010,1.200000000,0.014559089
1784881957.473582268,3.890000128,1.652969104,0.275335598,1.200000000,0.014551706
1784881957.483582258,3.900000128,1.660346111,0.276375993,1.200000000,0.014548569
1784881957.493582249,3.910000128,1.667718691,0.277414131,1.200000000,0.014549543
1784881957.503582239,3.920000128,1.675086706,0.278449945,1.200000000,0.014554496
1784881957.513582230,3.930000128,1.682450023,0.279483368,1.200000000,0.014563295
1784881957.523582220,3.940000128,1.689808510,0.280514335,1.200000000,0.014575807
1784881957.533582211,3.950000128,1.697162040,0.281542779,1.200000000,0.014591899
1784881957.543582201,3.960000128,1.704510488,0.282568632,1.200000000,0.014611439
1784881957.553582191,3.970000128,1.711853731,0.283591828,1.200000000,0.014634293
1784881957.563582182,3.980000128,1.719191651,0.284612298,1.200000000,0.014660329
1784881957.573582172,3.990000128,1.726524131,0.285629974,1.200000000,0.014689413
1784881957.583582401,4.000000128,1.733851058,0.286644788,1.200000000,0.014721413
1784881957.593582392,4.010000128,1.741172322,0.287656672,1.200000000,0.014756196
1784881957.603582382,4.020000128,1.748487816,0.288665556,1.200000000,0.014793628
1784881957.613582373,4.030000128,1.755797437,0.289671372,1.200000000,0.014833578
1784881957.623582363,4.040000128,1.763101082,0.290674049,1.200000000,0.014875912
1784881957.633582354,4.050000128,1.770398655,0.291673520,1.200000000,0.014920497
1784881957.643582344,4.060000128,1.777690060,0.292669712,1.200000000,0.014967200
1784881957.653582335,4.070000128,1.784975205,0.293662557,1.200000000,0.015015889
1784881957.663582325,4.080000128,1.792254003,0.294651985,1.200000000,0.015066430
1784881957.673582315,4.090000128,1.799526367,0.295637923,1.200000000,0.015118691
1784881957.683582306,4.100000128,1.806792216,0.296620302,1.200000000,0.015172539
1784881957.693582296,4.110000128,1.814051469,0.297599050,1.200000000,0.015227841
1784881957.703582287,4.120000128,1.821304051,0.298574097,1.200000000,0.015284463
1784881957.713582277,4.130000128,1.828549888,0.299545370,1.200000000,0.015342273
1784881957.723582268,4.140000128,1.835788910,0.300512797,1.200000000,0.015401139
1784881957.733582258,4.150000128,1.843021051,0.301476308,1.200000000,0.015460927
1784881957.743582249,4.160000128,1.850246245,0.302435829,1.200000000,0.015521504
1784881957.753582239,4.170000128,1.857464433,0.303391289,1.200000000,0.015582737
1784881957.763582230,4.180000128,1.864675557,0.304342614,1.200000000,0.015644494
1784881957.773582220,4.190000128,1.871879561,0.305289733,1.200000000,0.015706642
1784881957.783582211,4.200000128,1.879076395,0.306232571,1.200000000,0.015769047
1784881957.793582201,4.210000128,1.886266008,0.307171057,1.200000000,0.015831577
1784881957.803582191,4.220000128,1.893448356,0.308105116,1.200000000,0.015894099
1784881957.813582182,4.230000128,1.900623395,0.309034676,1.200000000,0.015956480
1784881957.823582172,4.240000128,1.907791087,0.309959663,1.200000000,0.016018588
1784881957.833582401,4.250000128,1.914951393,0.310880003,1.200000000,0.016080288
1784881957.843582392,4.260000128,1.922104280,0.311795622,1.200000000,0.016141449
1784881957.853582382,4.270000128,1.929249718,0.312706446,1.200000000,0.016201937
1784881957.863582373,4.280000128,1.936387677,0.313612400,1.200000000,0.016261620
1784881957.873582363,4.290000128,1.943518133,0.314513412,1.200000000,0.016320364
1784881957.883582354,4.300000128,1.950641063,0.315409406,1.200000000,0.016378037
1784881957.893582344,4.310000128,1.957756448,0.316300307,1.200000000,0.016434506
1784881957.903582335,4.320000128,1.964864271,0.317186042,1.200000000,0.016489637
1784881957.913582325,4.330000128,1.971964518,0.318066534,1.200000000,0.016543299
1784881957.923582315,4.340000128,1.979057178,0.318941710,1.200000000,0.016595358
1784881957.933582306,4.350000128,1.986142242,0.319811493,1.200000000,0.016645681
1784881957.943582296,4.360000128,1.993219704,0.320675810,1.200000000,0.016694136
1784881957.953582287,4.370000128,2.000289561,0.321534585,1.200000000,0.016740588
1784881957.963582277,4.380000128,2.007351813,0.322387742,1.200000000,0.016784907
1784881957.973582268,4.390000128,2.014406461,0.323235206,1.200000000,0.016826958
1784881957.983582258,4.400000128,2.021453511,0.324076902,1.200000000,0.016866608
1784881957.993582249,4.410000128,2.028492969,0.324912754,1.200000000,0.016903726
1784881958.003582239,4.420000128,2.035524845,0.325742687,1.200000000,0.016938177
1784881958.013582230,4.430000128,2.042549151,0.326566624,1.200000000,0.016969829
1784881958.023582220,4.440000128,2.049565902,0.327384490,1.200000000,0.016998550
1784881958.033582211,4.450000128,2.056575114,0.328196209,1.200000000,0.017024206
1784881958.043582201,4.460000128,2.063576807,0.329001706,1.200000000,0.017046664
1784881958.053582191,4.470000128,2.070571003,0.329800904,1.200000000,0.017065791
1784881958.063582182,4.480000128,2.077557725,0.330593727,1.200000000,0.017081455
1784881958.073582172,4.490000128,2.084537000,0.331380100,1.200000000,0.017093523
1784881958.083582401,4.500000128,2.091508856,0.332159946,1.200000000,0.017101861
1784881958.093582392,4.510000128,2.098473323,0.332933190,1.200000000,0.017106337
1784881958.103582382,4.520000128,2.105430434,0.333699755,1.200000000,0.017106818
1784881958.113582373,4.530000128,2.112380224,0.334459565,1.200000000,0.017103171
1784881958.123582363,4.540000128,2.119322729,0.335212544,1.200000000,0.017095263
1784881958.133582354,4.550000128,2.126257989,0.335958616,1.200000000,0.017082961
1784881958.143582344,4.560000128,2.133186045,0.336697704,1.200000000,0.017066133
1784881958.153582335,4.570000128,2.140106937,0.337429734,1.200000000,0.017044645
1784881958.163582325,4.580000128,2.147020713,0.338154628,1.200000000,0.017018365
1784881958.173582315,4.590000128,2.153927416,0.338872310,1.200000000,0.016987159
1784881958.183582306,4.600000128,2.160827097,0.339582705,1.200000000,0.016950895
1784881958.193582296,4.610000128,2.167719804,0.340285736,1.200000000,0.016909440
1784881958.203582287,4.620000128,2.174605590,0.340981328,1.200000000,0.016862660
1784881958.213582277,4.630000128,2.181484507,0.341669403,1.200000000,0.016810424
1784881958.223582268,4.640000128,2.188356610,0.342349887,1.200000000,0.016752597
1784881958.233582258,4.650000128,2.195221956,0.343022703,1.200000000,0.016689048
1784881958.243582249,4.660000128,2.202080603,0.343687776,1.200000000,0.016619644
1784881958.253582239,4.670000128,2.208932609,0.344345029,1.200000000,0.016544250
1784881958.263582230,4.680000128,2.215778036,0.344994387,1.200000000,0.016462736
1784881958.273582220,4.690000128,2.222616947,0.345635774,1.200000000,0.016374966
1784881958.283582211,4.700000128,2.229449403,0.346269114,1.200000000,0.016280810
1784881958.293582201,4.710000128,2.236275470,0.346894331,1.200000000,0.016180133
1784881958.303582191,4.720000128,2.243095215,0.347511351,1.200000000,0.016072803
1784881958.313582182,4.730000128,2.249908703,0.348120098,1.200000000,0.015958688
1784881958.323582172,4.740000128,2.256716004,0.348720496,1.200000000,0.015837653
1784881958.333582401,4.750000128,2.263517187,0.349312470,1.200000000,0.015709566
1784881958.343582392,4.760000128,2.270312322,0.349895944,1.200000000,0.015574295
1784881958.353582382,4.770000128,2.277101480,0.350470845,1.200000000,0.015431706
1784881958.363582373,4.780000128,2.283884734,0.351037096,1.200000000,0.015281667
1784881958.373582363,4.790000128,2.290662157,0.351594623,1.200000000,0.015124045
1784881958.383582354,4.800000128,2.297433823,0.352143350,1.200000000,0.014958706
1784881958.393582344,4.810000128,2.304199807,0.352683204,1.200000000,0.014785518
1784881958.403582335,4.820000128,2.310960184,0.353214110,1.200000000,0.014604347
1784881958.413582325,4.830000128,2.317715030,0.353735993,1.200000000,0.014415062
1784881958.423582315,4.840000128,2.324464423,0.354248779,1.200000000,0.014217529
1784881958.433582306,4.850000128,2.331208439,0.354752393,1.200000000,0.014011615
1784881958.443582296,4.860000128,2.337947158,0.355246762,1.200000000,0.013797188
1784881958.453582287,4.870000128,2.344680656,0.355731812,1.200000000,0.013574113
1784881958.463582277,4.880000128,2.351409014,0.356207469,1.200000000,0.013342260
1784881958.473582268,4.890000128,2.358132310,0.356673660,1.200000000,0.013101494
1784881958.483582258,4.900000128,2.364850625,0.357130310,1.200000000,0.012851682
1784881958.493582249,4.910000128,2.371564037,0.357577347,1.200000000,0.012592693
1784881958.503582239,4.920000128,2.378272628,0.358014698,1.200000000,0.012324392
1784881958.513582230,4.930000128,2.384976477,0.358442289,1.200000000,0.012046647
1784881958.523582220,4.940000128,2.391675666,0.358860048,1.200000000,0.011759326
1784881958.533582211,4.950000128,2.398370274,0.359267902,1.200000000,0.011462295
1784881958.543582201,4.960000128,2.405060384,0.359665778,1.200000000,0.011155421
1784881958.553582191,4.970000128,2.411746074,0.360053606,1.200000000,0.010838571
1784881958.563582182,4.980000128,2.418427427,0.360431311,1.200000000,0.010511613
1784881958.573582172,4.990000128,2.425104522,0.360798824,1.200000000,0.010174413
1784881958.583582401,5.000000128,2.431777441,0.361156071,1.200000000,0.009826840
1784881958.593582392,5.010000128,2.438446263,0.361502982,1.200000000,0.009468759
1784881958.603582382,5.020000128,2.445111068,0.361839485,1.200000000,0.009100037
1784881958.613582373,5.030000128,2.451771937,0.362165509,1.200000000,0.008720543
1784881958.623582363,5.040000128,2.458428949,0.362480984,1.200000000,0.008330143
1784881958.633582354,5.050000128,2.465082183,0.362785839,1.200000000,0.007928705
1784881958.643582344,5.060000128,2.471731718,0.363080003,1.200000000,0.007516094
1784881958.653582335,5.070000128,2.478377632,0.363363407,1.200000000,0.007092179
1784881958.663582325,5.080000128,2.485020003,0.363635980,1.200000000,0.006656826
1784881958.673582315,5.090000128,2.491658909,0.363897653,1.200000000,0.006209903
1784881958.683582306,5.100000128,2.498294425,0.364148357,1.200000000,0.005751277
1784881958.693582296,5.110000128,2.504926629,0.364388022,1.200000000,0.005280815
1784881958.703582287,5.120000128,2.511555596,0.364616579,1.200000000,0.004798383
1784881958.713582277,5.130000128,2.518181400,0.364833961,1.200000000,0.004303850
1784881958.723582268,5.140000128,2.524804117,0.365040098,1.200000000,0.003797081
1784881958.733582258,5.150000128,2.531423818,0.365234923,1.200000000,0.003277945
1784881958.743582249,5.160000128,2.538040577,0.365418367,1.200000000,0.002746308
1784881958.753582239,5.170000128,2.544654465,0.365590363,1.200000000,0.002202037
1784881958.763582230,5.180000128,2.551265553,0.365750845,1.200000000,0.001645000
1784881958.773582220,5.190000128,2.557873911,0.365899744,1.200000000,0.001075064
1784881958.783582211,5.200000128,2.564479608,0.366036995,1.200000000,0.000492095
1784881958.793582201,5.210000128,2.571082712,0.366162530,1.200000000,-0.000104039
1784881958.803582191,5.220000128,2.577683290,0.366276285,1.200000000,-0.000713471
1784881958.813582182,5.230000128,2.584281407,0.366378193,1.200000000,-0.001336334
1784881958.823582172,5.240000128,2.590877129,0.366468188,1.200000000,-0.001972761
1784881958.833582401,5.250000128,2.597470519,0.366546206,1.200000000,-0.002622885
1784881958.843582392,5.260000128,2.604061640,0.366612181,1.200000000,-0.003286838
1784881958.853582382,5.270000128,2.610650553,0.366666050,1.200000000,-0.003964754
1784881958.863582373,5.280000128,2.617237319,0.366707748,1.200000000,-0.004656766
1784881958.873582363,5.290000128,2.623821995,0.366737212,1.200000000,-0.005363005
1784881958.883582354,5.300000128,2.630404641,0.366754377,1.200000000,-0.006083607
1784881958.893582344,5.310000128,2.636985312,0.366759181,1.200000000,-0.006818702
1784881958.903582335,5.320000128,2.643564063,0.366751560,1.200000000,-0.007568425
1784881958.913582325,5.330000128,2.650140949,0.366731453,1.200000000,-0.008332864
1784881958.923582315,5.340000128,2.656716021,0.366698798,1.200000000,-0.009111966
1784881958.933582306,5.350000128,2.663289330,0.366653532,1.200000000,-0.009905643
1784881958.943582296,5.360000128,2.669860927,0.366595595,1.200000000,-0.010713811
1784881958.953582287,5.370000128,2.676430860,0.366524924,1.200000000,-0.011536383
1784881958.963582277,5.380000128,2.682999174,0.366441461,1.200000000,-0.012373274
1784881958.973582268,5.390000128,2.689565916,0.366345144,1.200000000,-0.013224398
1784881958.983582258,5.400000128,2.696131129,0.366235913,1.200000000,-0.014089669
1784881958.993582249,5.410000128,2.702694856,0.366113710,1.200000000,-0.014969001
1784881959.003582239,5.420000128,2.709257138,0.365978475,1.200000000,-0.015862308
1784881959.013582230,5.430000128,2.715818013,0.365830149,1.200000000,-0.016769506
1784881959.023582220,5.440000128,2.722377519,0.365668674,1.200000000,-0.017690507
1784881959.033582211,5.450000128,2.728935694,0.365493993,1.200000000,-0.018625226
1784881959.043582201,5.460000128,2.735492570,0.365306047,1.200000000,-0.019573578
1784881959.053582191,5.470000128,2.742048183,0.365104781,1.200000000,-0.020535475
1784881959.063582182,5.480000128,2.748602562,0.364890137,1.200000000,-0.021510834
1784881959.073582172,5.490000128,2.755155738,0.364662058,1.200000000,-0.022499568
1784881959.083582401,5.500000128,2.761707739,0.364420490,1.200000000,-0.023501590
1784881959.093582392,5.510000128,2.768258593,0.364165377,1.200000000,-0.024516816
1784881959.103582382,5.520000128,2.774808323,0.363896664,1.200000000,-0.025545159
1784881959.113582373,5.530000128,2.781356954,0.363614297,1.200000000,-0.026586534
1784881959.123582363,5.540000128,2.787904508,0.363318222,1.200000000,-0.027640855
1784881959.133582354,5.550000128,2.794451004,0.363008384,1.200000000,-0.028708036
1784881959.143582344,5.560000128,2.800996461,0.362684732,1.200000000,-0.029787992
1784881959.153582335,5.570000128,2.807540896,0.362347212,1.200000000,-0.030880635
1784881959.163582325,5.580000128,2.814084326,0.361995772,1.200000000,-0.031985882
1784881959.173582315,5.590000128,2.820626762,0.361630362,1.200000000,-0.033103645
1784881959.183582306,5.600000128,2.827168218,0.361250928,1.200000000,-0.034233839
1784881959.193582296,5.610000128,2.833708703,0.360857421,1.200000000,-0.035376379
1784881959.203582287,5.620000128,2.840248227,0.360449791,1.200000000,-0.036531178
1784881959.213582277,5.630000128,2.846786797,0.360027987,1.200000000,-0.037698151
1784881959.223582268,5.640000128,2.853324418,0.359591961,1.200000000,-0.038877212
1784881959.233582258,5.650000128,2.859861094,0.359141663,1.200000000,-0.040068275
1784881959.243582249,5.660000128,2.866396828,0.358677046,1.200000000,-0.041271254
1784881959.253582239,5.670000128,2.872931620,0.358198061,1.200000000,-0.042486063
1784881959.263582230,5.680000128,2.879465469,0.357704662,1.200000000,-0.043712618
1784881959.273582220,5.690000128,2.885998373,0.357196801,1.200000000,-0.044950831
1784881959.283582211,5.700000128,2.892530327,0.356674433,1.200000000,-0.046200617
1784881959.293582201,5.710000128,2.899061327,0.356137511,1.200000000,-0.047461891
1784881959.303582191,5.720000128,2.905591363,0.355585991,1.200000000,-0.048734566
1784881959.313582182,5.730000128,2.912120429,0.355019828,1.200000000,-0.050018556
1784881959.323582172,5.740000128,2.918648513,0.354438978,1.200000000,-0.051313777
1784881959.333582401,5.750000128,2.925175603,0.353843397,1.200000000,-0.052620142
1784881959.343582392,5.760000128,2.931701685,0.353233042,1.200000000,-0.053937565
1784881959.353582382,5.770000128,2.938226746,0.352607872,1.200000000,-0.055265960
1784881959.363582373,5.780000128,2.944750767,0.351967842,1.200000000,-0.056605242
1784881959.373582363,5.790000128,2.951273732,0.351312914,1.200000000,-0.057955325
1784881959.383582354,5.800000128,2.957795619,0.350643045,1.200000000,-0.059316124
1784881959.393582344,5.810000128,2.964316409,0.349958196,1.200000000,-0.060687551
1784881959.403582335,5.820000128,2.970836079,0.349258326,1.200000000,-0.062069522
1784881959.413582325,5.830000128,2.977354605,0.348543398,1.200000000,-0.063461951
1784881959.423582315,5.840000128,2.983871961,0.347813371,1.200000000,-0.064864751
1784881959.433582306,5.850000128,2.990388121,0.347068209,1.200000000,-0.066277838
1784881959.443582296,5.860000128,2.996903056,0.346307873,1.200000000,-0.067701125
1784881959.453582287,5.870000128,3.003416736,0.345532328,1.200000000,-0.069134527
1784881959.463582277,5.880000128,3.009929132,0.344741537,1.200000000,-0.070577957
1784881959.473582268,5.890000128,3.016440210,0.343935465,1.200000000,-0.072031330
1784881959.483582258,5.900000128,3.022949936,0.343114075,1.200000000,-0.073494560
1784881959.493582249,5.910000128,3.029458276,0.342277335,1.200000000,-0.074967562
1784881959.503582239,5.920000128,3.035965194,0.341425211,1.200000000,-0.076450249
1784881959.513582230,5.930000128,3.042470651,0.340557668,1.200000000,-0.077942535
1784881959.523582220,5.940000128,3.048974610,0.339674676,1.200000000,-0.079444336
1784881959.533582211,5.950000128,3.055477029,0.338776201,1.200000000,-0.080955565
1784881959.543582201,5.960000128,3.061977869,0.337862213,1.200000000,-0.082476136
1784881959.553582191,5.970000128,3.068477085,0.336932680,1.200000000,-0.084005963
1784881959.563582182,5.980000128,3.074974635,0.335987574,1.200000000,-0.085544961
1784881959.573582172,5.990000128,3.081470474,0.335026864,1.200000000,-0.087093045
1784881959.583582401,6.000000128,3.087964556,0.334050522,1.200000000,-0.088650127
1784881959.593582392,6.010000128,3.094456834,0.333058519,1.200000000,-0.090216123
1784881959.603582382,6.020000128,3.100947260,0.332050829,1.200000000,-0.091790946
1784881959.613582373,6.030000128,3.107435784,0.331027424,1.200000000,-0.093374510
1784881959.623582363,6.040000128,3.113922357,0.329988279,1.200000000,-0.094966731
1784881959.633582354,6.050000128,3.120406927,0.328933367,1.200000000,-0.096567522
1784881959.643582344,6.060000128,3.126889442,0.327862664,1.200000000,-0.098176797
1784881959.653582335,6.070000128,3.133369849,0.326776146,1.200000000,-0.099794471
1784881959.663582325,6.080000128,3.139848095,0.325673790,1.200000000,-0.101420457
1784881959.673582315,6.090000128,3.146324123,0.324555571,1.200000000,-0.103054670
1784881959.683582306,6.100000128,3.152797878,0.323421469,1.200000000,-0.104697025
1784881959.693582296,6.110000128,3.159269303,0.322271462,1.200000000,-0.106347435
1784881959.703582287,6.120000128,3.165738342,0.321105529,1.200000000,-0.108005814
1784881959.713582277,6.130000128,3.172204934,0.319923650,1.200000000,-0.109672077
1784881959.723582268,6.140000128,3.178669022,0.318725805,1.200000000,-0.111346138
1784881959.733582258,6.150000128,3.185130545,0.317511976,1.200000000,-0.113027911
1784881959.743582249,6.160000128,3.191589444,0.316282145,1.200000000,-0.114717310
1784881959.753582239,6.170000128,3.198045655,0.315036294,1.200000000,-0.116414250
1784881959.763582230,6.180000128,3.204499118,0.313774407,1.200000000,-0.118118644
1784881959.773582220,6.190000128,3.210949770,0.312496468,1.200000000,-0.119830408
1784881959.783582211,6.200000128,3.217397547,0.311202461,1.200000000,-0.121549454
1784881959.793582201,6.210000128,3.223842387,0.309892372,1.200000000,-0.123275698
1784881959.803582191,6.220000128,3.230284223,0.308566188,1.200000000,-0.125009054
1784881959.813582182,6.230000128,3.236722992,0.307223894,1.200000000,-0.126749435
1784881959.823582172,6.240000128,3.243158628,0.305865479,1.200000000,-0.128496756
1784881959.833582401,6.250000128,3.249591066,0.304490932,1.200000000,-0.130250931
1784881959.843582392,6.260000128,3.256020238,0.303100240,1.200000000,-0.132011875
1784881959.853582382,6.270000128,3.262446078,0.301693394,1.200000000,-0.133779501
1784881959.863582373,6.280000128,3.268868519,0.300270385,1.200000000,-0.135553724
1784881959.873582363,6.290000128,3.275287494,0.298831203,1.200000000,-0.137334458
1784881959.883582354,6.300000128,3.281702934,0.297375841,1.200000000,-0.139121617
1784881959.893582344,6.310000128,3.288114772,0.295904291,1.200000000,-0.140915115
1784881959.903582335,6.320000128,3.294522939,0.294416547,1.200000000,-0.142714866
1784881959.913582325,6.330000128,3.300927366,0.292912603,1.200000000,-0.144520786
1784881959.923582315,6.340000128,3.307327985,0.291392454,1.200000000,-0.146332787
1784881959.933582306,6.350000128,3.313724727,0.289856095,1.200000000,-0.148150785
1784881959.943582296,6.360000128,3.320117523,0.288303523,1.200000000,-0.149974693
1784881959.953582287,6.370000128,3.326506302,0.286734736,1.200000000,-0.151804425
1784881959.963582277,6.380000128,3.332890997,0.285149730,1.200000000,-0.153639896
1784881959.973582268,6.390000128,3.339271537,0.283548505,1.200000000,-0.155481020
1784881959.983582258,6.400000128,3.345647853,0.281931061,1.200000000,-0.157327712
1784881959.993582249,6.410000128,3.352019875,0.280297397,1.200000000,-0.159179884
1784881960.003582239,6.420000128,3.358387535,0.278647514,1.200000000,-0.161037452
1784881960.013582230,6.430000128,3.364750762,0.276981414,1.200000000,-0.162900330
1784881960.023582220,6.440000128,3.371109487,0.275299100,1.200000000,-0.164768432
1784881960.033582211,6.450000128,3.377463642,0.273600574,1.200000000,-0.166641672
1784881960.043582201,6.460000128,3.383813156,0.271885842,1.200000000,-0.168519964
1784881960.053582191,6.470000128,3.390157962,0.270154907,1.200000000,-0.170403223
1784881960.063582182,6.480000128,3.396497991,0.268407775,1.200000000,-0.172291362
1784881960.073582172,6.490000128,3.402833173,0.266644453,1.200000000,-0.174184297
1784881960.083582401,6.500000128,3.409163441,0.264864947,1.200000000,-0.176081941
1784881960.093582392,6.510000128,3.415488728,0.263069266,1.200000000,-0.177984208
1784881960.103582382,6.520000128,3.421808964,0.261257418,1.200000000,-0.179891012
1784881960.113582373,6.530000128,3.428124084,0.259429412,1.200000000,-0.181802268
1784881960.123582363,6.540000128,3.434434020,0.257585260,1.200000000,-0.183717891
1784881960.133582354,6.550000128,3.440738706,0.255724971,1.200000000,-0.185637793
1784881960.143582344,6.560000128,3.447038076,0.253848558,1.200000000,-0.187561890
1784881960.153582335,6.570000128,3.453332064,0.251956033,1.200000000,-0.189490095
1784881960.163582325,6.580000128,3.459620605,0.250047409,1.200000000,-0.191422323
1784881960.173582315,6.590000128,3.465903635,0.248122701,1.200000000,-0.193358488
1784881960.183582306,6.600000128,3.472181089,0.246181924,1.200000000,-0.195298504
1784881960.193582296,6.610000128,3.478452904,0.244225094,1.200000000,-0.197242285
1784881960.203582287,6.620000128,3.484719017,0.242252226,1.200000000,-0.199189746
1784881960.213582277,6.630000128,3.490979366,0.240263338,1.200000000,-0.201140801
1784881960.223582268,6.640000128,3.497233890,0.238258449,1.200000000,-0.203095364
1784881960.233582258,6.650000128,3.503482526,0.236237577,1.200000000,-0.205053349
1784881960.243582249,6.660000128,3.509725216,0.234200741,1.200000000,-0.207014670
1784881960.253582239,6.670000128,3.515961899,0.232147963,1.200000000,-0.208979242
1784881960.263582230,6.680000128,3.522192516,0.230079264,1.200000000,-0.210946978
1784881960.273582220,6.690000128,3.528417011,0.227994666,1.200000000,-0.212917794
1784881960.283582211,6.700000128,3.534635325,0.225894190,1.200000000,-0.214891602
1784881960.293582201,6.710000128,3.540847402,0.223777863,1.200000000,-0.216868318
1784881960.303582191,6.720000128,3.547053186,0.221645706,1.200000000,-0.218847856
1784881960.313582182,6.730000128,3.553252624,0.219497747,1.200000000,-0.220830129
1784881960.323582172,6.740000128,3.559445660,0.217334011,1.200000000,-0.222815052
1784881960.333582401,6.750000128,3.565632243,0.215154525,1.200000000,-0.224802540
1784881960.343582392,6.760000128,3.571812320,0.212959316,1.200000000,-0.226792506
1784881960.353582382,6.770000128,3.577985840,0.210748413,1.200000000,-0.228784864
1784881960.363582373,6.780000128,3.584152753,0.208521845,1.200000000,-0.230779529
1784881960.373582363,6.790000128,3.590313011,0.206279642,1.200000000,-0.232776415
1784881960.383582354,6.800000128,3.596466565,0.204021836,1.200000000,-0.234775436
1784881960.393582344,6.810000128,3.602613369,0.201748457,1.200000000,-0.236776507
1784881960.403582335,6.820000128,3.608753376,0.199459538,1.200000000,-0.238779541
1784881960.413582325,6.830000128,3.614886542,0.197155113,1.200000000,-0.240784453
1784881960.423582315,6.840000128,3.621012823,0.194835215,1.200000000,-0.242791157
1784881960.433582306,6.850000128,3.627132177,0.192499879,1.200000000,-0.244799567
1784881960.443582296,6.860000128,3.633244561,0.190149141,1.200000000,-0.246809598
1784881960.453582287,6.870000128,3.639349937,0.187783037,1.200000000,-0.248821163
1784881960.463582277,6.880000128,3.645448265,0.185401604,1.200000000,-0.250834176
1784881960.473582268,6.890000128,3.651539506,0.183004881,1.200000000,-0.252848553
1784881960.483582258,6.900000128,3.657623625,0.180592906,1.200000000,-0.254864207
1784881960.493582249,6.910000128,3.663700585,0.178165719,1.200000000,-0.256881052
1784881960.503582239,6.920000128,3.669770354,0.175723360,1.200000000,-0.258899003
1784881960.513582230,6.930000128,3.675832897,0.173265870,1.200000000,-0.260917974
1784881960.523582220,6.940000128,3.681888183,0.170793292,1.200000000,-0.262937878
1784881960.533582211,6.950000128,3.687936181,0.168305667,1.200000000,-0.264958631
1784881960.543582201,6.960000128,3.693976863,0.165803040,1.200000000,-0.266980146
1784881960.553582191,6.970000128,3.700010201,0.163285455,1.200000000,-0.269002338
1784881960.563582182,6.980000128,3.706036168,0.160752956,1.200000000,-0.271025120
1784881960.573582172,6.990000128,3.712054740,0.158205591,1.200000000,-0.273048415
1784881960.583582401,7.000000128,3.718065891,0.155643404,1.200000000,-0.275072168
1784881960.593582392,7.010000128,3.724069601,0.153066445,1.200000000,-0.277096331
1784881960.603582382,7.020000128,3.730065847,0.150474760,1.200000000,-0.279120857
1784881960.613582373,7.030000128,3.736054611,0.147868399,1.200000000,-0.281145697
1784881960.623582363,7.040000128,3.742035873,0.145247412,1.200000000,-0.283170804
1784881960.633582354,7.050000128,3.748009617,0.142611849,1.200000000,-0.285196129
1784881960.643582344,7.060000128,3.753975827,0.139961761,1.200000000,-0.287221625
1784881960.653582335,7.070000128,3.759934490,0.137297201,1.200000000,-0.289247243
1784881960.663582325,7.080000128,3.765885592,0.134618222,1.200000000,-0.291272936
1784881960.673582315,7.090000128,3.771829122,0.131924876,1.200000000,-0.293298656
1784881960.683582306,7.100000128,3.777765071,0.129217218,1.200000000,-0.295324354
1784881960.693582296,7.110000128,3.783693429,0.126495304,1.200000000,-0.297349983
1784881960.703582287,7.120000128,3.789614190,0.123759189,1.200000000,-0.299375495
1784881960.713582277,7.130000128,3.795527349,0.121008930,1.200000000,-0.301400841
1784881960.723582268,7.140000128,3.801432900,0.118244584,1.200000000,-0.303425974
1784881960.733582258,7.150000128,3.807330842,0.115466209,1.200000000,-0.305450846
1784881960.743582249,7.160000128,3.813221173,0.112673864,1.200000000,-0.307475409
1784881960.753582239,7.170000128,3.819103893,0.109867608,1.200000000,-0.309499614
1784881960.763582230,7.180000128,3.824979003,0.107047503,1.200000000,-0.311523414
1784881960.773582220,7.190000128,3.830846508,0.104213608,1.200000000,-0.313546762
1784881960.783582211,7.200000128,3.836706410,0.101365986,1.200000000,-0.315569608
1784881960.793582201,7.210000128,3.842558717,0.098504700,1.200000000,-0.317591905
1784881960.803582191,7.220000128,3.848403435,0.095629812,1.200000000,-0.319613605
1784881960.813582182,7.230000128,3.854240574,0.092741387,1.200000000,-0.321634660
1784881960.823582172,7.240000128,3.860070143,0.089839488,1.200000000,-0.323655022
1784881960.833582401,7.250000128,3.865892155,0.086924183,1.200000000,-0.325674643
1784881960.843582392,7.260000128,3.871706621,0.083995536,1.200000000,-0.327693475
1784881960.853582382,7.270000128,3.877513558,0.081053614,1.200000000,-0.329711470
1784881960.863582373,7.280000128,3.883312980,0.078098486,1.200000000,-0.331728580
1784881960.873582363,7.290000128,3.889104906,0.075130219,1.200000000,-0.333744758
1784881960.883582354,7.300000128,3.894889353,0.072148882,1.200000000,-0.335759954
1784881960.893582344,7.310000128,3.900666342,0.069154545,1.200000000,-0.337774122
1784881960.903582335,7.320000128,3.906435895,0.066147278,1.200000000,-0.339787213
1784881960.913582325,7.330000128,3.912198035,0.063127153,1.200000000,-0.341799179
1784881960.923582315,7.340000128,3.917952786,0.060094240,1.200000000,-0.343809972
1784881960.933582306,7.350000128,3.923700173,0.057048613,1.200000000,-0.345819545
1784881960.943582296,7.360000128,3.929440224,0.053990344,1.200000000,-0.347827849
1784881960.953582287,7.370000128,3.935172968,0.050919507,1.200000000,-0.349834836
1784881960.963582277,7.380000128,3.940898434,0.047836177,1.200000000,-0.351840459
1784881960.973582268,7.390000128,3.946616653,0.044740428,1.200000000,-0.353844669
1784881960.983582258,7.400000128,3.952327658,0.041632337,1.200000000,-0.355847418
1784881960.993582249,7.410000128,3.958031484,0.038511979,1.200000000,-0.357848659
1784881961.003582239,7.420000128,3.963728164,0.035379432,1.200000000,-0.359848343
1784881961.013582230,7.430000128,3.969417735,0.032234774,1.200000000,-0.361846423
1784881961.023582220,7.440000128,3.975100236,0.029078082,1.200000000,-0.363842850
1784881961.033582211,7.450000128,3.980775706,0.025909436,1.200000000,-0.365837577
1784881961.043582201,7.460000128,3.986444184,0.022728915,1.200000000,-0.367830556
1784881961.053582191,7.470000128,3.992105713,0.019536600,1.200000000,-0.369821738
1784881961.063582182,7.480000128,3.997760335,0.016332572,1.200000000,-0.371811075
1784881961.073582172,7.490000128,4.003408094,0.013116911,1.200000000,-0.373798521
1784881961.083582401,7.500000128,4.009049037,0.009889701,1.200000000,-0.375784025
1784881961.093582392,7.510000128,4.014683208,0.006651023,1.200000000,-0.377767542
1784881961.103582382,7.520000128,4.020310658,0.003400962,1.200000000,-0.379749022
1784881961.113582373,7.530000128,4.025931433,0.000139600,1.200000000,-0.381728418
1784881961.123582363,7.540000128,4.031545584,-0.003132976,1.200000000,-0.383705682
1784881961.133582354,7.550000128,4.037153164,-0.006416683,1.200000000,-0.385680766
1784881961.143582344,7.560000128,4.042754223,-0.009711435,1.200000000,-0.387653621
1784881961.153582335,7.570000128,4.048348817,-0.013017144,1.200000000,-0.389624200
1784881961.163582325,7.580000128,4.053936998,-0.016333725,1.200000000,-0.391592455
1784881961.173582315,7.590000128,4.059518825,-0.019661090,1.200000000,-0.393558338
1784881961.183582306,7.600000128,4.065094352,-0.022999150,1.200000000,-0.395521801
1784881961.193582296,7.610000128,4.070663638,-0.026347818,1.200000000,-0.397482796
1784881961.203582287,7.620000128,4.076226743,-0.029707004,1.200000000,-0.399441275
1784881961.213582277,7.630000128,4.081783726,-0.033076617,1.200000000,-0.401397189
1784881961.223582268,7.640000128,4.087334648,-0.036456569,1.200000000,-0.403350492
1784881961.233582258,7.650000128,4.092879572,-0.039846768,1.200000000,-0.405301135
1784881961.243582249,7.660000128,4.098418561,-0.043247123,1.200000000,-0.407249070
1784881961.253582239,7.670000128,4.103951678,-0.046657542,1.200000000,-0.409194249
1784881961.263582230,7.680000128,4.109478988,-0.050077932,1.200000000,-0.411136624
1784881961.273582220,7.690000128,4.115000558,-0.053508201,1.200000000,-0.413076147
1784881961.283582211,7.700000128,4.120516455,-0.056948254,1.200000000,-0.415012770
1784881961.293582201,7.710000128,4.126026745,-0.060397999,1.200000000,-0.416946446
1784881961.303582191,7.720000128,4.131531499,-0.063857341,1.200000000,-0.418877126
1784881961.313582182,7.730000128,4.137030784,-0.067326183,1.200000000,-0.420804762
1784881961.323582172,7.740000128,4.142524673,-0.070804432,1.200000000,-0.422729306
1784881961.333582401,7.750000128,4.148013235,-0.074291991,1.200000000,-0.424650710
1784881961.343582392,7.760000128,4.153496542,-0.077788763,1.200000000,-0.426568927
1784881961.353582382,7.770000128,4.158974668,-0.081294652,1.200000000,-0.428483909
1784881961.363582373,7.780000128,4.164447686,-0.084809560,1.200000000,-0.430395606
1784881961.373582363,7.790000128,4.169915670,-0.088333389,1.200000000,-0.432303972
1784881961.383582354,7.800000128,4.175378695,-0.091866041,1.200000000,-0.434208959
1784881961.393582344,7.810000128,4.180836837,-0.095407417,1.200000000,-0.436110517
1784881961.403582335,7.820000128,4.186290171,-0.098957417,1.200000000,-0.438008601
1784881961.413582325,7.830000128,4.191738776,-0.102515942,1.200000000,-0.439903160
1784881961.423582315,7.840000128,4.197182729,-0.106082892,1.200000000,-0.441794149
1784881961.433582306,7.850000128,4.202622108,-0.109658166,1.200000000,-0.443681518
1784881961.443582296,7.860000128,4.208056991,-0.113241663,1.200000000,-0.445565219
1784881961.453582287,7.870000128,4.213487459,-0.116833281,1.200000000,-0.447445205
1784881961.463582277,7.880000128,4.218913591,-0.120432918,1.200000000,-0.449321428
1784881961.473582268,7.890000128,4.224335467,-0.124040473,1.200000000,-0.451193839
1784881961.483582258,7.900000128,4.229753170,-0.127655842,1.200000000,-0.453062391
1784881961.493582249,7.910000128,4.235166780,-0.131278922,1.200000000,-0.454927036
1784881961.503582239,7.920000128,4.240576379,-0.134909610,1.200000000,-0.456787725
1784881961.513582230,7.930000128,4.245982050,-0.138547801,1.200000000,-0.458644411
1784881961.523582220,7.940000128,4.251383876,-0.142193391,1.200000000,-0.460497046
1784881961.533582211,7.950000128,4.256781940,-0.145846276,1.200000000,-0.462345582
1784881961.543582201,7.960000128,4.262176325,-0.149506351,1.200000000,-0.464189970
1784881961.553582191,7.970000128,4.267567116,-0.153173509,1.200000000,-0.466030163
1784881961.563582182,7.980000128,4.272954397,-0.156847646,1.200000000,-0.467866114
1784881961.573582172,7.990000128,4.278338252,-0.160528654,1.200000000,-0.469697773
1784881961.583582401,8.000000128,4.283718767,-0.164216427,1.200000000,-0.471525093
1784881961.593582392,8.010000128,4.289096027,-0.167910859,1.200000000,-0.473348026
1784881961.603582382,8.020000128,4.294470118,-0.171611842,1.200000000,-0.475166524
1784881961.613582373,8.030000128,4.299841124,-0.175319268,1.200000000,-0.476980539
1784881961.623582363,8.040000128,4.305209133,-0.179033030,1.200000000,-0.478790023
1784881961.633582354,8.050000128,4.310574229,-0.182753019,1.200000000,-0.480594928
1784881961.643582344,8.060000128,4.315936500,-0.186479126,1.200000000,-0.482395206
1784881961.653582335,8.070000128,4.321296031,-0.190211244,1.200000000,-0.484190809
1784881961.663582325,8.080000128,4.326652909,-0.193949262,1.200000000,-0.485981689
1784881961.673582315,8.090000128,4.332007222,-0.197693070,1.200000000,-0.487767799
1784881961.683582306,8.100000128,4.337359054,-0.201442561,1.200000000,-0.489549089
1784881961.693582296,8.110000128,4.342708494,-0.205197622,1.200000000,-0.491325513
1784881961.703582287,8.120000128,4.348055628,-0.208958143,1.200000000,-0.493097022
1784881961.713582277,8.130000128,4.353400542,-0.212724015,1.200000000,-0.494863568
1784881961.723582268,8.140000128,4.358743323,-0.216495126,1.200000000,-0.496625104
1784881961.733582258,8.150000128,4.364084058,-0.220271365,1.200000000,-0.498381581
1784881961.743582249,8.160000128,4.369422834,-0.224052620,1.200000000,-0.500132951
1784881961.753582239,8.170000128,4.374759736,-0.227838779,1.200000000,-0.501879167
1784881961.763582230,8.180000128,4.380094852,-0.231629731,1.200000000,-0.503620180
1784881961.773582220,8.190000128,4.385428267,-0.235425364,1.200000000,-0.505355942
1784881961.783582211,8.200000128,4.390760068,-0.239225564,1.200000000,-0.507086406
1784881961.793582201,8.210000128,4.396090341,-0.243030219,1.200000000,-0.508811523
1784881961.803582191,8.220000128,4.401419171,-0.246839217,1.200000000,-0.510531246
1784881961.813582182,8.230000128,4.406746643,-0.250652443,1.200000000,-0.512245526
1784881961.823582172,8.240000128,4.412072844,-0.254469785,1.200000000,-0.513954316
1784881961.833582401,8.250000128,4.417397857,-0.258291129,1.200000000,-0.515657567
1784881961.843582392,8.260000128,4.422721768,-0.262116361,1.200000000,-0.517355232
1784881961.853582382,8.270000128,4.428044661,-0.265945367,1.200000000,-0.519047262
1784881961.863582373,8.280000128,4.433366620,-0.269778034,1.200000000,-0.520733610
1784881961.873582363,8.290000128,4.438687728,-0.273614245,1.200000000,-0.522414228
1784881961.883582354,8.300000128,4.444008070,-0.277453888,1.200000000,-0.524089067
1784881961.893582344,8.310000128,4.449327727,-0.281296846,1.200000000,-0.525758081
1784881961.903582335,8.320000128,4.454646782,-0.285143006,1.200000000,-0.527421219
1784881961.913582325,8.330000128,4.459965318,-0.288992252,1.200000000,-0.529078436
1784881961.923582315,8.340000128,4.465283415,-0.292844469,1.200000000,-0.530729682
1784881961.933582306,8.350000128,4.470601155,-0.296699540,1.200000000,-0.532374911
1784881961.943582296,8.360000128,4.475918619,-0.300557352,1.200000000,-0.534014073
1784881961.953582287,8.370000128,4.481235886,-0.304417788,1.200000000,-0.535647120
1784881961.963582277,8.380000128,4.486553037,-0.308280731,1.200000000,-0.537274006
1784881961.973582268,8.390000128,4.491870149,-0.312146067,1.200000000,-0.538894682
1784881961.983582258,8.400000128,4.497187302,-0.316013679,1.200000000,-0.540509100
1784881961.993582249,8.410000128,4.502504573,-0.319883450,1.200000000,-0.542117211
1784881962.003582239,8.420000128,4.507822039,-0.323755265,1.200000000,-0.543718969
1784881962.013582230,8.430000128,4.513139777,-0.327629007,1.200000000,-0.545314324
1784881962.023582220,8.440000128,4.518457862,-0.331504558,1.200000000,-0.546903230
1784881962.033582211,8.450000128,4.523776370,-0.335381803,1.200000000,-0.548485637
1784881962.043582201,8.460000128,4.529095375,-0.339260625,1.200000000,-0.550061499
1784881962.053582191,8.470000128,4.534414951,-0.343140906,1.200000000,-0.551630767
1784881962.063582182,8.480000128,4.539735171,-0.347022530,1.200000000,-0.553193393
1784881962.073582172,8.490000128,4.545056106,-0.350905380,1.200000000,-0.554749329
1784881962.083582401,8.500000128,4.550377829,-0.354789338,1.200000000,-0.556298527
1784881962.093582392,8.510000128,4.555700410,-0.358674287,1.200000000,-0.557840940
1784881962.103582382,8.520000128,4.561023919,-0.362560110,1.200000000,-0.559376519
1784881962.113582373,8.530000128,4.566348424,-0.366446690,1.200000000,-0.560905216
1784881962.123582363,8.540000128,4.571673995,-0.370333908,1.200000000,-0.562426983
1784881962.133582354,8.550000128,4.577000697,-0.374221648,1.200000000,-0.563941773
1784881962.143582344,8.560000128,4.582328599,-0.378109793,1.200000000,-0.565449537
1784881962.153582335,8.570000128,4.587657765,-0.381998224,1.200000000,-0.566950227
1784881962.163582325,8.580000128,4.592988259,-0.385886823,1.200000000,-0.568443796
1784881962.173582315,8.590000128,4.598320146,-0.389775474,1.200000000,-0.569930195
1784881962.183582306,8.600000128,4.603653487,-0.393664059,1.200000000,-0.571409376
1784881962.193582296,8.610000128,4.608988346,-0.397552459,1.200000000,-0.572881292
1784881962.203582287,8.620000128,4.614324782,-0.401440557,1.200000000,-0.574345895
1784881962.213582277,8.630000128,4.619662856,-0.405328236,1.200000000,-0.575803136
1784881962.223582268,8.640000128,4.625002626,-0.409215377,1.200000000,-0.577252968
1784881962.233582258,8.650000128,4.630344150,-0.413101864,1.200000000,-0.578695342
1784881962.243582249,8.660000128,4.635687484,-0.416987577,1.200000000,-0.580130210
1784881962.253582239,8.670000128,4.641032685,-0.420872400,1.200000000,-0.581557526
1784881962.263582230,8.680000128,4.646379807,-0.424756215,1.200000000,-0.582977240
1784881962.273582220,8.690000128,4.651728903,-0.428638903,1.200000000,-0.584389304
1784881962.283582211,8.700000128,4.657080026,-0.432520348,1.200000000,-0.585793672
1784881962.293582201,8.710000128,4.662433228,-0.436400431,1.200000000,-0.587190294
1784881962.303582191,8.720000128,4.667788558,-0.440279035,1.200000000,-0.588579122
1784881962.313582182,8.730000128,4.673146066,-0.444156042,1.200000000,-0.589960110
1784881962.323582172,8.740000128,4.678505799,-0.448031335,1.200000000,-0.591333208
1784881962.333582401,8.750000128,4.683867804,-0.451904795,1.200000000,-0.592698369
1784881962.343582392,8.760000128,4.689232128,-0.455776307,1.200000000,-0.594055545
1784881962.353582382,8.770000128,4.694598815,-0.459645751,1.200000000,-0.595404688
1784881962.363582373,8.780000128,4.699967907,-0.463513011,1.200000000,-0.596745750
1784881962.373582363,8.790000128,4.705339448,-0.467377970,1.200000000,-0.598078683
1784881962.383582354,8.800000128,4.710713477,-0.471240509,1.200000000,-0.599403438
1784881962.393582344,8.810000128,4.716090036,-0.475100512,1.200000000,-0.600719969
1784881962.403582335,8.820000128,4.721469162,-0.478957861,1.200000000,-0.602028227
1784881962.413582325,8.830000128,4.726850893,-0.482812440,1.200000000,-0.603328163
1784881962.423582315,8.840000128,4.732235264,-0.486664131,1.200000000,-0.604619731
1784881962.433582306,8.850000128,4.737622311,-0.490512817,1.200000000,-0.605902881
1784881962.443582296,8.860000128,4.743012068,-0.494358382,1.200000000,-0.607177567
1784881962.453582287,8.870000128,4.748404566,-0.498200709,1.200000000,-0.608443740
1784881962.463582277,8.880000128,4.753799837,-0.502039681,1.200000000,-0.609701352
1784881962.473582268,8.890000128,4.759197911,-0.505875181,1.200000000,-0.610950355
1784881962.483582258,8.900000128,4.764598816,-0.509707092,1.200000000,-0.612190702
1784881962.493582249,8.910000128,4.770002580,-0.513535300,1.200000000,-0.613422344
1784881962.503582239,8.920000128,4.775409228,-0.517359686,1.200000000,-0.614645232
1784881962.513582230,8.930000128,4.780818786,-0.521180135,1.200000000,-0.615859321
1784881962.523582220,8.940000128,4.786231277,-0.524996531,1.200000000,-0.617064560
1784881962.533582211,8.950000128,4.791646723,-0.528808757,1.200000000,-0.618260903
1784881962.543582201,8.960000128,4.797065145,-0.532616699,1.200000000,-0.619448301
1784881962.553582191,8.970000128,4.802486563,-0.536420239,1.200000000,-0.620626706
1784881962.563582182,8.980000128,4.807910995,-0.540219263,1.200000000,-0.621796071
1784881962.573582172,8.990000128,4.813338459,-0.544013655,1.200000000,-0.622956348
1784881962.583582401,9.000000128,4.818768969,-0.547803299,1.200000000,-0.624107487
1784881962.593582392,9.010000128,4.824202542,-0.551588080,1.200000000,-0.625249443
1784881962.603582382,9.020000128,4.829639189,-0.555367884,1.200000000,-0.626382165
1784881962.613582373,9.030000128,4.835078923,-0.559142594,1.200000000,-0.627505608
1784881962.623582363,9.040000128,4.840521754,-0.562912097,1.200000000,-0.628619722
1784881962.633582354,9.050000128,4.845967692,-0.566676277,1.200000000,-0.629724459
1784881962.643582344,9.060000128,4.851416745,-0.570435019,1.200000000,-0.630819772
1784881962.653582335,9.070000128,4.856868920,-0.574188210,1.200000000,-0.631905613
1784881962.663582325,9.080000128,4.862324222,-0.577935736,1.200000000,-0.632981933
1784881962.673582315,9.090000128,4.867782656,-0.581677480,1.200000000,-0.634048685
1784881962.683582306,9.100000128,4.873244224,-0.585413331,1.200000000,-0.635105820
1784881962.693582296,9.110000128,4.878708929,-0.589143174,1.200000000,-0.636153292
1784881962.703582287,9.120000128,4.884176771,-0.592866895,1.200000000,-0.637191051
1784881962.713582277,9.130000128,4.889647748,-0.596584381,1.200000000,-0.638219050
1784881962.723582268,9.140000128,4.895121861,-0.600295518,1.200000000,-0.639237240
1784881962.733582258,9.150000128,4.900599104,-0.604000193,1.200000000,-0.640245573
1784881962.743582249,9.160000128,4.906079474,-0.607698293,1.200000000,-0.641243916
1784881962.753582239,9.170000128,4.911562965,-0.611389705,1.200000000,-0.642232011
1784881962.763582230,9.180000128,4.917049570,-0.615074316,1.200000000,-0.643209592
1784881962.773582220,9.190000128,4.922539282,-0.618752014,1.200000000,-0.644176393
1784881962.783582211,9.200000128,4.928032090,-0.622422687,1.200000000,-0.645132147
1784881962.793582201,9.210000128,4.933527986,-0.626086221,1.200000000,-0.646076587
1784881962.803582191,9.220000128,4.939026957,-0.629742506,1.200000000,-0.647009448
1784881962.813582182,9.230000128,4.944528990,-0.633391428,1.200000000,-0.647930463
1784881962.823582172,9.240000128,4.950034072,-0.637032877,1.200000000,-0.648839364
1784881962.833582401,9.250000128,4.955542188,-0.640666741,1.200000000,-0.649735886
1784881962.843582392,9.260000128,4.961053322,-0.644292907,1.200000000,-0.650619761
1784881962.853582382,9.270000128,4.966567456,-0.647911266,1.200000000,-0.651490725
1784881962.863582373,9.280000128,4.972084574,-0.651521706,1.200000000,-0.652348509
1784881962.873582363,9.290000128,4.977604654,-0.655124117,1.200000000,-0.653192847
1784881962.883582354,9.300000128,4.983127678,-0.658718386,1.200000000,-0.654023473
1784881962.893582344,9.310000128,4.988653624,-0.662304405,1.200000000,-0.654840121
1784881962.903582335,9.320000128,4.994182469,-0.665882062,1.200000000,-0.655642523
1784881962.913582325,9.330000128,4.999714191,-0.669451248,1.200000000,-0.656430413
1784881962.923582315,9.340000128,5.005248765,-0.673011853,1.200000000,-0.657203525
1784881962.933582306,9.350000128,5.010786165,-0.676563766,1.200000000,-0.657961593
1784881962.943582296,9.360000128,5.016326366,-0.680106878,1.200000000,-0.658704348
1784881962.953582287,9.370000128,5.021869341,-0.683641080,1.200000000,-0.659431526
1784881962.963582277,9.380000128,5.027415061,-0.687166262,1.200000000,-0.660142860
1784881962.973582268,9.390000128,5.032963498,-0.690682315,1.200000000,-0.660838082
1784881962.983582258,9.400000128,5.038514621,-0.694189131,1.200000000,-0.661516927
1784881962.993582249,9.410000128,5.044068401,-0.697686601,1.200000000,-0.662179128
1784881963.003582239,9.420000128,5.049624806,-0.701174615,1.200000000,-0.662824418
1784881963.013582230,9.430000128,5.055183804,-0.704653067,1.200000000,-0.663452531
1784881963.023582220,9.440000128,5.060745362,-0.708121847,1.200000000,-0.664063201
1784881963.033582211,9.450000128,5.066309445,-0.711580848,1.200000000,-0.664656160
1784881963.043582201,9.460000128,5.071876021,-0.715029962,1.200000000,-0.665231143
1784881963.053582191,9.470000128,5.077445052,-0.718469081,1.200000000,-0.665787882
1784881963.063582182,9.480000128,5.083016505,-0.721898097,1.200000000,-0.666326111
1784881963.073582172,9.490000128,5.088590341,-0.725316905,1.200000000,-0.666845564
1784881963.083582401,9.500000128,5.094166525,-0.728725396,1.200000000,-0.667345975
1784881963.093582392,9.510000128,5.099745017,-0.732123464,1.200000000,-0.667827075
1784881963.103582382,9.520000128,5.105325781,-0.735511001,1.200000000,-0.668288600
1784881963.113582373,9.530000128,5.110908776,-0.738887902,1.200000000,-0.668730283
1784881963.123582363,9.540000128,5.116493963,-0.742254061,1.200000000,-0.669151856
1784881963.133582354,9.550000128,5.122081303,-0.745609370,1.200000000,-0.669553054
1784881963.143582344,9.560000128,5.127670754,-0.748953724,1.200000000,-0.669933610
1784881963.153582335,9.570000128,5.133262276,-0.752287018,1.200000000,-0.670293257
1784881963.163582325,9.580000128,5.138855827,-0.755609145,1.200000000,-0.670631729
1784881963.173582315,9.590000128,5.144451366,-0.758920001,1.200000000,-0.670948759
1784881963.183582306,9.600000128,5.150048849,-0.762219480,1.200000000,-0.671244081
1784881963.193582296,9.610000128,5.155648235,-0.765507477,1.200000000,-0.671517429
1784881963.203582287,9.620000128,5.161249480,-0.768783887,1.200000000,-0.671768535
1784881963.213582277,9.630000128,5.166852542,-0.772048605,1.200000000,-0.671997133
1784881963.223582268,9.640000128,5.172457376,-0.775301528,1.200000000,-0.672202957
1784881963.233582258,9.650000128,5.178063938,-0.778542551,1.200000000,-0.672385740
1784881963.243582249,9.660000128,5.183672184,-0.781771569,1.200000000,-0.672545216
1784881963.253582239,9.670000128,5.189282071,-0.784988480,1.200000000,-0.672681117
1784881963.263582230,9.680000128,5.194893552,-0.788193178,1.200000000,-0.672793178
1784881963.273582220,9.690000128,5.200506585,-0.791385561,1.200000000,-0.672881133
1784881963.283582211,9.700000128,5.206121123,-0.794565525,1.200000000,-0.672944713
1784881963.293582201,9.710000128,5.211737121,-0.797732968,1.200000000,-0.672983654
1784881963.303582191,9.720000128,5.217354536,-0.800887785,1.200000000,-0.672997688
1784881963.313582182,9.730000128,5.222973320,-0.804029875,1.200000000,-0.672986548
1784881963.323582172,9.740000128,5.228593430,-0.807159134,1.200000000,-0.672949969
1784881963.333582401,9.750000128,5.234214820,-0.810275461,1.200000000,-0.672887684
1784881963.343582392,9.760000128,5.239837444,-0.813378753,1.200000000,-0.672799426
1784881963.353582382,9.770000128,5.245461258,-0.816468908,1.200000000,-0.672684929
1784881963.363582373,9.780000128,5.251086216,-0.819545825,1.200000000,-0.672543926
1784881963.373582363,9.790000128,5.256712274,-0.822609401,1.200000000,-0.672376151
1784881963.383582354,9.800000128,5.262339386,-0.825659535,1.200000000,-0.672181336
1784881963.393582344,9.810000128,5.267967508,-0.828696126,1.200000000,-0.671959217
1784881963.403582335,9.820000128,5.273596595,-0.831719073,1.200000000,-0.671709525
1784881963.413582325,9.830000128,5.279226603,-0.834728275,1.200000000,-0.671431995
1784881963.423582315,9.840000128,5.284857488,-0.837723632,1.200000000,-0.671126359
1784881963.433582306,9.850000128,5.290489205,-0.840705042,1.200000000,-0.670792353
1784881963.443582296,9.860000128,5.296121711,-0.843672406,1.200000000,-0.670429708
1784881963.453582287,9.870000128,5.301754962,-0.846625623,1.200000000,-0.670038158
1784881963.463582277,9.880000128,5.307388916,-0.849564594,1.200000000,-0.669617437
1784881963.473582268,9.890000128,5.313023530,-0.852489219,1.200000000,-0.669167279
1784881963.483582258,9.900000128,5.318658762,-0.855399398,1.200000000,-0.668687416
1784881963.493582249,9.910000128,5.324294569,-0.858295032,1.200000000,-0.668177583
1784881963.503582239,9.920000128,5.329930911,-0.861176023,1.200000000,-0.667637512
1784881963.513582230,9.930000128,5.335567745,-0.864042271,1.200000000,-0.667066938
1784881963.523582220,9.940000128,5.341205032,-0.866893677,1.200000000,-0.666465593
1784881963.533582211,9.950000128,5.346842731,-0.869730144,1.200000000,-0.665833211
1784881963.543582201,9.960000128,5.352480803,-0.872551572,1.200000000,-0.665169526
1784881963.553582191,9.970000128,5.358119209,-0.875357865,1.200000000,-0.664474270
1784881963.563582182,9.980000128,5.363757910,-0.878148923,1.200000000,-0.663747179
1784881963.573582172,9.990000128,5.369396869,-0.880924650,1.200000000,-0.662987984
1784881963.583582401,10.000000128,5.375036048,-0.883684948,1.200000000,-0.662196419
1784881963.593582392,10.010000128,5.380675410,-0.886429720,1.200000000,-0.661372219
1784881963.603582382,10.020000128,5.386314920,-0.889158869,1.200000000,-0.660515116
1784881963.613582373,10.030000128,5.391954542,-0.891872299,1.200000000,-0.659624843
1784881963.623582363,10.040000128,5.397594242,-0.894569912,1.200000000,-0.658701135
1784881963.633582354,10.050000128,5.403233986,-0.897251613,1.200000000,-0.657743725
1784881963.643582344,10.060000128,5.408873740,-0.899917305,1.200000000,-0.656752346
1784881963.653582335,10.070000128,5.414513473,-0.902566893,1.200000000,-0.655726731
1784881963.663582325,10.080000128,5.420153153,-0.905200282,1.200000000,-0.654666615
1784881963.673582315,10.090000128,5.425792748,-0.907817375,1.200000000,-0.653571731
1784881963.683582306,10.100000128,5.431432230,-0.910418078,1.200000000,-0.652441811
1784881963.693582296,10.110000128,5.437071568,-0.913002296,1.200000000,-0.651276590
1784881963.703582287,10.120000128,5.442710735,-0.915569935,1.200000000,-0.650075801
1784881963.713582277,10.130000128,5.448349704,-0.918120899,1.200000000,-0.648839178
1784881963.723582268,10.140000128,5.453988447,-0.920655096,1.200000000,-0.647566453
1784881963.733582258,10.150000128,5.459626940,-0.923172431,1.200000000,-0.646257361
1784881963.743582249,10.160000128,5.465265157,-0.925672811,1.200000000,-0.644911635
1784881963.753582239,10.170000128,5.470903076,-0.928156143,1.200000000,-0.643529008
1784881963.763582230,10.180000128,5.476540672,-0.930622332,1.200000000,-0.642109213
1784881963.773582220,10.190000128,5.482177926,-0.933071288,1.200000000,-0.640651986
1784881963.783582211,10.200000128,5.487814815,-0.935502917,1.200000000,-0.639157058
1784881963.793582201,10.210000128,5.493451321,-0.937917127,1.200000000,-0.637624163
1784881963.803582191,10.220000128,5.499087425,-0.940313826,1.200000000,-0.636053034
1784881963.813582182,10.230000128,5.504723108,-0.942692923,1.200000000,-0.634443406
1784881963.823582172,10.240000128,5.510358355,-0.945054326,1.200000000,-0.632795012
1784881963.833582401,10.250000128,5.515993150,-0.947397944,1.200000000,-0.631107584
1784881963.843582392,10.260000128,5.521627479,-0.949723688,1.200000000,-0.629380857
1784881963.853582382,10.270000128,5.527261328,-0.952031465,1.200000000,-0.627614565
1784881963.863582373,10.280000128,5.532894685,-0.954321187,1.200000000,-0.625808439
1784881963.873582363,10.290000128,5.538527539,-0.956592764,1.200000000,-0.623962215
1784881963.883582354,10.300000128,5.544159880,-0.958846105,1.200000000,-0.622075625
1784881963.893582344,10.310000128,5.549791700,-0.961081123,1.200000000,-0.620148402
1784881963.903582335,10.320000128,5.555422990,-0.963297728,1.200000000,-0.618180281
1784881963.913582325,10.330000128,5.561053745,-0.965495832,1.200000000,-0.616170995
1784881963.923582315,10.340000128,5.566683958,-0.967675347,1.200000000,-0.614120277
1784881963.933582306,10.350000128,5.572313626,-0.969836185,1.200000000,-0.612027861
1784881963.943582296,10.360000128,5.577942746,-0.971978258,1.200000000,-0.609893480
1784881963.953582287,10.370000128,5.583571316,-0.974101481,1.200000000,-0.607716868
1784881963.963582277,10.380000128,5.589199336,-0.976205766,1.200000000,-0.605497758
1784881963.973582268,10.390000128,5.594826805,-0.978291028,1.200000000,-0.603235883
1784881963.983582258,10.400000128,5.600453726,-0.980357179,1.200000000,-0.600930978
1784881963.993582249,10.410000128,5.606080102,-0.982404136,1.200000000,-0.598582775
1784881964.003582239,10.420000128,5.611705937,-0.984431812,1.200000000,-0.596191008
1784881964.013582230,10.430000128,5.617331236,-0.986440124,1.200000000,-0.593755411
1784881964.023582220,10.440000128,5.622956007,-0.988428987,1.200000000,-0.591275716
1784881964.033582211,10.450000128,5.628580257,-0.990398317,1.200000000,-0.588751658
1784881964.043582201,10.460000128,5.634203994,-0.992348032,1.200000000,-0.586182969
1784881964.053582191,10.470000128,5.639827230,-0.994278048,1.200000000,-0.583569384
1784881964.063582182,10.480000128,5.645449976,-0.996188282,1.200000000,-0.580910636
1784881964.073582172,10.490000128,5.651072244,-0.998078653,1.200000000,-0.578206462
1784881964.083582401,10.500000128,5.656694049,-0.999949080,1.200000000,-0.575456875
1784881964.093582392,10.510000128,5.662315406,-1.001799481,1.200000000,-0.572662316
1784881964.103582382,10.520000128,5.667936330,-1.003629776,1.200000000,-0.569823266
1784881964.113582373,10.530000128,5.673556840,-1.005439885,1.200000000,-0.566940208
1784881964.123582363,10.540000128,5.679176954,-1.007229727,1.200000000,-0.564013620
1784881964.133582354,10.550000128,5.684796692,-1.008999226,1.200000000,-0.561043986
1784881964.143582344,10.560000128,5.690416074,-1.010748301,1.200000000,-0.558031785
1784881964.153582335,10.570000128,5.696035124,-1.012476874,1.200000000,-0.554977498
1784881964.163582325,10.580000128,5.701653865,-1.014184870,1.200000000,-0.551881607
1784881964.173582315,10.590000128,5.707272321,-1.015872209,1.200000000,-0.548744593
1784881964.183582306,10.600000128,5.712890517,-1.017538817,1.200000000,-0.545566935
1784881964.193582296,10.610000128,5.718508481,-1.019184618,1.200000000,-0.542349116
1784881964.203582287,10.620000128,5.724126241,-1.020809536,1.200000000,-0.539091617
1784881964.213582277,10.630000128,5.729743824,-1.022413497,1.200000000,-0.535794917
1784881964.223582268,10.640000128,5.735361263,-1.023996427,1.200000000,-0.532459498
1784881964.233582258,10.650000128,5.740978587,-1.025558253,1.200000000,-0.529085842
1784881964.243582249,10.660000128,5.746595828,-1.027098902,1.200000000,-0.525674429
1784881964.253582239,10.670000128,5.752213021,-1.028618302,1.200000000,-0.522225739
1784881964.263582230,10.680000128,5.757830199,-1.030116382,1.200000000,-0.518740255
1784881964.273582220,10.690000128,5.763447398,-1.031593070,1.200000000,-0.515218457
1784881964.283582211,10.700000128,5.769064653,-1.033048298,1.200000000,-0.511660825
1784881964.293582201,10.710000128,5.774682003,-1.034481995,1.200000000,-0.508067841
1784881964.303582191,10.720000128,5.780299486,-1.035894093,1.200000000,-0.504439986
1784881964.313582182,10.730000128,5.785917140,-1.037284525,1.200000000,-0.500777741
1784881964.323582172,10.740000128,5.791535005,-1.038653222,1.200000000,-0.497081587
1784881964.333582401,10.750000128,5.797153124,-1.040000118,1.200000000,-0.493352004
1784881964.343582392,10.760000128,5.802771537,-1.041325149,1.200000000,-0.489589473
1784881964.353582382,10.770000128,5.808390287,-1.042628247,1.200000000,-0.485794476
1784881964.363582373,10.780000128,5.814009419,-1.043909351,1.200000000,-0.481967494
1784881964.373582363,10.790000128,5.819628976,-1.045168396,1.200000000,-0.478109007
1784881964.383582354,10.800000128,5.825249004,-1.046405319,1.200000000,-0.474219497
1784881964.393582344,10.810000128,5.830869548,-1.047620059,1.200000000,-0.470299444
1784881964.403582335,10.820000128,5.836490656,-1.048812555,1.200000000,-0.466349329
1784881964.413582325,10.830000128,5.842112375,-1.049982746,1.200000000,-0.462369633
1784881964.423582315,10.840000128,5.847734753,-1.051130574,1.200000000,-0.458360838
1784881964.433582306,10.850000128,5.853357839,-1.052255980,1.200000000,-0.454323424
1784881964.443582296,10.860000128,5.858981683,-1.053358906,1.200000000,-0.450257872
1784881964.453582287,10.870000128,5.864606335,-1.054439296,1.200000000,-0.446164663
1784881964.463582277,10.880000128,5.870231846,-1.055497095,1.200000000,-0.442044278
1784881964.473582268,10.890000128,5.875858267,-1.056532246,1.200000000,-0.437897198
1784881964.483582258,10.900000128,5.881485650,-1.057544697,1.200000000,-0.433723904
1784881964.493582249,10.910000128,5.887114048,-1.058534394,1.200000000,-0.429524877
1784881964.503582239,10.920000128,5.892743514,-1.059501285,1.200000000,-0.425300598
1784881964.513582230,10.930000128,5.898374101,-1.060445320,1.200000000,-0.421051547
1784881964.523582220,10.940000128,5.904005863,-1.061366448,1.200000000,-0.416778206
1784881964.533582211,10.950000128,5.909638854,-1.062264620,1.200000000,-0.412481056
1784881964.543582201,10.960000128,5.915273130,-1.063139788,1.200000000,-0.408160578
1784881964.553582191,10.970000128,5.920908746,-1.063991904,1.200000000,-0.403817252
1784881964.563582182,10.980000128,5.926545757,-1.064820924,1.200000000,-0.399451560
1784881964.573582172,10.990000128,5.932184219,-1.065626801,1.200000000,-0.395063982
1784881964.583582401,11.000000128,5.937824188,-1.066409493,1.200000000,-0.390655000
1784881964.593582392,11.010000128,5.943465721,-1.067168955,1.200000000,-0.386225094
1784881964.603582382,11.020000128,5.949108874,-1.067905147,1.200000000,-0.381774746
1784881964.613582373,11.030000128,5.954753704,-1.068618027,1.200000000,-0.377304436
1784881964.623582363,11.040000128,5.960400268,-1.069307556,1.200000000,-0.372814645
1784881964.633582354,11.050000128,5.966048623,-1.069973695,1.200000000,-0.368305854
1784881964.643582344,11.060000128,5.971698827,-1.070616408,1.200000000,-0.363778545
1784881964.653582335,11.070000128,5.977350937,-1.071235657,1.200000000,-0.359233197
1784881964.663582325,11.080000128,5.983005011,-1.071831408,1.200000000,-0.354670293
1784881964.673582315,11.090000128,5.988661105,-1.072403627,1.200000000,-0.350090313
1784881964.683582306,11.100000128,5.994319277,-1.072952281,1.200000000,-0.345493738
1784881964.693582296,11.110000128,5.999979586,-1.073477339,1.200000000,-0.340881049
1784881964.703582287,11.120000128,6.005642087,-1.073978770,1.200000000,-0.336252726
1784881964.713582277,11.130000128,6.011306839,-1.074456545,1.200000000,-0.331609252
1784881964.723582268,11.140000128,6.016973898,-1.074910637,1.200000000,-0.326951106
1784881964.733582258,11.150000128,6.022643322,-1.075341018,1.200000000,-0.322278770
1784881964.743582249,11.160000128,6.028315167,-1.075747664,1.200000000,-0.317592725
1784881964.753582239,11.170000128,6.033989490,-1.076130551,1.200000000,-0.312893452
1784881964.763582230,11.180000128,6.039666348,-1.076489654,1.200000000,-0.308181431
1784881964.773582220,11.190000128,6.045345795,-1.076824954,1.200000000,-0.303457143
1784881964.783582211,11.200000128,6.051027889,-1.077136429,1.200000000,-0.298721071
1784881964.793582201,11.210000128,6.056712685,-1.077424061,1.200000000,-0.293973693
1784881964.803582191,11.220000128,6.062400237,-1.077687832,1.200000000,-0.289215493
1784881964.813582182,11.230000128,6.068090601,-1.077927725,1.200000000,-0.284446949
1784881964.823582172,11.240000128,6.073783831,-1.078143727,1.200000000,-0.279668544
1784881964.833582401,11.250000128,6.079479979,-1.078335823,1.200000000,-0.274880758
1784881964.843582392,11.260000128,6.085179101,-1.078504001,1.200000000,-0.270084073
1784881964.853582382,11.270000128,6.090881248,-1.078648250,1.200000000,-0.265278968
1784881964.863582373,11.280000128,6.096586473,-1.078768560,1.200000000,-0.260465926
1784881964.873582363,11.290000128,6.102294827,-1.078864925,1.200000000,-0.255645427
1784881964.883582354,11.300000128,6.108006362,-1.078937336,1.200000000,-0.250817952
1784881964.893582344,11.310000128,6.113721128,-1.078985790,1.200000000,-0.245983982
1784881964.903582335,11.320000128,6.119439174,-1.079010281,1.200000000,-0.241143998
1784881964.913582325,11.330000128,6.125160550,-1.079010807,1.200000000,-0.236298481
1784881964.923582315,11.340000128,6.130885305,-1.078987369,1.200000000,-0.231447912
1784881964.933582306,11.350000128,6.136613485,-1.078939965,1.200000000,-0.226592771
1784881964.943582296,11.360000128,6.142345137,-1.078868599,1.200000000,-0.221733541
1784881964.953582287,11.370000128,6.148080308,-1.078773273,1.200000000,-0.216870701
1784881964.963582277,11.380000128,6.153819042,-1.078653992,1.200000000,-0.212004733
1784881964.973582268,11.390000128,6.159561385,-1.078510764,1.200000000,-0.207136117
1784881964.983582258,11.400000128,6.165307378,-1.078343595,1.200000000,-0.202265335
1784881964.993582249,11.410000128,6.171057066,-1.078152495,1.200000000,-0.197392868
1784881965.003582239,11.420000128,6.176810489,-1.077937476,1.200000000,-0.192519196
1784881965.013582230,11.430000128,6.182567687,-1.077698549,1.200000000,-0.187644800
1784881965.023582220,11.440000128,6.188328701,-1.077435729,1.200000000,-0.182770162
1784881965.033582211,11.450000128,6.194093569,-1.077149031,1.200000000,-0.177895763
1784881965.043582201,11.460000128,6.199862328,-1.076838471,1.200000000,-0.173022082
1784881965.053582191,11.470000128,6.205635014,-1.076504070,1.200000000,-0.168149602
1784881965.063582182,11.480000128,6.211411664,-1.076145847,1.200000000,-0.163278803
1784881965.073582172,11.490000128,6.217192311,-1.075763823,1.200000000,-0.158410167
1784881965.083582401,11.500000128,6.222976987,-1.075358022,1.200000000,-0.153544173
1784881965.093582392,11.510000128,6.228765725,-1.074928469,1.200000000,-0.148681304
1784881965.103582382,11.520000128,6.234558556,-1.074475190,1.200000000,-0.143822039
1784881965.113582373,11.530000128,6.240355509,-1.073998213,1.200000000,-0.138966861
1784881965.123582363,11.540000128,6.246156611,-1.073497568,1.200000000,-0.134116249
1784881965.133582354,11.550000128,6.251961889,-1.072973286,1.200000000,-0.129270686
1784881965.143582344,11.560000128,6.257771370,-1.072425400,1.200000000,-0.124430651
1784881965.153582335,11.570000128,6.263585077,-1.071853944,1.200000000,-0.119596626
1784881965.163582325,11.580000128,6.269403033,-1.071258954,1.200000000,-0.114769092
1784881965.173582315,11.590000128,6.275225260,-1.070640468,1.200000000,-0.109948529
1784881965.183582306,11.600000128,6.281051778,-1.069998526,1.200000000,-0.105135419
1784881965.193582296,11.610000128,6.286882604,-1.069333167,1.200000000,-0.100330243
1784881965.203582287,11.620000128,6.292717758,-1.068644435,1.200000000,-0.095533481
1784881965.213582277,11.630000128,6.298557253,-1.067932373,1.200000000,-0.090745615
1784881965.223582268,11.640000128,6.304401106,-1.067197027,1.200000000,-0.085967126
1784881965.233582258,11.650000128,6.310249328,-1.066438445,1.200000000,-0.081198493
1784881965.243582249,11.660000128,6.316101931,-1.065656676,1.200000000,-0.076440199
1784881965.253582239,11.670000128,6.321958925,-1.064851770,1.200000000,-0.071692725
1784881965.263582230,11.680000128,6.327820319,-1.064023779,1.200000000,-0.066956551
1784881965.273582220,11.690000128,6.333686118,-1.063172757,1.200000000,-0.062232158
1784881965.283582211,11.700000128,6.339556328,-1.062298761,1.200000000,-0.057520027
1784881965.293582201,11.710000128,6.345430953,-1.061401846,1.200000000,-0.052820639
1784881965.303582191,11.720000128,6.351309995,-1.060482071,1.200000000,-0.048134476
1784881965.313582182,11.730000128,6.357193454,-1.059539498,1.200000000,-0.043462017
1784881965.323582172,11.740000128,6.363081329,-1.058574188,1.200000000,-0.038803745
1784881965.333582401,11.750000128,6.368973617,-1.057586204,1.200000000,-0.034160139
1784881965.343582392,11.760000128,6.374870314,-1.056575612,1.200000000,-0.029531681
1784881965.353582382,11.770000128,6.380771413,-1.055542479,1.200000000,-0.024918853
1784881965.363582373,11.780000128,6.386676907,-1.054486873,1.200000000,-0.020322134
1784881965.373582363,11.790000128,6.392586787,-1.053408865,1.200000000,-0.015742006
1784881965.383582354,11.800000128,6.398501040,-1.052308526,1.200000000,-0.011178949
1784881965.393582344,11.810000128,6.404419655,-1.051185929,1.200000000,-0.006633445
1784881965.403582335,11.820000128,6.410342617,-1.050041150,1.200000000,-0.002105975
1784881965.413582325,11.830000128,6.416269909,-1.048874265,1.200000000,0.002402980
1784881965.423582315,11.840000128,6.422201514,-1.047685352,1.200000000,0.006892963
1784881965.433582306,11.850000128,6.428137411,-1.046474491,1.200000000,0.011363785
1784881965.443582296,11.860000128,6.434077580,-1.045241763,1.200000000,0.015815426
1784881965.453582287,11.870000128,6.440021997,-1.043987251,1.200000000,0.020247873
1784881965.463582277,11.880000128,6.445970637,-1.042711040,1.200000000,0.024661110
1784881965.473582268,11.890000128,6.451923475,-1.041413215,1.200000000,0.029055123
1784881965.483582258,11.900000128,6.457880480,-1.040093865,1.200000000,0.033429896
1784881965.493582249,11.910000128,6.463841624,-1.038753078,1.200000000,0.037785414
1784881965.503582239,11.920000128,6.469806875,-1.037390946,1.200000000,0.042121663
1784881965.513582230,11.930000128,6.475776199,-1.036007560,1.200000000,0.046438628
1784881965.523582220,11.940000128,6.481749561,-1.034603014,1.200000000,0.050736293
1784881965.533582211,11.950000128,6.487726923,-1.033177403,1.200000000,0.055014644
1784881965.543582201,11.960000128,6.493708247,-1.031730825,1.200000000,0.059273665
1784881965.553582191,11.970000128,6.499693494,-1.030263377,1.200000000,0.063513342
1784881965.563582182,11.980000128,6.505682619,-1.028775160,1.200000000,0.067733660
1784881965.573582172,11.990000128,6.511675581,-1.027266275,1.200000000,0.071934603
1784881965.583582401,12.000000128,6.517672332,-1.025736824,1.200000000,0.076116158
1784881965.593582392,12.010000128,6.523672826,-1.024186911,1.200000000,0.080278308
1784881965.603582382,12.020000128,6.529677014,-1.022616643,1.200000000,0.084421039
1784881965.613582373,12.030000128,6.535684845,-1.021026126,1.200000000,0.088544336
1784881965.623582363,12.040000128,6.541696267,-1.019415469,1.200000000,0.092648184
1784881965.633582354,12.050000128,6.547711225,-1.017784782,1.200000000,0.096732568
1784881965.643582344,12.060000128,6.553729665,-1.016134176,1.200000000,0.100797473
1784881965.653582335,12.070000128,6.559751528,-1.014463764,1.200000000,0.104842884
1784881965.663582325,12.080000128,6.565776756,-1.012773659,1.200000000,0.108868786
1784881965.673582315,12.090000128,6.571805288,-1.011063978,1.200000000,0.112875165
1784881965.683582306,12.100000128,6.577837062,-1.009334837,1.200000000,0.116862004
1784881965.693582296,12.110000128,6.583872014,-1.007586354,1.200000000,0.120829290
1784881965.703582287,12.120000128,6.589910078,-1.005818648,1.200000000,0.124777007
1784881965.713582277,12.130000128,6.595951188,-1.004031841,1.200000000,0.128705141
1784881965.723582268,12.140000128,6.601995275,-1.002226054,1.200000000,0.132613676
1784881965.733582258,12.150000128,6.608042269,-1.000401411,1.200000000,0.136502597
1784881965.743582249,12.160000128,6.614092099,-0.998558036,1.200000000,0.140371890
1784881965.753582239,12.170000128,6.620144690,-0.996696055,1.200000000,0.144221539
1784881965.763582230,12.180000128,6.626199968,-0.994815595,1.200000000,0.148051529
1784881965.773582220,12.190000128,6.632257857,-0.992916783,1.200000000,0.151861847
1784881965.783582211,12.200000128,6.638318280,-0.990999751,1.200000000,0.155652476
1784881965.793582201,12.210000128,6.644381157,-0.989064627,1.200000000,0.159423401
1784881965.803582191,12.220000128,6.650446408,-0.987111544,1.200000000,0.163174608
1784881965.813582182,12.230000128,6.656513950,-0.985140635,1.200000000,0.166906082
1784881965.823582172,12.240000128,6.662583700,-0.983152033,1.200000000,0.170617808
1784881965.833582401,12.250000128,6.668655574,-0.981145874,1.200000000,0.174309770
1784881965.843582392,12.260000128,6.674729486,-0.979122295,1.200000000,0.177981954
1784881965.853582382,12.270000128,6.680805347,-0.977081431,1.200000000,0.181634345
1784881965.863582373,12.280000128,6.686883069,-0.975023422,1.200000000,0.185266928
1784881965.873582363,12.290000128,6.692962561,-0.972948407,1.200000000,0.188879688
1784881965.883582354,12.300000128,6.699043734,-0.970856526,1.200000000,0.192472610
1784881965.893582344,12.310000128,6.705126493,-0.968747920,1.200000000,0.196045679
1784881965.903582335,12.320000128,6.711210744,-0.966622733,1.200000000,0.199598881
1784881965.913582325,12.330000128,6.717296394,-0.964481107,1.200000000,0.203132199
1784881965.923582315,12.340000128,6.723383344,-0.962323186,1.200000000,0.206645619
1784881965.933582306,12.350000128,6.729471499,-0.960149116,1.200000000,0.210139127
1784881965.943582296,12.360000128,6.735560759,-0.957959042,1.200000000,0.213612706
1784881965.953582287,12.370000128,6.741651024,-0.955753112,1.200000000,0.217066343
1784881965.963582277,12.380000128,6.747742193,-0.953531474,1.200000000,0.220500023
1784881965.973582268,12.390000128,6.753834166,-0.951294276,1.200000000,0.223913729
1784881965.983582258,12.400000128,6.759926837,-0.949041667,1.200000000,0.227307448
1784881965.993582249,12.410000128,6.766020104,-0.946773797,1.200000000,0.230681165
1784881966.003582239,12.420000128,6.772113862,-0.944490819,1.200000000,0.234034864
1784881966.013582230,12.430000128,6.778208004,-0.942192883,1.200000000,0.237368530
1784881966.023582220,12.440000128,6.784302423,-0.939880142,1.200000000,0.240682149
1784881966.033582211,12.450000128,6.790397012,-0.937552750,1.200000000,0.243975706
1784881966.043582201,12.460000128,6.796491661,-0.935210860,1.200000000,0.247249185
1784881966.053582191,12.470000128,6.802586262,-0.932854627,1.200000000,0.250502572
1784881966.063582182,12.480000128,6.808680703,-0.930484206,1.200000000,0.253735851
1784881966.073582172,12.490000128,6.814774873,-0.928099753,1.200000000,0.256949009
1784881966.083582401,12.500000128,6.820868660,-0.925701425,1.200000000,0.260142029
1784881966.093582392,12.510000128,6.826961951,-0.923289379,1.200000000,0.263314896
1784881966.103582382,12.520000128,6.833054632,-0.920863772,1.200000000,0.266467597
1784881966.113582373,12.530000128,6.839146589,-0.918424762,1.200000000,0.269600116
1784881966.123582363,12.540000128,6.845237708,-0.915972509,1.200000000,0.272712437
1784881966.133582354,12.550000128,6.851327871,-0.913507172,1.200000000,0.275804547
1784881966.143582344,12.560000128,6.857416963,-0.911028910,1.200000000,0.278876429
1784881966.153582335,12.570000128,6.863504868,-0.908537884,1.200000000,0.281928070
1784881966.163582325,12.580000128,6.869591467,-0.906034254,1.200000000,0.284959454
1784881966.173582315,12.590000128,6.875676642,-0.903518181,1.200000000,0.287970565
1784881966.183582306,12.600000128,6.881760275,-0.900989827,1.200000000,0.290961390
1784881966.193582296,12.610000128,6.887842246,-0.898449354,1.200000000,0.293931914
1784881966.203582287,12.620000128,6.893922437,-0.895896923,1.200000000,0.296882120
1784881966.213582277,12.630000128,6.900000728,-0.893332697,1.200000000,0.299811995
1784881966.223582268,12.640000128,6.906076997,-0.890756839,1.200000000,0.302721523
1784881966.233582258,12.650000128,6.912151125,-0.888169512,1.200000000,0.305610689
1784881966.243582249,12.660000128,6.918222990,-0.885570880,1.200000000,0.308479479
1784881966.253582239,12.670000128,6.924292471,-0.882961106,1.200000000,0.311327877
1784881966.263582230,12.680000128,6.930359446,-0.880340353,1.200000000,0.314155869
1784881966.273582220,12.690000128,6.936423793,-0.877708786,1.200000000,0.316963439
1784881966.283582211,12.700000128,6.942485391,-0.875066569,1.200000000,0.319750573
1784881966.293582201,12.710000128,6.948544117,-0.872413866,1.200000000,0.322517255
1784881966.303582191,12.720000128,6.954599848,-0.869750841,1.200000000,0.325263472
1784881966.313582182,12.730000128,6.960652463,-0.867077660,1.200000000,0.327989206
1784881966.323582172,12.740000128,6.966701837,-0.864394487,1.200000000,0.330694445
1784881966.333582401,12.750000128,6.972747849,-0.861701486,1.200000000,0.333379172
1784881966.343582392,12.760000128,6.978790376,-0.858998822,1.200000000,0.336043373
1784881966.353582382,12.770000128,6.984829295,-0.856286659,1.200000000,0.338687033
1784881966.363582373,12.780000128,6.990864483,-0.853565164,1.200000000,0.341310137
1784881966.373582363,12.790000128,6.996895817,-0.850834499,1.200000000,0.343912669
1784881966.383582354,12.800000128,7.002923175,-0.848094831,1.200000000,0.346494616
1784881966.393582344,12.810000128,7.008946434,-0.845346323,1.200000000,0.349055961
1784881966.403582335,12.820000128,7.014965471,-0.842589139,1.200000000,0.351596691
1784881966.413582325,12.830000128,7.020980165,-0.839823445,1.200000000,0.354116790
1784881966.423582315,12.840000128,7.026990393,-0.837049405,1.200000000,0.356616243
1784881966.433582306,12.850000128,7.032996034,-0.834267182,1.200000000,0.359095035
1784881966.443582296,12.860000128,7.038996965,-0.831476940,1.200000000,0.361553151
1784881966.453582287,12.870000128,7.044993065,-0.828678844,1.200000000,0.363990576
1784881966.463582277,12.880000128,7.050984214,-0.825873056,1.200000000,0.366407296
1784881966.473582268,12.890000128,7.056970291,-0.823059739,1.200000000,0.368803295
1784881966.483582258,12.900000128,7.062951175,-0.820239057,1.200000000,0.371178558
1784881966.493582249,12.910000128,7.068926747,-0.817411173,1.200000000,0.373533071
1784881966.503582239,12.920000128,7.074896886,-0.814576248,1.200000000,0.375866818
1784881966.513582230,12.930000128,7.080861474,-0.811734444,1.200000000,0.378179784
1784881966.523582220,12.940000128,7.086820393,-0.808885924,1.200000000,0.380471956
1784881966.533582211,12.950000128,7.092773523,-0.806030848,1.200000000,0.382743316
1784881966.543582201,12.960000128,7.098720749,-0.803169377,1.200000000,0.384993851
1784881966.553582191,12.970000128,7.104661952,-0.800301672,1.200000000,0.387223546
1784881966.563582182,12.980000128,7.110597016,-0.797427893,1.200000000,0.389432386
1784881966.573582172,12.990000128,7.116525826,-0.794548199,1.200000000,0.391620355
1784881966.583582401,13.000000128,7.122448266,-0.791662750,1.200000000,0.393787439
1784881966.593582392,13.010000128,7.128364222,-0.788771703,1.200000000,0.395933623
1784881966.603582382,13.020000128,7.134273580,-0.785875218,1.200000000,0.398058891
1784881966.613582373,13.030000128,7.140176228,-0.782973451,1.200000000,0.400163230
1784881966.623582363,13.040000128,7.146072052,-0.780066560,1.200000000,0.402246623
1784881966.633582354,13.050000128,7.151960941,-0.777154701,1.200000000,0.404309056
1784881966.643582344,13.060000128,7.157842785,-0.774238030,1.200000000,0.406350515
1784881966.653582335,13.070000128,7.163717473,-0.771316702,1.200000000,0.408370983
1784881966.663582325,13.080000128,7.169584897,-0.768390872,1.200000000,0.410370446
1784881966.673582315,13.090000128,7.175444948,-0.765460693,1.200000000,0.412348889
1784881966.683582306,13.100000128,7.181297519,-0.762526319,1.200000000,0.414306298
1784881966.693582296,13.110000128,7.187142504,-0.759587903,1.200000000,0.416242657
1784881966.703582287,13.120000128,7.192979798,-0.756645596,1.200000000,0.418157951
1784881966.713582277,13.130000128,7.198809295,-0.753699549,1.200000000,0.420052165
1784881966.723582268,13.140000128,7.204630892,-0.750749913,1.200000000,0.421925284
1784881966.733582258,13.150000128,7.210444487,-0.747796838,1.200000000,0.423777294
1784881966.743582249,13.160000128,7.216249979,-0.744840472,1.200000000,0.425608179
1784881966.753582239,13.170000128,7.222047266,-0.741880963,1.200000000,0.427417925
1784881966.763582230,13.180000128,7.227836251,-0.738918459,1.200000000,0.429206516
1784881966.773582220,13.190000128,7.233616834,-0.735953107,1.200000000,0.430973937
1784881966.783582211,13.200000128,7.239388918,-0.732985051,1.200000000,0.432720174
1784881966.793582201,13.210000128,7.245152408,-0.730014436,1.200000000,0.434445212
1784881966.803582191,13.220000128,7.250907209,-0.727041408,1.200000000,0.436149035
1784881966.813582182,13.230000128,7.256653227,-0.724066107,1.200000000,0.437831629
1784881966.823582172,13.240000128,7.262390370,-0.721088678,1.200000000,0.439492978
1784881966.833582401,13.250000128,7.268118546,-0.718109259,1.200000000,0.441133069
1784881966.843582392,13.260000128,7.273837666,-0.715127993,1.200000000,0.442751885
1784881966.853582382,13.270000128,7.279547641,-0.712145018,1.200000000,0.444349411
1784881966.863582373,13.280000128,7.285248383,-0.709160473,1.200000000,0.445925634
1784881966.873582363,13.290000128,7.290939806,-0.706174495,1.200000000,0.447480538
1784881966.883582354,13.300000128,7.296621826,-0.703187220,1.200000000,0.449014107
1784881966.893582344,13.310000128,7.302294359,-0.700198783,1.200000000,0.450526327
1784881966.903582335,13.320000128,7.307957323,-0.697209320,1.200000000,0.452017184
1784881966.913582325,13.330000128,7.313610636,-0.694218963,1.200000000,0.453486661
1784881966.923582315,13.340000128,7.319254220,-0.691227844,1.200000000,0.454934745
1784881966.933582306,13.350000128,7.324887996,-0.688236095,1.200000000,0.456361419
1784881966.943582296,13.360000128,7.330511888,-0.685243847,1.200000000,0.457766670
1784881966.953582287,13.370000128,7.336125820,-0.682251227,1.200000000,0.459150482
1784881966.963582277,13.380000128,7.341729718,-0.679258364,1.200000000,0.460512840
1784881966.973582268,13.390000128,7.347323509,-0.676265385,1.200000000,0.461853730
1784881966.983582258,13.400000128,7.352907124,-0.673272416,1.200000000,0.463173136
1784881966.993582249,13.410000128,7.358480491,-0.670279582,1.200000000,0.464471043
1784881967.003582239,13.420000128,7.364043544,-0.667287005,1.200000000,0.465747436
1784881967.013582230,13.430000128,7.369596214,-0.664294808,1.200000000,0.467002301
1784881967.023582220,13.440000128,7.375138438,-0.661303114,1.200000000,0.468235623
1784881967.033582211,13.450000128,7.380670150,-0.658312040,1.200000000,0.469447386
1784881967.043582201,13.460000128,7.386191290,-0.655321708,1.200000000,0.470637575
1784881967.053582191,13.470000128,7.391701796,-0.652332233,1.200000000,0.471806176
1784881967.063582182,13.480000128,7.397201608,-0.649343734,1.200000000,0.472953174
1784881967.073582172,13.490000128,7.402690670,-0.646356325,1.200000000,0.474078554
1784881967.083582401,13.500000128,7.408168925,-0.643370120,1.200000000,0.475182300
1784881967.093582392,13.510000128,7.413636318,-0.640385233,1.200000000,0.476264397
1784881967.103582382,13.520000128,7.419092795,-0.637401775,1.200000000,0.477324832
1784881967.113582373,13.530000128,7.424538306,-0.634419857,1.200000000,0.478363589
1784881967.123582363,13.540000128,7.429972800,-0.631439587,1.200000000,0.479380652
1784881967.133582354,13.550000128,7.435396228,-0.628461076,1.200000000,0.480376007
1784881967.143582344,13.560000128,7.440808543,-0.625484428,1.200000000,0.481349639
1784881967.153582335,13.570000128,7.446209700,-0.622509750,1.200000000,0.482301533
1784881967.163582325,13.580000128,7.451599654,-0.619537146,1.200000000,0.483231674
1784881967.173582315,13.590000128,7.456978363,-0.616566720,1.200000000,0.484140048
1784881967.183582306,13.600000128,7.462345786,-0.613598573,1.200000000,0.485026638
1784881967.193582296,13.610000128,7.467701884,-0.610632806,1.200000000,0.485891430
1784881967.203582287,13.620000128,7.473046617,-0.607669519,1.200000000,0.486734410
1784881967.213582277,13.630000128,7.478379950,-0.604708809,1.200000000,0.487555562
1784881967.223582268,13.640000128,7.483701848,-0.601750774,1.200000000,0.488354871
1784881967.233582258,13.650000128,7.489012278,-0.598795510,1.200000000,0.489132322
1784881967.243582249,13.660000128,7.494311206,-0.595843110,1.200000000,0.489887901
1784881967.253582239,13.670000128,7.499598603,-0.592893668,1.200000000,0.490621592
1784881967.263582230,13.680000128,7.504874440,-0.589947276,1.200000000,0.491333381
1784881967.273582220,13.690000128,7.510138688,-0.587004025,1.200000000,0.492023252
1784881967.283582211,13.700000128,7.515391323,-0.584064003,1.200000000,0.492691190
1784881967.293582201,13.710000128,7.520632318,-0.581127300,1.200000000,0.493337181
1784881967.303582191,13.720000128,7.525861651,-0.578194003,1.200000000,0.493961209
1784881967.313582182,13.730000128,7.531079300,-0.575264196,1.200000000,0.494563261
1784881967.323582172,13.740000128,7.536285244,-0.572337964,1.200000000,0.495143319
1784881967.333582401,13.750000128,7.541479465,-0.569415392,1.200000000,0.495701371
1784881967.343582392,13.760000128,7.546661944,-0.566496560,1.200000000,0.496237400
1784881967.353582382,13.770000128,7.551832666,-0.563581550,1.200000000,0.496751392
1784881967.363582373,13.780000128,7.556991614,-0.560670441,1.200000000,0.497243332
1784881967.373582363,13.790000128,7.562138776,-0.557763311,1.200000000,0.497713204
1784881967.383582354,13.800000128,7.567274140,-0.554860238,1.200000000,0.498160995
1784881967.393582344,13.810000128,7.572397693,-0.551961298,1.200000000,0.498586688
1784881967.403582335,13.820000128,7.577509427,-0.549066566,1.200000000,0.498990270
1784881967.413582325,13.830000128,7.582609332,-0.546176114,1.200000000,0.499371724
1784881967.423582315,13.840000128,7.587697401,-0.543290017,1.200000000,0.499731037
1784881967.433582306,13.850000128,7.592773628,-0.540408344,1.200000000,0.500068192
1784881967.443582296,13.860000128,7.597838009,-0.537531166,1.200000000,0.500383176
1784881967.453582287,13.870000128,7.602890538,-0.534658552,1.200000000,0.500675973
1784881967.463582277,13.880000128,7.607931214,-0.531790570,1.200000000,0.500946568
1784881967.473582268,13.890000128,7.612960034,-0.528927287,1.200000000,0.501194946
1784881967.483582258,13.900000128,7.617976998,-0.526068767,1.200000000,0.501421092
1784881967.493582249,13.910000128,7.622982107,-0.523215077,1.200000000,0.501624992
1784881967.503582239,13.920000128,7.627975362,-0.520366279,1.200000000,0.501806630
1784881967.513582230,13.930000128,7.632956764,-0.517522436,1.200000000,0.501965992
1784881967.523582220,13.940000128,7.637926319,-0.514683609,1.200000000,0.502103062
1784881967.533582211,13.950000128,7.642884029,-0.511849858,1.200000000,0.502217825
1784881967.543582201,13.960000128,7.647829900,-0.509021243,1.200000000,0.502310267
1784881967.553582191,13.970000128,7.652763937,-0.506197821,1.200000000,0.502380373
1784881967.563582182,13.980000128,7.657686149,-0.503379651,1.200000000,0.502428127
1784881967.573582172,13.990000128,7.662596541,-0.500566789,1.200000000,0.502453515
1784881967.583582401,14.000000128,7.667495122,-0.497759289,1.200000000,0.502456521
1784881967.593582392,14.010000128,7.672381901,-0.494957207,1.200000000,0.502437131
1784881967.603582382,14.020000128,7.677256887,-0.492160596,1.200000000,0.502395330
1784881967.613582373,14.030000128,7.682120091,-0.489369509,1.200000000,0.502331103
1784881967.623582363,14.040000128,7.686971523,-0.486583996,1.200000000,0.502244434
1784881967.633582354,14.050000128,7.691811195,-0.483804110,1.200000000,0.502135310
1784881967.643582344,14.060000128,7.696639117,-0.481029901,1.200000000,0.502003714
1784881967.653582335,14.070000128,7.701455302,-0.478261417,1.200000000,0.501849632
1784881967.663582325,14.080000128,7.706259762,-0.475498707,1.200000000,0.501673049
1784881967.673582315,14.090000128,7.711052511,-0.472741819,1.200000000,0.501473951
1784881967.683582306,14.100000128,7.715833560,-0.469990801,1.200000000,0.501252321
1784881967.693582296,14.110000128,7.720602923,-0.467245697,1.200000000,0.501008145
1784881967.703582287,14.120000128,7.725360613,-0.464506554,1.200000000,0.500741409
1784881967.713582277,14.130000128,7.730106644,-0.461773417,1.200000000,0.500452097
1784881967.723582268,14.140000128,7.734841029,-0.459046330,1.200000000,0.500140194
1784881967.733582258,14.150000128,7.739563782,-0.456325336,1.200000000,0.499805685
1784881967.743582249,14.160000128,7.744274915,-0.453610480,1.200000000,0.499448555
1784881967.753582239,14.170000128,7.748974443,-0.450901803,1.200000000,0.499068790
1784881967.763582230,14.180000128,7.753662378,-0.448199348,1.200000000,0.498666374
1784881967.773582220,14.190000128,7.758338733,-0.445503157,1.200000000,0.498241293
1784881967.783582211,14.200000128,7.763003521,-0.442813269,1.200000000,0.497793531
1784881967.793582201,14.210000128,7.767656753,-0.440129727,1.200000000,0.497323073
1784881967.803582191,14.220000128,7.772298442,-0.437452571,1.200000000,0.496829906
1784881967.813582182,14.230000128,7.776928599,-0.434781840,1.200000000,0.496314012
1784881967.823582172,14.240000128,7.781547234,-0.432117574,1.200000000,0.495775379
1784881967.833582401,14.250000128,7.786154357,-0.429459813,1.200000000,0.495213989
1784881967.843582392,14.260000128,7.790749977,-0.426808596,1.200000000,0.494629830
1784881967.853582382,14.270000128,7.795334103,-0.424163962,1.200000000,0.494022885
1784881967.863582373,14.280000128,7.799906743,-0.421525949,1.200000000,0.493393141
1784881967.873582363,14.290000128,7.804467902,-0.418894596,1.200000000,0.492740580
1784881967.883582354,14.300000128,7.809017588,-0.416269942,1.200000000,0.492065190
1784881967.893582344,14.310000128,7.813555804,-0.413652026,1.200000000,0.491366955
1784881967.903582335,14.320000128,7.818082554,-0.411040885,1.200000000,0.490645860
1784881967.913582325,14.330000128,7.822597840,-0.408436559,1.200000000,0.489901889
1784881967.923582315,14.340000128,7.827101662,-0.405839085,1.200000000,0.489135029
1784881967.933582306,14.350000128,7.831594021,-0.403248503,1.200000000,0.488345263
1784881967.943582296,14.360000128,7.836074913,-0.400664852,1.200000000,0.487532578
1784881967.953582287,14.370000128,7.840544336,-0.398088170,1.200000000,0.486696958
1784881967.963582277,14.380000128,7.845002284,-0.395518496,1.200000000,0.485838388
1784881967.973582268,14.390000128,7.849448750,-0.392955871,1.200000000,0.484956853
1784881967.983582258,14.400000128,7.853883725,-0.390400334,1.200000000,0.484052338
1784881967.993582249,14.410000128,7.858307198,-0.387851926,1.200000000,0.483124829
1784881968.003582239,14.420000128,7.862719157,-0.385310687,1.200000000,0.482174310
1784881968.013582230,14.430000128,7.867119585,-0.382776659,1.200000000,0.481200766
1784881968.023582220,14.440000128,7.871508467,-0.380249883,1.200000000,0.480204183
1784881968.033582211,14.450000128,7.875885782,-0.377730402,1.200000000,0.479184545
1784881968.043582201,14.460000128,7.880251508,-0.375218258,1.200000000,0.478141838
1784881968.053582191,14.470000128,7.884605620,-0.372713496,1.200000000,0.477076046
1784881968.063582182,14.480000128,7.888948093,-0.370216159,1.200000000,0.475987155
1784881968.073582172,14.490000128,7.893278895,-0.367726293,1.200000000,0.474875149
1784881968.083582401,14.500000128,7.897597994,-0.365243945,1.200000000,0.473740014
1784881968.093582392,14.510000128,7.901905355,-0.362769160,1.200000000,0.472581735
1784881968.103582382,14.520000128,7.906200938,-0.360301987,1.200000000,0.471400296
1784881968.113582373,14.530000128,7.910484703,-0.357842475,1.200000000,0.470195684
1784881968.123582363,14.540000128,7.914756603,-0.355390674,1.200000000,0.468967882
1784881968.133582354,14.550000128,7.919016590,-0.352946635,1.200000000,0.467716875
1784881968.143582344,14.560000128,7.923264613,-0.350510411,1.200000000,0.466442650
1784881968.153582335,14.570000128,7.927500616,-0.348082055,1.200000000,0.465145190
1784881968.163582325,14.580000128,7.931724539,-0.345661622,1.200000000,0.463824482
1784881968.173582315,14.590000128,7.935936319,-0.343249168,1.200000000,0.462480509
1784881968.183582306,14.600000128,7.940135890,-0.340844752,1.200000000,0.461113258
1784881968.193582296,14.610000128,7.944323179,-0.338448432,1.200000000,0.459722712
1784881968.203582287,14.620000128,7.948498112,-0.336060270,1.200000000,0.458308858
1784881968.213582277,14.630000128,7.952660609,-0.333680329,1.200000000,0.456871680
1784881968.223582268,14.640000128,7.956810586,-0.331308671,1.200000000,0.455411163
1784881968.233582258,14.650000128,7.960947953,-0.328945364,1.200000000,0.453927292
1784881968.243582249,14.660000128,7.965072618,-0.326590476,1.200000000,0.452420053
1784881968.253582239,14.670000128,7.969184481,-0.324244076,1.200000000,0.450889429
1784881968.263582230,14.680000128,7.973283440,-0.321906236,1.200000000,0.449335407
1784881968.273582220,14.690000128,7.977369386,-0.319577030,1.200000000,0.447757972
1784881968.283582211,14.700000128,7.981442206,-0.317256534,1.200000000,0.446157108
1784881968.293582201,14.710000128,7.985501779,-0.314944827,1.200000000,0.444532800
1784881968.303582191,14.720000128,7.989547982,-0.312641989,1.200000000,0.442885034
1784881968.313582182,14.730000128,7.993580683,-0.310348103,1.200000000,0.441213794
1784881968.323582172,14.740000128,7.997599747,-0.308063254,1.200000000,0.439519066
1784881968.333582401,14.750000128,8.001605032,-0.305787530,1.200000000,0.437800835
1784881968.343582392,14.760000128,8.005596389,-0.303521023,1.200000000,0.436059085
1784881968.353582382,14.770000128,8.009573664,-0.301263825,1.200000000,0.434293802
1784881968.363582373,14.780000128,8.013536695,-0.299016031,1.200000000,0.432504971
1784881968.373582363,14.790000128,8.017485315,-0.296777742,1.200000000,0.430692576
1784881968.383582354,14.800000128,8.021419349,-0.294549058,1.200000000,0.428856604
1784881968.393582344,14.810000128,8.025338617,-0.292330085,1.200000000,0.426997038
1784881968.403582335,14.820000128,8.029242930,-0.290120930,1.200000000,0.425113864
1784881968.413582325,14.830000128,8.033132093,-0.287921705,1.200000000,0.423207067
1784881968.423582315,14.840000128,8.037005902,-0.285732523,1.200000000,0.421276632
1784881968.433582306,14.850000128,8.040864148,-0.283553503,1.200000000,0.419322544
1784881968.443582296,14.860000128,8.044706612,-0.281384766,1.200000000,0.417344788
1784881968.453582287,14.870000128,8.048533068,-0.279226436,1.200000000,0.415343349
1784881968.463582277,14.880000128,8.052343283,-0.277078642,1.200000000,0.413318212
1784881968.473582268,14.890000128,8.056137013,-0.274941515,1.200000000,0.411269362
1784881968.483582258,14.900000128,8.059914009,-0.272815192,1.200000000,0.409196785
1784881968.493582249,14.910000128,8.063674012,-0.270699813,1.200000000,0.407100464
1784881968.503582239,14.920000128,8.067416753,-0.268595521,1.200000000,0.404980387
1784881968.513582230,14.930000128,8.071141956,-0.266502464,1.200000000,0.402836536
1784881968.523582220,14.940000128,8.074849335,-0.264420795,1.200000000,0.400668898
1784881968.533582211,14.950000128,8.078538594,-0.262350669,1.200000000,0.398477420
1784881968.543582201,14.960000128,8.082209430,-0.260292247,1.200000000,0.396261601
1784881968.553582191,14.970000128,8.085861527,-0.258245696,1.200000000,0.394020643
1784881968.563582182,14.980000128,8.089494562,-0.256211185,1.200000000,0.391753740
1784881968.573582172,14.990000128,8.093108201,-0.254188888,1.200000000,0.389460087
1784881968.583582401,15.000000128,8.096702099,-0.252178984,1.200000000,0.387138882
1784881968.593582392,15.010000128,8.100275901,-0.250181660,1.200000000,0.384789318
1784881968.603582382,15.020000128,8.103829243,-0.248197102,1.200000000,0.382410592
1784881968.613582373,15.030000128,8.107361748,-0.246225507,1.200000000,0.380001898
1784881968.623582363,15.040000128,8.110873030,-0.244267073,1.200000000,0.377562432
1784881968.633582354,15.050000128,8.114362690,-0.242322006,1.200000000,0.375091390
1784881968.643582344,15.060000128,8.117830319,-0.240390516,1.200000000,0.372587968
1784881968.653582335,15.070000128,8.121275498,-0.238472817,1.200000000,0.370051359
1784881968.663582325,15.080000128,8.124697795,-0.236569132,1.200000000,0.367480761
1784881968.673582315,15.090000128,8.128096767,-0.234679686,1.200000000,0.364875368
1784881968.683582306,15.100000128,8.131471958,-0.232804712,1.200000000,0.362234376
1784881968.693582296,15.110000128,8.134822904,-0.230944447,1.200000000,0.359556980
1784881968.703582287,15.120000128,8.138149126,-0.229099134,1.200000000,0.356842375
1784881968.713582277,15.130000128,8.141450136,-0.227269022,1.200000000,0.354089758
1784881968.723582268,15.140000128,8.144725433,-0.225454364,1.200000000,0.351298324
1784881968.733582258,15.150000128,8.147974505,-0.223655421,1.200000000,0.348467267
1784881968.743582249,15.160000128,8.151196830,-0.221872456,1.200000000,0.345595784
1784881968.753582239,15.170000128,8.154391871,-0.220105742,1.200000000,0.342683070
1784881968.763582230,15.180000128,8.157559086,-0.218355552,1.200000000,0.339728320
1784881968.773582220,15.190000128,8.160697917,-0.216622169,1.200000000,0.336730730
1784881968.783582211,15.200000128,8.163807797,-0.214905877,1.200000000,0.333689496
1784881968.793582201,15.210000128,8.166888152,-0.213206967,1.200000000,0.330603812
1784881968.803582191,15.220000128,8.169938393,-0.211525735,1.200000000,0.327472874
1784881968.813582182,15.230000128,8.172957925,-0.209862481,1.200000000,0.324295877
1784881968.823582172,15.240000128,8.175946143,-0.208217508,1.200000000,0.321072018
1784881968.833582401,15.250000128,8.178902433,-0.206591125,1.200000000,0.317800491
1784881968.843582392,15.260000128,8.181826174,-0.204983644,1.200000000,0.314480492
1784881968.853582382,15.270000128,8.184716737,-0.203395381,1.200000000,0.311111216
1784881968.863582373,15.280000128,8.187573485,-0.201826654,1.200000000,0.307691859
1784881968.873582363,15.290000128,8.190395776,-0.200277784,1.200000000,0.304221616
1784881968.883582354,15.300000128,8.193182964,-0.198749095,1.200000000,0.300699683
1784881968.893582344,15.310000128,8.195934396,-0.197240914,1.200000000,0.297125254
1784881968.903582335,15.320000128,8.198649415,-0.195753567,1.200000000,0.293497527
1784881968.913582325,15.330000128,8.201327364,-0.194287383,1.200000000,0.289815695
1784881968.923582315,15.340000128,8.203967582,-0.192842691,1.200000000,0.286078955
1784881968.933582306,15.350000128,8.206569408,-0.191419819,1.200000000,0.282286501
1784881968.943582296,15.360000128,8.209132180,-0.190019098,1.200000000,0.278437530
1784881968.953582287,15.370000128,8.211655240,-0.188640852,1.200000000,0.274531237
1784881968.963582277,15.380000128,8.214137930,-0.187285409,1.200000000,0.270566816
1784881968.973582268,15.390000128,8.216579598,-0.185953091,1.200000000,0.266543465
1784881968.983582258,15.400000128,8.218979598,-0.184644217,1.200000000,0.262460377
1784881968.993582249,15.410000128,8.221337289,-0.183359103,1.200000000,0.258316749
1784881969.003582239,15.420000128,8.223652040,-0.182098059,1.200000000,0.254111775
1784881969.013582230,15.430000128,8.225923230,-0.180861391,1.200000000,0.249844652
1784881969.023582220,15.440000128,8.228150250,-0.179649396,1.200000000,0.245514575
1784881969.033582211,15.450000128,8.230332505,-0.178462366,1.200000000,0.241120739
1784881969.043582201,15.460000128,8.232469416,-0.177300582,1.200000000,0.236662340
1784881969.053582191,15.470000128,8.234560420,-0.176164316,1.200000000,0.232138573
1784881969.063582182,15.480000128,8.236604976,-0.175053831,1.200000000,0.227549050
1784881969.073582172,15.490000128,8.238602563,-0.173969377,1.200000000,0.222896699
1784881969.083582401,15.500000128,8.240552686,-0.172911189,1.200000000,0.218186040
1784881969.093582392,15.510000128,8.242454875,-0.171879492,1.200000000,0.213421599
1784881969.103582382,15.520000128,8.244308690,-0.170874491,1.200000000,0.208607904
1784881969.113582373,15.530000128,8.246113721,-0.169896378,1.200000000,0.203749484
1784881969.123582363,15.540000128,8.247869594,-0.168945325,1.200000000,0.198850865
1784881969.133582354,15.550000128,8.249575971,-0.168021484,1.200000000,0.193916576
1784881969.143582344,15.560000128,8.251232550,-0.167124989,1.200000000,0.188951144
1784881969.153582335,15.570000128,8.252839075,-0.166255948,1.200000000,0.183959096
1784881969.163582325,15.580000128,8.254395331,-0.165414449,1.200000000,0.178944962
1784881969.173582315,15.590000128,8.255901150,-0.164600553,1.200000000,0.173913267
1784881969.183582306,15.600000128,8.257356414,-0.163814298,1.200000000,0.168868541
1784881969.193582296,15.610000128,8.258761056,-0.163055691,1.200000000,0.163815310
1784881969.203582287,15.620000128,8.260115061,-0.162324714,1.200000000,0.158758103
1784881969.213582277,15.630000128,8.261418472,-0.161621318,1.200000000,0.153701446
1784881969.223582268,15.640000128,8.262671388,-0.160945423,1.200000000,0.148649869
1784881969.233582258,15.650000128,8.263873969,-0.160296919,1.200000000,0.143607898
1784881969.243582249,15.660000128,8.265026438,-0.159675662,1.200000000,0.138580061
1784881969.253582239,15.670000128,8.266129078,-0.159081475,1.200000000,0.133570887
1784881969.263582230,15.680000128,8.267182240,-0.158514146,1.200000000,0.128584902
1784881969.273582220,15.690000128,8.268186339,-0.157973430,1.200000000,0.123626634
1784881969.283582211,15.700000128,8.269141860,-0.157459044,1.200000000,0.118700611
1784881969.293582201,15.710000128,8.270049353,-0.156970672,1.200000000,0.113811361
1784881969.303582191,15.720000128,8.270909442,-0.156507960,1.200000000,0.108963412
1784881969.313582182,15.730000128,8.271722815,-0.156070515,1.200000000,0.104161291
1784881969.323582172,15.740000128,8.272490235,-0.155657913,1.200000000,0.099409526
1784881969.333582401,15.750000128,8.273212531,-0.155269688,1.200000000,0.094712644
1784881969.343582392,15.760000128,8.273890603,-0.154905340,1.200000000,0.090075173
1784881969.353582382,15.770000128,8.274525421,-0.154564332,1.200000000,0.085501642
1784881969.363582373,15.780000128,8.275118022,-0.154246092,1.200000000,0.080996577
1784881969.373582363,15.790000128,8.275669509,-0.153950014,1.200000000,0.076564507
1784881969.383582354,15.800000128,8.276181053,-0.153675455,1.200000000,0.072209959
1784881969.393582344,15.810000128,8.276653885,-0.153421740,1.200000000,0.067937461
1784881969.403582335,15.820000128,8.277089300,-0.153188165,1.200000000,0.063751540
1784881969.413582325,15.830000128,8.277488649,-0.152973991,1.200000000,0.059656725
1784881969.423582315,15.840000128,8.277853342,-0.152778453,1.200000000,0.055657542
1784881969.433582306,15.850000128,8.278184836,-0.152600758,1.200000000,0.051758520
1784881969.443582296,15.860000128,8.278484641,-0.152440089,1.200000000,0.047964187
1784881969.453582287,15.870000128,8.278754307,-0.152295606,1.200000000,0.044279070
1784881969.463582277,15.880000128,8.278995425,-0.152166447,1.200000000,0.040707696
1784881969.473582268,15.890000128,8.279209620,-0.152051737,1.200000000,0.037254594
1784881969.483582258,15.900000128,8.279398543,-0.151950583,1.200000000,0.033924291
1784881969.493582249,15.910000128,8.279563869,-0.151862083,1.200000000,0.030721316
1784881969.503582239,15.920000128,8.279707287,-0.151785327,1.200000000,0.027650194
1784881969.513582230,15.930000128,8.279830495,-0.151719401,1.200000000,0.024715455
1784881969.523582220,15.940000128,8.279935188,-0.151663392,1.200000000,0.021921626
1784881969.533582211,15.950000128,8.280023056,-0.151616395,1.200000000,0.019273235
1784881969.543582201,15.960000128,8.280095771,-0.151577509,1.200000000,0.016774810
1784881969.553582191,15.970000128,8.280154978,-0.151545854,1.200000000,0.014430877
1784881969.563582182,15.980000128,8.280202285,-0.151520566,1.200000000,0.012245966
1784881969.573582172,15.990000128,8.280239251,-0.151500808,1.200000000,0.010224603
1784881969.583582401,16.000000128,8.280267381,-0.151485777,1.200000000,0.008371316
1784881969.593582392,16.010000128,8.280288103,-0.151474706,1.200000000,0.006690633
1784881969.603582382,16.020000128,8.280302767,-0.151466872,1.200000000,0.005187082
1784881969.613582373,16.030000128,8.280312623,-0.151461608,1.200000000,0.003865190
1784881969.623582363,16.040000128,8.280318812,-0.151458304,1.200000000,0.002729486
1784881969.633582354,16.050000128,8.280322348,-0.151456416,1.200000000,0.001784496
1784881969.643582344,16.060000128,8.280324106,-0.151455477,1.200000000,0.001034749
1784881969.653582335,16.070000128,8.280324803,-0.151455105,1.200000000,0.000484772
1784881969.663582325,16.080000128,8.280324984,-0.151455009,1.200000000,0.000139093
1784881969.673582315,16.090000128,8.280325000,-0.151455000,1.200000000,0.000002240
1784881969.675029755,16.091447671,8.280325000,-0.151455000,1.200000000,0.000000000
