trajectory_index,trajectory_id,trajectory_stamp,point_index,t,x,y,z,yaw
0,2262,1784881126.997703075,0,0.000000407,-0.261959000,-0.006230000,1.200000000,-0.039639000
0,2262,1784881126.997703075,1,0.010000407,-0.261958995,-0.006229999,1.200000000,-0.039641703
0,2262,1784881126.997703075,2,0.020000407,-0.261958920,-0.006229988,1.200000000,-0.039649702
0,2262,1784881126.997703075,3,0.030000407,-0.261958598,-0.006229942,1.200000000,-0.039662833
0,2262,1784881126.997703075,4,0.040000407,-0.261957744,-0.006229818,1.200000000,-0.039680933
0,2262,1784881126.997703075,5,0.050000407,-0.261955971,-0.006229561,1.200000000,-0.039703836
0,2262,1784881126.997703075,6,0.060000407,-0.261952795,-0.006229101,1.200000000,-0.039731378
0,2262,1784881126.997703075,7,0.070000407,-0.261947643,-0.006228354,1.200000000,-0.039763397
0,2262,1784881126.997703075,8,0.080000407,-0.261939859,-0.006227226,1.200000000,-0.039799726
0,2262,1784881126.997703075,9,0.090000407,-0.261928711,-0.006225611,1.200000000,-0.039840203
0,2262,1784881126.997703075,10,0.100000407,-0.261913395,-0.006223392,1.200000000,-0.039884662
0,2262,1784881126.997703075,11,0.110000407,-0.261893040,-0.006220442,1.200000000,-0.039932941
0,2262,1784881126.997703075,12,0.120000407,-0.261866719,-0.006216628,1.200000000,-0.039984874
0,2262,1784881126.997703075,13,0.130000407,-0.261833446,-0.006211807,1.200000000,-0.040040297
0,2262,1784881126.997703075,14,0.140000407,-0.261792189,-0.006205829,1.200000000,-0.040099047
0,2262,1784881126.997703075,15,0.150000407,-0.261741869,-0.006198537,1.200000000,-0.040160959
0,2262,1784881126.997703075,16,0.160000407,-0.261681369,-0.006189771,1.200000000,-0.040225869
0,2262,1784881126.997703075,17,0.170000407,-0.261609535,-0.006179362,1.200000000,-0.040293612
0,2262,1784881126.997703075,18,0.180000407,-0.261525183,-0.006167140,1.200000000,-0.040364026
0,2262,1784881126.997703075,19,0.190000407,-0.261427102,-0.006152928,1.200000000,-0.040436944
0,2262,1784881126.997703075,20,0.200000407,-0.261314061,-0.006136549,1.200000000,-0.040512204
0,2262,1784881126.997703075,21,0.210000407,-0.261184807,-0.006117821,1.200000000,-0.040589642
0,2262,1784881126.997703075,22,0.220000407,-0.261038074,-0.006096560,1.200000000,-0.040669092
0,2262,1784881126.997703075,23,0.230000407,-0.260872584,-0.006072582,1.200000000,-0.040750391
0,2262,1784881126.997703075,24,0.240000407,-0.260687054,-0.006045701,1.200000000,-0.040833374
0,2262,1784881126.997703075,25,0.250000407,-0.260480192,-0.006015729,1.200000000,-0.040917878
0,2262,1784881126.997703075,26,0.260000407,-0.260250709,-0.005982481,1.200000000,-0.041003739
0,2262,1784881126.997703075,27,0.270000407,-0.259997316,-0.005945769,1.200000000,-0.041090791
0,2262,1784881126.997703075,28,0.280000407,-0.259718729,-0.005905407,1.200000000,-0.041178872
0,2262,1784881126.997703075,29,0.290000407,-0.259413671,-0.005861211,1.200000000,-0.041267816
0,2262,1784881126.997703075,30,0.300000407,-0.259080875,-0.005812997,1.200000000,-0.041357460
0,2262,1784881126.997703075,31,0.310000407,-0.258719088,-0.005760585,1.200000000,-0.041447639
0,2262,1784881126.997703075,32,0.320000407,-0.258327069,-0.005703794,1.200000000,-0.041538190
0,2262,1784881126.997703075,33,0.330000407,-0.257903596,-0.005642447,1.200000000,-0.041628948
0,2262,1784881126.997703075,34,0.340000407,-0.257447466,-0.005576372,1.200000000,-0.041719748
0,2262,1784881126.997703075,35,0.350000407,-0.256957496,-0.005505396,1.200000000,-0.041810428
0,2262,1784881126.997703075,36,0.360000407,-0.256432526,-0.005429352,1.200000000,-0.041900822
0,2262,1784881126.997703075,37,0.370000407,-0.255871423,-0.005348076,1.200000000,-0.041990767
0,2262,1784881126.997703075,38,0.380000407,-0.255273076,-0.005261409,1.200000000,-0.042080098
0,2262,1784881126.997703075,39,0.390000407,-0.254636403,-0.005169193,1.200000000,-0.042168651
0,2262,1784881126.997703075,40,0.400000407,-0.253960354,-0.005071277,1.200000000,-0.042256262
0,2262,1784881126.997703075,41,0.410000407,-0.253243904,-0.004967513,1.200000000,-0.042342766
0,2262,1784881126.997703075,42,0.420000407,-0.252486064,-0.004857759,1.200000000,-0.042428001
0,2262,1784881126.997703075,43,0.430000407,-0.251685874,-0.004741875,1.200000000,-0.042511801
0,2262,1784881126.997703075,44,0.440000407,-0.250842409,-0.004619730,1.200000000,-0.042594002
0,2262,1784881126.997703075,45,0.450000407,-0.249954778,-0.004491194,1.200000000,-0.042674440
0,2262,1784881126.997703075,46,0.460000407,-0.249022125,-0.004356145,1.200000000,-0.042752952
0,2262,1784881126.997703075,47,0.470000407,-0.248043628,-0.004214464,1.200000000,-0.042829372
0,2262,1784881126.997703075,48,0.480000407,-0.247018503,-0.004066038,1.200000000,-0.042903537
0,2262,1784881126.997703075,49,0.490000407,-0.245946003,-0.003910761,1.200000000,-0.042975282
0,2262,1784881126.997703075,50,0.500000407,-0.244825415,-0.003748530,1.200000000,-0.043044443
0,2262,1784881126.997703075,51,0.510000407,-0.243656066,-0.003579250,1.200000000,-0.043110857
0,2262,1784881126.997703075,52,0.520000407,-0.242437321,-0.003402828,1.200000000,-0.043174359
0,2262,1784881126.997703075,53,0.530000407,-0.241168580,-0.003219180,1.200000000,-0.043234784
0,2262,1784881126.997703075,54,0.540000407,-0.239849282,-0.003028225,1.200000000,-0.043291969
0,2262,1784881126.997703075,55,0.550000407,-0.238478906,-0.002829890,1.200000000,-0.043345749
0,2262,1784881126.997703075,56,0.560000407,-0.237056964,-0.002624105,1.200000000,-0.043395961
0,2262,1784881126.997703075,57,0.570000407,-0.235583011,-0.002410808,1.200000000,-0.043442440
0,2262,1784881126.997703075,58,0.580000407,-0.234056635,-0.002189940,1.200000000,-0.043485022
0,2262,1784881126.997703075,59,0.590000407,-0.232477464,-0.001961450,1.200000000,-0.043523543
0,2262,1784881126.997703075,60,0.600000407,-0.230845162,-0.001725290,1.200000000,-0.043557838
0,2262,1784881126.997703075,61,0.610000407,-0.229159428,-0.001481419,1.200000000,-0.043587744
0,2262,1784881126.997703075,62,0.620000407,-0.227420000,-0.001229801,1.200000000,-0.043613096
0,2262,1784881126.997703075,63,0.630000407,-0.225626650,-0.000970405,1.200000000,-0.043633730
0,2262,1784881126.997703075,64,0.640000407,-0.223779184,-0.000703205,1.200000000,-0.043649482
0,2262,1784881126.997703075,65,0.650000407,-0.221877446,-0.000428180,1.200000000,-0.043660188
0,2262,1784881126.997703075,66,0.660000407,-0.219921310,-0.000145315,1.200000000,-0.043665684
0,2262,1784881126.997703075,67,0.670000407,-0.217910686,0.000145400,1.200000000,-0.043665805
0,2262,1784881126.997703075,68,0.680000407,-0.215845516,0.000443973,1.200000000,-0.043660387
0,2262,1784881126.997703075,69,0.690000407,-0.213725774,0.000750403,1.200000000,-0.043649267
0,2262,1784881126.997703075,70,0.700000407,-0.211551466,0.001064688,1.200000000,-0.043632279
0,2262,1784881126.997703075,71,0.710000407,-0.209322626,0.001386819,1.200000000,-0.043609260
0,2262,1784881126.997703075,72,0.720000407,-0.207039321,0.001716784,1.200000000,-0.043580046
0,2262,1784881126.997703075,73,0.730000407,-0.204701645,0.002054567,1.200000000,-0.043544473
0,2262,1784881126.997703075,74,0.740000407,-0.202309721,0.002400146,1.200000000,-0.043502375
0,2262,1784881126.997703075,75,0.750000407,-0.199863698,0.002753497,1.200000000,-0.043453590
0,2262,1784881126.997703075,76,0.760000407,-0.197363752,0.003114590,1.200000000,-0.043397953
0,2262,1784881126.997703075,77,0.770000407,-0.194810085,0.003483394,1.200000000,-0.043335299
0,2262,1784881126.997703075,78,0.780000407,-0.192202923,0.003859871,1.200000000,-0.043265465
0,2262,1784881126.997703075,79,0.790000407,-0.189542516,0.004243983,1.200000000,-0.043188287
0,2262,1784881126.997703075,80,0.800000407,-0.186829138,0.004635685,1.200000000,-0.043103600
0,2262,1784881126.997703075,81,0.810000407,-0.184063082,0.005034932,1.200000000,-0.043011240
0,2262,1784881126.997703075,82,0.820000407,-0.181244665,0.005441673,1.200000000,-0.042911043
0,2262,1784881126.997703075,83,0.830000407,-0.178374222,0.005855857,1.200000000,-0.042802845
0,2262,1784881126.997703075,84,0.840000407,-0.175452109,0.006277427,1.200000000,-0.042686481
0,2262,1784881126.997703075,85,0.850000407,-0.172478700,0.006706325,1.200000000,-0.042561790
0,2262,1784881126.997703075,86,0.860000407,-0.169454385,0.007142490,1.200000000,-0.042428707
0,2262,1784881126.997703075,87,0.870000407,-0.166379574,0.007585858,1.200000000,-0.042287323
0,2262,1784881126.997703075,88,0.880000407,-0.163254688,0.008036365,1.200000000,-0.042137743
0,2262,1784881126.997703075,89,0.890000407,-0.160080168,0.008493941,1.200000000,-0.041980070
0,2262,1784881126.997703075,90,0.900000407,-0.156856466,0.008958516,1.200000000,-0.041814409
0,2262,1784881126.997703075,91,0.910000407,-0.153584050,0.009430018,1.200000000,-0.041640863
0,2262,1784881126.997703075,92,0.920000407,-0.150263397,0.009908372,1.200000000,-0.041459537
0,2262,1784881126.997703075,93,0.930000407,-0.146894999,0.010393503,1.200000000,-0.041270535
0,2262,1784881126.997703075,94,0.940000407,-0.143479360,0.010885332,1.200000000,-0.041073961
0,2262,1784881126.997703075,95,0.950000407,-0.140016991,0.011383781,1.200000000,-0.040869919
0,2262,1784881126.997703075,96,0.960000407,-0.136508415,0.011888767,1.200000000,-0.040658513
0,2262,1784881126.997703075,97,0.970000407,-0.132954165,0.012400209,1.200000000,-0.040439848
0,2262,1784881126.997703075,98,0.980000407,-0.129354779,0.012918023,1.200000000,-0.040214026
0,2262,1784881126.997703075,99,0.990000407,-0.125710807,0.013442124,1.200000000,-0.039981153
0,2262,1784881126.997703075,100,1.000000407,-0.122022804,0.013972426,1.200000000,-0.039741332
0,2262,1784881126.997703075,101,1.010000407,-0.118291330,0.014508842,1.200000000,-0.039494668
0,2262,1784881126.997703075,102,1.020000407,-0.114516954,0.015051283,1.200000000,-0.039241265
0,2262,1784881126.997703075,103,1.030000407,-0.110700248,0.015599662,1.200000000,-0.038981226
0,2262,1784881126.997703075,104,1.040000407,-0.106841789,0.016153889,1.200000000,-0.038714656
0,2262,1784881126.997703075,105,1.050000407,-0.102942159,0.016713873,1.200000000,-0.038441659
0,2262,1784881126.997703075,106,1.060000407,-0.099001944,0.017279523,1.200000000,-0.038162339
0,2262,1784881126.997703075,107,1.070000407,-0.095021730,0.017850749,1.200000000,-0.037876800
0,2262,1784881126.997703075,108,1.080000407,-0.091002110,0.018427458,1.200000000,-0.037585147
0,2262,1784881126.997703075,109,1.090000407,-0.086943674,0.019009558,1.200000000,-0.037287482
0,2262,1784881126.997703075,110,1.100000407,-0.082847018,0.019596957,1.200000000,-0.036983911
0,2262,1784881126.997703075,111,1.110000407,-0.078712736,0.020189562,1.200000000,-0.036674538
0,2262,1784881126.997703075,112,1.120000407,-0.074541423,0.020787281,1.200000000,-0.036359466
0,2262,1784881126.997703075,113,1.130000407,-0.070333675,0.021390021,1.200000000,-0.036038799
0,2262,1784881126.997703075,114,1.140000407,-0.066090088,0.021997689,1.200000000,-0.035712643
0,2262,1784881126.997703075,115,1.150000407,-0.061811254,0.022610192,1.200000000,-0.035381100
0,2262,1784881126.997703075,116,1.160000407,-0.057497768,0.023227438,1.200000000,-0.035044275
0,2262,1784881126.997703075,117,1.170000407,-0.053150219,0.023849334,1.200000000,-0.034702272
0,2262,1784881126.997703075,118,1.180000407,-0.048769198,0.024475789,1.200000000,-0.034355195
0,2262,1784881126.997703075,119,1.190000407,-0.044355290,0.025106710,1.200000000,-0.034003148
0,2262,1784881126.997703075,120,1.200000407,-0.039909080,0.025742007,1.200000000,-0.033646236
0,2262,1784881126.997703075,121,1.210000407,-0.035431147,0.026381588,1.200000000,-0.033284562
0,2262,1784881126.997703075,122,1.220000407,-0.030922069,0.027025363,1.200000000,-0.032918230
0,2262,1784881126.997703075,123,1.230000407,-0.026382419,0.027673242,1.200000000,-0.032547345
0,2262,1784881126.997703075,124,1.240000407,-0.021812765,0.028325135,1.200000000,-0.032172011
0,2262,1784881126.997703075,125,1.250000407,-0.017213671,0.028980955,1.200000000,-0.031792331
0,2262,1784881126.997703075,126,1.260000407,-0.012585697,0.029640613,1.200000000,-0.031408410
0,2262,1784881126.997703075,127,1.270000407,-0.007929396,0.030304021,1.200000000,-0.031020352
0,2262,1784881126.997703075,128,1.280000407,-0.003245317,0.030971094,1.200000000,-0.030628261
0,2262,1784881126.997703075,129,1.290000407,0.001465996,0.031641746,1.200000000,-0.030232241
0,2262,1784881126.997703075,130,1.300000407,0.006204008,0.032315892,1.200000000,-0.029832396
0,2262,1784881126.997703075,131,1.310000407,0.010968187,0.032993448,1.200000000,-0.029428831
0,2262,1784881126.997703075,132,1.320000407,0.015758009,0.033674331,1.200000000,-0.029021649
0,2262,1784881126.997703075,133,1.330000407,0.020572957,0.034358460,1.200000000,-0.028610954
0,2262,1784881126.997703075,134,1.340000407,0.025412521,0.035045753,1.200000000,-0.028196851
0,2262,1784881126.997703075,135,1.350000407,0.030276197,0.035736131,1.200000000,-0.027779443
0,2262,1784881126.997703075,136,1.360000407,0.035163489,0.036429514,1.200000000,-0.027358835
0,2262,1784881126.997703075,137,1.370000407,0.040073908,0.037125826,1.200000000,-0.026935131
0,2262,1784881126.997703075,138,1.380000407,0.045006974,0.037824990,1.200000000,-0.026508435
0,2262,1784881126.997703075,139,1.390000407,0.049962213,0.038526930,1.200000000,-0.026078851
0,2262,1784881126.997703075,140,1.400000407,0.054939162,0.039231573,1.200000000,-0.025646482
0,2262,1784881126.997703075,141,1.410000407,0.059937362,0.039938845,1.200000000,-0.025211434
0,2262,1784881126.997703075,142,1.420000407,0.064956367,0.040648675,1.200000000,-0.024773811
0,2262,1784881126.997703075,143,1.430000407,0.069995735,0.041360992,1.200000000,-0.024333715
0,2262,1784881126.997703075,144,1.440000407,0.075055036,0.042075728,1.200000000,-0.023891252
0,2262,1784881126.997703075,145,1.450000407,0.080133847,0.042792814,1.200000000,-0.023446526
0,2262,1784881126.997703075,146,1.460000407,0.085231753,0.043512184,1.200000000,-0.022999640
0,2262,1784881126.997703075,147,1.470000407,0.090348351,0.044233774,1.200000000,-0.022550699
0,2262,1784881126.997703075,148,1.480000407,0.095483244,0.044957518,1.200000000,-0.022099806
0,2262,1784881126.997703075,149,1.490000407,0.100636045,0.045683356,1.200000000,-0.021647067
0,2262,1784881126.997703075,150,1.500000407,0.105806377,0.046411226,1.200000000,-0.021192584
0,2262,1784881126.997703075,151,1.510000407,0.110993871,0.047141069,1.200000000,-0.020736463
0,2262,1784881126.997703075,152,1.520000407,0.116198167,0.047872826,1.200000000,-0.020278807
0,2262,1784881126.997703075,153,1.530000407,0.121418915,0.048606441,1.200000000,-0.019819720
0,2262,1784881126.997703075,154,1.540000407,0.126655776,0.049341859,1.200000000,-0.019359306
0,2262,1784881126.997703075,155,1.550000407,0.131908417,0.050079026,1.200000000,-0.018897669
0,2262,1784881126.997703075,156,1.560000407,0.137176517,0.050817889,1.200000000,-0.018434915
0,2262,1784881126.997703075,157,1.570000407,0.142459763,0.051558399,1.200000000,-0.017971145
0,2262,1784881126.997703075,158,1.580000407,0.147757852,0.052300504,1.200000000,-0.017506466
0,2262,1784881126.997703075,159,1.590000407,0.153070491,0.053044159,1.200000000,-0.017040980
0,2262,1784881126.997703075,160,1.600000407,0.158397395,0.053789315,1.200000000,-0.016574792
0,2262,1784881126.997703075,161,1.610000407,0.163738289,0.054535929,1.200000000,-0.016108006
0,2262,1784881126.997703075,162,1.620000407,0.169092909,0.055283956,1.200000000,-0.015640727
0,2262,1784881126.997703075,163,1.630000407,0.174460997,0.056033356,1.200000000,-0.015173057
0,2262,1784881126.997703075,164,1.640000407,0.179842309,0.056784087,1.200000000,-0.014705101
0,2262,1784881126.997703075,165,1.650000407,0.185236605,0.057536110,1.200000000,-0.014236964
0,2262,1784881126.997703075,166,1.660000407,0.190643658,0.058289388,1.200000000,-0.013768749
0,2262,1784881126.997703075,167,1.670000407,0.196063249,0.059043885,1.200000000,-0.013300561
0,2262,1784881126.997703075,168,1.680000407,0.201495168,0.059799566,1.200000000,-0.012832504
0,2262,1784881126.997703075,169,1.690000407,0.206939215,0.060556398,1.200000000,-0.012364681
0,2262,1784881126.997703075,170,1.700000407,0.212395198,0.061314350,1.200000000,-0.011897196
0,2262,1784881126.997703075,171,1.710000407,0.217862935,0.062073391,1.200000000,-0.011430155
0,2262,1784881126.997703075,172,1.720000407,0.223342251,0.062833493,1.200000000,-0.010963661
0,2262,1784881126.997703075,173,1.730000407,0.228832981,0.063594628,1.200000000,-0.010497817
0,2262,1784881126.997703075,174,1.740000407,0.234334970,0.064356770,1.200000000,-0.010032729
0,2262,1784881126.997703075,175,1.750000407,0.239848070,0.065119895,1.200000000,-0.009568500
0,2262,1784881126.997703075,176,1.760000407,0.245372142,0.065883980,1.200000000,-0.009105234
0,2262,1784881126.997703075,177,1.770000407,0.250907054,0.066649002,1.200000000,-0.008643036
0,2262,1784881126.997703075,178,1.780000407,0.256452685,0.067414943,1.200000000,-0.008182009
0,2262,1784881126.997703075,179,1.790000407,0.262008921,0.068181782,1.200000000,-0.007722258
0,2262,1784881126.997703075,180,1.800000407,0.267575655,0.068949503,1.200000000,-0.007263887
0,2262,1784881126.997703075,181,1.810000407,0.273152789,0.069718089,1.200000000,-0.006806999
0,2262,1784881126.997703075,182,1.820000407,0.278740233,0.070487525,1.200000000,-0.006351699
0,2262,1784881126.997703075,183,1.830000407,0.284337905,0.071257797,1.200000000,-0.005898091
0,2262,1784881126.997703075,184,1.840000407,0.289945729,0.072028894,1.200000000,-0.005446279
0,2262,1784881126.997703075,185,1.850000407,0.295563639,0.072800803,1.200000000,-0.004996367
0,2262,1784881126.997703075,186,1.860000407,0.301191573,0.073573516,1.200000000,-0.004548460
0,2262,1784881126.997703075,187,1.870000407,0.306829480,0.074347024,1.200000000,-0.004102660
0,2262,1784881126.997703075,188,1.880000407,0.312477313,0.075121320,1.200000000,-0.003659073
0,2262,1784881126.997703075,189,1.890000407,0.318135032,0.075896397,1.200000000,-0.003217803
0,2262,1784881126.997703075,190,1.900000407,0.323802606,0.076672250,1.200000000,-0.002778953
0,2262,1784881126.997703075,191,1.910000407,0.329480010,0.077448876,1.200000000,-0.002342628
0,2262,1784881126.997703075,192,1.920000407,0.335167222,0.078226272,1.200000000,-0.001908932
0,2262,1784881126.997703075,193,1.930000407,0.340864231,0.079004437,1.200000000,-0.001477968
0,2262,1784881126.997703075,194,1.940000407,0.346571030,0.079783370,1.200000000,-0.001049841
0,2262,1784881126.997703075,195,1.950000407,0.352287617,0.080563071,1.200000000,-0.000624656
0,2262,1784881126.997703075,196,1.960000407,0.358013997,0.081343544,1.200000000,-0.000202515
0,2262,1784881126.997703075,197,1.970000407,0.363750181,0.082124790,1.200000000,0.000216476
0,2262,1784881126.997703075,198,1.980000407,0.369496184,0.082906813,1.200000000,0.000632214
0,2262,1784881126.997703075,199,1.990000407,0.375252028,0.083689618,1.200000000,0.001044595
0,2262,1784881126.997703075,200,2.000000407,0.381017738,0.084473210,1.200000000,0.001453514
0,2262,1784881126.997703075,201,2.010000407,0.386793345,0.085257598,1.200000000,0.001858867
0,2262,1784881126.997703075,202,2.020000407,0.392578886,0.086042787,1.200000000,0.002260551
0,2262,1784881126.997703075,203,2.030000407,0.398374400,0.086828786,1.200000000,0.002658462
0,2262,1784881126.997703075,204,2.040000407,0.404179933,0.087615606,1.200000000,0.003052494
0,2262,1784881126.997703075,205,2.050000407,0.409995532,0.088403255,1.200000000,0.003442544
0,2262,1784881126.997703075,206,2.060000407,0.415821252,0.089191746,1.200000000,0.003828509
0,2262,1784881126.997703075,207,2.070000407,0.421657149,0.089981089,1.200000000,0.004210283
0,2262,1784881126.997703075,208,2.080000407,0.427503283,0.090771298,1.200000000,0.004587763
0,2262,1784881126.997703075,209,2.090000407,0.433359718,0.091562386,1.200000000,0.004960845
0,2262,1784881126.997703075,210,2.100000407,0.439226521,0.092354366,1.200000000,0.005329424
0,2262,1784881126.997703075,211,2.110000407,0.445103762,0.093147254,1.200000000,0.005693397
0,2262,1784881126.997703075,212,2.120000407,0.450991515,0.093941065,1.200000000,0.006052660
0,2262,1784881126.997703075,213,2.130000407,0.456889856,0.094735814,1.200000000,0.006407107
0,2262,1784881126.997703075,214,2.140000407,0.462798863,0.095531520,1.200000000,0.006756636
0,2262,1784881126.997703075,215,2.150000407,0.468718617,0.096328198,1.200000000,0.007101143
0,2262,1784881126.997703075,216,2.160000407,0.474649200,0.097125866,1.200000000,0.007440522
0,2262,1784881126.997703075,217,2.170000407,0.480590699,0.097924544,1.200000000,0.007774670
0,2262,1784881126.997703075,218,2.180000407,0.486543199,0.098724248,1.200000000,0.008103483
0,2262,1784881126.997703075,219,2.190000407,0.492506789,0.099525000,1.200000000,0.008426857
0,2262,1784881126.997703075,220,2.200000407,0.498481560,0.100326819,1.200000000,0.008744688
0,2262,1784881126.997703075,221,2.210000407,0.504467601,0.101129724,1.200000000,0.009056871
0,2262,1784881126.997703075,222,2.220000407,0.510465007,0.101933736,1.200000000,0.009363303
0,2262,1784881126.997703075,223,2.230000407,0.516473869,0.102738876,1.200000000,0.009663880
0,2262,1784881126.997703075,224,2.240000407,0.522494283,0.103545166,1.200000000,0.009958496
0,2262,1784881126.997703075,225,2.250000407,0.528526341,0.104352627,1.200000000,0.010247049
0,2262,1784881126.997703075,226,2.260000407,0.534570141,0.105161281,1.200000000,0.010529435
0,2262,1784881126.997703075,227,2.270000407,0.540625776,0.105971150,1.200000000,0.010805548
0,2262,1784881126.997703075,228,2.280000407,0.546693342,0.106782255,1.200000000,0.011075285
0,2262,1784881126.997703075,229,2.290000407,0.552772934,0.107594621,1.200000000,0.011338542
0,2262,1784881126.997703075,230,2.300000407,0.558864648,0.108408270,1.200000000,0.011595215
0,2262,1784881126.997703075,231,2.310000407,0.564968577,0.109223224,1.200000000,0.011845200
0,2262,1784881126.997703075,232,2.320000407,0.571084816,0.110039507,1.200000000,0.012088392
0,2262,1784881126.997703075,233,2.330000407,0.577213458,0.110857141,1.200000000,0.012324688
0,2262,1784881126.997703075,234,2.340000407,0.583354596,0.111676151,1.200000000,0.012553984
0,2262,1784881126.997703075,235,2.350000407,0.589508320,0.112496558,1.200000000,0.012776174
0,2262,1784881126.997703075,236,2.360000407,0.595674721,0.113318388,1.200000000,0.012991156
0,2262,1784881126.997703075,237,2.370000407,0.601853888,0.114141663,1.200000000,0.013198826
0,2262,1784881126.997703075,238,2.380000407,0.608045907,0.114966406,1.200000000,0.013399078
0,2262,1784881126.997703075,239,2.390000407,0.614250865,0.115792641,1.200000000,0.013591809
0,2262,1784881126.997703075,240,2.400000407,0.620468846,0.116620391,1.200000000,0.013776915
0,2262,1784881126.997703075,241,2.410000407,0.626699932,0.117449679,1.200000000,0.013954293
0,2262,1784881126.997703075,242,2.420000407,0.632944203,0.118280528,1.200000000,0.014123855
0,2262,1784881126.997703075,243,2.430000407,0.639201737,0.119112962,1.200000000,0.014285648
0,2262,1784881126.997703075,244,2.440000407,0.645472610,0.119947003,1.200000000,0.014439768
0,2262,1784881126.997703075,245,2.450000407,0.651756896,0.120782673,1.200000000,0.014586312
0,2262,1784881126.997703075,246,2.460000407,0.658054665,0.121619996,1.200000000,0.014725379
0,2262,1784881126.997703075,247,2.470000407,0.664365986,0.122458994,1.200000000,0.014857066
0,2262,1784881126.997703075,248,2.480000407,0.670690924,0.123299688,1.200000000,0.014981470
0,2262,1784881126.997703075,249,2.490000407,0.677029544,0.124142100,1.200000000,0.015098690
0,2262,1784881126.997703075,250,2.500000407,0.683381904,0.124986253,1.200000000,0.015208823
0,2262,1784881126.997703075,251,2.510000407,0.689748063,0.125832166,1.200000000,0.015311966
0,2262,1784881126.997703075,252,2.520000407,0.696128074,0.126679862,1.200000000,0.015408218
0,2262,1784881126.997703075,253,2.530000407,0.702521989,0.127529361,1.200000000,0.015497675
0,2262,1784881126.997703075,254,2.540000407,0.708929856,0.128380683,1.200000000,0.015580436
0,2262,1784881126.997703075,255,2.550000407,0.715351719,0.129233848,1.200000000,0.015656597
0,2262,1784881126.997703075,256,2.560000407,0.721787619,0.130088876,1.200000000,0.015726258
0,2262,1784881126.997703075,257,2.570000407,0.728237595,0.130945786,1.200000000,0.015789515
0,2262,1784881126.997703075,258,2.580000407,0.734701681,0.131804597,1.200000000,0.015846466
0,2262,1784881126.997703075,259,2.590000407,0.741179907,0.132665327,1.200000000,0.015897208
0,2262,1784881126.997703075,260,2.600000407,0.747672302,0.133527994,1.200000000,0.015941840
0,2262,1784881126.997703075,261,2.610000407,0.754178889,0.134392616,1.200000000,0.015980458
0,2262,1784881126.997703075,262,2.620000407,0.760699688,0.135259210,1.200000000,0.016013161
0,2262,1784881126.997703075,263,2.630000407,0.767234716,0.136127793,1.200000000,0.016040046
0,2262,1784881126.997703075,264,2.640000407,0.773783984,0.136998380,1.200000000,0.016061211
0,2262,1784881126.997703075,265,2.650000407,0.780347502,0.137870988,1.200000000,0.016076754
0,2262,1784881126.997703075,266,2.660000407,0.786925274,0.138745632,1.200000000,0.016086771
0,2262,1784881126.997703075,267,2.670000407,0.793517301,0.139622325,1.200000000,0.016091361
0,2262,1784881126.997703075,268,2.680000407,0.800123580,0.140501083,1.200000000,0.016090621
0,2262,1784881126.997703075,269,2.690000407,0.806744105,0.141381918,1.200000000,0.016084649
0,2262,1784881126.997703075,270,2.700000407,0.813378864,0.142264845,1.200000000,0.016073543
0,2262,1784881126.997703075,271,2.710000407,0.820027843,0.143149874,1.200000000,0.016057399
0,2262,1784881126.997703075,272,2.720000407,0.826691022,0.144037019,1.200000000,0.016036317
0,2262,1784881126.997703075,273,2.730000407,0.833368378,0.144926290,1.200000000,0.016010393
0,2262,1784881126.997703075,274,2.740000407,0.840059885,0.145817698,1.200000000,0.015979725
0,2262,1784881126.997703075,275,2.750000407,0.846765511,0.146711253,1.200000000,0.015944411
0,2262,1784881126.997703075,276,2.760000407,0.853485222,0.147606965,1.200000000,0.015904548
0,2262,1784881126.997703075,277,2.770000407,0.860218977,0.148504842,1.200000000,0.015860234
0,2262,1784881126.997703075,278,2.780000407,0.866966735,0.149404892,1.200000000,0.015811567
0,2262,1784881126.997703075,279,2.790000407,0.873728446,0.150307124,1.200000000,0.015758644
0,2262,1784881126.997703075,280,2.800000407,0.880504060,0.151211544,1.200000000,0.015701562
0,2262,1784881126.997703075,281,2.810000407,0.887293522,0.152118158,1.200000000,0.015640420
0,2262,1784881126.997703075,282,2.820000407,0.894096771,0.153026972,1.200000000,0.015575316
0,2262,1784881126.997703075,283,2.830000407,0.900913744,0.153937990,1.200000000,0.015506346
0,2262,1784881126.997703075,284,2.840000407,0.907744374,0.154851218,1.200000000,0.015433608
0,2262,1784881126.997703075,285,2.850000407,0.914588588,0.155766659,1.200000000,0.015357200
0,2262,1784881126.997703075,286,2.860000407,0.921446312,0.156684314,1.200000000,0.015277220
0,2262,1784881126.997703075,287,2.870000407,0.928317465,0.157604188,1.200000000,0.015193766
0,2262,1784881126.997703075,288,2.880000407,0.935201963,0.158526280,1.200000000,0.015106934
0,2262,1784881126.997703075,289,2.890000407,0.942099720,0.159450593,1.200000000,0.015016823
0,2262,1784881126.997703075,290,2.900000407,0.949010644,0.160377125,1.200000000,0.014923529
0,2262,1784881126.997703075,291,2.910000407,0.955934639,0.161305876,1.200000000,0.014827152
0,2262,1784881126.997703075,292,2.920000407,0.962871607,0.162236845,1.200000000,0.014727788
0,2262,1784881126.997703075,293,2.930000407,0.969821443,0.163170030,1.200000000,0.014625535
0,2262,1784881126.997703075,294,2.940000407,0.976784042,0.164105428,1.200000000,0.014520491
0,2262,1784881126.997703075,295,2.950000407,0.983759294,0.165043035,1.200000000,0.014412753
0,2262,1784881126.997703075,296,2.960000407,0.990747083,0.165982847,1.200000000,0.014302419
0,2262,1784881126.997703075,297,2.970000407,0.997747291,0.166924859,1.200000000,0.014189586
0,2262,1784881126.997703075,298,2.980000407,1.004759799,0.167869065,1.200000000,0.014074353
0,2262,1784881126.997703075,299,2.990000407,1.011784479,0.168815458,1.200000000,0.013956816
0,2262,1784881126.997703075,300,3.000000407,1.018821205,0.169764032,1.200000000,0.013837074
0,2262,1784881126.997703075,301,3.010000407,1.025869843,0.170714778,1.200000000,0.013715224
0,2262,1784881126.997703075,302,3.020000407,1.032930259,0.171667687,1.200000000,0.013591364
0,2262,1784881126.997703075,303,3.030000407,1.040002312,0.172622750,1.200000000,0.013465591
0,2262,1784881126.997703075,304,3.040000407,1.047085863,0.173579957,1.200000000,0.013338004
0,2262,1784881126.997703075,305,3.050000407,1.054180763,0.174539296,1.200000000,0.013208698
0,2262,1784881126.997703075,306,3.060000407,1.061286866,0.175500756,1.200000000,0.013077773
0,2262,1784881126.997703075,307,3.070000407,1.068404020,0.176464324,1.200000000,0.012945326
0,2262,1784881126.997703075,308,3.080000407,1.075532069,0.177429987,1.200000000,0.012811454
0,2262,1784881126.997703075,309,3.090000407,1.082670855,0.178397730,1.200000000,0.012676256
0,2262,1784881126.997703075,310,3.100000407,1.089820218,0.179367539,1.200000000,0.012539828
0,2262,1784881126.997703075,311,3.110000407,1.096979994,0.180339398,1.200000000,0.012402269
0,2262,1784881126.997703075,312,3.120000407,1.104150016,0.181313291,1.200000000,0.012263675
0,2262,1784881126.997703075,313,3.130000407,1.111330115,0.182289200,1.200000000,0.012124146
0,2262,1784881126.997703075,314,3.140000407,1.118520118,0.183267109,1.200000000,0.011983777
0,2262,1784881126.997703075,315,3.150000407,1.125719852,0.184246997,1.200000000,0.011842668
0,2262,1784881126.997703075,316,3.160000407,1.132929138,0.185228846,1.200000000,0.011700915
0,2262,1784881126.997703075,317,3.170000407,1.140147797,0.186212635,1.200000000,0.011558616
0,2262,1784881126.997703075,318,3.180000407,1.147375646,0.187198344,1.200000000,0.011415869
0,2262,1784881126.997703075,319,3.190000407,1.154612501,0.188185951,1.200000000,0.011272772
0,2262,1784881126.997703075,320,3.200000407,1.161858176,0.189175433,1.200000000,0.011129421
0,2262,1784881126.997703075,321,3.210000407,1.169112481,0.190166767,1.200000000,0.010985916
0,2262,1784881126.997703075,322,3.220000407,1.176375224,0.191159930,1.200000000,0.010842352
0,2262,1784881126.997703075,323,3.230000407,1.183646213,0.192154896,1.200000000,0.010698829
0,2262,1784881126.997703075,324,3.240000407,1.190925252,0.193151641,1.200000000,0.010555443
0,2262,1784881126.997703075,325,3.250000407,1.198212145,0.194150138,1.200000000,0.010412292
0,2262,1784881126.997703075,326,3.260000407,1.205506692,0.195150359,1.200000000,0.010269474
0,2262,1784881126.997703075,327,3.270000407,1.212808692,0.196152279,1.200000000,0.010127087
0,2262,1784881126.997703075,328,3.280000407,1.220117944,0.197155867,1.200000000,0.009985228
0,2262,1784881126.997703075,329,3.290000407,1.227434243,0.198161096,1.200000000,0.009843995
0,2262,1784881126.997703075,330,3.300000407,1.234757384,0.199167935,1.200000000,0.009703484
0,2262,1784881126.997703075,331,3.310000407,1.242087160,0.200176353,1.200000000,0.009563795
0,2262,1784881126.997703075,332,3.320000407,1.249423363,0.201186320,1.200000000,0.009425025
0,2262,1784881126.997703075,333,3.330000407,1.256765783,0.202197804,1.200000000,0.009287271
0,2262,1784881126.997703075,334,3.340000407,1.264114210,0.203210771,1.200000000,0.009150631
0,2262,1784881126.997703075,335,3.350000407,1.271468433,0.204225189,1.200000000,0.009015202
0,2262,1784881126.997703075,336,3.360000407,1.278828238,0.205241024,1.200000000,0.008881082
0,2262,1784881126.997703075,337,3.370000407,1.286193411,0.206258240,1.200000000,0.008748370
0,2262,1784881126.997703075,338,3.380000407,1.293563739,0.207276802,1.200000000,0.008617161
0,2262,1784881126.997703075,339,3.390000407,1.300939007,0.208296674,1.200000000,0.008487555
0,2262,1784881126.997703075,340,3.400000407,1.308318998,0.209317819,1.200000000,0.008359648
0,2262,1784881126.997703075,341,3.410000407,1.315703495,0.210340199,1.200000000,0.008233539
0,2262,1784881126.997703075,342,3.420000407,1.323092283,0.211363777,1.200000000,0.008109325
0,2262,1784881126.997703075,343,3.430000407,1.330485143,0.212388514,1.200000000,0.007987103
0,2262,1784881126.997703075,344,3.440000407,1.337881859,0.213414369,1.200000000,0.007866971
0,2262,1784881126.997703075,345,3.450000407,1.345282211,0.214441303,1.200000000,0.007749028
0,2262,1784881126.997703075,346,3.460000407,1.352685982,0.215469275,1.200000000,0.007633370
0,2262,1784881126.997703075,347,3.470000407,1.360092953,0.216498243,1.200000000,0.007520094
0,2262,1784881126.997703075,348,3.480000407,1.367502908,0.217528166,1.200000000,0.007409300
0,2262,1784881126.997703075,349,3.490000407,1.374915626,0.218559000,1.200000000,0.007301084
0,2262,1784881126.997703075,350,3.500000407,1.382330891,0.219590702,1.200000000,0.007195544
0,2262,1784881126.997703075,351,3.510000407,1.389748484,0.220623228,1.200000000,0.007092777
0,2262,1784881126.997703075,352,3.520000407,1.397168189,0.221656533,1.200000000,0.006992882
0,2262,1784881126.997703075,353,3.530000407,1.404589789,0.222690573,1.200000000,0.006895956
0,2262,1784881126.997703075,354,3.540000407,1.412013066,0.223725300,1.200000000,0.006802096
0,2262,1784881126.997703075,355,3.550000407,1.419437806,0.224760669,1.200000000,0.006711400
0,2262,1784881126.997703075,356,3.560000407,1.426863792,0.225796632,1.200000000,0.006623966
0,2262,1784881126.997703075,357,3.570000407,1.434290811,0.226833143,1.200000000,0.006539892
0,2262,1784881126.997703075,358,3.580000407,1.441718649,0.227870152,1.200000000,0.006459274
0,2262,1784881126.997703075,359,3.590000407,1.449147093,0.228907610,1.200000000,0.006382212
0,2262,1784881126.997703075,360,3.600000407,1.456575931,0.229945469,1.200000000,0.006308801
0,2262,1784881126.997703075,361,3.610000407,1.464004952,0.230983678,1.200000000,0.006239141
0,2262,1784881126.997703075,362,3.620000407,1.471433947,0.232022187,1.200000000,0.006173328
0,2262,1784881126.997703075,363,3.630000407,1.478862708,0.233060944,1.200000000,0.006111460
0,2262,1784881126.997703075,364,3.640000407,1.486291027,0.234099898,1.200000000,0.006053635
0,2262,1784881126.997703075,365,3.650000407,1.493718699,0.235138997,1.200000000,0.005999950
0,2262,1784881126.997703075,366,3.660000407,1.501145519,0.236178187,1.200000000,0.005950504
0,2262,1784881126.997703075,367,3.670000407,1.508571284,0.237217417,1.200000000,0.005905393
0,2262,1784881126.997703075,368,3.680000407,1.515995793,0.238256631,1.200000000,0.005864716
0,2262,1784881126.997703075,369,3.690000407,1.523418846,0.239295776,1.200000000,0.005828569
0,2262,1784881126.997703075,370,3.700000407,1.530840245,0.240334796,1.200000000,0.005797051
0,2262,1784881126.997703075,371,3.710000407,1.538259795,0.241373637,1.200000000,0.005770260
0,2262,1784881126.997703075,372,3.720000407,1.545677299,0.242412243,1.200000000,0.005748292
0,2262,1784881126.997703075,373,3.730000407,1.553092567,0.243450556,1.200000000,0.005731246
0,2262,1784881126.997703075,374,3.740000407,1.560505408,0.244488521,1.200000000,0.005719219
0,2262,1784881126.997703075,375,3.750000407,1.567915632,0.245526080,1.200000000,0.005712308
0,2262,1784881126.997703075,376,3.760000407,1.575323055,0.246563176,1.200000000,0.005710612
0,2262,1784881126.997703075,377,3.770000407,1.582727490,0.247599749,1.200000000,0.005714228
0,2262,1784881126.997703075,378,3.780000407,1.590128756,0.248635743,1.200000000,0.005723254
0,2262,1784881126.997703075,379,3.790000407,1.597526674,0.249671096,1.200000000,0.005737787
0,2262,1784881126.997703075,380,3.800000407,1.604921065,0.250705750,1.200000000,0.005757925
0,2262,1784881126.997703075,381,3.810000407,1.612311755,0.251739645,1.200000000,0.005783765
0,2262,1784881126.997703075,382,3.820000407,1.619698571,0.252772720,1.200000000,0.005815406
0,2262,1784881126.997703075,383,3.830000407,1.627081342,0.253804914,1.200000000,0.005852944
0,2262,1784881126.997703075,384,3.840000407,1.634459901,0.254836167,1.200000000,0.005896478
0,2262,1784881126.997703075,385,3.850000407,1.641834082,0.255866416,1.200000000,0.005946033
0,2262,1784881126.997703075,386,3.860000407,1.649203722,0.256895599,1.200000000,0.006001477
0,2262,1784881126.997703075,387,3.870000407,1.656568663,0.257923653,1.200000000,0.006062658
0,2262,1784881126.997703075,388,3.880000407,1.663928746,0.258950517,1.200000000,0.006129421
0,2262,1784881126.997703075,389,3.890000407,1.671283816,0.259976125,1.200000000,0.006201614
0,2262,1784881126.997703075,390,3.900000407,1.678633722,0.261000416,1.200000000,0.006279082
0,2262,1784881126.997703075,391,3.910000407,1.685978315,0.262023324,1.200000000,0.006361672
0,2262,1784881126.997703075,392,3.920000407,1.693317449,0.263044785,1.200000000,0.006449231
0,2262,1784881126.997703075,393,3.930000407,1.700650980,0.264064735,1.200000000,0.006541604
0,2262,1784881126.997703075,394,3.940000407,1.707978768,0.265083108,1.200000000,0.006638640
0,2262,1784881126.997703075,395,3.950000407,1.715300674,0.266099838,1.200000000,0.006740184
0,2262,1784881126.997703075,396,3.960000407,1.722616565,0.267114860,1.200000000,0.006846082
0,2262,1784881126.997703075,397,3.970000407,1.729926309,0.268128108,1.200000000,0.006956182
0,2262,1784881126.997703075,398,3.980000407,1.737229777,0.269139514,1.200000000,0.007070330
0,2262,1784881126.997703075,399,3.990000407,1.744526844,0.270149012,1.200000000,0.007188372
0,2262,1784881126.997703075,400,4.000000407,1.751817386,0.271156536,1.200000000,0.007310154
0,2262,1784881126.997703075,401,4.010000407,1.759101285,0.272162016,1.200000000,0.007435524
0,2262,1784881126.997703075,402,4.020000407,1.766378424,0.273165386,1.200000000,0.007564328
0,2262,1784881126.997703075,403,4.030000407,1.773648689,0.274166577,1.200000000,0.007696412
0,2262,1784881126.997703075,404,4.040000407,1.780911970,0.275165520,1.200000000,0.007831623
0,2262,1784881126.997703075,405,4.050000407,1.788168159,0.276162148,1.200000000,0.007969807
0,2262,1784881126.997703075,406,4.060000407,1.795417154,0.277156390,1.200000000,0.008110811
0,2262,1784881126.997703075,407,4.070000407,1.802658852,0.278148178,1.200000000,0.008254482
0,2262,1784881126.997703075,408,4.080000407,1.809893157,0.279137441,1.200000000,0.008400666
0,2262,1784881126.997703075,409,4.090000407,1.817119972,0.280124111,1.200000000,0.008549209
0,2262,1784881126.997703075,410,4.100000407,1.824339208,0.281108116,1.200000000,0.008699958
0,2262,1784881126.997703075,411,4.110000407,1.831550775,0.282089387,1.200000000,0.008852759
0,2262,1784881126.997703075,412,4.120000407,1.838754588,0.283067851,1.200000000,0.009007460
0,2262,1784881126.997703075,413,4.130000407,1.845950566,0.284043440,1.200000000,0.009163906
0,2262,1784881126.997703075,414,4.140000407,1.853138628,0.285016081,1.200000000,0.009321943
0,2262,1784881126.997703075,415,4.150000407,1.860318701,0.285985702,1.200000000,0.009481420
0,2262,1784881126.997703075,416,4.160000407,1.867490710,0.286952233,1.200000000,0.009642182
0,2262,1784881126.997703075,417,4.170000407,1.874654587,0.287915601,1.200000000,0.009804075
0,2262,1784881126.997703075,418,4.180000407,1.881810266,0.288875734,1.200000000,0.009966946
0,2262,1784881126.997703075,419,4.190000407,1.888957683,0.289832559,1.200000000,0.010130642
0,2262,1784881126.997703075,420,4.200000407,1.896096778,0.290786004,1.200000000,0.010295009
0,2262,1784881126.997703075,421,4.210000407,1.903227494,0.291735997,1.200000000,0.010459894
0,2262,1784881126.997703075,422,4.220000407,1.910349778,0.292682463,1.200000000,0.010625143
0,2262,1784881126.997703075,423,4.230000407,1.917463579,0.293625330,1.200000000,0.010790602
0,2262,1784881126.997703075,424,4.240000407,1.924568850,0.294564524,1.200000000,0.010956119
0,2262,1784881126.997703075,425,4.250000407,1.931665545,0.295499972,1.200000000,0.011121539
0,2262,1784881126.997703075,426,4.260000407,1.938753624,0.296431600,1.200000000,0.011286710
0,2262,1784881126.997703075,427,4.270000407,1.945833048,0.297359334,1.200000000,0.011451478
0,2262,1784881126.997703075,428,4.280000407,1.952903781,0.298283099,1.200000000,0.011615688
0,2262,1784881126.997703075,429,4.290000407,1.959965792,0.299202821,1.200000000,0.011779189
0,2262,1784881126.997703075,430,4.300000407,1.967019051,0.300118425,1.200000000,0.011941826
0,2262,1784881126.997703075,431,4.310000407,1.974063532,0.301029838,1.200000000,0.012103445
0,2262,1784881126.997703075,432,4.320000407,1.981099210,0.301936983,1.200000000,0.012263894
0,2262,1784881126.997703075,433,4.330000407,1.988126067,0.302839786,1.200000000,0.012423019
0,2262,1784881126.997703075,434,4.340000407,1.995144083,0.303738172,1.200000000,0.012580666
0,2262,1784881126.997703075,435,4.350000407,2.002153245,0.304632065,1.200000000,0.012736682
0,2262,1784881126.997703075,436,4.360000407,2.009153540,0.305521390,1.200000000,0.012890914
0,2262,1784881126.997703075,437,4.370000407,2.016144959,0.306406071,1.200000000,0.013043207
0,2262,1784881126.997703075,438,4.380000407,2.023127497,0.307286032,1.200000000,0.013193409
0,2262,1784881126.997703075,439,4.390000407,2.030101149,0.308161198,1.200000000,0.013341366
0,2262,1784881126.997703075,440,4.400000407,2.037065915,0.309031492,1.200000000,0.013486925
0,2262,1784881126.997703075,441,4.410000407,2.044021798,0.309896838,1.200000000,0.013629931
0,2262,1784881126.997703075,442,4.420000407,2.050968801,0.310757161,1.200000000,0.013770232
0,2262,1784881126.997703075,443,4.430000407,2.057906931,0.311612383,1.200000000,0.013907674
0,2262,1784881126.997703075,444,4.440000407,2.064836200,0.312462428,1.200000000,0.014042103
0,2262,1784881126.997703075,445,4.450000407,2.071756619,0.313307219,1.200000000,0.014173366
0,2262,1784881126.997703075,446,4.460000407,2.078668204,0.314146681,1.200000000,0.014301311
0,2262,1784881126.997703075,447,4.470000407,2.085570972,0.314980735,1.200000000,0.014425782
0,2262,1784881126.997703075,448,4.480000407,2.092464944,0.315809306,1.200000000,0.014546626
0,2262,1784881126.997703075,449,4.490000407,2.099350141,0.316632316,1.200000000,0.014663691
0,2262,1784881126.997703075,450,4.500000407,2.106226590,0.317449688,1.200000000,0.014776823
0,2262,1784881126.997703075,451,4.510000407,2.113094317,0.318261345,1.200000000,0.014885868
0,2262,1784881126.997703075,452,4.520000407,2.119953352,0.319067210,1.200000000,0.014990672
0,2262,1784881126.997703075,453,4.530000407,2.126803727,0.319867206,1.200000000,0.015091083
0,2262,1784881126.997703075,454,4.540000407,2.133645477,0.320661255,1.200000000,0.015186946
0,2262,1784881126.997703075,455,4.550000407,2.140478637,0.321449280,1.200000000,0.015278108
0,2262,1784881126.997703075,456,4.560000407,2.147303248,0.322231203,1.200000000,0.015364417
0,2262,1784881126.997703075,457,4.570000407,2.154119349,0.323006947,1.200000000,0.015445717
0,2262,1784881126.997703075,458,4.580000407,2.160926984,0.323776435,1.200000000,0.015521857
0,2262,1784881126.997703075,459,4.590000407,2.167726198,0.324539589,1.200000000,0.015592681
0,2262,1784881126.997703075,460,4.600000407,2.174517037,0.325296331,1.200000000,0.015658038
0,2262,1784881126.997703075,461,4.610000407,2.181299552,0.326046584,1.200000000,0.015717773
0,2262,1784881126.997703075,462,4.620000407,2.188073792,0.326790270,1.200000000,0.015771732
0,2262,1784881126.997703075,463,4.630000407,2.194839811,0.327527311,1.200000000,0.015819763
0,2262,1784881126.997703075,464,4.640000407,2.201597664,0.328257630,1.200000000,0.015861712
0,2262,1784881126.997703075,465,4.650000407,2.208347407,0.328981149,1.200000000,0.015897426
0,2262,1784881126.997703075,466,4.660000407,2.215089099,0.329697790,1.200000000,0.015926750
0,2262,1784881126.997703075,467,4.670000407,2.221822799,0.330407475,1.200000000,0.015949532
0,2262,1784881126.997703075,468,4.680000407,2.228548570,0.331110128,1.200000000,0.015965617
0,2262,1784881126.997703075,469,4.690000407,2.235266475,0.331805669,1.200000000,0.015974854
0,2262,1784881126.997703075,470,4.700000407,2.241976578,0.332494021,1.200000000,0.015977087
0,2262,1784881126.997703075,471,4.710000407,2.248678947,0.333175107,1.200000000,0.015972163
0,2262,1784881126.997703075,472,4.720000407,2.255373649,0.333848848,1.200000000,0.015959930
0,2262,1784881126.997703075,473,4.730000407,2.262060754,0.334515168,1.200000000,0.015940233
0,2262,1784881126.997703075,474,4.740000407,2.268740333,0.335173988,1.200000000,0.015912920
0,2262,1784881126.997703075,475,4.750000407,2.275412457,0.335825231,1.200000000,0.015877835
0,2262,1784881126.997703075,476,4.760000407,2.282077201,0.336468819,1.200000000,0.015834827
0,2262,1784881126.997703075,477,4.770000407,2.288734639,0.337104675,1.200000000,0.015783742
0,2262,1784881126.997703075,478,4.780000407,2.295384848,0.337732721,1.200000000,0.015724426
0,2262,1784881126.997703075,479,4.790000407,2.302027904,0.338352879,1.200000000,0.015656725
0,2262,1784881126.997703075,480,4.800000407,2.308663886,0.338965073,1.200000000,0.015580486
0,2262,1784881126.997703075,481,4.810000407,2.315292873,0.339569224,1.200000000,0.015495557
0,2262,1784881126.997703075,482,4.820000407,2.321914945,0.340165256,1.200000000,0.015401782
0,2262,1784881126.997703075,483,4.830000407,2.328530185,0.340753091,1.200000000,0.015299009
0,2262,1784881126.997703075,484,4.840000407,2.335138673,0.341332652,1.200000000,0.015187084
0,2262,1784881126.997703075,485,4.850000407,2.341740494,0.341903861,1.200000000,0.015065855
0,2262,1784881126.997703075,486,4.860000407,2.348335732,0.342466643,1.200000000,0.014935166
0,2262,1784881126.997703075,487,4.870000407,2.354924470,0.343020919,1.200000000,0.014794865
0,2262,1784881126.997703075,488,4.880000407,2.361506796,0.343566614,1.200000000,0.014644798
0,2262,1784881126.997703075,489,4.890000407,2.368082794,0.344103649,1.200000000,0.014484813
0,2262,1784881126.997703075,490,4.900000407,2.374652552,0.344631949,1.200000000,0.014314754
0,2262,1784881126.997703075,491,4.910000407,2.381216158,0.345151436,1.200000000,0.014134470
0,2262,1784881126.997703075,492,4.920000407,2.387773699,0.345662035,1.200000000,0.013943806
0,2262,1784881126.997703075,493,4.930000407,2.394325264,0.346163669,1.200000000,0.013742608
0,2262,1784881126.997703075,494,4.940000407,2.400870942,0.346656261,1.200000000,0.013530724
0,2262,1784881126.997703075,495,4.950000407,2.407410822,0.347139735,1.200000000,0.013308000
0,2262,1784881126.997703075,496,4.960000407,2.413944994,0.347614016,1.200000000,0.013074283
0,2262,1784881126.997703075,497,4.970000407,2.420473547,0.348079027,1.200000000,0.012829418
0,2262,1784881126.997703075,498,4.980000407,2.426996574,0.348534693,1.200000000,0.012573253
0,2262,1784881126.997703075,499,4.990000407,2.433514163,0.348980937,1.200000000,0.012305634
0,2262,1784881126.997703075,500,5.000000407,2.440026406,0.349417685,1.200000000,0.012026407
0,2262,1784881126.997703075,501,5.010000407,2.446533393,0.349844860,1.200000000,0.011735420
0,2262,1784881126.997703075,502,5.020000407,2.453035215,0.350262388,1.200000000,0.011432518
0,2262,1784881126.997703075,503,5.030000407,2.459531964,0.350670194,1.200000000,0.011117548
0,2262,1784881126.997703075,504,5.040000407,2.466023729,0.351068202,1.200000000,0.010790356
0,2262,1784881126.997703075,505,5.050000407,2.472510603,0.351456337,1.200000000,0.010450790
0,2262,1784881126.997703075,506,5.060000407,2.478992676,0.351834525,1.200000000,0.010098695
0,2262,1784881126.997703075,507,5.070000407,2.485470038,0.352202692,1.200000000,0.009733919
0,2262,1784881126.997703075,508,5.080000407,2.491942781,0.352560763,1.200000000,0.009356307
0,2262,1784881126.997703075,509,5.090000407,2.498410993,0.352908664,1.200000000,0.008965706
0,2262,1784881126.997703075,510,5.100000407,2.504874766,0.353246321,1.200000000,0.008561963
0,2262,1784881126.997703075,511,5.110000407,2.511334188,0.353573661,1.200000000,0.008144924
0,2262,1784881126.997703075,512,5.120000407,2.517789350,0.353890609,1.200000000,0.007714436
0,2262,1784881126.997703075,513,5.130000407,2.524240340,0.354197092,1.200000000,0.007270345
0,2262,1784881126.997703075,514,5.140000407,2.530687246,0.354493037,1.200000000,0.006812498
0,2262,1784881126.997703075,515,5.150000407,2.537130157,0.354778372,1.200000000,0.006340741
0,2262,1784881126.997703075,516,5.160000407,2.543569160,0.355053022,1.200000000,0.005854921
0,2262,1784881126.997703075,517,5.170000407,2.550004342,0.355316917,1.200000000,0.005354884
0,2262,1784881126.997703075,518,5.180000407,2.556435790,0.355569982,1.200000000,0.004840477
0,2262,1784881126.997703075,519,5.190000407,2.562863588,0.355812147,1.200000000,0.004311546
0,2262,1784881126.997703075,520,5.200000407,2.569287823,0.356043339,1.200000000,0.003767938
0,2262,1784881126.997703075,521,5.210000407,2.575708578,0.356263487,1.200000000,0.003209500
0,2262,1784881126.997703075,522,5.220000407,2.582125938,0.356472519,1.200000000,0.002636077
0,2262,1784881126.997703075,523,5.230000407,2.588539984,0.356670364,1.200000000,0.002047517
0,2262,1784881126.997703075,524,5.240000407,2.594950799,0.356856951,1.200000000,0.001443666
0,2262,1784881126.997703075,525,5.250000407,2.601358465,0.357032210,1.200000000,0.000824370
0,2262,1784881126.997703075,526,5.260000407,2.607763061,0.357196069,1.200000000,0.000189476
0,2262,1784881126.997703075,527,5.270000407,2.614164666,0.357348458,1.200000000,-0.000461170
0,2262,1784881126.997703075,528,5.280000407,2.620563361,0.357489309,1.200000000,-0.001127720
0,2262,1784881126.997703075,529,5.290000407,2.626959221,0.357618550,1.200000000,-0.001810329
0,2262,1784881126.997703075,530,5.300000407,2.633352323,0.357736113,1.200000000,-0.002509150
0,2262,1784881126.997703075,531,5.310000407,2.639742744,0.357841929,1.200000000,-0.003224336
0,2262,1784881126.997703075,532,5.320000407,2.646130557,0.357935928,1.200000000,-0.003956041
0,2262,1784881126.997703075,533,5.330000407,2.652515835,0.358018043,1.200000000,-0.004704412
0,2262,1784881126.997703075,534,5.340000407,2.658898652,0.358088204,1.200000000,-0.005469456
0,2262,1784881126.997703075,535,5.350000407,2.665279077,0.358146345,1.200000000,-0.006251060
0,2262,1784881126.997703075,536,5.360000407,2.671657181,0.358192397,1.200000000,-0.007049104
0,2262,1784881126.997703075,537,5.370000407,2.678033033,0.358226293,1.200000000,-0.007863470
0,2262,1784881126.997703075,538,5.380000407,2.684406700,0.358247966,1.200000000,-0.008694040
0,2262,1784881126.997703075,539,5.390000407,2.690778249,0.358257349,1.200000000,-0.009540694
0,2262,1784881126.997703075,540,5.400000407,2.697147744,0.358254376,1.200000000,-0.010403314
0,2262,1784881126.997703075,541,5.410000407,2.703515250,0.358238981,1.200000000,-0.011281781
0,2262,1784881126.997703075,542,5.420000407,2.709880829,0.358211099,1.200000000,-0.012175977
0,2262,1784881126.997703075,543,5.430000407,2.716244542,0.358170663,1.200000000,-0.013085782
0,2262,1784881126.997703075,544,5.440000407,2.722606449,0.358117609,1.200000000,-0.014011078
0,2262,1784881126.997703075,545,5.450000407,2.728966608,0.358051873,1.200000000,-0.014951746
0,2262,1784881126.997703075,546,5.460000407,2.735325077,0.357973389,1.200000000,-0.015907668
0,2262,1784881126.997703075,547,5.470000407,2.741681912,0.357882094,1.200000000,-0.016878725
0,2262,1784881126.997703075,548,5.480000407,2.748037166,0.357777924,1.200000000,-0.017864798
0,2262,1784881126.997703075,549,5.490000407,2.754390894,0.357660817,1.200000000,-0.018865769
0,2262,1784881126.997703075,550,5.500000407,2.760743146,0.357530709,1.200000000,-0.019881518
0,2262,1784881126.997703075,551,5.510000407,2.767093973,0.357387538,1.200000000,-0.020911927
0,2262,1784881126.997703075,552,5.520000407,2.773443423,0.357231242,1.200000000,-0.021956878
0,2262,1784881126.997703075,553,5.530000407,2.779791544,0.357061759,1.200000000,-0.023016251
0,2262,1784881126.997703075,554,5.540000407,2.786138382,0.356879028,1.200000000,-0.024089928
0,2262,1784881126.997703075,555,5.550000407,2.792483980,0.356682988,1.200000000,-0.025177790
0,2262,1784881126.997703075,556,5.560000407,2.798828382,0.356473579,1.200000000,-0.026279719
0,2262,1784881126.997703075,557,5.570000407,2.805171630,0.356250741,1.200000000,-0.027395595
0,2262,1784881126.997703075,558,5.580000407,2.811513762,0.356014413,1.200000000,-0.028525301
0,2262,1784881126.997703075,559,5.590000407,2.817854818,0.355764537,1.200000000,-0.029668716
0,2262,1784881126.997703075,560,5.600000407,2.824194834,0.355501055,1.200000000,-0.030825724
0,2262,1784881126.997703075,561,5.610000407,2.830533847,0.355223907,1.200000000,-0.031996204
0,2262,1784881126.997703075,562,5.620000407,2.836871888,0.354933036,1.200000000,-0.033180039
0,2262,1784881126.997703075,563,5.630000407,2.843208992,0.354628385,1.200000000,-0.034377109
0,2262,1784881126.997703075,564,5.640000407,2.849545189,0.354309897,1.200000000,-0.035587296
0,2262,1784881126.997703075,565,5.650000407,2.855880508,0.353977514,1.200000000,-0.036810481
0,2262,1784881126.997703075,566,5.660000407,2.862214977,0.353631182,1.200000000,-0.038046545
0,2262,1784881126.997703075,567,5.670000407,2.868548622,0.353270844,1.200000000,-0.039295370
0,2262,1784881126.997703075,568,5.680000407,2.874881469,0.352896446,1.200000000,-0.040556837
0,2262,1784881126.997703075,569,5.690000407,2.881213540,0.352507932,1.200000000,-0.041830827
0,2262,1784881126.997703075,570,5.700000407,2.887544857,0.352105249,1.200000000,-0.043117221
0,2262,1784881126.997703075,571,5.710000407,2.893875440,0.351688344,1.200000000,-0.044415902
0,2262,1784881126.997703075,572,5.720000407,2.900205308,0.351257162,1.200000000,-0.045726749
0,2262,1784881126.997703075,573,5.730000407,2.906534478,0.350811652,1.200000000,-0.047049645
0,2262,1784881126.997703075,574,5.740000407,2.912862966,0.350351761,1.200000000,-0.048384471
0,2262,1784881126.997703075,575,5.750000407,2.919190786,0.349877438,1.200000000,-0.049731107
0,2262,1784881126.997703075,576,5.760000407,2.925517951,0.349388632,1.200000000,-0.051089436
0,2262,1784881126.997703075,577,5.770000407,2.931844472,0.348885292,1.200000000,-0.052459338
0,2262,1784881126.997703075,578,5.780000407,2.938170358,0.348367368,1.200000000,-0.053840695
0,2262,1784881126.997703075,579,5.790000407,2.944495617,0.347834810,1.200000000,-0.055233389
0,2262,1784881126.997703075,580,5.800000407,2.950820257,0.347287571,1.200000000,-0.056637299
0,2262,1784881126.997703075,581,5.810000407,2.957144283,0.346725600,1.200000000,-0.058052309
0,2262,1784881126.997703075,582,5.820000407,2.963467698,0.346148852,1.200000000,-0.059478298
0,2262,1784881126.997703075,583,5.830000407,2.969790505,0.345557277,1.200000000,-0.060915149
0,2262,1784881126.997703075,584,5.840000407,2.976112705,0.344950831,1.200000000,-0.062362742
0,2262,1784881126.997703075,585,5.850000407,2.982434297,0.344329466,1.200000000,-0.063820959
0,2262,1784881126.997703075,586,5.860000407,2.988755279,0.343693136,1.200000000,-0.065289681
0,2262,1784881126.997703075,587,5.870000407,2.995075648,0.343041798,1.200000000,-0.066768790
0,2262,1784881126.997703075,588,5.880000407,3.001395398,0.342375406,1.200000000,-0.068258167
0,2262,1784881126.997703075,589,5.890000407,3.007714525,0.341693918,1.200000000,-0.069757692
0,2262,1784881126.997703075,590,5.900000407,3.014033020,0.340997289,1.200000000,-0.071267248
0,2262,1784881126.997703075,591,5.910000407,3.020350874,0.340285476,1.200000000,-0.072786715
0,2262,1784881126.997703075,592,5.920000407,3.026668077,0.339558439,1.200000000,-0.074315975
0,2262,1784881126.997703075,593,5.930000407,3.032984618,0.338816136,1.200000000,-0.075854910
0,2262,1784881126.997703075,594,5.940000407,3.039300484,0.338058526,1.200000000,-0.077403400
0,2262,1784881126.997703075,595,5.950000407,3.045615659,0.337285568,1.200000000,-0.078961326
0,2262,1784881126.997703075,596,5.960000407,3.051930130,0.336497224,1.200000000,-0.080528571
0,2262,1784881126.997703075,597,5.970000407,3.058243878,0.335693455,1.200000000,-0.082105015
0,2262,1784881126.997703075,598,5.980000407,3.064556886,0.334874221,1.200000000,-0.083690539
0,2262,1784881126.997703075,599,5.990000407,3.070869135,0.334039487,1.200000000,-0.085285026
0,2262,1784881126.997703075,600,6.000000407,3.077180603,0.333189214,1.200000000,-0.086888356
0,2262,1784881126.997703075,601,6.010000407,3.083491270,0.332323366,1.200000000,-0.088500410
0,2262,1784881126.997703075,602,6.020000407,3.089801111,0.331441909,1.200000000,-0.090121070
0,2262,1784881126.997703075,603,6.030000407,3.096110103,0.330544807,1.200000000,-0.091750217
0,2262,1784881126.997703075,604,6.040000407,3.102418221,0.329632025,1.200000000,-0.093387732
0,2262,1784881126.997703075,605,6.050000407,3.108725438,0.328703530,1.200000000,-0.095033498
0,2262,1784881126.997703075,606,6.060000407,3.115031726,0.327759289,1.200000000,-0.096687394
0,2262,1784881126.997703075,607,6.070000407,3.121337057,0.326799271,1.200000000,-0.098349302
0,2262,1784881126.997703075,608,6.080000407,3.127641401,0.325823443,1.200000000,-0.100019104
0,2262,1784881126.997703075,609,6.090000407,3.133944726,0.324831774,1.200000000,-0.101696680
0,2262,1784881126.997703075,610,6.100000407,3.140247001,0.323824234,1.200000000,-0.103381913
0,2262,1784881126.997703075,611,6.110000407,3.146548192,0.322800795,1.200000000,-0.105074683
0,2262,1784881126.997703075,612,6.120000407,3.152848267,0.321761427,1.200000000,-0.106774872
0,2262,1784881126.997703075,613,6.130000407,3.159147189,0.320706102,1.200000000,-0.108482360
0,2262,1784881126.997703075,614,6.140000407,3.165444923,0.319634792,1.200000000,-0.110197030
0,2262,1784881126.997703075,615,6.150000407,3.171741431,0.318547472,1.200000000,-0.111918763
0,2262,1784881126.997703075,616,6.160000407,3.178036676,0.317444116,1.200000000,-0.113647439
0,2262,1784881126.997703075,617,6.170000407,3.184330620,0.316324697,1.200000000,-0.115382940
0,2262,1784881126.997703075,618,6.180000407,3.190623221,0.315189193,1.200000000,-0.117125148
0,2262,1784881126.997703075,619,6.190000407,3.196914440,0.314037579,1.200000000,-0.118873944
0,2262,1784881126.997703075,620,6.200000407,3.203204236,0.312869832,1.200000000,-0.120629208
0,2262,1784881126.997703075,621,6.210000407,3.209492565,0.311685930,1.200000000,-0.122390823
0,2262,1784881126.997703075,622,6.220000407,3.215779385,0.310485852,1.200000000,-0.124158669
0,2262,1784881126.997703075,623,6.230000407,3.222064653,0.309269578,1.200000000,-0.125932629
0,2262,1784881126.997703075,624,6.240000407,3.228348323,0.308037086,1.200000000,-0.127712582
0,2262,1784881126.997703075,625,6.250000407,3.234630350,0.306788359,1.200000000,-0.129498411
0,2262,1784881126.997703075,626,6.260000407,3.240910688,0.305523378,1.200000000,-0.131289996
0,2262,1784881126.997703075,627,6.270000407,3.247189291,0.304242125,1.200000000,-0.133087220
0,2262,1784881126.997703075,628,6.280000407,3.253466111,0.302944583,1.200000000,-0.134889963
0,2262,1784881126.997703075,629,6.290000407,3.259741100,0.301630737,1.200000000,-0.136698106
0,2262,1784881126.997703075,630,6.300000407,3.266014209,0.300300571,1.200000000,-0.138511532
0,2262,1784881126.997703075,631,6.310000407,3.272285390,0.298954071,1.200000000,-0.140330120
0,2262,1784881126.997703075,632,6.320000407,3.278554591,0.297591223,1.200000000,-0.142153753
0,2262,1784881126.997703075,633,6.330000407,3.284821764,0.296212014,1.200000000,-0.143982312
0,2262,1784881126.997703075,634,6.340000407,3.291086857,0.294816433,1.200000000,-0.145815678
0,2262,1784881126.997703075,635,6.350000407,3.297349818,0.293404468,1.200000000,-0.147653732
0,2262,1784881126.997703075,636,6.360000407,3.303610597,0.291976109,1.200000000,-0.149496356
0,2262,1784881126.997703075,637,6.370000407,3.309869140,0.290531346,1.200000000,-0.151343430
0,2262,1784881126.997703075,638,6.380000407,3.316125394,0.289070170,1.200000000,-0.153194837
0,2262,1784881126.997703075,639,6.390000407,3.322379308,0.287592574,1.200000000,-0.155050457
0,2262,1784881126.997703075,640,6.400000407,3.328630826,0.286098550,1.200000000,-0.156910172
0,2262,1784881126.997703075,641,6.410000407,3.334879896,0.284588092,1.200000000,-0.158773864
0,2262,1784881126.997703075,642,6.420000407,3.341126464,0.283061195,1.200000000,-0.160641412
0,2262,1784881126.997703075,643,6.430000407,3.347370474,0.281517853,1.200000000,-0.162512699
0,2262,1784881126.997703075,644,6.440000407,3.353611871,0.279958063,1.200000000,-0.164387606
0,2262,1784881126.997703075,645,6.450000407,3.359850602,0.278381823,1.200000000,-0.166266015
0,2262,1784881126.997703075,646,6.460000407,3.366086611,0.276789129,1.200000000,-0.168147806
0,2262,1784881126.997703075,647,6.470000407,3.372319841,0.275179981,1.200000000,-0.170032860
0,2262,1784881126.997703075,648,6.480000407,3.378550239,0.273554379,1.200000000,-0.171921060
0,2262,1784881126.997703075,649,6.490000407,3.384777747,0.271912322,1.200000000,-0.173812286
0,2262,1784881126.997703075,650,6.500000407,3.391002311,0.270253812,1.200000000,-0.175706420
0,2262,1784881126.997703075,651,6.510000407,3.397223873,0.268578851,1.200000000,-0.177603343
0,2262,1784881126.997703075,652,6.520000407,3.403442378,0.266887442,1.200000000,-0.179502936
0,2262,1784881126.997703075,653,6.530000407,3.409657771,0.265179590,1.200000000,-0.181405080
0,2262,1784881126.997703075,654,6.540000407,3.415869993,0.263455298,1.200000000,-0.183309658
0,2262,1784881126.997703075,655,6.550000407,3.422078991,0.261714572,1.200000000,-0.185216549
0,2262,1784881126.997703075,656,6.560000407,3.428284706,0.259957419,1.200000000,-0.187125636
0,2262,1784881126.997703075,657,6.570000407,3.434487084,0.258183847,1.200000000,-0.189036800
0,2262,1784881126.997703075,658,6.580000407,3.440686068,0.256393862,1.200000000,-0.190949921
0,2262,1784881126.997703075,659,6.590000407,3.446881603,0.254587476,1.200000000,-0.192864882
0,2262,1784881126.997703075,660,6.600000407,3.453073632,0.252764696,1.200000000,-0.194781563
0,2262,1784881126.997703075,661,6.610000407,3.459262099,0.250925535,1.200000000,-0.196699847
0,2262,1784881126.997703075,662,6.620000407,3.465446950,0.249070004,1.200000000,-0.198619613
0,2262,1784881126.997703075,663,6.630000407,3.471628129,0.247198115,1.200000000,-0.200540744
0,2262,1784881126.997703075,664,6.640000407,3.477805580,0.245309882,1.200000000,-0.202463121
0,2262,1784881126.997703075,665,6.650000407,3.483979249,0.243405320,1.200000000,-0.204386624
0,2262,1784881126.997703075,666,6.660000407,3.490149082,0.241484444,1.200000000,-0.206311136
0,2262,1784881126.997703075,667,6.670000407,3.496315023,0.239547270,1.200000000,-0.208236538
0,2262,1784881126.997703075,668,6.680000407,3.502477019,0.237593815,1.200000000,-0.210162710
0,2262,1784881126.997703075,669,6.690000407,3.508635016,0.235624097,1.200000000,-0.212089535
0,2262,1784881126.997703075,670,6.700000407,3.514788961,0.233638134,1.200000000,-0.214016893
0,2262,1784881126.997703075,671,6.710000407,3.520938800,0.231635948,1.200000000,-0.215944665
0,2262,1784881126.997703075,672,6.720000407,3.527084482,0.229617557,1.200000000,-0.217872734
0,2262,1784881126.997703075,673,6.730000407,3.533225953,0.227582985,1.200000000,-0.219800980
0,2262,1784881126.997703075,674,6.740000407,3.539363162,0.225532253,1.200000000,-0.221729285
0,2262,1784881126.997703075,675,6.750000407,3.545496058,0.223465384,1.200000000,-0.223657530
0,2262,1784881126.997703075,676,6.760000407,3.551624590,0.221382403,1.200000000,-0.225585596
0,2262,1784881126.997703075,677,6.770000407,3.557748707,0.219283336,1.200000000,-0.227513364
0,2262,1784881126.997703075,678,6.780000407,3.563868360,0.217168207,1.200000000,-0.229440716
0,2262,1784881126.997703075,679,6.790000407,3.569983499,0.215037045,1.200000000,-0.231367533
0,2262,1784881126.997703075,680,6.800000407,3.576094076,0.212889876,1.200000000,-0.233293697
0,2262,1784881126.997703075,681,6.810000407,3.582200042,0.210726730,1.200000000,-0.235219088
0,2262,1784881126.997703075,682,6.820000407,3.588301351,0.208547637,1.200000000,-0.237143588
0,2262,1784881126.997703075,683,6.830000407,3.594397954,0.206352626,1.200000000,-0.239067078
0,2262,1784881126.997703075,684,6.840000407,3.600489806,0.204141730,1.200000000,-0.240989440
0,2262,1784881126.997703075,685,6.850000407,3.606576860,0.201914981,1.200000000,-0.242910555
0,2262,1784881126.997703075,686,6.860000407,3.612659073,0.199672412,1.200000000,-0.244830303
0,2262,1784881126.997703075,687,6.870000407,3.618736400,0.197414057,1.200000000,-0.246748568
0,2262,1784881126.997703075,688,6.880000407,3.624808797,0.195139952,1.200000000,-0.248665228
0,2262,1784881126.997703075,689,6.890000407,3.630876221,0.192850132,1.200000000,-0.250580167
0,2262,1784881126.997703075,690,6.900000407,3.636938630,0.190544634,1.200000000,-0.252493265
0,2262,1784881126.997703075,691,6.910000407,3.642995983,0.188223497,1.200000000,-0.254404404
0,2262,1784881126.997703075,692,6.920000407,3.649048239,0.185886758,1.200000000,-0.256313464
0,2262,1784881126.997703075,693,6.930000407,3.655095359,0.183534458,1.200000000,-0.258220327
0,2262,1784881126.997703075,694,6.940000407,3.661137303,0.181166637,1.200000000,-0.260124875
0,2262,1784881126.997703075,695,6.950000407,3.667174034,0.178783336,1.200000000,-0.262026989
0,2262,1784881126.997703075,696,6.960000407,3.673205514,0.176384598,1.200000000,-0.263926550
0,2262,1784881126.997703075,697,6.970000407,3.679231706,0.173970466,1.200000000,-0.265823438
0,2262,1784881126.997703075,698,6.980000407,3.685252575,0.171540983,1.200000000,-0.267717537
0,2262,1784881126.997703075,699,6.990000407,3.691268086,0.169096196,1.200000000,-0.269608726
0,2262,1784881126.997703075,700,7.000000407,3.697278206,0.166636149,1.200000000,-0.271496887
0,2262,1784881126.997703075,701,7.010000407,3.703282900,0.164160890,1.200000000,-0.273381902
0,2262,1784881126.997703075,702,7.020000407,3.709282139,0.161670466,1.200000000,-0.275263653
0,2262,1784881126.997703075,703,7.030000407,3.715275889,0.159164926,1.200000000,-0.277142077
0,2262,1784881126.997703075,704,7.040000407,3.721264122,0.156644319,1.200000000,-0.279017171
0,2262,1784881126.997703075,705,7.050000407,3.727246808,0.154108696,1.200000000,-0.280888940
0,2262,1784881126.997703075,706,7.060000407,3.733223918,0.151558107,1.200000000,-0.282757387
0,2262,1784881126.997703075,707,7.070000407,3.739195425,0.148992606,1.200000000,-0.284622513
0,2262,1784881126.997703075,708,7.080000407,3.745161304,0.146412243,1.200000000,-0.286484322
0,2262,1784881126.997703075,709,7.090000407,3.751121528,0.143817075,1.200000000,-0.288342817
0,2262,1784881126.997703075,710,7.100000407,3.757076073,0.141207154,1.200000000,-0.290198001
0,2262,1784881126.997703075,711,7.110000407,3.763024917,0.138582537,1.200000000,-0.292049876
0,2262,1784881126.997703075,712,7.120000407,3.768968036,0.135943281,1.200000000,-0.293898446
0,2262,1784881126.997703075,713,7.130000407,3.774905410,0.133289441,1.200000000,-0.295743714
0,2262,1784881126.997703075,714,7.140000407,3.780837017,0.130621077,1.200000000,-0.297585682
0,2262,1784881126.997703075,715,7.150000407,3.786762840,0.127938248,1.200000000,-0.299424353
0,2262,1784881126.997703075,716,7.160000407,3.792682859,0.125241013,1.200000000,-0.301259730
0,2262,1784881126.997703075,717,7.170000407,3.798597057,0.122529433,1.200000000,-0.303091816
0,2262,1784881126.997703075,718,7.180000407,3.804505418,0.119803570,1.200000000,-0.304920615
0,2262,1784881126.997703075,719,7.190000407,3.810407928,0.117063486,1.200000000,-0.306746128
0,2262,1784881126.997703075,720,7.200000407,3.816304572,0.114309243,1.200000000,-0.308568359
0,2262,1784881126.997703075,721,7.210000407,3.822195337,0.111540907,1.200000000,-0.310387311
0,2262,1784881126.997703075,722,7.220000407,3.828080211,0.108758542,1.200000000,-0.312202986
0,2262,1784881126.997703075,723,7.230000407,3.833959183,0.105962213,1.200000000,-0.314015388
0,2262,1784881126.997703075,724,7.240000407,3.839832244,0.103151988,1.200000000,-0.315824519
0,2262,1784881126.997703075,725,7.250000407,3.845699385,0.100327933,1.200000000,-0.317630383
0,2262,1784881126.997703075,726,7.260000407,3.851560598,0.097490117,1.200000000,-0.319432981
0,2262,1784881126.997703075,727,7.270000407,3.857415876,0.094638609,1.200000000,-0.321232318
0,2262,1784881126.997703075,728,7.280000407,3.863265214,0.091773478,1.200000000,-0.323028396
0,2262,1784881126.997703075,729,7.290000407,3.869108608,0.088894795,1.200000000,-0.324821218
0,2262,1784881126.997703075,730,7.300000407,3.874946054,0.086002631,1.200000000,-0.326610786
0,2262,1784881126.997703075,731,7.310000407,3.880777550,0.083097058,1.200000000,-0.328397104
0,2262,1784881126.997703075,732,7.320000407,3.886603094,0.080178150,1.200000000,-0.330180175
0,2262,1784881126.997703075,733,7.330000407,3.892422687,0.077245980,1.200000000,-0.331960001
0,2262,1784881126.997703075,734,7.340000407,3.898236329,0.074300623,1.200000000,-0.333736586
0,2262,1784881126.997703075,735,7.350000407,3.904044022,0.071342153,1.200000000,-0.335509932
0,2262,1784881126.997703075,736,7.360000407,3.909845770,0.068370647,1.200000000,-0.337280042
0,2262,1784881126.997703075,737,7.370000407,3.915641576,0.065386182,1.200000000,-0.339046920
0,2262,1784881126.997703075,738,7.380000407,3.921431445,0.062388835,1.200000000,-0.340810567
0,2262,1784881126.997703075,739,7.390000407,3.927215384,0.059378684,1.200000000,-0.342570987
0,2262,1784881126.997703075,740,7.400000407,3.932993401,0.056355809,1.200000000,-0.344328183
0,2262,1784881126.997703075,741,7.410000407,3.938765502,0.053320289,1.200000000,-0.346082158
0,2262,1784881126.997703075,742,7.420000407,3.944531698,0.050272205,1.200000000,-0.347832915
0,2262,1784881126.997703075,743,7.430000407,3.950291999,0.047211638,1.200000000,-0.349580456
0,2262,1784881126.997703075,744,7.440000407,3.956046417,0.044138669,1.200000000,-0.351324784
0,2262,1784881126.997703075,745,7.450000407,3.961794964,0.041053383,1.200000000,-0.353065903
0,2262,1784881126.997703075,746,7.460000407,3.967537653,0.037955861,1.200000000,-0.354803815
0,2262,1784881126.997703075,747,7.470000407,3.973274499,0.034846188,1.200000000,-0.356538523
0,2262,1784881126.997703075,748,7.480000407,3.979005517,0.031724450,1.200000000,-0.358270030
0,2262,1784881126.997703075,749,7.490000407,3.984730724,0.028590730,1.200000000,-0.359998339
0,2262,1784881126.997703075,750,7.500000407,3.990450138,0.025445116,1.200000000,-0.361723453
0,2262,1784881126.997703075,751,7.510000407,3.996163777,0.022287695,1.200000000,-0.363445374
0,2262,1784881126.997703075,752,7.520000407,4.001871661,0.019118554,1.200000000,-0.365164107
0,2262,1784881126.997703075,753,7.530000407,4.007573810,0.015937781,1.200000000,-0.366879652
0,2262,1784881126.997703075,754,7.540000407,4.013270246,0.012745464,1.200000000,-0.368592015
0,2262,1784881126.997703075,755,7.550000407,4.018960990,0.009541695,1.200000000,-0.370301196
0,2262,1784881126.997703075,756,7.560000407,4.024646067,0.006326562,1.200000000,-0.372007200
0,2262,1784881126.997703075,757,7.570000407,4.030325501,0.003100157,1.200000000,-0.373710029
0,2262,1784881126.997703075,758,7.580000407,4.035999317,-0.000137430,1.200000000,-0.375409686
0,2262,1784881126.997703075,759,7.590000407,4.041667542,-0.003386105,1.200000000,-0.377106174
0,2262,1784881126.997703075,760,7.600000407,4.047330202,-0.006645776,1.200000000,-0.378799496
0,2262,1784881126.997703075,761,7.610000407,4.052987326,-0.009916350,1.200000000,-0.380489654
0,2262,1784881126.997703075,762,7.620000407,4.058638943,-0.013197733,1.200000000,-0.382176653
0,2262,1784881126.997703075,763,7.630000407,4.064285082,-0.016489830,1.200000000,-0.383860493
0,2262,1784881126.997703075,764,7.640000407,4.069925775,-0.019792547,1.200000000,-0.385541180
0,2262,1784881126.997703075,765,7.650000407,4.075561052,-0.023105786,1.200000000,-0.387218714
0,2262,1784881126.997703075,766,7.660000407,4.081190947,-0.026429453,1.200000000,-0.388893100
0,2262,1784881126.997703075,767,7.670000407,4.086815494,-0.029763450,1.200000000,-0.390564340
0,2262,1784881126.997703075,768,7.680000407,4.092434725,-0.033107680,1.200000000,-0.392232437
0,2262,1784881126.997703075,769,7.690000407,4.098048676,-0.036462044,1.200000000,-0.393897394
0,2262,1784881126.997703075,770,7.700000407,4.103657384,-0.039826445,1.200000000,-0.395559214
0,2262,1784881126.997703075,771,7.710000407,4.109260885,-0.043200782,1.200000000,-0.397217900
0,2262,1784881126.997703075,772,7.720000407,4.114859216,-0.046584956,1.200000000,-0.398873454
0,2262,1784881126.997703075,773,7.730000407,4.120452415,-0.049978868,1.200000000,-0.400525880
0,2262,1784881126.997703075,774,7.740000407,4.126040523,-0.053382415,1.200000000,-0.402175181
0,2262,1784881126.997703075,775,7.750000407,4.131623577,-0.056795498,1.200000000,-0.403821359
0,2262,1784881126.997703075,776,7.760000407,4.137201620,-0.060218014,1.200000000,-0.405464417
0,2262,1784881126.997703075,777,7.770000407,4.142774693,-0.063649860,1.200000000,-0.407104358
0,2262,1784881126.997703075,778,7.780000407,4.148342837,-0.067090934,1.200000000,-0.408741185
0,2262,1784881126.997703075,779,7.790000407,4.153906095,-0.070541133,1.200000000,-0.410374902
0,2262,1784881126.997703075,780,7.800000407,4.159464511,-0.074000353,1.200000000,-0.412005510
0,2262,1784881126.997703075,781,7.810000407,4.165018129,-0.077468490,1.200000000,-0.413633013
0,2262,1784881126.997703075,782,7.820000407,4.170566994,-0.080945438,1.200000000,-0.415257414
0,2262,1784881126.997703075,783,7.830000407,4.176111152,-0.084431094,1.200000000,-0.416878715
0,2262,1784881126.997703075,784,7.840000407,4.181650647,-0.087925350,1.200000000,-0.418496920
0,2262,1784881126.997703075,785,7.850000407,4.187185528,-0.091428101,1.200000000,-0.420112031
0,2262,1784881126.997703075,786,7.860000407,4.192715842,-0.094939241,1.200000000,-0.421724052
0,2262,1784881126.997703075,787,7.870000407,4.198241636,-0.098458661,1.200000000,-0.423332984
0,2262,1784881126.997703075,788,7.880000407,4.203762960,-0.101986256,1.200000000,-0.424938832
0,2262,1784881126.997703075,789,7.890000407,4.209279862,-0.105521918,1.200000000,-0.426541598
0,2262,1784881126.997703075,790,7.900000407,4.214792393,-0.109065537,1.200000000,-0.428141285
0,2262,1784881126.997703075,791,7.910000407,4.220300602,-0.112617005,1.200000000,-0.429737895
0,2262,1784881126.997703075,792,7.920000407,4.225804541,-0.116176213,1.200000000,-0.431331432
0,2262,1784881126.997703075,793,7.930000407,4.231304260,-0.119743053,1.200000000,-0.432921899
0,2262,1784881126.997703075,794,7.940000407,4.236799813,-0.123317413,1.200000000,-0.434509299
0,2262,1784881126.997703075,795,7.950000407,4.242291250,-0.126899184,1.200000000,-0.436093633
0,2262,1784881126.997703075,796,7.960000407,4.247778625,-0.130488256,1.200000000,-0.437674906
0,2262,1784881126.997703075,797,7.970000407,4.253261992,-0.134084517,1.200000000,-0.439253121
0,2262,1784881126.997703075,798,7.980000407,4.258741404,-0.137687855,1.200000000,-0.440828279
0,2262,1784881126.997703075,799,7.990000407,4.264216915,-0.141298161,1.200000000,-0.442400385
0,2262,1784881126.997703075,800,8.000000407,4.269688579,-0.144915321,1.200000000,-0.443969440
0,2262,1784881126.997703075,801,8.010000407,4.275156453,-0.148539223,1.200000000,-0.445535448
0,2262,1784881126.997703075,802,8.020000407,4.280620591,-0.152169755,1.200000000,-0.447098412
0,2262,1784881126.997703075,803,8.030000407,4.286081049,-0.155806804,1.200000000,-0.448658334
0,2262,1784881126.997703075,804,8.040000407,4.291537883,-0.159450256,1.200000000,-0.450215219
0,2262,1784881126.997703075,805,8.050000407,4.296991150,-0.163099998,1.200000000,-0.451769067
0,2262,1784881126.997703075,806,8.060000407,4.302440906,-0.166755917,1.200000000,-0.453319883
0,2262,1784881126.997703075,807,8.070000407,4.307887209,-0.170417897,1.200000000,-0.454867669
0,2262,1784881126.997703075,808,8.080000407,4.313330116,-0.174085826,1.200000000,-0.456412428
0,2262,1784881126.997703075,809,8.090000407,4.318769684,-0.177759588,1.200000000,-0.457954163
0,2262,1784881126.997703075,810,8.100000407,4.324205972,-0.181439068,1.200000000,-0.459492878
0,2262,1784881126.997703075,811,8.110000407,4.329639038,-0.185124151,1.200000000,-0.461028574
0,2262,1784881126.997703075,812,8.120000407,4.335068940,-0.188814722,1.200000000,-0.462561254
0,2262,1784881126.997703075,813,8.130000407,4.340495737,-0.192510665,1.200000000,-0.464090923
0,2262,1784881126.997703075,814,8.140000407,4.345919487,-0.196211865,1.200000000,-0.465617582
0,2262,1784881126.997703075,815,8.150000407,4.351340251,-0.199918205,1.200000000,-0.467141234
0,2262,1784881126.997703075,816,8.160000407,4.356758085,-0.203629569,1.200000000,-0.468661883
0,2262,1784881126.997703075,817,8.170000407,4.362173052,-0.207345840,1.200000000,-0.470179531
0,2262,1784881126.997703075,818,8.180000407,4.367585208,-0.211066902,1.200000000,-0.471694181
0,2262,1784881126.997703075,819,8.190000407,4.372994615,-0.214792638,1.200000000,-0.473205836
0,2262,1784881126.997703075,820,8.200000407,4.378401332,-0.218522931,1.200000000,-0.474714499
0,2262,1784881126.997703075,821,8.210000407,4.383805419,-0.222257664,1.200000000,-0.476220173
0,2262,1784881126.997703075,822,8.220000407,4.389206935,-0.225996718,1.200000000,-0.477722861
0,2262,1784881126.997703075,823,8.230000407,4.394605941,-0.229739978,1.200000000,-0.479222566
0,2262,1784881126.997703075,824,8.240000407,4.400002495,-0.233487324,1.200000000,-0.480719290
0,2262,1784881126.997703075,825,8.250000407,4.405396660,-0.237238639,1.200000000,-0.482213036
0,2262,1784881126.997703075,826,8.260000407,4.410788493,-0.240993805,1.200000000,-0.483703808
0,2262,1784881126.997703075,827,8.270000407,4.416178056,-0.244752704,1.200000000,-0.485191608
0,2262,1784881126.997703075,828,8.280000407,4.421565408,-0.248515218,1.200000000,-0.486676439
0,2262,1784881126.997703075,829,8.290000407,4.426950609,-0.252281227,1.200000000,-0.488158305
0,2262,1784881126.997703075,830,8.300000407,4.432333720,-0.256050614,1.200000000,-0.489637207
0,2262,1784881126.997703075,831,8.310000407,4.437714798,-0.259823261,1.200000000,-0.491113149
0,2262,1784881126.997703075,832,8.320000407,4.443093906,-0.263599047,1.200000000,-0.492586134
0,2262,1784881126.997703075,833,8.330000407,4.448471101,-0.267377855,1.200000000,-0.494056165
0,2262,1784881126.997703075,834,8.340000407,4.453846444,-0.271159566,1.200000000,-0.495523244
0,2262,1784881126.997703075,835,8.350000407,4.459219994,-0.274944060,1.200000000,-0.496987375
0,2262,1784881126.997703075,836,8.360000407,4.464591810,-0.278731220,1.200000000,-0.498448560
0,2262,1784881126.997703075,837,8.370000407,4.469961951,-0.282520924,1.200000000,-0.499906802
0,2262,1784881126.997703075,838,8.380000407,4.475330476,-0.286313055,1.200000000,-0.501362105
0,2262,1784881126.997703075,839,8.390000407,4.480697444,-0.290107493,1.200000000,-0.502814471
0,2262,1784881126.997703075,840,8.400000407,4.486062913,-0.293904119,1.200000000,-0.504263902
0,2262,1784881126.997703075,841,8.410000407,4.491426941,-0.297702814,1.200000000,-0.505710403
0,2262,1784881126.997703075,842,8.420000407,4.496789587,-0.301503459,1.200000000,-0.507153975
0,2262,1784881126.997703075,843,8.430000407,4.502150908,-0.305305933,1.200000000,-0.508594622
0,2262,1784881126.997703075,844,8.440000407,4.507510961,-0.309110118,1.200000000,-0.510032347
0,2262,1784881126.997703075,845,8.450000407,4.512869804,-0.312915895,1.200000000,-0.511467152
0,2262,1784881126.997703075,846,8.460000407,4.518227494,-0.316723144,1.200000000,-0.512899041
0,2262,1784881126.997703075,847,8.470000407,4.523584087,-0.320531745,1.200000000,-0.514328015
0,2262,1784881126.997703075,848,8.480000407,4.528939640,-0.324341580,1.200000000,-0.515754079
0,2262,1784881126.997703075,849,8.490000407,4.534294209,-0.328152530,1.200000000,-0.517177236
0,2262,1784881126.997703075,850,8.500000407,4.539647849,-0.331964474,1.200000000,-0.518597487
0,2262,1784881126.997703075,851,8.510000407,4.545000615,-0.335777294,1.200000000,-0.520014836
0,2262,1784881126.997703075,852,8.520000407,4.550352563,-0.339590870,1.200000000,-0.521429286
0,2262,1784881126.997703075,853,8.530000407,4.555703746,-0.343405084,1.200000000,-0.522840839
0,2262,1784881126.997703075,854,8.540000407,4.561054219,-0.347219815,1.200000000,-0.524249500
0,2262,1784881126.997703075,855,8.550000407,4.566404036,-0.351034946,1.200000000,-0.525655269
0,2262,1784881126.997703075,856,8.560000407,4.571753249,-0.354850357,1.200000000,-0.527058151
0,2262,1784881126.997703075,857,8.570000407,4.577101912,-0.358665930,1.200000000,-0.528458149
0,2262,1784881126.997703075,858,8.580000407,4.582450077,-0.362481544,1.200000000,-0.529855265
0,2262,1784881126.997703075,859,8.590000407,4.587797795,-0.366297083,1.200000000,-0.531249501
0,2262,1784881126.997703075,860,8.600000407,4.593145119,-0.370112426,1.200000000,-0.532640862
0,2262,1784881126.997703075,861,8.610000407,4.598492098,-0.373927456,1.200000000,-0.534029350
0,2262,1784881126.997703075,862,8.620000407,4.603838784,-0.377742054,1.200000000,-0.535414968
0,2262,1784881126.997703075,863,8.630000407,4.609185226,-0.381556101,1.200000000,-0.536797718
0,2262,1784881126.997703075,864,8.640000407,4.614531474,-0.385369479,1.200000000,-0.538177604
0,2262,1784881126.997703075,865,8.650000407,4.619877576,-0.389182071,1.200000000,-0.539554629
0,2262,1784881126.997703075,866,8.660000407,4.625223580,-0.392993758,1.200000000,-0.540928794
0,2262,1784881126.997703075,867,8.670000407,4.630569535,-0.396804421,1.200000000,-0.542300105
0,2262,1784881126.997703075,868,8.680000407,4.635915488,-0.400613945,1.200000000,-0.543668562
0,2262,1784881126.997703075,869,8.690000407,4.641261484,-0.404422209,1.200000000,-0.545034170
0,2262,1784881126.997703075,870,8.700000407,4.646607571,-0.408229099,1.200000000,-0.546396931
0,2262,1784881126.997703075,871,8.710000407,4.651953793,-0.412034495,1.200000000,-0.547756847
0,2262,1784881126.997703075,872,8.720000407,4.657300195,-0.415838280,1.200000000,-0.549113923
0,2262,1784881126.997703075,873,8.730000407,4.662646821,-0.419640339,1.200000000,-0.550468160
0,2262,1784881126.997703075,874,8.740000407,4.667993715,-0.423440553,1.200000000,-0.551819562
0,2262,1784881126.997703075,875,8.750000407,4.673340919,-0.427238806,1.200000000,-0.553168131
0,2262,1784881126.997703075,876,8.760000407,4.678688476,-0.431034981,1.200000000,-0.554513871
0,2262,1784881126.997703075,877,8.770000407,4.684036428,-0.434828963,1.200000000,-0.555856785
0,2262,1784881126.997703075,878,8.780000407,4.689384815,-0.438620634,1.200000000,-0.557196874
0,2262,1784881126.997703075,879,8.790000407,4.694733677,-0.442409880,1.200000000,-0.558534143
0,2262,1784881126.997703075,880,8.800000407,4.700083054,-0.446196583,1.200000000,-0.559868593
0,2262,1784881126.997703075,881,8.810000407,4.705432985,-0.449980630,1.200000000,-0.561200229
0,2262,1784881126.997703075,882,8.820000407,4.710783509,-0.453761903,1.200000000,-0.562529053
0,2262,1784881126.997703075,883,8.830000407,4.716134661,-0.457540287,1.200000000,-0.563855067
0,2262,1784881126.997703075,884,8.840000407,4.721486480,-0.461315669,1.200000000,-0.565178275
0,2262,1784881126.997703075,885,8.850000407,4.726839001,-0.465087933,1.200000000,-0.566498680
0,2262,1784881126.997703075,886,8.860000407,4.732192259,-0.468856964,1.200000000,-0.567816284
0,2262,1784881126.997703075,887,8.870000407,4.737546289,-0.472622648,1.200000000,-0.569131090
0,2262,1784881126.997703075,888,8.880000407,4.742901126,-0.476384870,1.200000000,-0.570443102
0,2262,1784881126.997703075,889,8.890000407,4.748256801,-0.480143518,1.200000000,-0.571752322
0,2262,1784881126.997703075,890,8.900000407,4.753613348,-0.483898477,1.200000000,-0.573058752
0,2262,1784881126.997703075,891,8.910000407,4.758970798,-0.487649633,1.200000000,-0.574362397
0,2262,1784881126.997703075,892,8.920000407,4.764329181,-0.491396874,1.200000000,-0.575663259
0,2262,1784881126.997703075,893,8.930000407,4.769688528,-0.495140087,1.200000000,-0.576961341
0,2262,1784881126.997703075,894,8.940000407,4.775048869,-0.498879158,1.200000000,-0.578256645
0,2262,1784881126.997703075,895,8.950000407,4.780410231,-0.502613975,1.200000000,-0.579549175
0,2262,1784881126.997703075,896,8.960000407,4.785772643,-0.506344426,1.200000000,-0.580838933
0,2262,1784881126.997703075,897,8.970000407,4.791136132,-0.510070399,1.200000000,-0.582125923
0,2262,1784881126.997703075,898,8.980000407,4.796500724,-0.513791782,1.200000000,-0.583410147
0,2262,1784881126.997703075,899,8.990000407,4.801866443,-0.517508463,1.200000000,-0.584691608
0,2262,1784881126.997703075,900,9.000000407,4.807233316,-0.521220332,1.200000000,-0.585970309
0,2262,1784881126.997703075,901,9.010000407,4.812601366,-0.524927277,1.200000000,-0.587246254
0,2262,1784881126.997703075,902,9.020000407,4.817970616,-0.528629187,1.200000000,-0.588519444
0,2262,1784881126.997703075,903,9.030000407,4.823341088,-0.532325953,1.200000000,-0.589789883
0,2262,1784881126.997703075,904,9.040000407,4.828712804,-0.536017463,1.200000000,-0.591057574
0,2262,1784881126.997703075,905,9.050000407,4.834085785,-0.539703608,1.200000000,-0.592322519
0,2262,1784881126.997703075,906,9.060000407,4.839460051,-0.543384279,1.200000000,-0.593584722
0,2262,1784881126.997703075,907,9.070000407,4.844835621,-0.547059365,1.200000000,-0.594844185
0,2262,1784881126.997703075,908,9.080000407,4.850212513,-0.550728757,1.200000000,-0.596100911
0,2262,1784881126.997703075,909,9.090000407,4.855590745,-0.554392348,1.200000000,-0.597354904
0,2262,1784881126.997703075,910,9.100000407,4.860970334,-0.558050028,1.200000000,-0.598606166
0,2262,1784881126.997703075,911,9.110000407,4.866351296,-0.561701688,1.200000000,-0.599854700
0,2262,1784881126.997703075,912,9.120000407,4.871733647,-0.565347221,1.200000000,-0.601100509
0,2262,1784881126.997703075,913,9.130000407,4.877117400,-0.568986520,1.200000000,-0.602343595
0,2262,1784881126.997703075,914,9.140000407,4.882502571,-0.572619475,1.200000000,-0.603583963
0,2262,1784881126.997703075,915,9.150000407,4.887889171,-0.576245982,1.200000000,-0.604821614
0,2262,1784881126.997703075,916,9.160000407,4.893277213,-0.579865931,1.200000000,-0.606056551
0,2262,1784881126.997703075,917,9.170000407,4.898666708,-0.583479218,1.200000000,-0.607288778
0,2262,1784881126.997703075,918,9.180000407,4.904057668,-0.587085735,1.200000000,-0.608518288
0,2262,1784881126.997703075,919,9.190000407,4.909450102,-0.590685376,1.200000000,-0.609744882
0,2262,1784881126.997703075,920,9.200000407,4.914844020,-0.594278035,1.200000000,-0.610968177
0,2262,1784881126.997703075,921,9.210000407,4.920239430,-0.597863608,1.200000000,-0.612187781
0,2262,1784881126.997703075,922,9.220000407,4.925636340,-0.601441989,1.200000000,-0.613403303
0,2262,1784881126.997703075,923,9.230000407,4.931034757,-0.605013072,1.200000000,-0.614614352
0,2262,1784881126.997703075,924,9.240000407,4.936434688,-0.608576754,1.200000000,-0.615820537
0,2262,1784881126.997703075,925,9.250000407,4.941836137,-0.612132929,1.200000000,-0.617021466
0,2262,1784881126.997703075,926,9.260000407,4.947239111,-0.615681494,1.200000000,-0.618216748
0,2262,1784881126.997703075,927,9.270000407,4.952643613,-0.619222345,1.200000000,-0.619405993
0,2262,1784881126.997703075,928,9.280000407,4.958049647,-0.622755378,1.200000000,-0.620588808
0,2262,1784881126.997703075,929,9.290000407,4.963457216,-0.626280490,1.200000000,-0.621764804
0,2262,1784881126.997703075,930,9.300000407,4.968866322,-0.629797578,1.200000000,-0.622933588
0,2262,1784881126.997703075,931,9.310000407,4.974276968,-0.633306539,1.200000000,-0.624094769
0,2262,1784881126.997703075,932,9.320000407,4.979689153,-0.636807271,1.200000000,-0.625247957
0,2262,1784881126.997703075,933,9.330000407,4.985102878,-0.640299671,1.200000000,-0.626392760
0,2262,1784881126.997703075,934,9.340000407,4.990518144,-0.643783638,1.200000000,-0.627528786
0,2262,1784881126.997703075,935,9.350000407,4.995934949,-0.647259070,1.200000000,-0.628655646
0,2262,1784881126.997703075,936,9.360000407,5.001353291,-0.650725866,1.200000000,-0.629772947
0,2262,1784881126.997703075,937,9.370000407,5.006773169,-0.654183924,1.200000000,-0.630880298
0,2262,1784881126.997703075,938,9.380000407,5.012194580,-0.657633143,1.200000000,-0.631977308
0,2262,1784881126.997703075,939,9.390000407,5.017617521,-0.661073424,1.200000000,-0.633063587
0,2262,1784881126.997703075,940,9.400000407,5.023041989,-0.664504665,1.200000000,-0.634138742
0,2262,1784881126.997703075,941,9.410000407,5.028467978,-0.667926767,1.200000000,-0.635202383
0,2262,1784881126.997703075,942,9.420000407,5.033895484,-0.671339630,1.200000000,-0.636254118
0,2262,1784881126.997703075,943,9.430000407,5.039324503,-0.674743153,1.200000000,-0.637293557
0,2262,1784881126.997703075,944,9.440000407,5.044755027,-0.678137239,1.200000000,-0.638320308
0,2262,1784881126.997703075,945,9.450000407,5.050187051,-0.681521787,1.200000000,-0.639333979
0,2262,1784881126.997703075,946,9.460000407,5.055620569,-0.684896699,1.200000000,-0.640334181
0,2262,1784881126.997703075,947,9.470000407,5.061055573,-0.688261877,1.200000000,-0.641320520
0,2262,1784881126.997703075,948,9.480000407,5.066492055,-0.691617222,1.200000000,-0.642292608
0,2262,1784881126.997703075,949,9.490000407,5.071930007,-0.694962635,1.200000000,-0.643250051
0,2262,1784881126.997703075,950,9.500000407,5.077369422,-0.698298020,1.200000000,-0.644192460
0,2262,1784881126.997703075,951,9.510000407,5.082810289,-0.701623277,1.200000000,-0.645119442
0,2262,1784881126.997703075,952,9.520000407,5.088252601,-0.704938311,1.200000000,-0.646030607
0,2262,1784881126.997703075,953,9.530000407,5.093696347,-0.708243024,1.200000000,-0.646925564
0,2262,1784881126.997703075,954,9.540000407,5.099141517,-0.711537318,1.200000000,-0.647803920
0,2262,1784881126.997703075,955,9.550000407,5.104588102,-0.714821098,1.200000000,-0.648665286
0,2262,1784881126.997703075,956,9.560000407,5.110036091,-0.718094266,1.200000000,-0.649509270
0,2262,1784881126.997703075,957,9.570000407,5.115485472,-0.721356727,1.200000000,-0.650335481
0,2262,1784881126.997703075,958,9.580000407,5.120936235,-0.724608384,1.200000000,-0.651143527
0,2262,1784881126.997703075,959,9.590000407,5.126388369,-0.727849141,1.200000000,-0.651933017
0,2262,1784881126.997703075,960,9.600000407,5.131841861,-0.731078903,1.200000000,-0.652703561
0,2262,1784881126.997703075,961,9.610000407,5.137296701,-0.734297574,1.200000000,-0.653454767
0,2262,1784881126.997703075,962,9.620000407,5.142752875,-0.737505060,1.200000000,-0.654186243
0,2262,1784881126.997703075,963,9.630000407,5.148210371,-0.740701264,1.200000000,-0.654897600
0,2262,1784881126.997703075,964,9.640000407,5.153669178,-0.743886093,1.200000000,-0.655588444
0,2262,1784881126.997703075,965,9.650000407,5.159129282,-0.747059451,1.200000000,-0.656258387
0,2262,1784881126.997703075,966,9.660000407,5.164590671,-0.750221244,1.200000000,-0.656907035
0,2262,1784881126.997703075,967,9.670000407,5.170053332,-0.753371379,1.200000000,-0.657533998
0,2262,1784881126.997703075,968,9.680000407,5.175517251,-0.756509760,1.200000000,-0.658138885
0,2262,1784881126.997703075,969,9.690000407,5.180982416,-0.759636293,1.200000000,-0.658721305
0,2262,1784881126.997703075,970,9.700000407,5.186448814,-0.762750886,1.200000000,-0.659280866
0,2262,1784881126.997703075,971,9.710000407,5.191916431,-0.765853445,1.200000000,-0.659817177
0,2262,1784881126.997703075,972,9.720000407,5.197385254,-0.768943876,1.200000000,-0.660329847
0,2262,1784881126.997703075,973,9.730000407,5.202855269,-0.772022086,1.200000000,-0.660818485
0,2262,1784881126.997703075,974,9.740000407,5.208326464,-0.775087982,1.200000000,-0.661282700
0,2262,1784881126.997703075,975,9.750000407,5.213798825,-0.778141471,1.200000000,-0.661722100
0,2262,1784881126.997703075,976,9.760000407,5.219272339,-0.781182461,1.200000000,-0.662136295
0,2262,1784881126.997703075,977,9.770000407,5.224746992,-0.784210859,1.200000000,-0.662524893
0,2262,1784881126.997703075,978,9.780000407,5.230222771,-0.787226573,1.200000000,-0.662887503
0,2262,1784881126.997703075,979,9.790000407,5.235699664,-0.790229510,1.200000000,-0.663223733
0,2262,1784881126.997703075,980,9.800000407,5.241177656,-0.793219579,1.200000000,-0.663533194
0,2262,1784881126.997703075,981,9.810000407,5.246656736,-0.796196687,1.200000000,-0.663815492
0,2262,1784881126.997703075,982,9.820000407,5.252136891,-0.799160743,1.200000000,-0.664070238
0,2262,1784881126.997703075,983,9.830000407,5.257618107,-0.802111656,1.200000000,-0.664297040
0,2262,1784881126.997703075,984,9.840000407,5.263100373,-0.805049333,1.200000000,-0.664495507
0,2262,1784881126.997703075,985,9.850000407,5.268583676,-0.807973684,1.200000000,-0.664665248
0,2262,1784881126.997703075,986,9.860000407,5.274068004,-0.810884618,1.200000000,-0.664805871
0,2262,1784881126.997703075,987,9.870000407,5.279553346,-0.813782042,1.200000000,-0.664916985
0,2262,1784881126.997703075,988,9.880000407,5.285039689,-0.816665868,1.200000000,-0.664998200
0,2262,1784881126.997703075,989,9.890000407,5.290527022,-0.819536003,1.200000000,-0.665049124
0,2262,1784881126.997703075,990,9.900000407,5.296015334,-0.822392357,1.200000000,-0.665069365
0,2262,1784881126.997703075,991,9.910000407,5.301504614,-0.825234841,1.200000000,-0.665058533
0,2262,1784881126.997703075,992,9.920000407,5.306994852,-0.828063362,1.200000000,-0.665016237
0,2262,1784881126.997703075,993,9.930000407,5.312486038,-0.830877832,1.200000000,-0.664942084
0,2262,1784881126.997703075,994,9.940000407,5.317978161,-0.833678160,1.200000000,-0.664835685
0,2262,1784881126.997703075,995,9.950000407,5.323471212,-0.836464256,1.200000000,-0.664696648
0,2262,1784881126.997703075,996,9.960000407,5.328965182,-0.839236031,1.200000000,-0.664524582
0,2262,1784881126.997703075,997,9.970000407,5.334460061,-0.841993394,1.200000000,-0.664319095
0,2262,1784881126.997703075,998,9.980000407,5.339955843,-0.844736256,1.200000000,-0.664079796
0,2262,1784881126.997703075,999,9.990000407,5.345452517,-0.847464528,1.200000000,-0.663806295
0,2262,1784881126.997703075,1000,10.000000407,5.350950078,-0.850178120,1.200000000,-0.663498200
0,2262,1784881126.997703075,1001,10.010000407,5.356448517,-0.852876943,1.200000000,-0.663155119
0,2262,1784881126.997703075,1002,10.020000407,5.361947829,-0.855560909,1.200000000,-0.662776662
0,2262,1784881126.997703075,1003,10.030000407,5.367448006,-0.858229927,1.200000000,-0.662362438
0,2262,1784881126.997703075,1004,10.040000407,5.372949043,-0.860883909,1.200000000,-0.661912055
0,2262,1784881126.997703075,1005,10.050000407,5.378450934,-0.863522767,1.200000000,-0.661425122
0,2262,1784881126.997703075,1006,10.060000407,5.383953676,-0.866146412,1.200000000,-0.660901248
0,2262,1784881126.997703075,1007,10.070000407,5.389457263,-0.868754755,1.200000000,-0.660340042
0,2262,1784881126.997703075,1008,10.080000407,5.394961692,-0.871347708,1.200000000,-0.659741112
0,2262,1784881126.997703075,1009,10.090000407,5.400466959,-0.873925183,1.200000000,-0.659104068
0,2262,1784881126.997703075,1010,10.100000407,5.405973063,-0.876487091,1.200000000,-0.658428518
0,2262,1784881126.997703075,1011,10.110000407,5.411480001,-0.879033345,1.200000000,-0.657714071
0,2262,1784881126.997703075,1012,10.120000407,5.416987771,-0.881563856,1.200000000,-0.656960336
0,2262,1784881126.997703075,1013,10.130000407,5.422496373,-0.884078537,1.200000000,-0.656166921
0,2262,1784881126.997703075,1014,10.140000407,5.428005806,-0.886577301,1.200000000,-0.655333436
0,2262,1784881126.997703075,1015,10.150000407,5.433516071,-0.889060059,1.200000000,-0.654459489
0,2262,1784881126.997703075,1016,10.160000407,5.439027169,-0.891526724,1.200000000,-0.653544690
0,2262,1784881126.997703075,1017,10.170000407,5.444539101,-0.893977209,1.200000000,-0.652588646
0,2262,1784881126.997703075,1018,10.180000407,5.450051869,-0.896411427,1.200000000,-0.651590967
0,2262,1784881126.997703075,1019,10.190000407,5.455565477,-0.898829291,1.200000000,-0.650551262
0,2262,1784881126.997703075,1020,10.200000407,5.461079928,-0.901230713,1.200000000,-0.649469139
0,2262,1784881126.997703075,1021,10.210000407,5.466595226,-0.903615608,1.200000000,-0.648344208
0,2262,1784881126.997703075,1022,10.220000407,5.472111376,-0.905983888,1.200000000,-0.647176076
0,2262,1784881126.997703075,1023,10.230000407,5.477628385,-0.908335467,1.200000000,-0.645964353
0,2262,1784881126.997703075,1024,10.240000407,5.483146257,-0.910670258,1.200000000,-0.644708648
0,2262,1784881126.997703075,1025,10.250000407,5.488665000,-0.912988176,1.200000000,-0.643408570
0,2262,1784881126.997703075,1026,10.260000407,5.494184623,-0.915289134,1.200000000,-0.642063727
0,2262,1784881126.997703075,1027,10.270000407,5.499705133,-0.917573046,1.200000000,-0.640673728
0,2262,1784881126.997703075,1028,10.280000407,5.505226539,-0.919839827,1.200000000,-0.639238182
0,2262,1784881126.997703075,1029,10.290000407,5.510748852,-0.922089391,1.200000000,-0.637756697
0,2262,1784881126.997703075,1030,10.300000407,5.516272082,-0.924321652,1.200000000,-0.636228884
0,2262,1784881126.997703075,1031,10.310000407,5.521796241,-0.926536526,1.200000000,-0.634654350
0,2262,1784881126.997703075,1032,10.320000407,5.527321341,-0.928733926,1.200000000,-0.633032704
0,2262,1784881126.997703075,1033,10.330000407,5.532847395,-0.930913768,1.200000000,-0.631363555
0,2262,1784881126.997703075,1034,10.340000407,5.538374416,-0.933075968,1.200000000,-0.629646512
0,2262,1784881126.997703075,1035,10.350000407,5.543902419,-0.935220441,1.200000000,-0.627881184
0,2262,1784881126.997703075,1036,10.360000407,5.549431419,-0.937347101,1.200000000,-0.626067179
0,2262,1784881126.997703075,1037,10.370000407,5.554961433,-0.939455866,1.200000000,-0.624204106
0,2262,1784881126.997703075,1038,10.380000407,5.560492476,-0.941546650,1.200000000,-0.622291575
0,2262,1784881126.997703075,1039,10.390000407,5.566024567,-0.943619371,1.200000000,-0.620329194
0,2262,1784881126.997703075,1040,10.400000407,5.571557723,-0.945673944,1.200000000,-0.618316572
0,2262,1784881126.997703075,1041,10.410000407,5.577091965,-0.947710286,1.200000000,-0.616253317
0,2262,1784881126.997703075,1042,10.420000407,5.582627311,-0.949728313,1.200000000,-0.614139039
0,2262,1784881126.997703075,1043,10.430000407,5.588163782,-0.951727944,1.200000000,-0.611973345
0,2262,1784881126.997703075,1044,10.440000407,5.593701400,-0.953709094,1.200000000,-0.609755847
0,2262,1784881126.997703075,1045,10.450000407,5.599240187,-0.955671682,1.200000000,-0.607486151
0,2262,1784881126.997703075,1046,10.460000407,5.604780166,-0.957615626,1.200000000,-0.605163866
0,2262,1784881126.997703075,1047,10.470000407,5.610321360,-0.959540842,1.200000000,-0.602788602
0,2262,1784881126.997703075,1048,10.480000407,5.615863794,-0.961447250,1.200000000,-0.600359968
0,2262,1784881126.997703075,1049,10.490000407,5.621407493,-0.963334768,1.200000000,-0.597877572
0,2262,1784881126.997703075,1050,10.500000407,5.626952483,-0.965203314,1.200000000,-0.595341023
0,2262,1784881126.997703075,1051,10.510000407,5.632498791,-0.967052808,1.200000000,-0.592750043
0,2262,1784881126.997703075,1052,10.520000407,5.638046444,-0.968883170,1.200000000,-0.590105006
0,2262,1784881126.997703075,1053,10.530000407,5.643595471,-0.970694318,1.200000000,-0.587406523
0,2262,1784881126.997703075,1054,10.540000407,5.649145900,-0.972486172,1.200000000,-0.584655200
0,2262,1784881126.997703075,1055,10.550000407,5.654697761,-0.974258654,1.200000000,-0.581851648
0,2262,1784881126.997703075,1056,10.560000407,5.660251084,-0.976011683,1.200000000,-0.578996475
0,2262,1784881126.997703075,1057,10.570000407,5.665805901,-0.977745181,1.200000000,-0.576090290
0,2262,1784881126.997703075,1058,10.580000407,5.671362243,-0.979459069,1.200000000,-0.573133701
0,2262,1784881126.997703075,1059,10.590000407,5.676920142,-0.981153268,1.200000000,-0.570127318
0,2262,1784881126.997703075,1060,10.600000407,5.682479632,-0.982827701,1.200000000,-0.567071750
0,2262,1784881126.997703075,1061,10.610000407,5.688040746,-0.984482290,1.200000000,-0.563967604
0,2262,1784881126.997703075,1062,10.620000407,5.693603520,-0.986116957,1.200000000,-0.560815491
0,2262,1784881126.997703075,1063,10.630000407,5.699167987,-0.987731627,1.200000000,-0.557616019
0,2262,1784881126.997703075,1064,10.640000407,5.704734183,-0.989326222,1.200000000,-0.554369796
0,2262,1784881126.997703075,1065,10.650000407,5.710302146,-0.990900666,1.200000000,-0.551077432
0,2262,1784881126.997703075,1066,10.660000407,5.715871912,-0.992454885,1.200000000,-0.547739535
0,2262,1784881126.997703075,1067,10.670000407,5.721443517,-0.993988803,1.200000000,-0.544356714
0,2262,1784881126.997703075,1068,10.680000407,5.727017002,-0.995502345,1.200000000,-0.540929579
0,2262,1784881126.997703075,1069,10.690000407,5.732592403,-0.996995437,1.200000000,-0.537458737
0,2262,1784881126.997703075,1070,10.700000407,5.738169761,-0.998468006,1.200000000,-0.533944798
0,2262,1784881126.997703075,1071,10.710000407,5.743749114,-0.999919979,1.200000000,-0.530388371
0,2262,1784881126.997703075,1072,10.720000407,5.749330504,-1.001351282,1.200000000,-0.526790064
0,2262,1784881126.997703075,1073,10.730000407,5.754913971,-1.002761844,1.200000000,-0.523150486
0,2262,1784881126.997703075,1074,10.740000407,5.760499556,-1.004151593,1.200000000,-0.519470246
0,2262,1784881126.997703075,1075,10.750000407,5.766087301,-1.005520459,1.200000000,-0.515749953
0,2262,1784881126.997703075,1076,10.760000407,5.771677248,-1.006868370,1.200000000,-0.511990216
0,2262,1784881126.997703075,1077,10.770000407,5.777269439,-1.008195257,1.200000000,-0.508191644
0,2262,1784881126.997703075,1078,10.780000407,5.782863918,-1.009501051,1.200000000,-0.504354845
0,2262,1784881126.997703075,1079,10.790000407,5.788460728,-1.010785682,1.200000000,-0.500480428
0,2262,1784881126.997703075,1080,10.800000407,5.794059912,-1.012049083,1.200000000,-0.496569002
0,2262,1784881126.997703075,1081,10.810000407,5.799661515,-1.013291187,1.200000000,-0.492621177
0,2262,1784881126.997703075,1082,10.820000407,5.805265582,-1.014511926,1.200000000,-0.488637560
0,2262,1784881126.997703075,1083,10.830000407,5.810872156,-1.015711235,1.200000000,-0.484618760
0,2262,1784881126.997703075,1084,10.840000407,5.816481283,-1.016889048,1.200000000,-0.480565387
0,2262,1784881126.997703075,1085,10.850000407,5.822093009,-1.018045300,1.200000000,-0.476478049
0,2262,1784881126.997703075,1086,10.860000407,5.827707378,-1.019179928,1.200000000,-0.472357356
0,2262,1784881126.997703075,1087,10.870000407,5.833324437,-1.020292868,1.200000000,-0.468203915
0,2262,1784881126.997703075,1088,10.880000407,5.838944231,-1.021384057,1.200000000,-0.464018336
0,2262,1784881126.997703075,1089,10.890000407,5.844566807,-1.022453433,1.200000000,-0.459801228
0,2262,1784881126.997703075,1090,10.900000407,5.850192212,-1.023500937,1.200000000,-0.455553199
0,2262,1784881126.997703075,1091,10.910000407,5.855820491,-1.024526506,1.200000000,-0.451274859
0,2262,1784881126.997703075,1092,10.920000407,5.861451692,-1.025530082,1.200000000,-0.446966815
0,2262,1784881126.997703075,1093,10.930000407,5.867085860,-1.026511607,1.200000000,-0.442629678
0,2262,1784881126.997703075,1094,10.940000407,5.872723044,-1.027471021,1.200000000,-0.438264055
0,2262,1784881126.997703075,1095,10.950000407,5.878363290,-1.028408269,1.200000000,-0.433870556
0,2262,1784881126.997703075,1096,10.960000407,5.884006644,-1.029323294,1.200000000,-0.429449789
0,2262,1784881126.997703075,1097,10.970000407,5.889653154,-1.030216041,1.200000000,-0.425002364
0,2262,1784881126.997703075,1098,10.980000407,5.895302866,-1.031086455,1.200000000,-0.420528889
0,2262,1784881126.997703075,1099,10.990000407,5.900955828,-1.031934484,1.200000000,-0.416029972
0,2262,1784881126.997703075,1100,11.000000407,5.906612086,-1.032760073,1.200000000,-0.411506224
0,2262,1784881126.997703075,1101,11.010000407,5.912271687,-1.033563172,1.200000000,-0.406958252
0,2262,1784881126.997703075,1102,11.020000407,5.917934677,-1.034343731,1.200000000,-0.402386666
0,2262,1784881126.997703075,1103,11.030000407,5.923601104,-1.035101698,1.200000000,-0.397792074
0,2262,1784881126.997703075,1104,11.040000407,5.929271013,-1.035837027,1.200000000,-0.393175085
0,2262,1784881126.997703075,1105,11.050000407,5.934944450,-1.036549667,1.200000000,-0.388536308
0,2262,1784881126.997703075,1106,11.060000407,5.940621462,-1.037239574,1.200000000,-0.383876352
0,2262,1784881126.997703075,1107,11.070000407,5.946302095,-1.037906702,1.200000000,-0.379195826
0,2262,1784881126.997703075,1108,11.080000407,5.951986392,-1.038551004,1.200000000,-0.374495338
0,2262,1784881126.997703075,1109,11.090000407,5.957674401,-1.039172439,1.200000000,-0.369775497
0,2262,1784881126.997703075,1110,11.100000407,5.963366165,-1.039770963,1.200000000,-0.365036913
0,2262,1784881126.997703075,1111,11.110000407,5.969061730,-1.040346535,1.200000000,-0.360280193
0,2262,1784881126.997703075,1112,11.120000407,5.974761139,-1.040899115,1.200000000,-0.355505948
0,2262,1784881126.997703075,1113,11.130000407,5.980464436,-1.041428662,1.200000000,-0.350714785
0,2262,1784881126.997703075,1114,11.140000407,5.986171664,-1.041935140,1.200000000,-0.345907314
0,2262,1784881126.997703075,1115,11.150000407,5.991882867,-1.042418511,1.200000000,-0.341084143
0,2262,1784881126.997703075,1116,11.160000407,5.997598088,-1.042878739,1.200000000,-0.336245881
0,2262,1784881126.997703075,1117,11.170000407,6.003317367,-1.043315790,1.200000000,-0.331393137
0,2262,1784881126.997703075,1118,11.180000407,6.009040747,-1.043729630,1.200000000,-0.326526520
0,2262,1784881126.997703075,1119,11.190000407,6.014768269,-1.044120227,1.200000000,-0.321646638
0,2262,1784881126.997703075,1120,11.200000407,6.020499973,-1.044487549,1.200000000,-0.316754102
0,2262,1784881126.997703075,1121,11.210000407,6.026235899,-1.044831568,1.200000000,-0.311849518
0,2262,1784881126.997703075,1122,11.220000407,6.031976086,-1.045152254,1.200000000,-0.306933497
0,2262,1784881126.997703075,1123,11.230000407,6.037720573,-1.045449580,1.200000000,-0.302006647
0,2262,1784881126.997703075,1124,11.240000407,6.043469398,-1.045723520,1.200000000,-0.297069576
0,2262,1784881126.997703075,1125,11.250000407,6.049222598,-1.045974049,1.200000000,-0.292122895
0,2262,1784881126.997703075,1126,11.260000407,6.054980210,-1.046201144,1.200000000,-0.287167211
0,2262,1784881126.997703075,1127,11.270000407,6.060742270,-1.046404782,1.200000000,-0.282203133
0,2262,1784881126.997703075,1128,11.280000407,6.066508813,-1.046584944,1.200000000,-0.277231270
0,2262,1784881126.997703075,1129,11.290000407,6.072279873,-1.046741609,1.200000000,-0.272252232
0,2262,1784881126.997703075,1130,11.300000407,6.078055484,-1.046874759,1.200000000,-0.267266626
0,2262,1784881126.997703075,1131,11.310000407,6.083835679,-1.046984378,1.200000000,-0.262275062
0,2262,1784881126.997703075,1132,11.320000407,6.089620489,-1.047070449,1.200000000,-0.257278149
0,2262,1784881126.997703075,1133,11.330000407,6.095409946,-1.047132960,1.200000000,-0.252276495
0,2262,1784881126.997703075,1134,11.340000407,6.101204079,-1.047171898,1.200000000,-0.247270709
0,2262,1784881126.997703075,1135,11.350000407,6.107002919,-1.047187251,1.200000000,-0.242261401
0,2262,1784881126.997703075,1136,11.360000407,6.112806493,-1.047179010,1.200000000,-0.237249178
0,2262,1784881126.997703075,1137,11.370000407,6.118614829,-1.047147166,1.200000000,-0.232234650
0,2262,1784881126.997703075,1138,11.380000407,6.124427952,-1.047091713,1.200000000,-0.227218425
0,2262,1784881126.997703075,1139,11.390000407,6.130245889,-1.047012646,1.200000000,-0.222201113
0,2262,1784881126.997703075,1140,11.400000407,6.136068664,-1.046909960,1.200000000,-0.217183322
0,2262,1784881126.997703075,1141,11.410000407,6.141896300,-1.046783653,1.200000000,-0.212165662
0,2262,1784881126.997703075,1142,11.420000407,6.147728820,-1.046633725,1.200000000,-0.207148740
0,2262,1784881126.997703075,1143,11.430000407,6.153566243,-1.046460175,1.200000000,-0.202133166
0,2262,1784881126.997703075,1144,11.440000407,6.159408592,-1.046263007,1.200000000,-0.197119548
0,2262,1784881126.997703075,1145,11.450000407,6.165255883,-1.046042223,1.200000000,-0.192108496
0,2262,1784881126.997703075,1146,11.460000407,6.171108136,-1.045797829,1.200000000,-0.187100618
0,2262,1784881126.997703075,1147,11.470000407,6.176965366,-1.045529833,1.200000000,-0.182096523
0,2262,1784881126.997703075,1148,11.480000407,6.182827590,-1.045238241,1.200000000,-0.177096820
0,2262,1784881126.997703075,1149,11.490000407,6.188694821,-1.044923065,1.200000000,-0.172102118
0,2262,1784881126.997703075,1150,11.500000407,6.194567072,-1.044584316,1.200000000,-0.167113026
0,2262,1784881126.997703075,1151,11.510000407,6.200444355,-1.044222006,1.200000000,-0.162130152
0,2262,1784881126.997703075,1152,11.520000407,6.206326680,-1.043836151,1.200000000,-0.157154105
0,2262,1784881126.997703075,1153,11.530000407,6.212214057,-1.043426767,1.200000000,-0.152185494
0,2262,1784881126.997703075,1154,11.540000407,6.218106493,-1.042993872,1.200000000,-0.147224929
0,2262,1784881126.997703075,1155,11.550000407,6.224003995,-1.042537485,1.200000000,-0.142273017
0,2262,1784881126.997703075,1156,11.560000407,6.229906568,-1.042057628,1.200000000,-0.137330367
0,2262,1784881126.997703075,1157,11.570000407,6.235814216,-1.041554324,1.200000000,-0.132397589
0,2262,1784881126.997703075,1158,11.580000407,6.241726941,-1.041027596,1.200000000,-0.127475292
0,2262,1784881126.997703075,1159,11.590000407,6.247644745,-1.040477472,1.200000000,-0.122564083
0,2262,1784881126.997703075,1160,11.600000407,6.253567627,-1.039903979,1.200000000,-0.117664573
0,2262,1784881126.997703075,1161,11.610000407,6.259495585,-1.039307147,1.200000000,-0.112777369
0,2262,1784881126.997703075,1162,11.620000407,6.265428617,-1.038687006,1.200000000,-0.107903081
0,2262,1784881126.997703075,1163,11.630000407,6.271366717,-1.038043589,1.200000000,-0.103042317
0,2262,1784881126.997703075,1164,11.640000407,6.277309880,-1.037376932,1.200000000,-0.098195687
0,2262,1784881126.997703075,1165,11.650000407,6.283258097,-1.036687071,1.200000000,-0.093363799
0,2262,1784881126.997703075,1166,11.660000407,6.289211361,-1.035974042,1.200000000,-0.088547261
0,2262,1784881126.997703075,1167,11.670000407,6.295169660,-1.035237886,1.200000000,-0.083746684
0,2262,1784881126.997703075,1168,11.680000407,6.301132983,-1.034478645,1.200000000,-0.078962675
0,2262,1784881126.997703075,1169,11.690000407,6.307101315,-1.033696361,1.200000000,-0.074195844
0,2262,1784881126.997703075,1170,11.700000407,6.313074643,-1.032891079,1.200000000,-0.069446799
0,2262,1784881126.997703075,1171,11.710000407,6.319052948,-1.032062845,1.200000000,-0.064716149
0,2262,1784881126.997703075,1172,11.720000407,6.325036214,-1.031211708,1.200000000,-0.060004503
0,2262,1784881126.997703075,1173,11.730000407,6.331024420,-1.030337718,1.200000000,-0.055312470
0,2262,1784881126.997703075,1174,11.740000407,6.337017546,-1.029440925,1.200000000,-0.050640659
0,2262,1784881126.997703075,1175,11.750000407,6.343015567,-1.028521384,1.200000000,-0.045989678
0,2262,1784881126.997703075,1176,11.760000407,6.349018461,-1.027579150,1.200000000,-0.041360136
0,2262,1784881126.997703075,1177,11.770000407,6.355026200,-1.026614279,1.200000000,-0.036752643
0,2262,1784881126.997703075,1178,11.780000407,6.361038757,-1.025626831,1.200000000,-0.032167807
0,2262,1784881126.997703075,1179,11.790000407,6.367056104,-1.024616864,1.200000000,-0.027606236
0,2262,1784881126.997703075,1180,11.800000407,6.373078209,-1.023584441,1.200000000,-0.023068540
0,2262,1784881126.997703075,1181,11.810000407,6.379105039,-1.022529626,1.200000000,-0.018555328
0,2262,1784881126.997703075,1182,11.820000407,6.385136562,-1.021452484,1.200000000,-0.014067208
0,2262,1784881126.997703075,1183,11.830000407,6.391172740,-1.020353083,1.200000000,-0.009604789
0,2262,1784881126.997703075,1184,11.840000407,6.397213538,-1.019231490,1.200000000,-0.005168680
0,2262,1784881126.997703075,1185,11.850000407,6.403258915,-1.018087778,1.200000000,-0.000759463
0,2262,1784881126.997703075,1186,11.860000407,6.409308832,-1.016922017,1.200000000,0.003622650
0,2262,1784881126.997703075,1187,11.870000407,6.415363247,-1.015734282,1.200000000,0.007977711
0,2262,1784881126.997703075,1188,11.880000407,6.421422115,-1.014524649,1.200000000,0.012305781
0,2262,1784881126.997703075,1189,11.890000407,6.427485392,-1.013293195,1.200000000,0.016606918
0,2262,1784881126.997703075,1190,11.900000407,6.433553030,-1.012039999,1.200000000,0.020881181
0,2262,1784881126.997703075,1191,11.910000407,6.439624981,-1.010765142,1.200000000,0.025128630
0,2262,1784881126.997703075,1192,11.920000407,6.445701195,-1.009468706,1.200000000,0.029349324
0,2262,1784881126.997703075,1193,11.930000407,6.451781620,-1.008150776,1.200000000,0.033543322
0,2262,1784881126.997703075,1194,11.940000407,6.457866202,-1.006811437,1.200000000,0.037710683
0,2262,1784881126.997703075,1195,11.950000407,6.463954887,-1.005450777,1.200000000,0.041851466
0,2262,1784881126.997703075,1196,11.960000407,6.470047617,-1.004068885,1.200000000,0.045965732
0,2262,1784881126.997703075,1197,11.970000407,6.476144336,-1.002665851,1.200000000,0.050053538
0,2262,1784881126.997703075,1198,11.980000407,6.482244982,-1.001241769,1.200000000,0.054114944
0,2262,1784881126.997703075,1199,11.990000407,6.488349496,-0.999796731,1.200000000,0.058150010
0,2262,1784881126.997703075,1200,12.000000407,6.494457813,-0.998330835,1.200000000,0.062158794
0,2262,1784881126.997703075,1201,12.010000407,6.500569870,-0.996844176,1.200000000,0.066141356
0,2262,1784881126.997703075,1202,12.020000407,6.506685600,-0.995336855,1.200000000,0.070097755
0,2262,1784881126.997703075,1203,12.030000407,6.512804937,-0.993808971,1.200000000,0.074028050
0,2262,1784881126.997703075,1204,12.040000407,6.518927810,-0.992260627,1.200000000,0.077932300
0,2262,1784881126.997703075,1205,12.050000407,6.525054150,-0.990691926,1.200000000,0.081810565
0,2262,1784881126.997703075,1206,12.060000407,6.531183884,-0.989102974,1.200000000,0.085662903
0,2262,1784881126.997703075,1207,12.070000407,6.537316939,-0.987493877,1.200000000,0.089489375
0,2262,1784881126.997703075,1208,12.080000407,6.543453240,-0.985864744,1.200000000,0.093290039
0,2262,1784881126.997703075,1209,12.090000407,6.549592711,-0.984215685,1.200000000,0.097064954
0,2262,1784881126.997703075,1210,12.100000407,6.555735273,-0.982546810,1.200000000,0.100814179
0,2262,1784881126.997703075,1211,12.110000407,6.561880847,-0.980858233,1.200000000,0.104537775
0,2262,1784881126.997703075,1212,12.120000407,6.568029352,-0.979150069,1.200000000,0.108235799
0,2262,1784881126.997703075,1213,12.130000407,6.574180706,-0.977422432,1.200000000,0.111908311
0,2262,1784881126.997703075,1214,12.140000407,6.580334826,-0.975675441,1.200000000,0.115555371
0,2262,1784881126.997703075,1215,12.150000407,6.586491626,-0.973909214,1.200000000,0.119177038
0,2262,1784881126.997703075,1216,12.160000407,6.592651020,-0.972123871,1.200000000,0.122773370
0,2262,1784881126.997703075,1217,12.170000407,6.598812921,-0.970319534,1.200000000,0.126344427
0,2262,1784881126.997703075,1218,12.180000407,6.604977239,-0.968496326,1.200000000,0.129890269
0,2262,1784881126.997703075,1219,12.190000407,6.611143885,-0.966654372,1.200000000,0.133410953
0,2262,1784881126.997703075,1220,12.200000407,6.617312766,-0.964793797,1.200000000,0.136906541
0,2262,1784881126.997703075,1221,12.210000407,6.623483789,-0.962914728,1.200000000,0.140377090
0,2262,1784881126.997703075,1222,12.220000407,6.629656861,-0.961017294,1.200000000,0.143822660
0,2262,1784881126.997703075,1223,12.230000407,6.635831886,-0.959101625,1.200000000,0.147243311
0,2262,1784881126.997703075,1224,12.240000407,6.642008767,-0.957167852,1.200000000,0.150639101
0,2262,1784881126.997703075,1225,12.250000407,6.648187408,-0.955216107,1.200000000,0.154010089
0,2262,1784881126.997703075,1226,12.260000407,6.654367707,-0.953246525,1.200000000,0.157356336
0,2262,1784881126.997703075,1227,12.270000407,6.660549567,-0.951259239,1.200000000,0.160677899
0,2262,1784881126.997703075,1228,12.280000407,6.666732884,-0.949254387,1.200000000,0.163974839
0,2262,1784881126.997703075,1229,12.290000407,6.672917558,-0.947232106,1.200000000,0.167247214
0,2262,1784881126.997703075,1230,12.300000407,6.679103483,-0.945192534,1.200000000,0.170495084
0,2262,1784881126.997703075,1231,12.310000407,6.685290557,-0.943135812,1.200000000,0.173718508
0,2262,1784881126.997703075,1232,12.320000407,6.691478673,-0.941062080,1.200000000,0.176917545
0,2262,1784881126.997703075,1233,12.330000407,6.697667725,-0.938971481,1.200000000,0.180092254
0,2262,1784881126.997703075,1234,12.340000407,6.703857604,-0.936864157,1.200000000,0.183242694
0,2262,1784881126.997703075,1235,12.350000407,6.710048203,-0.934740254,1.200000000,0.186368925
0,2262,1784881126.997703075,1236,12.360000407,6.716239412,-0.932599917,1.200000000,0.189471006
0,2262,1784881126.997703075,1237,12.370000407,6.722431120,-0.930443292,1.200000000,0.192548997
0,2262,1784881126.997703075,1238,12.380000407,6.728623216,-0.928270528,1.200000000,0.195602955
0,2262,1784881126.997703075,1239,12.390000407,6.734815587,-0.926081772,1.200000000,0.198632941
0,2262,1784881126.997703075,1240,12.400000407,6.741008122,-0.923877175,1.200000000,0.201639014
0,2262,1784881126.997703075,1241,12.410000407,6.747200704,-0.921656888,1.200000000,0.204621232
0,2262,1784881126.997703075,1242,12.420000407,6.753393221,-0.919421061,1.200000000,0.207579656
0,2262,1784881126.997703075,1243,12.430000407,6.759585555,-0.917169848,1.200000000,0.210514344
0,2262,1784881126.997703075,1244,12.440000407,6.765777592,-0.914903402,1.200000000,0.213425356
0,2262,1784881126.997703075,1245,12.450000407,6.771969213,-0.912621878,1.200000000,0.216312750
0,2262,1784881126.997703075,1246,12.460000407,6.778160301,-0.910325432,1.200000000,0.219176586
0,2262,1784881126.997703075,1247,12.470000407,6.784350738,-0.908014219,1.200000000,0.222016924
0,2262,1784881126.997703075,1248,12.480000407,6.790540405,-0.905688396,1.200000000,0.224833822
0,2262,1784881126.997703075,1249,12.490000407,6.796729181,-0.903348122,1.200000000,0.227627339
0,2262,1784881126.997703075,1250,12.500000407,6.802916946,-0.900993555,1.200000000,0.230397535
0,2262,1784881126.997703075,1251,12.510000407,6.809103580,-0.898624855,1.200000000,0.233144469
0,2262,1784881126.997703075,1252,12.520000407,6.815288961,-0.896242182,1.200000000,0.235868200
0,2262,1784881126.997703075,1253,12.530000407,6.821472968,-0.893845697,1.200000000,0.238568788
0,2262,1784881126.997703075,1254,12.540000407,6.827655477,-0.891435562,1.200000000,0.241246291
0,2262,1784881126.997703075,1255,12.550000407,6.833836366,-0.889011940,1.200000000,0.243900769
0,2262,1784881126.997703075,1256,12.560000407,6.840015511,-0.886574993,1.200000000,0.246532281
0,2262,1784881126.997703075,1257,12.570000407,6.846192789,-0.884124885,1.200000000,0.249140886
0,2262,1784881126.997703075,1258,12.580000407,6.852368075,-0.881661782,1.200000000,0.251726643
0,2262,1784881126.997703075,1259,12.590000407,6.858541246,-0.879185847,1.200000000,0.254289612
0,2262,1784881126.997703075,1260,12.600000407,6.864712176,-0.876697246,1.200000000,0.256829852
0,2262,1784881126.997703075,1261,12.610000407,6.870880740,-0.874196146,1.200000000,0.259347422
0,2262,1784881126.997703075,1262,12.620000407,6.877046812,-0.871682713,1.200000000,0.261842381
0,2262,1784881126.997703075,1263,12.630000407,6.883210268,-0.869157115,1.200000000,0.264314789
0,2262,1784881126.997703075,1264,12.640000407,6.889370981,-0.866619519,1.200000000,0.266764704
0,2262,1784881126.997703075,1265,12.650000407,6.895528826,-0.864070093,1.200000000,0.269192186
0,2262,1784881126.997703075,1266,12.660000407,6.901683676,-0.861509006,1.200000000,0.271597294
0,2262,1784881126.997703075,1267,12.670000407,6.907835404,-0.858936428,1.200000000,0.273980088
0,2262,1784881126.997703075,1268,12.680000407,6.913983885,-0.856352526,1.200000000,0.276340625
0,2262,1784881126.997703075,1269,12.690000407,6.920128992,-0.853757473,1.200000000,0.278678967
0,2262,1784881126.997703075,1270,12.700000407,6.926270599,-0.851151437,1.200000000,0.280995171
0,2262,1784881126.997703075,1271,12.710000407,6.932408578,-0.848534589,1.200000000,0.283289297
0,2262,1784881126.997703075,1272,12.720000407,6.938542805,-0.845907100,1.200000000,0.285561405
0,2262,1784881126.997703075,1273,12.730000407,6.944673151,-0.843269140,1.200000000,0.287811553
0,2262,1784881126.997703075,1274,12.740000407,6.950799491,-0.840620883,1.200000000,0.290039801
0,2262,1784881126.997703075,1275,12.750000407,6.956921699,-0.837962498,1.200000000,0.292246207
0,2262,1784881126.997703075,1276,12.760000407,6.963039648,-0.835294158,1.200000000,0.294430832
0,2262,1784881126.997703075,1277,12.770000407,6.969153212,-0.832616034,1.200000000,0.296593734
0,2262,1784881126.997703075,1278,12.780000407,6.975262267,-0.829928300,1.200000000,0.298734973
0,2262,1784881126.997703075,1279,12.790000407,6.981366685,-0.827231127,1.200000000,0.300854607
0,2262,1784881126.997703075,1280,12.800000407,6.987466342,-0.824524687,1.200000000,0.302952696
0,2262,1784881126.997703075,1281,12.810000407,6.993561113,-0.821809154,1.200000000,0.305029299
0,2262,1784881126.997703075,1282,12.820000407,6.999650873,-0.819084699,1.200000000,0.307084476
0,2262,1784881126.997703075,1283,12.830000407,7.005735498,-0.816351496,1.200000000,0.309118285
0,2262,1784881126.997703075,1284,12.840000407,7.011814864,-0.813609717,1.200000000,0.311130785
0,2262,1784881126.997703075,1285,12.850000407,7.017888846,-0.810859534,1.200000000,0.313122037
0,2262,1784881126.997703075,1286,12.860000407,7.023957322,-0.808101121,1.200000000,0.315092099
0,2262,1784881126.997703075,1287,12.870000407,7.030020169,-0.805334649,1.200000000,0.317041030
0,2262,1784881126.997703075,1288,12.880000407,7.036077265,-0.802560292,1.200000000,0.318968890
0,2262,1784881126.997703075,1289,12.890000407,7.042128488,-0.799778222,1.200000000,0.320875737
0,2262,1784881126.997703075,1290,12.900000407,7.048173716,-0.796988611,1.200000000,0.322761632
0,2262,1784881126.997703075,1291,12.910000407,7.054212829,-0.794191631,1.200000000,0.324626632
0,2262,1784881126.997703075,1292,12.920000407,7.060245706,-0.791387454,1.200000000,0.326470798
0,2262,1784881126.997703075,1293,12.930000407,7.066272229,-0.788576253,1.200000000,0.328294189
0,2262,1784881126.997703075,1294,12.940000407,7.072292277,-0.785758198,1.200000000,0.330096863
0,2262,1784881126.997703075,1295,12.950000407,7.078305734,-0.782933461,1.200000000,0.331878881
0,2262,1784881126.997703075,1296,12.960000407,7.084312481,-0.780102213,1.200000000,0.333640300
0,2262,1784881126.997703075,1297,12.970000407,7.090312401,-0.777264626,1.200000000,0.335381181
0,2262,1784881126.997703075,1298,12.980000407,7.096305378,-0.774420869,1.200000000,0.337101582
0,2262,1784881126.997703075,1299,12.990000407,7.102291297,-0.771571112,1.200000000,0.338801564
0,2262,1784881126.997703075,1300,13.000000407,7.108270043,-0.768715527,1.200000000,0.340481184
0,2262,1784881126.997703075,1301,13.010000407,7.114241503,-0.765854281,1.200000000,0.342140502
0,2262,1784881126.997703075,1302,13.020000407,7.120205563,-0.762987545,1.200000000,0.343779578
0,2262,1784881126.997703075,1303,13.030000407,7.126162112,-0.760115487,1.200000000,0.345398471
0,2262,1784881126.997703075,1304,13.040000407,7.132111038,-0.757238275,1.200000000,0.346997239
0,2262,1784881126.997703075,1305,13.050000407,7.138052231,-0.754356077,1.200000000,0.348575942
0,2262,1784881126.997703075,1306,13.060000407,7.143985581,-0.751469061,1.200000000,0.350134640
0,2262,1784881126.997703075,1307,13.070000407,7.149910981,-0.748577393,1.200000000,0.351673391
0,2262,1784881126.997703075,1308,13.080000407,7.155828322,-0.745681239,1.200000000,0.353192255
0,2262,1784881126.997703075,1309,13.090000407,7.161737499,-0.742780766,1.200000000,0.354691290
0,2262,1784881126.997703075,1310,13.100000407,7.167638406,-0.739876138,1.200000000,0.356170557
0,2262,1784881126.997703075,1311,13.110000407,7.173530938,-0.736967521,1.200000000,0.357630114
0,2262,1784881126.997703075,1312,13.120000407,7.179414993,-0.734055078,1.200000000,0.359070020
0,2262,1784881126.997703075,1313,13.130000407,7.185290468,-0.731138973,1.200000000,0.360490335
0,2262,1784881126.997703075,1314,13.140000407,7.191157262,-0.728219368,1.200000000,0.361891118
0,2262,1784881126.997703075,1315,13.150000407,7.197015275,-0.725296425,1.200000000,0.363272428
0,2262,1784881126.997703075,1316,13.160000407,7.202864409,-0.722370307,1.200000000,0.364634324
0,2262,1784881126.997703075,1317,13.170000407,7.208704565,-0.719441174,1.200000000,0.365976865
0,2262,1784881126.997703075,1318,13.180000407,7.214535648,-0.716509185,1.200000000,0.367300112
0,2262,1784881126.997703075,1319,13.190000407,7.220357563,-0.713574500,1.200000000,0.368604122
0,2262,1784881126.997703075,1320,13.200000407,7.226170214,-0.710637278,1.200000000,0.369888955
0,2262,1784881126.997703075,1321,13.210000407,7.231973510,-0.707697675,1.200000000,0.371154671
0,2262,1784881126.997703075,1322,13.220000407,7.237767360,-0.704755850,1.200000000,0.372401328
0,2262,1784881126.997703075,1323,13.230000407,7.243551672,-0.701811958,1.200000000,0.373628986
0,2262,1784881126.997703075,1324,13.240000407,7.249326359,-0.698866155,1.200000000,0.374837704
0,2262,1784881126.997703075,1325,13.250000407,7.255091332,-0.695918594,1.200000000,0.376027541
0,2262,1784881126.997703075,1326,13.260000407,7.260846505,-0.692969430,1.200000000,0.377198556
0,2262,1784881126.997703075,1327,13.270000407,7.266591795,-0.690018814,1.200000000,0.378350809
0,2262,1784881126.997703075,1328,13.280000407,7.272327116,-0.687066899,1.200000000,0.379484359
0,2262,1784881126.997703075,1329,13.290000407,7.278052388,-0.684113836,1.200000000,0.380599264
0,2262,1784881126.997703075,1330,13.300000407,7.283767529,-0.681159774,1.200000000,0.381695585
0,2262,1784881126.997703075,1331,13.310000407,7.289472460,-0.678204862,1.200000000,0.382773380
0,2262,1784881126.997703075,1332,13.320000407,7.295167104,-0.675249248,1.200000000,0.383832709
0,2262,1784881126.997703075,1333,13.330000407,7.300851384,-0.672293079,1.200000000,0.384873630
0,2262,1784881126.997703075,1334,13.340000407,7.306525225,-0.669336502,1.200000000,0.385896203
0,2262,1784881126.997703075,1335,13.350000407,7.312188553,-0.666379660,1.200000000,0.386900488
0,2262,1784881126.997703075,1336,13.360000407,7.317841298,-0.663422697,1.200000000,0.387886543
0,2262,1784881126.997703075,1337,13.370000407,7.323483387,-0.660465758,1.200000000,0.388854427
0,2262,1784881126.997703075,1338,13.380000407,7.329114753,-0.657508982,1.200000000,0.389804200
0,2262,1784881126.997703075,1339,13.390000407,7.334735327,-0.654552511,1.200000000,0.390735922
0,2262,1784881126.997703075,1340,13.400000407,7.340345044,-0.651596485,1.200000000,0.391649650
0,2262,1784881126.997703075,1341,13.410000407,7.345943839,-0.648641041,1.200000000,0.392545445
0,2262,1784881126.997703075,1342,13.420000407,7.351531650,-0.645686318,1.200000000,0.393423365
0,2262,1784881126.997703075,1343,13.430000407,7.357108415,-0.642732451,1.200000000,0.394283471
0,2262,1784881126.997703075,1344,13.440000407,7.362674075,-0.639779575,1.200000000,0.395125820
0,2262,1784881126.997703075,1345,13.450000407,7.368228570,-0.636827824,1.200000000,0.395950473
0,2262,1784881126.997703075,1346,13.460000407,7.373771845,-0.633877331,1.200000000,0.396757488
0,2262,1784881126.997703075,1347,13.470000407,7.379303844,-0.630928227,1.200000000,0.397546924
0,2262,1784881126.997703075,1348,13.480000407,7.384824514,-0.627980643,1.200000000,0.398318842
0,2262,1784881126.997703075,1349,13.490000407,7.390333802,-0.625034708,1.200000000,0.399073299
0,2262,1784881126.997703075,1350,13.500000407,7.395831660,-0.622090549,1.200000000,0.399810356
0,2262,1784881126.997703075,1351,13.510000407,7.401318037,-0.619148293,1.200000000,0.400530071
0,2262,1784881126.997703075,1352,13.520000407,7.406792886,-0.616208066,1.200000000,0.401232504
0,2262,1784881126.997703075,1353,13.530000407,7.412256163,-0.613269992,1.200000000,0.401917714
0,2262,1784881126.997703075,1354,13.540000407,7.417707822,-0.610334192,1.200000000,0.402585759
0,2262,1784881126.997703075,1355,13.550000407,7.423147822,-0.607400790,1.200000000,0.403236701
0,2262,1784881126.997703075,1356,13.560000407,7.428576122,-0.604469905,1.200000000,0.403870596
0,2262,1784881126.997703075,1357,13.570000407,7.433992682,-0.601541657,1.200000000,0.404487505
0,2262,1784881126.997703075,1358,13.580000407,7.439397465,-0.598616163,1.200000000,0.405087487
0,2262,1784881126.997703075,1359,13.590000407,7.444790435,-0.595693539,1.200000000,0.405670602
0,2262,1784881126.997703075,1360,13.600000407,7.450171557,-0.592773900,1.200000000,0.406236907
0,2262,1784881126.997703075,1361,13.610000407,7.455540799,-0.589857362,1.200000000,0.406786463
0,2262,1784881126.997703075,1362,13.620000407,7.460898129,-0.586944034,1.200000000,0.407319329
0,2262,1784881126.997703075,1363,13.630000407,7.466243517,-0.584034030,1.200000000,0.407835564
0,2262,1784881126.997703075,1364,13.640000407,7.471576935,-0.581127459,1.200000000,0.408335226
0,2262,1784881126.997703075,1365,13.650000407,7.476898357,-0.578224429,1.200000000,0.408818376
0,2262,1784881126.997703075,1366,13.660000407,7.482207758,-0.575325047,1.200000000,0.409285073
0,2262,1784881126.997703075,1367,13.670000407,7.487505113,-0.572429419,1.200000000,0.409735375
0,2262,1784881126.997703075,1368,13.680000407,7.492790401,-0.569537649,1.200000000,0.410169343
0,2262,1784881126.997703075,1369,13.690000407,7.498063602,-0.566649841,1.200000000,0.410587034
0,2262,1784881126.997703075,1370,13.700000407,7.503324697,-0.563766096,1.200000000,0.410988509
0,2262,1784881126.997703075,1371,13.710000407,7.508573667,-0.560886514,1.200000000,0.411373826
0,2262,1784881126.997703075,1372,13.720000407,7.513810497,-0.558011195,1.200000000,0.411743045
0,2262,1784881126.997703075,1373,13.730000407,7.519035173,-0.555140236,1.200000000,0.412096225
0,2262,1784881126.997703075,1374,13.740000407,7.524247681,-0.552273733,1.200000000,0.412433426
0,2262,1784881126.997703075,1375,13.750000407,7.529448010,-0.549411781,1.200000000,0.412754705
0,2262,1784881126.997703075,1376,13.760000407,7.534636149,-0.546554473,1.200000000,0.413060124
0,2262,1784881126.997703075,1377,13.770000407,7.539812090,-0.543701902,1.200000000,0.413349739
0,2262,1784881126.997703075,1378,13.780000407,7.544975826,-0.540854158,1.200000000,0.413623612
0,2262,1784881126.997703075,1379,13.790000407,7.550127350,-0.538011331,1.200000000,0.413881802
0,2262,1784881126.997703075,1380,13.800000407,7.555266657,-0.535173508,1.200000000,0.414124366
0,2262,1784881126.997703075,1381,13.810000407,7.560393745,-0.532340777,1.200000000,0.414351365
0,2262,1784881126.997703075,1382,13.820000407,7.565508612,-0.529513222,1.200000000,0.414562858
0,2262,1784881126.997703075,1383,13.830000407,7.570611256,-0.526690928,1.200000000,0.414758904
0,2262,1784881126.997703075,1384,13.840000407,7.575701678,-0.523873977,1.200000000,0.414939562
0,2262,1784881126.997703075,1385,13.850000407,7.580779880,-0.521062450,1.200000000,0.415104892
0,2262,1784881126.997703075,1386,13.860000407,7.585845866,-0.518256427,1.200000000,0.415254952
0,2262,1784881126.997703075,1387,13.870000407,7.590899638,-0.515455986,1.200000000,0.415389802
0,2262,1784881126.997703075,1388,13.880000407,7.595941203,-0.512661206,1.200000000,0.415509501
0,2262,1784881126.997703075,1389,13.890000407,7.600970568,-0.509872161,1.200000000,0.415614109
0,2262,1784881126.997703075,1390,13.900000407,7.605987739,-0.507088926,1.200000000,0.415703684
0,2262,1784881126.997703075,1391,13.910000407,7.610992725,-0.504311575,1.200000000,0.415778285
0,2262,1784881126.997703075,1392,13.920000407,7.615985537,-0.501540180,1.200000000,0.415837972
0,2262,1784881126.997703075,1393,13.930000407,7.620966186,-0.498774810,1.200000000,0.415882805
0,2262,1784881126.997703075,1394,13.940000407,7.625934682,-0.496015536,1.200000000,0.415912841
0,2262,1784881126.997703075,1395,13.950000407,7.630891038,-0.493262425,1.200000000,0.415928141
0,2262,1784881126.997703075,1396,13.960000407,7.635835269,-0.490515544,1.200000000,0.415928764
0,2262,1784881126.997703075,1397,13.970000407,7.640767389,-0.487774959,1.200000000,0.415914769
0,2262,1784881126.997703075,1398,13.980000407,7.645687414,-0.485040735,1.200000000,0.415886215
0,2262,1784881126.997703075,1399,13.990000407,7.650595358,-0.482312933,1.200000000,0.415843161
0,2262,1784881126.997703075,1400,14.000000407,7.655491241,-0.479591617,1.200000000,0.415785666
0,2262,1784881126.997703075,1401,14.010000407,7.660375078,-0.476876846,1.200000000,0.415713790
0,2262,1784881126.997703075,1402,14.020000407,7.665246890,-0.474168680,1.200000000,0.415627593
0,2262,1784881126.997703075,1403,14.030000407,7.670106694,-0.471467178,1.200000000,0.415527132
0,2262,1784881126.997703075,1404,14.040000407,7.674954511,-0.468772396,1.200000000,0.415412467
0,2262,1784881126.997703075,1405,14.050000407,7.679790360,-0.466084391,1.200000000,0.415283659
0,2262,1784881126.997703075,1406,14.060000407,7.684614263,-0.463403217,1.200000000,0.415140764
0,2262,1784881126.997703075,1407,14.070000407,7.689426241,-0.460728928,1.200000000,0.414983844
0,2262,1784881126.997703075,1408,14.080000407,7.694226315,-0.458061577,1.200000000,0.414812957
0,2262,1784881126.997703075,1409,14.090000407,7.699014508,-0.455401215,1.200000000,0.414628162
0,2262,1784881126.997703075,1410,14.100000407,7.703790842,-0.452747892,1.200000000,0.414429519
0,2262,1784881126.997703075,1411,14.110000407,7.708555339,-0.450101659,1.200000000,0.414217087
0,2262,1784881126.997703075,1412,14.120000407,7.713308023,-0.447462563,1.200000000,0.413990924
0,2262,1784881126.997703075,1413,14.130000407,7.718048917,-0.444830652,1.200000000,0.413751091
0,2262,1784881126.997703075,1414,14.140000407,7.722778044,-0.442205973,1.200000000,0.413497646
0,2262,1784881126.997703075,1415,14.150000407,7.727495427,-0.439588570,1.200000000,0.413230648
0,2262,1784881126.997703075,1416,14.160000407,7.732201089,-0.436978489,1.200000000,0.412950158
0,2262,1784881126.997703075,1417,14.170000407,7.736895054,-0.434375773,1.200000000,0.412656233
0,2262,1784881126.997703075,1418,14.180000407,7.741577345,-0.431780465,1.200000000,0.412348933
0,2262,1784881126.997703075,1419,14.190000407,7.746247984,-0.429192606,1.200000000,0.412028318
0,2262,1784881126.997703075,1420,14.200000407,7.750906996,-0.426612238,1.200000000,0.411694447
0,2262,1784881126.997703075,1421,14.210000407,7.755554401,-0.424039402,1.200000000,0.411347378
0,2262,1784881126.997703075,1422,14.220000407,7.760190222,-0.421474135,1.200000000,0.410987171
0,2262,1784881126.997703075,1423,14.230000407,7.764814482,-0.418916478,1.200000000,0.410613886
0,2262,1784881126.997703075,1424,14.240000407,7.769427200,-0.416366468,1.200000000,0.410227581
0,2262,1784881126.997703075,1425,14.250000407,7.774028398,-0.413824143,1.200000000,0.409828315
0,2262,1784881126.997703075,1426,14.260000407,7.778618097,-0.411289539,1.200000000,0.409416149
0,2262,1784881126.997703075,1427,14.270000407,7.783196314,-0.408762691,1.200000000,0.408991140
0,2262,1784881126.997703075,1428,14.280000407,7.787763069,-0.406243637,1.200000000,0.408553349
0,2262,1784881126.997703075,1429,14.290000407,7.792318380,-0.403732409,1.200000000,0.408102834
0,2262,1784881126.997703075,1430,14.300000407,7.796862263,-0.401229043,1.200000000,0.407639655
0,2262,1784881126.997703075,1431,14.310000407,7.801394735,-0.398733572,1.200000000,0.407163870
0,2262,1784881126.997703075,1432,14.320000407,7.805915809,-0.396246029,1.200000000,0.406675540
0,2262,1784881126.997703075,1433,14.330000407,7.810425501,-0.393766448,1.200000000,0.406174723
0,2262,1784881126.997703075,1434,14.340000407,7.814923823,-0.391294861,1.200000000,0.405661478
0,2262,1784881126.997703075,1435,14.350000407,7.819410785,-0.388831300,1.200000000,0.405135865
0,2262,1784881126.997703075,1436,14.360000407,7.823886398,-0.386375796,1.200000000,0.404597943
0,2262,1784881126.997703075,1437,14.370000407,7.828350669,-0.383928381,1.200000000,0.404047771
0,2262,1784881126.997703075,1438,14.380000407,7.832803607,-0.381489086,1.200000000,0.403485408
0,2262,1784881126.997703075,1439,14.390000407,7.837245215,-0.379057942,1.200000000,0.402910914
0,2262,1784881126.997703075,1440,14.400000407,7.841675499,-0.376634980,1.200000000,0.402324347
0,2262,1784881126.997703075,1441,14.410000407,7.846094458,-0.374220231,1.200000000,0.401725768
0,2262,1784881126.997703075,1442,14.420000407,7.850502094,-0.371813725,1.200000000,0.401115234
0,2262,1784881126.997703075,1443,14.430000407,7.854898404,-0.369415492,1.200000000,0.400492806
0,2262,1784881126.997703075,1444,14.440000407,7.859283384,-0.367025564,1.200000000,0.399858542
0,2262,1784881126.997703075,1445,14.450000407,7.863657028,-0.364643970,1.200000000,0.399212502
0,2262,1784881126.997703075,1446,14.460000407,7.868019326,-0.362270741,1.200000000,0.398554745
0,2262,1784881126.997703075,1447,14.470000407,7.872370269,-0.359905909,1.200000000,0.397885330
0,2262,1784881126.997703075,1448,14.480000407,7.876709842,-0.357549504,1.200000000,0.397204316
0,2262,1784881126.997703075,1449,14.490000407,7.881038030,-0.355201556,1.200000000,0.396511763
0,2262,1784881126.997703075,1450,14.500000407,7.885354813,-0.352862099,1.200000000,0.395807730
0,2262,1784881126.997703075,1451,14.510000407,7.889660171,-0.350531162,1.200000000,0.395092275
0,2262,1784881126.997703075,1452,14.520000407,7.893954080,-0.348208779,1.200000000,0.394365459
0,2262,1784881126.997703075,1453,14.530000407,7.898236512,-0.345894982,1.200000000,0.393627340
0,2262,1784881126.997703075,1454,14.540000407,7.902507436,-0.343589804,1.200000000,0.392877978
0,2262,1784881126.997703075,1455,14.550000407,7.906766820,-0.341293279,1.200000000,0.392117431
0,2262,1784881126.997703075,1456,14.560000407,7.911014627,-0.339005440,1.200000000,0.391345760
0,2262,1784881126.997703075,1457,14.570000407,7.915250816,-0.336726323,1.200000000,0.390563022
0,2262,1784881126.997703075,1458,14.580000407,7.919475344,-0.334455962,1.200000000,0.389769278
0,2262,1784881126.997703075,1459,14.590000407,7.923688164,-0.332194395,1.200000000,0.388964587
0,2262,1784881126.997703075,1460,14.600000407,7.927889225,-0.329941657,1.200000000,0.388149007
0,2262,1784881126.997703075,1461,14.610000407,7.932078471,-0.327697788,1.200000000,0.387322598
0,2262,1784881126.997703075,1462,14.620000407,7.936255844,-0.325462825,1.200000000,0.386485420
0,2262,1784881126.997703075,1463,14.630000407,7.940421281,-0.323236808,1.200000000,0.385637531
0,2262,1784881126.997703075,1464,14.640000407,7.944574715,-0.321019779,1.200000000,0.384778990
0,2262,1784881126.997703075,1465,14.650000407,7.948716074,-0.318811779,1.200000000,0.383909858
0,2262,1784881126.997703075,1466,14.660000407,7.952845282,-0.316612850,1.200000000,0.383030192
0,2262,1784881126.997703075,1467,14.670000407,7.956962259,-0.314423039,1.200000000,0.382140053
0,2262,1784881126.997703075,1468,14.680000407,7.961066920,-0.312242389,1.200000000,0.381239499
0,2262,1784881126.997703075,1469,14.690000407,7.965159174,-0.310070948,1.200000000,0.380328589
0,2262,1784881126.997703075,1470,14.700000407,7.969238926,-0.307908764,1.200000000,0.379407384
0,2262,1784881126.997703075,1471,14.710000407,7.973306075,-0.305755887,1.200000000,0.378475942
0,2262,1784881126.997703075,1472,14.720000407,7.977360518,-0.303612368,1.200000000,0.377534321
0,2262,1784881126.997703075,1473,14.730000407,7.981402141,-0.301478261,1.200000000,0.376582583
0,2262,1784881126.997703075,1474,14.740000407,7.985430830,-0.299353620,1.200000000,0.375620785
0,2262,1784881126.997703075,1475,14.750000407,7.989446462,-0.297238502,1.200000000,0.374648986
0,2262,1784881126.997703075,1476,14.760000407,7.993448908,-0.295132964,1.200000000,0.373667247
0,2262,1784881126.997703075,1477,14.770000407,7.997438036,-0.293037068,1.200000000,0.372675626
0,2262,1784881126.997703075,1478,14.780000407,8.001413706,-0.290950875,1.200000000,0.371674183
0,2262,1784881126.997703075,1479,14.790000407,8.005375770,-0.288874449,1.200000000,0.370662976
0,2262,1784881126.997703075,1480,14.800000407,8.009324078,-0.286807857,1.200000000,0.369642065
0,2262,1784881126.997703075,1481,14.810000407,8.013258468,-0.284751168,1.200000000,0.368611510
0,2262,1784881126.997703075,1482,14.820000407,8.017178776,-0.282704452,1.200000000,0.367571368
0,2262,1784881126.997703075,1483,14.830000407,8.021084830,-0.280667783,1.200000000,0.366521700
0,2262,1784881126.997703075,1484,14.840000407,8.024976449,-0.278641236,1.200000000,0.365462565
0,2262,1784881126.997703075,1485,14.850000407,8.028853446,-0.276624890,1.200000000,0.364394022
0,2262,1784881126.997703075,1486,14.860000407,8.032715628,-0.274618825,1.200000000,0.363316130
0,2262,1784881126.997703075,1487,14.870000407,8.036562794,-0.272623125,1.200000000,0.362228948
0,2262,1784881126.997703075,1488,14.880000407,8.040394732,-0.270637877,1.200000000,0.361132536
0,2262,1784881126.997703075,1489,14.890000407,8.044211228,-0.268663169,1.200000000,0.360026952
0,2262,1784881126.997703075,1490,14.900000407,8.048012056,-0.266699093,1.200000000,0.358912256
0,2262,1784881126.997703075,1491,14.910000407,8.051796982,-0.264745745,1.200000000,0.357788508
0,2262,1784881126.997703075,1492,14.920000407,8.055565766,-0.262803222,1.200000000,0.356655766
0,2262,1784881126.997703075,1493,14.930000407,8.059318158,-0.260871627,1.200000000,0.355514089
0,2262,1784881126.997703075,1494,14.940000407,8.063053898,-0.258951065,1.200000000,0.354363537
0,2262,1784881126.997703075,1495,14.950000407,8.066772720,-0.257041642,1.200000000,0.353204139
0,2262,1784881126.997703075,1496,14.960000407,8.070474348,-0.255143471,1.200000000,0.352035158
0,2262,1784881126.997703075,1497,14.970000407,8.074158496,-0.253256668,1.200000000,0.350855064
0,2262,1784881126.997703075,1498,14.980000407,8.077824869,-0.251381350,1.200000000,0.349662289
0,2262,1784881126.997703075,1499,14.990000407,8.081473162,-0.249517641,1.200000000,0.348455265
0,2262,1784881126.997703075,1500,15.000000407,8.085103063,-0.247665666,1.200000000,0.347232424
0,2262,1784881126.997703075,1501,15.010000407,8.088714246,-0.245825558,1.200000000,0.345992198
0,2262,1784881126.997703075,1502,15.020000407,8.092306379,-0.243997449,1.200000000,0.344733020
0,2262,1784881126.997703075,1503,15.030000407,8.095879116,-0.242181478,1.200000000,0.343453321
0,2262,1784881126.997703075,1504,15.040000407,8.099432103,-0.240377789,1.200000000,0.342151533
0,2262,1784881126.997703075,1505,15.050000407,8.102964976,-0.238586529,1.200000000,0.340826089
0,2262,1784881126.997703075,1506,15.060000407,8.106477358,-0.236807848,1.200000000,0.339475420
0,2262,1784881126.997703075,1507,15.070000407,8.109968863,-0.235041902,1.200000000,0.338097958
0,2262,1784881126.997703075,1508,15.080000407,8.113439095,-0.233288853,1.200000000,0.336692136
0,2262,1784881126.997703075,1509,15.090000407,8.116887644,-0.231548864,1.200000000,0.335256386
0,2262,1784881126.997703075,1510,15.100000407,8.120314092,-0.229822106,1.200000000,0.333789140
0,2262,1784881126.997703075,1511,15.110000407,8.123718007,-0.228108752,1.200000000,0.332288829
0,2262,1784881126.997703075,1512,15.120000407,8.127098950,-0.226408981,1.200000000,0.330753886
0,2262,1784881126.997703075,1513,15.130000407,8.130456467,-0.224722976,1.200000000,0.329182743
0,2262,1784881126.997703075,1514,15.140000407,8.133790094,-0.223050926,1.200000000,0.327573832
0,2262,1784881126.997703075,1515,15.150000407,8.137099358,-0.221393023,1.200000000,0.325925585
0,2262,1784881126.997703075,1516,15.160000407,8.140383771,-0.219749465,1.200000000,0.324236434
0,2262,1784881126.997703075,1517,15.170000407,8.143642838,-0.218120454,1.200000000,0.322504811
0,2262,1784881126.997703075,1518,15.180000407,8.146876051,-0.216506195,1.200000000,0.320729148
0,2262,1784881126.997703075,1519,15.190000407,8.150082893,-0.214906902,1.200000000,0.318907878
0,2262,1784881126.997703075,1520,15.200000407,8.153262833,-0.213322788,1.200000000,0.317039432
0,2262,1784881126.997703075,1521,15.210000407,8.156415335,-0.211754074,1.200000000,0.315122242
0,2262,1784881126.997703075,1522,15.220000407,8.159539848,-0.210200985,1.200000000,0.313154740
0,2262,1784881126.997703075,1523,15.230000407,8.162635814,-0.208663748,1.200000000,0.311135359
0,2262,1784881126.997703075,1524,15.240000407,8.165702666,-0.207142597,1.200000000,0.309062530
0,2262,1784881126.997703075,1525,15.250000407,8.168739827,-0.205637767,1.200000000,0.306934686
0,2262,1784881126.997703075,1526,15.260000407,8.171746711,-0.204149497,1.200000000,0.304750259
0,2262,1784881126.997703075,1527,15.270000407,8.174722725,-0.202678033,1.200000000,0.302507680
0,2262,1784881126.997703075,1528,15.280000407,8.177667267,-0.201223620,1.200000000,0.300205382
0,2262,1784881126.997703075,1529,15.290000407,8.180579728,-0.199786507,1.200000000,0.297841797
0,2262,1784881126.997703075,1530,15.300000407,8.183459495,-0.198366948,1.200000000,0.295415357
0,2262,1784881126.997703075,1531,15.310000407,8.186305947,-0.196965198,1.200000000,0.292924493
0,2262,1784881126.997703075,1532,15.320000407,8.189118456,-0.195581512,1.200000000,0.290367639
0,2262,1784881126.997703075,1533,15.330000407,8.191896394,-0.194216150,1.200000000,0.287743226
0,2262,1784881126.997703075,1534,15.340000407,8.194639126,-0.192869374,1.200000000,0.285049685
0,2262,1784881126.997703075,1535,15.350000407,8.197346016,-0.191541442,1.200000000,0.282285450
0,2262,1784881126.997703075,1536,15.360000407,8.200016424,-0.190232619,1.200000000,0.279448952
0,2262,1784881126.997703075,1537,15.370000407,8.202649712,-0.188943167,1.200000000,0.276538623
0,2262,1784881126.997703075,1538,15.380000407,8.205245240,-0.187673347,1.200000000,0.273552896
0,2262,1784881126.997703075,1539,15.390000407,8.207802369,-0.186423421,1.200000000,0.270490202
0,2262,1784881126.997703075,1540,15.400000407,8.210320465,-0.185193649,1.200000000,0.267348974
0,2262,1784881126.997703075,1541,15.410000407,8.212798895,-0.183984290,1.200000000,0.264127642
0,2262,1784881126.997703075,1542,15.420000407,8.215237032,-0.182795599,1.200000000,0.260824641
0,2262,1784881126.997703075,1543,15.430000407,8.217634254,-0.181627830,1.200000000,0.257438401
0,2262,1784881126.997703075,1544,15.440000407,8.219989948,-0.180481232,1.200000000,0.253967355
0,2262,1784881126.997703075,1545,15.450000407,8.222303511,-0.179356050,1.200000000,0.250409934
0,2262,1784881126.997703075,1546,15.460000407,8.224574348,-0.178252524,1.200000000,0.246764572
0,2262,1784881126.997703075,1547,15.470000407,8.226801878,-0.177170888,1.200000000,0.243029699
0,2262,1784881126.997703075,1548,15.480000407,8.228985535,-0.176111371,1.200000000,0.239203748
0,2262,1784881126.997703075,1549,15.490000407,8.231124767,-0.175074192,1.200000000,0.235285648
0,2262,1784881126.997703075,1550,15.500000407,8.233219040,-0.174059564,1.200000000,0.231278195
0,2262,1784881126.997703075,1551,15.510000407,8.235267840,-0.173067689,1.200000000,0.227185991
0,2262,1784881126.997703075,1552,15.520000407,8.237270676,-0.172098760,1.200000000,0.223013649
0,2262,1784881126.997703075,1553,15.530000407,8.239227078,-0.171152960,1.200000000,0.218765781
0,2262,1784881126.997703075,1554,15.540000407,8.241136605,-0.170230458,1.200000000,0.214446999
0,2262,1784881126.997703075,1555,15.550000407,8.242998842,-0.169331410,1.200000000,0.210061918
0,2262,1784881126.997703075,1556,15.560000407,8.244813404,-0.168455961,1.200000000,0.205615148
0,2262,1784881126.997703075,1557,15.570000407,8.246579940,-0.167604238,1.200000000,0.201111304
0,2262,1784881126.997703075,1558,15.580000407,8.248298132,-0.166776353,1.200000000,0.196554997
0,2262,1784881126.997703075,1559,15.590000407,8.249967700,-0.165972401,1.200000000,0.191950841
0,2262,1784881126.997703075,1560,15.600000407,8.251588403,-0.165192458,1.200000000,0.187303449
0,2262,1784881126.997703075,1561,15.610000407,8.253160041,-0.164436582,1.200000000,0.182617432
0,2262,1784881126.997703075,1562,15.620000407,8.254682457,-0.163704812,1.200000000,0.177897403
0,2262,1784881126.997703075,1563,15.630000407,8.256155539,-0.162997164,1.200000000,0.173147976
0,2262,1784881126.997703075,1564,15.640000407,8.257579225,-0.162313633,1.200000000,0.168373763
0,2262,1784881126.997703075,1565,15.650000407,8.258953500,-0.161654191,1.200000000,0.163579377
0,2262,1784881126.997703075,1566,15.660000407,8.260278399,-0.161018787,1.200000000,0.158769430
0,2262,1784881126.997703075,1567,15.670000407,8.261554014,-0.160407345,1.200000000,0.153948536
0,2262,1784881126.997703075,1568,15.680000407,8.262780489,-0.159819764,1.200000000,0.149121306
0,2262,1784881126.997703075,1569,15.690000407,8.263958024,-0.159255916,1.200000000,0.144292353
0,2262,1784881126.997703075,1570,15.700000407,8.265086878,-0.158715649,1.200000000,0.139466291
0,2262,1784881126.997703075,1571,15.710000407,8.266167368,-0.158198782,1.200000000,0.134647732
0,2262,1784881126.997703075,1572,15.720000407,8.267199872,-0.157705106,1.200000000,0.129841289
0,2262,1784881126.997703075,1573,15.730000407,8.268184827,-0.157234385,1.200000000,0.125051574
0,2262,1784881126.997703075,1574,15.740000407,8.269122734,-0.156786354,1.200000000,0.120283200
0,2262,1784881126.997703075,1575,15.750000407,8.270014156,-0.156360720,1.200000000,0.115540780
0,2262,1784881126.997703075,1576,15.760000407,8.270859717,-0.155957159,1.200000000,0.110828927
0,2262,1784881126.997703075,1577,15.770000407,8.271660108,-0.155575322,1.200000000,0.106152253
0,2262,1784881126.997703075,1578,15.780000407,8.272416079,-0.155214827,1.200000000,0.101515370
0,2262,1784881126.997703075,1579,15.790000407,8.273128445,-0.154875264,1.200000000,0.096922893
0,2262,1784881126.997703075,1580,15.800000407,8.273798084,-0.154556197,1.200000000,0.092379432
0,2262,1784881126.997703075,1581,15.810000407,8.274425933,-0.154257159,1.200000000,0.087889602
0,2262,1784881126.997703075,1582,15.820000407,8.275012994,-0.153977656,1.200000000,0.083458015
0,2262,1784881126.997703075,1583,15.830000407,8.275560324,-0.153717166,1.200000000,0.079089283
0,2262,1784881126.997703075,1584,15.840000407,8.276069042,-0.153475142,1.200000000,0.074788019
0,2262,1784881126.997703075,1585,15.850000407,8.276540321,-0.153251010,1.200000000,0.070558836
0,2262,1784881126.997703075,1586,15.860000407,8.276975388,-0.153044173,1.200000000,0.066406346
0,2262,1784881126.997703075,1587,15.870000407,8.277375523,-0.152854008,1.200000000,0.062335163
0,2262,1784881126.997703075,1588,15.880000407,8.277742054,-0.152679872,1.200000000,0.058349899
0,2262,1784881126.997703075,1589,15.890000407,8.278076356,-0.152521100,1.200000000,0.054455167
0,2262,1784881126.997703075,1590,15.900000407,8.278379845,-0.152377008,1.200000000,0.050655579
0,2262,1784881126.997703075,1591,15.910000407,8.278653977,-0.152246895,1.200000000,0.046955748
0,2262,1784881126.997703075,1592,15.920000407,8.278900242,-0.152130046,1.200000000,0.043360288
0,2262,1784881126.997703075,1593,15.930000407,8.279120160,-0.152025729,1.200000000,0.039873809
0,2262,1784881126.997703075,1594,15.940000407,8.279315275,-0.151933203,1.200000000,0.036500926
0,2262,1784881126.997703075,1595,15.950000407,8.279487153,-0.151851721,1.200000000,0.033246251
0,2262,1784881126.997703075,1596,15.960000407,8.279637373,-0.151780526,1.200000000,0.030114397
0,2262,1784881126.997703075,1597,15.970000407,8.279767522,-0.151718861,1.200000000,0.027109976
0,2262,1784881126.997703075,1598,15.980000407,8.279879187,-0.151665968,1.200000000,0.024237601
0,2262,1784881126.997703075,1599,15.990000407,8.279973950,-0.151621092,1.200000000,0.021501885
0,2262,1784881126.997703075,1600,16.000000407,8.280053381,-0.151583486,1.200000000,0.018907440
0,2262,1784881126.997703075,1601,16.010000407,8.280119028,-0.151552415,1.200000000,0.016458880
0,2262,1784881126.997703075,1602,16.020000407,8.280172408,-0.151527156,1.200000000,0.014160816
0,2262,1784881126.997703075,1603,16.030000407,8.280215000,-0.151507006,1.200000000,0.012017862
0,2262,1784881126.997703075,1604,16.040000407,8.280248237,-0.151491286,1.200000000,0.010034631
0,2262,1784881126.997703075,1605,16.050000407,8.280273490,-0.151479344,1.200000000,0.008215734
0,2262,1784881126.997703075,1606,16.060000407,8.280292066,-0.151470563,1.200000000,0.006565786
0,2262,1784881126.997703075,1607,16.070000407,8.280305189,-0.151464360,1.200000000,0.005089397
0,2262,1784881126.997703075,1608,16.080000407,8.280313993,-0.151460199,1.200000000,0.003791182
0,2262,1784881126.997703075,1609,16.090000407,8.280319510,-0.151457593,1.200000000,0.002675753
0,2262,1784881126.997703075,1610,16.100000407,8.280322655,-0.151456108,1.200000000,0.001747723
0,2262,1784881126.997703075,1611,16.110000407,8.280324213,-0.151455372,1.200000000,0.001011703
0,2262,1784881126.997703075,1612,16.120000407,8.280324828,-0.151455081,1.200000000,0.000472308
0,2262,1784881126.997703075,1613,16.130000407,8.280324986,-0.151455007,1.200000000,0.000134150
0,2262,1784881126.997703075,1614,16.140000407,8.280325000,-0.151455000,1.200000000,0.000001840
0,2262,1784881126.997703075,1615,16.141321622,8.280325000,-0.151455000,1.200000000,0.000000000
