trajectory_index,trajectory_id,trajectory_stamp,point_index,t,x,y,z,yaw
0,230,1784880989.955177069,0,0.000000134,-0.261959000,-0.006230000,1.200000000,-0.039639000
0,230,1784880989.955177069,1,0.010000134,-0.261958995,-0.006229999,1.200000000,-0.039641235
0,230,1784880989.955177069,2,0.020000134,-0.261958924,-0.006229992,1.200000000,-0.039647846
0,230,1784880989.955177069,3,0.030000134,-0.261958619,-0.006229960,1.200000000,-0.039658696
0,230,1784880989.955177069,4,0.040000134,-0.261957809,-0.006229874,1.200000000,-0.039673645
0,230,1784880989.955177069,5,0.050000134,-0.261956127,-0.006229697,1.200000000,-0.039692554
0,230,1784880989.955177069,6,0.060000134,-0.261953112,-0.006229379,1.200000000,-0.039715285
0,230,1784880989.955177069,7,0.070000134,-0.261948221,-0.006228863,1.200000000,-0.039741699
0,230,1784880989.955177069,8,0.080000134,-0.261940829,-0.006228083,1.200000000,-0.039771656
0,230,1784880989.955177069,9,0.090000134,-0.261930239,-0.006226966,1.200000000,-0.039805019
0,230,1784880989.955177069,10,0.100000134,-0.261915686,-0.006225432,1.200000000,-0.039841647
0,230,1784880989.955177069,11,0.110000134,-0.261896341,-0.006223392,1.200000000,-0.039881404
0,230,1784880989.955177069,12,0.120000134,-0.261871318,-0.006220754,1.200000000,-0.039924149
0,230,1784880989.955177069,13,0.130000134,-0.261839679,-0.006217419,1.200000000,-0.039969743
0,230,1784880989.955177069,14,0.140000134,-0.261800435,-0.006213283,1.200000000,-0.040018049
0,230,1784880989.955177069,15,0.150000134,-0.261752558,-0.006208238,1.200000000,-0.040068926
0,230,1784880989.955177069,16,0.160000134,-0.261694979,-0.006202172,1.200000000,-0.040122237
0,230,1784880989.955177069,17,0.170000134,-0.261626593,-0.006194967,1.200000000,-0.040177843
0,230,1784880989.955177069,18,0.180000134,-0.261546269,-0.006186507,1.200000000,-0.040235604
0,230,1784880989.955177069,19,0.190000134,-0.261452845,-0.006176668,1.200000000,-0.040295381
0,230,1784880989.955177069,20,0.200000134,-0.261345139,-0.006165327,1.200000000,-0.040357037
0,230,1784880989.955177069,21,0.210000134,-0.261221950,-0.006152357,1.200000000,-0.040420432
0,230,1784880989.955177069,22,0.220000134,-0.261082062,-0.006137632,1.200000000,-0.040485427
0,230,1784880989.955177069,23,0.230000134,-0.260924247,-0.006121022,1.200000000,-0.040551884
0,230,1784880989.955177069,24,0.240000134,-0.260747268,-0.006102399,1.200000000,-0.040619663
0,230,1784880989.955177069,25,0.250000134,-0.260549883,-0.006081631,1.200000000,-0.040688626
0,230,1784880989.955177069,26,0.260000134,-0.260330849,-0.006058590,1.200000000,-0.040758634
0,230,1784880989.955177069,27,0.270000134,-0.260088922,-0.006033144,1.200000000,-0.040829549
0,230,1784880989.955177069,28,0.280000134,-0.259822860,-0.006005166,1.200000000,-0.040901230
0,230,1784880989.955177069,29,0.290000134,-0.259531431,-0.005974524,1.200000000,-0.040973540
0,230,1784880989.955177069,30,0.300000134,-0.259213408,-0.005941093,1.200000000,-0.041046340
0,230,1784880989.955177069,31,0.310000134,-0.258867575,-0.005904745,1.200000000,-0.041119491
0,230,1784880989.955177069,32,0.320000134,-0.258492730,-0.005865354,1.200000000,-0.041192853
0,230,1784880989.955177069,33,0.330000134,-0.258087685,-0.005822799,1.200000000,-0.041266289
0,230,1784880989.955177069,34,0.340000134,-0.257651270,-0.005776955,1.200000000,-0.041339659
0,230,1784880989.955177069,35,0.350000134,-0.257182334,-0.005727706,1.200000000,-0.041412825
0,230,1784880989.955177069,36,0.360000134,-0.256679746,-0.005674932,1.200000000,-0.041485647
0,230,1784880989.955177069,37,0.370000134,-0.256142397,-0.005618519,1.200000000,-0.041557988
0,230,1784880989.955177069,38,0.380000134,-0.255569202,-0.005558355,1.200000000,-0.041629707
0,230,1784880989.955177069,39,0.390000134,-0.254959103,-0.005494331,1.200000000,-0.041700666
0,230,1784880989.955177069,40,0.400000134,-0.254311066,-0.005426339,1.200000000,-0.041770727
0,230,1784880989.955177069,41,0.410000134,-0.253624087,-0.005354277,1.200000000,-0.041839751
0,230,1784880989.955177069,42,0.420000134,-0.252897190,-0.005278043,1.200000000,-0.041907598
0,230,1784880989.955177069,43,0.430000134,-0.252129429,-0.005197542,1.200000000,-0.041974130
0,230,1784880989.955177069,44,0.440000134,-0.251319889,-0.005112678,1.200000000,-0.042039208
0,230,1784880989.955177069,45,0.450000134,-0.250467688,-0.005023362,1.200000000,-0.042102693
0,230,1784880989.955177069,46,0.460000134,-0.249571975,-0.004929507,1.200000000,-0.042164447
0,230,1784880989.955177069,47,0.470000134,-0.248631933,-0.004831030,1.200000000,-0.042224330
0,230,1784880989.955177069,48,0.480000134,-0.247646779,-0.004727850,1.200000000,-0.042282204
0,230,1784880989.955177069,49,0.490000134,-0.246615764,-0.004619893,1.200000000,-0.042337930
0,230,1784880989.955177069,50,0.500000134,-0.245538174,-0.004507086,1.200000000,-0.042391369
0,230,1784880989.955177069,51,0.510000134,-0.244413331,-0.004389361,1.200000000,-0.042442383
0,230,1784880989.955177069,52,0.520000134,-0.243240590,-0.004266653,1.200000000,-0.042490831
0,230,1784880989.955177069,53,0.530000134,-0.242019345,-0.004138902,1.200000000,-0.042536577
0,230,1784880989.955177069,54,0.540000134,-0.240749023,-0.004006050,1.200000000,-0.042579480
0,230,1784880989.955177069,55,0.550000134,-0.239429089,-0.003868046,1.200000000,-0.042619402
0,230,1784880989.955177069,56,0.560000134,-0.238059042,-0.003724839,1.200000000,-0.042656204
0,230,1784880989.955177069,57,0.570000134,-0.236638418,-0.003576385,1.200000000,-0.042689748
0,230,1784880989.955177069,58,0.580000134,-0.235166789,-0.003422642,1.200000000,-0.042719894
0,230,1784880989.955177069,59,0.590000134,-0.233643761,-0.003263573,1.200000000,-0.042746503
0,230,1784880989.955177069,60,0.600000134,-0.232068977,-0.003099143,1.200000000,-0.042769438
0,230,1784880989.955177069,61,0.610000134,-0.230442114,-0.002929323,1.200000000,-0.042788558
0,230,1784880989.955177069,62,0.620000134,-0.228762884,-0.002754086,1.200000000,-0.042803725
0,230,1784880989.955177069,63,0.630000134,-0.227031033,-0.002573410,1.200000000,-0.042814801
0,230,1784880989.955177069,64,0.640000134,-0.225246342,-0.002387275,1.200000000,-0.042821646
0,230,1784880989.955177069,65,0.650000134,-0.223408624,-0.002195667,1.200000000,-0.042824122
0,230,1784880989.955177069,66,0.660000134,-0.221517726,-0.001998572,1.200000000,-0.042822090
0,230,1784880989.955177069,67,0.670000134,-0.219573526,-0.001795983,1.200000000,-0.042815411
0,230,1784880989.955177069,68,0.680000134,-0.217575936,-0.001587894,1.200000000,-0.042803946
0,230,1784880989.955177069,69,0.690000134,-0.215524896,-0.001374303,1.200000000,-0.042787556
0,230,1784880989.955177069,70,0.700000134,-0.213420380,-0.001155213,1.200000000,-0.042766103
0,230,1784880989.955177069,71,0.710000134,-0.211262389,-0.000930627,1.200000000,-0.042739447
0,230,1784880989.955177069,72,0.720000134,-0.209050955,-0.000700554,1.200000000,-0.042707450
0,230,1784880989.955177069,73,0.730000134,-0.206786137,-0.000465003,1.200000000,-0.042669974
0,230,1784880989.955177069,74,0.740000134,-0.204468022,-0.000223990,1.200000000,-0.042626878
0,230,1784880989.955177069,75,0.750000134,-0.202096725,0.000022471,1.200000000,-0.042578025
0,230,1784880989.955177069,76,0.760000134,-0.199672386,0.000274359,1.200000000,-0.042523275
0,230,1784880989.955177069,77,0.770000134,-0.197195171,0.000531653,1.200000000,-0.042462490
0,230,1784880989.955177069,78,0.780000134,-0.194665269,0.000794328,1.200000000,-0.042395531
0,230,1784880989.955177069,79,0.790000134,-0.192082894,0.001062357,1.200000000,-0.042322259
0,230,1784880989.955177069,80,0.800000134,-0.189448282,0.001335710,1.200000000,-0.042242536
0,230,1784880989.955177069,81,0.810000134,-0.186761692,0.001614356,1.200000000,-0.042156221
0,230,1784880989.955177069,82,0.820000134,-0.184023404,0.001898262,1.200000000,-0.042063177
0,230,1784880989.955177069,83,0.830000134,-0.181233717,0.002187389,1.200000000,-0.041963265
0,230,1784880989.955177069,84,0.840000134,-0.178392950,0.002481702,1.200000000,-0.041856346
0,230,1784880989.955177069,85,0.850000134,-0.175501442,0.002781159,1.200000000,-0.041742281
0,230,1784880989.955177069,86,0.860000134,-0.172559549,0.003085718,1.200000000,-0.041620931
0,230,1784880989.955177069,87,0.870000134,-0.169567643,0.003395336,1.200000000,-0.041492171
0,230,1784880989.955177069,88,0.880000134,-0.166526113,0.003709968,1.200000000,-0.041356012
0,230,1784880989.955177069,89,0.890000134,-0.163435364,0.004029566,1.200000000,-0.041212547
0,230,1784880989.955177069,90,0.900000134,-0.160295815,0.004354082,1.200000000,-0.041061870
0,230,1784880989.955177069,91,0.910000134,-0.157107899,0.004683466,1.200000000,-0.040904075
0,230,1784880989.955177069,92,0.920000134,-0.153872061,0.005017666,1.200000000,-0.040739255
0,230,1784880989.955177069,93,0.930000134,-0.150588761,0.005356631,1.200000000,-0.040567504
0,230,1784880989.955177069,94,0.940000134,-0.147258469,0.005700306,1.200000000,-0.040388915
0,230,1784880989.955177069,95,0.950000134,-0.143881666,0.006048636,1.200000000,-0.040203583
0,230,1784880989.955177069,96,0.960000134,-0.140458844,0.006401566,1.200000000,-0.040011602
0,230,1784880989.955177069,97,0.970000134,-0.136990503,0.006759038,1.200000000,-0.039813064
0,230,1784880989.955177069,98,0.980000134,-0.133477155,0.007120996,1.200000000,-0.039608063
0,230,1784880989.955177069,99,0.990000134,-0.129919317,0.007487380,1.200000000,-0.039396695
0,230,1784880989.955177069,100,1.000000134,-0.126317517,0.007858131,1.200000000,-0.039179051
0,230,1784880989.955177069,101,1.010000134,-0.122672287,0.008233190,1.200000000,-0.038955226
0,230,1784880989.955177069,102,1.020000134,-0.118984168,0.008612495,1.200000000,-0.038725314
0,230,1784880989.955177069,103,1.030000134,-0.115253706,0.008995985,1.200000000,-0.038489408
0,230,1784880989.955177069,104,1.040000134,-0.111481452,0.009383599,1.200000000,-0.038247602
0,230,1784880989.955177069,105,1.050000134,-0.107667962,0.009775275,1.200000000,-0.037999989
0,230,1784880989.955177069,106,1.060000134,-0.103813796,0.010170951,1.200000000,-0.037746665
0,230,1784880989.955177069,107,1.070000134,-0.099919519,0.010570563,1.200000000,-0.037487721
0,230,1784880989.955177069,108,1.080000134,-0.095985698,0.010974049,1.200000000,-0.037223253
0,230,1784880989.955177069,109,1.090000134,-0.092012902,0.011381345,1.200000000,-0.036953353
0,230,1784880989.955177069,110,1.100000134,-0.088001705,0.011792389,1.200000000,-0.036678115
0,230,1784880989.955177069,111,1.110000134,-0.083952680,0.012207117,1.200000000,-0.036397634
0,230,1784880989.955177069,112,1.120000134,-0.079866402,0.012625465,1.200000000,-0.036112002
0,230,1784880989.955177069,113,1.130000134,-0.075743447,0.013047371,1.200000000,-0.035821315
0,230,1784880989.955177069,114,1.140000134,-0.071584392,0.013472771,1.200000000,-0.035525664
0,230,1784880989.955177069,115,1.150000134,-0.067389812,0.013901602,1.200000000,-0.035225145
0,230,1784880989.955177069,116,1.160000134,-0.063160284,0.014333800,1.200000000,-0.034919850
0,230,1784880989.955177069,117,1.170000134,-0.058896382,0.014769304,1.200000000,-0.034609874
0,230,1784880989.955177069,118,1.180000134,-0.054598680,0.015208051,1.200000000,-0.034295310
0,230,1784880989.955177069,119,1.190000134,-0.050267750,0.015649979,1.200000000,-0.033976253
0,230,1784880989.955177069,120,1.200000134,-0.045904161,0.016095025,1.200000000,-0.033652795
0,230,1784880989.955177069,121,1.210000134,-0.041508481,0.016543128,1.200000000,-0.033325030
0,230,1784880989.955177069,122,1.220000134,-0.037081273,0.016994228,1.200000000,-0.032993053
0,230,1784880989.955177069,123,1.230000134,-0.032623101,0.017448264,1.200000000,-0.032656956
0,230,1784880989.955177069,124,1.240000134,-0.028134520,0.017905176,1.200000000,-0.032316834
0,230,1784880989.955177069,125,1.250000134,-0.023616087,0.018364905,1.200000000,-0.031972781
0,230,1784880989.955177069,126,1.260000134,-0.019068350,0.018827391,1.200000000,-0.031624889
0,230,1784880989.955177069,127,1.270000134,-0.014491856,0.019292576,1.200000000,-0.031273254
0,230,1784880989.955177069,128,1.280000134,-0.009887145,0.019760403,1.200000000,-0.030917968
0,230,1784880989.955177069,129,1.290000134,-0.005254754,0.020230815,1.200000000,-0.030559125
0,230,1784880989.955177069,130,1.300000134,-0.000595213,0.020703756,1.200000000,-0.030196820
0,230,1784880989.955177069,131,1.310000134,0.004090951,0.021179170,1.200000000,-0.029831145
0,230,1784880989.955177069,132,1.320000134,0.008803220,0.021657002,1.200000000,-0.029462195
0,230,1784880989.955177069,133,1.330000134,0.013541080,0.022137199,1.200000000,-0.029090063
0,230,1784880989.955177069,134,1.340000134,0.018304022,0.022619707,1.200000000,-0.028714843
0,230,1784880989.955177069,135,1.350000134,0.023091546,0.023104475,1.200000000,-0.028336628
0,230,1784880989.955177069,136,1.360000134,0.027903157,0.023591451,1.200000000,-0.027955513
0,230,1784880989.955177069,137,1.370000134,0.032738367,0.024080584,1.200000000,-0.027571592
0,230,1784880989.955177069,138,1.380000134,0.037596695,0.024571825,1.200000000,-0.027184957
0,230,1784880989.955177069,139,1.390000134,0.042477668,0.025065125,1.200000000,-0.026795702
0,230,1784880989.955177069,140,1.400000134,0.047380819,0.025560438,1.200000000,-0.026403922
0,230,1784880989.955177069,141,1.410000134,0.052305689,0.026057715,1.200000000,-0.026009711
0,230,1784880989.955177069,142,1.420000134,0.057251826,0.026556911,1.200000000,-0.025613161
0,230,1784880989.955177069,143,1.430000134,0.062218788,0.027057983,1.200000000,-0.025214366
0,230,1784880989.955177069,144,1.440000134,0.067206138,0.027560885,1.200000000,-0.024813421
0,230,1784880989.955177069,145,1.450000134,0.072213450,0.028065577,1.200000000,-0.024410419
0,230,1784880989.955177069,146,1.460000134,0.077240303,0.028572015,1.200000000,-0.024005453
0,230,1784880989.955177069,147,1.470000134,0.082286286,0.029080160,1.200000000,-0.023598618
0,230,1784880989.955177069,148,1.480000134,0.087350996,0.029589972,1.200000000,-0.023190007
0,230,1784880989.955177069,149,1.490000134,0.092434040,0.030101414,1.200000000,-0.022779714
0,230,1784880989.955177069,150,1.500000134,0.097535031,0.030614447,1.200000000,-0.022367833
0,230,1784880989.955177069,151,1.510000134,0.102653591,0.031129037,1.200000000,-0.021954457
0,230,1784880989.955177069,152,1.520000134,0.107789353,0.031645147,1.200000000,-0.021539681
0,230,1784880989.955177069,153,1.530000134,0.112941957,0.032162745,1.200000000,-0.021123597
0,230,1784880989.955177069,154,1.540000134,0.118111050,0.032681798,1.200000000,-0.020706300
0,230,1784880989.955177069,155,1.550000134,0.123296293,0.033202274,1.200000000,-0.020287883
0,230,1784880989.955177069,156,1.560000134,0.128497350,0.033724143,1.200000000,-0.019868440
0,230,1784880989.955177069,157,1.570000134,0.133713897,0.034247377,1.200000000,-0.019448065
0,230,1784880989.955177069,158,1.580000134,0.138945620,0.034771946,1.200000000,-0.019026851
0,230,1784880989.955177069,159,1.590000134,0.144192211,0.035297825,1.200000000,-0.018604893
0,230,1784880989.955177069,160,1.600000134,0.149453373,0.035824987,1.200000000,-0.018182283
0,230,1784880989.955177069,161,1.610000134,0.154728818,0.036353409,1.200000000,-0.017759117
0,230,1784880989.955177069,162,1.620000134,0.160018265,0.036883066,1.200000000,-0.017335486
0,230,1784880989.955177069,163,1.630000134,0.165321444,0.037413938,1.200000000,-0.016911486
0,230,1784880989.955177069,164,1.640000134,0.170638094,0.037946003,1.200000000,-0.016487210
0,230,1784880989.955177069,165,1.650000134,0.175967962,0.038479241,1.200000000,-0.016062752
0,230,1784880989.955177069,166,1.660000134,0.181310803,0.039013633,1.200000000,-0.015638204
0,230,1784880989.955177069,167,1.670000134,0.186666383,0.039549164,1.200000000,-0.015213662
0,230,1784880989.955177069,168,1.680000134,0.192034476,0.040085815,1.200000000,-0.014789219
0,230,1784880989.955177069,169,1.690000134,0.197414865,0.040623573,1.200000000,-0.014364968
0,230,1784880989.955177069,170,1.700000134,0.202807340,0.041162423,1.200000000,-0.013941004
0,230,1784880989.955177069,171,1.710000134,0.208211702,0.041702353,1.200000000,-0.013517419
0,230,1784880989.955177069,172,1.720000134,0.213627759,0.042243351,1.200000000,-0.013094309
0,230,1784880989.955177069,173,1.730000134,0.219055329,0.042785406,1.200000000,-0.012671765
0,230,1784880989.955177069,174,1.740000134,0.224494237,0.043328510,1.200000000,-0.012249883
0,230,1784880989.955177069,175,1.750000134,0.229944318,0.043872655,1.200000000,-0.011828756
0,230,1784880989.955177069,176,1.760000134,0.235405415,0.044417833,1.200000000,-0.011408478
0,230,1784880989.955177069,177,1.770000134,0.240877377,0.044964038,1.200000000,-0.010989142
0,230,1784880989.955177069,178,1.780000134,0.246360064,0.045511265,1.200000000,-0.010570842
0,230,1784880989.955177069,179,1.790000134,0.251853343,0.046059512,1.200000000,-0.010153672
0,230,1784880989.955177069,180,1.800000134,0.257357089,0.046608775,1.200000000,-0.009737726
0,230,1784880989.955177069,181,1.810000134,0.262871185,0.047159052,1.200000000,-0.009323097
0,230,1784880989.955177069,182,1.820000134,0.268395520,0.047710345,1.200000000,-0.008909879
0,230,1784880989.955177069,183,1.830000134,0.273929995,0.048262651,1.200000000,-0.008498165
0,230,1784880989.955177069,184,1.840000134,0.279474514,0.048815975,1.200000000,-0.008088051
0,230,1784880989.955177069,185,1.850000134,0.285028990,0.049370318,1.200000000,-0.007679628
0,230,1784880989.955177069,186,1.860000134,0.290593345,0.049925683,1.200000000,-0.007272992
0,230,1784880989.955177069,187,1.870000134,0.296167506,0.050482077,1.200000000,-0.006868235
0,230,1784880989.955177069,188,1.880000134,0.301751407,0.051039503,1.200000000,-0.006465451
0,230,1784880989.955177069,189,1.890000134,0.307344992,0.051597969,1.200000000,-0.006064735
0,230,1784880989.955177069,190,1.900000134,0.312948207,0.052157483,1.200000000,-0.005666180
0,230,1784880989.955177069,191,1.910000134,0.318561008,0.052718053,1.200000000,-0.005269879
0,230,1784880989.955177069,192,1.920000134,0.324183357,0.053279689,1.200000000,-0.004875927
0,230,1784880989.955177069,193,1.930000134,0.329815222,0.053842401,1.200000000,-0.004484417
0,230,1784880989.955177069,194,1.940000134,0.335456577,0.054406200,1.200000000,-0.004095443
0,230,1784880989.955177069,195,1.950000134,0.341107402,0.054971098,1.200000000,-0.003709098
0,230,1784880989.955177069,196,1.960000134,0.346767684,0.055537109,1.200000000,-0.003325476
0,230,1784880989.955177069,197,1.970000134,0.352437415,0.056104247,1.200000000,-0.002944672
0,230,1784880989.955177069,198,1.980000134,0.358116593,0.056672526,1.200000000,-0.002566778
0,230,1784880989.955177069,199,1.990000134,0.363805220,0.057241961,1.200000000,-0.002191889
0,230,1784880989.955177069,200,2.000000134,0.369503305,0.057812570,1.200000000,-0.001820098
0,230,1784880989.955177069,201,2.010000134,0.375210861,0.058384368,1.200000000,-0.001451499
0,230,1784880989.955177069,202,2.020000134,0.380927907,0.058957375,1.200000000,-0.001086186
0,230,1784880989.955177069,203,2.030000134,0.386654467,0.059531609,1.200000000,-0.000724252
0,230,1784880989.955177069,204,2.040000134,0.392390568,0.060107089,1.200000000,-0.000365791
0,230,1784880989.955177069,205,2.050000134,0.398136243,0.060683835,1.200000000,-0.000010897
0,230,1784880989.955177069,206,2.060000134,0.403891529,0.061261867,1.200000000,0.000340337
0,230,1784880989.955177069,207,2.070000134,0.409656466,0.061841208,1.200000000,0.000687816
0,230,1784880989.955177069,208,2.080000134,0.415431100,0.062421880,1.200000000,0.001031447
0,230,1784880989.955177069,209,2.090000134,0.421215479,0.063003904,1.200000000,0.001371136
0,230,1784880989.955177069,210,2.100000134,0.427009655,0.063587305,1.200000000,0.001706789
0,230,1784880989.955177069,211,2.110000134,0.432813685,0.064172105,1.200000000,0.002038314
0,230,1784880989.955177069,212,2.120000134,0.438627628,0.064758331,1.200000000,0.002365615
0,230,1784880989.955177069,213,2.130000134,0.444451545,0.065346005,1.200000000,0.002688600
0,230,1784880989.955177069,214,2.140000134,0.450285502,0.065935155,1.200000000,0.003007174
0,230,1784880989.955177069,215,2.150000134,0.456129567,0.066525805,1.200000000,0.003321244
0,230,1784880989.955177069,216,2.160000134,0.461983811,0.067117983,1.200000000,0.003630716
0,230,1784880989.955177069,217,2.170000134,0.467848306,0.067711715,1.200000000,0.003935497
0,230,1784880989.955177069,218,2.180000134,0.473723127,0.068307029,1.200000000,0.004235492
0,230,1784880989.955177069,219,2.190000134,0.479608352,0.068903952,1.200000000,0.004530608
0,230,1784880989.955177069,220,2.200000134,0.485504061,0.069502513,1.200000000,0.004820751
0,230,1784880989.955177069,221,2.210000134,0.491410333,0.070102740,1.200000000,0.005105828
0,230,1784880989.955177069,222,2.220000134,0.497327252,0.070704662,1.200000000,0.005385744
0,230,1784880989.955177069,223,2.230000134,0.503254901,0.071308308,1.200000000,0.005660406
0,230,1784880989.955177069,224,2.240000134,0.509193365,0.071913708,1.200000000,0.005929721
0,230,1784880989.955177069,225,2.250000134,0.515142731,0.072520891,1.200000000,0.006193594
0,230,1784880989.955177069,226,2.260000134,0.521103086,0.073129888,1.200000000,0.006451932
0,230,1784880989.955177069,227,2.270000134,0.527074517,0.073740730,1.200000000,0.006704640
0,230,1784880989.955177069,228,2.280000134,0.533057113,0.074353445,1.200000000,0.006951627
0,230,1784880989.955177069,229,2.290000134,0.539050962,0.074968066,1.200000000,0.007192796
0,230,1784880989.955177069,230,2.300000134,0.545056154,0.075584624,1.200000000,0.007428056
0,230,1784880989.955177069,231,2.310000134,0.551072778,0.076203149,1.200000000,0.007657312
0,230,1784880989.955177069,232,2.320000134,0.557100921,0.076823672,1.200000000,0.007880470
0,230,1784880989.955177069,233,2.330000134,0.563140674,0.077446226,1.200000000,0.008097437
0,230,1784880989.955177069,234,2.340000134,0.569192124,0.078070841,1.200000000,0.008308118
0,230,1784880989.955177069,235,2.350000134,0.575255360,0.078697549,1.200000000,0.008512421
0,230,1784880989.955177069,236,2.360000134,0.581330468,0.079326382,1.200000000,0.008710252
0,230,1784880989.955177069,237,2.370000134,0.587417535,0.079957371,1.200000000,0.008901516
0,230,1784880989.955177069,238,2.380000134,0.593516646,0.080590548,1.200000000,0.009086120
0,230,1784880989.955177069,239,2.390000134,0.599627884,0.081225945,1.200000000,0.009263970
0,230,1784880989.955177069,240,2.400000134,0.605751334,0.081863593,1.200000000,0.009434973
0,230,1784880989.955177069,241,2.410000134,0.611887077,0.082503525,1.200000000,0.009599035
0,230,1784880989.955177069,242,2.420000134,0.618035192,0.083145771,1.200000000,0.009756061
0,230,1784880989.955177069,243,2.430000134,0.624195758,0.083790363,1.200000000,0.009905960
0,230,1784880989.955177069,244,2.440000134,0.630368852,0.084437332,1.200000000,0.010048635
0,230,1784880989.955177069,245,2.450000134,0.636554548,0.085086710,1.200000000,0.010183995
0,230,1784880989.955177069,246,2.460000134,0.642752919,0.085738528,1.200000000,0.010311946
0,230,1784880989.955177069,247,2.470000134,0.648964036,0.086392817,1.200000000,0.010432465
0,230,1784880989.955177069,248,2.480000134,0.655187966,0.087049607,1.200000000,0.010545644
0,230,1784880989.955177069,249,2.490000134,0.661424776,0.087708930,1.200000000,0.010651586
0,230,1784880989.955177069,250,2.500000134,0.667674530,0.088370816,1.200000000,0.010750396
0,230,1784880989.955177069,251,2.510000134,0.673937288,0.089035294,1.200000000,0.010842176
0,230,1784880989.955177069,252,2.520000134,0.680213108,0.089702396,1.200000000,0.010927030
0,230,1784880989.955177069,253,2.530000134,0.686502047,0.090372150,1.200000000,0.011005062
0,230,1784880989.955177069,254,2.540000134,0.692804157,0.091044586,1.200000000,0.011076373
0,230,1784880989.955177069,255,2.550000134,0.699119488,0.091719733,1.200000000,0.011141069
0,230,1784880989.955177069,256,2.560000134,0.705448087,0.092397621,1.200000000,0.011199251
0,230,1784880989.955177069,257,2.570000134,0.711789997,0.093078277,1.200000000,0.011251025
0,230,1784880989.955177069,258,2.580000134,0.718145260,0.093761731,1.200000000,0.011296492
0,230,1784880989.955177069,259,2.590000134,0.724513913,0.094448009,1.200000000,0.011335756
0,230,1784880989.955177069,260,2.600000134,0.730895990,0.095137140,1.200000000,0.011368921
0,230,1784880989.955177069,261,2.610000134,0.737291522,0.095829150,1.200000000,0.011396090
0,230,1784880989.955177069,262,2.620000134,0.743700536,0.096524067,1.200000000,0.011417366
0,230,1784880989.955177069,263,2.630000134,0.750123058,0.097221916,1.200000000,0.011432853
0,230,1784880989.955177069,264,2.640000134,0.756559106,0.097922724,1.200000000,0.011442654
0,230,1784880989.955177069,265,2.650000134,0.763008699,0.098626516,1.200000000,0.011446873
0,230,1784880989.955177069,266,2.660000134,0.769471849,0.099333318,1.200000000,0.011445612
0,230,1784880989.955177069,267,2.670000134,0.775948567,0.100043153,1.200000000,0.011438975
0,230,1784880989.955177069,268,2.680000134,0.782438858,0.100756047,1.200000000,0.011427066
0,230,1784880989.955177069,269,2.690000134,0.788942725,0.101472022,1.200000000,0.011409987
0,230,1784880989.955177069,270,2.700000134,0.795460167,0.102191103,1.200000000,0.011387843
0,230,1784880989.955177069,271,2.710000134,0.801991178,0.102913312,1.200000000,0.011360736
0,230,1784880989.955177069,272,2.720000134,0.808535749,0.103638670,1.200000000,0.011328770
0,230,1784880989.955177069,273,2.730000134,0.815093868,0.104367201,1.200000000,0.011292048
0,230,1784880989.955177069,274,2.740000134,0.821665518,0.105098924,1.200000000,0.011250674
0,230,1784880989.955177069,275,2.750000134,0.828250679,0.105833861,1.200000000,0.011204751
0,230,1784880989.955177069,276,2.760000134,0.834849326,0.106572032,1.200000000,0.011154382
0,230,1784880989.955177069,277,2.770000134,0.841461430,0.107313456,1.200000000,0.011099670
0,230,1784880989.955177069,278,2.780000134,0.848086960,0.108058152,1.200000000,0.011040720
0,230,1784880989.955177069,279,2.790000134,0.854725879,0.108806139,1.200000000,0.010977634
0,230,1784880989.955177069,280,2.800000134,0.861378148,0.109557434,1.200000000,0.010910515
0,230,1784880989.955177069,281,2.810000134,0.868043722,0.110312055,1.200000000,0.010839468
0,230,1784880989.955177069,282,2.820000134,0.874722554,0.111070018,1.200000000,0.010764595
0,230,1784880989.955177069,283,2.830000134,0.881414590,0.111831339,1.200000000,0.010686000
0,230,1784880989.955177069,284,2.840000134,0.888119777,0.112596033,1.200000000,0.010603786
0,230,1784880989.955177069,285,2.850000134,0.894838054,0.113364116,1.200000000,0.010518056
0,230,1784880989.955177069,286,2.860000134,0.901569356,0.114135601,1.200000000,0.010428915
0,230,1784880989.955177069,287,2.870000134,0.908313618,0.114910502,1.200000000,0.010336464
0,230,1784880989.955177069,288,2.880000134,0.915070767,0.115688831,1.200000000,0.010240808
0,230,1784880989.955177069,289,2.890000134,0.921840729,0.116470601,1.200000000,0.010142050
0,230,1784880989.955177069,290,2.900000134,0.928623424,0.117255824,1.200000000,0.010040293
0,230,1784880989.955177069,291,2.910000134,0.935418768,0.118044509,1.200000000,0.009935641
0,230,1784880989.955177069,292,2.920000134,0.942226677,0.118836667,1.200000000,0.009828196
0,230,1784880989.955177069,293,2.930000134,0.949047058,0.119632307,1.200000000,0.009718063
0,230,1784880989.955177069,294,2.940000134,0.955879818,0.120431439,1.200000000,0.009605345
0,230,1784880989.955177069,295,2.950000134,0.962724858,0.121234070,1.200000000,0.009490144
0,230,1784880989.955177069,296,2.960000134,0.969582078,0.122040207,1.200000000,0.009372565
0,230,1784880989.955177069,297,2.970000134,0.976451372,0.122849858,1.200000000,0.009252711
0,230,1784880989.955177069,298,2.980000134,0.983332630,0.123663027,1.200000000,0.009130685
0,230,1784880989.955177069,299,2.990000134,0.990225741,0.124479721,1.200000000,0.009006590
0,230,1784880989.955177069,300,3.000000134,0.997130589,0.125299943,1.200000000,0.008880530
0,230,1784880989.955177069,301,3.010000134,1.004047053,0.126123698,1.200000000,0.008752608
0,230,1784880989.955177069,302,3.020000134,1.010975011,0.126950988,1.200000000,0.008622928
0,230,1784880989.955177069,303,3.030000134,1.017914337,0.127781816,1.200000000,0.008491592
0,230,1784880989.955177069,304,3.040000134,1.024864901,0.128616183,1.200000000,0.008358705
0,230,1784880989.955177069,305,3.050000134,1.031826569,0.129454090,1.200000000,0.008224369
0,230,1784880989.955177069,306,3.060000134,1.038799206,0.130295537,1.200000000,0.008088688
0,230,1784880989.955177069,307,3.070000134,1.045782671,0.131140522,1.200000000,0.007951765
0,230,1784880989.955177069,308,3.080000134,1.052776823,0.131989046,1.200000000,0.007813704
0,230,1784880989.955177069,309,3.090000134,1.059781515,0.132841105,1.200000000,0.007674608
0,230,1784880989.955177069,310,3.100000134,1.066796599,0.133696697,1.200000000,0.007534581
0,230,1784880989.955177069,311,3.110000134,1.073821922,0.134555817,1.200000000,0.007393725
0,230,1784880989.955177069,312,3.120000134,1.080857330,0.135418461,1.200000000,0.007252144
0,230,1784880989.955177069,313,3.130000134,1.087902665,0.136284624,1.200000000,0.007109941
0,230,1784880989.955177069,314,3.140000134,1.094957768,0.137154300,1.200000000,0.006967220
0,230,1784880989.955177069,315,3.150000134,1.102022473,0.138027481,1.200000000,0.006824084
0,230,1784880989.955177069,316,3.160000134,1.109096617,0.138904161,1.200000000,0.006680637
0,230,1784880989.955177069,317,3.170000134,1.116180029,0.139784330,1.200000000,0.006536981
0,230,1784880989.955177069,318,3.180000134,1.123272540,0.140667980,1.200000000,0.006393221
0,230,1784880989.955177069,319,3.190000134,1.130373976,0.141555100,1.200000000,0.006249459
0,230,1784880989.955177069,320,3.200000134,1.137484159,0.142445680,1.200000000,0.006105799
0,230,1784880989.955177069,321,3.210000134,1.144602914,0.143339709,1.200000000,0.005962344
0,230,1784880989.955177069,322,3.220000134,1.151730057,0.144237173,1.200000000,0.005819198
0,230,1784880989.955177069,323,3.230000134,1.158865408,0.145138060,1.200000000,0.005676464
0,230,1784880989.955177069,324,3.240000134,1.166008781,0.146042356,1.200000000,0.005534245
0,230,1784880989.955177069,325,3.250000134,1.173159988,0.146950046,1.200000000,0.005392644
0,230,1784880989.955177069,326,3.260000134,1.180318842,0.147861114,1.200000000,0.005251766
0,230,1784880989.955177069,327,3.270000134,1.187485150,0.148775545,1.200000000,0.005111713
0,230,1784880989.955177069,328,3.280000134,1.194658721,0.149693322,1.200000000,0.004972589
0,230,1784880989.955177069,329,3.290000134,1.201839360,0.150614425,1.200000000,0.004834496
0,230,1784880989.955177069,330,3.300000134,1.209026871,0.151538838,1.200000000,0.004697540
0,230,1784880989.955177069,331,3.310000134,1.216221055,0.152466540,1.200000000,0.004561821
0,230,1784880989.955177069,332,3.320000134,1.223421714,0.153397512,1.200000000,0.004427445
0,230,1784880989.955177069,333,3.330000134,1.230628647,0.154331731,1.200000000,0.004294515
0,230,1784880989.955177069,334,3.340000134,1.237841651,0.155269177,1.200000000,0.004163133
0,230,1784880989.955177069,335,3.350000134,1.245060524,0.156209827,1.200000000,0.004033404
0,230,1784880989.955177069,336,3.360000134,1.252285060,0.157153658,1.200000000,0.003905430
0,230,1784880989.955177069,337,3.370000134,1.259515055,0.158100645,1.200000000,0.003779315
0,230,1784880989.955177069,338,3.380000134,1.266750300,0.159050763,1.200000000,0.003655162
0,230,1784880989.955177069,339,3.390000134,1.273990589,0.160003988,1.200000000,0.003533075
0,230,1784880989.955177069,340,3.400000134,1.281235712,0.160960291,1.200000000,0.003413156
0,230,1784880989.955177069,341,3.410000134,1.288485461,0.161919647,1.200000000,0.003295510
0,230,1784880989.955177069,342,3.420000134,1.295739625,0.162882027,1.200000000,0.003180240
0,230,1784880989.955177069,343,3.430000134,1.302997993,0.163847403,1.200000000,0.003067449
0,230,1784880989.955177069,344,3.440000134,1.310260354,0.164815744,1.200000000,0.002957240
0,230,1784880989.955177069,345,3.450000134,1.317526496,0.165787021,1.200000000,0.002849717
0,230,1784880989.955177069,346,3.460000134,1.324796206,0.166761202,1.200000000,0.002744982
0,230,1784880989.955177069,347,3.470000134,1.332069273,0.167738256,1.200000000,0.002643141
0,230,1784880989.955177069,348,3.480000134,1.339345483,0.168718149,1.200000000,0.002544295
0,230,1784880989.955177069,349,3.490000134,1.346624624,0.169700850,1.200000000,0.002448548
0,230,1784880989.955177069,350,3.500000134,1.353906482,0.170686322,1.200000000,0.002356004
0,230,1784880989.955177069,351,3.510000134,1.361190845,0.171674533,1.200000000,0.002266765
0,230,1784880989.955177069,352,3.520000134,1.368477499,0.172665445,1.200000000,0.002180936
0,230,1784880989.955177069,353,3.530000134,1.375766232,0.173659023,1.200000000,0.002098619
0,230,1784880989.955177069,354,3.540000134,1.383056832,0.174655229,1.200000000,0.002019919
0,230,1784880989.955177069,355,3.550000134,1.390349086,0.175654027,1.200000000,0.001944937
0,230,1784880989.955177069,356,3.560000134,1.397642782,0.176655376,1.200000000,0.001873778
0,230,1784880989.955177069,357,3.570000134,1.404937710,0.177659238,1.200000000,0.001806545
0,230,1784880989.955177069,358,3.580000134,1.412233659,0.178665572,1.200000000,0.001743342
0,230,1784880989.955177069,359,3.590000134,1.419530419,0.179674339,1.200000000,0.001684271
0,230,1784880989.955177069,360,3.600000134,1.426827781,0.180685495,1.200000000,0.001629436
0,230,1784880989.955177069,361,3.610000134,1.434125536,0.181699000,1.200000000,0.001578941
0,230,1784880989.955177069,362,3.620000134,1.441423477,0.182714811,1.200000000,0.001532888
0,230,1784880989.955177069,363,3.630000134,1.448721397,0.183732883,1.200000000,0.001491381
0,230,1784880989.955177069,364,3.640000134,1.456019091,0.184753172,1.200000000,0.001454524
0,230,1784880989.955177069,365,3.650000134,1.463316355,0.185775633,1.200000000,0.001422420
0,230,1784880989.955177069,366,3.660000134,1.470612985,0.186800221,1.200000000,0.001395171
0,230,1784880989.955177069,367,3.670000134,1.477908779,0.187826889,1.200000000,0.001372883
0,230,1784880989.955177069,368,3.680000134,1.485203538,0.188855589,1.200000000,0.001355657
0,230,1784880989.955177069,369,3.690000134,1.492497061,0.189886275,1.200000000,0.001343597
0,230,1784880989.955177069,370,3.700000134,1.499789151,0.190918897,1.200000000,0.001336807
0,230,1784880989.955177069,371,3.710000134,1.507079613,0.191953406,1.200000000,0.001335390
0,230,1784880989.955177069,372,3.720000134,1.514368251,0.192989753,1.200000000,0.001339449
0,230,1784880989.955177069,373,3.730000134,1.521654873,0.194027887,1.200000000,0.001349088
0,230,1784880989.955177069,374,3.740000134,1.528939288,0.195067756,1.200000000,0.001364410
0,230,1784880989.955177069,375,3.750000134,1.536221306,0.196109309,1.200000000,0.001385518
0,230,1784880989.955177069,376,3.760000134,1.543500741,0.197152494,1.200000000,0.001412516
0,230,1784880989.955177069,377,3.770000134,1.550777407,0.198197257,1.200000000,0.001445507
0,230,1784880989.955177069,378,3.780000134,1.558051121,0.199243544,1.200000000,0.001484594
0,230,1784880989.955177069,379,3.790000134,1.565321701,0.200291301,1.200000000,0.001529882
0,230,1784880989.955177069,380,3.800000134,1.572588969,0.201340473,1.200000000,0.001581472
0,230,1784880989.955177069,381,3.810000134,1.579852747,0.202391004,1.200000000,0.001639469
0,230,1784880989.955177069,382,3.820000134,1.587112861,0.203442839,1.200000000,0.001703975
0,230,1784880989.955177069,383,3.830000134,1.594369138,0.204495918,1.200000000,0.001775095
0,230,1784880989.955177069,384,3.840000134,1.601621409,0.205550187,1.200000000,0.001852931
0,230,1784880989.955177069,385,3.850000134,1.608869505,0.206605585,1.200000000,0.001937587
0,230,1784880989.955177069,386,3.860000134,1.616113263,0.207662055,1.200000000,0.002029167
0,230,1784880989.955177069,387,3.870000134,1.623352518,0.208719536,1.200000000,0.002127773
0,230,1784880989.955177069,388,3.880000134,1.630587112,0.209777970,1.200000000,0.002233509
0,230,1784880989.955177069,389,3.890000134,1.637816886,0.210837295,1.200000000,0.002346478
0,230,1784880989.955177069,390,3.900000134,1.645041686,0.211897451,1.200000000,0.002466782
0,230,1784880989.955177069,391,3.910000134,1.652261360,0.212958375,1.200000000,0.002594415
0,230,1784880989.955177069,392,3.920000134,1.659475758,0.214020005,1.200000000,0.002729206
0,230,1784880989.955177069,393,3.930000134,1.666684735,0.215082279,1.200000000,0.002870966
0,230,1784880989.955177069,394,3.940000134,1.673888145,0.216145133,1.200000000,0.003019510
0,230,1784880989.955177069,395,3.950000134,1.681085849,0.217208503,1.200000000,0.003174652
0,230,1784880989.955177069,396,3.960000134,1.688277707,0.218272324,1.200000000,0.003336204
0,230,1784880989.955177069,397,3.970000134,1.695463586,0.219336532,1.200000000,0.003503980
0,230,1784880989.955177069,398,3.980000134,1.702643352,0.220401061,1.200000000,0.003677793
0,230,1784880989.955177069,399,3.990000134,1.709816877,0.221465845,1.200000000,0.003857457
0,230,1784880989.955177069,400,4.000000134,1.716984034,0.222530816,1.200000000,0.004042786
0,230,1784880989.955177069,401,4.010000134,1.724144700,0.223595909,1.200000000,0.004233592
0,230,1784880989.955177069,402,4.020000134,1.731298756,0.224661054,1.200000000,0.004429689
0,230,1784880989.955177069,403,4.030000134,1.738446083,0.225726185,1.200000000,0.004630890
0,230,1784880989.955177069,404,4.040000134,1.745586567,0.226791231,1.200000000,0.004837010
0,230,1784880989.955177069,405,4.050000134,1.752720099,0.227856125,1.200000000,0.005047861
0,230,1784880989.955177069,406,4.060000134,1.759846569,0.228920796,1.200000000,0.005263256
0,230,1784880989.955177069,407,4.070000134,1.766965874,0.229985174,1.200000000,0.005483010
0,230,1784880989.955177069,408,4.080000134,1.774077912,0.231049189,1.200000000,0.005706935
0,230,1784880989.955177069,409,4.090000134,1.781182585,0.232112768,1.200000000,0.005934845
0,230,1784880989.955177069,410,4.100000134,1.788279796,0.233175842,1.200000000,0.006166554
0,230,1784880989.955177069,411,4.110000134,1.795369455,0.234238337,1.200000000,0.006401875
0,230,1784880989.955177069,412,4.120000134,1.802451473,0.235300180,1.200000000,0.006640620
0,230,1784880989.955177069,413,4.130000134,1.809525763,0.236361300,1.200000000,0.006882605
0,230,1784880989.955177069,414,4.140000134,1.816592244,0.237421622,1.200000000,0.007127641
0,230,1784880989.955177069,415,4.150000134,1.823650836,0.238481073,1.200000000,0.007375543
0,230,1784880989.955177069,416,4.160000134,1.830701463,0.239539578,1.200000000,0.007626124
0,230,1784880989.955177069,417,4.170000134,1.837744052,0.240597063,1.200000000,0.007879197
0,230,1784880989.955177069,418,4.180000134,1.844778535,0.241653451,1.200000000,0.008134576
0,230,1784880989.955177069,419,4.190000134,1.851804844,0.242708669,1.200000000,0.008392074
0,230,1784880989.955177069,420,4.200000134,1.858822916,0.243762639,1.200000000,0.008651504
0,230,1784880989.955177069,421,4.210000134,1.865832691,0.244815286,1.200000000,0.008912681
0,230,1784880989.955177069,422,4.220000134,1.872834112,0.245866532,1.200000000,0.009175417
0,230,1784880989.955177069,423,4.230000134,1.879827127,0.246916300,1.200000000,0.009439526
0,230,1784880989.955177069,424,4.240000134,1.886811683,0.247964513,1.200000000,0.009704821
0,230,1784880989.955177069,425,4.250000134,1.893787735,0.249011093,1.200000000,0.009971115
0,230,1784880989.955177069,426,4.260000134,1.900755237,0.250055960,1.200000000,0.010238223
0,230,1784880989.955177069,427,4.270000134,1.907714149,0.251099038,1.200000000,0.010505957
0,230,1784880989.955177069,428,4.280000134,1.914664434,0.252140246,1.200000000,0.010774131
0,230,1784880989.955177069,429,4.290000134,1.921606055,0.253179505,1.200000000,0.011042559
0,230,1784880989.955177069,430,4.300000134,1.928538982,0.254216736,1.200000000,0.011311053
0,230,1784880989.955177069,431,4.310000134,1.935463186,0.255251858,1.200000000,0.011579427
0,230,1784880989.955177069,432,4.320000134,1.942378641,0.256284790,1.200000000,0.011847495
0,230,1784880989.955177069,433,4.330000134,1.949285325,0.257315452,1.200000000,0.012115070
0,230,1784880989.955177069,434,4.340000134,1.956183219,0.258343764,1.200000000,0.012381965
0,230,1784880989.955177069,435,4.350000134,1.963072306,0.259369642,1.200000000,0.012647994
0,230,1784880989.955177069,436,4.360000134,1.969952572,0.260393006,1.200000000,0.012912971
0,230,1784880989.955177069,437,4.370000134,1.976824008,0.261413774,1.200000000,0.013176708
0,230,1784880989.955177069,438,4.380000134,1.983686605,0.262431862,1.200000000,0.013439019
0,230,1784880989.955177069,439,4.390000134,1.990540359,0.263447189,1.200000000,0.013699717
0,230,1784880989.955177069,440,4.400000134,1.997385268,0.264459672,1.200000000,0.013958617
0,230,1784880989.955177069,441,4.410000134,2.004221333,0.265469227,1.200000000,0.014215531
0,230,1784880989.955177069,442,4.420000134,2.011048559,0.266475771,1.200000000,0.014470272
0,230,1784880989.955177069,443,4.430000134,2.017866951,0.267479220,1.200000000,0.014722655
0,230,1784880989.955177069,444,4.440000134,2.024676520,0.268479490,1.200000000,0.014972492
0,230,1784880989.955177069,445,4.450000134,2.031477277,0.269476497,1.200000000,0.015219597
0,230,1784880989.955177069,446,4.460000134,2.038269237,0.270470155,1.200000000,0.015463784
0,230,1784880989.955177069,447,4.470000134,2.045052419,0.271460382,1.200000000,0.015704865
0,230,1784880989.955177069,448,4.480000134,2.051826842,0.272447090,1.200000000,0.015942655
0,230,1784880989.955177069,449,4.490000134,2.058592529,0.273430196,1.200000000,0.016176966
0,230,1784880989.955177069,450,4.500000134,2.065349507,0.274409613,1.200000000,0.016407613
0,230,1784880989.955177069,451,4.510000134,2.072097802,0.275385257,1.200000000,0.016634408
0,230,1784880989.955177069,452,4.520000134,2.078837445,0.276357040,1.200000000,0.016857165
0,230,1784880989.955177069,453,4.530000134,2.085568469,0.277324878,1.200000000,0.017075697
0,230,1784880989.955177069,454,4.540000134,2.092290910,0.278288683,1.200000000,0.017289818
0,230,1784880989.955177069,455,4.550000134,2.099004806,0.279248369,1.200000000,0.017499341
0,230,1784880989.955177069,456,4.560000134,2.105710196,0.280203850,1.200000000,0.017704079
0,230,1784880989.955177069,457,4.570000134,2.112407124,0.281155038,1.200000000,0.017903847
0,230,1784880989.955177069,458,4.580000134,2.119095634,0.282101847,1.200000000,0.018098457
0,230,1784880989.955177069,459,4.590000134,2.125775772,0.283044189,1.200000000,0.018287723
0,230,1784880989.955177069,460,4.600000134,2.132447589,0.283981978,1.200000000,0.018471458
0,230,1784880989.955177069,461,4.610000134,2.139111136,0.284915125,1.200000000,0.018649475
0,230,1784880989.955177069,462,4.620000134,2.145766465,0.285843543,1.200000000,0.018821589
0,230,1784880989.955177069,463,4.630000134,2.152413634,0.286767144,1.200000000,0.018987612
0,230,1784880989.955177069,464,4.640000134,2.159052698,0.287685840,1.200000000,0.019147359
0,230,1784880989.955177069,465,4.650000134,2.165683719,0.288599543,1.200000000,0.019300641
0,230,1784880989.955177069,466,4.660000134,2.172306757,0.289508166,1.200000000,0.019447273
0,230,1784880989.955177069,467,4.670000134,2.178921876,0.290411619,1.200000000,0.019587069
0,230,1784880989.955177069,468,4.680000134,2.185529141,0.291309814,1.200000000,0.019719841
0,230,1784880989.955177069,469,4.690000134,2.192128620,0.292202663,1.200000000,0.019845403
0,230,1784880989.955177069,470,4.700000134,2.198720380,0.293090077,1.200000000,0.019963568
0,230,1784880989.955177069,471,4.710000134,2.205304494,0.293971968,1.200000000,0.020074150
0,230,1784880989.955177069,472,4.720000134,2.211881032,0.294848246,1.200000000,0.020176963
0,230,1784880989.955177069,473,4.730000134,2.218450069,0.295718823,1.200000000,0.020271819
0,230,1784880989.955177069,474,4.740000134,2.225011681,0.296583611,1.200000000,0.020358532
0,230,1784880989.955177069,475,4.750000134,2.231565944,0.297442519,1.200000000,0.020436916
0,230,1784880989.955177069,476,4.760000134,2.238112937,0.298295460,1.200000000,0.020506783
0,230,1784880989.955177069,477,4.770000134,2.244652740,0.299142344,1.200000000,0.020567948
0,230,1784880989.955177069,478,4.780000134,2.251185434,0.299983081,1.200000000,0.020620224
0,230,1784880989.955177069,479,4.790000134,2.257711102,0.300817583,1.200000000,0.020663424
0,230,1784880989.955177069,480,4.800000134,2.264229827,0.301645761,1.200000000,0.020697361
0,230,1784880989.955177069,481,4.810000134,2.270741696,0.302467526,1.200000000,0.020721849
0,230,1784880989.955177069,482,4.820000134,2.277246794,0.303282787,1.200000000,0.020736702
0,230,1784880989.955177069,483,4.830000134,2.283745209,0.304091457,1.200000000,0.020741733
0,230,1784880989.955177069,484,4.840000134,2.290237029,0.304893445,1.200000000,0.020736754
0,230,1784880989.955177069,485,4.850000134,2.296722345,0.305688664,1.200000000,0.020721581
0,230,1784880989.955177069,486,4.860000134,2.303201247,0.306477022,1.200000000,0.020696026
0,230,1784880989.955177069,487,4.870000134,2.309673826,0.307258432,1.200000000,0.020659902
0,230,1784880989.955177069,488,4.880000134,2.316140175,0.308032804,1.200000000,0.020613023
0,230,1784880989.955177069,489,4.890000134,2.322600388,0.308800049,1.200000000,0.020555202
0,230,1784880989.955177069,490,4.900000134,2.329054559,0.309560077,1.200000000,0.020486253
0,230,1784880989.955177069,491,4.910000134,2.335502783,0.310312801,1.200000000,0.020405989
0,230,1784880989.955177069,492,4.920000134,2.341945155,0.311058131,1.200000000,0.020314224
0,230,1784880989.955177069,493,4.930000134,2.348381772,0.311795977,1.200000000,0.020210771
0,230,1784880989.955177069,494,4.940000134,2.354812731,0.312526252,1.200000000,0.020095443
0,230,1784880989.955177069,495,4.950000134,2.361238129,0.313248866,1.200000000,0.019968054
0,230,1784880989.955177069,496,4.960000134,2.367658064,0.313963730,1.200000000,0.019828417
0,230,1784880989.955177069,497,4.970000134,2.374072635,0.314670757,1.200000000,0.019676346
0,230,1784880989.955177069,498,4.980000134,2.380481940,0.315369857,1.200000000,0.019511654
0,230,1784880989.955177069,499,4.990000134,2.386886080,0.316060942,1.200000000,0.019334154
0,230,1784880989.955177069,500,5.000000134,2.393285153,0.316743924,1.200000000,0.019143661
0,230,1784880989.955177069,501,5.010000134,2.399679259,0.317418714,1.200000000,0.018939987
0,230,1784880989.955177069,502,5.020000134,2.406068499,0.318085224,1.200000000,0.018722945
0,230,1784880989.955177069,503,5.030000134,2.412452972,0.318743367,1.200000000,0.018492350
0,230,1784880989.955177069,504,5.040000134,2.418832780,0.319393055,1.200000000,0.018248014
0,230,1784880989.955177069,505,5.050000134,2.425208022,0.320034199,1.200000000,0.017989751
0,230,1784880989.955177069,506,5.060000134,2.431578798,0.320666712,1.200000000,0.017717375
0,230,1784880989.955177069,507,5.070000134,2.437945211,0.321290507,1.200000000,0.017430698
0,230,1784880989.955177069,508,5.080000134,2.444307359,0.321905497,1.200000000,0.017129535
0,230,1784880989.955177069,509,5.090000134,2.450665343,0.322511594,1.200000000,0.016813698
0,230,1784880989.955177069,510,5.100000134,2.457019263,0.323108711,1.200000000,0.016483001
0,230,1784880989.955177069,511,5.110000134,2.463369220,0.323696763,1.200000000,0.016137258
0,230,1784880989.955177069,512,5.120000134,2.469715312,0.324275661,1.200000000,0.015776282
0,230,1784880989.955177069,513,5.130000134,2.476057640,0.324845320,1.200000000,0.015399886
0,230,1784880989.955177069,514,5.140000134,2.482396302,0.325405654,1.200000000,0.015007884
0,230,1784880989.955177069,515,5.150000134,2.488731398,0.325956576,1.200000000,0.014600089
0,230,1784880989.955177069,516,5.160000134,2.495063024,0.326498001,1.200000000,0.014176315
0,230,1784880989.955177069,517,5.170000134,2.501391281,0.327029843,1.200000000,0.013736374
0,230,1784880989.955177069,518,5.180000134,2.507716263,0.327552017,1.200000000,0.013280082
0,230,1784880989.955177069,519,5.190000134,2.514038070,0.328064438,1.200000000,0.012807249
0,230,1784880989.955177069,520,5.200000134,2.520356796,0.328567021,1.200000000,0.012317692
0,230,1784880989.955177069,521,5.210000134,2.526672537,0.329059680,1.200000000,0.011811221
0,230,1784880989.955177069,522,5.220000134,2.532985389,0.329542333,1.200000000,0.011287652
0,230,1784880989.955177069,523,5.230000134,2.539295445,0.330014894,1.200000000,0.010746797
0,230,1784880989.955177069,524,5.240000134,2.545602799,0.330477280,1.200000000,0.010188471
0,230,1784880989.955177069,525,5.250000134,2.551907543,0.330929408,1.200000000,0.009612485
0,230,1784880989.955177069,526,5.260000134,2.558209771,0.331371193,1.200000000,0.009018655
0,230,1784880989.955177069,527,5.270000134,2.564509572,0.331802552,1.200000000,0.008406792
0,230,1784880989.955177069,528,5.280000134,2.570807037,0.332223404,1.200000000,0.007776711
0,230,1784880989.955177069,529,5.290000134,2.577102255,0.332633665,1.200000000,0.007128225
0,230,1784880989.955177069,530,5.300000134,2.583395315,0.333033254,1.200000000,0.006461148
0,230,1784880989.955177069,531,5.310000134,2.589686303,0.333422087,1.200000000,0.005775292
0,230,1784880989.955177069,532,5.320000134,2.595975306,0.333800085,1.200000000,0.005070472
0,230,1784880989.955177069,533,5.330000134,2.602262410,0.334167165,1.200000000,0.004346500
0,230,1784880989.955177069,534,5.340000134,2.608547698,0.334523247,1.200000000,0.003603190
0,230,1784880989.955177069,535,5.350000134,2.614831253,0.334868250,1.200000000,0.002840356
0,230,1784880989.955177069,536,5.360000134,2.621113158,0.335202093,1.200000000,0.002057811
0,230,1784880989.955177069,537,5.370000134,2.627393493,0.335524698,1.200000000,0.001255368
0,230,1784880989.955177069,538,5.380000134,2.633672338,0.335835983,1.200000000,0.000432841
0,230,1784880989.955177069,539,5.390000134,2.639949770,0.336135871,1.200000000,-0.000409957
0,230,1784880989.955177069,540,5.400000134,2.646225868,0.336424281,1.200000000,-0.001273150
0,230,1784880989.955177069,541,5.410000134,2.652500706,0.336701136,1.200000000,-0.002156613
0,230,1784880989.955177069,542,5.420000134,2.658774359,0.336966358,1.200000000,-0.003060157
0,230,1784880989.955177069,543,5.430000134,2.665046900,0.337219869,1.200000000,-0.003983594
0,230,1784880989.955177069,544,5.440000134,2.671318402,0.337461590,1.200000000,-0.004926736
0,230,1784880989.955177069,545,5.450000134,2.677588934,0.337691447,1.200000000,-0.005889396
0,230,1784880989.955177069,546,5.460000134,2.683858566,0.337909361,1.200000000,-0.006871383
0,230,1784880989.955177069,547,5.470000134,2.690127364,0.338115257,1.200000000,-0.007872512
0,230,1784880989.955177069,548,5.480000134,2.696395397,0.338309058,1.200000000,-0.008892592
0,230,1784880989.955177069,549,5.490000134,2.702662727,0.338490691,1.200000000,-0.009931437
0,230,1784880989.955177069,550,5.500000134,2.708929418,0.338660079,1.200000000,-0.010988858
0,230,1784880989.955177069,551,5.510000134,2.715195533,0.338817148,1.200000000,-0.012064666
0,230,1784880989.955177069,552,5.520000134,2.721461132,0.338961824,1.200000000,-0.013158675
0,230,1784880989.955177069,553,5.530000134,2.727726272,0.339094033,1.200000000,-0.014270695
0,230,1784880989.955177069,554,5.540000134,2.733991013,0.339213703,1.200000000,-0.015400538
0,230,1784880989.955177069,555,5.550000134,2.740255409,0.339320761,1.200000000,-0.016548016
0,230,1784880989.955177069,556,5.560000134,2.746519514,0.339415134,1.200000000,-0.017712942
0,230,1784880989.955177069,557,5.570000134,2.752783382,0.339496750,1.200000000,-0.018895126
0,230,1784880989.955177069,558,5.580000134,2.759047064,0.339565539,1.200000000,-0.020094381
0,230,1784880989.955177069,559,5.590000134,2.765310608,0.339621429,1.200000000,-0.021310519
0,230,1784880989.955177069,560,5.600000134,2.771574063,0.339664349,1.200000000,-0.022543351
0,230,1784880989.955177069,561,5.610000134,2.777837476,0.339694231,1.200000000,-0.023792689
0,230,1784880989.955177069,562,5.620000134,2.784100891,0.339711005,1.200000000,-0.025058345
0,230,1784880989.955177069,563,5.630000134,2.790364351,0.339714601,1.200000000,-0.026340131
0,230,1784880989.955177069,564,5.640000134,2.796627899,0.339704952,1.200000000,-0.027637859
0,230,1784880989.955177069,565,5.650000134,2.802891573,0.339681989,1.200000000,-0.028951340
0,230,1784880989.955177069,566,5.660000134,2.809155412,0.339645646,1.200000000,-0.030280387
0,230,1784880989.955177069,567,5.670000134,2.815419453,0.339595854,1.200000000,-0.031624811
0,230,1784880989.955177069,568,5.680000134,2.821683732,0.339532549,1.200000000,-0.032984424
0,230,1784880989.955177069,569,5.690000134,2.827948281,0.339455664,1.200000000,-0.034359038
0,230,1784880989.955177069,570,5.700000134,2.834213133,0.339365134,1.200000000,-0.035748464
0,230,1784880989.955177069,571,5.710000134,2.840478318,0.339260894,1.200000000,-0.037152515
0,230,1784880989.955177069,572,5.720000134,2.846743864,0.339142881,1.200000000,-0.038571002
0,230,1784880989.955177069,573,5.730000134,2.853009799,0.339011029,1.200000000,-0.040003738
0,230,1784880989.955177069,574,5.740000134,2.859276147,0.338865278,1.200000000,-0.041450534
0,230,1784880989.955177069,575,5.750000134,2.865542934,0.338705563,1.200000000,-0.042911201
0,230,1784880989.955177069,576,5.760000134,2.871810180,0.338531824,1.200000000,-0.044385553
0,230,1784880989.955177069,577,5.770000134,2.878077907,0.338343998,1.200000000,-0.045873399
0,230,1784880989.955177069,578,5.780000134,2.884346133,0.338142025,1.200000000,-0.047374554
0,230,1784880989.955177069,579,5.790000134,2.890614876,0.337925846,1.200000000,-0.048888827
0,230,1784880989.955177069,580,5.800000134,2.896884152,0.337695399,1.200000000,-0.050416031
0,230,1784880989.955177069,581,5.810000134,2.903153975,0.337450627,1.200000000,-0.051955979
0,230,1784880989.955177069,582,5.820000134,2.909424358,0.337191471,1.200000000,-0.053508481
0,230,1784880989.955177069,583,5.830000134,2.915695311,0.336917874,1.200000000,-0.055073349
0,230,1784880989.955177069,584,5.840000134,2.921966845,0.336629777,1.200000000,-0.056650396
0,230,1784880989.955177069,585,5.850000134,2.928238967,0.336327126,1.200000000,-0.058239434
0,230,1784880989.955177069,586,5.860000134,2.934511683,0.336009863,1.200000000,-0.059840273
0,230,1784880989.955177069,587,5.870000134,2.940784999,0.335677933,1.200000000,-0.061452726
0,230,1784880989.955177069,588,5.880000134,2.947058917,0.335331283,1.200000000,-0.063076605
0,230,1784880989.955177069,589,5.890000134,2.953333441,0.334969857,1.200000000,-0.064711721
0,230,1784880989.955177069,590,5.900000134,2.959608569,0.334593603,1.200000000,-0.066357887
0,230,1784880989.955177069,591,5.910000134,2.965884302,0.334202468,1.200000000,-0.068014914
0,230,1784880989.955177069,592,5.920000134,2.972160635,0.333796400,1.200000000,-0.069682614
0,230,1784880989.955177069,593,5.930000134,2.978437566,0.333375347,1.200000000,-0.071360799
0,230,1784880989.955177069,594,5.940000134,2.984715089,0.332939259,1.200000000,-0.073049281
0,230,1784880989.955177069,595,5.950000134,2.990993197,0.332488086,1.200000000,-0.074747871
0,230,1784880989.955177069,596,5.960000134,2.997271881,0.332021778,1.200000000,-0.076456382
0,230,1784880989.955177069,597,5.970000134,3.003551131,0.331540287,1.200000000,-0.078174625
0,230,1784880989.955177069,598,5.980000134,3.009830937,0.331043564,1.200000000,-0.079902412
0,230,1784880989.955177069,599,5.990000134,3.016111286,0.330531563,1.200000000,-0.081639555
0,230,1784880989.955177069,600,6.000000134,3.022392165,0.330004237,1.200000000,-0.083385866
0,230,1784880989.955177069,601,6.010000134,3.028673557,0.329461539,1.200000000,-0.085141156
0,230,1784880989.955177069,602,6.020000134,3.034955446,0.328903425,1.200000000,-0.086905237
0,230,1784880989.955177069,603,6.030000134,3.041237814,0.328329850,1.200000000,-0.088677922
0,230,1784880989.955177069,604,6.040000134,3.047520643,0.327740770,1.200000000,-0.090459022
0,230,1784880989.955177069,605,6.050000134,3.053803912,0.327136142,1.200000000,-0.092248349
0,230,1784880989.955177069,606,6.060000134,3.060087599,0.326515924,1.200000000,-0.094045715
0,230,1784880989.955177069,607,6.070000134,3.066371681,0.325880074,1.200000000,-0.095850931
0,230,1784880989.955177069,608,6.080000134,3.072656134,0.325228552,1.200000000,-0.097663809
0,230,1784880989.955177069,609,6.090000134,3.078940933,0.324561316,1.200000000,-0.099484162
0,230,1784880989.955177069,610,6.100000134,3.085226052,0.323878328,1.200000000,-0.101311801
0,230,1784880989.955177069,611,6.110000134,3.091511462,0.323179549,1.200000000,-0.103146538
0,230,1784880989.955177069,612,6.120000134,3.097797135,0.322464940,1.200000000,-0.104988184
0,230,1784880989.955177069,613,6.130000134,3.104083040,0.321734466,1.200000000,-0.106836552
0,230,1784880989.955177069,614,6.140000134,3.110369148,0.320988088,1.200000000,-0.108691454
0,230,1784880989.955177069,615,6.150000134,3.116655426,0.320225772,1.200000000,-0.110552700
0,230,1784880989.955177069,616,6.160000134,3.122941841,0.319447483,1.200000000,-0.112420104
0,230,1784880989.955177069,617,6.170000134,3.129228359,0.318653186,1.200000000,-0.114293477
0,230,1784880989.955177069,618,6.180000134,3.135514944,0.317842848,1.200000000,-0.116172630
0,230,1784880989.955177069,619,6.190000134,3.141801562,0.317016436,1.200000000,-0.118057376
0,230,1784880989.955177069,620,6.200000134,3.148088173,0.316173919,1.200000000,-0.119947527
0,230,1784880989.955177069,621,6.210000134,3.154374741,0.315315265,1.200000000,-0.121842894
0,230,1784880989.955177069,622,6.220000134,3.160661227,0.314440444,1.200000000,-0.123743289
0,230,1784880989.955177069,623,6.230000134,3.166947591,0.313549427,1.200000000,-0.125648523
0,230,1784880989.955177069,624,6.240000134,3.173233792,0.312642185,1.200000000,-0.127558410
0,230,1784880989.955177069,625,6.250000134,3.179519790,0.311718689,1.200000000,-0.129472760
0,230,1784880989.955177069,626,6.260000134,3.185805540,0.310778914,1.200000000,-0.131391385
0,230,1784880989.955177069,627,6.270000134,3.192091002,0.309822832,1.200000000,-0.133314098
0,230,1784880989.955177069,628,6.280000134,3.198376130,0.308850418,1.200000000,-0.135240710
0,230,1784880989.955177069,629,6.290000134,3.204660880,0.307861647,1.200000000,-0.137171033
0,230,1784880989.955177069,630,6.300000134,3.210945207,0.306856496,1.200000000,-0.139104878
0,230,1784880989.955177069,631,6.310000134,3.217229065,0.305834941,1.200000000,-0.141042058
0,230,1784880989.955177069,632,6.320000134,3.223512407,0.304796961,1.200000000,-0.142982385
0,230,1784880989.955177069,633,6.330000134,3.229795186,0.303742533,1.200000000,-0.144925670
0,230,1784880989.955177069,634,6.340000134,3.236077355,0.302671637,1.200000000,-0.146871725
0,230,1784880989.955177069,635,6.350000134,3.242358864,0.301584253,1.200000000,-0.148820362
0,230,1784880989.955177069,636,6.360000134,3.248639665,0.300480363,1.200000000,-0.150771392
0,230,1784880989.955177069,637,6.370000134,3.254919708,0.299359948,1.200000000,-0.152724628
0,230,1784880989.955177069,638,6.380000134,3.261198943,0.298222990,1.200000000,-0.154679882
0,230,1784880989.955177069,639,6.390000134,3.267477320,0.297069475,1.200000000,-0.156636965
0,230,1784880989.955177069,640,6.400000134,3.273754787,0.295899385,1.200000000,-0.158595689
0,230,1784880989.955177069,641,6.410000134,3.280031293,0.294712706,1.200000000,-0.160555866
0,230,1784880989.955177069,642,6.420000134,3.286306787,0.293509425,1.200000000,-0.162517308
0,230,1784880989.955177069,643,6.430000134,3.292581217,0.292289528,1.200000000,-0.164479826
0,230,1784880989.955177069,644,6.440000134,3.298854528,0.291053003,1.200000000,-0.166443233
0,230,1784880989.955177069,645,6.450000134,3.305126670,0.289799838,1.200000000,-0.168407340
0,230,1784880989.955177069,646,6.460000134,3.311397588,0.288530024,1.200000000,-0.170371959
0,230,1784880989.955177069,647,6.470000134,3.317667229,0.287243550,1.200000000,-0.172336902
0,230,1784880989.955177069,648,6.480000134,3.323935540,0.285940409,1.200000000,-0.174301981
0,230,1784880989.955177069,649,6.490000134,3.330202467,0.284620591,1.200000000,-0.176267007
0,230,1784880989.955177069,650,6.500000134,3.336467955,0.283284090,1.200000000,-0.178231793
0,230,1784880989.955177069,651,6.510000134,3.342731950,0.281930900,1.200000000,-0.180196151
0,230,1784880989.955177069,652,6.520000134,3.348994399,0.280561015,1.200000000,-0.182159891
0,230,1784880989.955177069,653,6.530000134,3.355255245,0.279174431,1.200000000,-0.184122826
0,230,1784880989.955177069,654,6.540000134,3.361514436,0.277771145,1.200000000,-0.186084768
0,230,1784880989.955177069,655,6.550000134,3.367771916,0.276351154,1.200000000,-0.188045529
0,230,1784880989.955177069,656,6.560000134,3.374027630,0.274914456,1.200000000,-0.190004920
0,230,1784880989.955177069,657,6.570000134,3.380281525,0.273461050,1.200000000,-0.191962753
0,230,1784880989.955177069,658,6.580000134,3.386533544,0.271990936,1.200000000,-0.193918841
0,230,1784880989.955177069,659,6.590000134,3.392783635,0.270504116,1.200000000,-0.195872994
0,230,1784880989.955177069,660,6.600000134,3.399031741,0.269000590,1.200000000,-0.197825025
0,230,1784880989.955177069,661,6.610000134,3.405277809,0.267480362,1.200000000,-0.199774746
0,230,1784880989.955177069,662,6.620000134,3.411521785,0.265943435,1.200000000,-0.201721968
0,230,1784880989.955177069,663,6.630000134,3.417763614,0.264389813,1.200000000,-0.203666504
0,230,1784880989.955177069,664,6.640000134,3.424003242,0.262819502,1.200000000,-0.205608165
0,230,1784880989.955177069,665,6.650000134,3.430240615,0.261232509,1.200000000,-0.207546762
0,230,1784880989.955177069,666,6.660000134,3.436475680,0.259628839,1.200000000,-0.209482109
0,230,1784880989.955177069,667,6.670000134,3.442708384,0.258008502,1.200000000,-0.211414016
0,230,1784880989.955177069,668,6.680000134,3.448938673,0.256371505,1.200000000,-0.213342296
0,230,1784880989.955177069,669,6.690000134,3.455166495,0.254717860,1.200000000,-0.215266759
0,230,1784880989.955177069,670,6.700000134,3.461391797,0.253047576,1.200000000,-0.217187219
0,230,1784880989.955177069,671,6.710000134,3.467614527,0.251360666,1.200000000,-0.219103487
0,230,1784880989.955177069,672,6.720000134,3.473834634,0.249657141,1.200000000,-0.221015375
0,230,1784880989.955177069,673,6.730000134,3.480052066,0.247937016,1.200000000,-0.222922694
0,230,1784880989.955177069,674,6.740000134,3.486266773,0.246200303,1.200000000,-0.224825257
0,230,1784880989.955177069,675,6.750000134,3.492478703,0.244447020,1.200000000,-0.226722875
0,230,1784880989.955177069,676,6.760000134,3.498687806,0.242677182,1.200000000,-0.228615360
0,230,1784880989.955177069,677,6.770000134,3.504894034,0.240890805,1.200000000,-0.230502525
0,230,1784880989.955177069,678,6.780000134,3.511097337,0.239087908,1.200000000,-0.232384180
0,230,1784880989.955177069,679,6.790000134,3.517297667,0.237268510,1.200000000,-0.234260137
0,230,1784880989.955177069,680,6.800000134,3.523494976,0.235432631,1.200000000,-0.236130209
0,230,1784880989.955177069,681,6.810000134,3.529689216,0.233580290,1.200000000,-0.237994208
0,230,1784880989.955177069,682,6.820000134,3.535880341,0.231711510,1.200000000,-0.239851944
0,230,1784880989.955177069,683,6.830000134,3.542068304,0.229826313,1.200000000,-0.241703231
0,230,1784880989.955177069,684,6.840000134,3.548253060,0.227924723,1.200000000,-0.243547879
0,230,1784880989.955177069,685,6.850000134,3.554434564,0.226006763,1.200000000,-0.245385701
0,230,1784880989.955177069,686,6.860000134,3.560612772,0.224072460,1.200000000,-0.247216509
0,230,1784880989.955177069,687,6.870000134,3.566787640,0.222121839,1.200000000,-0.249040113
0,230,1784880989.955177069,688,6.880000134,3.572959125,0.220154926,1.200000000,-0.250856327
0,230,1784880989.955177069,689,6.890000134,3.579127187,0.218171751,1.200000000,-0.252664962
0,230,1784880989.955177069,690,6.900000134,3.585291782,0.216172342,1.200000000,-0.254465830
0,230,1784880989.955177069,691,6.910000134,3.591452870,0.214156728,1.200000000,-0.256258742
0,230,1784880989.955177069,692,6.920000134,3.597610413,0.212124940,1.200000000,-0.258043511
0,230,1784880989.955177069,693,6.930000134,3.603764370,0.210077010,1.200000000,-0.259819948
0,230,1784880989.955177069,694,6.940000134,3.609914704,0.208012970,1.200000000,-0.261587865
0,230,1784880989.955177069,695,6.950000134,3.616061378,0.205932854,1.200000000,-0.263347075
0,230,1784880989.955177069,696,6.960000134,3.622204354,0.203836695,1.200000000,-0.265097388
0,230,1784880989.955177069,697,6.970000134,3.628343597,0.201724530,1.200000000,-0.266838616
0,230,1784880989.955177069,698,6.980000134,3.634479073,0.199596393,1.200000000,-0.268570573
0,230,1784880989.955177069,699,6.990000134,3.640610748,0.197452322,1.200000000,-0.270293068
0,230,1784880989.955177069,700,7.000000134,3.646738588,0.195292355,1.200000000,-0.272005915
0,230,1784880989.955177069,701,7.010000134,3.652862562,0.193116530,1.200000000,-0.273708924
0,230,1784880989.955177069,702,7.020000134,3.658982639,0.190924887,1.200000000,-0.275401909
0,230,1784880989.955177069,703,7.030000134,3.665098788,0.188717467,1.200000000,-0.277084680
0,230,1784880989.955177069,704,7.040000134,3.671210981,0.186494311,1.200000000,-0.278757050
0,230,1784880989.955177069,705,7.050000134,3.677319189,0.184255462,1.200000000,-0.280418862
0,230,1784880989.955177069,706,7.060000134,3.683423385,0.182000961,1.200000000,-0.282070135
0,230,1784880989.955177069,707,7.070000134,3.689523542,0.179730855,1.200000000,-0.283710945
0,230,1784880989.955177069,708,7.080000134,3.695619637,0.177445187,1.200000000,-0.285341370
0,230,1784880989.955177069,709,7.090000134,3.701711643,0.175144003,1.200000000,-0.286961487
0,230,1784880989.955177069,710,7.100000134,3.707799539,0.172827351,1.200000000,-0.288571371
0,230,1784880989.955177069,711,7.110000134,3.713883302,0.170495277,1.200000000,-0.290171100
0,230,1784880989.955177069,712,7.120000134,3.719962911,0.168147831,1.200000000,-0.291760751
0,230,1784880989.955177069,713,7.130000134,3.726038345,0.165785061,1.200000000,-0.293340401
0,230,1784880989.955177069,714,7.140000134,3.732109586,0.163407018,1.200000000,-0.294910126
0,230,1784880989.955177069,715,7.150000134,3.738176617,0.161013753,1.200000000,-0.296470004
0,230,1784880989.955177069,716,7.160000134,3.744239419,0.158605318,1.200000000,-0.298020110
0,230,1784880989.955177069,717,7.170000134,3.750297977,0.156181766,1.200000000,-0.299560522
0,230,1784880989.955177069,718,7.180000134,3.756352276,0.153743151,1.200000000,-0.301091318
0,230,1784880989.955177069,719,7.190000134,3.762402303,0.151289526,1.200000000,-0.302612572
0,230,1784880989.955177069,720,7.200000134,3.768448045,0.148820948,1.200000000,-0.304124364
0,230,1784880989.955177069,721,7.210000134,3.774489491,0.146337473,1.200000000,-0.305626768
0,230,1784880989.955177069,722,7.220000134,3.780526629,0.143839158,1.200000000,-0.307119863
0,230,1784880989.955177069,723,7.230000134,3.786559451,0.141326061,1.200000000,-0.308603724
0,230,1784880989.955177069,724,7.240000134,3.792587949,0.138798240,1.200000000,-0.310078429
0,230,1784880989.955177069,725,7.250000134,3.798612115,0.136255756,1.200000000,-0.311544055
0,230,1784880989.955177069,726,7.260000134,3.804631943,0.133698669,1.200000000,-0.313000678
0,230,1784880989.955177069,727,7.270000134,3.810647428,0.131127041,1.200000000,-0.314448376
0,230,1784880989.955177069,728,7.280000134,3.816658566,0.128540933,1.200000000,-0.315887224
0,230,1784880989.955177069,729,7.290000134,3.822665355,0.125940408,1.200000000,-0.317317301
0,230,1784880989.955177069,730,7.300000134,3.828667793,0.123325531,1.200000000,-0.318738682
0,230,1784880989.955177069,731,7.310000134,3.834665879,0.120696366,1.200000000,-0.320151445
0,230,1784880989.955177069,732,7.320000134,3.840659614,0.118052979,1.200000000,-0.321555666
0,230,1784880989.955177069,733,7.330000134,3.846648999,0.115395435,1.200000000,-0.322951423
0,230,1784880989.955177069,734,7.340000134,3.852634037,0.112723803,1.200000000,-0.324338792
0,230,1784880989.955177069,735,7.350000134,3.858614731,0.110038149,1.200000000,-0.325717849
0,230,1784880989.955177069,736,7.360000134,3.864591087,0.107338543,1.200000000,-0.327088672
0,230,1784880989.955177069,737,7.370000134,3.870563111,0.104625054,1.200000000,-0.328451338
0,230,1784880989.955177069,738,7.380000134,3.876530809,0.101897753,1.200000000,-0.329805924
0,230,1784880989.955177069,739,7.390000134,3.882494190,0.099156711,1.200000000,-0.331152505
0,230,1784880989.955177069,740,7.400000134,3.888453262,0.096401999,1.200000000,-0.332491160
0,230,1784880989.955177069,741,7.410000134,3.894408036,0.093633691,1.200000000,-0.333821965
0,230,1784880989.955177069,742,7.420000134,3.900358523,0.090851859,1.200000000,-0.335144996
0,230,1784880989.955177069,743,7.430000134,3.906304736,0.088056579,1.200000000,-0.336460331
0,230,1784880989.955177069,744,7.440000134,3.912246687,0.085247925,1.200000000,-0.337768046
0,230,1784880989.955177069,745,7.450000134,3.918184391,0.082425972,1.200000000,-0.339068219
0,230,1784880989.955177069,746,7.460000134,3.924117864,0.079590799,1.200000000,-0.340360926
0,230,1784880989.955177069,747,7.470000134,3.930047122,0.076742481,1.200000000,-0.341646243
0,230,1784880989.955177069,748,7.480000134,3.935972182,0.073881097,1.200000000,-0.342924249
0,230,1784880989.955177069,749,7.490000134,3.941893063,0.071006727,1.200000000,-0.344195019
0,230,1784880989.955177069,750,7.500000134,3.947809784,0.068119448,1.200000000,-0.345458630
0,230,1784880989.955177069,751,7.510000134,3.953722366,0.065219343,1.200000000,-0.346715160
0,230,1784880989.955177069,752,7.520000134,3.959630830,0.062306492,1.200000000,-0.347964684
0,230,1784880989.955177069,753,7.530000134,3.965535199,0.059380976,1.200000000,-0.349207281
0,230,1784880989.955177069,754,7.540000134,3.971435496,0.056442878,1.200000000,-0.350443027
0,230,1784880989.955177069,755,7.550000134,3.977331745,0.053492282,1.200000000,-0.351671998
0,230,1784880989.955177069,756,7.560000134,3.983223972,0.050529272,1.200000000,-0.352894271
0,230,1784880989.955177069,757,7.570000134,3.989112203,0.047553932,1.200000000,-0.354109924
0,230,1784880989.955177069,758,7.580000134,3.994996465,0.044566347,1.200000000,-0.355319032
0,230,1784880989.955177069,759,7.590000134,4.000876786,0.041566605,1.200000000,-0.356521674
0,230,1784880989.955177069,760,7.600000134,4.006753195,0.038554791,1.200000000,-0.357717926
0,230,1784880989.955177069,761,7.610000134,4.012625722,0.035530993,1.200000000,-0.358907864
0,230,1784880989.955177069,762,7.620000134,4.018494398,0.032495299,1.200000000,-0.360091565
0,230,1784880989.955177069,763,7.630000134,4.024359254,0.029447799,1.200000000,-0.361269107
0,230,1784880989.955177069,764,7.640000134,4.030220324,0.026388582,1.200000000,-0.362440566
0,230,1784880989.955177069,765,7.650000134,4.036077639,0.023317737,1.200000000,-0.363606018
0,230,1784880989.955177069,766,7.660000134,4.041931234,0.020235357,1.200000000,-0.364765542
0,230,1784880989.955177069,767,7.670000134,4.047781145,0.017141532,1.200000000,-0.365919213
0,230,1784880989.955177069,768,7.680000134,4.053627407,0.014036355,1.200000000,-0.367067108
0,230,1784880989.955177069,769,7.690000134,4.059470057,0.010919918,1.200000000,-0.368209305
0,230,1784880989.955177069,770,7.700000134,4.065309132,0.007792316,1.200000000,-0.369345880
0,230,1784880989.955177069,771,7.710000134,4.071144670,0.004653642,1.200000000,-0.370476909
0,230,1784880989.955177069,772,7.720000134,4.076976711,0.001503991,1.200000000,-0.371602471
0,230,1784880989.955177069,773,7.730000134,4.082805293,-0.001656541,1.200000000,-0.372722641
0,230,1784880989.955177069,774,7.740000134,4.088630458,-0.004827858,1.200000000,-0.373837496
0,230,1784880989.955177069,775,7.750000134,4.094452245,-0.008009864,1.200000000,-0.374947114
0,230,1784880989.955177069,776,7.760000134,4.100270698,-0.011202461,1.200000000,-0.376051571
0,230,1784880989.955177069,777,7.770000134,4.106085859,-0.014405551,1.200000000,-0.377150943
0,230,1784880989.955177069,778,7.780000134,4.111897770,-0.017619037,1.200000000,-0.378245309
0,230,1784880989.955177069,779,7.790000134,4.117706475,-0.020842818,1.200000000,-0.379334744
0,230,1784880989.955177069,780,7.800000134,4.123512019,-0.024076795,1.200000000,-0.380419325
0,230,1784880989.955177069,781,7.810000134,4.129314448,-0.027320867,1.200000000,-0.381499130
0,230,1784880989.955177069,782,7.820000134,4.135113806,-0.030574935,1.200000000,-0.382574235
0,230,1784880989.955177069,783,7.830000134,4.140910140,-0.033838896,1.200000000,-0.383644716
0,230,1784880989.955177069,784,7.840000134,4.146703496,-0.037112648,1.200000000,-0.384710652
0,230,1784880989.955177069,785,7.850000134,4.152493923,-0.040396089,1.200000000,-0.385772118
0,230,1784880989.955177069,786,7.860000134,4.158281467,-0.043689115,1.200000000,-0.386829191
0,230,1784880989.955177069,787,7.870000134,4.164066178,-0.046991624,1.200000000,-0.387881949
0,230,1784880989.955177069,788,7.880000134,4.169848105,-0.050303510,1.200000000,-0.388930467
0,230,1784880989.955177069,789,7.890000134,4.175627296,-0.053624669,1.200000000,-0.389974824
0,230,1784880989.955177069,790,7.900000134,4.181403802,-0.056954996,1.200000000,-0.391015095
0,230,1784880989.955177069,791,7.910000134,4.187177674,-0.060294384,1.200000000,-0.392051358
0,230,1784880989.955177069,792,7.920000134,4.192948961,-0.063642728,1.200000000,-0.393083690
0,230,1784880989.955177069,793,7.930000134,4.198717716,-0.066999920,1.200000000,-0.394112166
0,230,1784880989.955177069,794,7.940000134,4.204483990,-0.070365854,1.200000000,-0.395136865
0,230,1784880989.955177069,795,7.950000134,4.210247834,-0.073740420,1.200000000,-0.396157863
0,230,1784880989.955177069,796,7.960000134,4.216009303,-0.077123512,1.200000000,-0.397175236
0,230,1784880989.955177069,797,7.970000134,4.221768447,-0.080515020,1.200000000,-0.398189062
0,230,1784880989.955177069,798,7.980000134,4.227525321,-0.083914834,1.200000000,-0.399199417
0,230,1784880989.955177069,799,7.990000134,4.233279978,-0.087322845,1.200000000,-0.400206379
0,230,1784880989.955177069,800,8.000000134,4.239032472,-0.090738942,1.200000000,-0.401210023
0,230,1784880989.955177069,801,8.010000134,4.244782856,-0.094163015,1.200000000,-0.402210428
0,230,1784880989.955177069,802,8.020000134,4.250531185,-0.097594953,1.200000000,-0.403207669
0,230,1784880989.955177069,803,8.030000134,4.256277514,-0.101034644,1.200000000,-0.404201824
0,230,1784880989.955177069,804,8.040000134,4.262021897,-0.104481975,1.200000000,-0.405192969
0,230,1784880989.955177069,805,8.050000134,4.267764390,-0.107936834,1.200000000,-0.406181182
0,230,1784880989.955177069,806,8.060000134,4.273505047,-0.111399108,1.200000000,-0.407166539
0,230,1784880989.955177069,807,8.070000134,4.279243924,-0.114868684,1.200000000,-0.408149116
0,230,1784880989.955177069,808,8.080000134,4.284981077,-0.118345448,1.200000000,-0.409128991
0,230,1784880989.955177069,809,8.090000134,4.290716561,-0.121829285,1.200000000,-0.410106241
0,230,1784880989.955177069,810,8.100000134,4.296450432,-0.125320081,1.200000000,-0.411080942
0,230,1784880989.955177069,811,8.110000134,4.302182746,-0.128817720,1.200000000,-0.412053172
0,230,1784880989.955177069,812,8.120000134,4.307913559,-0.132322088,1.200000000,-0.413023006
0,230,1784880989.955177069,813,8.130000134,4.313642927,-0.135833069,1.200000000,-0.413990523
0,230,1784880989.955177069,814,8.140000134,4.319370906,-0.139350545,1.200000000,-0.414955798
0,230,1784880989.955177069,815,8.150000134,4.325097553,-0.142874401,1.200000000,-0.415918909
0,230,1784880989.955177069,816,8.160000134,4.330822923,-0.146404519,1.200000000,-0.416879932
0,230,1784880989.955177069,817,8.170000134,4.336547073,-0.149940782,1.200000000,-0.417838944
0,230,1784880989.955177069,818,8.180000134,4.342270059,-0.153483073,1.200000000,-0.418796023
0,230,1784880989.955177069,819,8.190000134,4.347991937,-0.157031273,1.200000000,-0.419751244
0,230,1784880989.955177069,820,8.200000134,4.353712763,-0.160585264,1.200000000,-0.420704685
0,230,1784880989.955177069,821,8.210000134,4.359432593,-0.164144927,1.200000000,-0.421656423
0,230,1784880989.955177069,822,8.220000134,4.365151483,-0.167710142,1.200000000,-0.422606534
0,230,1784880989.955177069,823,8.230000134,4.370869489,-0.171280791,1.200000000,-0.423555095
0,230,1784880989.955177069,824,8.240000134,4.376586667,-0.174856754,1.200000000,-0.424502184
0,230,1784880989.955177069,825,8.250000134,4.382303071,-0.178437911,1.200000000,-0.425447876
0,230,1784880989.955177069,826,8.260000134,4.388018757,-0.182024141,1.200000000,-0.426392249
0,230,1784880989.955177069,827,8.270000134,4.393733781,-0.185615324,1.200000000,-0.427335380
0,230,1784880989.955177069,828,8.280000134,4.399448198,-0.189211338,1.200000000,-0.428277345
0,230,1784880989.955177069,829,8.290000134,4.405162061,-0.192812063,1.200000000,-0.429218221
0,230,1784880989.955177069,830,8.300000134,4.410875427,-0.196417377,1.200000000,-0.430158085
0,230,1784880989.955177069,831,8.310000134,4.416588348,-0.200027157,1.200000000,-0.431097014
0,230,1784880989.955177069,832,8.320000134,4.422300879,-0.203641283,1.200000000,-0.432035085
0,230,1784880989.955177069,833,8.330000134,4.428013074,-0.207259631,1.200000000,-0.432972375
0,230,1784880989.955177069,834,8.340000134,4.433724986,-0.210882080,1.200000000,-0.433908960
0,230,1784880989.955177069,835,8.350000134,4.439436668,-0.214508505,1.200000000,-0.434844917
0,230,1784880989.955177069,836,8.360000134,4.445148173,-0.218138785,1.200000000,-0.435780323
0,230,1784880989.955177069,837,8.370000134,4.450859553,-0.221772796,1.200000000,-0.436715255
0,230,1784880989.955177069,838,8.380000134,4.456570860,-0.225410413,1.200000000,-0.437649790
0,230,1784880989.955177069,839,8.390000134,4.462282147,-0.229051514,1.200000000,-0.438584004
0,230,1784880989.955177069,840,8.400000134,4.467993463,-0.232695975,1.200000000,-0.439517975
0,230,1784880989.955177069,841,8.410000134,4.473704861,-0.236343670,1.200000000,-0.440451779
0,230,1784880989.955177069,842,8.420000134,4.479416390,-0.239994476,1.200000000,-0.441385493
0,230,1784880989.955177069,843,8.430000134,4.485128100,-0.243648269,1.200000000,-0.442319194
0,230,1784880989.955177069,844,8.440000134,4.490840040,-0.247304922,1.200000000,-0.443252959
0,230,1784880989.955177069,845,8.450000134,4.496552261,-0.250964312,1.200000000,-0.444186864
0,230,1784880989.955177069,846,8.460000134,4.502264809,-0.254626313,1.200000000,-0.445120987
0,230,1784880989.955177069,847,8.470000134,4.507977734,-0.258290800,1.200000000,-0.446055404
0,230,1784880989.955177069,848,8.480000134,4.513691082,-0.261957647,1.200000000,-0.446990192
0,230,1784880989.955177069,849,8.490000134,4.519404901,-0.265626728,1.200000000,-0.447925428
0,230,1784880989.955177069,850,8.500000134,4.525119236,-0.269297918,1.200000000,-0.448861188
0,230,1784880989.955177069,851,8.510000134,4.530834133,-0.272971091,1.200000000,-0.449797551
0,230,1784880989.955177069,852,8.520000134,4.536549639,-0.276646120,1.200000000,-0.450734591
0,230,1784880989.955177069,853,8.530000134,4.542265796,-0.280322880,1.200000000,-0.451672387
0,230,1784880989.955177069,854,8.540000134,4.547982649,-0.284001243,1.200000000,-0.452611015
0,230,1784880989.955177069,855,8.550000134,4.553700242,-0.287681083,1.200000000,-0.453550552
0,230,1784880989.955177069,856,8.560000134,4.559418617,-0.291362274,1.200000000,-0.454491074
0,230,1784880989.955177069,857,8.570000134,4.565137815,-0.295044689,1.200000000,-0.455432659
0,230,1784880989.955177069,858,8.580000134,4.570857879,-0.298728200,1.200000000,-0.456375384
0,230,1784880989.955177069,859,8.590000134,4.576578849,-0.302412682,1.200000000,-0.457319324
0,230,1784880989.955177069,860,8.600000134,4.582300765,-0.306098006,1.200000000,-0.458264558
0,230,1784880989.955177069,861,8.610000134,4.588023666,-0.309784046,1.200000000,-0.459211162
0,230,1784880989.955177069,862,8.620000134,4.593747591,-0.313470675,1.200000000,-0.460159212
0,230,1784880989.955177069,863,8.630000134,4.599472577,-0.317157765,1.200000000,-0.461108786
0,230,1784880989.955177069,864,8.640000134,4.605198661,-0.320845188,1.200000000,-0.462059960
0,230,1784880989.955177069,865,8.650000134,4.610925880,-0.324532817,1.200000000,-0.463012812
0,230,1784880989.955177069,866,8.660000134,4.616654269,-0.328220525,1.200000000,-0.463967417
0,230,1784880989.955177069,867,8.670000134,4.622383863,-0.331908184,1.200000000,-0.464923854
0,230,1784880989.955177069,868,8.680000134,4.628114696,-0.335595667,1.200000000,-0.465882198
0,230,1784880989.955177069,869,8.690000134,4.633846801,-0.339282845,1.200000000,-0.466842527
0,230,1784880989.955177069,870,8.700000134,4.639580210,-0.342969592,1.200000000,-0.467804917
0,230,1784880989.955177069,871,8.710000134,4.645314954,-0.346655778,1.200000000,-0.468769445
0,230,1784880989.955177069,872,8.720000134,4.651051065,-0.350341277,1.200000000,-0.469736189
0,230,1784880989.955177069,873,8.730000134,4.656788573,-0.354025961,1.200000000,-0.470705224
0,230,1784880989.955177069,874,8.740000134,4.662527505,-0.357709702,1.200000000,-0.471676628
0,230,1784880989.955177069,875,8.750000134,4.668267891,-0.361392371,1.200000000,-0.472650478
0,230,1784880989.955177069,876,8.760000134,4.674009757,-0.365073842,1.200000000,-0.473626850
0,230,1784880989.955177069,877,8.770000134,4.679753130,-0.368753986,1.200000000,-0.474605821
0,230,1784880989.955177069,878,8.780000134,4.685498035,-0.372432676,1.200000000,-0.475587468
0,230,1784880989.955177069,879,8.790000134,4.691244497,-0.376109783,1.200000000,-0.476571869
0,230,1784880989.955177069,880,8.800000134,4.696992539,-0.379785181,1.200000000,-0.477559098
0,230,1784880989.955177069,881,8.810000134,4.702742185,-0.383458740,1.200000000,-0.478549235
0,230,1784880989.955177069,882,8.820000134,4.708493457,-0.387130334,1.200000000,-0.479542355
0,230,1784880989.955177069,883,8.830000134,4.714246374,-0.390799835,1.200000000,-0.480538535
0,230,1784880989.955177069,884,8.840000134,4.720000957,-0.394467114,1.200000000,-0.481537852
0,230,1784880989.955177069,885,8.850000134,4.725757226,-0.398132045,1.200000000,-0.482540383
0,230,1784880989.955177069,886,8.860000134,4.731515198,-0.401794500,1.200000000,-0.483546205
0,230,1784880989.955177069,887,8.870000134,4.737274891,-0.405454350,1.200000000,-0.484555394
0,230,1784880989.955177069,888,8.880000134,4.743036321,-0.409111470,1.200000000,-0.485568028
0,230,1784880989.955177069,889,8.890000134,4.748799503,-0.412765731,1.200000000,-0.486584183
0,230,1784880989.955177069,890,8.900000134,4.754564452,-0.416417006,1.200000000,-0.487603936
0,230,1784880989.955177069,891,8.910000134,4.760331181,-0.420065167,1.200000000,-0.488627363
0,230,1784880989.955177069,892,8.920000134,4.766099702,-0.423710088,1.200000000,-0.489654543
0,230,1784880989.955177069,893,8.930000134,4.771870028,-0.427351642,1.200000000,-0.490685551
0,230,1784880989.955177069,894,8.940000134,4.777642168,-0.430989701,1.200000000,-0.491720465
0,230,1784880989.955177069,895,8.950000134,4.783416132,-0.434624138,1.200000000,-0.492759360
0,230,1784880989.955177069,896,8.960000134,4.789191930,-0.438254826,1.200000000,-0.493802315
0,230,1784880989.955177069,897,8.970000134,4.794969567,-0.441881640,1.200000000,-0.494849406
0,230,1784880989.955177069,898,8.980000134,4.800749052,-0.445504451,1.200000000,-0.495900709
0,230,1784880989.955177069,899,8.990000134,4.806530390,-0.449123135,1.200000000,-0.496956302
0,230,1784880989.955177069,900,9.000000134,4.812313585,-0.452737563,1.200000000,-0.498016261
0,230,1784880989.955177069,901,9.010000134,4.818098642,-0.456347610,1.200000000,-0.499080664
0,230,1784880989.955177069,902,9.020000134,4.823885563,-0.459953150,1.200000000,-0.500149587
0,230,1784880989.955177069,903,9.030000134,4.829674351,-0.463554057,1.200000000,-0.501223106
0,230,1784880989.955177069,904,9.040000134,4.835465005,-0.467150204,1.200000000,-0.502301299
0,230,1784880989.955177069,905,9.050000134,4.841257527,-0.470741467,1.200000000,-0.503384243
0,230,1784880989.955177069,906,9.060000134,4.847051914,-0.474327718,1.200000000,-0.504472014
0,230,1784880989.955177069,907,9.070000134,4.852848166,-0.477908834,1.200000000,-0.505564689
0,230,1784880989.955177069,908,9.080000134,4.858646278,-0.481484688,1.200000000,-0.506662346
0,230,1784880989.955177069,909,9.090000134,4.864446249,-0.485055155,1.200000000,-0.507765060
0,230,1784880989.955177069,910,9.100000134,4.870248071,-0.488620110,1.200000000,-0.508872909
0,230,1784880989.955177069,911,9.110000134,4.876051741,-0.492179429,1.200000000,-0.509985970
0,230,1784880989.955177069,912,9.120000134,4.881857251,-0.495732986,1.200000000,-0.511104318
0,230,1784880989.955177069,913,9.130000134,4.887664593,-0.499280657,1.200000000,-0.512228033
0,230,1784880989.955177069,914,9.140000134,4.893473760,-0.502822318,1.200000000,-0.513357189
0,230,1784880989.955177069,915,9.150000134,4.899284742,-0.506357844,1.200000000,-0.514491864
0,230,1784880989.955177069,916,9.160000134,4.905097529,-0.509887112,1.200000000,-0.515632034
0,230,1784880989.955177069,917,9.170000134,4.910912109,-0.513409997,1.200000000,-0.516777308
0,230,1784880989.955177069,918,9.180000134,4.916728470,-0.516926375,1.200000000,-0.517927212
0,230,1784880989.955177069,919,9.190000134,4.922546600,-0.520436124,1.200000000,-0.519081273
0,230,1784880989.955177069,920,9.200000134,4.928366485,-0.523939120,1.200000000,-0.520239017
0,230,1784880989.955177069,921,9.210000134,4.934188111,-0.527435240,1.200000000,-0.521399970
0,230,1784880989.955177069,922,9.220000134,4.940011461,-0.530924360,1.200000000,-0.522563658
0,230,1784880989.955177069,923,9.230000134,4.945836520,-0.534406359,1.200000000,-0.523729609
0,230,1784880989.955177069,924,9.240000134,4.951663270,-0.537881114,1.200000000,-0.524897347
0,230,1784880989.955177069,925,9.250000134,4.957491694,-0.541348502,1.200000000,-0.526066399
0,230,1784880989.955177069,926,9.260000134,4.963321773,-0.544808401,1.200000000,-0.527236292
0,230,1784880989.955177069,927,9.270000134,4.969153488,-0.548260689,1.200000000,-0.528406552
0,230,1784880989.955177069,928,9.280000134,4.974986818,-0.551705245,1.200000000,-0.529576705
0,230,1784880989.955177069,929,9.290000134,4.980821742,-0.555141947,1.200000000,-0.530746277
0,230,1784880989.955177069,930,9.300000134,4.986658240,-0.558570675,1.200000000,-0.531914795
0,230,1784880989.955177069,931,9.310000134,4.992496287,-0.561991306,1.200000000,-0.533081784
0,230,1784880989.955177069,932,9.320000134,4.998335862,-0.565403720,1.200000000,-0.534246772
0,230,1784880989.955177069,933,9.330000134,5.004176941,-0.568807797,1.200000000,-0.535409284
0,230,1784880989.955177069,934,9.340000134,5.010019498,-0.572203416,1.200000000,-0.536568847
0,230,1784880989.955177069,935,9.350000134,5.015863510,-0.575590457,1.200000000,-0.537724986
0,230,1784880989.955177069,936,9.360000134,5.021708949,-0.578968801,1.200000000,-0.538877229
0,230,1784880989.955177069,937,9.370000134,5.027555791,-0.582338326,1.200000000,-0.540025101
0,230,1784880989.955177069,938,9.380000134,5.033404007,-0.585698916,1.200000000,-0.541168129
0,230,1784880989.955177069,939,9.390000134,5.039253571,-0.589050449,1.200000000,-0.542305839
0,230,1784880989.955177069,940,9.400000134,5.045104454,-0.592392807,1.200000000,-0.543437757
0,230,1784880989.955177069,941,9.410000134,5.050956627,-0.595725871,1.200000000,-0.544563410
0,230,1784880989.955177069,942,9.420000134,5.056810062,-0.599049524,1.200000000,-0.545682323
0,230,1784880989.955177069,943,9.430000134,5.062664728,-0.602363646,1.200000000,-0.546794024
0,230,1784880989.955177069,944,9.440000134,5.068520596,-0.605668120,1.200000000,-0.547898038
0,230,1784880989.955177069,945,9.450000134,5.074377634,-0.608962829,1.200000000,-0.548993891
0,230,1784880989.955177069,946,9.460000134,5.080235812,-0.612247654,1.200000000,-0.550081110
0,230,1784880989.955177069,947,9.470000134,5.086095098,-0.615522479,1.200000000,-0.551159221
0,230,1784880989.955177069,948,9.480000134,5.091955460,-0.618787186,1.200000000,-0.552227751
0,230,1784880989.955177069,949,9.490000134,5.097816866,-0.622041660,1.200000000,-0.553286225
0,230,1784880989.955177069,950,9.500000134,5.103679282,-0.625285784,1.200000000,-0.554334170
0,230,1784880989.955177069,951,9.510000134,5.109542676,-0.628519441,1.200000000,-0.555371112
0,230,1784880989.955177069,952,9.520000134,5.115407015,-0.631742516,1.200000000,-0.556396578
0,230,1784880989.955177069,953,9.530000134,5.121272264,-0.634954893,1.200000000,-0.557410094
0,230,1784880989.955177069,954,9.540000134,5.127138390,-0.638156458,1.200000000,-0.558411185
0,230,1784880989.955177069,955,9.550000134,5.133005358,-0.641347095,1.200000000,-0.559399378
0,230,1784880989.955177069,956,9.560000134,5.138873133,-0.644526689,1.200000000,-0.560374200
0,230,1784880989.955177069,957,9.570000134,5.144741682,-0.647695126,1.200000000,-0.561335177
0,230,1784880989.955177069,958,9.580000134,5.150610968,-0.650852291,1.200000000,-0.562281835
0,230,1784880989.955177069,959,9.590000134,5.156480957,-0.653998072,1.200000000,-0.563213700
0,230,1784880989.955177069,960,9.600000134,5.162351614,-0.657132354,1.200000000,-0.564130299
0,230,1784880989.955177069,961,9.610000134,5.168222902,-0.660255024,1.200000000,-0.565031157
0,230,1784880989.955177069,962,9.620000134,5.174094787,-0.663365969,1.200000000,-0.565915802
0,230,1784880989.955177069,963,9.630000134,5.179967232,-0.666465076,1.200000000,-0.566783759
0,230,1784880989.955177069,964,9.640000134,5.185840202,-0.669552234,1.200000000,-0.567634554
0,230,1784880989.955177069,965,9.650000134,5.191713662,-0.672627329,1.200000000,-0.568467715
0,230,1784880989.955177069,966,9.660000134,5.197587575,-0.675690250,1.200000000,-0.569282766
0,230,1784880989.955177069,967,9.670000134,5.203461905,-0.678740886,1.200000000,-0.570079235
0,230,1784880989.955177069,968,9.680000134,5.209336617,-0.681779125,1.200000000,-0.570856648
0,230,1784880989.955177069,969,9.690000134,5.215211675,-0.684804857,1.200000000,-0.571614530
0,230,1784880989.955177069,970,9.700000134,5.221087043,-0.687817970,1.200000000,-0.572352409
0,230,1784880989.955177069,971,9.710000134,5.226962686,-0.690818355,1.200000000,-0.573069810
0,230,1784880989.955177069,972,9.720000134,5.232838568,-0.693805902,1.200000000,-0.573766260
0,230,1784880989.955177069,973,9.730000134,5.238714654,-0.696780501,1.200000000,-0.574441285
0,230,1784880989.955177069,974,9.740000134,5.244590908,-0.699742042,1.200000000,-0.575094411
0,230,1784880989.955177069,975,9.750000134,5.250467295,-0.702690417,1.200000000,-0.575725165
0,230,1784880989.955177069,976,9.760000134,5.256343782,-0.705625517,1.200000000,-0.576333073
0,230,1784880989.955177069,977,9.770000134,5.262220332,-0.708547234,1.200000000,-0.576917660
0,230,1784880989.955177069,978,9.780000134,5.268096912,-0.711455459,1.200000000,-0.577478454
0,230,1784880989.955177069,979,9.790000134,5.273973488,-0.714350086,1.200000000,-0.578014981
0,230,1784880989.955177069,980,9.800000134,5.279850025,-0.717231006,1.200000000,-0.578526766
0,230,1784880989.955177069,981,9.810000134,5.285726491,-0.720098112,1.200000000,-0.579013337
0,230,1784880989.955177069,982,9.820000134,5.291602851,-0.722951299,1.200000000,-0.579474219
0,230,1784880989.955177069,983,9.830000134,5.297479074,-0.725790459,1.200000000,-0.579908938
0,230,1784880989.955177069,984,9.840000134,5.303355127,-0.728615486,1.200000000,-0.580317022
0,230,1784880989.955177069,985,9.850000134,5.309230977,-0.731426276,1.200000000,-0.580697995
0,230,1784880989.955177069,986,9.860000134,5.315106593,-0.734222722,1.200000000,-0.581051386
0,230,1784880989.955177069,987,9.870000134,5.320981944,-0.737004720,1.200000000,-0.581376719
0,230,1784880989.955177069,988,9.880000134,5.326857000,-0.739772165,1.200000000,-0.581673520
0,230,1784880989.955177069,989,9.890000134,5.332731729,-0.742524953,1.200000000,-0.581941318
0,230,1784880989.955177069,990,9.900000134,5.338606103,-0.745262981,1.200000000,-0.582179636
0,230,1784880989.955177069,991,9.910000134,5.344480091,-0.747986143,1.200000000,-0.582388003
0,230,1784880989.955177069,992,9.920000134,5.350353666,-0.750694338,1.200000000,-0.582565943
0,230,1784880989.955177069,993,9.930000134,5.356226798,-0.753387463,1.200000000,-0.582712984
0,230,1784880989.955177069,994,9.940000134,5.362099462,-0.756065415,1.200000000,-0.582828651
0,230,1784880989.955177069,995,9.950000134,5.367971629,-0.758728092,1.200000000,-0.582912472
0,230,1784880989.955177069,996,9.960000134,5.373843273,-0.761375393,1.200000000,-0.582963971
0,230,1784880989.955177069,997,9.970000134,5.379714369,-0.764007217,1.200000000,-0.582982676
0,230,1784880989.955177069,998,9.980000134,5.385584892,-0.766623462,1.200000000,-0.582968112
0,230,1784880989.955177069,999,9.990000134,5.391454817,-0.769224028,1.200000000,-0.582919806
0,230,1784880989.955177069,1000,10.000000134,5.397324121,-0.771808815,1.200000000,-0.582837285
0,230,1784880989.955177069,1001,10.010000134,5.403192781,-0.774377724,1.200000000,-0.582720074
0,230,1784880989.955177069,1002,10.020000134,5.409060775,-0.776930655,1.200000000,-0.582567699
0,230,1784880989.955177069,1003,10.030000134,5.414928080,-0.779467509,1.200000000,-0.582379688
0,230,1784880989.955177069,1004,10.040000134,5.420794677,-0.781988188,1.200000000,-0.582155566
0,230,1784880989.955177069,1005,10.050000134,5.426660546,-0.784492594,1.200000000,-0.581894859
0,230,1784880989.955177069,1006,10.060000134,5.432525668,-0.786980629,1.200000000,-0.581597094
0,230,1784880989.955177069,1007,10.070000134,5.438390024,-0.789452196,1.200000000,-0.581261797
0,230,1784880989.955177069,1008,10.080000134,5.444253597,-0.791907199,1.200000000,-0.580888495
0,230,1784880989.955177069,1009,10.090000134,5.450116370,-0.794345541,1.200000000,-0.580476713
0,230,1784880989.955177069,1010,10.100000134,5.455978328,-0.796767126,1.200000000,-0.580025977
0,230,1784880989.955177069,1011,10.110000134,5.461839456,-0.799171859,1.200000000,-0.579535815
0,230,1784880989.955177069,1012,10.120000134,5.467699740,-0.801559644,1.200000000,-0.579005753
0,230,1784880989.955177069,1013,10.130000134,5.473559166,-0.803930388,1.200000000,-0.578435315
0,230,1784880989.955177069,1014,10.140000134,5.479417724,-0.806283996,1.200000000,-0.577824030
0,230,1784880989.955177069,1015,10.150000134,5.485275401,-0.808620374,1.200000000,-0.577171423
0,230,1784880989.955177069,1016,10.160000134,5.491132187,-0.810939430,1.200000000,-0.576477021
0,230,1784880989.955177069,1017,10.170000134,5.496988073,-0.813241070,1.200000000,-0.575740349
0,230,1784880989.955177069,1018,10.180000134,5.502843052,-0.815525203,1.200000000,-0.574960934
0,230,1784880989.955177069,1019,10.190000134,5.508697114,-0.817791737,1.200000000,-0.574138302
0,230,1784880989.955177069,1020,10.200000134,5.514550255,-0.820040581,1.200000000,-0.573271980
0,230,1784880989.955177069,1021,10.210000134,5.520402469,-0.822271643,1.200000000,-0.572361493
0,230,1784880989.955177069,1022,10.220000134,5.526253751,-0.824484834,1.200000000,-0.571406369
0,230,1784880989.955177069,1023,10.230000134,5.532104098,-0.826680063,1.200000000,-0.570406133
0,230,1784880989.955177069,1024,10.240000134,5.537953509,-0.828857243,1.200000000,-0.569360311
0,230,1784880989.955177069,1025,10.250000134,5.543801981,-0.831016283,1.200000000,-0.568268430
0,230,1784880989.955177069,1026,10.260000134,5.549649514,-0.833157096,1.200000000,-0.567130016
0,230,1784880989.955177069,1027,10.270000134,5.555496110,-0.835279594,1.200000000,-0.565944596
0,230,1784880989.955177069,1028,10.280000134,5.561341771,-0.837383690,1.200000000,-0.564711695
0,230,1784880989.955177069,1029,10.290000134,5.567186498,-0.839469297,1.200000000,-0.563430840
0,230,1784880989.955177069,1030,10.300000134,5.573030297,-0.841536330,1.200000000,-0.562101558
0,230,1784880989.955177069,1031,10.310000134,5.578873172,-0.843584703,1.200000000,-0.560723373
0,230,1784880989.955177069,1032,10.320000134,5.584715130,-0.845614331,1.200000000,-0.559295814
0,230,1784880989.955177069,1033,10.330000134,5.590556178,-0.847625129,1.200000000,-0.557818405
0,230,1784880989.955177069,1034,10.340000134,5.596396325,-0.849617014,1.200000000,-0.556290673
0,230,1784880989.955177069,1035,10.350000134,5.602235579,-0.851589903,1.200000000,-0.554712145
0,230,1784880989.955177069,1036,10.360000134,5.608073952,-0.853543713,1.200000000,-0.553082347
0,230,1784880989.955177069,1037,10.370000134,5.613911455,-0.855478362,1.200000000,-0.551400805
0,230,1784880989.955177069,1038,10.380000134,5.619748100,-0.857393768,1.200000000,-0.549667045
0,230,1784880989.955177069,1039,10.390000134,5.625583902,-0.859289852,1.200000000,-0.547880593
0,230,1784880989.955177069,1040,10.400000134,5.631418876,-0.861166532,1.200000000,-0.546040977
0,230,1784880989.955177069,1041,10.410000134,5.637253037,-0.863023730,1.200000000,-0.544147721
0,230,1784880989.955177069,1042,10.420000134,5.643086403,-0.864861366,1.200000000,-0.542200353
0,230,1784880989.955177069,1043,10.430000134,5.648918992,-0.866679362,1.200000000,-0.540198398
0,230,1784880989.955177069,1044,10.440000134,5.654750823,-0.868477641,1.200000000,-0.538141383
0,230,1784880989.955177069,1045,10.450000134,5.660581917,-0.870256125,1.200000000,-0.536028856
0,230,1784880989.955177069,1046,10.460000134,5.666412294,-0.872014738,1.200000000,-0.533860845
0,230,1784880989.955177069,1047,10.470000134,5.672241977,-0.873753406,1.200000000,-0.531637863
0,230,1784880989.955177069,1048,10.480000134,5.678070991,-0.875472052,1.200000000,-0.529360439
0,230,1784880989.955177069,1049,10.490000134,5.683899359,-0.877170602,1.200000000,-0.527029106
0,230,1784880989.955177069,1050,10.500000134,5.689727107,-0.878848984,1.200000000,-0.524644395
0,230,1784880989.955177069,1051,10.510000134,5.695554262,-0.880507125,1.200000000,-0.522206838
0,230,1784880989.955177069,1052,10.520000134,5.701380851,-0.882144952,1.200000000,-0.519716965
0,230,1784880989.955177069,1053,10.530000134,5.707206903,-0.883762394,1.200000000,-0.517175308
0,230,1784880989.955177069,1054,10.540000134,5.713032448,-0.885359380,1.200000000,-0.514582398
0,230,1784880989.955177069,1055,10.550000134,5.718857517,-0.886935842,1.200000000,-0.511938767
0,230,1784880989.955177069,1056,10.560000134,5.724682141,-0.888491709,1.200000000,-0.509244946
0,230,1784880989.955177069,1057,10.570000134,5.730506352,-0.890026913,1.200000000,-0.506501467
0,230,1784880989.955177069,1058,10.580000134,5.736330186,-0.891541388,1.200000000,-0.503708861
0,230,1784880989.955177069,1059,10.590000134,5.742153675,-0.893035066,1.200000000,-0.500867658
0,230,1784880989.955177069,1060,10.600000134,5.747976855,-0.894507881,1.200000000,-0.497978392
0,230,1784880989.955177069,1061,10.610000134,5.753799764,-0.895959769,1.200000000,-0.495041592
0,230,1784880989.955177069,1062,10.620000134,5.759622437,-0.897390665,1.200000000,-0.492057791
0,230,1784880989.955177069,1063,10.630000134,5.765444914,-0.898800506,1.200000000,-0.489027519
0,230,1784880989.955177069,1064,10.640000134,5.771267233,-0.900189229,1.200000000,-0.485951308
0,230,1784880989.955177069,1065,10.650000134,5.777089434,-0.901556773,1.200000000,-0.482829690
0,230,1784880989.955177069,1066,10.660000134,5.782911558,-0.902903077,1.200000000,-0.479663196
0,230,1784880989.955177069,1067,10.670000134,5.788733646,-0.904228081,1.200000000,-0.476452357
0,230,1784880989.955177069,1068,10.680000134,5.794555741,-0.905531726,1.200000000,-0.473197704
0,230,1784880989.955177069,1069,10.690000134,5.800377885,-0.906813954,1.200000000,-0.469899769
0,230,1784880989.955177069,1070,10.700000134,5.806200123,-0.908074707,1.200000000,-0.466559084
0,230,1784880989.955177069,1071,10.710000134,5.812022499,-0.909313930,1.200000000,-0.463176179
0,230,1784880989.955177069,1072,10.720000134,5.817845058,-0.910531567,1.200000000,-0.459751586
0,230,1784880989.955177069,1073,10.730000134,5.823667846,-0.911727564,1.200000000,-0.456285837
0,230,1784880989.955177069,1074,10.740000134,5.829490911,-0.912901867,1.200000000,-0.452779462
0,230,1784880989.955177069,1075,10.750000134,5.835314298,-0.914054424,1.200000000,-0.449232993
0,230,1784880989.955177069,1076,10.760000134,5.841138055,-0.915185184,1.200000000,-0.445646962
0,230,1784880989.955177069,1077,10.770000134,5.846962233,-0.916294095,1.200000000,-0.442021900
0,230,1784880989.955177069,1078,10.780000134,5.852786878,-0.917381109,1.200000000,-0.438358338
0,230,1784880989.955177069,1079,10.790000134,5.858612042,-0.918446177,1.200000000,-0.434656807
0,230,1784880989.955177069,1080,10.800000134,5.864437773,-0.919489252,1.200000000,-0.430917840
0,230,1784880989.955177069,1081,10.810000134,5.870264124,-0.920510288,1.200000000,-0.427141966
0,230,1784880989.955177069,1082,10.820000134,5.876091144,-0.921509238,1.200000000,-0.423329719
0,230,1784880989.955177069,1083,10.830000134,5.881918885,-0.922486059,1.200000000,-0.419481628
0,230,1784880989.955177069,1084,10.840000134,5.887747400,-0.923440708,1.200000000,-0.415598226
0,230,1784880989.955177069,1085,10.850000134,5.893576740,-0.924373143,1.200000000,-0.411680044
0,230,1784880989.955177069,1086,10.860000134,5.899406959,-0.925283323,1.200000000,-0.407727613
0,230,1784880989.955177069,1087,10.870000134,5.905238110,-0.926171207,1.200000000,-0.403741464
0,230,1784880989.955177069,1088,10.880000134,5.911070246,-0.927036757,1.200000000,-0.399722129
0,230,1784880989.955177069,1089,10.890000134,5.916903420,-0.927879936,1.200000000,-0.395670140
0,230,1784880989.955177069,1090,10.900000134,5.922737688,-0.928700707,1.200000000,-0.391586027
0,230,1784880989.955177069,1091,10.910000134,5.928573102,-0.929499034,1.200000000,-0.387470322
0,230,1784880989.955177069,1092,10.920000134,5.934409718,-0.930274885,1.200000000,-0.383323557
0,230,1784880989.955177069,1093,10.930000134,5.940247589,-0.931028224,1.200000000,-0.379146262
0,230,1784880989.955177069,1094,10.940000134,5.946086772,-0.931759022,1.200000000,-0.374938970
0,230,1784880989.955177069,1095,10.950000134,5.951927321,-0.932467247,1.200000000,-0.370702211
0,230,1784880989.955177069,1096,10.960000134,5.957769291,-0.933152871,1.200000000,-0.366436516
0,230,1784880989.955177069,1097,10.970000134,5.963612737,-0.933815864,1.200000000,-0.362142418
0,230,1784880989.955177069,1098,10.980000134,5.969457714,-0.934456200,1.200000000,-0.357820448
0,230,1784880989.955177069,1099,10.990000134,5.975304277,-0.935073853,1.200000000,-0.353471136
0,230,1784880989.955177069,1100,11.000000134,5.981152482,-0.935668800,1.200000000,-0.349095015
0,230,1784880989.955177069,1101,11.010000134,5.987002384,-0.936241016,1.200000000,-0.344692615
0,230,1784880989.955177069,1102,11.020000134,5.992854037,-0.936790481,1.200000000,-0.340264469
0,230,1784880989.955177069,1103,11.030000134,5.998707497,-0.937317173,1.200000000,-0.335811107
0,230,1784880989.955177069,1104,11.040000134,6.004562819,-0.937821073,1.200000000,-0.331333060
0,230,1784880989.955177069,1105,11.050000134,6.010420057,-0.938302163,1.200000000,-0.326830861
0,230,1784880989.955177069,1106,11.060000134,6.016279266,-0.938760427,1.200000000,-0.322305040
0,230,1784880989.955177069,1107,11.070000134,6.022140499,-0.939195850,1.200000000,-0.317756130
0,230,1784880989.955177069,1108,11.080000134,6.028003812,-0.939608417,1.200000000,-0.313184660
0,230,1784880989.955177069,1109,11.090000134,6.033869257,-0.939998116,1.200000000,-0.308591163
0,230,1784880989.955177069,1110,11.100000134,6.039736889,-0.940364936,1.200000000,-0.303976170
0,230,1784880989.955177069,1111,11.110000134,6.045606759,-0.940708866,1.200000000,-0.299340213
0,230,1784880989.955177069,1112,11.120000134,6.051478922,-0.941029899,1.200000000,-0.294683822
0,230,1784880989.955177069,1113,11.130000134,6.057353430,-0.941328027,1.200000000,-0.290007529
0,230,1784880989.955177069,1114,11.140000134,6.063230333,-0.941603244,1.200000000,-0.285311866
0,230,1784880989.955177069,1115,11.150000134,6.069109684,-0.941855546,1.200000000,-0.280597364
0,230,1784880989.955177069,1116,11.160000134,6.074991534,-0.942084931,1.200000000,-0.275864554
0,230,1784880989.955177069,1117,11.170000134,6.080875934,-0.942291397,1.200000000,-0.271113967
0,230,1784880989.955177069,1118,11.180000134,6.086762932,-0.942474943,1.200000000,-0.266346135
0,230,1784880989.955177069,1119,11.190000134,6.092652579,-0.942635572,1.200000000,-0.261561590
0,230,1784880989.955177069,1120,11.200000134,6.098544923,-0.942773286,1.200000000,-0.256760862
0,230,1784880989.955177069,1121,11.210000134,6.104440012,-0.942888089,1.200000000,-0.251944484
0,230,1784880989.955177069,1122,11.220000134,6.110337895,-0.942979988,1.200000000,-0.247112985
0,230,1784880989.955177069,1123,11.230000134,6.116238617,-0.943048989,1.200000000,-0.242266899
0,230,1784880989.955177069,1124,11.240000134,6.122142225,-0.943095101,1.200000000,-0.237406756
0,230,1784880989.955177069,1125,11.250000134,6.128048763,-0.943118336,1.200000000,-0.232533087
0,230,1784880989.955177069,1126,11.260000134,6.133958278,-0.943118703,1.200000000,-0.227646424
0,230,1784880989.955177069,1127,11.270000134,6.139870812,-0.943096217,1.200000000,-0.222747298
0,230,1784880989.955177069,1128,11.280000134,6.145786408,-0.943050892,1.200000000,-0.217836241
0,230,1784880989.955177069,1129,11.290000134,6.151705108,-0.942982745,1.200000000,-0.212913784
0,230,1784880989.955177069,1130,11.300000134,6.157626954,-0.942891793,1.200000000,-0.207980458
0,230,1784880989.955177069,1131,11.310000134,6.163551986,-0.942778057,1.200000000,-0.203036795
0,230,1784880989.955177069,1132,11.320000134,6.169480242,-0.942641555,1.200000000,-0.198083327
0,230,1784880989.955177069,1133,11.330000134,6.175411763,-0.942482312,1.200000000,-0.193120583
0,230,1784880989.955177069,1134,11.340000134,6.181346584,-0.942300351,1.200000000,-0.188149097
0,230,1784880989.955177069,1135,11.350000134,6.187284743,-0.942095698,1.200000000,-0.183169398
0,230,1784880989.955177069,1136,11.360000134,6.193226274,-0.941868380,1.200000000,-0.178182019
0,230,1784880989.955177069,1137,11.370000134,6.199171212,-0.941618424,1.200000000,-0.173187491
0,230,1784880989.955177069,1138,11.380000134,6.205119590,-0.941345863,1.200000000,-0.168186346
0,230,1784880989.955177069,1139,11.390000134,6.211071440,-0.941050727,1.200000000,-0.163179114
0,230,1784880989.955177069,1140,11.400000134,6.217026792,-0.940733050,1.200000000,-0.158166327
0,230,1784880989.955177069,1141,11.410000134,6.222985678,-0.940392866,1.200000000,-0.153148516
0,230,1784880989.955177069,1142,11.420000134,6.228948125,-0.940030213,1.200000000,-0.148126214
0,230,1784880989.955177069,1143,11.430000134,6.234914160,-0.939645129,1.200000000,-0.143099950
0,230,1784880989.955177069,1144,11.440000134,6.240883810,-0.939237653,1.200000000,-0.138070257
0,230,1784880989.955177069,1145,11.450000134,6.246857099,-0.938807826,1.200000000,-0.133037666
0,230,1784880989.955177069,1146,11.460000134,6.252834051,-0.938355692,1.200000000,-0.128002708
0,230,1784880989.955177069,1147,11.470000134,6.258814688,-0.937881295,1.200000000,-0.122965915
0,230,1784880989.955177069,1148,11.480000134,6.264799032,-0.937384682,1.200000000,-0.117927817
0,230,1784880989.955177069,1149,11.490000134,6.270787101,-0.936865900,1.200000000,-0.112888947
0,230,1784880989.955177069,1150,11.500000134,6.276778914,-0.936324998,1.200000000,-0.107849836
0,230,1784880989.955177069,1151,11.510000134,6.282774487,-0.935762028,1.200000000,-0.102811015
0,230,1784880989.955177069,1152,11.520000134,6.288773837,-0.935177041,1.200000000,-0.097773015
0,230,1784880989.955177069,1153,11.530000134,6.294776976,-0.934570093,1.200000000,-0.092736368
0,230,1784880989.955177069,1154,11.540000134,6.300783918,-0.933941240,1.200000000,-0.087701605
0,230,1784880989.955177069,1155,11.550000134,6.306794673,-0.933290537,1.200000000,-0.082669258
0,230,1784880989.955177069,1156,11.560000134,6.312809251,-0.932618046,1.200000000,-0.077639858
0,230,1784880989.955177069,1157,11.570000134,6.318827660,-0.931923826,1.200000000,-0.072613936
0,230,1784880989.955177069,1158,11.580000134,6.324849907,-0.931207939,1.200000000,-0.067592024
0,230,1784880989.955177069,1159,11.590000134,6.330875996,-0.930470450,1.200000000,-0.062574652
0,230,1784880989.955177069,1160,11.600000134,6.336905932,-0.929711424,1.200000000,-0.057562353
0,230,1784880989.955177069,1161,11.610000134,6.342939715,-0.928930928,1.200000000,-0.052555658
0,230,1784880989.955177069,1162,11.620000134,6.348977347,-0.928129031,1.200000000,-0.047555098
0,230,1784880989.955177069,1163,11.630000134,6.355018826,-0.927305803,1.200000000,-0.042561205
0,230,1784880989.955177069,1164,11.640000134,6.361064148,-0.926461316,1.200000000,-0.037574509
0,230,1784880989.955177069,1165,11.650000134,6.367113310,-0.925595644,1.200000000,-0.032595543
0,230,1784880989.955177069,1166,11.660000134,6.373166306,-0.924708861,1.200000000,-0.027624837
0,230,1784880989.955177069,1167,11.670000134,6.379223127,-0.923801046,1.200000000,-0.022662924
0,230,1784880989.955177069,1168,11.680000134,6.385283764,-0.922872274,1.200000000,-0.017710333
0,230,1784880989.955177069,1169,11.690000134,6.391348207,-0.921922628,1.200000000,-0.012767597
0,230,1784880989.955177069,1170,11.700000134,6.397416441,-0.920952188,1.200000000,-0.007835248
0,230,1784880989.955177069,1171,11.710000134,6.403488454,-0.919961037,1.200000000,-0.002913816
0,230,1784880989.955177069,1172,11.720000134,6.409564228,-0.918949259,1.200000000,0.001996168
0,230,1784880989.955177069,1173,11.730000134,6.415643746,-0.917916942,1.200000000,0.006894171
0,230,1784880989.955177069,1174,11.740000134,6.421726988,-0.916864172,1.200000000,0.011779663
0,230,1784880989.955177069,1175,11.750000134,6.427813933,-0.915791039,1.200000000,0.016652111
0,230,1784880989.955177069,1176,11.760000134,6.433904559,-0.914697634,1.200000000,0.021510986
0,230,1784880989.955177069,1177,11.770000134,6.439998839,-0.913584048,1.200000000,0.026355859
0,230,1784880989.955177069,1178,11.780000134,6.446096749,-0.912450377,1.200000000,0.031186581
0,230,1784880989.955177069,1179,11.790000134,6.452198260,-0.911296715,1.200000000,0.036003044
0,230,1784880989.955177069,1180,11.800000134,6.458303341,-0.910123159,1.200000000,0.040805145
0,230,1784880989.955177069,1181,11.810000134,6.464411963,-0.908929808,1.200000000,0.045592777
0,230,1784880989.955177069,1182,11.820000134,6.470524090,-0.907716760,1.200000000,0.050365835
0,230,1784880989.955177069,1183,11.830000134,6.476639688,-0.906484119,1.200000000,0.055124213
0,230,1784880989.955177069,1184,11.840000134,6.482758721,-0.905231986,1.200000000,0.059867806
0,230,1784880989.955177069,1185,11.850000134,6.488881150,-0.903960466,1.200000000,0.064596508
0,230,1784880989.955177069,1186,11.860000134,6.495006934,-0.902669665,1.200000000,0.069310214
0,230,1784880989.955177069,1187,11.870000134,6.501136032,-0.901359689,1.200000000,0.074008818
0,230,1784880989.955177069,1188,11.880000134,6.507268400,-0.900030647,1.200000000,0.078692214
0,230,1784880989.955177069,1189,11.890000134,6.513403993,-0.898682650,1.200000000,0.083360298
0,230,1784880989.955177069,1190,11.900000134,6.519542764,-0.897315808,1.200000000,0.088012963
0,230,1784880989.955177069,1191,11.910000134,6.525684664,-0.895930234,1.200000000,0.092650105
0,230,1784880989.955177069,1192,11.920000134,6.531829642,-0.894526043,1.200000000,0.097271617
0,230,1784880989.955177069,1193,11.930000134,6.537977647,-0.893103350,1.200000000,0.101877394
0,230,1784880989.955177069,1194,11.940000134,6.544128625,-0.891662272,1.200000000,0.106467331
0,230,1784880989.955177069,1195,11.950000134,6.550282520,-0.890202926,1.200000000,0.111041321
0,230,1784880989.955177069,1196,11.960000134,6.556439275,-0.888725433,1.200000000,0.115599260
0,230,1784880989.955177069,1197,11.970000134,6.562598831,-0.887229913,1.200000000,0.120141042
0,230,1784880989.955177069,1198,11.980000134,6.568761128,-0.885716489,1.200000000,0.124666561
0,230,1784880989.955177069,1199,11.990000134,6.574926105,-0.884185283,1.200000000,0.129175713
0,230,1784880989.955177069,1200,12.000000134,6.581093696,-0.882636420,1.200000000,0.133668390
0,230,1784880989.955177069,1201,12.010000134,6.587263838,-0.881070026,1.200000000,0.138144489
0,230,1784880989.955177069,1202,12.020000134,6.593436463,-0.879486229,1.200000000,0.142603902
0,230,1784880989.955177069,1203,12.030000134,6.599611503,-0.877885155,1.200000000,0.147046526
0,230,1784880989.955177069,1204,12.040000134,6.605788888,-0.876266935,1.200000000,0.151472253
0,230,1784880989.955177069,1205,12.050000134,6.611968546,-0.874631700,1.200000000,0.155880980
0,230,1784880989.955177069,1206,12.060000134,6.618150404,-0.872979581,1.200000000,0.160272599
0,230,1784880989.955177069,1207,12.070000134,6.624334389,-0.871310710,1.200000000,0.164647007
0,230,1784880989.955177069,1208,12.080000134,6.630520423,-0.869625223,1.200000000,0.169004096
0,230,1784880989.955177069,1209,12.090000134,6.636708429,-0.867923254,1.200000000,0.173343762
0,230,1784880989.955177069,1210,12.100000134,6.642898328,-0.866204938,1.200000000,0.177665899
0,230,1784880989.955177069,1211,12.110000134,6.649090041,-0.864470415,1.200000000,0.181970402
0,230,1784880989.955177069,1212,12.120000134,6.655283484,-0.862719821,1.200000000,0.186257164
0,230,1784880989.955177069,1213,12.130000134,6.661478574,-0.860953296,1.200000000,0.190526081
0,230,1784880989.955177069,1214,12.140000134,6.667675227,-0.859170981,1.200000000,0.194777047
0,230,1784880989.955177069,1215,12.150000134,6.673873357,-0.857373017,1.200000000,0.199009957
0,230,1784880989.955177069,1216,12.160000134,6.680072877,-0.855559545,1.200000000,0.203224704
0,230,1784880989.955177069,1217,12.170000134,6.686273697,-0.853730710,1.200000000,0.207421184
0,230,1784880989.955177069,1218,12.180000134,6.692475727,-0.851886654,1.200000000,0.211599291
0,230,1784880989.955177069,1219,12.190000134,6.698678877,-0.850027525,1.200000000,0.215758919
0,230,1784880989.955177069,1220,12.200000134,6.704883053,-0.848153466,1.200000000,0.219899963
0,230,1784880989.955177069,1221,12.210000134,6.711088161,-0.846264626,1.200000000,0.224022317
0,230,1784880989.955177069,1222,12.220000134,6.717294107,-0.844361151,1.200000000,0.228125876
0,230,1784880989.955177069,1223,12.230000134,6.723500794,-0.842443190,1.200000000,0.232210534
0,230,1784880989.955177069,1224,12.240000134,6.729708125,-0.840510893,1.200000000,0.236276186
0,230,1784880989.955177069,1225,12.250000134,6.735916001,-0.838564409,1.200000000,0.240322726
0,230,1784880989.955177069,1226,12.260000134,6.742124322,-0.836603889,1.200000000,0.244350049
0,230,1784880989.955177069,1227,12.270000134,6.748332988,-0.834629485,1.200000000,0.248358049
0,230,1784880989.955177069,1228,12.280000134,6.754541895,-0.832641349,1.200000000,0.252346620
0,230,1784880989.955177069,1229,12.290000134,6.760750942,-0.830639633,1.200000000,0.256315658
0,230,1784880989.955177069,1230,12.300000134,6.766960024,-0.828624492,1.200000000,0.260265056
0,230,1784880989.955177069,1231,12.310000134,6.773169036,-0.826596079,1.200000000,0.264194709
0,230,1784880989.955177069,1232,12.320000134,6.779377873,-0.824554550,1.200000000,0.268104511
0,230,1784880989.955177069,1233,12.330000134,6.785586426,-0.822500060,1.200000000,0.271994358
0,230,1784880989.955177069,1234,12.340000134,6.791794588,-0.820432764,1.200000000,0.275864143
0,230,1784880989.955177069,1235,12.350000134,6.798002250,-0.818352820,1.200000000,0.279713761
0,230,1784880989.955177069,1236,12.360000134,6.804209303,-0.816260384,1.200000000,0.283543106
0,230,1784880989.955177069,1237,12.370000134,6.810415635,-0.814155614,1.200000000,0.287352073
0,230,1784880989.955177069,1238,12.380000134,6.816621136,-0.812038669,1.200000000,0.291140557
0,230,1784880989.955177069,1239,12.390000134,6.822825693,-0.809909706,1.200000000,0.294908451
0,230,1784880989.955177069,1240,12.400000134,6.829029193,-0.807768885,1.200000000,0.298655651
0,230,1784880989.955177069,1241,12.410000134,6.835231522,-0.805616365,1.200000000,0.302382050
0,230,1784880989.955177069,1242,12.420000134,6.841432566,-0.803452306,1.200000000,0.306087544
0,230,1784880989.955177069,1243,12.430000134,6.847632210,-0.801276868,1.200000000,0.309772026
0,230,1784880989.955177069,1244,12.440000134,6.853830338,-0.799090211,1.200000000,0.313435391
0,230,1784880989.955177069,1245,12.450000134,6.860026834,-0.796892497,1.200000000,0.317077534
0,230,1784880989.955177069,1246,12.460000134,6.866221580,-0.794683887,1.200000000,0.320698350
0,230,1784880989.955177069,1247,12.470000134,6.872414459,-0.792464541,1.200000000,0.324297731
0,230,1784880989.955177069,1248,12.480000134,6.878605353,-0.790234622,1.200000000,0.327875574
0,230,1784880989.955177069,1249,12.490000134,6.884794143,-0.787994291,1.200000000,0.331431773
0,230,1784880989.955177069,1250,12.500000134,6.890980710,-0.785743711,1.200000000,0.334966221
0,230,1784880989.955177069,1251,12.510000134,6.897164934,-0.783483043,1.200000000,0.338478814
0,230,1784880989.955177069,1252,12.520000134,6.903346696,-0.781212451,1.200000000,0.341969446
0,230,1784880989.955177069,1253,12.530000134,6.909525875,-0.778932096,1.200000000,0.345438011
0,230,1784880989.955177069,1254,12.540000134,6.915702350,-0.776642141,1.200000000,0.348884405
0,230,1784880989.955177069,1255,12.550000134,6.921876001,-0.774342749,1.200000000,0.352308520
0,230,1784880989.955177069,1256,12.560000134,6.928046705,-0.772034083,1.200000000,0.355710253
0,230,1784880989.955177069,1257,12.570000134,6.934214341,-0.769716305,1.200000000,0.359089497
0,230,1784880989.955177069,1258,12.580000134,6.940378788,-0.767389578,1.200000000,0.362446146
0,230,1784880989.955177069,1259,12.590000134,6.946539922,-0.765054066,1.200000000,0.365780096
0,230,1784880989.955177069,1260,12.600000134,6.952697622,-0.762709930,1.200000000,0.369091241
0,230,1784880989.955177069,1261,12.610000134,6.958851766,-0.760357334,1.200000000,0.372379475
0,230,1784880989.955177069,1262,12.620000134,6.965002230,-0.757996440,1.200000000,0.375644693
0,230,1784880989.955177069,1263,12.630000134,6.971148892,-0.755627410,1.200000000,0.378886788
0,230,1784880989.955177069,1264,12.640000134,6.977291629,-0.753250407,1.200000000,0.382105657
0,230,1784880989.955177069,1265,12.650000134,6.983430318,-0.750865593,1.200000000,0.385301192
0,230,1784880989.955177069,1266,12.660000134,6.989564837,-0.748473130,1.200000000,0.388473289
0,230,1784880989.955177069,1267,12.670000134,6.995695063,-0.746073180,1.200000000,0.391621843
0,230,1784880989.955177069,1268,12.680000134,7.001820873,-0.743665904,1.200000000,0.394746746
0,230,1784880989.955177069,1269,12.690000134,7.007942145,-0.741251464,1.200000000,0.397847895
0,230,1784880989.955177069,1270,12.700000134,7.014058756,-0.738830021,1.200000000,0.400925183
0,230,1784880989.955177069,1271,12.710000134,7.020170583,-0.736401735,1.200000000,0.403978506
0,230,1784880989.955177069,1272,12.720000134,7.026277505,-0.733966767,1.200000000,0.407007756
0,230,1784880989.955177069,1273,12.730000134,7.032379399,-0.731525276,1.200000000,0.410012830
0,230,1784880989.955177069,1274,12.740000134,7.038476144,-0.729077423,1.200000000,0.412993621
0,230,1784880989.955177069,1275,12.750000134,7.044567618,-0.726623367,1.200000000,0.415950024
0,230,1784880989.955177069,1276,12.760000134,7.050653701,-0.724163267,1.200000000,0.418881933
0,230,1784880989.955177069,1277,12.770000134,7.056734271,-0.721697281,1.200000000,0.421789243
0,230,1784880989.955177069,1278,12.780000134,7.062809207,-0.719225567,1.200000000,0.424671848
0,230,1784880989.955177069,1279,12.790000134,7.068878391,-0.716748282,1.200000000,0.427529643
0,230,1784880989.955177069,1280,12.800000134,7.074941701,-0.714265584,1.200000000,0.430362522
0,230,1784880989.955177069,1281,12.810000134,7.080999019,-0.711777629,1.200000000,0.433170380
0,230,1784880989.955177069,1282,12.820000134,7.087050226,-0.709284573,1.200000000,0.435953111
0,230,1784880989.955177069,1283,12.830000134,7.093095203,-0.706786571,1.200000000,0.438710609
0,230,1784880989.955177069,1284,12.840000134,7.099133834,-0.704283778,1.200000000,0.441442770
0,230,1784880989.955177069,1285,12.850000134,7.105166000,-0.701776348,1.200000000,0.444149488
0,230,1784880989.955177069,1286,12.860000134,7.111191585,-0.699264434,1.200000000,0.446830656
0,230,1784880989.955177069,1287,12.870000134,7.117210473,-0.696748190,1.200000000,0.449486170
0,230,1784880989.955177069,1288,12.880000134,7.123222549,-0.694227767,1.200000000,0.452115924
0,230,1784880989.955177069,1289,12.890000134,7.129227697,-0.691703316,1.200000000,0.454719812
0,230,1784880989.955177069,1290,12.900000134,7.135225805,-0.689174989,1.200000000,0.457297730
0,230,1784880989.955177069,1291,12.910000134,7.141216758,-0.686642936,1.200000000,0.459849571
0,230,1784880989.955177069,1292,12.920000134,7.147200444,-0.684107305,1.200000000,0.462375229
0,230,1784880989.955177069,1293,12.930000134,7.153176752,-0.681568245,1.200000000,0.464874600
0,230,1784880989.955177069,1294,12.940000134,7.159145569,-0.679025903,1.200000000,0.467347578
0,230,1784880989.955177069,1295,12.950000134,7.165106787,-0.676480427,1.200000000,0.469794058
0,230,1784880989.955177069,1296,12.960000134,7.171060295,-0.673931962,1.200000000,0.472213933
0,230,1784880989.955177069,1297,12.970000134,7.177005985,-0.671380653,1.200000000,0.474607098
0,230,1784880989.955177069,1298,12.980000134,7.182943751,-0.668826644,1.200000000,0.476973448
0,230,1784880989.955177069,1299,12.990000134,7.188873484,-0.666270079,1.200000000,0.479312878
0,230,1784880989.955177069,1300,13.000000134,7.194795079,-0.663711100,1.200000000,0.481625281
0,230,1784880989.955177069,1301,13.010000134,7.200708432,-0.661149848,1.200000000,0.483910552
0,230,1784880989.955177069,1302,13.020000134,7.206613439,-0.658586463,1.200000000,0.486168586
0,230,1784880989.955177069,1303,13.030000134,7.212509997,-0.656021086,1.200000000,0.488399277
0,230,1784880989.955177069,1304,13.040000134,7.218398005,-0.653453855,1.200000000,0.490602519
0,230,1784880989.955177069,1305,13.050000134,7.224277361,-0.650884906,1.200000000,0.492778208
0,230,1784880989.955177069,1306,13.060000134,7.230147967,-0.648314377,1.200000000,0.494926237
0,230,1784880989.955177069,1307,13.070000134,7.236009723,-0.645742402,1.200000000,0.497046501
0,230,1784880989.955177069,1308,13.080000134,7.241862533,-0.643169117,1.200000000,0.499138894
0,230,1784880989.955177069,1309,13.090000134,7.247706300,-0.640594653,1.200000000,0.501203312
0,230,1784880989.955177069,1310,13.100000134,7.253540929,-0.638019144,1.200000000,0.503239648
0,230,1784880989.955177069,1311,13.110000134,7.259366327,-0.635442720,1.200000000,0.505247797
0,230,1784880989.955177069,1312,13.120000134,7.265182400,-0.632865512,1.200000000,0.507227653
0,230,1784880989.955177069,1313,13.130000134,7.270989058,-0.630287647,1.200000000,0.509179111
0,230,1784880989.955177069,1314,13.140000134,7.276786210,-0.627709253,1.200000000,0.511102066
0,230,1784880989.955177069,1315,13.150000134,7.282573768,-0.625130457,1.200000000,0.512996411
0,230,1784880989.955177069,1316,13.160000134,7.288351643,-0.622551384,1.200000000,0.514862041
0,230,1784880989.955177069,1317,13.170000134,7.294119749,-0.619972158,1.200000000,0.516698851
0,230,1784880989.955177069,1318,13.180000134,7.299878002,-0.617392902,1.200000000,0.518506736
0,230,1784880989.955177069,1319,13.190000134,7.305626318,-0.614813736,1.200000000,0.520285589
0,230,1784880989.955177069,1320,13.200000134,7.311364613,-0.612234782,1.200000000,0.522035305
0,230,1784880989.955177069,1321,13.210000134,7.317092808,-0.609656159,1.200000000,0.523755779
0,230,1784880989.955177069,1322,13.220000134,7.322810822,-0.607077983,1.200000000,0.525446905
0,230,1784880989.955177069,1323,13.230000134,7.328518578,-0.604500372,1.200000000,0.527108578
0,230,1784880989.955177069,1324,13.240000134,7.334215998,-0.601923441,1.200000000,0.528740691
0,230,1784880989.955177069,1325,13.250000134,7.339903006,-0.599347304,1.200000000,0.530343140
0,230,1784880989.955177069,1326,13.260000134,7.345579530,-0.596772072,1.200000000,0.531915820
0,230,1784880989.955177069,1327,13.270000134,7.351245496,-0.594197858,1.200000000,0.533458623
0,230,1784880989.955177069,1328,13.280000134,7.356900833,-0.591624771,1.200000000,0.534971446
0,230,1784880989.955177069,1329,13.290000134,7.362545472,-0.589052920,1.200000000,0.536454182
0,230,1784880989.955177069,1330,13.300000134,7.368179343,-0.586482412,1.200000000,0.537906726
0,230,1784880989.955177069,1331,13.310000134,7.373802381,-0.583913353,1.200000000,0.539328972
0,230,1784880989.955177069,1332,13.320000134,7.379414520,-0.581345846,1.200000000,0.540720815
0,230,1784880989.955177069,1333,13.330000134,7.385015696,-0.578779996,1.200000000,0.542082149
0,230,1784880989.955177069,1334,13.340000134,7.390605848,-0.576215904,1.200000000,0.543412870
0,230,1784880989.955177069,1335,13.350000134,7.396184913,-0.573653670,1.200000000,0.544712870
0,230,1784880989.955177069,1336,13.360000134,7.401752833,-0.571093393,1.200000000,0.545982045
0,230,1784880989.955177069,1337,13.370000134,7.407309549,-0.568535170,1.200000000,0.547220290
0,230,1784880989.955177069,1338,13.380000134,7.412855007,-0.565979097,1.200000000,0.548427498
0,230,1784880989.955177069,1339,13.390000134,7.418389150,-0.563425270,1.200000000,0.549603564
0,230,1784880989.955177069,1340,13.400000134,7.423911926,-0.560873780,1.200000000,0.550748383
0,230,1784880989.955177069,1341,13.410000134,7.429423283,-0.558324721,1.200000000,0.551861849
0,230,1784880989.955177069,1342,13.420000134,7.434923171,-0.555778181,1.200000000,0.552943856
0,230,1784880989.955177069,1343,13.430000134,7.440411541,-0.553234250,1.200000000,0.553994300
0,230,1784880989.955177069,1344,13.440000134,7.445888346,-0.550693016,1.200000000,0.555013074
0,230,1784880989.955177069,1345,13.450000134,7.451353540,-0.548154564,1.200000000,0.556000073
0,230,1784880989.955177069,1346,13.460000134,7.456807079,-0.545618978,1.200000000,0.556955192
0,230,1784880989.955177069,1347,13.470000134,7.462248921,-0.543086343,1.200000000,0.557878324
0,230,1784880989.955177069,1348,13.480000134,7.467679025,-0.540556738,1.200000000,0.558769365
0,230,1784880989.955177069,1349,13.490000134,7.473097351,-0.538030245,1.200000000,0.559628209
0,230,1784880989.955177069,1350,13.500000134,7.478503861,-0.535506942,1.200000000,0.560454750
0,230,1784880989.955177069,1351,13.510000134,7.483898519,-0.532986907,1.200000000,0.561248884
0,230,1784880989.955177069,1352,13.520000134,7.489281289,-0.530470214,1.200000000,0.562010503
0,230,1784880989.955177069,1353,13.530000134,7.494652139,-0.527956939,1.200000000,0.562739503
0,230,1784880989.955177069,1354,13.540000134,7.500011035,-0.525447154,1.200000000,0.563435778
0,230,1784880989.955177069,1355,13.550000134,7.505357948,-0.522940930,1.200000000,0.564099224
0,230,1784880989.955177069,1356,13.560000134,7.510692849,-0.520438337,1.200000000,0.564729733
0,230,1784880989.955177069,1357,13.570000134,7.516015709,-0.517939445,1.200000000,0.565327201
0,230,1784880989.955177069,1358,13.580000134,7.521326503,-0.515444319,1.200000000,0.565891522
0,230,1784880989.955177069,1359,13.590000134,7.526625207,-0.512953026,1.200000000,0.566422591
0,230,1784880989.955177069,1360,13.600000134,7.531911795,-0.510465629,1.200000000,0.566920302
0,230,1784880989.955177069,1361,13.610000134,7.537186248,-0.507982192,1.200000000,0.567384549
0,230,1784880989.955177069,1362,13.620000134,7.542448544,-0.505502775,1.200000000,0.567815228
0,230,1784880989.955177069,1363,13.630000134,7.547698664,-0.503027439,1.200000000,0.568212232
0,230,1784880989.955177069,1364,13.640000134,7.552936590,-0.500556241,1.200000000,0.568575456
0,230,1784880989.955177069,1365,13.650000134,7.558162306,-0.498089239,1.200000000,0.568904794
0,230,1784880989.955177069,1366,13.660000134,7.563375797,-0.495626489,1.200000000,0.569200142
0,230,1784880989.955177069,1367,13.670000134,7.568577049,-0.493168045,1.200000000,0.569461392
0,230,1784880989.955177069,1368,13.680000134,7.573766049,-0.490713960,1.200000000,0.569688441
0,230,1784880989.955177069,1369,13.690000134,7.578942786,-0.488264284,1.200000000,0.569881182
0,230,1784880989.955177069,1370,13.700000134,7.584107251,-0.485819069,1.200000000,0.570039510
0,230,1784880989.955177069,1371,13.710000134,7.589259434,-0.483378363,1.200000000,0.570163319
0,230,1784880989.955177069,1372,13.720000134,7.594399328,-0.480942214,1.200000000,0.570252504
0,230,1784880989.955177069,1373,13.730000134,7.599526926,-0.478510668,1.200000000,0.570306960
0,230,1784880989.955177069,1374,13.740000134,7.604642223,-0.476083769,1.200000000,0.570326579
0,230,1784880989.955177069,1375,13.750000134,7.609745215,-0.473661561,1.200000000,0.570311259
0,230,1784880989.955177069,1376,13.760000134,7.614835899,-0.471244086,1.200000000,0.570260891
0,230,1784880989.955177069,1377,13.770000134,7.619914272,-0.468831386,1.200000000,0.570175372
0,230,1784880989.955177069,1378,13.780000134,7.624980334,-0.466423500,1.200000000,0.570054596
0,230,1784880989.955177069,1379,13.790000134,7.630034085,-0.464020466,1.200000000,0.569898457
0,230,1784880989.955177069,1380,13.800000134,7.635075525,-0.461622322,1.200000000,0.569706849
0,230,1784880989.955177069,1381,13.810000134,7.640104657,-0.459229104,1.200000000,0.569479667
0,230,1784880989.955177069,1382,13.820000134,7.645121483,-0.456840846,1.200000000,0.569216806
0,230,1784880989.955177069,1383,13.830000134,7.650126006,-0.454457583,1.200000000,0.568918160
0,230,1784880989.955177069,1384,13.840000134,7.655118232,-0.452079347,1.200000000,0.568583623
0,230,1784880989.955177069,1385,13.850000134,7.660098166,-0.449706169,1.200000000,0.568213090
0,230,1784880989.955177069,1386,13.860000134,7.665065812,-0.447338079,1.200000000,0.567806456
0,230,1784880989.955177069,1387,13.870000134,7.670021179,-0.444975108,1.200000000,0.567363615
0,230,1784880989.955177069,1388,13.880000134,7.674964273,-0.442617282,1.200000000,0.566884460
0,230,1784880989.955177069,1389,13.890000134,7.679895102,-0.440264629,1.200000000,0.566368888
0,230,1784880989.955177069,1390,13.900000134,7.684813675,-0.437917176,1.200000000,0.565816792
0,230,1784880989.955177069,1391,13.910000134,7.689720000,-0.435574947,1.200000000,0.565228067
0,230,1784880989.955177069,1392,13.920000134,7.694614088,-0.433237966,1.200000000,0.564602607
0,230,1784880989.955177069,1393,13.930000134,7.699495948,-0.430906257,1.200000000,0.563940307
0,230,1784880989.955177069,1394,13.940000134,7.704365591,-0.428579842,1.200000000,0.563241060
0,230,1784880989.955177069,1395,13.950000134,7.709223026,-0.426258742,1.200000000,0.562504763
0,230,1784880989.955177069,1396,13.960000134,7.714068266,-0.423942977,1.200000000,0.561731309
0,230,1784880989.955177069,1397,13.970000134,7.718901321,-0.421632568,1.200000000,0.560920592
0,230,1784880989.955177069,1398,13.980000134,7.723722202,-0.419327534,1.200000000,0.560072508
0,230,1784880989.955177069,1399,13.990000134,7.728530922,-0.417027891,1.200000000,0.559186950
0,230,1784880989.955177069,1400,14.000000134,7.733327491,-0.414733659,1.200000000,0.558263813
0,230,1784880989.955177069,1401,14.010000134,7.738111921,-0.412444853,1.200000000,0.557302991
0,230,1784880989.955177069,1402,14.020000134,7.742884224,-0.410161489,1.200000000,0.556304380
0,230,1784880989.955177069,1403,14.030000134,7.747644411,-0.407883583,1.200000000,0.555267873
0,230,1784880989.955177069,1404,14.040000134,7.752392493,-0.405611149,1.200000000,0.554193365
0,230,1784880989.955177069,1405,14.050000134,7.757128481,-0.403344202,1.200000000,0.553080750
0,230,1784880989.955177069,1406,14.060000134,7.761852386,-0.401082755,1.200000000,0.551929923
0,230,1784880989.955177069,1407,14.070000134,7.766564218,-0.398826821,1.200000000,0.550740779
0,230,1784880989.955177069,1408,14.080000134,7.771263988,-0.396576412,1.200000000,0.549513211
0,230,1784880989.955177069,1409,14.090000134,7.775951703,-0.394331542,1.200000000,0.548247115
0,230,1784880989.955177069,1410,14.100000134,7.780627374,-0.392092221,1.200000000,0.546942384
0,230,1784880989.955177069,1411,14.110000134,7.785291009,-0.389858461,1.200000000,0.545598914
0,230,1784880989.955177069,1412,14.120000134,7.789942614,-0.387630274,1.200000000,0.544216598
0,230,1784880989.955177069,1413,14.130000134,7.794582197,-0.385407670,1.200000000,0.542795332
0,230,1784880989.955177069,1414,14.140000134,7.799209763,-0.383190659,1.200000000,0.541335009
0,230,1784880989.955177069,1415,14.150000134,7.803825318,-0.380979252,1.200000000,0.539835525
0,230,1784880989.955177069,1416,14.160000134,7.808428865,-0.378773460,1.200000000,0.538296773
0,230,1784880989.955177069,1417,14.170000134,7.813020407,-0.376573292,1.200000000,0.536718648
0,230,1784880989.955177069,1418,14.180000134,7.817599946,-0.374378759,1.200000000,0.535101044
0,230,1784880989.955177069,1419,14.190000134,7.822167482,-0.372189871,1.200000000,0.533443857
0,230,1784880989.955177069,1420,14.200000134,7.826723014,-0.370006637,1.200000000,0.531746980
0,230,1784880989.955177069,1421,14.210000134,7.831266539,-0.367829069,1.200000000,0.530010308
0,230,1784880989.955177069,1422,14.220000134,7.835798055,-0.365657176,1.200000000,0.528233736
0,230,1784880989.955177069,1423,14.230000134,7.840317555,-0.363490970,1.200000000,0.526417157
0,230,1784880989.955177069,1424,14.240000134,7.844825032,-0.361330460,1.200000000,0.524560467
0,230,1784880989.955177069,1425,14.250000134,7.849320477,-0.359175658,1.200000000,0.522663560
0,230,1784880989.955177069,1426,14.260000134,7.853803880,-0.357026576,1.200000000,0.520726330
0,230,1784880989.955177069,1427,14.270000134,7.858275228,-0.354883225,1.200000000,0.518748672
0,230,1784880989.955177069,1428,14.280000134,7.862734505,-0.352745617,1.200000000,0.516730481
0,230,1784880989.955177069,1429,14.290000134,7.867181696,-0.350613766,1.200000000,0.514671650
0,230,1784880989.955177069,1430,14.300000134,7.871616780,-0.348487684,1.200000000,0.512572074
0,230,1784880989.955177069,1431,14.310000134,7.876039737,-0.346367386,1.200000000,0.510431648
0,230,1784880989.955177069,1432,14.320000134,7.880450542,-0.344252886,1.200000000,0.508250266
0,230,1784880989.955177069,1433,14.330000134,7.884849168,-0.342144199,1.200000000,0.506027823
0,230,1784880989.955177069,1434,14.340000134,7.889235587,-0.340041343,1.200000000,0.503764213
0,230,1784880989.955177069,1435,14.350000134,7.893609767,-0.337944332,1.200000000,0.501459331
0,230,1784880989.955177069,1436,14.360000134,7.897971672,-0.335853187,1.200000000,0.499113070
0,230,1784880989.955177069,1437,14.370000134,7.902321264,-0.333767925,1.200000000,0.496725326
0,230,1784880989.955177069,1438,14.380000134,7.906658504,-0.331688566,1.200000000,0.494295994
0,230,1784880989.955177069,1439,14.390000134,7.910983346,-0.329615132,1.200000000,0.491824966
0,230,1784880989.955177069,1440,14.400000134,7.915295744,-0.327547644,1.200000000,0.489312139
0,230,1784880989.955177069,1441,14.410000134,7.919595646,-0.325486127,1.200000000,0.486757406
0,230,1784880989.955177069,1442,14.420000134,7.923882998,-0.323430604,1.200000000,0.484160662
0,230,1784880989.955177069,1443,14.430000134,7.928157742,-0.321381103,1.200000000,0.481521802
0,230,1784880989.955177069,1444,14.440000134,7.932419816,-0.319337649,1.200000000,0.478840719
0,230,1784880989.955177069,1445,14.450000134,7.936669154,-0.317300274,1.200000000,0.476117309
0,230,1784880989.955177069,1446,14.460000134,7.940905687,-0.315269006,1.200000000,0.473351465
0,230,1784880989.955177069,1447,14.470000134,7.945129339,-0.313243880,1.200000000,0.470543083
0,230,1784880989.955177069,1448,14.480000134,7.949340034,-0.311224928,1.200000000,0.467692057
0,230,1784880989.955177069,1449,14.490000134,7.953537689,-0.309212186,1.200000000,0.464798281
0,230,1784880989.955177069,1450,14.500000134,7.957722215,-0.307205692,1.200000000,0.461861649
0,230,1784880989.955177069,1451,14.510000134,7.961893522,-0.305205487,1.200000000,0.458882057
0,230,1784880989.955177069,1452,14.520000134,7.966051512,-0.303211611,1.200000000,0.455859398
0,230,1784880989.955177069,1453,14.530000134,7.970196084,-0.301224108,1.200000000,0.452793568
0,230,1784880989.955177069,1454,14.540000134,7.974327130,-0.299243025,1.200000000,0.449684460
0,230,1784880989.955177069,1455,14.550000134,7.978444540,-0.297268410,1.200000000,0.446531969
0,230,1784880989.955177069,1456,14.560000134,7.982548195,-0.295300313,1.200000000,0.443335990
0,230,1784880989.955177069,1457,14.570000134,7.986637973,-0.293338788,1.200000000,0.440096416
0,230,1784880989.955177069,1458,14.580000134,7.990713744,-0.291383889,1.200000000,0.436813144
0,230,1784880989.955177069,1459,14.590000134,7.994775376,-0.289435676,1.200000000,0.433486066
0,230,1784880989.955177069,1460,14.600000134,7.998822726,-0.287494210,1.200000000,0.430115077
0,230,1784880989.955177069,1461,14.610000134,8.002855650,-0.285559553,1.200000000,0.426700073
0,230,1784880989.955177069,1462,14.620000134,8.006873994,-0.283631773,1.200000000,0.423240947
0,230,1784880989.955177069,1463,14.630000134,8.010877598,-0.281710939,1.200000000,0.419737594
0,230,1784880989.955177069,1464,14.640000134,8.014866299,-0.279797123,1.200000000,0.416189908
0,230,1784880989.955177069,1465,14.650000134,8.018839922,-0.277890402,1.200000000,0.412597784
0,230,1784880989.955177069,1466,14.660000134,8.022798289,-0.275990853,1.200000000,0.408961116
0,230,1784880989.955177069,1467,14.670000134,8.026741213,-0.274098561,1.200000000,0.405279799
0,230,1784880989.955177069,1468,14.680000134,8.030668501,-0.272213609,1.200000000,0.401553727
0,230,1784880989.955177069,1469,14.690000134,8.034579952,-0.270336088,1.200000000,0.397782795
0,230,1784880989.955177069,1470,14.700000134,8.038475357,-0.268466090,1.200000000,0.393966897
0,230,1784880989.955177069,1471,14.710000134,8.042354501,-0.266603711,1.200000000,0.390105928
0,230,1784880989.955177069,1472,14.720000134,8.046217159,-0.264749052,1.200000000,0.386199782
0,230,1784880989.955177069,1473,14.730000134,8.050063100,-0.262902218,1.200000000,0.382248353
0,230,1784880989.955177069,1474,14.740000134,8.053892082,-0.261063316,1.200000000,0.378251537
0,230,1784880989.955177069,1475,14.750000134,8.057703857,-0.259232458,1.200000000,0.374209227
0,230,1784880989.955177069,1476,14.760000134,8.061498167,-0.257409762,1.200000000,0.370121318
0,230,1784880989.955177069,1477,14.770000134,8.065274748,-0.255595349,1.200000000,0.365987705
0,230,1784880989.955177069,1478,14.780000134,8.069033323,-0.253789343,1.200000000,0.361808295
0,230,1784880989.955177069,1479,14.790000134,8.072773609,-0.251991874,1.200000000,0.357583767
0,230,1784880989.955177069,1480,14.800000134,8.076495311,-0.250203077,1.200000000,0.353315993
0,230,1784880989.955177069,1481,14.810000134,8.080198127,-0.248423091,1.200000000,0.349006945
0,230,1784880989.955177069,1482,14.820000134,8.083881745,-0.246652061,1.200000000,0.344658593
0,230,1784880989.955177069,1483,14.830000134,8.087545841,-0.244890135,1.200000000,0.340272911
0,230,1784880989.955177069,1484,14.840000134,8.091190083,-0.243137468,1.200000000,0.335851869
0,230,1784880989.955177069,1485,14.850000134,8.094814129,-0.241394219,1.200000000,0.331397439
0,230,1784880989.955177069,1486,14.860000134,8.098417624,-0.239660552,1.200000000,0.326911595
0,230,1784880989.955177069,1487,14.870000134,8.102000205,-0.237936638,1.200000000,0.322396306
0,230,1784880989.955177069,1488,14.880000134,8.105561497,-0.236222652,1.200000000,0.317853545
0,230,1784880989.955177069,1489,14.890000134,8.109101115,-0.234518776,1.200000000,0.313285285
0,230,1784880989.955177069,1490,14.900000134,8.112618663,-0.232825195,1.200000000,0.308693496
0,230,1784880989.955177069,1491,14.910000134,8.116113732,-0.231142103,1.200000000,0.304080151
0,230,1784880989.955177069,1492,14.920000134,8.119585905,-0.229469697,1.200000000,0.299447221
0,230,1784880989.955177069,1493,14.930000134,8.123034750,-0.227808181,1.200000000,0.294796678
0,230,1784880989.955177069,1494,14.940000134,8.126459828,-0.226157767,1.200000000,0.290130495
0,230,1784880989.955177069,1495,14.950000134,8.129860685,-0.224518668,1.200000000,0.285450642
0,230,1784880989.955177069,1496,14.960000134,8.133236857,-0.222891107,1.200000000,0.280759093
0,230,1784880989.955177069,1497,14.970000134,8.136587869,-0.221275311,1.200000000,0.276057818
0,230,1784880989.955177069,1498,14.980000134,8.139913234,-0.219671515,1.200000000,0.271348789
0,230,1784880989.955177069,1499,14.990000134,8.143212454,-0.218079957,1.200000000,0.266633979
0,230,1784880989.955177069,1500,15.000000134,8.146485021,-0.216500882,1.200000000,0.261915359
0,230,1784880989.955177069,1501,15.010000134,8.149730414,-0.214934542,1.200000000,0.257194901
0,230,1784880989.955177069,1502,15.020000134,8.152948102,-0.213381194,1.200000000,0.252474577
0,230,1784880989.955177069,1503,15.030000134,8.156137545,-0.211841100,1.200000000,0.247756358
0,230,1784880989.955177069,1504,15.040000134,8.159298190,-0.210314528,1.200000000,0.243042217
0,230,1784880989.955177069,1505,15.050000134,8.162429476,-0.208801752,1.200000000,0.238334125
0,230,1784880989.955177069,1506,15.060000134,8.165530832,-0.207303049,1.200000000,0.233634055
0,230,1784880989.955177069,1507,15.070000134,8.168601675,-0.205818705,1.200000000,0.228943977
0,230,1784880989.955177069,1508,15.080000134,8.171641416,-0.204349007,1.200000000,0.224265865
0,230,1784880989.955177069,1509,15.090000134,8.174649458,-0.202894250,1.200000000,0.219601689
0,230,1784880989.955177069,1510,15.100000134,8.177625192,-0.201454730,1.200000000,0.214953421
0,230,1784880989.955177069,1511,15.110000134,8.180568006,-0.200030750,1.200000000,0.210323034
0,230,1784880989.955177069,1512,15.120000134,8.183477278,-0.198622616,1.200000000,0.205712499
0,230,1784880989.955177069,1513,15.130000134,8.186352381,-0.197230638,1.200000000,0.201123788
0,230,1784880989.955177069,1514,15.140000134,8.189192683,-0.195855127,1.200000000,0.196558874
0,230,1784880989.955177069,1515,15.150000134,8.191997547,-0.194496400,1.200000000,0.192019726
0,230,1784880989.955177069,1516,15.160000134,8.194766331,-0.193154775,1.200000000,0.187508319
0,230,1784880989.955177069,1517,15.170000134,8.197498390,-0.191830572,1.200000000,0.183026622
0,230,1784880989.955177069,1518,15.180000134,8.200193078,-0.190524113,1.200000000,0.178576609
0,230,1784880989.955177069,1519,15.190000134,8.202849749,-0.189235720,1.200000000,0.174160252
0,230,1784880989.955177069,1520,15.200000134,8.205467753,-0.187965717,1.200000000,0.169779521
0,230,1784880989.955177069,1521,15.210000134,8.208046445,-0.186714427,1.200000000,0.165436388
0,230,1784880989.955177069,1522,15.220000134,8.210585181,-0.185482173,1.200000000,0.161132827
0,230,1784880989.955177069,1523,15.230000134,8.213083319,-0.184269276,1.200000000,0.156870807
0,230,1784880989.955177069,1524,15.240000134,8.215540225,-0.183076056,1.200000000,0.152652302
0,230,1784880989.955177069,1525,15.250000134,8.217955268,-0.181902831,1.200000000,0.148479284
0,230,1784880989.955177069,1526,15.260000134,8.220327826,-0.180749913,1.200000000,0.144353723
0,230,1784880989.955177069,1527,15.270000134,8.222657289,-0.179617613,1.200000000,0.140277592
0,230,1784880989.955177069,1528,15.280000134,8.224943054,-0.178506235,1.200000000,0.136252862
0,230,1784880989.955177069,1529,15.290000134,8.227184532,-0.177416078,1.200000000,0.132281506
0,230,1784880989.955177069,1530,15.300000134,8.229381151,-0.176347434,1.200000000,0.128365495
0,230,1784880989.955177069,1531,15.310000134,8.231532351,-0.175300588,1.200000000,0.124506585
0,230,1784880989.955177069,1532,15.320000134,8.233637594,-0.174275815,1.200000000,0.120705284
0,230,1784880989.955177069,1533,15.330000134,8.235696362,-0.173273383,1.200000000,0.116961651
0,230,1784880989.955177069,1534,15.340000134,8.237708157,-0.172293547,1.200000000,0.113275749
0,230,1784880989.955177069,1535,15.350000134,8.239672508,-0.171336550,1.200000000,0.109647637
0,230,1784880989.955177069,1536,15.360000134,8.241588970,-0.170402624,1.200000000,0.106077375
0,230,1784880989.955177069,1537,15.370000134,8.243457129,-0.169491985,1.200000000,0.102565025
0,230,1784880989.955177069,1538,15.380000134,8.245276600,-0.168604836,1.200000000,0.099110646
0,230,1784880989.955177069,1539,15.390000134,8.247047034,-0.167741360,1.200000000,0.095714299
0,230,1784880989.955177069,1540,15.400000134,8.248768117,-0.166901727,1.200000000,0.092376044
0,230,1784880989.955177069,1541,15.410000134,8.250439573,-0.166086084,1.200000000,0.089095943
0,230,1784880989.955177069,1542,15.420000134,8.252061169,-0.165294562,1.200000000,0.085874054
0,230,1784880989.955177069,1543,15.430000134,8.253632713,-0.164527267,1.200000000,0.082710440
0,230,1784880989.955177069,1544,15.440000134,8.255154060,-0.163784286,1.200000000,0.079605160
0,230,1784880989.955177069,1545,15.450000134,8.256625111,-0.163065681,1.200000000,0.076558274
0,230,1784880989.955177069,1546,15.460000134,8.258045818,-0.162371490,1.200000000,0.073569844
0,230,1784880989.955177069,1547,15.470000134,8.259416183,-0.161701727,1.200000000,0.070639929
0,230,1784880989.955177069,1548,15.480000134,8.260736264,-0.161056377,1.200000000,0.067768590
0,230,1784880989.955177069,1549,15.490000134,8.262006171,-0.160435401,1.200000000,0.064955887
0,230,1784880989.955177069,1550,15.500000134,8.263226076,-0.159838728,1.200000000,0.062201882
0,230,1784880989.955177069,1551,15.510000134,8.264396204,-0.159266262,1.200000000,0.059506634
0,230,1784880989.955177069,1552,15.520000134,8.265516846,-0.158717874,1.200000000,0.056870203
0,230,1784880989.955177069,1553,15.530000134,8.266588349,-0.158193406,1.200000000,0.054292651
0,230,1784880989.955177069,1554,15.540000134,8.267611127,-0.157692670,1.200000000,0.051774038
0,230,1784880989.955177069,1555,15.550000134,8.268585655,-0.157215445,1.200000000,0.049314423
0,230,1784880989.955177069,1556,15.560000134,8.269512475,-0.156761479,1.200000000,0.046913869
0,230,1784880989.955177069,1557,15.570000134,8.270392190,-0.156330486,1.200000000,0.044572434
0,230,1784880989.955177069,1558,15.580000134,8.271225473,-0.155922151,1.200000000,0.042290180
0,230,1784880989.955177069,1559,15.590000134,8.272013058,-0.155536122,1.200000000,0.040067166
0,230,1784880989.955177069,1560,15.600000134,8.272755749,-0.155172019,1.200000000,0.037903454
0,230,1784880989.955177069,1561,15.610000134,8.273454412,-0.154829427,1.200000000,0.035799104
0,230,1784880989.955177069,1562,15.620000134,8.274109979,-0.154507898,1.200000000,0.033754176
0,230,1784880989.955177069,1563,15.630000134,8.274723444,-0.154206956,1.200000000,0.031768731
0,230,1784880989.955177069,1564,15.640000134,8.275295866,-0.153926089,1.200000000,0.029842829
0,230,1784880989.955177069,1565,15.650000134,8.275828364,-0.153664758,1.200000000,0.027976530
0,230,1784880989.955177069,1566,15.660000134,8.276322116,-0.153422394,1.200000000,0.026169895
0,230,1784880989.955177069,1567,15.670000134,8.276778358,-0.153198397,1.200000000,0.024422985
0,230,1784880989.955177069,1568,15.680000134,8.277198382,-0.152992141,1.200000000,0.022735860
0,230,1784880989.955177069,1569,15.690000134,8.277583530,-0.152802975,1.200000000,0.021108580
0,230,1784880989.955177069,1570,15.700000134,8.277935195,-0.152630221,1.200000000,0.019541206
0,230,1784880989.955177069,1571,15.710000134,8.278254817,-0.152473179,1.200000000,0.018033799
0,230,1784880989.955177069,1572,15.720000134,8.278543875,-0.152331128,1.200000000,0.016586418
0,230,1784880989.955177069,1573,15.730000134,8.278803888,-0.152203327,1.200000000,0.015199124
0,230,1784880989.955177069,1574,15.740000134,8.279036409,-0.152089019,1.200000000,0.013871978
0,230,1784880989.955177069,1575,15.750000134,8.279243016,-0.151987431,1.200000000,0.012605039
0,230,1784880989.955177069,1576,15.760000134,8.279425314,-0.151897781,1.200000000,0.011398369
0,230,1784880989.955177069,1577,15.770000134,8.279584923,-0.151819275,1.200000000,0.010252029
0,230,1784880989.955177069,1578,15.780000134,8.279723473,-0.151751116,1.200000000,0.009166077
0,230,1784880989.955177069,1579,15.790000134,8.279842600,-0.151692502,1.200000000,0.008140575
0,230,1784880989.955177069,1580,15.800000134,8.279943935,-0.151642634,1.200000000,0.007175584
0,230,1784880989.955177069,1581,15.810000134,8.280029099,-0.151600718,1.200000000,0.006271163
0,230,1784880989.955177069,1582,15.820000134,8.280099694,-0.151565966,1.200000000,0.005427374
0,230,1784880989.955177069,1583,15.830000134,8.280157293,-0.151537608,1.200000000,0.004644276
0,230,1784880989.955177069,1584,15.840000134,8.280203434,-0.151514887,1.200000000,0.003921930
0,230,1784880989.955177069,1585,15.850000134,8.280239605,-0.151497073,1.200000000,0.003260396
0,230,1784880989.955177069,1586,15.860000134,8.280267241,-0.151483460,1.200000000,0.002659736
0,230,1784880989.955177069,1587,15.870000134,8.280287705,-0.151473379,1.200000000,0.002120009
0,230,1784880989.955177069,1588,15.880000134,8.280302283,-0.151466196,1.200000000,0.001641275
0,230,1784880989.955177069,1589,15.890000134,8.280312170,-0.151461324,1.200000000,0.001223596
0,230,1784880989.955177069,1590,15.900000134,8.280318454,-0.151458227,1.200000000,0.000867032
0,230,1784880989.955177069,1591,15.910000134,8.280322109,-0.151456426,1.200000000,0.000571643
0,230,1784880989.955177069,1592,15.920000134,8.280323976,-0.151455505,1.200000000,0.000337489
0,230,1784880989.955177069,1593,15.930000134,8.280324752,-0.151455122,1.200000000,0.000164632
0,230,1784880989.955177069,1594,15.940000134,8.280324974,-0.151455013,1.200000000,0.000053131
0,230,1784880989.955177069,1595,15.950000134,8.280325000,-0.151455000,1.200000000,0.000003047
0,230,1784880989.955177069,1596,15.953148037,8.280325000,-0.151455000,1.200000000,0.000000000
