stamp,elapsed,x,y,z,yaw
1784881001.529801130,0.000000158,-0.261959000,-0.006230000,1.200000000,-0.039639000
1784881001.539801121,0.010000158,-0.261958995,-0.006229999,1.200000000,-0.039641205
1784881001.549801111,0.020000158,-0.261958914,-0.006229988,1.200000000,-0.039647718
1784881001.559801102,0.030000158,-0.261958570,-0.006229941,1.200000000,-0.039658390
1784881001.569801092,0.040000158,-0.261957657,-0.006229815,1.200000000,-0.039673071
1784881001.579801083,0.050000158,-0.261955764,-0.006229555,1.200000000,-0.039691609
1784881001.589801073,0.060000158,-0.261952376,-0.006229089,1.200000000,-0.039713854
1784881001.599801064,0.070000158,-0.261946887,-0.006228335,1.200000000,-0.039739656
1784881001.609801054,0.080000158,-0.261938604,-0.006227197,1.200000000,-0.039768865
1784881001.619801044,0.090000158,-0.261926754,-0.006225569,1.200000000,-0.039801329
1784881001.629801035,0.100000158,-0.261910494,-0.006223336,1.200000000,-0.039836899
1784881001.639801025,0.110000158,-0.261888911,-0.006220373,1.200000000,-0.039875424
1784881001.649801016,0.120000158,-0.261861033,-0.006216548,1.200000000,-0.039916754
1784881001.659801006,0.130000158,-0.261825837,-0.006211719,1.200000000,-0.039960738
1784881001.669800997,0.140000158,-0.261782246,-0.006205741,1.200000000,-0.040007225
1784881001.679800987,0.150000158,-0.261729144,-0.006198461,1.200000000,-0.040056066
1784881001.689800978,0.160000158,-0.261665375,-0.006189722,1.200000000,-0.040107110
1784881001.699800968,0.170000158,-0.261589753,-0.006179362,1.200000000,-0.040160207
1784881001.709800959,0.180000158,-0.261501060,-0.006167215,1.200000000,-0.040215205
1784881001.719800949,0.190000158,-0.261398059,-0.006153114,1.200000000,-0.040271956
1784881001.729800940,0.200000158,-0.261279491,-0.006136887,1.200000000,-0.040330307
1784881001.739801168,0.210000158,-0.261144083,-0.006118363,1.200000000,-0.040390109
1784881001.749801159,0.220000158,-0.260990553,-0.006097367,1.200000000,-0.040451211
1784881001.759801149,0.230000158,-0.260817612,-0.006073725,1.200000000,-0.040513464
1784881001.769801140,0.240000158,-0.260623965,-0.006047262,1.200000000,-0.040576716
1784881001.779801130,0.250000158,-0.260408321,-0.006017805,1.200000000,-0.040640816
1784881001.789801121,0.260000158,-0.260169391,-0.005985180,1.200000000,-0.040705616
1784881001.799801111,0.270000158,-0.259905893,-0.005949214,1.200000000,-0.040770963
1784881001.809801102,0.280000158,-0.259616554,-0.005909737,1.200000000,-0.040836709
1784881001.819801092,0.290000158,-0.259300117,-0.005866579,1.200000000,-0.040902701
1784881001.829801083,0.300000158,-0.258955335,-0.005819576,1.200000000,-0.040968791
1784881001.839801073,0.310000158,-0.258580982,-0.005768562,1.200000000,-0.041034826
1784881001.849801064,0.320000158,-0.258175851,-0.005713378,1.200000000,-0.041100658
1784881001.859801054,0.330000158,-0.257738758,-0.005653865,1.200000000,-0.041166136
1784881001.869801044,0.340000158,-0.257268542,-0.005589870,1.200000000,-0.041231108
1784881001.879801035,0.350000158,-0.256764067,-0.005521242,1.200000000,-0.041295425
1784881001.889801025,0.360000158,-0.256224227,-0.005447836,1.200000000,-0.041358937
1784881001.899801016,0.370000158,-0.255647944,-0.005369510,1.200000000,-0.041421492
1784881001.909801006,0.380000158,-0.255034170,-0.005286127,1.200000000,-0.041482941
1784881001.919800997,0.390000158,-0.254381889,-0.005197553,1.200000000,-0.041543132
1784881001.929800987,0.400000158,-0.253690119,-0.005103662,1.200000000,-0.041601917
1784881001.939800978,0.410000158,-0.252957913,-0.005004329,1.200000000,-0.041659143
1784881001.949800968,0.420000158,-0.252184355,-0.004899436,1.200000000,-0.041714661
1784881001.959800959,0.430000158,-0.251368570,-0.004788872,1.200000000,-0.041768320
1784881001.969800949,0.440000158,-0.250509716,-0.004672529,1.200000000,-0.041819970
1784881001.979800940,0.450000158,-0.249606990,-0.004550303,1.200000000,-0.041869460
1784881001.989801168,0.460000158,-0.248659625,-0.004422098,1.200000000,-0.041916640
1784881001.999801159,0.470000158,-0.247666895,-0.004287824,1.200000000,-0.041961360
1784881002.009801149,0.480000158,-0.246628108,-0.004147393,1.200000000,-0.042003469
1784881002.019801140,0.490000158,-0.245542615,-0.004000725,1.200000000,-0.042042816
1784881002.029801130,0.500000158,-0.244409803,-0.003847745,1.200000000,-0.042079252
1784881002.039801121,0.510000158,-0.243229097,-0.003688383,1.200000000,-0.042112625
1784881002.049801111,0.520000158,-0.241999964,-0.003522576,1.200000000,-0.042142786
1784881002.059801102,0.530000158,-0.240721907,-0.003350265,1.200000000,-0.042169583
1784881002.069801092,0.540000158,-0.239394467,-0.003171395,1.200000000,-0.042192867
1784881002.079801083,0.550000158,-0.238017223,-0.002985921,1.200000000,-0.042212487
1784881002.089801073,0.560000158,-0.236589794,-0.002793798,1.200000000,-0.042228293
1784881002.099801064,0.570000158,-0.235111834,-0.002594989,1.200000000,-0.042240134
1784881002.109801054,0.580000158,-0.233583034,-0.002389462,1.200000000,-0.042247859
1784881002.119801044,0.590000158,-0.232003121,-0.002177190,1.200000000,-0.042251319
1784881002.129801035,0.600000158,-0.230371859,-0.001958150,1.200000000,-0.042250362
1784881002.139801025,0.610000158,-0.228689046,-0.001732326,1.200000000,-0.042244840
1784881002.149801016,0.620000158,-0.226954514,-0.001499704,1.200000000,-0.042234600
1784881002.159801006,0.630000158,-0.225168130,-0.001260278,1.200000000,-0.042219492
1784881002.169800997,0.640000158,-0.223329792,-0.001014042,1.200000000,-0.042199367
1784881002.179800987,0.650000158,-0.221439432,-0.000760999,1.200000000,-0.042174073
1784881002.189800978,0.660000158,-0.219497011,-0.000501154,1.200000000,-0.042143461
1784881002.199800968,0.670000158,-0.217502523,-0.000234517,1.200000000,-0.042107380
1784881002.209800959,0.680000158,-0.215455990,0.000038899,1.200000000,-0.042065678
1784881002.219800949,0.690000158,-0.213357463,0.000319075,1.200000000,-0.042018207
1784881002.229800940,0.700000158,-0.211207021,0.000605991,1.200000000,-0.041964816
1784881002.239801168,0.710000158,-0.209004769,0.000899622,1.200000000,-0.041905353
1784881002.249801159,0.720000158,-0.206750839,0.001199938,1.200000000,-0.041839669
1784881002.259801149,0.730000158,-0.204445389,0.001506908,1.200000000,-0.041767614
1784881002.269801140,0.740000158,-0.202088598,0.001820496,1.200000000,-0.041689036
1784881002.279801130,0.750000158,-0.199680670,0.002140664,1.200000000,-0.041603785
1784881002.289801121,0.760000158,-0.197221833,0.002467371,1.200000000,-0.041511738
1784881002.299801111,0.770000158,-0.194712334,0.002800571,1.200000000,-0.041412917
1784881002.309801102,0.780000158,-0.192152442,0.003140218,1.200000000,-0.041307398
1784881002.319801092,0.790000158,-0.189542444,0.003486262,1.200000000,-0.041195258
1784881002.329801083,0.800000158,-0.186882647,0.003838651,1.200000000,-0.041076572
1784881002.339801073,0.810000158,-0.184173377,0.004197330,1.200000000,-0.040951417
1784881002.349801064,0.820000158,-0.181414976,0.004562243,1.200000000,-0.040819868
1784881002.359801054,0.830000158,-0.178607802,0.004933331,1.200000000,-0.040682003
1784881002.369801044,0.840000158,-0.175752229,0.005310532,1.200000000,-0.040537896
1784881002.379801035,0.850000158,-0.172848647,0.005693784,1.200000000,-0.040387624
1784881002.389801025,0.860000158,-0.169897458,0.006083022,1.200000000,-0.040231263
1784881002.399801016,0.870000158,-0.166899079,0.006478180,1.200000000,-0.040068889
1784881002.409801006,0.880000158,-0.163853939,0.006879190,1.200000000,-0.039900579
1784881002.419800997,0.890000158,-0.160762479,0.007285983,1.200000000,-0.039726407
1784881002.429800987,0.900000158,-0.157625151,0.007698487,1.200000000,-0.039546451
1784881002.439800978,0.910000158,-0.154442419,0.008116631,1.200000000,-0.039360786
1784881002.449800968,0.920000158,-0.151214755,0.008540341,1.200000000,-0.039169489
1784881002.459800959,0.930000158,-0.147942640,0.008969544,1.200000000,-0.038972635
1784881002.469800949,0.940000158,-0.144626565,0.009404164,1.200000000,-0.038770300
1784881002.479800940,0.950000158,-0.141267029,0.009844125,1.200000000,-0.038562561
1784881002.489801168,0.960000158,-0.137864537,0.010289349,1.200000000,-0.038349494
1784881002.499801159,0.970000158,-0.134419603,0.010739760,1.200000000,-0.038131175
1784881002.509801149,0.980000158,-0.130932743,0.011195279,1.200000000,-0.037907679
1784881002.519801140,0.990000158,-0.127404484,0.011655827,1.200000000,-0.037679084
1784881002.529801130,1.000000158,-0.123835354,0.012121324,1.200000000,-0.037445464
1784881002.539801121,1.010000158,-0.120225887,0.012591692,1.200000000,-0.037206896
1784881002.549801111,1.020000158,-0.116576621,0.013066850,1.200000000,-0.036963457
1784881002.559801102,1.030000158,-0.112888098,0.013546717,1.200000000,-0.036715221
1784881002.569801092,1.040000158,-0.109160860,0.014031215,1.200000000,-0.036462266
1784881002.579801083,1.050000158,-0.105395456,0.014520261,1.200000000,-0.036204667
1784881002.589801073,1.060000158,-0.101592433,0.015013775,1.200000000,-0.035942501
1784881002.599801064,1.070000158,-0.097752341,0.015511678,1.200000000,-0.035675843
1784881002.609801054,1.080000158,-0.093875733,0.016013888,1.200000000,-0.035404769
1784881002.619801044,1.090000158,-0.089963159,0.016520326,1.200000000,-0.035129356
1784881002.629801035,1.100000158,-0.086015172,0.017030911,1.200000000,-0.034849680
1784881002.639801025,1.110000158,-0.082032322,0.017545564,1.200000000,-0.034565817
1784881002.649801016,1.120000158,-0.078015162,0.018064206,1.200000000,-0.034277842
1784881002.659801006,1.130000158,-0.073964242,0.018586758,1.200000000,-0.033985832
1784881002.669800997,1.140000158,-0.069880109,0.019113141,1.200000000,-0.033689864
1784881002.679800987,1.150000158,-0.065763310,0.019643278,1.200000000,-0.033390012
1784881002.689800978,1.160000158,-0.061614391,0.020177092,1.200000000,-0.033086353
1784881002.699800968,1.170000158,-0.057433893,0.020714505,1.200000000,-0.032778963
1784881002.709800959,1.180000158,-0.053222355,0.021255443,1.200000000,-0.032467919
1784881002.719800949,1.190000158,-0.048980314,0.021799829,1.200000000,-0.032153296
1784881002.729800940,1.200000158,-0.044708302,0.022347589,1.200000000,-0.031835170
1784881002.739801168,1.210000158,-0.040406847,0.022898650,1.200000000,-0.031513618
1784881002.749801159,1.220000158,-0.036076474,0.023452938,1.200000000,-0.031188715
1784881002.759801149,1.230000158,-0.031717705,0.024010383,1.200000000,-0.030860538
1784881002.769801140,1.240000158,-0.027331053,0.024570913,1.200000000,-0.030529163
1784881002.779801130,1.250000158,-0.022917030,0.025134457,1.200000000,-0.030194665
1784881002.789801121,1.260000158,-0.018476141,0.025700948,1.200000000,-0.029857121
1784881002.799801111,1.270000158,-0.014008887,0.026270318,1.200000000,-0.029516607
1784881002.809801102,1.280000158,-0.009515762,0.026842498,1.200000000,-0.029173198
1784881002.819801092,1.290000158,-0.004997254,0.027417424,1.200000000,-0.028826972
1784881002.829801083,1.300000158,-0.000453846,0.027995032,1.200000000,-0.028478004
1784881002.839801073,1.310000158,0.004113987,0.028575257,1.200000000,-0.028126370
1784881002.849801064,1.320000158,0.008705773,0.029158038,1.200000000,-0.027772146
1784881002.859801054,1.330000158,0.013321052,0.029743313,1.200000000,-0.027415409
1784881002.869801044,1.340000158,0.017959365,0.030331023,1.200000000,-0.027056233
1784881002.879801035,1.350000158,0.022620265,0.030921109,1.200000000,-0.026694697
1784881002.889801025,1.360000158,0.027303309,0.031513515,1.200000000,-0.026330874
1784881002.899801016,1.370000158,0.032008062,0.032108184,1.200000000,-0.025964843
1784881002.909801006,1.380000158,0.036734099,0.032705061,1.200000000,-0.025596677
1784881002.919800997,1.390000158,0.041480998,0.033304094,1.200000000,-0.025226455
1784881002.929800987,1.400000158,0.046248349,0.033905231,1.200000000,-0.024854251
1784881002.939800978,1.410000158,0.051035747,0.034508421,1.200000000,-0.024480143
1784881002.949800968,1.420000158,0.055842797,0.035113615,1.200000000,-0.024104205
1784881002.959800959,1.430000158,0.060669110,0.035720765,1.200000000,-0.023726514
1784881002.969800949,1.440000158,0.065514308,0.036329826,1.200000000,-0.023347146
1784881002.979800940,1.450000158,0.070378017,0.036940753,1.200000000,-0.022966177
1784881002.989801168,1.460000158,0.075259876,0.037553501,1.200000000,-0.022583684
1784881002.999801159,1.470000158,0.080159529,0.038168030,1.200000000,-0.022199741
1784881003.009801149,1.480000158,0.085076629,0.038784298,1.200000000,-0.021814426
1784881003.019801140,1.490000158,0.090010840,0.039402268,1.200000000,-0.021427815
1784881003.029801130,1.500000158,0.094961832,0.040021900,1.200000000,-0.021039983
1784881003.039801121,1.510000158,0.099929283,0.040643160,1.200000000,-0.020651006
1784881003.049801111,1.520000158,0.104912882,0.041266012,1.200000000,-0.020260961
1784881003.059801102,1.530000158,0.109912325,0.041890423,1.200000000,-0.019869924
1784881003.069801092,1.540000158,0.114927317,0.042516362,1.200000000,-0.019477970
1784881003.079801083,1.550000158,0.119957573,0.043143799,1.200000000,-0.019085176
1784881003.089801073,1.560000158,0.125002814,0.043772704,1.200000000,-0.018691619
1784881003.099801064,1.570000158,0.130062771,0.044403051,1.200000000,-0.018297373
1784881003.109801054,1.580000158,0.135137185,0.045034813,1.200000000,-0.017902515
1784881003.119801044,1.590000158,0.140225804,0.045667967,1.200000000,-0.017507121
1784881003.129801035,1.600000158,0.145328385,0.046302490,1.200000000,-0.017111267
1784881003.139801025,1.610000158,0.150444694,0.046938359,1.200000000,-0.016715030
1784881003.149801016,1.620000158,0.155574504,0.047575556,1.200000000,-0.016318485
1784881003.159801006,1.630000158,0.160717600,0.048214061,1.200000000,-0.015921708
1784881003.169800997,1.640000158,0.165873771,0.048853858,1.200000000,-0.015524776
1784881003.179800987,1.650000158,0.171042819,0.049494930,1.200000000,-0.015127764
1784881003.189800978,1.660000158,0.176224550,0.050137263,1.200000000,-0.014730749
1784881003.199800968,1.670000158,0.181418782,0.050780845,1.200000000,-0.014333807
1784881003.209800959,1.680000158,0.186625339,0.051425664,1.200000000,-0.013937013
1784881003.219800949,1.690000158,0.191844054,0.052071710,1.200000000,-0.013540444
1784881003.229800940,1.700000158,0.197074769,0.052718973,1.200000000,-0.013144176
1784881003.239801168,1.710000158,0.202317332,0.053367447,1.200000000,-0.012748285
1784881003.249801159,1.720000158,0.207571600,0.054017125,1.200000000,-0.012352847
1784881003.259801149,1.730000158,0.212837440,0.054668003,1.200000000,-0.011957938
1784881003.269801140,1.740000158,0.218114723,0.055320076,1.200000000,-0.011563634
1784881003.279801130,1.750000158,0.223403330,0.055973343,1.200000000,-0.011170011
1784881003.289801121,1.760000158,0.228703149,0.056627803,1.200000000,-0.010777146
1784881003.299801111,1.770000158,0.234014076,0.057283456,1.200000000,-0.010385114
1784881003.309801102,1.780000158,0.239336013,0.057940303,1.200000000,-0.009993991
1784881003.319801092,1.790000158,0.244668872,0.058598347,1.200000000,-0.009603854
1784881003.329801083,1.800000158,0.250012569,0.059257592,1.200000000,-0.009214779
1784881003.339801073,1.810000158,0.255367030,0.059918042,1.200000000,-0.008826841
1784881003.349801064,1.820000158,0.260732184,0.060579705,1.200000000,-0.008440117
1784881003.359801054,1.830000158,0.266107972,0.061242587,1.200000000,-0.008054682
1784881003.369801044,1.840000158,0.271494337,0.061906696,1.200000000,-0.007670614
1784881003.379801035,1.850000158,0.276891231,0.062572043,1.200000000,-0.007287987
1784881003.389801025,1.860000158,0.282298612,0.063238638,1.200000000,-0.006906878
1784881003.399801016,1.870000158,0.287716444,0.063906491,1.200000000,-0.006527364
1784881003.409801006,1.880000158,0.293144698,0.064575616,1.200000000,-0.006149519
1784881003.419800997,1.890000158,0.298583348,0.065246026,1.200000000,-0.005773421
1784881003.429800987,1.900000158,0.304032379,0.065917736,1.200000000,-0.005399145
1784881003.439800978,1.910000158,0.309491777,0.066590762,1.200000000,-0.005026767
1784881003.449800968,1.920000158,0.314961535,0.067265118,1.200000000,-0.004656364
1784881003.459800959,1.930000158,0.320441653,0.067940823,1.200000000,-0.004288011
1784881003.469800949,1.940000158,0.325932135,0.068617895,1.200000000,-0.003921785
1784881003.479800940,1.950000158,0.331432988,0.069296353,1.200000000,-0.003557762
1784881003.489801168,1.960000158,0.336944229,0.069976215,1.200000000,-0.003196017
1784881003.499801159,1.970000158,0.342465874,0.070657504,1.200000000,-0.002836627
1784881003.509801149,1.980000158,0.347997949,0.071340239,1.200000000,-0.002479667
1784881003.519801140,1.990000158,0.353540479,0.072024443,1.200000000,-0.002125215
1784881003.529801130,2.000000158,0.359093499,0.072710139,1.200000000,-0.001773345
1784881003.539801121,2.010000158,0.364657043,0.073397350,1.200000000,-0.001424135
1784881003.549801111,2.020000158,0.370231153,0.074086099,1.200000000,-0.001077660
1784881003.559801102,2.030000158,0.375815871,0.074776412,1.200000000,-0.000733995
1784881003.569801092,2.040000158,0.381411247,0.075468314,1.200000000,-0.000393219
1784881003.579801083,2.050000158,0.387017331,0.076161829,1.200000000,-0.000055405
1784881003.589801073,2.060000158,0.392634177,0.076856985,1.200000000,0.000279369
1784881003.599801064,2.070000158,0.398261844,0.077553808,1.200000000,0.000611028
1784881003.609801054,2.080000158,0.403900391,0.078252325,1.200000000,0.000939495
1784881003.619801044,2.090000158,0.409549882,0.078952564,1.200000000,0.001264695
1784881003.629801035,2.100000158,0.415210384,0.079654554,1.200000000,0.001586550
1784881003.639801025,2.110000158,0.420881964,0.080358321,1.200000000,0.001904987
1784881003.649801016,2.120000158,0.426564694,0.081063896,1.200000000,0.002219927
1784881003.659801006,2.130000158,0.432258646,0.081771307,1.200000000,0.002531295
1784881003.669800997,2.140000158,0.437963896,0.082480584,1.200000000,0.002839016
1784881003.679800987,2.150000158,0.443680519,0.083191756,1.200000000,0.003143012
1784881003.689800978,2.160000158,0.449408595,0.083904854,1.200000000,0.003443209
1784881003.699800968,2.170000158,0.455148203,0.084619907,1.200000000,0.003739529
1784881003.709800959,2.180000158,0.460899424,0.085336946,1.200000000,0.004031897
1784881003.719800949,2.190000158,0.466662341,0.086056001,1.200000000,0.004320237
1784881003.729800940,2.200000158,0.472437037,0.086777103,1.200000000,0.004604472
1784881003.739801168,2.210000158,0.478223596,0.087500283,1.200000000,0.004884527
1784881003.749801159,2.220000158,0.484022103,0.088225571,1.200000000,0.005160326
1784881003.759801149,2.230000158,0.489832643,0.088952998,1.200000000,0.005431791
1784881003.769801140,2.240000158,0.495655302,0.089682596,1.200000000,0.005698849
1784881003.779801130,2.250000158,0.501490166,0.090414394,1.200000000,0.005961421
1784881003.789801121,2.260000158,0.507337320,0.091148424,1.200000000,0.006219433
1784881003.799801111,2.270000158,0.513196851,0.091884717,1.200000000,0.006472808
1784881003.809801102,2.280000158,0.519068844,0.092623303,1.200000000,0.006721469
1784881003.819801092,2.290000158,0.524953385,0.093364212,1.200000000,0.006965342
1784881003.829801083,2.300000158,0.530850557,0.094107476,1.200000000,0.007204350
1784881003.839801073,2.310000158,0.536760446,0.094853124,1.200000000,0.007438417
1784881003.849801064,2.320000158,0.542683135,0.095601187,1.200000000,0.007667466
1784881003.859801054,2.330000158,0.548618705,0.096351694,1.200000000,0.007891422
1784881003.869801044,2.340000158,0.554567239,0.097104675,1.200000000,0.008110209
1784881003.879801035,2.350000158,0.560528816,0.097860160,1.200000000,0.008323751
1784881003.889801025,2.360000158,0.566503515,0.098618177,1.200000000,0.008531971
1784881003.899801016,2.370000158,0.572491413,0.099378755,1.200000000,0.008734793
1784881003.909801006,2.380000158,0.578492587,0.100141923,1.200000000,0.008932157
1784881003.919800997,2.390000158,0.584507110,0.100907708,1.200000000,0.009124095
1784881003.929800987,2.400000158,0.590535055,0.101676140,1.200000000,0.009310671
1784881003.939800978,2.410000158,0.596576492,0.102447244,1.200000000,0.009491950
1784881003.949800968,2.420000158,0.602631490,0.103221048,1.200000000,0.009667999
1784881003.959800959,2.430000158,0.608700115,0.103997578,1.200000000,0.009838880
1784881003.969800949,2.440000158,0.614782431,0.104776861,1.200000000,0.010004661
1784881003.979800940,2.450000158,0.620878500,0.105558921,1.200000000,0.010165405
1784881003.989801168,2.460000158,0.626988382,0.106343785,1.200000000,0.010321178
1784881003.999801159,2.470000158,0.633112134,0.107131476,1.200000000,0.010472045
1784881004.009801149,2.480000158,0.639249811,0.107922020,1.200000000,0.010618071
1784881004.019801140,2.490000158,0.645401464,0.108715438,1.200000000,0.010759321
1784881004.029801130,2.500000158,0.651567142,0.109511755,1.200000000,0.010895861
1784881004.039801121,2.510000158,0.657746893,0.110310993,1.200000000,0.011027755
1784881004.049801111,2.520000158,0.663940759,0.111113173,1.200000000,0.011155068
1784881004.059801102,2.530000158,0.670148782,0.111918317,1.200000000,0.011277865
1784881004.069801092,2.540000158,0.676371000,0.112726445,1.200000000,0.011396212
1784881004.079801083,2.550000158,0.682607446,0.113537578,1.200000000,0.011510174
1784881004.089801073,2.560000158,0.688858153,0.114351734,1.200000000,0.011619815
1784881004.099801064,2.570000158,0.695123150,0.115168933,1.200000000,0.011725201
1784881004.109801054,2.580000158,0.701402461,0.115989192,1.200000000,0.011826397
1784881004.119801044,2.590000158,0.707696109,0.116812529,1.200000000,0.011923468
1784881004.129801035,2.600000158,0.714004112,0.117638960,1.200000000,0.012016479
1784881004.139801025,2.610000158,0.720326486,0.118468502,1.200000000,0.012105495
1784881004.149801016,2.620000158,0.726663243,0.119301169,1.200000000,0.012190581
1784881004.159801006,2.630000158,0.733014392,0.120136976,1.200000000,0.012271802
1784881004.169800997,2.640000158,0.739379938,0.120975936,1.200000000,0.012349224
1784881004.179800987,2.650000158,0.745759883,0.121818064,1.200000000,0.012422911
1784881004.189800978,2.660000158,0.752154225,0.122663370,1.200000000,0.012492928
1784881004.199800968,2.670000158,0.758562959,0.123511867,1.200000000,0.012559342
1784881004.209800959,2.680000158,0.764986077,0.124363565,1.200000000,0.012622215
1784881004.219800949,2.690000158,0.771423565,0.125218474,1.200000000,0.012681615
1784881004.229800940,2.700000158,0.777875407,0.126076603,1.200000000,0.012737605
1784881004.239801168,2.710000158,0.784341586,0.126937961,1.200000000,0.012790251
1784881004.249801159,2.720000158,0.790822076,0.127802555,1.200000000,0.012839618
1784881004.259801149,2.730000158,0.797316852,0.128670391,1.200000000,0.012885772
1784881004.269801140,2.740000158,0.803825883,0.129541476,1.200000000,0.012928776
1784881004.279801130,2.750000158,0.810349135,0.130415815,1.200000000,0.012968696
1784881004.289801121,2.760000158,0.816886571,0.131293411,1.200000000,0.013005598
1784881004.299801111,2.770000158,0.823438148,0.132174269,1.200000000,0.013039546
1784881004.309801102,2.780000158,0.830003823,0.133058391,1.200000000,0.013070606
1784881004.319801092,2.790000158,0.836583546,0.133945778,1.200000000,0.013098842
1784881004.329801083,2.800000158,0.843177265,0.134836431,1.200000000,0.013124320
1784881004.339801073,2.810000158,0.849784925,0.135730351,1.200000000,0.013147104
1784881004.349801064,2.820000158,0.856406466,0.136627536,1.200000000,0.013167261
1784881004.359801054,2.830000158,0.863041824,0.137527984,1.200000000,0.013184854
1784881004.369801044,2.840000158,0.869690934,0.138431694,1.200000000,0.013199949
1784881004.379801035,2.850000158,0.876353725,0.139338662,1.200000000,0.013212611
1784881004.389801025,2.860000158,0.883030122,0.140248882,1.200000000,0.013222905
1784881004.399801016,2.870000158,0.889720050,0.141162351,1.200000000,0.013230896
1784881004.409801006,2.880000158,0.896423427,0.142079062,1.200000000,0.013236650
1784881004.419800997,2.890000158,0.903140168,0.142999007,1.200000000,0.013240230
1784881004.429800987,2.900000158,0.909870187,0.143922180,1.200000000,0.013241704
1784881004.439800978,2.910000158,0.916613391,0.144848571,1.200000000,0.013241134
1784881004.449800968,2.920000158,0.923369687,0.145778171,1.200000000,0.013238588
1784881004.459800959,2.930000158,0.930138975,0.146710969,1.200000000,0.013234129
1784881004.469800949,2.940000158,0.936921156,0.147646954,1.200000000,0.013227823
1784881004.479800940,2.950000158,0.943716124,0.148586113,1.200000000,0.013219734
1784881004.489801168,2.960000158,0.950523771,0.149528434,1.200000000,0.013209928
1784881004.499801159,2.970000158,0.957343987,0.150473903,1.200000000,0.013198471
1784881004.509801149,2.980000158,0.964176657,0.151422504,1.200000000,0.013185426
1784881004.519801140,2.990000158,0.971021663,0.152374222,1.200000000,0.013170860
1784881004.529801130,3.000000158,0.977878886,0.153329040,1.200000000,0.013154837
1784881004.539801121,3.010000158,0.984748200,0.154286940,1.200000000,0.013137422
1784881004.549801111,3.020000158,0.991629481,0.155247905,1.200000000,0.013118680
1784881004.559801102,3.030000158,0.998522599,0.156211914,1.200000000,0.013098677
1784881004.569801092,3.040000158,1.005427420,0.157178949,1.200000000,0.013077478
1784881004.579801083,3.050000158,1.012343809,0.158148987,1.200000000,0.013055147
1784881004.589801073,3.060000158,1.019271629,0.159122007,1.200000000,0.013031750
1784881004.599801064,3.070000158,1.026210738,0.160097986,1.200000000,0.013007351
1784881004.609801054,3.080000158,1.033160993,0.161076900,1.200000000,0.012982017
1784881004.619801044,3.090000158,1.040122247,0.162058726,1.200000000,0.012955811
1784881004.629801035,3.100000158,1.047094352,0.163043437,1.200000000,0.012928799
1784881004.639801025,3.110000158,1.054077156,0.164031009,1.200000000,0.012901047
1784881004.649801016,3.120000158,1.061070505,0.165021412,1.200000000,0.012872619
1784881004.659801006,3.130000158,1.068074243,0.166014621,1.200000000,0.012843580
1784881004.669800997,3.140000158,1.075088211,0.167010606,1.200000000,0.012813995
1784881004.679800987,3.150000158,1.082112248,0.168009338,1.200000000,0.012783929
1784881004.689800978,3.160000158,1.089146191,0.169010786,1.200000000,0.012753449
1784881004.699800968,3.170000158,1.096189875,0.170014919,1.200000000,0.012722617
1784881004.709800959,3.180000158,1.103243131,0.171021706,1.200000000,0.012691501
1784881004.719800949,3.190000158,1.110305791,0.172031113,1.200000000,0.012660164
1784881004.729800940,3.200000158,1.117377682,0.173043108,1.200000000,0.012628672
1784881004.739801168,3.210000158,1.124458631,0.174057655,1.200000000,0.012597090
1784881004.749801159,3.220000158,1.131548463,0.175074720,1.200000000,0.012565483
1784881004.759801149,3.230000158,1.138647001,0.176094267,1.200000000,0.012533916
1784881004.769801140,3.240000158,1.145754066,0.177116258,1.200000000,0.012502454
1784881004.779801130,3.250000158,1.152869477,0.178140658,1.200000000,0.012471162
1784881004.789801121,3.260000158,1.159993053,0.179167426,1.200000000,0.012440106
1784881004.799801111,3.270000158,1.167124609,0.180196525,1.200000000,0.012409350
1784881004.809801102,3.280000158,1.174263961,0.181227915,1.200000000,0.012378959
1784881004.819801092,3.290000158,1.181410922,0.182261555,1.200000000,0.012348999
1784881004.829801083,3.300000158,1.188565305,0.183297404,1.200000000,0.012319535
1784881004.839801073,3.310000158,1.195726922,0.184335420,1.200000000,0.012290631
1784881004.849801064,3.320000158,1.202895580,0.185375560,1.200000000,0.012262353
1784881004.859801054,3.330000158,1.210071091,0.186417781,1.200000000,0.012234766
1784881004.869801044,3.340000158,1.217253261,0.187462040,1.200000000,0.012207935
1784881004.879801035,3.350000158,1.224441899,0.188508290,1.200000000,0.012181925
1784881004.889801025,3.360000158,1.231636808,0.189556487,1.200000000,0.012156801
1784881004.899801016,3.370000158,1.238837796,0.190606584,1.200000000,0.012132629
1784881004.909801006,3.380000158,1.246044667,0.191658535,1.200000000,0.012109472
1784881004.919800997,3.390000158,1.253257225,0.192712293,1.200000000,0.012087397
1784881004.929800987,3.400000158,1.260475273,0.193767808,1.200000000,0.012066468
1784881004.939800978,3.410000158,1.267698614,0.194825032,1.200000000,0.012046751
1784881004.949800968,3.420000158,1.274927051,0.195883917,1.200000000,0.012028311
1784881004.959800959,3.430000158,1.282160385,0.196944410,1.200000000,0.012011212
1784881004.969800949,3.440000158,1.289398420,0.198006463,1.200000000,0.011995520
1784881004.979800940,3.450000158,1.296640957,0.199070023,1.200000000,0.011981299
1784881004.989801168,3.460000158,1.303887797,0.200135039,1.200000000,0.011968616
1784881004.999801159,3.470000158,1.311138742,0.201201459,1.200000000,0.011957534
1784881005.009801149,3.480000158,1.318393594,0.202269228,1.200000000,0.011948120
1784881005.019801140,3.490000158,1.325652154,0.203338293,1.200000000,0.011940438
1784881005.029801130,3.500000158,1.332914225,0.204408600,1.200000000,0.011934553
1784881005.039801121,3.510000158,1.340179609,0.205480094,1.200000000,0.011930530
1784881005.049801111,3.520000158,1.347448107,0.206552720,1.200000000,0.011928435
1784881005.059801102,3.530000158,1.354719524,0.207626422,1.200000000,0.011928332
1784881005.069801092,3.540000158,1.361993662,0.208701143,1.200000000,0.011930287
1784881005.079801083,3.550000158,1.369270325,0.209776826,1.200000000,0.011934364
1784881005.089801073,3.560000158,1.376549319,0.210853414,1.200000000,0.011940629
1784881005.099801064,3.570000158,1.383830448,0.211930848,1.200000000,0.011949147
1784881005.109801054,3.580000158,1.391113518,0.213009071,1.200000000,0.011959983
1784881005.119801044,3.590000158,1.398398335,0.214088022,1.200000000,0.011973202
1784881005.129801035,3.600000158,1.405684709,0.215167643,1.200000000,0.011988869
1784881005.139801025,3.610000158,1.412972447,0.216247873,1.200000000,0.012007048
1784881005.149801016,3.620000158,1.420261359,0.217328652,1.200000000,0.012027806
1784881005.159801006,3.630000158,1.427551255,0.218409919,1.200000000,0.012051208
1784881005.169800997,3.640000158,1.434841949,0.219491613,1.200000000,0.012077318
1784881005.179800987,3.650000158,1.442133252,0.220573671,1.200000000,0.012106201
1784881005.189800978,3.660000158,1.449424979,0.221656032,1.200000000,0.012137922
1784881005.199800968,3.670000158,1.456716946,0.222738633,1.200000000,0.012172548
1784881005.209800959,3.680000158,1.464008970,0.223821410,1.200000000,0.012210142
1784881005.219800949,3.690000158,1.471300870,0.224904301,1.200000000,0.012250769
1784881005.229800940,3.700000158,1.478592466,0.225987241,1.200000000,0.012294496
1784881005.239801168,3.710000158,1.485883580,0.227070166,1.200000000,0.012341386
1784881005.249801159,3.720000158,1.493174035,0.228153012,1.200000000,0.012391506
1784881005.259801149,3.730000158,1.500463656,0.229235713,1.200000000,0.012444919
1784881005.269801140,3.740000158,1.507752270,0.230318204,1.200000000,0.012501692
1784881005.279801130,3.750000158,1.515039706,0.231400419,1.200000000,0.012561889
1784881005.289801121,3.760000158,1.522325795,0.232482292,1.200000000,0.012625575
1784881005.299801111,3.770000158,1.529610368,0.233563758,1.200000000,0.012692816
1784881005.309801102,3.780000158,1.536893261,0.234644748,1.200000000,0.012763676
1784881005.319801092,3.790000158,1.544174309,0.235725196,1.200000000,0.012838221
1784881005.329801083,3.800000158,1.551453351,0.236805035,1.200000000,0.012916515
1784881005.339801073,3.810000158,1.558730229,0.237884197,1.200000000,0.012998624
1784881005.349801064,3.820000158,1.566004784,0.238962613,1.200000000,0.013084613
1784881005.359801054,3.830000158,1.573276863,0.240040217,1.200000000,0.013174547
1784881005.369801044,3.840000158,1.580546311,0.241116938,1.200000000,0.013268490
1784881005.379801035,3.850000158,1.587812979,0.242192709,1.200000000,0.013366509
1784881005.389801025,3.860000158,1.595076719,0.243267461,1.200000000,0.013468659
1784881005.399801016,3.870000158,1.602337384,0.244341123,1.200000000,0.013574879
1784881005.409801006,3.880000158,1.609594832,0.245413627,1.200000000,0.013685031
1784881005.419800997,3.890000158,1.616848922,0.246484903,1.200000000,0.013798976
1784881005.429800987,3.900000158,1.624099515,0.247554880,1.200000000,0.013916574
1784881005.439800978,3.910000158,1.631346475,0.248623489,1.200000000,0.014037685
1784881005.449800968,3.920000158,1.638589670,0.249690659,1.200000000,0.014162169
1784881005.459800959,3.930000158,1.645828967,0.250756318,1.200000000,0.014289888
1784881005.469800949,3.940000158,1.653064240,0.251820398,1.200000000,0.014420700
1784881005.479800940,3.950000158,1.660295362,0.252882825,1.200000000,0.014554467
1784881005.489801168,3.960000158,1.667522210,0.253943529,1.200000000,0.014691049
1784881005.499801159,3.970000158,1.674744664,0.255002439,1.200000000,0.014830306
1784881005.509801149,3.980000158,1.681962607,0.256059483,1.200000000,0.014972099
1784881005.519801140,3.990000158,1.689175924,0.257114588,1.200000000,0.015116287
1784881005.529801130,4.000000158,1.696384502,0.258167684,1.200000000,0.015262731
1784881005.539801121,4.010000158,1.703588232,0.259218697,1.200000000,0.015411292
1784881005.549801111,4.020000158,1.710787007,0.260267557,1.200000000,0.015561829
1784881005.559801102,4.030000158,1.717980724,0.261314189,1.200000000,0.015714203
1784881005.569801092,4.040000158,1.725169280,0.262358521,1.200000000,0.015868275
1784881005.579801083,4.050000158,1.732352579,0.263400482,1.200000000,0.016023904
1784881005.589801073,4.060000158,1.739530524,0.264439997,1.200000000,0.016180951
1784881005.599801064,4.070000158,1.746703022,0.265476995,1.200000000,0.016339276
1784881005.609801054,4.080000158,1.753869984,0.266511401,1.200000000,0.016498740
1784881005.619801044,4.090000158,1.761031322,0.267543142,1.200000000,0.016659203
1784881005.629801035,4.100000158,1.768186952,0.268572146,1.200000000,0.016820525
1784881005.639801025,4.110000158,1.775336793,0.269598339,1.200000000,0.016982567
1784881005.649801016,4.120000158,1.782480766,0.270621647,1.200000000,0.017145188
1784881005.659801006,4.130000158,1.789618796,0.271641996,1.200000000,0.017308250
1784881005.669800997,4.140000158,1.796750808,0.272659314,1.200000000,0.017471612
1784881005.679800987,4.150000158,1.803876734,0.273673525,1.200000000,0.017635134
1784881005.689800978,4.160000158,1.810996506,0.274684557,1.200000000,0.017798678
1784881005.699800968,4.170000158,1.818110059,0.275692334,1.200000000,0.017962103
1784881005.709800959,4.180000158,1.825217331,0.276696784,1.200000000,0.018125270
1784881005.719800949,4.190000158,1.832318264,0.277697832,1.200000000,0.018288039
1784881005.729800940,4.200000158,1.839412802,0.278695403,1.200000000,0.018450270
1784881005.739801168,4.210000158,1.846500892,0.279689424,1.200000000,0.018611824
1784881005.749801159,4.220000158,1.853582482,0.280679821,1.200000000,0.018772561
1784881005.759801149,4.230000158,1.860657526,0.281666518,1.200000000,0.018932341
1784881005.769801140,4.240000158,1.867725979,0.282649442,1.200000000,0.019091025
1784881005.779801130,4.250000158,1.874787797,0.283628518,1.200000000,0.019248473
1784881005.789801121,4.260000158,1.881842942,0.284603671,1.200000000,0.019404545
1784881005.799801111,4.270000158,1.888891377,0.285574828,1.200000000,0.019559101
1784881005.809801102,4.280000158,1.895933069,0.286541913,1.200000000,0.019712003
1784881005.819801092,4.290000158,1.902967985,0.287504852,1.200000000,0.019863109
1784881005.829801083,4.300000158,1.909996097,0.288463571,1.200000000,0.020012281
1784881005.839801073,4.310000158,1.917017379,0.289417994,1.200000000,0.020159379
1784881005.849801064,4.320000158,1.924031808,0.290368048,1.200000000,0.020304263
1784881005.859801054,4.330000158,1.931039363,0.291313657,1.200000000,0.020446793
1784881005.869801044,4.340000158,1.938040026,0.292254747,1.200000000,0.020586830
1784881005.879801035,4.350000158,1.945033781,0.293191243,1.200000000,0.020724234
1784881005.889801025,4.360000158,1.952020615,0.294123071,1.200000000,0.020858865
1784881005.899801016,4.370000158,1.959000519,0.295050155,1.200000000,0.020990584
1784881005.909801006,4.380000158,1.965973483,0.295972422,1.200000000,0.021119251
1784881005.919800997,4.390000158,1.972939502,0.296889797,1.200000000,0.021244727
1784881005.929800987,4.400000158,1.979898574,0.297802204,1.200000000,0.021366871
1784881005.939800978,4.410000158,1.986850698,0.298709570,1.200000000,0.021485544
1784881005.949800968,4.420000158,1.993795875,0.299611820,1.200000000,0.021600606
1784881005.959800959,4.430000158,2.000734109,0.300508879,1.200000000,0.021711918
1784881005.969800949,4.440000158,2.007665408,0.301400672,1.200000000,0.021819339
1784881005.979800940,4.450000158,2.014589779,0.302287125,1.200000000,0.021922731
1784881005.989801168,4.460000158,2.021507235,0.303168164,1.200000000,0.022021953
1784881005.999801159,4.470000158,2.028417788,0.304043714,1.200000000,0.022116867
1784881006.009801149,4.480000158,2.035321453,0.304913701,1.200000000,0.022207331
1784881006.019801140,4.490000158,2.042218250,0.305778049,1.200000000,0.022293207
1784881006.029801130,4.500000158,2.049108196,0.306636686,1.200000000,0.022374354
1784881006.039801121,4.510000158,2.055991315,0.307489536,1.200000000,0.022450634
1784881006.049801111,4.520000158,2.062867631,0.308336525,1.200000000,0.022521906
1784881006.059801102,4.530000158,2.069737169,0.309177579,1.200000000,0.022588030
1784881006.069801092,4.540000158,2.076599959,0.310012624,1.200000000,0.022648868
1784881006.079801083,4.550000158,2.083456029,0.310841585,1.200000000,0.022704279
1784881006.089801073,4.560000158,2.090305412,0.311664389,1.200000000,0.022754123
1784881006.099801064,4.570000158,2.097148142,0.312480962,1.200000000,0.022798262
1784881006.109801054,4.580000158,2.103984256,0.313291229,1.200000000,0.022836555
1784881006.119801044,4.590000158,2.110813789,0.314095116,1.200000000,0.022868862
1784881006.129801035,4.600000158,2.117636783,0.314892551,1.200000000,0.022895045
1784881006.139801025,4.610000158,2.124453279,0.315683458,1.200000000,0.022914962
1784881006.149801016,4.620000158,2.131263318,0.316467765,1.200000000,0.022928476
1784881006.159801006,4.630000158,2.138066947,0.317245397,1.200000000,0.022935445
1784881006.169800997,4.640000158,2.144864211,0.318016281,1.200000000,0.022935730
1784881006.179800987,4.650000158,2.151655158,0.318780344,1.200000000,0.022929191
1784881006.189800978,4.660000158,2.158439838,0.319537511,1.200000000,0.022915690
1784881006.199800968,4.670000158,2.165218301,0.320287711,1.200000000,0.022895085
1784881006.209800959,4.680000158,2.171990600,0.321030869,1.200000000,0.022867238
1784881006.219800949,4.690000158,2.178756789,0.321766912,1.200000000,0.022832009
1784881006.229800940,4.700000158,2.185516924,0.322495768,1.200000000,0.022789258
1784881006.239801168,4.710000158,2.192271060,0.323217363,1.200000000,0.022738845
1784881006.249801159,4.720000158,2.199019255,0.323931624,1.200000000,0.022680630
1784881006.259801149,4.730000158,2.205761570,0.324638478,1.200000000,0.022614475
1784881006.269801140,4.740000158,2.212498064,0.325337854,1.200000000,0.022540239
1784881006.279801130,4.750000158,2.219228799,0.326029677,1.200000000,0.022457783
1784881006.289801121,4.760000158,2.225953838,0.326713876,1.200000000,0.022366966
1784881006.299801111,4.770000158,2.232673245,0.327390379,1.200000000,0.022267650
1784881006.309801102,4.780000158,2.239387084,0.328059112,1.200000000,0.022159694
1784881006.319801092,4.790000158,2.246095421,0.328720003,1.200000000,0.022042960
1784881006.329801083,4.800000158,2.252798324,0.329372981,1.200000000,0.021917306
1784881006.339801073,4.810000158,2.259495860,0.330017974,1.200000000,0.021782594
1784881006.349801064,4.820000158,2.266188098,0.330654909,1.200000000,0.021638684
1784881006.359801054,4.830000158,2.272875107,0.331283715,1.200000000,0.021485436
1784881006.369801044,4.840000158,2.279556958,0.331904320,1.200000000,0.021322710
1784881006.379801035,4.850000158,2.286233721,0.332516652,1.200000000,0.021150367
1784881006.389801025,4.860000158,2.292905470,0.333120641,1.200000000,0.020968267
1784881006.399801016,4.870000158,2.299572275,0.333716214,1.200000000,0.020776271
1784881006.409801006,4.880000158,2.306234210,0.334303301,1.200000000,0.020574238
1784881006.419800997,4.890000158,2.312891350,0.334881831,1.200000000,0.020362029
1784881006.429800987,4.900000158,2.319543767,0.335451732,1.200000000,0.020139505
1784881006.439800978,4.910000158,2.326191537,0.336012934,1.200000000,0.019906525
1784881006.449800968,4.920000158,2.332834734,0.336565365,1.200000000,0.019662950
1784881006.459800959,4.930000158,2.339473435,0.337108957,1.200000000,0.019408640
1784881006.469800949,4.940000158,2.346107715,0.337643637,1.200000000,0.019143456
1784881006.479800940,4.950000158,2.352737650,0.338169336,1.200000000,0.018867258
1784881006.489801168,4.960000158,2.359363317,0.338685984,1.200000000,0.018579907
1784881006.499801159,4.970000158,2.365984793,0.339193511,1.200000000,0.018281261
1784881006.509801149,4.980000158,2.372602154,0.339691846,1.200000000,0.017971183
1784881006.519801140,4.990000158,2.379215478,0.340180920,1.200000000,0.017649531
1784881006.529801130,5.000000158,2.385824841,0.340660664,1.200000000,0.017316167
1784881006.539801121,5.010000158,2.392430320,0.341131009,1.200000000,0.016970951
1784881006.549801111,5.020000158,2.399031994,0.341591884,1.200000000,0.016613743
1784881006.559801102,5.030000158,2.405629939,0.342043220,1.200000000,0.016244404
1784881006.569801092,5.040000158,2.412224232,0.342484950,1.200000000,0.015862793
1784881006.579801083,5.050000158,2.418814951,0.342917004,1.200000000,0.015468771
1784881006.589801073,5.060000158,2.425402172,0.343339313,1.200000000,0.015062199
1784881006.599801064,5.070000158,2.431985972,0.343751810,1.200000000,0.014642936
1784881006.609801054,5.080000158,2.438566427,0.344154425,1.200000000,0.014210843
1784881006.619801044,5.090000158,2.445143614,0.344547091,1.200000000,0.013765780
1784881006.629801035,5.100000158,2.451717608,0.344929739,1.200000000,0.013307609
1784881006.639801025,5.110000158,2.458288486,0.345302302,1.200000000,0.012836188
1784881006.649801016,5.120000158,2.464856322,0.345664713,1.200000000,0.012351378
1784881006.659801006,5.130000158,2.471421192,0.346016904,1.200000000,0.011853040
1784881006.669800997,5.140000158,2.477983169,0.346358807,1.200000000,0.011341033
1784881006.679800987,5.150000158,2.484542327,0.346690356,1.200000000,0.010815219
1784881006.689800978,5.160000158,2.491098740,0.347011484,1.200000000,0.010275458
1784881006.699800968,5.170000158,2.497652480,0.347322124,1.200000000,0.009721609
1784881006.709800959,5.180000158,2.504203620,0.347622210,1.200000000,0.009153533
1784881006.719800949,5.190000158,2.510752232,0.347911675,1.200000000,0.008571091
1784881006.729800940,5.200000158,2.517298385,0.348190454,1.200000000,0.007974142
1784881006.739801168,5.210000158,2.523842150,0.348458480,1.200000000,0.007362548
1784881006.749801159,5.220000158,2.530383598,0.348715689,1.200000000,0.006736168
1784881006.759801149,5.230000158,2.536922795,0.348962013,1.200000000,0.006094862
1784881006.769801140,5.240000158,2.543459811,0.349197389,1.200000000,0.005438492
1784881006.779801130,5.250000158,2.549994712,0.349421751,1.200000000,0.004766917
1784881006.789801121,5.260000158,2.556527565,0.349635035,1.200000000,0.004079997
1784881006.799801111,5.270000158,2.563058434,0.349837175,1.200000000,0.003377594
1784881006.809801102,5.280000158,2.569587385,0.350028108,1.200000000,0.002659567
1784881006.819801092,5.290000158,2.576114480,0.350207769,1.200000000,0.001925776
1784881006.829801083,5.300000158,2.582639783,0.350376095,1.200000000,0.001176082
1784881006.839801073,5.310000158,2.589163354,0.350533022,1.200000000,0.000410346
1784881006.849801064,5.320000158,2.595685254,0.350678486,1.200000000,-0.000371573
1784881006.859801054,5.330000158,2.602205543,0.350812425,1.200000000,-0.001169814
1784881006.869801044,5.340000158,2.608724278,0.350934774,1.200000000,-0.001984517
1784881006.879801035,5.350000158,2.615241518,0.351045473,1.200000000,-0.002815822
1784881006.889801025,5.360000158,2.621757318,0.351144458,1.200000000,-0.003663865
1784881006.899801016,5.370000158,2.628271732,0.351231667,1.200000000,-0.004528676
1784881006.909801006,5.380000158,2.634784816,0.351307039,1.200000000,-0.005410125
1784881006.919800997,5.390000158,2.641296622,0.351370511,1.200000000,-0.006308074
1784881006.929800987,5.400000158,2.647807200,0.351422022,1.200000000,-0.007222381
1784881006.939800978,5.410000158,2.654316601,0.351461512,1.200000000,-0.008152907
1784881006.949800968,5.420000158,2.660824875,0.351488919,1.200000000,-0.009099511
1784881006.959800959,5.430000158,2.667332068,0.351504183,1.200000000,-0.010062053
1784881006.969800949,5.440000158,2.673838228,0.351507244,1.200000000,-0.011040394
1784881006.979800940,5.450000158,2.680343398,0.351498042,1.200000000,-0.012034393
1784881006.989801168,5.460000158,2.686847624,0.351476517,1.200000000,-0.013043909
1784881006.999801159,5.470000158,2.693350948,0.351442609,1.200000000,-0.014068804
1784881007.009801149,5.480000158,2.699853410,0.351396261,1.200000000,-0.015108936
1784881007.019801140,5.490000158,2.706355051,0.351337413,1.200000000,-0.016164165
1784881007.029801130,5.500000158,2.712855909,0.351266006,1.200000000,-0.017234352
1784881007.039801121,5.510000158,2.719356021,0.351181984,1.200000000,-0.018319356
1784881007.049801111,5.520000158,2.725855422,0.351085287,1.200000000,-0.019419038
1784881007.059801102,5.530000158,2.732354149,0.350975859,1.200000000,-0.020533256
1784881007.069801092,5.540000158,2.738852232,0.350853642,1.200000000,-0.021661871
1784881007.079801083,5.550000158,2.745349704,0.350718580,1.200000000,-0.022804743
1784881007.089801073,5.560000158,2.751846594,0.350570616,1.200000000,-0.023961732
1784881007.099801064,5.570000158,2.758342932,0.350409694,1.200000000,-0.025132697
1784881007.109801054,5.580000158,2.764838745,0.350235760,1.200000000,-0.026317498
1784881007.119801044,5.590000158,2.771334059,0.350048756,1.200000000,-0.027515995
1784881007.129801035,5.600000158,2.777828897,0.349848629,1.200000000,-0.028728049
1784881007.139801025,5.610000158,2.784323284,0.349635323,1.200000000,-0.029953519
1784881007.149801016,5.620000158,2.790817240,0.349408785,1.200000000,-0.031192264
1784881007.159801006,5.630000158,2.797310787,0.349168961,1.200000000,-0.032444145
1784881007.169800997,5.640000158,2.803803941,0.348915797,1.200000000,-0.033709021
1784881007.179800987,5.650000158,2.810296721,0.348649241,1.200000000,-0.034986753
1784881007.189800978,5.660000158,2.816789143,0.348369238,1.200000000,-0.036277201
1784881007.199800968,5.670000158,2.823281221,0.348075739,1.200000000,-0.037580223
1784881007.209800959,5.680000158,2.829772967,0.347768690,1.200000000,-0.038895680
1784881007.219800949,5.690000158,2.836264394,0.347448039,1.200000000,-0.040223433
1784881007.229800940,5.700000158,2.842755511,0.347113738,1.200000000,-0.041563340
1784881007.239801168,5.710000158,2.849246327,0.346765733,1.200000000,-0.042915261
1784881007.249801159,5.720000158,2.855736848,0.346403976,1.200000000,-0.044279057
1784881007.259801149,5.730000158,2.862227082,0.346028417,1.200000000,-0.045654588
1784881007.269801140,5.740000158,2.868717032,0.345639006,1.200000000,-0.047041712
1784881007.279801130,5.750000158,2.875206701,0.345235695,1.200000000,-0.048440291
1784881007.289801121,5.760000158,2.881696091,0.344818435,1.200000000,-0.049850184
1784881007.299801111,5.770000158,2.888185201,0.344387179,1.200000000,-0.051271250
1784881007.309801102,5.780000158,2.894674031,0.343941878,1.200000000,-0.052703351
1784881007.319801092,5.790000158,2.901162577,0.343482487,1.200000000,-0.054146344
1784881007.329801083,5.800000158,2.907650837,0.343008958,1.200000000,-0.055600092
1784881007.339801073,5.810000158,2.914138803,0.342521246,1.200000000,-0.057064452
1784881007.349801064,5.820000158,2.920626470,0.342019305,1.200000000,-0.058539286
1784881007.359801054,5.830000158,2.927113829,0.341503090,1.200000000,-0.060024453
1784881007.369801044,5.840000158,2.933600871,0.340972557,1.200000000,-0.061519812
1784881007.379801035,5.850000158,2.940087584,0.340427661,1.200000000,-0.063025225
1784881007.389801025,5.860000158,2.946573958,0.339868359,1.200000000,-0.064540550
1784881007.399801016,5.870000158,2.953059977,0.339294608,1.200000000,-0.066065647
1784881007.409801006,5.880000158,2.959545629,0.338706367,1.200000000,-0.067600377
1784881007.419800997,5.890000158,2.966030895,0.338103591,1.200000000,-0.069144599
1784881007.429800987,5.900000158,2.972515760,0.337486242,1.200000000,-0.070698174
1784881007.439800978,5.910000158,2.979000204,0.336854277,1.200000000,-0.072260960
1784881007.449800968,5.920000158,2.985484208,0.336207656,1.200000000,-0.073832818
1784881007.459800959,5.930000158,2.991967750,0.335546340,1.200000000,-0.075413608
1784881007.469800949,5.940000158,2.998450809,0.334870289,1.200000000,-0.077003189
1784881007.479800940,5.950000158,3.004933360,0.334179465,1.200000000,-0.078601422
1784881007.489801168,5.960000158,3.011415379,0.333473830,1.200000000,-0.080208166
1784881007.499801159,5.970000158,3.017896841,0.332753346,1.200000000,-0.081823281
1784881007.509801149,5.980000158,3.024377717,0.332017976,1.200000000,-0.083446628
1784881007.519801140,5.990000158,3.030857980,0.331267685,1.200000000,-0.085078065
1784881007.529801130,6.000000158,3.037337601,0.330502436,1.200000000,-0.086717453
1784881007.539801121,6.010000158,3.043816549,0.329722195,1.200000000,-0.088364652
1784881007.549801111,6.020000158,3.050294792,0.328926927,1.200000000,-0.090019521
1784881007.559801102,6.030000158,3.056772299,0.328116598,1.200000000,-0.091681921
1784881007.569801092,6.040000158,3.063249035,0.327291174,1.200000000,-0.093351711
1784881007.579801083,6.050000158,3.069724965,0.326450624,1.200000000,-0.095028751
1784881007.589801073,6.060000158,3.076200055,0.325594916,1.200000000,-0.096712901
1784881007.599801064,6.070000158,3.082674267,0.324724017,1.200000000,-0.098404021
1784881007.609801054,6.080000158,3.089147563,0.323837897,1.200000000,-0.100101970
1784881007.619801044,6.090000158,3.095619906,0.322936527,1.200000000,-0.101806610
1784881007.629801035,6.100000158,3.102091254,0.322019876,1.200000000,-0.103517798
1784881007.639801025,6.110000158,3.108561569,0.321087916,1.200000000,-0.105235396
1784881007.649801016,6.120000158,3.115030808,0.320140619,1.200000000,-0.106959264
1784881007.659801006,6.130000158,3.121498930,0.319177958,1.200000000,-0.108689260
1784881007.669800997,6.140000158,3.127965890,0.318199905,1.200000000,-0.110425245
1784881007.679800987,6.150000158,3.134431646,0.317206435,1.200000000,-0.112167079
1784881007.689800978,6.160000158,3.140896151,0.316197523,1.200000000,-0.113914622
1784881007.699800968,6.170000158,3.147359362,0.315173143,1.200000000,-0.115667734
1784881007.709800959,6.180000158,3.153821230,0.314133272,1.200000000,-0.117426273
1784881007.719800949,6.190000158,3.160281710,0.313077886,1.200000000,-0.119190101
1784881007.729800940,6.200000158,3.166740754,0.312006964,1.200000000,-0.120959078
1784881007.739801168,6.210000158,3.173198312,0.310920482,1.200000000,-0.122733062
1784881007.749801159,6.220000158,3.179654335,0.309818420,1.200000000,-0.124511914
1784881007.759801149,6.230000158,3.186108775,0.308700758,1.200000000,-0.126295494
1784881007.769801140,6.240000158,3.192561579,0.307567475,1.200000000,-0.128083661
1784881007.779801130,6.250000158,3.199012698,0.306418553,1.200000000,-0.129876276
1784881007.789801121,6.260000158,3.205462079,0.305253974,1.200000000,-0.131673198
1784881007.799801111,6.270000158,3.211909670,0.304073721,1.200000000,-0.133474288
1784881007.809801102,6.280000158,3.218355417,0.302877775,1.200000000,-0.135279404
1784881007.819801092,6.290000158,3.224799269,0.301666123,1.200000000,-0.137088408
1784881007.829801083,6.300000158,3.231241171,0.300438747,1.200000000,-0.138901158
1784881007.839801073,6.310000158,3.237681068,0.299195635,1.200000000,-0.140717516
1784881007.849801064,6.320000158,3.244118906,0.297936772,1.200000000,-0.142537339
1784881007.859801054,6.330000158,3.250554630,0.296662146,1.200000000,-0.144360489
1784881007.869801044,6.340000158,3.256988183,0.295371744,1.200000000,-0.146186826
1784881007.879801035,6.350000158,3.263419511,0.294065555,1.200000000,-0.148016208
1784881007.889801025,6.360000158,3.269848556,0.292743569,1.200000000,-0.149848497
1784881007.899801016,6.370000158,3.276275262,0.291405775,1.200000000,-0.151683552
1784881007.909801006,6.380000158,3.282699573,0.290052166,1.200000000,-0.153521232
1784881007.919800997,6.390000158,3.289121430,0.288682732,1.200000000,-0.155361398
1784881007.929800987,6.400000158,3.295540776,0.287297467,1.200000000,-0.157203909
1784881007.939800978,6.410000158,3.301957554,0.285896364,1.200000000,-0.159048626
1784881007.949800968,6.420000158,3.308371706,0.284479417,1.200000000,-0.160895408
1784881007.959800959,6.430000158,3.314783174,0.283046622,1.200000000,-0.162744115
1784881007.969800949,6.440000158,3.321191898,0.281597974,1.200000000,-0.164594608
1784881007.979800940,6.450000158,3.327597822,0.280133470,1.200000000,-0.166446745
1784881007.989801168,6.460000158,3.334000886,0.278653108,1.200000000,-0.168300386
1784881007.999801159,6.470000158,3.340401032,0.277156887,1.200000000,-0.170155393
1784881008.009801149,6.480000158,3.346798201,0.275644805,1.200000000,-0.172011624
1784881008.019801140,6.490000158,3.353192335,0.274116863,1.200000000,-0.173868939
1784881008.029801130,6.500000158,3.359583375,0.272573062,1.200000000,-0.175727198
1784881008.039801121,6.510000158,3.365971262,0.271013404,1.200000000,-0.177586261
1784881008.049801111,6.520000158,3.372355938,0.269437891,1.200000000,-0.179445989
1784881008.059801102,6.530000158,3.378737344,0.267846527,1.200000000,-0.181306240
1784881008.069801092,6.540000158,3.385115421,0.266239317,1.200000000,-0.183166875
1784881008.079801083,6.550000158,3.391490112,0.264616265,1.200000000,-0.185027753
1784881008.089801073,6.560000158,3.397861359,0.262977378,1.200000000,-0.186888735
1784881008.099801064,6.570000158,3.404229102,0.261322663,1.200000000,-0.188749679
1784881008.109801054,6.580000158,3.410593284,0.259652128,1.200000000,-0.190610448
1784881008.119801044,6.590000158,3.416953849,0.257965782,1.200000000,-0.192470899
1784881008.129801035,6.600000158,3.423310737,0.256263634,1.200000000,-0.194330893
1784881008.139801025,6.610000158,3.429663893,0.254545696,1.200000000,-0.196190289
1784881008.149801016,6.620000158,3.436013258,0.252811977,1.200000000,-0.198048949
1784881008.159801006,6.630000158,3.442358778,0.251062492,1.200000000,-0.199906730
1784881008.169800997,6.640000158,3.448700395,0.249297252,1.200000000,-0.201763495
1784881008.179800987,6.650000158,3.455038053,0.247516273,1.200000000,-0.203619101
1784881008.189800978,6.660000158,3.461371698,0.245719569,1.200000000,-0.205473409
1784881008.199800968,6.670000158,3.467701273,0.243907156,1.200000000,-0.207326280
1784881008.209800959,6.680000158,3.474026725,0.242079051,1.200000000,-0.209177572
1784881008.219800949,6.690000158,3.480347999,0.240235272,1.200000000,-0.211027146
1784881008.229800940,6.700000158,3.486665040,0.238375837,1.200000000,-0.212874861
1784881008.239801168,6.710000158,3.492977797,0.236500767,1.200000000,-0.214720578
1784881008.249801159,6.720000158,3.499286216,0.234610081,1.200000000,-0.216564156
1784881008.259801149,6.730000158,3.505590245,0.232703801,1.200000000,-0.218405455
1784881008.269801140,6.740000158,3.511889831,0.230781949,1.200000000,-0.220244336
1784881008.279801130,6.750000158,3.518184925,0.228844549,1.200000000,-0.222080657
1784881008.289801121,6.760000158,3.524475475,0.226891625,1.200000000,-0.223914279
1784881008.299801111,6.770000158,3.530761431,0.224923201,1.200000000,-0.225745062
1784881008.309801102,6.780000158,3.537042744,0.222939304,1.200000000,-0.227572865
1784881008.319801092,6.790000158,3.543319365,0.220939960,1.200000000,-0.229397548
1784881008.329801083,6.800000158,3.549591247,0.218925198,1.200000000,-0.231218972
1784881008.339801073,6.810000158,3.555858341,0.216895046,1.200000000,-0.233036996
1784881008.349801064,6.820000158,3.562120602,0.214849535,1.200000000,-0.234851479
1784881008.359801054,6.830000158,3.568377983,0.212788693,1.200000000,-0.236662283
1784881008.369801044,6.840000158,3.574630440,0.210712554,1.200000000,-0.238469266
1784881008.379801035,6.850000158,3.580877927,0.208621149,1.200000000,-0.240272289
1784881008.389801025,6.860000158,3.587120401,0.206514512,1.200000000,-0.242071211
1784881008.399801016,6.870000158,3.593357820,0.204392678,1.200000000,-0.243865893
1784881008.409801006,6.880000158,3.599590141,0.202255681,1.200000000,-0.245656194
1784881008.419800997,6.890000158,3.605817323,0.200103557,1.200000000,-0.247441974
1784881008.429800987,6.900000158,3.612039325,0.197936345,1.200000000,-0.249223092
1784881008.439800978,6.910000158,3.618256109,0.195754081,1.200000000,-0.250999410
1784881008.449800968,6.920000158,3.624467636,0.193556804,1.200000000,-0.252770786
1784881008.459800959,6.930000158,3.630673867,0.191344556,1.200000000,-0.254537081
1784881008.469800949,6.940000158,3.636874767,0.189117376,1.200000000,-0.256298154
1784881008.479800940,6.950000158,3.643070298,0.186875305,1.200000000,-0.258053865
1784881008.489801168,6.960000158,3.649260427,0.184618388,1.200000000,-0.259804075
1784881008.499801159,6.970000158,3.655445118,0.182346667,1.200000000,-0.261548642
1784881008.509801149,6.980000158,3.661624340,0.180060187,1.200000000,-0.263287427
1784881008.519801140,6.990000158,3.667798060,0.177758993,1.200000000,-0.265020290
1784881008.529801130,7.000000158,3.673966247,0.175443132,1.200000000,-0.266747091
1784881008.539801121,7.010000158,3.680128870,0.173112650,1.200000000,-0.268467689
1784881008.549801111,7.020000158,3.686285900,0.170767596,1.200000000,-0.270181944
1784881008.559801102,7.030000158,3.692437311,0.168408020,1.200000000,-0.271889717
1784881008.569801092,7.040000158,3.698583073,0.166033970,1.200000000,-0.273590875
1784881008.579801083,7.050000158,3.704723162,0.163645498,1.200000000,-0.275285389
1784881008.589801073,7.060000158,3.710857552,0.161242656,1.200000000,-0.276973300
1784881008.599801064,7.070000158,3.716986219,0.158825497,1.200000000,-0.278654651
1784881008.609801054,7.080000158,3.723109141,0.156394073,1.200000000,-0.280329486
1784881008.619801044,7.090000158,3.729226295,0.153948440,1.200000000,-0.281997847
1784881008.629801035,7.100000158,3.735337661,0.151488653,1.200000000,-0.283659777
1784881008.639801025,7.110000158,3.741443219,0.149014768,1.200000000,-0.285315318
1784881008.649801016,7.120000158,3.747542951,0.146526842,1.200000000,-0.286964515
1784881008.659801006,7.130000158,3.753636839,0.144024934,1.200000000,-0.288607408
1784881008.669800997,7.140000158,3.759724866,0.141509102,1.200000000,-0.290244043
1784881008.679800987,7.150000158,3.765807018,0.138979406,1.200000000,-0.291874460
1784881008.689800978,7.160000158,3.771883280,0.136435907,1.200000000,-0.293498704
1784881008.699800968,7.170000158,3.777953639,0.133878667,1.200000000,-0.295116817
1784881008.709800959,7.180000158,3.784018083,0.131307747,1.200000000,-0.296728842
1784881008.719800949,7.190000158,3.790076601,0.128723212,1.200000000,-0.298334821
1784881008.729800940,7.200000158,3.796129184,0.126125125,1.200000000,-0.299934799
1784881008.739801168,7.210000158,3.802175823,0.123513551,1.200000000,-0.301528816
1784881008.749801159,7.220000158,3.808216510,0.120888557,1.200000000,-0.303116918
1784881008.759801149,7.230000158,3.814251240,0.118250209,1.200000000,-0.304699145
1784881008.769801140,7.240000158,3.820280006,0.115598574,1.200000000,-0.306275542
1784881008.779801130,7.250000158,3.826302805,0.112933721,1.200000000,-0.307846150
1784881008.789801121,7.260000158,3.832319634,0.110255719,1.200000000,-0.309411014
1784881008.799801111,7.270000158,3.838330490,0.107564638,1.200000000,-0.310970175
1784881008.809801102,7.280000158,3.844335374,0.104860549,1.200000000,-0.312523677
1784881008.819801092,7.290000158,3.850334285,0.102143524,1.200000000,-0.314071563
1784881008.829801083,7.300000158,3.856327225,0.099413636,1.200000000,-0.315613875
1784881008.839801073,7.310000158,3.862314197,0.096670956,1.200000000,-0.317150656
1784881008.849801064,7.320000158,3.868295204,0.093915561,1.200000000,-0.318681949
1784881008.859801054,7.330000158,3.874270251,0.091147523,1.200000000,-0.320207798
1784881008.869801044,7.340000158,3.880239345,0.088366920,1.200000000,-0.321728244
1784881008.879801035,7.350000158,3.886202491,0.085573828,1.200000000,-0.323243331
1784881008.889801025,7.360000158,3.892159700,0.082768324,1.200000000,-0.324753101
1784881008.899801016,7.370000158,3.898110978,0.079950485,1.200000000,-0.326257598
1784881008.909801006,7.380000158,3.904056338,0.077120392,1.200000000,-0.327756865
1784881008.919800997,7.390000158,3.909995790,0.074278122,1.200000000,-0.329250943
1784881008.929800987,7.400000158,3.915929347,0.071423757,1.200000000,-0.330739877
1784881008.939800978,7.410000158,3.921857023,0.068557378,1.200000000,-0.332223709
1784881008.949800968,7.420000158,3.927778832,0.065679065,1.200000000,-0.333702481
1784881008.959800959,7.430000158,3.933694790,0.062788903,1.200000000,-0.335176238
1784881008.969800949,7.440000158,3.939604913,0.059886974,1.200000000,-0.336645021
1784881008.979800940,7.450000158,3.945509220,0.056973362,1.200000000,-0.338108873
1784881008.989801168,7.460000158,3.951407730,0.054048151,1.200000000,-0.339567838
1784881008.999801159,7.470000158,3.957300462,0.051111427,1.200000000,-0.341021958
1784881009.009801149,7.480000158,3.963187437,0.048163277,1.200000000,-0.342471276
1784881009.019801140,7.490000158,3.969068678,0.045203786,1.200000000,-0.343915835
1784881009.029801130,7.500000158,3.974944207,0.042233043,1.200000000,-0.345355678
1784881009.039801121,7.510000158,3.980814048,0.039251135,1.200000000,-0.346790847
1784881009.049801111,7.520000158,3.986678227,0.036258151,1.200000000,-0.348221386
1784881009.059801102,7.530000158,3.992536769,0.033254181,1.200000000,-0.349647338
1784881009.069801092,7.540000158,3.998389701,0.030239315,1.200000000,-0.351068745
1784881009.079801083,7.550000158,4.004237050,0.027213643,1.200000000,-0.352485650
1784881009.089801073,7.560000158,4.010078847,0.024177257,1.200000000,-0.353898096
1784881009.099801064,7.570000158,4.015915120,0.021130248,1.200000000,-0.355306126
1784881009.109801054,7.580000158,4.021745901,0.018072710,1.200000000,-0.356709783
1784881009.119801044,7.590000158,4.027571221,0.015004736,1.200000000,-0.358109109
1784881009.129801035,7.600000158,4.033391112,0.011926420,1.200000000,-0.359504148
1784881009.139801025,7.610000158,4.039205608,0.008837855,1.200000000,-0.360894943
1784881009.149801016,7.620000158,4.045014744,0.005739138,1.200000000,-0.362281536
1784881009.159801006,7.630000158,4.050818554,0.002630363,1.200000000,-0.363663970
1784881009.169800997,7.640000158,4.056617074,-0.000488373,1.200000000,-0.365042288
1784881009.179800987,7.650000158,4.062410342,-0.003616973,1.200000000,-0.366416532
1784881009.189800978,7.660000158,4.068198396,-0.006755340,1.200000000,-0.367786747
1784881009.199800968,7.670000158,4.073981273,-0.009903376,1.200000000,-0.369152974
1784881009.209800959,7.680000158,4.079759013,-0.013060983,1.200000000,-0.370515257
1784881009.219800949,7.690000158,4.085531657,-0.016228061,1.200000000,-0.371873639
1784881009.229800940,7.700000158,4.091299245,-0.019404512,1.200000000,-0.373228161
1784881009.239801168,7.710000158,4.097061819,-0.022590235,1.200000000,-0.374578868
1784881009.249801159,7.720000158,4.102819422,-0.025785130,1.200000000,-0.375925801
1784881009.259801149,7.730000158,4.108572096,-0.028989095,1.200000000,-0.377269005
1784881009.269801140,7.740000158,4.114319886,-0.032202030,1.200000000,-0.378608521
1784881009.279801130,7.750000158,4.120062837,-0.035423832,1.200000000,-0.379944393
1784881009.289801121,7.760000158,4.125800993,-0.038654399,1.200000000,-0.381276664
1784881009.299801111,7.770000158,4.131534401,-0.041893627,1.200000000,-0.382605376
1784881009.309801102,7.780000158,4.137263108,-0.045141414,1.200000000,-0.383930572
1784881009.319801092,7.790000158,4.142987160,-0.048397656,1.200000000,-0.385252295
1784881009.329801083,7.800000158,4.148706606,-0.051662248,1.200000000,-0.386570588
1784881009.339801073,7.810000158,4.154421495,-0.054935086,1.200000000,-0.387885494
1784881009.349801064,7.820000158,4.160131876,-0.058216065,1.200000000,-0.389197056
1784881009.359801054,7.830000158,4.165837798,-0.061505078,1.200000000,-0.390505316
1784881009.369801044,7.840000158,4.171539312,-0.064802021,1.200000000,-0.391810318
1784881009.379801035,7.850000158,4.177236469,-0.068106787,1.200000000,-0.393112104
1784881009.389801025,7.860000158,4.182929320,-0.071419269,1.200000000,-0.394410718
1784881009.399801016,7.870000158,4.188617918,-0.074739360,1.200000000,-0.395706201
1784881009.409801006,7.880000158,4.194302315,-0.078066952,1.200000000,-0.396998598
1784881009.419800997,7.890000158,4.199982563,-0.081401939,1.200000000,-0.398287950
1784881009.429800987,7.900000158,4.205658717,-0.084744211,1.200000000,-0.399574301
1784881009.439800978,7.910000158,4.211330831,-0.088093660,1.200000000,-0.400857694
1784881009.449800968,7.920000158,4.216998958,-0.091450178,1.200000000,-0.402138171
1784881009.459800959,7.930000158,4.222663153,-0.094813655,1.200000000,-0.403415775
1784881009.469800949,7.940000158,4.228323473,-0.098183982,1.200000000,-0.404690550
1784881009.479800940,7.950000158,4.233979972,-0.101561048,1.200000000,-0.405962537
1784881009.489801168,7.960000158,4.239632706,-0.104944745,1.200000000,-0.407231781
1784881009.499801159,7.970000158,4.245281732,-0.108334962,1.200000000,-0.408498323
1784881009.509801149,7.980000158,4.250927107,-0.111731587,1.200000000,-0.409762208
1784881009.519801140,7.990000158,4.256568887,-0.115134511,1.200000000,-0.411023476
1784881009.529801130,8.000000158,4.262207129,-0.118543622,1.200000000,-0.412282172
1784881009.539801121,8.010000158,4.267841892,-0.121958808,1.200000000,-0.413538339
1784881009.549801111,8.020000158,4.273473233,-0.125379958,1.200000000,-0.414792018
1784881009.559801102,8.030000158,4.279101210,-0.128806961,1.200000000,-0.416043254
1784881009.569801092,8.040000158,4.284725882,-0.132239704,1.200000000,-0.417292088
1784881009.579801083,8.050000158,4.290347308,-0.135678075,1.200000000,-0.418538565
1784881009.589801073,8.060000158,4.295965545,-0.139121961,1.200000000,-0.419782726
1784881009.599801064,8.070000158,4.301580652,-0.142571249,1.200000000,-0.421024614
1784881009.609801054,8.080000158,4.307192690,-0.146025828,1.200000000,-0.422264273
1784881009.619801044,8.090000158,4.312801717,-0.149485584,1.200000000,-0.423501745
1784881009.629801035,8.100000158,4.318407793,-0.152950403,1.200000000,-0.424737074
1784881009.639801025,8.110000158,4.324010976,-0.156420172,1.200000000,-0.425970301
1784881009.649801016,8.120000158,4.329611327,-0.159894778,1.200000000,-0.427201470
1784881009.659801006,8.130000158,4.335208905,-0.163374108,1.200000000,-0.428430624
1784881009.669800997,8.140000158,4.340803770,-0.166858046,1.200000000,-0.429657806
1784881009.679800987,8.150000158,4.346395982,-0.170346480,1.200000000,-0.430883058
1784881009.689800978,8.160000158,4.351985599,-0.173839296,1.200000000,-0.432106423
1784881009.699800968,8.170000158,4.357572683,-0.177336379,1.200000000,-0.433327945
1784881009.709800959,8.180000158,4.363157292,-0.180837616,1.200000000,-0.434547666
1784881009.719800949,8.190000158,4.368739487,-0.184342891,1.200000000,-0.435765629
1784881009.729800940,8.200000158,4.374319327,-0.187852091,1.200000000,-0.436981877
1784881009.739801168,8.210000158,4.379896871,-0.191365101,1.200000000,-0.438196452
1784881009.749801159,8.220000158,4.385472179,-0.194881806,1.200000000,-0.439409399
1784881009.759801149,8.230000158,4.391045311,-0.198402093,1.200000000,-0.440620758
1784881009.769801140,8.240000158,4.396616325,-0.201925847,1.200000000,-0.441830574
1784881009.779801130,8.250000158,4.402185281,-0.205452952,1.200000000,-0.443038889
1784881009.789801121,8.260000158,4.407752237,-0.208983295,1.200000000,-0.444245747
1784881009.799801111,8.270000158,4.413317253,-0.212516761,1.200000000,-0.445451189
1784881009.809801102,8.280000158,4.418880386,-0.216053235,1.200000000,-0.446655259
1784881009.819801092,8.290000158,4.424441696,-0.219592602,1.200000000,-0.447858000
1784881009.829801083,8.300000158,4.430001240,-0.223134748,1.200000000,-0.449059454
1784881009.839801073,8.310000158,4.435559075,-0.226679559,1.200000000,-0.450259665
1784881009.849801064,8.320000158,4.441115261,-0.230226919,1.200000000,-0.451458675
1784881009.859801054,8.330000158,4.446669853,-0.233776715,1.200000000,-0.452656528
1784881009.869801044,8.340000158,4.452222910,-0.237328831,1.200000000,-0.453853265
1784881009.879801035,8.350000158,4.457774487,-0.240883153,1.200000000,-0.455048931
1784881009.889801025,8.360000158,4.463324641,-0.244439568,1.200000000,-0.456243567
1784881009.899801016,8.370000158,4.468873428,-0.247997959,1.200000000,-0.457437217
1784881009.909801006,8.380000158,4.474420904,-0.251558215,1.200000000,-0.458629923
1784881009.919800997,8.390000158,4.479967124,-0.255120219,1.200000000,-0.459821729
1784881009.929800987,8.400000158,4.485512143,-0.258683859,1.200000000,-0.461012678
1784881009.939800978,8.410000158,4.491056015,-0.262249020,1.200000000,-0.462202811
1784881009.949800968,8.420000158,4.496598794,-0.265815588,1.200000000,-0.463392173
1784881009.959800959,8.430000158,4.502140533,-0.269383450,1.200000000,-0.464580805
1784881009.969800949,8.440000158,4.507681287,-0.272952493,1.200000000,-0.465768751
1784881009.979800940,8.450000158,4.513221107,-0.276522602,1.200000000,-0.466956054
1784881009.989801168,8.460000158,4.518760046,-0.280093664,1.200000000,-0.468142756
1784881009.999801159,8.470000158,4.524298156,-0.283665566,1.200000000,-0.469328901
1784881010.009801149,8.480000158,4.529835486,-0.287238196,1.200000000,-0.470514531
1784881010.019801140,8.490000158,4.535372089,-0.290811440,1.200000000,-0.471699690
1784881010.029801130,8.500000158,4.540908014,-0.294385186,1.200000000,-0.472884419
1784881010.039801121,8.510000158,4.546443310,-0.297959321,1.200000000,-0.474068762
1784881010.049801111,8.520000158,4.551978026,-0.301533733,1.200000000,-0.475252762
1784881010.059801102,8.530000158,4.557512211,-0.305108309,1.200000000,-0.476436462
1784881010.069801092,8.540000158,4.563045911,-0.308682939,1.200000000,-0.477619904
1784881010.079801083,8.550000158,4.568579176,-0.312257510,1.200000000,-0.478803131
1784881010.089801073,8.560000158,4.574112049,-0.315831910,1.200000000,-0.479986187
1784881010.099801064,8.570000158,4.579644578,-0.319406029,1.200000000,-0.481169114
1784881010.109801054,8.580000158,4.585176808,-0.322979755,1.200000000,-0.482351955
1784881010.119801044,8.590000158,4.590708782,-0.326552978,1.200000000,-0.483534753
1784881010.129801035,8.600000158,4.596240544,-0.330125587,1.200000000,-0.484717550
1784881010.139801025,8.610000158,4.601772139,-0.333697471,1.200000000,-0.485900391
1784881010.149801016,8.620000158,4.607303606,-0.337268522,1.200000000,-0.487083316
1784881010.159801006,8.630000158,4.612834989,-0.340838627,1.200000000,-0.488266370
1784881010.169800997,8.640000158,4.618366329,-0.344407680,1.200000000,-0.489449595
1784881010.179800987,8.650000158,4.623897664,-0.347975569,1.200000000,-0.490633035
1784881010.189800978,8.660000158,4.629429035,-0.351542186,1.200000000,-0.491816731
1784881010.199800968,8.670000158,4.634960480,-0.355107422,1.200000000,-0.493000727
1784881010.209800959,8.680000158,4.640492036,-0.358671169,1.200000000,-0.494185066
1784881010.219800949,8.690000158,4.646023741,-0.362233319,1.200000000,-0.495369791
1784881010.229800940,8.700000158,4.651555631,-0.365793764,1.200000000,-0.496554944
1784881010.239801168,8.710000158,4.657087741,-0.369352396,1.200000000,-0.497740568
1784881010.249801159,8.720000158,4.662620106,-0.372909108,1.200000000,-0.498926707
1784881010.259801149,8.730000158,4.668152759,-0.376463794,1.200000000,-0.500113402
1784881010.269801140,8.740000158,4.673685733,-0.380016346,1.200000000,-0.501300698
1784881010.279801130,8.750000158,4.679219060,-0.383566658,1.200000000,-0.502488636
1784881010.289801121,8.760000158,4.684752771,-0.387114625,1.200000000,-0.503677260
1784881010.299801111,8.770000158,4.690286896,-0.390660141,1.200000000,-0.504866613
1784881010.309801102,8.780000158,4.695821465,-0.394203101,1.200000000,-0.506056737
1784881010.319801092,8.790000158,4.701356506,-0.397743399,1.200000000,-0.507247676
1784881010.329801083,8.800000158,4.706892047,-0.401280932,1.200000000,-0.508439471
1784881010.339801073,8.810000158,4.712428114,-0.404815595,1.200000000,-0.509632167
1784881010.349801064,8.820000158,4.717964733,-0.408347284,1.200000000,-0.510825805
1784881010.359801054,8.830000158,4.723501929,-0.411875896,1.200000000,-0.512020430
1784881010.369801044,8.840000158,4.729039725,-0.415401327,1.200000000,-0.513216083
1784881010.379801035,8.850000158,4.734578146,-0.418923475,1.200000000,-0.514412808
1784881010.389801025,8.860000158,4.740117212,-0.422442238,1.200000000,-0.515610647
1784881010.399801016,8.870000158,4.745656945,-0.425957513,1.200000000,-0.516809643
1784881010.409801006,8.880000158,4.751197366,-0.429469200,1.200000000,-0.518009839
1784881010.419800997,8.890000158,4.756738492,-0.432977196,1.200000000,-0.519211279
1784881010.429800987,8.900000158,4.762280343,-0.436481400,1.200000000,-0.520414004
1784881010.439800978,8.910000158,4.767822936,-0.439981714,1.200000000,-0.521618059
1784881010.449800968,8.920000158,4.773366287,-0.443478035,1.200000000,-0.522823485
1784881010.459800959,8.930000158,4.778910412,-0.446970266,1.200000000,-0.524030325
1784881010.469800949,8.940000158,4.784455325,-0.450458306,1.200000000,-0.525238623
1784881010.479800940,8.950000158,4.790001039,-0.453942056,1.200000000,-0.526448421
1784881010.489801168,8.960000158,4.795547568,-0.457421419,1.200000000,-0.527659762
1784881010.499801159,8.970000158,4.801094922,-0.460896296,1.200000000,-0.528872689
1784881010.509801149,8.980000158,4.806643111,-0.464366589,1.200000000,-0.530087245
1784881010.519801140,8.990000158,4.812192147,-0.467832202,1.200000000,-0.531303473
1784881010.529801130,9.000000158,4.817742037,-0.471293037,1.200000000,-0.532521416
1784881010.539801121,9.010000158,4.823292788,-0.474748998,1.200000000,-0.533741116
1784881010.549801111,9.020000158,4.828844408,-0.478199989,1.200000000,-0.534962616
1784881010.559801102,9.030000158,4.834396903,-0.481645914,1.200000000,-0.536185960
1784881010.569801092,9.040000158,4.839950276,-0.485086679,1.200000000,-0.537411189
1784881010.579801083,9.050000158,4.845504531,-0.488522188,1.200000000,-0.538638348
1784881010.589801073,9.060000158,4.851059673,-0.491952347,1.200000000,-0.539867478
1784881010.599801064,9.070000158,4.856615701,-0.495377063,1.200000000,-0.541098624
1784881010.609801054,9.080000158,4.862172618,-0.498796241,1.200000000,-0.542331827
1784881010.619801044,9.090000158,4.867730423,-0.502209789,1.200000000,-0.543567130
1784881010.629801035,9.100000158,4.873289114,-0.505617614,1.200000000,-0.544804577
1784881010.639801025,9.110000158,4.878848691,-0.509019624,1.200000000,-0.546044210
1784881010.649801016,9.120000158,4.884409150,-0.512415726,1.200000000,-0.547286072
1784881010.659801006,9.130000158,4.889970486,-0.515805831,1.200000000,-0.548530206
1784881010.669800997,9.140000158,4.895532697,-0.519189845,1.200000000,-0.549776654
1784881010.679800987,9.150000158,4.901095775,-0.522567680,1.200000000,-0.551025461
1784881010.689800978,9.160000158,4.906659713,-0.525939245,1.200000000,-0.552276668
1784881010.699800968,9.170000158,4.912224506,-0.529304450,1.200000000,-0.553530319
1784881010.709800959,9.180000158,4.917790143,-0.532663205,1.200000000,-0.554786456
1784881010.719800949,9.190000158,4.923356616,-0.536015423,1.200000000,-0.556045122
1784881010.729800940,9.200000158,4.928923914,-0.539361014,1.200000000,-0.557306360
1784881010.739801168,9.210000158,4.934492027,-0.542699890,1.200000000,-0.558570134
1784881010.749801159,9.220000158,4.940060942,-0.546031963,1.200000000,-0.559836089
1784881010.759801149,9.230000158,4.945630646,-0.549357147,1.200000000,-0.561103792
1784881010.769801140,9.240000158,4.951201126,-0.552675355,1.200000000,-0.562372808
1784881010.779801130,9.250000158,4.956772368,-0.555986499,1.200000000,-0.563642702
1784881010.789801121,9.260000158,4.962344355,-0.559290495,1.200000000,-0.564913040
1784881010.799801111,9.270000158,4.967917072,-0.562587255,1.200000000,-0.566183389
1784881010.809801102,9.280000158,4.973490501,-0.565876695,1.200000000,-0.567453313
1784881010.819801092,9.290000158,4.979064626,-0.569158731,1.200000000,-0.568722378
1784881010.829801083,9.300000158,4.984639428,-0.572433277,1.200000000,-0.569990150
1784881010.839801073,9.310000158,4.990214886,-0.575700249,1.200000000,-0.571256195
1784881010.849801064,9.320000158,4.995790982,-0.578959564,1.200000000,-0.572520079
1784881010.859801054,9.330000158,5.001367694,-0.582211138,1.200000000,-0.573781366
1784881010.869801044,9.340000158,5.006945002,-0.585454888,1.200000000,-0.575039623
1784881010.879801035,9.350000158,5.012522882,-0.588690731,1.200000000,-0.576294415
1784881010.889801025,9.360000158,5.018101313,-0.591918586,1.200000000,-0.577545309
1784881010.899801016,9.370000158,5.023680270,-0.595138370,1.200000000,-0.578791869
1784881010.909801006,9.380000158,5.029259730,-0.598350002,1.200000000,-0.580033662
1784881010.919800997,9.390000158,5.034839668,-0.601553400,1.200000000,-0.581270252
1784881010.929800987,9.400000158,5.040420058,-0.604748484,1.200000000,-0.582501207
1784881010.939800978,9.410000158,5.046000874,-0.607935173,1.200000000,-0.583726091
1784881010.949800968,9.420000158,5.051582090,-0.611113387,1.200000000,-0.584944470
1784881010.959800959,9.430000158,5.057163680,-0.614283046,1.200000000,-0.586155910
1784881010.969800949,9.440000158,5.062745614,-0.617444069,1.200000000,-0.587359977
1784881010.979800940,9.450000158,5.068327865,-0.620596380,1.200000000,-0.588556235
1784881010.989801168,9.460000158,5.073910405,-0.623739897,1.200000000,-0.589744252
1784881010.999801159,9.470000158,5.079493204,-0.626874543,1.200000000,-0.590923592
1784881011.009801149,9.480000158,5.085076232,-0.630000239,1.200000000,-0.592093822
1784881011.019801140,9.490000158,5.090659461,-0.633116907,1.200000000,-0.593254506
1784881011.029801130,9.500000158,5.096242858,-0.636224469,1.200000000,-0.594405211
1784881011.039801121,9.510000158,5.101826394,-0.639322849,1.200000000,-0.595545502
1784881011.049801111,9.520000158,5.107410037,-0.642411968,1.200000000,-0.596674945
1784881011.059801102,9.530000158,5.112993755,-0.645491751,1.200000000,-0.597793106
1784881011.069801092,9.540000158,5.118577517,-0.648562119,1.200000000,-0.598899551
1784881011.079801083,9.550000158,5.124161290,-0.651622998,1.200000000,-0.599993844
1784881011.089801073,9.560000158,5.129745042,-0.654674310,1.200000000,-0.601075552
1784881011.099801064,9.570000158,5.135328740,-0.657715980,1.200000000,-0.602144240
1784881011.109801054,9.580000158,5.140912351,-0.660747933,1.200000000,-0.603199474
1784881011.119801044,9.590000158,5.146495842,-0.663770092,1.200000000,-0.604240820
1784881011.129801035,9.600000158,5.152079180,-0.666782383,1.200000000,-0.605267844
1784881011.139801025,9.610000158,5.157662330,-0.669784731,1.200000000,-0.606280110
1784881011.149801016,9.620000158,5.163245259,-0.672777061,1.200000000,-0.607277186
1784881011.159801006,9.630000158,5.168827932,-0.675759299,1.200000000,-0.608258636
1784881011.169800997,9.640000158,5.174410317,-0.678731370,1.200000000,-0.609224026
1784881011.179800987,9.650000158,5.179992379,-0.681693199,1.200000000,-0.610172922
1784881011.189800978,9.660000158,5.185574083,-0.684644715,1.200000000,-0.611104889
1784881011.199800968,9.670000158,5.191155396,-0.687585841,1.200000000,-0.612019493
1784881011.209800959,9.680000158,5.196736282,-0.690516506,1.200000000,-0.612916301
1784881011.219800949,9.690000158,5.202316709,-0.693436635,1.200000000,-0.613794877
1784881011.229800940,9.700000158,5.207896641,-0.696346156,1.200000000,-0.614654787
1784881011.239801168,9.710000158,5.213476045,-0.699244994,1.200000000,-0.615495597
1784881011.249801159,9.720000158,5.219054886,-0.702133078,1.200000000,-0.616316873
1784881011.259801149,9.730000158,5.224633131,-0.705010335,1.200000000,-0.617118180
1784881011.269801140,9.740000158,5.230210746,-0.707876692,1.200000000,-0.617899084
1784881011.279801130,9.750000158,5.235787696,-0.710732077,1.200000000,-0.618659150
1784881011.289801121,9.760000158,5.241363949,-0.713576416,1.200000000,-0.619397945
1784881011.299801111,9.770000158,5.246939471,-0.716409639,1.200000000,-0.620115034
1784881011.309801102,9.780000158,5.252514229,-0.719231672,1.200000000,-0.620809983
1784881011.319801092,9.790000158,5.258088190,-0.722042444,1.200000000,-0.621482356
1784881011.329801083,9.800000158,5.263661322,-0.724841883,1.200000000,-0.622131721
1784881011.339801073,9.810000158,5.269233591,-0.727629917,1.200000000,-0.622757643
1784881011.349801064,9.820000158,5.274804967,-0.730406475,1.200000000,-0.623359687
1784881011.359801054,9.830000158,5.280375418,-0.733171484,1.200000000,-0.623937420
1784881011.369801044,9.840000158,5.285944912,-0.735924873,1.200000000,-0.624490406
1784881011.379801035,9.850000158,5.291513418,-0.738666571,1.200000000,-0.625018211
1784881011.389801025,9.860000158,5.297080906,-0.741396506,1.200000000,-0.625520402
1784881011.399801016,9.870000158,5.302647346,-0.744114607,1.200000000,-0.625996543
1784881011.409801006,9.880000158,5.308212708,-0.746820803,1.200000000,-0.626446201
1784881011.419800997,9.890000158,5.313776964,-0.749515021,1.200000000,-0.626868941
1784881011.429800987,9.900000158,5.319340083,-0.752197192,1.200000000,-0.627264329
1784881011.439800978,9.910000158,5.324902039,-0.754867244,1.200000000,-0.627631930
1784881011.449800968,9.920000158,5.330462804,-0.757525105,1.200000000,-0.627971311
1784881011.459800959,9.930000158,5.336022350,-0.760170704,1.200000000,-0.628282037
1784881011.469800949,9.940000158,5.341580652,-0.762803971,1.200000000,-0.628563673
1784881011.479800940,9.950000158,5.347137683,-0.765424835,1.200000000,-0.628815785
1784881011.489801168,9.960000158,5.352693419,-0.768033223,1.200000000,-0.629037940
1784881011.499801159,9.970000158,5.358247834,-0.770629066,1.200000000,-0.629229702
1784881011.509801149,9.980000158,5.363800906,-0.773212291,1.200000000,-0.629390637
1784881011.519801140,9.990000158,5.369352610,-0.775782828,1.200000000,-0.629520311
1784881011.529801130,10.000000158,5.374902925,-0.778340607,1.200000000,-0.629618290
1784881011.539801121,10.010000158,5.380451829,-0.780885554,1.200000000,-0.629684140
1784881011.549801111,10.020000158,5.385999301,-0.783417600,1.200000000,-0.629717425
1784881011.559801102,10.030000158,5.391545320,-0.785936674,1.200000000,-0.629717712
1784881011.569801092,10.040000158,5.397089868,-0.788442703,1.200000000,-0.629684567
1784881011.579801083,10.050000158,5.402632925,-0.790935618,1.200000000,-0.629617555
1784881011.589801073,10.060000158,5.408174475,-0.793415346,1.200000000,-0.629516241
1784881011.599801064,10.070000158,5.413714500,-0.795881816,1.200000000,-0.629380192
1784881011.609801054,10.080000158,5.419252985,-0.798334957,1.200000000,-0.629208973
1784881011.619801044,10.090000158,5.424789914,-0.800774698,1.200000000,-0.629002149
1784881011.629801035,10.100000158,5.430325273,-0.803200967,1.200000000,-0.628759288
1784881011.639801025,10.110000158,5.435859050,-0.805613692,1.200000000,-0.628479953
1784881011.649801016,10.120000158,5.441391231,-0.808012802,1.200000000,-0.628163711
1784881011.659801006,10.130000158,5.446921806,-0.810398225,1.200000000,-0.627810128
1784881011.669800997,10.140000158,5.452450763,-0.812769890,1.200000000,-0.627418769
1784881011.679800987,10.150000158,5.457978095,-0.815127725,1.200000000,-0.626989200
1784881011.689800978,10.160000158,5.463503792,-0.817471658,1.200000000,-0.626520986
1784881011.699800968,10.170000158,5.469027848,-0.819801618,1.200000000,-0.626013694
1784881011.709800959,10.180000158,5.474550256,-0.822117531,1.200000000,-0.625466889
1784881011.719800949,10.190000158,5.480071010,-0.824419326,1.200000000,-0.624880136
1784881011.729800940,10.200000158,5.485590108,-0.826706932,1.200000000,-0.624253002
1784881011.739801168,10.210000158,5.491107545,-0.828980275,1.200000000,-0.623585051
1784881011.749801159,10.220000158,5.496623321,-0.831239283,1.200000000,-0.622875851
1784881011.759801149,10.230000158,5.502137433,-0.833483885,1.200000000,-0.622124965
1784881011.769801140,10.240000158,5.507649883,-0.835714008,1.200000000,-0.621331961
1784881011.779801130,10.250000158,5.513160672,-0.837929579,1.200000000,-0.620496403
1784881011.789801121,10.260000158,5.518669803,-0.840130525,1.200000000,-0.619617858
1784881011.799801111,10.270000158,5.524177279,-0.842316774,1.200000000,-0.618695891
1784881011.809801102,10.280000158,5.529683106,-0.844488253,1.200000000,-0.617730067
1784881011.819801092,10.290000158,5.535187289,-0.846644890,1.200000000,-0.616719953
1784881011.829801083,10.300000158,5.540689836,-0.848786611,1.200000000,-0.615665114
1784881011.839801073,10.310000158,5.546190755,-0.850913343,1.200000000,-0.614565116
1784881011.849801064,10.320000158,5.551690057,-0.853025013,1.200000000,-0.613419524
1784881011.859801054,10.330000158,5.557187752,-0.855121549,1.200000000,-0.612227905
1784881011.869801044,10.340000158,5.562683853,-0.857202876,1.200000000,-0.610989823
1784881011.879801035,10.350000158,5.568178372,-0.859268922,1.200000000,-0.609704845
1784881011.889801025,10.360000158,5.573671325,-0.861319613,1.200000000,-0.608372536
1784881011.899801016,10.370000158,5.579162728,-0.863354875,1.200000000,-0.606992462
1784881011.909801006,10.380000158,5.584652597,-0.865374635,1.200000000,-0.605564189
1784881011.919800997,10.390000158,5.590140951,-0.867378820,1.200000000,-0.604087281
1784881011.929800987,10.400000158,5.595627810,-0.869367356,1.200000000,-0.602561306
1784881011.939800978,10.410000158,5.601113195,-0.871340169,1.200000000,-0.600985828
1784881011.949800968,10.420000158,5.606597127,-0.873297185,1.200000000,-0.599360414
1784881011.959800959,10.430000158,5.612079631,-0.875238330,1.200000000,-0.597684629
1784881011.969800949,10.440000158,5.617560731,-0.877163531,1.200000000,-0.595958038
1784881011.979800940,10.450000158,5.623040454,-0.879072713,1.200000000,-0.594180207
1784881011.989801168,10.460000158,5.628518825,-0.880965803,1.200000000,-0.592350703
1784881011.999801159,10.470000158,5.633995875,-0.882842727,1.200000000,-0.590469090
1784881012.009801149,10.480000158,5.639471633,-0.884703410,1.200000000,-0.588534935
1784881012.019801140,10.490000158,5.644946129,-0.886547779,1.200000000,-0.586547803
1784881012.029801130,10.500000158,5.650419397,-0.888375759,1.200000000,-0.584507259
1784881012.039801121,10.510000158,5.655891469,-0.890187277,1.200000000,-0.582412870
1784881012.049801111,10.520000158,5.661362381,-0.891982257,1.200000000,-0.580264201
1784881012.059801102,10.530000158,5.666832169,-0.893760627,1.200000000,-0.578060818
1784881012.069801092,10.540000158,5.672300871,-0.895522312,1.200000000,-0.575802286
1784881012.079801083,10.550000158,5.677768523,-0.897267238,1.200000000,-0.573488233
1784881012.089801073,10.560000158,5.683235168,-0.898995331,1.200000000,-0.571118887
1784881012.099801064,10.570000158,5.688700845,-0.900706516,1.200000000,-0.568694816
1784881012.109801054,10.580000158,5.694165597,-0.902400721,1.200000000,-0.566216594
1784881012.119801044,10.590000158,5.699629467,-0.904077871,1.200000000,-0.563684790
1784881012.129801035,10.600000158,5.705092500,-0.905737891,1.200000000,-0.561099979
1784881012.139801025,10.610000158,5.710554742,-0.907380709,1.200000000,-0.558462732
1784881012.149801016,10.620000158,5.716016239,-0.909006251,1.200000000,-0.555773621
1784881012.159801006,10.630000158,5.721477041,-0.910614443,1.200000000,-0.553033218
1784881012.169800997,10.640000158,5.726937195,-0.912205211,1.200000000,-0.550242096
1784881012.179800987,10.650000158,5.732396754,-0.913778482,1.200000000,-0.547400826
1784881012.189800978,10.660000158,5.737855767,-0.915334183,1.200000000,-0.544509981
1784881012.199800968,10.670000158,5.743314288,-0.916872240,1.200000000,-0.541570133
1784881012.209800959,10.680000158,5.748772371,-0.918392581,1.200000000,-0.538581855
1784881012.219800949,10.690000158,5.754230071,-0.919895132,1.200000000,-0.535545717
1784881012.229800940,10.700000158,5.759687442,-0.921379822,1.200000000,-0.532462292
1784881012.239801168,10.710000158,5.765144543,-0.922846576,1.200000000,-0.529332154
1784881012.249801159,10.720000158,5.770601431,-0.924295324,1.200000000,-0.526155872
1784881012.259801149,10.730000158,5.776058164,-0.925725992,1.200000000,-0.522934021
1784881012.269801140,10.740000158,5.781514804,-0.927138510,1.200000000,-0.519667171
1784881012.279801130,10.750000158,5.786971410,-0.928532804,1.200000000,-0.516355896
1784881012.289801121,10.760000158,5.792428045,-0.929908805,1.200000000,-0.513000767
1784881012.299801111,10.770000158,5.797884771,-0.931266440,1.200000000,-0.509602356
1784881012.309801102,10.780000158,5.803341651,-0.932605638,1.200000000,-0.506161235
1784881012.319801092,10.790000158,5.808798751,-0.933926330,1.200000000,-0.502677978
1784881012.329801083,10.800000158,5.814256136,-0.935228444,1.200000000,-0.499153155
1784881012.339801073,10.810000158,5.819713871,-0.936511911,1.200000000,-0.495587339
1784881012.349801064,10.820000158,5.825172023,-0.937776661,1.200000000,-0.491981102
1784881012.359801054,10.830000158,5.830630661,-0.939022624,1.200000000,-0.488335017
1784881012.369801044,10.840000158,5.836089853,-0.940249732,1.200000000,-0.484649654
1784881012.379801035,10.850000158,5.841549667,-0.941457915,1.200000000,-0.480925588
1784881012.389801025,10.860000158,5.847010175,-0.942647107,1.200000000,-0.477163389
1784881012.399801016,10.870000158,5.852471446,-0.943817238,1.200000000,-0.473363630
1784881012.409801006,10.880000158,5.857933552,-0.944968241,1.200000000,-0.469526882
1784881012.419800997,10.890000158,5.863396565,-0.946100050,1.200000000,-0.465653719
1784881012.429800987,10.900000158,5.868860556,-0.947212598,1.200000000,-0.461744713
1784881012.439800978,10.910000158,5.874325600,-0.948305819,1.200000000,-0.457800434
1784881012.449800968,10.920000158,5.879791769,-0.949379647,1.200000000,-0.453821457
1784881012.459800959,10.930000158,5.885259138,-0.950434017,1.200000000,-0.449808351
1784881012.469800949,10.940000158,5.890727781,-0.951468864,1.200000000,-0.445761691
1784881012.479800940,10.950000158,5.896197774,-0.952484125,1.200000000,-0.441682048
1784881012.489801168,10.960000158,5.901669191,-0.953479736,1.200000000,-0.437569994
1784881012.499801159,10.970000158,5.907142109,-0.954455634,1.200000000,-0.433426101
1784881012.509801149,10.980000158,5.912616604,-0.955411757,1.200000000,-0.429250942
1784881012.519801140,10.990000158,5.918092752,-0.956348043,1.200000000,-0.425045088
1784881012.529801130,11.000000158,5.923570631,-0.957264431,1.200000000,-0.420809112
1784881012.539801121,11.010000158,5.929050317,-0.958160860,1.200000000,-0.416543586
1784881012.549801111,11.020000158,5.934531887,-0.959037271,1.200000000,-0.412249082
1784881012.559801102,11.030000158,5.940015421,-0.959893604,1.200000000,-0.407926172
1784881012.569801092,11.040000158,5.945500994,-0.960729801,1.200000000,-0.403575428
1784881012.579801083,11.050000158,5.950988686,-0.961545803,1.200000000,-0.399197423
1784881012.589801073,11.060000158,5.956478573,-0.962341555,1.200000000,-0.394792728
1784881012.599801064,11.070000158,5.961970736,-0.963117000,1.200000000,-0.390361916
1784881012.609801054,11.080000158,5.967465250,-0.963872082,1.200000000,-0.385905559
1784881012.619801044,11.090000158,5.972962196,-0.964606746,1.200000000,-0.381424230
1784881012.629801035,11.100000158,5.978461651,-0.965320938,1.200000000,-0.376918499
1784881012.639801025,11.110000158,5.983963693,-0.966014605,1.200000000,-0.372388939
1784881012.649801016,11.120000158,5.989468400,-0.966687695,1.200000000,-0.367836124
1784881012.659801006,11.130000158,5.994975851,-0.967340156,1.200000000,-0.363260623
1784881012.669800997,11.140000158,6.000486122,-0.967971938,1.200000000,-0.358663011
1784881012.679800987,11.150000158,6.005999293,-0.968582990,1.200000000,-0.354043858
1784881012.689800978,11.160000158,6.011515441,-0.969173263,1.200000000,-0.349403738
1784881012.699800968,11.170000158,6.017034642,-0.969742711,1.200000000,-0.344743221
1784881012.709800959,11.180000158,6.022556973,-0.970291285,1.200000000,-0.340062881
1784881012.719800949,11.190000158,6.028082512,-0.970818939,1.200000000,-0.335363290
1784881012.729800940,11.200000158,6.033611335,-0.971325629,1.200000000,-0.330645019
1784881012.739801168,11.210000158,6.039143518,-0.971811310,1.200000000,-0.325908641
1784881012.749801159,11.220000158,6.044679136,-0.972275938,1.200000000,-0.321154728
1784881012.759801149,11.230000158,6.050218264,-0.972719472,1.200000000,-0.316383852
1784881012.769801140,11.240000158,6.055760977,-0.973141871,1.200000000,-0.311596586
1784881012.779801130,11.250000158,6.061307350,-0.973543095,1.200000000,-0.306793500
1784881012.789801121,11.260000158,6.066857456,-0.973923103,1.200000000,-0.301975169
1784881012.799801111,11.270000158,6.072411368,-0.974281859,1.200000000,-0.297142162
1784881012.809801102,11.280000158,6.077969158,-0.974619326,1.200000000,-0.292295054
1784881012.819801092,11.290000158,6.083530898,-0.974935468,1.200000000,-0.287434416
1784881012.829801083,11.300000158,6.089096660,-0.975230249,1.200000000,-0.282560820
1784881012.839801073,11.310000158,6.094666514,-0.975503638,1.200000000,-0.277674838
1784881012.849801064,11.320000158,6.100240530,-0.975755601,1.200000000,-0.272777042
1784881012.859801054,11.330000158,6.105818776,-0.975986107,1.200000000,-0.267868005
1784881012.869801044,11.340000158,6.111401322,-0.976195127,1.200000000,-0.262948299
1784881012.879801035,11.350000158,6.116988233,-0.976382631,1.200000000,-0.258018495
1784881012.889801025,11.360000158,6.122579577,-0.976548593,1.200000000,-0.253079167
1784881012.899801016,11.370000158,6.128175420,-0.976692985,1.200000000,-0.248130885
1784881012.909801006,11.380000158,6.133775825,-0.976815784,1.200000000,-0.243174223
1784881012.919800997,11.390000158,6.139380858,-0.976916965,1.200000000,-0.238209753
1784881012.929800987,11.400000158,6.144990579,-0.976996506,1.200000000,-0.233238046
1784881012.939800978,11.410000158,6.150605052,-0.977054386,1.200000000,-0.228259674
1784881012.949800968,11.420000158,6.156224336,-0.977090584,1.200000000,-0.223275211
1784881012.959800959,11.430000158,6.161848492,-0.977105084,1.200000000,-0.218285227
1784881012.969800949,11.440000158,6.167477578,-0.977097866,1.200000000,-0.213290296
1784881012.979800940,11.450000158,6.173111651,-0.977068917,1.200000000,-0.208290989
1784881012.989801168,11.460000158,6.178750767,-0.977018220,1.200000000,-0.203287879
1784881012.999801159,11.470000158,6.184394982,-0.976945764,1.200000000,-0.198281537
1784881013.009801149,11.480000158,6.190044349,-0.976851537,1.200000000,-0.193272535
1784881013.019801140,11.490000158,6.195698920,-0.976735529,1.200000000,-0.188261447
1784881013.029801130,11.500000158,6.201358747,-0.976597730,1.200000000,-0.183248844
1784881013.039801121,11.510000158,6.207023880,-0.976438134,1.200000000,-0.178235298
1784881013.049801111,11.520000158,6.212694367,-0.976256735,1.200000000,-0.173221381
1784881013.059801102,11.530000158,6.218370255,-0.976053528,1.200000000,-0.168207666
1784881013.069801092,11.540000158,6.224051591,-0.975828511,1.200000000,-0.163194724
1784881013.079801083,11.550000158,6.229738418,-0.975581683,1.200000000,-0.158183128
1784881013.089801073,11.560000158,6.235430780,-0.975313042,1.200000000,-0.153173450
1784881013.099801064,11.570000158,6.241128718,-0.975022592,1.200000000,-0.148166262
1784881013.109801054,11.580000158,6.246832271,-0.974710335,1.200000000,-0.143162136
1784881013.119801044,11.590000158,6.252541479,-0.974376275,1.200000000,-0.138161645
1784881013.129801035,11.600000158,6.258256378,-0.974020420,1.200000000,-0.133165360
1784881013.139801025,11.610000158,6.263977003,-0.973642777,1.200000000,-0.128173854
1784881013.149801016,11.620000158,6.269703389,-0.973243355,1.200000000,-0.123187698
1784881013.159801006,11.630000158,6.275435567,-0.972822166,1.200000000,-0.118207466
1784881013.169800997,11.640000158,6.281173568,-0.972379222,1.200000000,-0.113233728
1784881013.179800987,11.650000158,6.286917420,-0.971914536,1.200000000,-0.108267058
1784881013.189800978,11.660000158,6.292667151,-0.971428126,1.200000000,-0.103308027
1784881013.199800968,11.670000158,6.298422786,-0.970920007,1.200000000,-0.098357208
1784881013.209800959,11.680000158,6.304184348,-0.970390200,1.200000000,-0.093415172
1784881013.219800949,11.690000158,6.309951861,-0.969838725,1.200000000,-0.088482492
1784881013.229800940,11.700000158,6.315725343,-0.969265604,1.200000000,-0.083559741
1784881013.239801168,11.710000158,6.321504813,-0.968670862,1.200000000,-0.078647489
1784881013.249801159,11.720000158,6.327290288,-0.968054523,1.200000000,-0.073746309
1784881013.259801149,11.730000158,6.333081783,-0.967416614,1.200000000,-0.068856774
1784881013.269801140,11.740000158,6.338879310,-0.966757166,1.200000000,-0.063979455
1784881013.279801130,11.750000158,6.344682881,-0.966076208,1.200000000,-0.059114925
1784881013.289801121,11.760000158,6.350492504,-0.965373773,1.200000000,-0.054263756
1784881013.299801111,11.770000158,6.356308187,-0.964649894,1.200000000,-0.049426520
1784881013.309801102,11.780000158,6.362129936,-0.963904607,1.200000000,-0.044603789
1784881013.319801092,11.790000158,6.367957754,-0.963137950,1.200000000,-0.039796136
1784881013.329801083,11.800000158,6.373791643,-0.962349962,1.200000000,-0.035004131
1784881013.339801073,11.810000158,6.379631601,-0.961540683,1.200000000,-0.030228349
1784881013.349801064,11.820000158,6.385477628,-0.960710155,1.200000000,-0.025469359
1784881013.359801054,11.830000158,6.391329718,-0.959858423,1.200000000,-0.020727736
1784881013.369801044,11.840000158,6.397187866,-0.958985532,1.200000000,-0.016004051
1784881013.379801035,11.850000158,6.403052063,-0.958091531,1.200000000,-0.011298876
1784881013.389801025,11.860000158,6.408922299,-0.957176468,1.200000000,-0.006612783
1784881013.399801016,11.870000158,6.414798563,-0.956240394,1.200000000,-0.001946345
1784881013.409801006,11.880000158,6.420680838,-0.955283361,1.200000000,0.002699867
1784881013.419800997,11.890000158,6.426569111,-0.954305425,1.200000000,0.007325280
1784881013.429800987,11.900000158,6.432463362,-0.953306641,1.200000000,0.011929324
1784881013.439800978,11.910000158,6.438363571,-0.952287067,1.200000000,0.016511626
1784881013.449800968,11.920000158,6.444269716,-0.951246763,1.200000000,0.021072147
1784881013.459800959,11.930000158,6.450181772,-0.950185789,1.200000000,0.025610881
1784881013.469800949,11.940000158,6.456099714,-0.949104208,1.200000000,0.030127820
1784881013.479800940,11.950000158,6.462023513,-0.948002086,1.200000000,0.034622960
1784881013.489801168,11.960000158,6.467953139,-0.946879487,1.200000000,0.039096293
1784881013.499801159,11.970000158,6.473888560,-0.945736481,1.200000000,0.043547813
1784881013.509801149,11.980000158,6.479829740,-0.944573136,1.200000000,0.047977515
1784881013.519801140,11.990000158,6.485776644,-0.943389525,1.200000000,0.052385392
1784881013.529801130,12.000000158,6.491729233,-0.942185720,1.200000000,0.056771437
1784881013.539801121,12.010000158,6.497687467,-0.940961795,1.200000000,0.061135645
1784881013.549801111,12.020000158,6.503651303,-0.939717828,1.200000000,0.065478010
1784881013.559801102,12.030000158,6.509620697,-0.938453895,1.200000000,0.069798524
1784881013.569801092,12.040000158,6.515595603,-0.937170077,1.200000000,0.074097182
1784881013.579801083,12.050000158,6.521575971,-0.935866455,1.200000000,0.078373978
1784881013.589801073,12.060000158,6.527561752,-0.934543111,1.200000000,0.082628904
1784881013.599801064,12.070000158,6.533552893,-0.933200131,1.200000000,0.086861956
1784881013.609801054,12.080000158,6.539549339,-0.931837600,1.200000000,0.091073127
1784881013.619801044,12.090000158,6.545551035,-0.930455607,1.200000000,0.095262410
1784881013.629801035,12.100000158,6.551557922,-0.929054240,1.200000000,0.099429800
1784881013.639801025,12.110000158,6.557569939,-0.927633590,1.200000000,0.103575290
1784881013.649801016,12.120000158,6.563587025,-0.926193750,1.200000000,0.107698873
1784881013.659801006,12.130000158,6.569609116,-0.924734814,1.200000000,0.111800544
1784881013.669800997,12.140000158,6.575636145,-0.923256878,1.200000000,0.115880297
1784881013.679800987,12.150000158,6.581668044,-0.921760038,1.200000000,0.119938124
1784881013.689800978,12.160000158,6.587704744,-0.920244394,1.200000000,0.123974021
1784881013.699800968,12.170000158,6.593746174,-0.918710046,1.200000000,0.127987980
1784881013.709800959,12.180000158,6.599792258,-0.917157095,1.200000000,0.131979996
1784881013.719800949,12.190000158,6.605842924,-0.915585644,1.200000000,0.135950061
1784881013.729800940,12.200000158,6.611898092,-0.913995799,1.200000000,0.139898171
1784881013.739801168,12.210000158,6.617957684,-0.912387666,1.200000000,0.143824318
1784881013.749801159,12.220000158,6.624021620,-0.910761352,1.200000000,0.147728497
1784881013.759801149,12.230000158,6.630089817,-0.909116966,1.200000000,0.151610701
1784881013.769801140,12.240000158,6.636162191,-0.907454619,1.200000000,0.155470924
1784881013.779801130,12.250000158,6.642238656,-0.905774423,1.200000000,0.159309159
1784881013.789801121,12.260000158,6.648319123,-0.904076491,1.200000000,0.163125401
1784881013.799801111,12.270000158,6.654403504,-0.902360938,1.200000000,0.166919643
1784881013.809801102,12.280000158,6.660491708,-0.900627880,1.200000000,0.170691880
1784881013.819801092,12.290000158,6.666583642,-0.898877434,1.200000000,0.174442104
1784881013.829801083,12.300000158,6.672679212,-0.897109719,1.200000000,0.178170309
1784881013.839801073,12.310000158,6.678778322,-0.895324855,1.200000000,0.181876490
1784881013.849801064,12.320000158,6.684880873,-0.893522964,1.200000000,0.185560640
1784881013.859801054,12.330000158,6.690986769,-0.891704169,1.200000000,0.189222752
1784881013.869801044,12.340000158,6.697095906,-0.889868592,1.200000000,0.192862822
1784881013.879801035,12.350000158,6.703208185,-0.888016360,1.200000000,0.196480841
1784881013.889801025,12.360000158,6.709323500,-0.886147599,1.200000000,0.200076805
1784881013.899801016,12.370000158,6.715441747,-0.884262436,1.200000000,0.203650706
1784881013.909801006,12.380000158,6.721562820,-0.882361000,1.200000000,0.207202539
1784881013.919800997,12.390000158,6.727686610,-0.880443422,1.200000000,0.210732297
1784881013.929800987,12.400000158,6.733813009,-0.878509833,1.200000000,0.214239974
1784881013.939800978,12.410000158,6.739941905,-0.876560364,1.200000000,0.217725565
1784881013.949800968,12.420000158,6.746073187,-0.874595149,1.200000000,0.221189061
1784881013.959800959,12.430000158,6.752206742,-0.872614324,1.200000000,0.224630459
1784881013.969800949,12.440000158,6.758342454,-0.870618023,1.200000000,0.228049750
1784881013.979800940,12.450000158,6.764480208,-0.868606383,1.200000000,0.231446929
1784881013.989801168,12.460000158,6.770619887,-0.866579542,1.200000000,0.234821990
1784881013.999801159,12.470000158,6.776761373,-0.864537639,1.200000000,0.238174926
1784881014.009801149,12.480000158,6.782904546,-0.862480814,1.200000000,0.241505732
1784881014.019801140,12.490000158,6.789049286,-0.860409206,1.200000000,0.244814400
1784881014.029801130,12.500000158,6.795195472,-0.858322959,1.200000000,0.248100925
1784881014.039801121,12.510000158,6.801342979,-0.856222214,1.200000000,0.251365301
1784881014.049801111,12.520000158,6.807491686,-0.854107116,1.200000000,0.254607521
1784881014.059801102,12.530000158,6.813641466,-0.851977808,1.200000000,0.257827578
1784881014.069801092,12.540000158,6.819792194,-0.849834436,1.200000000,0.261025468
1784881014.079801083,12.550000158,6.825943744,-0.847677147,1.200000000,0.264201183
1784881014.089801073,12.560000158,6.832095987,-0.845506086,1.200000000,0.267354717
1784881014.099801064,12.570000158,6.838248795,-0.843321403,1.200000000,0.270486064
1784881014.109801054,12.580000158,6.844402039,-0.841123246,1.200000000,0.273595218
1784881014.119801044,12.590000158,6.850555588,-0.838911764,1.200000000,0.276682173
1784881014.129801035,12.600000158,6.856709311,-0.836687108,1.200000000,0.279746921
1784881014.139801025,12.610000158,6.862863077,-0.834449427,1.200000000,0.282789458
1784881014.149801016,12.620000158,6.869016753,-0.832198875,1.200000000,0.285809777
1784881014.159801006,12.630000158,6.875170205,-0.829935603,1.200000000,0.288807871
1784881014.169800997,12.640000158,6.881323299,-0.827659763,1.200000000,0.291783735
1784881014.179800987,12.650000158,6.887475902,-0.825371511,1.200000000,0.294737361
1784881014.189800978,12.660000158,6.893627877,-0.823070999,1.200000000,0.297668744
1784881014.199800968,12.670000158,6.899779088,-0.820758383,1.200000000,0.300577878
1784881014.209800959,12.680000158,6.905929401,-0.818433818,1.200000000,0.303464757
1784881014.219800949,12.690000158,6.912078677,-0.816097460,1.200000000,0.306329373
1784881014.229800940,12.700000158,6.918226779,-0.813749465,1.200000000,0.309171722
1784881014.239801168,12.710000158,6.924373569,-0.811389990,1.200000000,0.311991796
1784881014.249801159,12.720000158,6.930518910,-0.809019192,1.200000000,0.314789589
1784881014.259801149,12.730000158,6.936662662,-0.806637230,1.200000000,0.317565096
1784881014.269801140,12.740000158,6.942804687,-0.804244262,1.200000000,0.320318309
1784881014.279801130,12.750000158,6.948944845,-0.801840445,1.200000000,0.323049223
1784881014.289801121,12.760000158,6.955082997,-0.799425940,1.200000000,0.325757832
1784881014.299801111,12.770000158,6.961219003,-0.797000905,1.200000000,0.328444128
1784881014.309801102,12.780000158,6.967352724,-0.794565501,1.200000000,0.331108107
1784881014.319801092,12.790000158,6.973484018,-0.792119887,1.200000000,0.333749761
1784881014.329801083,12.800000158,6.979612745,-0.789664223,1.200000000,0.336369085
1784881014.339801073,12.810000158,6.985738766,-0.787198671,1.200000000,0.338966072
1784881014.349801064,12.820000158,6.991861939,-0.784723391,1.200000000,0.341540716
1784881014.359801054,12.830000158,6.997982123,-0.782238543,1.200000000,0.344093011
1784881014.369801044,12.840000158,7.004099180,-0.779744290,1.200000000,0.346622951
1784881014.379801035,12.850000158,7.010212967,-0.777240793,1.200000000,0.349130528
1784881014.389801025,12.860000158,7.016323344,-0.774728213,1.200000000,0.351615738
1784881014.399801016,12.870000158,7.022430171,-0.772206711,1.200000000,0.354078573
1784881014.409801006,12.880000158,7.028533307,-0.769676450,1.200000000,0.356519028
1784881014.419800997,12.890000158,7.034632613,-0.767137591,1.200000000,0.358937096
1784881014.429800987,12.900000158,7.040727948,-0.764590297,1.200000000,0.361332772
1784881014.439800978,12.910000158,7.046819172,-0.762034729,1.200000000,0.363706048
1784881014.449800968,12.920000158,7.052906147,-0.759471048,1.200000000,0.366056918
1784881014.459800959,12.930000158,7.058988732,-0.756899418,1.200000000,0.368385377
1784881014.469800949,12.940000158,7.065066789,-0.754319999,1.200000000,0.370691418
1784881014.479800940,12.950000158,7.071140179,-0.751732954,1.200000000,0.372975035
1784881014.489801168,12.960000158,7.077208764,-0.749138444,1.200000000,0.375236222
1784881014.499801159,12.970000158,7.083272407,-0.746536631,1.200000000,0.377474972
1784881014.509801149,12.980000158,7.089330969,-0.743927675,1.200000000,0.379691279
1784881014.519801140,12.990000158,7.095384314,-0.741311740,1.200000000,0.381885137
1784881014.529801130,13.000000158,7.101432306,-0.738688984,1.200000000,0.384056539
1784881014.539801121,13.010000158,7.107474809,-0.736059570,1.200000000,0.386205481
1784881014.549801111,13.020000158,7.113511687,-0.733423658,1.200000000,0.388331954
1784881014.559801102,13.030000158,7.119542806,-0.730781409,1.200000000,0.390435953
1784881014.569801092,13.040000158,7.125568032,-0.728132982,1.200000000,0.392517472
1784881014.579801083,13.050000158,7.131587231,-0.725478538,1.200000000,0.394576504
1784881014.589801073,13.060000158,7.137600271,-0.722818235,1.200000000,0.396613043
1784881014.599801064,13.070000158,7.143607020,-0.720152234,1.200000000,0.398627084
1784881014.609801054,13.080000158,7.149607346,-0.717480693,1.200000000,0.400618619
1784881014.619801044,13.090000158,7.155601120,-0.714803770,1.200000000,0.402587642
1784881014.629801035,13.100000158,7.161588210,-0.712121623,1.200000000,0.404534148
1784881014.639801025,13.110000158,7.167568490,-0.709434411,1.200000000,0.406458130
1784881014.649801016,13.120000158,7.173541830,-0.706742290,1.200000000,0.408359582
1784881014.659801006,13.130000158,7.179508103,-0.704045417,1.200000000,0.410238497
1784881014.669800997,13.140000158,7.185467184,-0.701343948,1.200000000,0.412094869
1784881014.679800987,13.150000158,7.191418948,-0.698638038,1.200000000,0.413928693
1784881014.689800978,13.160000158,7.197363269,-0.695927844,1.200000000,0.415739961
1784881014.699800968,13.170000158,7.203300025,-0.693213520,1.200000000,0.417528668
1784881014.709800959,13.180000158,7.209229094,-0.690495219,1.200000000,0.419294807
1784881014.719800949,13.190000158,7.215150354,-0.687773095,1.200000000,0.421038372
1784881014.729800940,13.200000158,7.221063686,-0.685047301,1.200000000,0.422759357
1784881014.739801168,13.210000158,7.226968971,-0.682317989,1.200000000,0.424457756
1784881014.749801159,13.220000158,7.232866090,-0.679585311,1.200000000,0.426133562
1784881014.759801149,13.230000158,7.238754927,-0.676849418,1.200000000,0.427786769
1784881014.769801140,13.240000158,7.244635366,-0.674110459,1.200000000,0.429417371
1784881014.779801130,13.250000158,7.250507294,-0.671368585,1.200000000,0.431025361
1784881014.789801121,13.260000158,7.256370597,-0.668623944,1.200000000,0.432610734
1784881014.799801111,13.270000158,7.262225163,-0.665876684,1.200000000,0.434173484
1784881014.809801102,13.280000158,7.268070882,-0.663126952,1.200000000,0.435713603
1784881014.819801092,13.290000158,7.273907644,-0.660374895,1.200000000,0.437231085
1784881014.829801083,13.300000158,7.279735342,-0.657620659,1.200000000,0.438725925
1784881014.839801073,13.310000158,7.285553869,-0.654864388,1.200000000,0.440198117
1784881014.849801064,13.320000158,7.291363119,-0.652106226,1.200000000,0.441647653
1784881014.859801054,13.330000158,7.297162989,-0.649346316,1.200000000,0.443074528
1784881014.869801044,13.340000158,7.302953376,-0.646584802,1.200000000,0.444478735
1784881014.879801035,13.350000158,7.308734179,-0.643821823,1.200000000,0.445860269
1784881014.889801025,13.360000158,7.314505299,-0.641057522,1.200000000,0.447219123
1784881014.899801016,13.370000158,7.320266637,-0.638292036,1.200000000,0.448555290
1784881014.909801006,13.380000158,7.326018096,-0.635525506,1.200000000,0.449868765
1784881014.919800997,13.390000158,7.331759581,-0.632758068,1.200000000,0.451159541
1784881014.929800987,13.400000158,7.337490998,-0.629989859,1.200000000,0.452427612
1784881014.939800978,13.410000158,7.343212255,-0.627221016,1.200000000,0.453672972
1784881014.949800968,13.420000158,7.348923262,-0.624451672,1.200000000,0.454895614
1784881014.959800959,13.430000158,7.354623928,-0.621681963,1.200000000,0.456095533
1784881014.969800949,13.440000158,7.360314167,-0.618912019,1.200000000,0.457272722
1784881014.979800940,13.450000158,7.365993892,-0.616141974,1.200000000,0.458427174
1784881014.989801168,13.460000158,7.371663018,-0.613371957,1.200000000,0.459558885
1784881014.999801159,13.470000158,7.377321463,-0.610602099,1.200000000,0.460667846
1784881015.009801149,13.480000158,7.382969146,-0.607832528,1.200000000,0.461754053
1784881015.019801140,13.490000158,7.388605986,-0.605063371,1.200000000,0.462817498
1784881015.029801130,13.500000158,7.394231905,-0.602294755,1.200000000,0.463858176
1784881015.039801121,13.510000158,7.399846827,-0.599526805,1.200000000,0.464876081
1784881015.049801111,13.520000158,7.405450678,-0.596759645,1.200000000,0.465871205
1784881015.059801102,13.530000158,7.411043383,-0.593993398,1.200000000,0.466843543
1784881015.069801092,13.540000158,7.416624871,-0.591228186,1.200000000,0.467793090
1784881015.079801083,13.550000158,7.422195073,-0.588464129,1.200000000,0.468719837
1784881015.089801073,13.560000158,7.427753920,-0.585701348,1.200000000,0.469623780
1784881015.099801064,13.570000158,7.433301346,-0.582939960,1.200000000,0.470504911
1784881015.109801054,13.580000158,7.438837285,-0.580180082,1.200000000,0.471363225
1784881015.119801044,13.590000158,7.444361674,-0.577421832,1.200000000,0.472198716
1784881015.129801035,13.600000158,7.449874453,-0.574665323,1.200000000,0.473011377
1784881015.139801025,13.610000158,7.455375560,-0.571910669,1.200000000,0.473801202
1784881015.149801016,13.620000158,7.460864938,-0.569157983,1.200000000,0.474568184
1784881015.159801006,13.630000158,7.466342530,-0.566407375,1.200000000,0.475312318
1784881015.169800997,13.640000158,7.471808281,-0.563658956,1.200000000,0.476033598
1784881015.179800987,13.650000158,7.477262139,-0.560912835,1.200000000,0.476732016
1784881015.189800978,13.660000158,7.482704051,-0.558169118,1.200000000,0.477407567
1784881015.199800968,13.670000158,7.488133968,-0.555427913,1.200000000,0.478060245
1784881015.209800959,13.680000158,7.493551842,-0.552689323,1.200000000,0.478690042
1784881015.219800949,13.690000158,7.498957625,-0.549953454,1.200000000,0.479296954
1784881015.229800940,13.700000158,7.504351274,-0.547220407,1.200000000,0.479880974
1784881015.239801168,13.710000158,7.509732745,-0.544490284,1.200000000,0.480442095
1784881015.249801159,13.720000158,7.515101997,-0.541763185,1.200000000,0.480980312
1784881015.259801149,13.730000158,7.520458989,-0.539039208,1.200000000,0.481495617
1784881015.269801140,13.740000158,7.525803683,-0.536318452,1.200000000,0.481988005
1784881015.279801130,13.750000158,7.531136042,-0.533601012,1.200000000,0.482457470
1784881015.289801121,13.760000158,7.536456033,-0.530886982,1.200000000,0.482904006
1784881015.299801111,13.770000158,7.541763619,-0.528176458,1.200000000,0.483327605
1784881015.309801102,13.780000158,7.547058771,-0.525469531,1.200000000,0.483728263
1784881015.319801092,13.790000158,7.552341458,-0.522766293,1.200000000,0.484105971
1784881015.329801083,13.800000158,7.557611650,-0.520066833,1.200000000,0.484460726
1784881015.339801073,13.810000158,7.562869320,-0.517371241,1.200000000,0.484792519
1784881015.349801064,13.820000158,7.568114444,-0.514679603,1.200000000,0.485101346
1784881015.359801054,13.830000158,7.573346995,-0.511992005,1.200000000,0.485387199
1784881015.369801044,13.840000158,7.578566952,-0.509308534,1.200000000,0.485650072
1784881015.379801035,13.850000158,7.583774293,-0.506629271,1.200000000,0.485889960
1784881015.389801025,13.860000158,7.588968998,-0.503954300,1.200000000,0.486106855
1784881015.399801016,13.870000158,7.594151049,-0.501283702,1.200000000,0.486300752
1784881015.409801006,13.880000158,7.599320429,-0.498617557,1.200000000,0.486471645
1784881015.419800997,13.890000158,7.604477121,-0.495955943,1.200000000,0.486619527
1784881015.429800987,13.900000158,7.609621111,-0.493298938,1.200000000,0.486744392
1784881015.439800978,13.910000158,7.614752387,-0.490646618,1.200000000,0.486846234
1784881015.449800968,13.920000158,7.619870936,-0.487999059,1.200000000,0.486925046
1784881015.459800959,13.930000158,7.624976748,-0.485356333,1.200000000,0.486980822
1784881015.469800949,13.940000158,7.630069814,-0.482718515,1.200000000,0.487013556
1784881015.479800940,13.950000158,7.635150124,-0.480085675,1.200000000,0.487023243
1784881015.489801168,13.960000158,7.640217674,-0.477457883,1.200000000,0.487009874
1784881015.499801159,13.970000158,7.645272455,-0.474835210,1.200000000,0.486973445
1784881015.509801149,13.980000158,7.650314465,-0.472217722,1.200000000,0.486913949
1784881015.519801140,13.990000158,7.655343698,-0.469605487,1.200000000,0.486831380
1784881015.529801130,14.000000158,7.660360153,-0.466998571,1.200000000,0.486725732
1784881015.539801121,14.010000158,7.665363828,-0.464397038,1.200000000,0.486596997
1784881015.549801111,14.020000158,7.670354722,-0.461800951,1.200000000,0.486445171
1784881015.559801102,14.030000158,7.675332835,-0.459210374,1.200000000,0.486270247
1784881015.569801092,14.040000158,7.680298169,-0.456625368,1.200000000,0.486072218
1784881015.579801083,14.050000158,7.685250724,-0.454045993,1.200000000,0.485851079
1784881015.589801073,14.060000158,7.690190505,-0.451472308,1.200000000,0.485606822
1784881015.599801064,14.070000158,7.695117514,-0.448904372,1.200000000,0.485339443
1784881015.609801054,14.080000158,7.700031755,-0.446342242,1.200000000,0.485048934
1784881015.619801044,14.090000158,7.704933234,-0.443785974,1.200000000,0.484735290
1784881015.629801035,14.100000158,7.709821955,-0.441235624,1.200000000,0.484398504
1784881015.639801025,14.110000158,7.714697925,-0.438691247,1.200000000,0.484038570
1784881015.649801016,14.120000158,7.719561149,-0.436152895,1.200000000,0.483655481
1784881015.659801006,14.130000158,7.724411636,-0.433620621,1.200000000,0.483249232
1784881015.669800997,14.140000158,7.729249391,-0.431094478,1.200000000,0.482819816
1784881015.679800987,14.150000158,7.734074423,-0.428574515,1.200000000,0.482367227
1784881015.689800978,14.160000158,7.738886739,-0.426060783,1.200000000,0.481891459
1784881015.699800968,14.170000158,7.743686348,-0.423553332,1.200000000,0.481392505
1784881015.709800959,14.180000158,7.748473258,-0.421052209,1.200000000,0.480870359
1784881015.719800949,14.190000158,7.753247477,-0.418557462,1.200000000,0.480325016
1784881015.729800940,14.200000158,7.758009013,-0.416069138,1.200000000,0.479756468
1784881015.739801168,14.210000158,7.762757876,-0.413587284,1.200000000,0.479164709
1784881015.749801159,14.220000158,7.767494073,-0.411111945,1.200000000,0.478549734
1784881015.759801149,14.230000158,7.772217612,-0.408643166,1.200000000,0.477911536
1784881015.769801140,14.240000158,7.776928501,-0.406180991,1.200000000,0.477250109
1784881015.779801130,14.250000158,7.781626749,-0.403725463,1.200000000,0.476565446
1784881015.789801121,14.260000158,7.786312361,-0.401276627,1.200000000,0.475857542
1784881015.799801111,14.270000158,7.790985346,-0.398834524,1.200000000,0.475126390
1784881015.809801102,14.280000158,7.795645710,-0.396399197,1.200000000,0.474371983
1784881015.819801092,14.290000158,7.800293458,-0.393970687,1.200000000,0.473594316
1784881015.829801083,14.300000158,7.804928595,-0.391549035,1.200000000,0.472793383
1784881015.839801073,14.310000158,7.809551126,-0.389134282,1.200000000,0.471969176
1784881015.849801064,14.320000158,7.814161055,-0.386726469,1.200000000,0.471121691
1784881015.859801054,14.330000158,7.818758385,-0.384325635,1.200000000,0.470250920
1784881015.869801044,14.340000158,7.823343116,-0.381931820,1.200000000,0.469356857
1784881015.879801035,14.350000158,7.827915250,-0.379545065,1.200000000,0.468439497
1784881015.889801025,14.360000158,7.832474787,-0.377165407,1.200000000,0.467498832
1784881015.899801016,14.370000158,7.837021725,-0.374792887,1.200000000,0.466534857
1784881015.909801006,14.380000158,7.841556061,-0.372427543,1.200000000,0.465547566
1784881015.919800997,14.390000158,7.846077790,-0.370069414,1.200000000,0.464536951
1784881015.929800987,14.400000158,7.850586907,-0.367718538,1.200000000,0.463503008
1784881015.939800978,14.410000158,7.855083405,-0.365374956,1.200000000,0.462445729
1784881015.949800968,14.420000158,7.859567274,-0.363038705,1.200000000,0.461365109
1784881015.959800959,14.430000158,7.864038505,-0.360709824,1.200000000,0.460261141
1784881015.969800949,14.440000158,7.868497083,-0.358388353,1.200000000,0.459133819
1784881015.979800940,14.450000158,7.872942995,-0.356074330,1.200000000,0.457983136
1784881015.989801168,14.460000158,7.877376223,-0.353767795,1.200000000,0.456809088
1784881015.999801159,14.470000158,7.881796750,-0.351468788,1.200000000,0.455611666
1784881016.009801149,14.480000158,7.886204553,-0.349177348,1.200000000,0.454390865
1784881016.019801140,14.490000158,7.890599610,-0.346893515,1.200000000,0.453146680
1784881016.029801130,14.500000158,7.894981895,-0.344617332,1.200000000,0.451879102
1784881016.039801121,14.510000158,7.899351378,-0.342348837,1.200000000,0.450588127
1784881016.049801111,14.520000158,7.903708030,-0.340088074,1.200000000,0.449273748
1784881016.059801102,14.530000158,7.908051815,-0.337835085,1.200000000,0.447935959
1784881016.069801092,14.540000158,7.912382697,-0.335589911,1.200000000,0.446574753
1784881016.079801083,14.550000158,7.916700637,-0.333352598,1.200000000,0.445190125
1784881016.089801073,14.560000158,7.921005590,-0.331123188,1.200000000,0.443782068
1784881016.099801064,14.570000158,7.925297511,-0.328901727,1.200000000,0.442350576
1784881016.109801054,14.580000158,7.929576349,-0.326688260,1.200000000,0.440895642
1784881016.119801044,14.590000158,7.933842052,-0.324482835,1.200000000,0.439417260
1784881016.129801035,14.600000158,7.938094563,-0.322285499,1.200000000,0.437915425
1784881016.139801025,14.610000158,7.942333821,-0.320096301,1.200000000,0.436390130
1784881016.149801016,14.620000158,7.946559761,-0.317915289,1.200000000,0.434841368
1784881016.159801006,14.630000158,7.950772316,-0.315742516,1.200000000,0.433269133
1784881016.169800997,14.640000158,7.954971412,-0.313578033,1.200000000,0.431673420
1784881016.179800987,14.650000158,7.959156972,-0.311421894,1.200000000,0.430054222
1784881016.189800978,14.660000158,7.963328916,-0.309274153,1.200000000,0.428411532
1784881016.199800968,14.670000158,7.967487157,-0.307134866,1.200000000,0.426745345
1784881016.209800959,14.680000158,7.971631604,-0.305004091,1.200000000,0.425055654
1784881016.219800949,14.690000158,7.975762163,-0.302881887,1.200000000,0.423342453
1784881016.229800940,14.700000158,7.979878734,-0.300768314,1.200000000,0.421605735
1784881016.239801168,14.710000158,7.983981209,-0.298663434,1.200000000,0.419845496
1784881016.249801159,14.720000158,7.988069480,-0.296567312,1.200000000,0.418061727
1784881016.259801149,14.730000158,7.992143429,-0.294480014,1.200000000,0.416254423
1784881016.269801140,14.740000158,7.996202936,-0.292401606,1.200000000,0.414423578
1784881016.279801130,14.750000158,8.000247873,-0.290332159,1.200000000,0.412569186
1784881016.289801121,14.760000158,8.004278107,-0.288271745,1.200000000,0.410691240
1784881016.299801111,14.770000158,8.008293498,-0.286220436,1.200000000,0.408789733
1784881016.309801102,14.780000158,8.012293902,-0.284178310,1.200000000,0.406864661
1784881016.319801092,14.790000158,8.016279167,-0.282145444,1.200000000,0.404916016
1784881016.329801083,14.800000158,8.020249134,-0.280121918,1.200000000,0.402943793
1784881016.339801073,14.810000158,8.024203640,-0.278107817,1.200000000,0.400947984
1784881016.349801064,14.820000158,8.028142512,-0.276103224,1.200000000,0.398928585
1784881016.359801054,14.830000158,8.032065572,-0.274108229,1.200000000,0.396885588
1784881016.369801044,14.840000158,8.035972635,-0.272122921,1.200000000,0.394818987
1784881016.379801035,14.850000158,8.039863507,-0.270147395,1.200000000,0.392728776
1784881016.389801025,14.860000158,8.043737989,-0.268181746,1.200000000,0.390614949
1784881016.399801016,14.870000158,8.047595872,-0.266226074,1.200000000,0.388477500
1784881016.409801006,14.880000158,8.051436940,-0.264280480,1.200000000,0.386316422
1784881016.419800997,14.890000158,8.055260970,-0.262345071,1.200000000,0.384131710
1784881016.429800987,14.900000158,8.059067730,-0.260419954,1.200000000,0.381923356
1784881016.439800978,14.910000158,8.062856978,-0.258505241,1.200000000,0.379691355
1784881016.449800968,14.920000158,8.066628467,-0.256601048,1.200000000,0.377435700
1784881016.459800959,14.930000158,8.070381939,-0.254707493,1.200000000,0.375156386
1784881016.469800949,14.940000158,8.074117126,-0.252824697,1.200000000,0.372853405
1784881016.479800940,14.950000158,8.077833755,-0.250952787,1.200000000,0.370526752
1784881016.489801168,14.960000158,8.081531538,-0.249091892,1.200000000,0.368176421
1784881016.499801159,14.970000158,8.085210183,-0.247242146,1.200000000,0.365802404
1784881016.509801149,14.980000158,8.088869384,-0.245403685,1.200000000,0.363404697
1784881016.519801140,14.990000158,8.092508828,-0.243576651,1.200000000,0.360983292
1784881016.529801130,15.000000158,8.096128191,-0.241761189,1.200000000,0.358538064
1784881016.539801121,15.010000158,8.099727138,-0.239957450,1.200000000,0.356068552
1784881016.549801111,15.020000158,8.103305325,-0.238165586,1.200000000,0.353574238
1784881016.559801102,15.030000158,8.106862395,-0.236385756,1.200000000,0.351054603
1784881016.569801092,15.040000158,8.110397983,-0.234618124,1.200000000,0.348509129
1784881016.579801083,15.050000158,8.113911710,-0.232862857,1.200000000,0.345937299
1784881016.589801073,15.060000158,8.117403188,-0.231120127,1.200000000,0.343338593
1784881016.599801064,15.070000158,8.120872017,-0.229390111,1.200000000,0.340712494
1784881016.609801054,15.080000158,8.124317784,-0.227672992,1.200000000,0.338058482
1784881016.619801044,15.090000158,8.127740065,-0.225968957,1.200000000,0.335376041
1784881016.629801035,15.100000158,8.131138426,-0.224278198,1.200000000,0.332664651
1784881016.639801025,15.110000158,8.134512418,-0.222600912,1.200000000,0.329923794
1784881016.649801016,15.120000158,8.137861582,-0.220937301,1.200000000,0.327152953
1784881016.659801006,15.130000158,8.141185445,-0.219287573,1.200000000,0.324351608
1784881016.669800997,15.140000158,8.144483524,-0.217651942,1.200000000,0.321519241
1784881016.679800987,15.150000158,8.147755321,-0.216030626,1.200000000,0.318655335
1784881016.689800978,15.160000158,8.151000327,-0.214423847,1.200000000,0.315759370
1784881016.699800968,15.170000158,8.154218023,-0.212831835,1.200000000,0.312830829
1784881016.709800959,15.180000158,8.157407874,-0.211254825,1.200000000,0.309869193
1784881016.719800949,15.190000158,8.160569336,-0.209693054,1.200000000,0.306873945
1784881016.729800940,15.200000158,8.163701851,-0.208146767,1.200000000,0.303844565
1784881016.739801168,15.210000158,8.166804850,-0.206616215,1.200000000,0.300780535
1784881016.749801159,15.220000158,8.169877754,-0.205101651,1.200000000,0.297681338
1784881016.759801149,15.230000158,8.172919970,-0.203603334,1.200000000,0.294546454
1784881016.769801140,15.240000158,8.175930898,-0.202121528,1.200000000,0.291375366
1784881016.779801130,15.250000158,8.178909923,-0.200656502,1.200000000,0.288167556
1784881016.789801121,15.260000158,8.181856424,-0.199208528,1.200000000,0.284922504
1784881016.799801111,15.270000158,8.184769768,-0.197777884,1.200000000,0.281639693
1784881016.809801102,15.280000158,8.187649315,-0.196364849,1.200000000,0.278318604
1784881016.819801092,15.290000158,8.190494414,-0.194969708,1.200000000,0.274958720
1784881016.829801083,15.300000158,8.193304409,-0.193592748,1.200000000,0.271559522
1784881016.839801073,15.310000158,8.196078636,-0.192234259,1.200000000,0.268120491
1784881016.849801064,15.320000158,8.198816424,-0.190894535,1.200000000,0.264641109
1784881016.859801054,15.330000158,8.201517099,-0.189573871,1.200000000,0.261120858
1784881016.869801044,15.340000158,8.204179979,-0.188272563,1.200000000,0.257559221
1784881016.879801035,15.350000158,8.206804382,-0.186990909,1.200000000,0.253955677
1784881016.889801025,15.360000158,8.209389624,-0.185729209,1.200000000,0.250309710
1784881016.899801016,15.370000158,8.211935016,-0.184487760,1.200000000,0.246620801
1784881016.909801006,15.380000158,8.214439874,-0.183266862,1.200000000,0.242888431
1784881016.919800997,15.390000158,8.216903513,-0.182066813,1.200000000,0.239112082
1784881016.929800987,15.400000158,8.219325250,-0.180887907,1.200000000,0.235291237
1784881016.939800978,15.410000158,8.221704410,-0.179730440,1.200000000,0.231425376
1784881016.949800968,15.420000158,8.224040320,-0.178594702,1.200000000,0.227513982
1784881016.959800959,15.430000158,8.226332318,-0.177480978,1.200000000,0.223556536
1784881016.969800949,15.440000158,8.228579749,-0.176389553,1.200000000,0.219552520
1784881016.979800940,15.450000158,8.230781971,-0.175320701,1.200000000,0.215501415
1784881016.989801168,15.460000158,8.232938356,-0.174274693,1.200000000,0.211402704
1784881016.999801159,15.470000158,8.235048289,-0.173251791,1.200000000,0.207255868
1784881017.009801149,15.480000158,8.237111174,-0.172252251,1.200000000,0.203060389
1784881017.019801140,15.490000158,8.239126436,-0.171276315,1.200000000,0.198815748
1784881017.029801130,15.500000158,8.241093522,-0.170324219,1.200000000,0.194521427
1784881017.039801121,15.510000158,8.243011901,-0.169396185,1.200000000,0.190176908
1784881017.049801111,15.520000158,8.244881072,-0.168492421,1.200000000,0.185782522
1784881017.059801102,15.530000158,8.246700565,-0.167613123,1.200000000,0.181341997
1784881017.069801092,15.540000158,8.248469942,-0.166758470,1.200000000,0.176859915
1784881017.079801083,15.550000158,8.250188799,-0.165928625,1.200000000,0.172340854
1784881017.089801073,15.560000158,8.251856774,-0.165123731,1.200000000,0.167789397
1784881017.099801064,15.570000158,8.253473545,-0.164343912,1.200000000,0.163210122
1784881017.109801054,15.580000158,8.255038836,-0.163589272,1.200000000,0.158607610
1784881017.119801044,15.590000158,8.256552420,-0.162859891,1.200000000,0.153986441
1784881017.129801035,15.600000158,8.258014119,-0.162155824,1.200000000,0.149351196
1784881017.139801025,15.610000158,8.259423811,-0.161477103,1.200000000,0.144706454
1784881017.149801016,15.620000158,8.260781431,-0.160823731,1.200000000,0.140056796
1784881017.159801006,15.630000158,8.262086975,-0.160195683,1.200000000,0.135406802
1784881017.169800997,15.640000158,8.263340500,-0.159592906,1.200000000,0.130761052
1784881017.179800987,15.650000158,8.264542130,-0.159015314,1.200000000,0.126124126
1784881017.189800978,15.660000158,8.265692058,-0.158462790,1.200000000,0.121500605
1784881017.199800968,15.670000158,8.266790547,-0.157935184,1.200000000,0.116895069
1784881017.209800959,15.680000158,8.267837932,-0.157432312,1.200000000,0.112312098
1784881017.219800949,15.690000158,8.268834624,-0.156953954,1.200000000,0.107756272
1784881017.229800940,15.700000158,8.269781109,-0.156499856,1.200000000,0.103232171
1784881017.239801168,15.710000158,8.270677953,-0.156069725,1.200000000,0.098744376
1784881017.249801159,15.720000158,8.271525800,-0.155663232,1.200000000,0.094297467
1784881017.259801149,15.730000158,8.272325373,-0.155280012,1.200000000,0.089896024
1784881017.269801140,15.740000158,8.273077479,-0.154919661,1.200000000,0.085544627
1784881017.279801130,15.750000158,8.273783003,-0.154581736,1.200000000,0.081247857
1784881017.289801121,15.760000158,8.274442912,-0.154265759,1.200000000,0.077010293
1784881017.299801111,15.770000158,8.275058252,-0.153971212,1.200000000,0.072836516
1784881017.309801102,15.780000158,8.275630151,-0.153697541,1.200000000,0.068731107
1784881017.319801092,15.790000158,8.276159812,-0.153444155,1.200000000,0.064698644
1784881017.329801083,15.800000158,8.276648518,-0.153210430,1.200000000,0.060743709
1784881017.339801073,15.810000158,8.277097622,-0.152995704,1.200000000,0.056870882
1784881017.349801064,15.820000158,8.277508551,-0.152799284,1.200000000,0.053084743
1784881017.359801054,15.830000158,8.277882799,-0.152620444,1.200000000,0.049389872
1784881017.369801044,15.840000158,8.278221923,-0.152458431,1.200000000,0.045790849
1784881017.379801035,15.850000158,8.278527543,-0.152312462,1.200000000,0.042292255
1784881017.389801025,15.860000158,8.278801330,-0.152181728,1.200000000,0.038898669
1784881017.399801016,15.870000158,8.279045007,-0.152065401,1.200000000,0.035614672
1784881017.409801006,15.880000158,8.279260338,-0.151962629,1.200000000,0.032444845
1784881017.419800997,15.890000158,8.279449125,-0.151872547,1.200000000,0.029393767
1784881017.429800987,15.900000158,8.279613199,-0.151794276,1.200000000,0.026466018
1784881017.439800978,15.910000158,8.279754408,-0.151726926,1.200000000,0.023666179
1784881017.449800968,15.920000158,8.279874615,-0.151669606,1.200000000,0.020998831
1784881017.459800959,15.930000158,8.279975684,-0.151621422,1.200000000,0.018468552
1784881017.469800949,15.940000158,8.280059470,-0.151581485,1.200000000,0.016079924
1784881017.479800940,15.950000158,8.280127809,-0.151548918,1.200000000,0.013837526
1784881017.489801168,15.960000158,8.280182504,-0.151522858,1.200000000,0.011745939
1784881017.499801159,15.970000158,8.280225315,-0.151502464,1.200000000,0.009809744
1784881017.509801149,15.980000158,8.280257944,-0.151486924,1.200000000,0.008033519
1784881017.519801140,15.990000158,8.280282018,-0.151475460,1.200000000,0.006421846
1784881017.529801130,16.000000158,8.280299077,-0.151467338,1.200000000,0.004979304
1784881017.539801121,16.010000158,8.280310559,-0.151461872,1.200000000,0.003710475
1784881017.549801111,16.020000158,8.280317777,-0.151458437,1.200000000,0.002619937
1784881017.559801102,16.030000158,8.280321904,-0.151456473,1.200000000,0.001712272
1784881017.569801092,16.040000158,8.280323957,-0.151455496,1.200000000,0.000992059
1784881017.579801083,16.050000158,8.280324771,-0.151455109,1.200000000,0.000463879
1784881017.589801073,16.060000158,8.280324981,-0.151455009,1.200000000,0.000132312
1784881017.599801064,16.070000158,8.280325000,-0.151455000,1.200000000,0.000001937
1784881017.601171970,16.071370981,8.280325000,-0.151455000,1.200000000,-0.000000000
